vintage,N,Z,A,element,target_measured,Sn_keV,S2n_keV,Sp_keV,S2p_keV,Qalpha_keV,delta2n_keV,delta2p_keV
2020,1,0,1,n,True,,,,,,,
2020,0,1,1,H,True,,,,,,,
2020,1,1,2,H,True,2224.5662,,2224.5662,,,,
2020,2,1,3,H,True,6257.2300000000005,8481.7962,,,,10281.796400000001,
2020,1,2,3,He,True,,,5493.47512,7718.04132,,,
2020,0,3,3,Li,False,,,,,,,
2020,3,1,4,H,True,-1599.9998000000005,4657.2302,,,,5769.189600000001,
2020,2,2,4,He,True,20577.62108,,19813.8662,,,,
2020,1,3,4,Li,True,,,-3103.0001200000006,2390.4749999999995,,,
2020,4,1,5,H,True,-200.0003999999999,-1800.0002000000004,,,,,
2020,3,2,5,He,True,-734.9999000000025,19842.62118,20678.8661,,734.9999000000025,18541.87908,
2020,2,3,5,Li,True,21715.6213,,-1964.9999000000025,17848.866299999998,1964.9999000000025,,19268.590299999996
2020,1,4,5,Be,False,,,,,,,
2020,5,1,6,H,True,-911.9590000000007,-1111.9594000000006,,,,,
2020,4,2,6,He,True,1710.4569000000047,975.4570000000022,22589.3234,,,-1149.591599999996,
2020,3,3,6,Li,True,5663.324699999997,27378.945999999996,4433.324699999997,25112.190799999997,-1473.7585999999937,18095.23399999999,19368.937199999993
2020,2,4,6,Be,True,,,592.8243000000002,-1372.1756000000023,,,739.1175999999978
2020,1,5,6,B,False,,,,,,,
2020,6,1,7,H,False,,,,,,,
2020,5,2,7,He,True,-409.7148000000052,1300.7420999999995,23091.5676,,,20.804699999996956,
2020,4,3,7,Li,True,7251.093500000003,12914.4182,9973.961299999995,32563.284699999997,-2467.6221000000005,6819.582399999999,15494.723700000002
2020,3,4,7,Be,True,10677.354100000004,,5606.853700000007,10040.178400000004,-1587.137179999998,,8604.209600000002
2020,2,5,7,B,True,,,-2012.5482999999986,-1419.7239999999983,,,
2020,6,2,8,He,True,2534.7634000000035,2125.0485999999983,,,,3569.8765999999996,
2020,5,3,8,Li,True,2032.6185000000041,9283.712000000007,12416.294600000005,35507.8622,-6100.240400000002,5247.899200000007,12034.726400000007
2020,4,4,8,Be,True,18898.643899999995,29575.998,17254.4041,27228.365399999995,91.84000000000378,21099.176799999994,23407.424199999994
2020,3,5,8,B,True,12826.3023,,136.3998999999967,5743.253600000004,-4826.537199999999,,7043.770400000001
2020,2,6,8,C,True,,,-98.74490000000151,-2111.2932,,,
2020,7,2,9,He,True,-1254.826000000001,1279.9374000000025,,,,,
2020,6,3,9,Li,True,4062.2172999999966,6094.835800000001,13943.748499999998,,-10362.458099999996,5725.553599999999,
2020,5,4,9,Be,True,1664.5388999999996,20563.182799999995,16886.324499999995,29302.6191,-2307.6987999999983,13249.264299999988,14025.623499999998
2020,4,5,9,B,True,18576.400899999993,31402.703199999993,-185.8431000000055,17068.560999999994,-1687.3167999999932,11511.289599999993,14439.777399999992
2020,3,6,9,C,True,14224.616100000007,,1299.5689000000057,1435.9688000000024,,,5685.969300000012
2020,8,2,10,He,True,-190.0020000000004,-1444.8280000000013,,,,,
2020,7,3,10,Li,True,-26.404499999996915,4035.8127999999997,15172.170000000002,,-11248.012600000002,3850.126000000004,
2020,6,4,10,Be,True,6812.282300000006,8476.821200000006,19636.389500000005,33580.138000000006,-7409.5242,4804.459600000009,6394.708800000015
2020,5,5,10,B,True,8437.193300000006,27013.5942,6586.811300000001,23473.135799999996,-4461.185400000002,12189.7448,14182.650800000003
2020,4,6,10,C,True,21283.616299999994,35508.2324,4006.7843000000066,3820.941200000001,-5101.2768,3666.9232000000047,5557.66120000001
2020,3,7,10,N,True,,,-2600.0857000000033,-1300.5167999999976,,,
2020,8,3,11,Li,True,395.6866999999984,369.28220000000147,15757.8587,,,479.281799999997,
2020,7,4,11,Be,True,501.6362000000008,7313.918500000007,20164.430200000003,35336.6002,-8320.87520000001,4653.19400000001,3706.498900000006
2020,6,5,11,B,True,11454.220299999994,19891.4136,11228.749299999989,30865.138799999993,-8664.3122,11643.016699999993,12964.96989999999
2020,5,6,11,C,True,13120.5933,34404.209599999995,8690.1843,15276.995600000002,-7544.515999999989,10737.185399999995,13165.0881
2020,4,7,11,N,True,22505.701299999993,,-1378.0007000000041,2628.7836000000025,-5735.82439999999,,
2020,3,8,11,O,True,,,-1649.914800000006,-4250.000500000009,,,
2020,9,3,12,Li,True,-209.99990000000253,185.68679999999586,,,,,
2020,8,4,12,Be,True,3170.7253999999957,3672.3615999999965,22939.4689,38697.327600000004,-8956.837199999994,2406.466999999997,2061.5179999999964
2020,7,5,12,B,True,3369.6291000000056,14823.8494,14096.742199999993,34261.172399999996,-10001.322799999994,8975.502400000005,9177.249599999996
2020,6,6,12,C,True,18720.715899999996,31841.309199999996,15956.679900000003,27185.42919999999,-7366.587999999989,18718.567199999983,20615.268199999984
2020,5,7,12,N,True,15098.894699999997,37604.59599999999,600.3006999999925,9290.484999999993,-8008.416799999992,6987.308799999984,9338.877599999985
2020,4,8,12,O,True,23796.896799999995,,-358.7193000000043,-1736.7200000000084,-5475.849999999991,,
2020,10,3,13,Li,True,100.00030000000697,-109.99959999999555,,,,,
2020,9,4,13,Be,True,-510.0008999999991,2660.7244999999966,22639.467900000003,,-9701.662299999996,2684.829199999993,
2020,8,5,13,B,True,4878.767800000001,8248.396900000007,15804.784599999999,38744.2535,-10817.873300000007,4501.1921,7705.801200000009
2020,7,6,13,C,True,4946.308300000004,23667.0242,17533.3591,31630.101299999995,-10648.357400000008,14272.52369999999,16782.772299999997
2020,6,7,13,N,True,20063.904200000004,35162.7989,1943.4890000000014,17900.168900000004,-9495.920100000003,13776.118600000009,14543.497600000002
2020,5,8,13,O,True,16969.22080000001,40766.117600000005,1511.6068000000087,2111.907500000001,-8220.454699999987,4363.6719000000085,4633.906799999997
2020,4,9,13,F,False,,,,,,,
2020,10,4,14,Be,True,1775.8954999999987,1265.8945999999996,24315.363099999995,,-11667.559800000003,2615.895199999999,
2020,9,5,14,B,True,969.5791999999929,5848.346999999994,17284.36469999999,39923.832599999994,-11813.856999999989,3153.722399999984,7366.1103999999905
2020,8,6,14,C,True,8176.433700000009,13122.742000000013,20831.02500000001,36635.80960000001,-12012.508799999996,7654.345600000015,14300.971600000019
2020,7,7,14,N,True,10553.383000000002,30617.287200000006,7550.563699999999,25083.9228,-11612.109800000006,17295.14080000001,18317.746
2020,6,8,14,O,True,23178.9694,40148.19020000001,4626.672000000006,6570.161000000007,-10115.807799999995,11260.771200000017,7971.214000000007
2020,5,9,14,F,True,,,-1559.9994000000006,-48.392599999991944,-9260.540999999997,,
2020,11,4,15,Be,True,-1800.000199999995,-24.104699999996228,,,,,
2020,10,5,15,B,True,2777.625600000014,3747.204800000007,18286.094800000006,42601.4579,-14195.795899999997,2363.5109000000084,6936.2151000000085
2020,9,6,15,C,True,1218.0668000000005,9394.50050000001,21079.512600000016,38363.87730000001,-12728.939400000003,4410.599100000021,13104.026600000012
2020,8,7,15,N,True,10833.297299999991,21386.680299999993,10207.427299999981,31038.45229999999,-10991.186799999996,13012.684999999983,18310.773999999976
2020,7,8,15,O,True,13223.476299999995,36402.4457,7296.765299999999,14847.328999999998,-10218.690799999997,16595.42349999999,13914.216799999995
2020,6,9,15,F,True,23468.9681,,-1270.0007000000041,3356.671300000002,-10223.807799999995,,6931.556700000001
2020,5,10,15,Ne,True,,,-961.9998999999953,-2521.999299999996,-9948.455900000008,,
2020,12,4,16,Be,True,449.99959999999555,-1350.0005999999994,,,,,
2020,11,5,16,B,True,-83.00100000000384,2694.62460000001,20003.093999999997,,-14322.794800000003,1232.929799999998,
2020,10,6,16,C,True,4250.329599999997,5468.396399999998,22552.2166,40838.311400000006,-13808.543600000005,550.892200000002,11783.419200000018
2020,9,7,16,N,True,2488.8491000000067,13322.146399999998,11478.209599999987,32557.722200000004,-10110.406799999997,4608.771399999983,13168.986400000009
2020,8,8,16,O,True,15663.9427,28887.418999999994,12127.410700000008,22334.83799999999,-7161.917600000001,16698.968399999998,17811.51459999998
2020,7,9,16,F,True,13962.888500000001,37431.8566,-530.588499999998,6766.176800000001,-9087.801600000006,11487.151200000008,6551.043999999994
2020,6,10,16,Ne,True,24299.915699999998,,-131.05229999999574,-1401.0529999999999,-10451.47480000001,,
2020,12,5,17,B,True,1466.6949000000022,1383.6938999999984,21019.789300000004,,-15689.489400000006,1294.9873999999982,
2020,11,6,17,C,True,733.5717999999906,4983.901399999988,23368.789399999994,43371.88339999999,-15052.116299999994,223.1407999999792,11094.919999999984
2020,10,7,17,N,True,5885.146200000003,8373.99530000001,13113.026199999993,35665.24279999999,-11116.785199999998,217.53630000002158,11729.77780000001
2020,9,8,17,O,True,4143.079500000007,19807.022200000007,13781.641100000008,25259.850699999995,-6358.6888000000035,7806.008100000006,13242.726500000004
2020,8,9,17,F,True,16794.798800000004,30757.687300000005,600.2676000000065,12727.678300000014,-5818.696200000006,11175.905300000028,9127.419500000004
2020,7,10,17,Ne,True,15557.641499999998,39857.557199999996,1463.7007000000012,933.1122000000032,-9039.895499999999,8966.523000000001,1693.1120999999985
2020,6,11,17,Na,True,,,-3443.8331000000035,-3574.885399999999,,,
2020,13,5,18,B,True,-5.000099999990198,1461.694800000012,,,,2927.987600000022,
2020,12,6,18,C,True,4183.932400000005,4917.504199999996,26086.026899999997,47105.8162,-17460.1532,1359.1699999999983,11404.780000000013
2020,11,7,18,N,True,2828.2288000000117,8713.375000000015,15207.683200000014,38576.47260000001,-12975.434800000017,1224.069600000017,10867.8992
2020,10,8,18,O,True,8045.371099999989,12188.450599999996,15941.865999999995,29054.892199999987,-6227.626199999999,624.8024000000005,8217.833999999959
2020,9,9,18,F,True,9149.906599999988,25944.70539999999,5607.094699999987,19388.735799999995,-4415.219799999992,8911.492799999964,10788.169199999975
2020,8,10,18,Ne,True,19254.153900000005,34811.7954,3923.055800000002,4523.323400000008,-5115.080000000002,6309.609999999986,2105.4579999999987
2020,7,11,18,Na,True,17752.906700000007,,-1248.5678999999946,215.13280000000668,-9351.327000000005,,
2020,14,5,19,B,True,93.70659999999043,88.70650000000023,,,,2558.7073999999993,
2020,13,6,19,C,True,576.8282000000036,4760.760600000009,26667.85519999999,,-19836.9816,,
2020,12,7,19,N,True,5328.230199999976,8156.458999999988,16351.980999999985,42438.00789999998,-15526.03939999998,1389.4838999999774,11956.205299999987
2020,11,8,19,O,True,3955.643000000011,12001.0141,17069.280199999994,32276.963400000008,-8965.20239999998,587.5542000000132,8634.386599999998
2020,10,9,19,F,True,10431.87539999999,19581.781999999977,7993.598999999987,23935.464999999982,-4013.797900000005,4878.985399999976,8660.109699999957
2020,9,10,19,Ne,True,11636.88029999999,30891.034199999995,6410.029500000004,12017.124199999991,-3528.4839999999967,7264.567499999976,6590.977400000003
2020,8,11,19,Na,True,20179.924800000008,37932.831500000015,-322.7969999999914,3600.2588000000105,-6062.2837000000145,6675.953000000023,
2020,7,12,19,Mg,True,,,488.5679999999993,-759.9998999999953,-10801.8949,,
2020,15,5,20,B,True,-1559.9994000000006,-1466.2928000000102,,,,,
2020,14,6,20,C,True,2981.505999999994,3558.3341999999975,29555.654599999994,,-22368.487999999998,3523.334600000002,
2020,13,7,20,N,True,2161.075200000021,7489.3053999999975,17936.228000000003,44604.083199999994,-17770.115600000005,1344.9760000000097,11053.0184
2020,12,8,20,O,True,7608.005199999985,11563.648199999996,19349.055200000003,35701.03619999999,-12322.877999999968,907.8738000000012,9302.20699999998
2020,11,9,20,F,True,6601.337200000038,17033.212600000028,10639.293200000015,27708.57340000001,-8126.286000000022,3701.415800000046,7966.702600000033
2020,10,10,20,Ne,True,16865.305100000027,28502.185400000017,12843.459200000041,20837.05820000003,-4729.846400000039,11376.766200000042,12901.063200000033
2020,9,11,20,Na,True,14150.214399999997,34330.139200000005,2190.537100000016,8600.56660000002,-6249.609599999996,6155.622400000022,
2020,8,12,20,Mg,True,22432.01920000001,,2740.662400000001,2417.8654000000097,-8933.998400000011,,
2020,16,5,21,B,True,-910.0014999999985,-2470.000899999999,,,,,
2020,15,6,21,C,False,,,,,,,
2020,14,7,21,N,True,4605.899899999989,6766.975100000011,19560.6219,49116.27649999999,-20909.320599999992,2112.85070000001,12591.6823
2020,13,8,21,O,True,3805.454700000002,11413.459899999987,20993.434699999983,38929.662699999986,-15394.760899999994,1830.159799999994,11135.641099999979
2020,12,9,21,F,True,8101.459399999963,14702.796600000001,11132.747399999993,30481.802599999995,-10342.599199999997,1893.029899999994,6421.611199999985
2020,11,10,21,Ne,True,6761.161599999992,23626.46670000002,13003.283599999995,23642.57680000001,-7347.928500000009,8061.5620000000345,9322.73570000002
2020,10,11,21,Na,True,17106.664099999995,31256.87849999999,2431.8960999999836,15275.355300000025,-6561.474900000001,7769.245800000004,9630.342900000018
2020,9,12,21,Mg,True,14645.161699999968,37077.18089999998,3235.609699999972,5426.146799999988,-8021.518599999981,4557.019899999956,
2020,8,13,21,Al,False,,,,,,,
2020,16,6,22,C,True,,34.99959999999555,32060.65509999999,,,,
2020,15,7,22,N,True,1538.4294999999984,6144.329399999988,,52214.70539999999,-22452.75019999998,,13416.474399999992
2020,14,8,22,O,True,6850.319699999993,10655.774399999995,23237.854499999987,42798.476399999985,-18061.148199999996,3730.510799999989,12985.859999999957
2020,13,9,22,F,True,5230.3374000000185,13331.796799999982,12557.63010000001,33551.06479999999,-12744.707799999975,1940.3011999999871,7761.846799999999
2020,12,10,22,Ne,True,10364.257599999983,17125.419199999975,15266.081800000014,26398.829200000007,-9666.815000000002,3055.8575999999593,5912.025199999975
2020,11,11,22,Na,True,11067.852699999989,28174.516799999983,6738.58719999998,19741.870799999975,-8479.421000000002,8795.372799999983,10296.509199999971
2020,10,12,22,Mg,True,19375.153300000035,34020.315,5504.098900000012,7935.994999999995,-8142.518000000011,4344.08679999999,4503.224400000006
2020,9,13,22,Al,False,,,,,,,
2020,8,14,22,Si,False,,,,,,,
2020,17,6,23,C,False,,,,,,,
2020,16,7,23,N,True,3115.6949000000022,4654.124400000001,24179.746700000003,56240.40179999999,-25474.738499999992,,16276.197599999985
2020,15,8,23,O,True,2732.9804000000004,9583.300099999993,24432.40539999999,,-20217.30039999998,6148.3238999999885,
2020,14,9,23,F,True,7579.429299999989,12809.766700000007,13286.739700000006,36524.59419999999,-14995.906900000002,4716.032299999992,9303.574799999973
2020,13,10,23,Ne,True,5200.647100000002,15564.904699999985,15236.391499999998,27794.021600000007,-10911.819099999993,2540.8099999999977,5177.341899999999
2020,12,11,23,Na,True,12419.779999999999,23487.632699999987,8794.109599999996,24060.19140000001,-10467.325600000011,7517.037999999971,10096.129199999996
2020,11,12,23,Mg,True,13145.007699999987,32520.161000000022,7581.253900000011,14319.84109999999,-9650.645400000009,8658.41770000002,9042.895300000004
2020,10,13,23,Al,True,,,140.9134999999951,5645.012400000007,-8606.228499999997,,
2020,9,14,23,Si,False,,,,,,,
2020,17,7,24,N,False,,,,,,,
2020,16,8,24,O,True,4192.283200000005,6925.263600000006,25508.99369999999,49688.740399999995,-21428.07759999999,6943.261599999998,17091.5064
2020,15,9,24,F,True,3812.066300000006,11391.495599999995,14365.825600000011,38798.231,-16646.897999999986,6378.997799999983,9814.991600000008
2020,14,10,24,Ne,True,8868.914500000014,14069.561600000015,16525.876700000023,29812.616400000028,-12172.728400000022,4359.680400000041,4971.772600000026
2020,13,11,24,Na,True,6959.364000000001,19379.144,10552.826499999996,25789.217999999993,-10825.352399999974,4793.627000000008,7419.036999999982
2020,12,12,24,Mg,True,16531.220500000025,29676.228200000012,11692.694400000037,20486.804000000033,-9316.560800000007,11252.626800000027,12701.435400000046
2020,11,13,24,Al,True,14868.201899999985,,1864.1076999999932,9445.361600000004,-9324.215999999986,,
2020,10,14,24,Si,True,,,3291.857099999994,3432.770599999989,-9157.42319999999,,
2020,9,15,24,P,False,,,,,,,
2020,18,7,25,N,False,,,,,,,
2020,17,8,25,O,True,-757.3070000000007,3434.9762000000046,,,,,
2020,16,9,25,F,True,4281.66810000001,8093.734400000016,14455.210500000016,39964.20420000001,-16322.666200000007,5750.409500000038,8534.305800000002
2020,15,10,25,Ne,True,4155.180199999973,13024.094699999987,16868.99059999999,31234.8162,-12522.453899999993,5967.871999999974,4105.783699999971
2020,14,11,25,Na,True,9011.230700000015,15970.594700000016,10695.142699999997,27221.01940000002,-11735.123700000026,3667.981300000014,4804.02780000004
2020,13,12,25,Mg,True,7330.522799999977,23861.743300000002,12063.853200000012,22616.679700000008,-9885.921999999991,6325.295799999993,8847.015700000018
2020,12,13,25,Al,True,16938.48060000001,31806.682499999995,2271.367799999978,13964.062200000015,-9156.032500000001,7383.158400000015,7643.063400000014
2020,11,14,25,Si,True,14989.182899999985,,3412.8380999999936,5276.945799999987,-9501.444400000008,,
2020,10,15,25,P,False,,,,,,,
2020,18,8,26,O,True,739.3090000000084,-17.997999999992317,,,-21375.079999999987,,
2020,17,9,26,F,True,730.829700000002,5012.497800000012,15943.347200000018,,-15515.06640000001,3599.0024000000267,
2020,16,10,26,Ne,True,5554.701000000001,9709.881199999974,18142.02349999998,32597.233999999997,-11226.835200000001,4385.870799999946,2518.2331999999587
2020,15,11,26,Na,True,5574.286299999978,14585.516999999993,12114.248800000001,28983.23939999999,-12079.072599999985,4315.347599999979,4415.359999999986
2020,14,12,26,Mg,True,11093.078600000008,18423.601399999985,14145.701100000006,24840.843800000002,-10614.743000000017,3475.563199999975,4984.646399999998
2020,13,13,26,Al,True,11365.482799999998,28303.963400000008,6306.327799999999,18370.18100000001,-9453.66260000001,7520.748000000021,8854.521200000017
2020,12,14,26,Si,True,19039.643300000025,34028.82620000001,5514.000800000009,7785.368599999987,-9165.934399999998,3534.396000000008,4421.633600000001
2020,11,15,26,P,False,,,,,,,
2020,10,16,26,S,False,,,,,,,
2020,19,8,27,O,False,,,,,,,
2020,18,9,27,F,True,1612.4951999999757,2343.324899999978,16816.533399999986,,-14011.866699999984,1217.4016999999585,
2020,17,10,27,Ne,True,1501.521700000012,7056.222700000013,18912.71549999999,34856.06270000001,-9995.376500000013,2262.478700000007,2614.851100000029
2020,16,11,27,Na,True,6728.327100000024,12302.613400000002,13287.874900000024,31429.898400000005,-11227.97040000002,4357.760500000004,4161.983000000007
2020,15,12,27,Mg,True,6443.368900000001,17536.44750000001,15014.783700000029,27129.03250000003,-11857.464800000016,5368.045700000046,5242.603100000066
2020,14,13,27,Al,True,13058.041299999983,24423.52409999998,8271.290499999974,22416.99159999998,-10091.923899999994,7269.98689999996,8083.06349999996
2020,13,14,27,Si,True,13314.81819999998,32354.461500000005,7463.336199999991,13769.66399999999,-9335.74489999999,6701.248600000021,8481.802599999995
2020,12,15,27,P,True,,,806.9979999999923,6320.998800000001,-9832.018899999995,,
2020,11,16,27,S,False,,,,,,,
2020,20,8,28,O,False,,,,,,,
2020,19,9,28,F,True,-198.9997999999905,1413.4953999999852,,,,,
2020,18,10,28,Ne,True,3822.4887000000163,5324.010400000028,21122.70900000003,37939.24240000002,-9625.582000000024,1161.7558000000427,3180.1888000000326
2020,17,11,28,Na,True,3541.8422999999893,10270.169400000013,15328.195500000002,34240.91099999999,-10957.746400000004,3590.517600000021,4787.167199999996
2020,16,12,28,Mg,True,8504.669300000009,14948.03820000001,16791.125900000014,30079.000800000038,-11493.219600000011,4943.975000000035,6088.040600000066
2020,15,13,28,Al,True,7725.174100000004,20783.215399999986,9553.095699999976,24567.879400000005,-10857.733999999997,5627.181599999982,6639.800599999988
2020,14,14,28,Si,True,17179.612000000023,30494.430200000003,11584.90690000003,19856.197400000005,-9984.136399999988,11411.629200000025,12711.800400000036
2020,13,15,28,P,True,14560.14379999999,,2052.3236000000034,9515.659799999994,-9523.9608,,6760.123400000011
2020,12,16,28,S,True,,,2556.7369999999937,3363.734999999986,-9096.898799999995,,
2020,11,17,28,Cl,False,,,,,,,
2020,20,9,29,F,True,1324.9230000000098,1125.9232000000193,,,,,
2020,19,10,29,Ne,True,971.2552999999898,4793.744000000006,22292.964100000012,,-11354.144300000014,1432.8995000000286,
2020,18,11,29,Na,True,4403.010600000009,7944.852899999998,15908.717399999994,37031.426400000026,-11079.088900000002,1368.2549,4822.782200000045
2020,17,12,29,Mg,True,3663.7324999999546,12168.401799999963,16913.01609999998,32241.21159999998,-11001.771899999992,3515.974499999924,5326.591299999942
2020,16,13,29,Al,True,9428.363100000017,17153.53720000002,10476.789499999984,27267.915399999998,-11274.866399999999,4267.95550000004,6457.192999999999
2020,15,14,29,Si,True,8473.600899999961,25653.212899999984,12333.333699999988,21886.429399999965,-11127.214499999973,8456.620199999947,10161.035999999964
2020,14,15,29,P,True,17876.309600000008,32436.4534,2749.0211999999883,14333.92810000002,-10461.789799999999,8806.121899999998,9674.282200000016
2020,13,16,29,S,True,15238.944599999988,,3235.537799999991,5287.861399999994,-9346.660499999998,,
2020,12,17,29,Cl,False,,,,,,,
2020,11,18,29,Ar,False,,,,,,,
2020,21,9,30,F,False,,,,,,,
2020,20,10,30,Ne,True,3190.999299999996,4162.254599999986,24159.040399999998,,-13805.834600000002,,
2020,19,11,30,Na,True,2276.6411999999837,6679.651799999992,17214.103299999988,39507.0674,-12624.900399999984,702.4987999999721,5355.085599999991
2020,18,12,30,Mg,True,6340.33070000002,10004.063199999975,18850.33619999999,34759.053599999985,-11787.401600000012,1913.8979999999865,4984.795600000012
2020,17,13,30,Al,True,5727.670699999988,15156.033800000005,12540.727700000018,29453.743799999997,-11428.250800000009,3778.1440000000002,6435.041199999978
2020,16,14,30,Si,True,10609.200100000016,19082.800999999978,13514.170699999988,23990.960199999972,-10643.335999999981,3295.4400000000023,7830.4439999999595
2020,15,15,30,P,True,11319.324800000002,29195.63440000001,5594.745100000029,17928.078800000018,-10415.631800000003,8948.976800000004,10216.285200000013
2020,14,16,30,S,True,19036.147599999997,34275.092199999985,4395.37579999998,7144.396999999968,-9343.16479999997,6176.171999999962,4425.355199999962
2020,13,17,30,Cl,True,,,-480.0014000000083,2755.5363999999827,,,
2020,12,18,30,Ar,False,,,,,,,
2020,22,9,31,F,False,,,,,,,
2020,21,10,31,Ne,True,169.84519999998156,3360.8444999999774,,,,,
2020,20,11,31,Na,True,4299.9568000000145,6576.597999999998,18323.060800000007,42482.101200000005,-15312.362000000023,1968.0452000000223,7160.745400000014
2020,19,12,31,Mg,True,2312.096600000019,8652.42730000004,18885.791600000026,36099.894900000014,-12597.976500000019,594.8133000000671,4129.774700000038
2020,18,13,31,Al,True,7157.910999999993,12885.58169999998,13358.30799999999,32208.64419999998,-11857.834699999978,3196.272099999973,6244.061299999972
2020,17,14,31,Si,True,6587.392600000021,17196.592700000037,14373.892600000021,26914.62030000004,-10787.3597,3488.665500000061,8699.856700000033
2020,16,15,31,P,True,12311.006699999998,23630.3315,7296.551700000011,20810.7224,-9668.597200000018,5590.88930000001,9669.983000000037
2020,15,16,31,S,True,13054.597299999994,32090.74489999999,6130.648299999972,11725.3934,-9082.943899999984,8404.781999999948,6805.688999999984
2020,14,17,31,Cl,True,19780.41910000003,,264.2701000000234,4659.645900000003,-8800.4369,,
2020,13,18,31,Ar,False,,,,,,,
2020,12,19,31,K,False,,,,,,,
2020,22,10,32,Ne,False,,,,,,,
2020,21,11,32,Na,True,1677.1962000000058,5977.15300000002,19830.41180000003,,-17188.55800000002,2874.4792000000307,
2020,20,12,32,Mg,True,5778.06859999997,8090.1651999999885,20363.90339999998,38686.96419999999,-14553.556399999972,1099.7557999999844,4946.238799999992
2020,19,13,32,Al,True,4219.978800000012,11377.889800000004,15266.190199999983,34151.98180000001,-12535.9712,3337.0062000000034,6124.708199999994
2020,18,14,32,Si,True,9199.968399999954,15787.360999999975,16415.949999999983,29774.257999999973,-11482.658799999946,3730.7283999999636,9342.313599999936
2020,17,15,32,P,True,7935.650900000008,20246.657600000006,8644.809999999998,23018.70260000002,-9879.074000000022,3860.196800000005,8305.551800000016
2020,16,16,32,S,True,15044.322900000028,28098.920200000022,8863.964500000002,16160.516200000013,-6947.65479999996,8040.131000000023,9219.817800000019
2020,15,17,32,Cl,True,14371.472500000003,34151.89160000003,1581.1453000000329,7711.7936000000045,-8611.765600000013,6903.876800000027,
2020,14,18,32,Ar,True,,,2454.771699999983,2719.0418000000063,-8698.47159999999,,
2020,13,19,32,K,False,,,,,,,
2020,23,10,33,Ne,False,,,,,,,
2020,22,11,33,Na,True,2931.35659999997,4608.552799999976,,,-18794.99159999998,,
2020,21,12,33,Mg,True,2279.5454000000027,8057.613999999972,20966.252599999978,40796.66440000001,-15861.846499999985,2591.8915999999736,6864.370999999985
2020,20,13,33,Al,True,5469.330799999996,9689.309600000008,14957.45240000001,35321.35579999999,-13602.291399999987,1820.326700000005,4382.987400000013
2020,19,14,33,Si,True,4507.958800000022,13707.927199999976,16703.929999999993,31970.120199999976,-12326.885100000014,3688.1399999999558,9060.298499999946
2020,18,15,33,P,True,10103.791299999983,18039.44219999999,9548.632900000026,25964.58290000001,-10554.502199999988,3376.3471000000136,8710.458799999993
2020,17,16,33,S,True,8641.640000000014,23685.962900000042,9569.953600000008,18214.763600000006,-7115.693900000013,5282.977600000042,7175.393299999996
2020,16,17,33,Cl,True,15739.952499999956,30111.42499999996,2276.7748999999603,11140.739399999962,-6475.408499999961,5958.598099999916,6393.245999999926
2020,15,18,33,Ar,True,15255.259900000005,,3338.559099999984,4919.704400000017,-8714.786900000006,,
2020,14,19,33,K,False,,,,,,,
2020,13,20,33,Ca,False,,,,,,,
2020,24,10,34,Ne,False,,,,,,,
2020,23,11,34,Na,True,171.3172000000195,3102.6737999999896,,,,,
2020,22,12,34,Mg,True,4710.864000000001,6990.409400000004,22745.76000000001,,-17381.71119999999,2904.6068000000087,
2020,21,13,34,Al,True,2571.552800000005,8040.883600000001,15249.459800000011,36215.71239999999,-13897.203000000009,846.249599999981,4384.341600000014
2020,20,14,34,Si,True,7548.67379999999,12056.632600000012,18783.272999999986,33740.725399999996,-13535.228199999954,3469.556799999962,8490.326000000001
2020,19,15,34,P,True,6282.669500000018,16386.4608,11323.343600000022,28027.273600000015,-11109.50099999999,4541.48000000004,8476.024800000072
2020,18,16,34,S,True,11417.149199999985,20058.7892,10883.31150000001,20431.944400000037,-7923.642999999982,3183.7016000000294,5554.151200000022
2020,17,17,34,Cl,True,11508.062300000049,27248.014800000004,5143.197199999995,14713.150800000003,-6664.146000000008,6023.456000000064,7158.112400000042
2020,16,18,34,Ar,True,17065.316900000005,32320.57680000001,4663.9235000000335,6940.698399999994,-6743.956200000015,4324.69279999999,4289.883600000001
2020,15,19,34,K,False,,,,,,,
2020,14,20,34,Ca,False,,,,,,,
2020,24,11,35,Na,False,,,,,,,
2020,23,12,35,Mg,True,754.8583999999973,5465.722399999999,23329.301199999987,,-17966.724400000006,1894.779899999994,
2020,22,13,35,Al,True,5297.430099999998,7868.982900000003,15836.025900000008,38581.78590000002,-14894.676299999992,1759.6414000000223,5231.560700000031
2020,21,14,35,Si,True,2471.113400000031,10019.78720000002,18682.833600000013,33932.293400000024,-13694.244999999995,1697.1191000000108,6849.404300000053
2020,20,15,35,P,True,8380.425599999959,14663.095099999977,12155.095399999991,30938.368399999978,-12332.015599999984,4382.255399999965,9456.685199999949
2020,19,16,35,S,True,6985.836100000015,18402.9853,11586.478100000008,22909.82170000003,-8322.086499999976,4210.130700000038,6230.408000000054
2020,18,17,35,Cl,True,12644.764599999995,24152.826900000044,6370.812600000005,17254.124100000015,-6997.903900000034,5262.172700000054,6889.51310000004
2020,17,18,35,Ar,True,12740.31190000003,29805.628800000035,5896.1731000000145,11039.37030000001,-6429.67080000008,5762.600100000069,6372.645900000061
2020,16,19,35,K,True,,,83.56990000000224,4747.493400000036,-6563.255999999994,,
2020,15,20,35,Ca,False,,,,,,,
2020,14,21,35,Sc,False,,,,,,,
2020,25,11,36,Na,False,,,,,,,
2020,24,12,36,Mg,True,3330.944199999998,4085.8025999999954,,,,,
2020,23,13,36,Al,True,1897.2039000000223,7194.63400000002,16978.371400000033,40307.67260000002,-15114.684000000008,,5157.780800000037
2020,22,14,36,Si,True,6115.9624000000185,8587.07580000005,19501.365900000033,35337.39180000004,-14032.138800000073,710.2636000000639,6334.358000000066
2020,21,15,36,P,True,3464.5552000000025,11844.980799999961,13148.537199999962,31831.370799999975,-11576.591999999946,1331.8257999999332,7706.357399999921
2020,20,16,36,S,True,9889.251499999955,16875.08759999997,13095.304000000004,25250.399399999995,-9011.369600000035,4535.377399999939,6621.772799999977
2020,19,17,36,Cl,True,8579.794199999946,21224.55879999994,7964.7706999999355,19551.248799999943,-7642.047199999972,4805.813399999868,5694.554599999858
2020,18,18,36,Ar,True,15255.57209999999,27995.88400000002,8506.98060000001,14877.793200000015,-6640.920000000042,7369.963000000047,8472.889599999995
2020,17,19,36,K,True,14315.607299999974,,1658.8652999999467,7555.038399999961,-6507.390799999936,,
2020,16,20,36,Ca,True,,,2567.2448999999906,2650.814799999993,-6675.729200000002,,
2020,15,21,36,Sc,False,,,,,,,
2020,26,11,37,Na,False,,,,,,,
2020,25,12,37,Mg,True,239.99830000000657,3570.9425000000047,,,,,
2020,24,13,37,Al,True,4212.137599999958,6109.34149999998,17859.564799999993,,-16395.465000000026,,
2020,23,14,37,Si,True,2206.7056999999913,8322.66810000001,19810.867700000003,36789.239100000035,-13959.299100000004,1071.897500000021,5620.139000000054
2020,22,15,37,P,True,6816.284500000009,10280.839700000011,13848.859299999953,33350.225199999986,-12923.545699999959,359.58150000002934,7968.0760999999475
2020,21,16,37,S,True,4303.6031000000075,14192.854599999962,13934.351900000009,27082.88909999997,-8807.01390000002,1783.9754999999423,6159.1789999999455
2020,20,17,37,Cl,True,10310.860000000044,18890.65419999999,8386.379200000025,21481.68320000003,-7849.115899999975,4709.348599999968,4858.096200000029
2020,19,18,37,Ar,True,8787.456599999976,24043.028699999966,8714.64300000004,16679.413699999976,-6786.736600000004,5605.877699999954,5766.44299999997
2020,18,19,37,K,True,15454.337200000009,29769.944499999983,1857.6303999999654,10364.610999999975,-6221.775500000047,4620.314299999969,6414.144499999937
2020,17,20,37,Ca,True,14756.221499999985,,3007.8591000000015,4666.724399999948,-6176.690799999982,,
2020,16,21,37,Sc,False,,,,,,,
2020,15,22,37,Ti,False,,,,,,,
2020,27,11,38,Na,False,,,,,,,
2020,26,12,38,Mg,False,,,,,,,
2020,25,13,38,Al,False,,,,,,,
2020,24,14,38,Si,True,5670.106499999994,7876.812199999986,21268.83660000004,39128.40140000003,-14918.541600000055,1571.3527999999933,5882.910000000033
2020,23,15,38,P,True,3696.870500000019,10513.155000000028,15339.02409999998,35149.89179999998,-14048.863400000031,852.8932000000495,7635.697999999975
2020,22,16,38,S,True,8036.107100000023,12339.71020000003,15154.174500000023,29003.033799999976,-9294.447200000053,220.44040000002133,6246.407999999938
2020,21,17,38,Cl,True,6107.885400000028,16418.745400000073,10190.661500000046,24125.013400000054,-7674.331800000044,2516.410000000091,5809.6900000000605
2020,20,18,38,Ar,True,11838.464399999997,20625.920999999973,10242.247399999993,18628.626600000018,-7208.051800000016,4158.211599999922,3919.1092000000062
2020,19,19,38,K,True,12071.877400000056,27526.214600000065,5142.051200000045,13856.694200000085,-6785.590599999996,6648.840000000084,7556.15960000013
2020,18,20,38,Ca,True,16993.75130000006,31749.972800000047,4547.273200000054,6404.90360000002,-6105.125200000068,2819.438000000082,4892.024800000072
2020,17,21,38,Sc,False,,,,,,,
2020,16,22,38,Ti,False,,,,,,,
2020,28,11,39,Na,False,,,,,,,
2020,27,12,39,Mg,False,,,,,,,
2020,26,13,39,Al,False,,,,,,,
2020,25,14,39,Si,True,1580.6640999999945,7250.770599999989,,40469.06720000002,-15744.347300000023,,4562.192100000015
2020,24,15,39,P,True,6224.387699999963,9921.258199999982,15893.305299999949,37162.14189999999,-14975.820999999996,1573.4887999999337,8051.644499999937
2020,23,16,39,S,True,4372.771999999997,12408.87910000002,15830.076000000001,31169.10009999998,-11196.10580000002,420.3335000000079,6686.317000000039
2020,22,17,39,Cl,True,8073.420199999993,14181.305600000022,10227.974600000016,25382.14910000004,-7367.326400000078,531.6991000000271,5044.8768000000855
2020,21,18,39,Ar,True,6598.6866000000155,18437.151000000013,10733.04859999998,20923.710100000026,-6820.902299999958,2469.198900000076,4450.055800000031
2020,20,19,39,K,True,13077.752799999958,25149.630200000014,6381.339600000007,16623.587,-7218.578799999959,7254.639300000039,7210.479300000006
2020,19,20,39,Ca,True,13295.523699999962,30289.275000000023,5770.91949999996,10912.970700000005,-6660.336999999941,6291.440400000021,7920.198700000008
2020,18,21,39,Sc,True,,,-596.8067000000156,3950.4665000000386,-5424.74860000005,,
2020,17,22,39,Ti,False,,,,,,,
2020,16,23,39,V,False,,,,,,,
2020,28,12,40,Mg,False,,,,,,,
2020,27,13,40,Al,False,,,,,,,
2020,26,14,40,Si,True,4724.795299999998,6305.4593999999925,,,-17138.198399999994,,
2020,25,15,40,P,True,3435.8741000000155,9660.261799999978,17748.51529999997,,-16514.49119999993,2748.6573999999673,
2020,24,16,40,S,True,7746.497800000012,12119.26980000001,17352.18610000005,33245.4914,-12826.641199999955,1176.7347999999765,7082.719199999992
2020,23,17,40,Cl,True,5828.9151999999885,13902.335399999982,11684.117800000007,27514.19380000001,-9731.686400000006,485.74660000001313,5472.035600000003
2020,22,18,40,Ar,True,9869.022800000035,16467.70940000005,12528.651200000022,22756.625800000038,-6800.6736000000965,942.2932000000728,4671.288600000087
2020,21,19,40,K,True,7799.621800000023,20877.37459999998,7582.274800000014,18315.323399999994,-6438.406400000094,3248.204399999988,5151.878800000006
2020,20,20,40,Ca,True,15635.011100000003,28930.534799999965,8328.177800000005,14709.517400000012,-7039.775999999954,9087.005599999975,9873.621400000004
2020,19,21,40,Sc,True,14421.945499999973,,529.6150999999954,6300.534599999955,-5531.08679999999,,
2020,18,22,40,Ti,True,,,2109.685499999963,1512.8787999999477,-4967.189199999964,,
2020,17,23,40,V,False,,,,,,,
2020,29,12,41,Mg,False,,,,,,,
2020,28,13,41,Al,False,,,,,,,
2020,27,14,41,Si,False,,,,,,,
2020,26,15,41,P,True,4911.895300000033,8347.769400000048,17935.615300000005,,-17214.248900000064,,
2020,25,16,41,S,True,4242.0478,11988.545600000012,18158.359800000035,35906.875100000005,-14861.983300000022,2659.026600000041,8327.700300000026
2020,24,17,41,Cl,True,7820.691300000006,13649.606499999994,11758.311300000001,29110.49740000005,-10736.093200000061,654.648199999996,5264.351500000048
2020,23,18,41,Ar,True,6098.929299999902,15967.952099999937,12798.665299999935,24482.783099999942,-8595.999799999932,883.014799999888,4563.480499999889
2020,22,19,41,K,True,10095.369099999953,17894.990899999975,7808.621099999931,20337.272299999953,-6222.915499999945,736.5107999999309,5130.729899999977
2020,21,20,41,Ca,True,8362.823499999999,23997.834600000002,8891.37949999998,16473.654299999995,-6615.142900000035,4584.234200000006,7718.029600000009
2020,20,21,41,Sc,True,16190.325899999996,30612.27139999997,1084.9298999999883,9413.107699999993,-6267.075500000035,6923.84580000001,5561.166900000011
2020,19,22,41,Ti,True,14775.416900000011,,2463.1569000000018,2992.771999999997,-4986.38459999999,,
2020,18,23,41,V,False,,,,,,,
2020,17,24,41,Cr,False,,,,,,,
2020,29,13,42,Al,False,,,,,,,
2020,28,14,42,Si,False,,,,,,,
2020,27,15,42,P,True,1999.7090999999782,6911.604400000011,,,,,
2020,26,16,42,S,True,6700.487200000032,10942.535000000033,19946.951700000034,37882.56700000004,-15892.36400000006,3233.4124000000884,8269.113600000099
2020,25,17,42,Cl,True,5595.897499999963,13416.588799999969,13112.160999999964,31270.5208,-12635.120199999947,1626.7503999999026,5742.848399999959
2020,24,18,42,Ar,True,9426.486900000076,15525.416199999978,14404.460900000005,26162.772200000007,-9986.379599999986,1132.2000000000116,4538.780800000008
2020,23,19,42,K,True,7533.801100000041,17629.170199999993,9243.49290000007,22042.158200000005,-7648.831199999957,727.0671999999904,4670.214400000055
2020,22,20,42,Ca,True,11480.705699999991,19843.52919999999,10276.71610000002,18085.33719999995,-6257.384199999971,779.458799999964,4506.104399999895
2020,21,21,42,Sc,True,11549.958700000017,27740.284600000014,4272.065100000007,13163.444599999988,-5745.156799999939,5902.615200000058,6898.422399999981
2020,20,22,42,Ti,True,17478.135100000014,32253.552000000025,3750.9661000000197,4835.896000000008,-5470.768400000001,3666.685999999987,1940.4100000000326
2020,19,23,42,V,False,,,,,,,
2020,18,24,42,Cr,False,,,,,,,
2020,30,13,43,Al,False,,,,,,,
2020,29,14,43,Si,False,,,,,,,
2020,28,15,43,P,False,,,,,,,
2020,27,16,43,S,True,2629.031799999939,9329.518999999971,20576.274399999995,,-16940.731699999946,,
2020,26,17,43,Cl,True,7399.060800000036,12994.958299999998,13810.734599999967,33757.6863,-13809.79330000002,2749.2884000000195,6723.61440000002
2020,25,18,43,Ar,True,5658.450399999972,15084.937300000049,14467.013800000015,27579.17479999998,-11272.05799999996,1181.312900000019,4198.815899999929
2020,24,19,43,K,True,9624.679000000004,17158.480100000044,9441.684999999998,23846.145900000003,-9200.090000000026,975.5958000000683,4771.278099999996
2020,23,20,43,Ca,True,7932.894700000004,19413.600399999996,10675.809699999983,19919.302600000054,-7591.59229999996,867.6067999999505,4739.966000000073
2020,22,21,43,Sc,True,12138.466899999941,23688.42559999996,4929.826299999957,15206.542399999977,-4805.87089999998,2661.6200999998837,4930.308899999945
2020,21,22,43,Ti,True,12282.552199999976,29760.68729999999,4483.559599999979,8755.624699999986,-4457.7968999999575,3923.375,3978.4698999999673
2020,20,23,43,V,True,,,100.97469999996247,3851.940799999982,-6168.549799999921,,
2020,19,24,43,Cr,False,,,,,,,
2020,18,25,43,Mn,False,,,,,,,
2020,30,14,44,Si,False,,,,,,,
2020,29,15,44,P,False,,,,,,,
2020,28,16,44,S,True,5080.090800000005,7709.122599999944,,,-17296.027199999953,,
2020,27,17,44,Cl,True,4390.77760000003,11789.838400000066,15572.480400000059,36148.75480000005,-14764.696800000034,2391.2234000001336,6635.853200000129
2020,26,18,44,Ar,True,8734.765799999994,14393.216199999966,15802.718799999973,29613.45339999994,-12260.325999999943,1152.5835999999545,4569.1609999999055
2020,25,19,44,K,True,7277.423999999999,16902.103000000003,11060.658600000024,25527.67240000004,-10648.598799999978,1127.0354000000516,4969.584600000002
2020,24,20,44,Ca,True,11131.175700000022,19064.070400000026,12182.306400000001,21623.9914,-8853.745199999947,1250.553200000024,4386.509200000088
2020,23,21,44,Sc,True,9699.202500000014,21837.669399999955,6696.134099999967,17371.94379999995,-6705.451599999913,1749.4223999998649,3534.1399999999558
2020,22,22,44,Ti,True,16304.313800000062,28586.86600000004,8649.4065000001,13579.232800000056,-5127.099600000016,5864.546200000157,7078.307000000088
2020,21,23,44,V,True,13963.040100000042,,1781.462600000028,6265.022200000007,-5709.644400000048,,3077.414000000048
2020,20,24,44,Cr,True,,,2794.511300000013,2895.4859999999753,-6853.3756000000285,,
2020,19,25,44,Mn,False,,,,,,,
2020,31,14,45,Si,False,,,,,,,
2020,30,15,45,P,False,,,,,,,
2020,29,16,45,S,False,,,,,,,
2020,28,17,45,Cl,True,5854.892299999949,10245.669899999979,16347.281900000002,,-15707.693800000008,,
2020,27,18,45,Ar,True,5168.858600000036,13903.62440000003,16580.79979999998,32153.280200000037,-13187.136800000037,2164.5164000000805,5001.471600000106
2020,26,19,45,K,True,8905.460299999977,16182.884299999976,11231.353100000008,27034.07189999998,-11733.367800000007,943.9092999999993,4734.930800000031
2020,25,20,45,Ca,True,7414.817900000024,18545.993600000045,12319.700300000026,23380.35890000005,-10169.633800000127,870.9195000001346,4677.0329000001075
2020,24,21,45,Sc,True,11327.603000000061,21026.805500000075,6892.561400000006,19074.867800000007,-7937.68550000008,1619.6479000001564,3562.1772000000346
2020,23,22,45,Ti,True,9532.998499999929,25837.31229999999,8483.202500000014,15179.33659999998,-6297.274600000004,3767.329299999983,5048.566199999943
2020,22,23,45,V,True,16149.678199999966,30112.718300000008,1626.826999999932,10276.233500000031,-5668.99669999996,3849.4556999999913,5018.356599999999
2020,21,24,45,Cr,True,14164.22100000002,,2995.6921999999904,4777.154800000018,-6242.179699999979,,
2020,20,25,45,Mn,False,,,,,,,
2020,19,26,45,Fe,False,,,,,,,
2020,31,15,46,P,False,,,,,,,
2020,30,16,46,S,False,,,,,,,
2020,29,17,46,Cl,True,3543.722699999984,9398.614999999932,,,-17251.707400000014,,
2020,28,18,46,Ar,True,8071.773999999976,13240.632600000012,18797.681500000006,35144.96340000001,-14558.423599999922,4514.324800000002,6113.407599999977
2020,27,19,46,K,True,6869.607299999974,15775.067599999951,12932.101799999946,29512.901599999925,-13007.077600000019,2761.881199999887,5844.804799999925
2020,26,20,46,Ca,True,10398.699299999978,17813.517200000002,13812.939300000027,25044.292400000035,-11141.84619999997,585.6211999999941,5113.00760000007
2020,25,21,46,Sc,True,8760.64400000003,20088.24700000009,8238.387500000012,20558.087800000038,-9164.528400000068,1203.1704000001773,3263.7840000000433
2020,24,22,46,Ti,True,13189.321299999952,22722.31979999988,10344.920799999905,17237.48219999991,-8005.890199999907,2214.9999999998254,3966.4935999998124
2020,23,23,46,V,True,13260.772799999977,29410.450999999943,5354.60129999998,13837.803799999994,-7379.8107999999775,5865.703999999852,7039.114399999962
2020,22,24,46,Cr,True,18028.08480000001,32192.30580000003,4874.098800000036,6500.925799999968,-6792.129400000034,2699.9232000000193,3385.9783999999636
2020,21,25,46,Mn,True,,,191.91599999996834,3187.6081999999587,,,
2020,20,26,46,Fe,False,,,,,,,
2020,32,15,47,P,False,,,,,,,
2020,31,16,47,S,False,,,,,,,
2020,30,17,47,Cl,False,,,,,,,
2020,29,18,47,Ar,True,3667.3339999999735,11739.10799999995,18921.292799999996,,-15596.725800000015,,
2020,28,19,47,K,True,8369.367700000003,15238.974999999977,13229.695499999973,32027.37699999998,-13977.384499999927,5196.821799999976,6598.968999999925
2020,27,20,47,Ca,True,7276.374799999932,17675.07409999991,14219.706799999985,27151.80859999993,-12759.77059999993,2577.099699999846,6354.5216999998665
2020,26,21,47,Sc,True,10646.51359999989,19407.15759999992,8486.201799999923,22299.14109999995,-10186.362999999954,1038.9156999998377,4095.8821999998763
2020,25,22,47,Ti,True,8880.661700000055,22069.983000000007,10464.938499999931,18703.325999999943,-8953.657200000016,2300.947999999975,3730.646199999901
2020,24,23,47,V,True,13002.48980000004,26263.262600000016,5167.769800000067,15512.690599999973,-8243.833700000017,4165.536699999997,5321.891199999955
2020,23,24,47,Cr,True,13162.843099999998,31190.92790000001,4776.169100000057,10130.770400000038,-7672.420299999998,4279.035499999998,5365.192400000058
2020,22,25,47,Mn,True,18219.94690000004,,383.7780999999959,5257.876900000032,-7074.93280000001,,
2020,21,26,47,Fe,False,,,,,,,
2020,20,27,47,Co,False,,,,,,,
2020,32,16,48,S,False,,,,,,,
2020,31,17,48,Cl,False,,,,,,,
2020,30,18,48,Ar,True,5058.973800000036,8726.30780000001,,,-15575.608800000045,,
2020,29,19,48,K,True,4643.818700000062,13013.186400000064,14206.18020000006,33127.473000000056,-14230.425599999959,3427.1766000000644,6296.89320000005
2020,28,20,48,Ca,True,9951.521200000076,17227.896000000008,15801.860300000058,29031.55580000003,-13976.52600000007,5720.897800000093,7246.617600000056
2020,27,21,48,Sc,True,8238.563000000024,18885.076599999913,9448.390000000014,23668.0968,-11147.501999999979,2709.4071999998414,4371.002399999939
2020,26,22,48,Ti,True,11626.6581,20507.319800000056,11445.083000000042,19931.284799999965,-9449.139599999995,1425.7704000000376,3584.930399999954
2020,25,23,48,V,True,10542.257200000051,23544.74700000009,6829.365300000063,17294.303799999994,-9086.888400000054,2656.8798000001116,4567.481600000057
2020,24,24,48,Cr,True,16329.539500000014,29492.38260000001,8103.2188000000315,13270.988600000099,-7697.646000000008,5909.697000000044,7037.903000000166
2020,23,25,48,Mn,True,14801.585299999977,33021.532200000016,2022.5202999999747,6798.689400000032,-7913.478000000003,3548.652400000021,3927.98960000003
2020,22,26,48,Fe,True,,,2731.1693000000087,3114.9474000000046,-7011.590800000005,,
2020,21,27,48,Co,False,,,,,,,
2020,20,28,48,Ni,False,,,,,,,
2020,33,16,49,S,False,,,,,,,
2020,32,17,49,Cl,False,,,,,,,
2020,31,18,49,Ar,False,,,,,,,
2020,30,19,49,K,True,5398.334499999939,10042.1532,14545.540899999964,,-13773.867799999949,995.5579000000143,
2020,29,20,49,Ca,True,5146.453199999989,15097.974400000065,16304.494799999986,30510.675000000047,-13954.120600000024,3923.0359000000753,7499.7738000000245
2020,28,21,49,Sc,True,10129.678900000057,18368.24190000008,9626.547699999996,25428.408000000054,-12371.7206,5537.700100000133,5209.807300000102
2020,27,22,49,Ti,True,8142.376900000032,19769.035000000033,11348.89690000005,20797.286900000065,-10176.698600000003,2457.4463000000105,3332.6421000001137
2020,26,23,49,V,True,11555.468699999969,22097.72590000002,6758.175900000031,18203.258900000073,-9314.75410000002,1714.1422000000603,3344.2502000000677
2020,25,24,49,Cr,True,10582.352899999998,26911.89240000001,8143.314499999979,14972.679800000042,-8747.000400000019,4650.89240000007,5537.904400000058
2020,24,25,49,Mn,True,16394.599800000025,31196.185100000002,2087.5805999999866,10190.799400000018,-8158.3996000000625,4430.249899999995,5890.634500000044
2020,23,26,49,Fe,True,14813.473699999973,,2743.057700000005,4765.5779999999795,-7660.843499999959,,
2020,22,27,49,Co,False,,,,,,,
2020,21,28,49,Ni,False,,,,,,,
2020,33,17,50,Cl,False,,,,,,,
2020,32,18,50,Ar,False,,,,,,,
2020,31,19,50,K,True,4187.675300000061,9586.0098,,,-14417.820400000084,2033.599199999997,
2020,30,20,50,Ca,True,6360.5449999999255,11506.998199999915,17266.705299999972,31812.246199999936,-12242.891599999974,687.3239999998477,7345.837599999912
2020,29,21,50,Sc,True,6045.990500000014,16175.669400000072,10526.085000000021,26830.579800000007,-11548.103800000099,4046.590400000103,5346.726800000062
2020,28,22,50,Ti,True,10939.172499999986,19081.549400000018,12158.39049999998,21784.938199999975,-10717.171800000011,4893.080800000054,3219.353999999992
2020,27,23,50,V,True,9332.39850000001,20887.86719999998,7948.197500000009,19297.09440000006,-9886.508599999943,2525.4392000000225,3231.002000000095
2020,26,24,50,Cr,True,13000.33269999997,23582.685599999968,9588.17849999998,16346.354400000011,-8558.011800000037,2281.906399999978,3697.6835999999894
2020,25,25,50,Mn,True,13078.27999999997,29472.879799999995,4583.507699999958,12726.822199999937,-7975.906799999997,5245.742399999988,6431.7859999999055
2020,24,26,50,Fe,True,17797.047099999967,32610.52079999994,4145.504999999946,6233.085599999933,-7429.805799999973,2612.2499999998836,3571.7451999998884
2020,23,27,50,Co,True,,,127.6420999999973,2870.699800000002,-7596.569599999988,,
2020,22,28,50,Ni,False,,,,,,,
2020,34,17,51,Cl,False,,,,,,,
2020,33,18,51,Ar,False,,,,,,,
2020,32,19,51,K,True,4858.9199999999255,9046.595299999986,,,,3123.6938999999547,
2020,31,20,51,Ca,True,4814.393500000064,11174.93849999999,17893.423499999975,,-13389.951100000006,1976.9036000000779,
2020,30,21,51,Sc,True,6784.551299999934,12830.541799999948,10950.09130000003,28216.7966,-9963.287399999972,1168.7055999999284,5037.530399999989
2020,29,22,51,Ti,True,6372.416200000036,17311.588700000022,12484.816200000001,23010.901200000022,-9813.213200000057,4020.4831000000704,2878.306500000006
2020,28,23,51,V,True,11051.185199999949,20383.58369999996,8060.210199999972,20218.60069999995,-10291.18020000006,4592.37639999995,3153.416499999934
2020,27,24,51,Cr,True,9260.667299999972,22260.99999999994,9516.447299999942,17464.64479999995,-8938.017399999953,2281.4613999998546,3389.9315999998944
2020,26,25,51,Mn,True,13687.655200000037,26765.935200000007,5270.830200000026,14859.008700000006,-8661.072200000053,4176.176000000036,5864.915500000003
2020,25,26,51,Fe,True,13784.042700000049,31581.089800000016,4851.267700000026,9434.775399999984,-8051.005399999965,4680.152000000002,5415.188400000043
2020,24,27,51,Co,True,17824.064899999998,,154.65990000002785,4300.164899999974,-7200.687600000005,,
2020,23,28,51,Ni,False,,,,,,,
2020,35,17,52,Cl,False,,,,,,,
2020,34,18,52,Ar,False,,,,,,,
2020,33,19,52,K,True,2693.4906000000774,7552.410600000003,,,,,
2020,32,20,52,Ca,True,6005.280700000003,10819.674200000067,19039.784200000053,,-14336.257999999973,3782.7216000001063,
2020,31,21,52,Sc,True,5344.527700000035,12129.078999999969,11480.2255,29373.648999999976,-10663.996399999945,2072.0719999999856,5421.0002000000095
2020,30,22,52,Ti,True,7816.052399999928,14188.468599999964,13516.317299999995,24466.408600000024,-7677.744399999909,1779.720399999991,2430.783400000073
2020,29,23,52,V,True,7311.242800000007,18362.427999999956,8999.036799999943,21483.852999999945,-9363.859999999986,3764.5531999999657,2790.693799999892
2020,28,24,52,Cr,True,12040.111900000018,21300.77919999999,10505.37400000001,18565.584199999983,-9351.47119999997,3642.269600000058,3152.5350000000326
2020,27,25,52,Mn,True,10539.48219999997,24227.137400000007,6549.645100000023,16066.092399999965,-8658.297199999914,3237.642599999963,4189.470199999982
2020,26,26,52,Fe,True,16214.228100000008,29998.270800000057,7377.840599999996,12648.670800000022,-7935.694000000018,5933.113200000138,7124.51039999997
2020,25,27,52,Co,True,15073.151300000027,32897.216200000024,1443.7685000000056,6295.036200000031,-7472.253599999996,3088.4928000000655,
2020,24,28,52,Ni,True,,,2506.6805000000168,2661.3404000000446,-6976.198799999955,,
2020,23,29,52,Cu,False,,,,,,,
2020,35,18,53,Ar,False,,,,,,,
2020,34,19,53,K,True,3229.410799999954,5922.901400000032,,,,,
2020,33,20,53,Ca,True,3192.7541999999085,9198.034899999911,19539.047799999884,,,3792.7282999998424,
2020,32,21,53,Sc,True,6317.308499999985,11661.83620000002,11792.253299999982,30832.037500000035,-11582.97040000005,3446.6417000000365,5898.509500000102
2020,31,22,53,Ti,True,5475.053200000024,13291.105599999952,13646.842799999984,25127.068299999984,-8006.344399999944,2197.434399999911,2320.2341000000015
2020,30,23,53,V,True,8479.964500000002,15791.20730000001,9662.948900000018,23179.266200000013,-7714.145599999931,2375.109300000069,2740.4602000000305
2020,29,24,53,Cr,True,7939.426700000069,19979.538600000087,11133.557900000073,20132.594700000016,-9148.521000000008,4014.1935000001686,3360.845100000093
2020,28,25,53,Mn,True,12050.277000000002,22589.75919999997,6559.810200000007,17065.184200000018,-9153.105499999947,3424.9300999999978,3147.5916000000434
2020,27,26,53,Fe,True,10686.709700000007,26900.937800000014,7525.068100000033,14074.713200000057,-8040.050799999968,4224.362800000061,5108.296200000099
2020,26,27,53,Co,True,16386.71220000001,31459.863500000036,1616.252600000007,8994.093200000003,-7464.366000000038,3946.604900000093,5440.121600000071
2020,25,28,53,Ni,True,15142.289299999946,,2575.8184999999357,4019.5869999999413,-7305.014399999927,,
2020,24,29,53,Cu,False,,,,,,,
2020,36,18,54,Ar,False,,,,,,,
2020,35,19,54,K,False,,,,,,,
2020,34,20,54,Ca,True,3844.198400000052,7036.9525999999605,20153.83539999998,,,2544.5119999999297,
2020,33,21,54,Sc,True,3739.6984999999986,10057.006999999983,12339.197600000072,31878.245399999956,-11134.993599999929,2836.4543999999296,5554.8327999999165
2020,32,22,54,Ti,True,6933.694999999949,12408.748199999973,14263.229299999948,26055.48259999993,-8579.494399999967,2586.927999999898,1936.2239999999292
2020,31,23,54,V,True,6117.910299999989,14597.87479999999,10305.805999999982,23952.648799999966,-7786.065399999963,2170.103999999934,2361.306799999904
2020,30,24,54,Cr,True,9719.082899999863,17658.509599999932,12372.676299999934,22035.62519999995,-7928.431399999885,3166.1279999999097,3785.9011999999057
2020,29,25,54,Mn,True,8939.217800000042,20989.494800000044,7559.60129999998,18693.159200000053,-8759.924799999979,3493.437200000044,3632.944800000172
2020,28,26,54,Fe,True,13378.447899999912,24065.15759999992,8853.238999999943,15413.04919999995,-8418.165999999968,3569.973199999891,3182.0759999998845
2020,27,27,54,Co,True,13422.01119999995,29808.72339999996,4351.55409999995,11876.622199999983,-7808.09719999996,5635.636400000018,6679.017599999963
2020,26,28,54,Ni,True,17718.801500000118,32861.09080000006,3907.9078000000445,5524.160400000052,-7226.768800000078,2089.1204000001308,
2020,25,29,54,Cu,False,,,,,,,
2020,24,30,54,Zn,False,,,,,,,
2020,36,19,55,K,False,,,,,,,
2020,35,20,55,Ca,True,1561.108200000017,5405.306600000069,,,,,
2020,34,21,55,Sc,True,4475.495999999985,8215.194499999983,12970.495200000005,33124.33059999999,-10751.569599999988,1535.01529999997,4953.435699999973
2020,33,22,55,Ti,True,4159.976200000092,11093.67120000004,14683.507000000041,27022.704600000114,-7925.077100000053,2381.653600000136,1752.2440000001807
2020,32,23,55,V,True,7298.187699999951,13416.09799999994,10670.298699999985,24933.527999999933,-8299.70179999998,1963.5365999998758,1994.446299999894
2020,31,24,55,Cr,True,6246.262200000056,15965.345099999919,12501.0282,22806.834199999983,-7802.277399999963,2408.047499999928,3157.1998999999487
2020,30,25,55,Mn,True,10225.611299999931,19164.829099999974,8066.129700000049,20438.805999999982,-7934.350899999961,3248.455399999977,4227.747999999963
2020,29,26,55,Fe,True,9298.127100000042,22676.574999999953,9212.148299999943,16771.749599999923,-8455.625800000038,3833.3451999999234,3591.2702999998583
2020,28,27,55,Co,True,14091.247399999993,27513.258599999943,5064.353600000031,13917.592599999974,-8211.689399999916,6054.964099999925,6060.632399999944
2020,27,28,55,Ni,True,14128.966299999913,31847.76780000003,4614.862900000007,8966.416999999958,-7571.6924,4957.13049999997,
2020,26,29,55,Cu,True,,,-353.9362000001129,3553.9715999999316,-6718.1726999999955,,
2020,25,30,55,Zn,False,,,,,,,
2020,37,19,56,K,False,,,,,,,
2020,36,20,56,Ca,True,2931.332400000014,4492.440600000031,,,,,
2020,35,21,56,Sc,True,2745.056600000069,7220.552600000054,14154.443600000057,,-10803.135600000038,1114.197400000121,
2020,34,22,56,Ti,True,5661.843999999983,9821.820200000075,15869.85500000004,28840.350200000044,-7581.640400000033,2184.510200000019,1693.5976000000373
2020,33,23,56,V,True,5129.583100000105,12427.770800000057,11639.905599999998,26323.41260000004,-8084.757199999993,2037.9564000000246,2101.305800000089
2020,32,24,56,Cr,True,8246.119399999967,14492.381600000022,13448.959900000016,24119.2586,-8232.344400000002,1643.0673999999417,2671.171799999953
2020,31,25,56,Mn,True,7270.446300000069,17496.0576,9090.313800000062,21591.342000000062,-7893.554400000023,2437.5220000000554,4077.7766000000993
2020,30,26,56,Fe,True,11197.057299999986,20495.184400000027,10183.594299999997,18249.724000000046,-7612.571200000006,2804.4400000000023,4050.07500000007
2020,29,27,56,Co,True,10081.839599999948,24173.08699999994,5848.066099999938,15060.21439999988,-7754.046799999895,4223.678399999859,4854.93919999979
2020,28,28,56,Ni,True,16643.00410000002,30771.970399999933,7166.619600000035,12230.973200000066,-8000.468399999954,8308.110199999996,9261.80620000005
2020,27,29,56,Cu,True,15065.644200000039,,582.7417000000132,5197.604600000021,-6710.6656000000075,,
2020,26,30,56,Zn,False,,,,,,,
2020,25,31,56,Ga,False,,,,,,,
2020,38,19,57,K,False,,,,,,,
2020,37,20,57,Ca,False,,,,,,,
2020,36,21,57,Sc,True,3935.122599999944,6680.179200000013,15158.233799999987,,-11508.847400000028,1087.6447000000044,
2020,35,22,57,Ti,True,3050.173599999922,8712.017599999905,16174.971999999892,30329.41559999995,-7439.059799999988,,2037.3906999998726
2020,34,23,57,V,True,6322.978299999959,11452.561400000064,12301.039899999974,28170.894900000014,-8090.427000000025,2134.372700000007,2502.6852000000654
2020,33,24,57,Cr,True,5311.178200000024,13557.29759999999,13630.554999999935,25270.460599999933,-8068.469399999944,1823.7156999999424,2552.547799999884
2020,32,25,57,Mn,True,8645.927399999928,15916.373699999996,9490.121800000023,22939.08170000004,-8059.517299999949,1734.6843000000226,3617.577800000028
2020,31,26,57,Fe,True,7646.172500000044,18843.22980000003,10559.320499999973,19649.634300000034,-7319.316999999981,2217.6537000000244,4096.878800000006
2020,30,27,57,Co,True,11376.45490000007,21458.294500000018,6027.463700000022,16211.05800000002,-7080.2246999999625,2431.47490000003,4620.31520000007
2020,29,28,57,Ni,True,10247.63320000004,26890.63730000006,7332.413200000126,13180.479300000065,-7561.391899999988,5675.131300000066,7470.822300000174
2020,28,29,57,Cu,True,16750.603000000003,31816.24720000004,690.3405999999959,7856.96020000003,-7074.556399999943,6624.170100000105,
2020,27,30,57,Zn,False,,,,,,,
2020,26,31,57,Ga,False,,,,,,,
2020,39,19,58,K,False,,,,,,,
2020,38,20,58,Ca,False,,,,,,,
2020,37,21,58,Sc,True,2171.2325999999885,6106.355199999933,,,,,
2020,36,22,58,Ti,True,4587.136400000134,7637.310000000056,16826.985800000082,31985.21960000007,-8181.997800000128,312.64400000014575,1416.44560000021
2020,35,23,58,V,True,4066.836100000073,10389.814400000032,13317.702400000126,29492.674400000018,-8417.564600000042,1590.3564000001643,2377.3704000001308
2020,34,24,58,Cr,True,7538.136000000057,12849.31420000008,14845.712700000033,27146.752600000007,-8672.910400000052,1789.9828000001726,3147.4431999999797
2020,33,25,58,Mn,True,6412.608200000017,15058.535599999945,10591.551800000016,24222.10679999995,-8354.215199999977,1775.5239999999758,3821.295199999935
2020,32,26,58,Fe,True,10044.57189999998,17690.744400000025,11957.965000000026,21448.08680000005,-7644.8060000000405,2290.207599999965,4552.169999999984
2020,31,27,58,Co,True,8572.953700000013,19949.408600000083,6954.244899999991,17513.565399999963,-6713.960599999991,2003.6268000000855,4437.653599999961
2020,30,28,58,Ni,True,12216.226999999897,22463.860199999937,8172.185299999954,14199.648999999976,-6399.170999999973,2076.8479999998235,5676.106799999892
2020,29,29,58,Cu,True,12430.154600000009,29180.75760000001,2872.8619999999646,10205.275200000091,-6082.699800000002,6360.7124000000185,
2020,28,30,58,Zn,True,,,2278.82640000002,2969.167000000016,-5445.4749999999185,,
2020,27,31,58,Ga,False,,,,,,,
2020,26,32,58,Ge,False,,,,,,,
2020,40,19,59,K,False,,,,,,,
2020,39,20,59,Ca,False,,,,,,,
2020,38,21,59,Sc,True,3421.3019000000204,5592.534500000009,,,,,
2020,37,22,59,Ti,False,,,,,,,
2020,36,23,59,V,True,5251.352599999984,9318.188700000057,13981.918599999975,30808.904400000058,-9193.421200000099,609.0456000001286,2099.4473000001744
2020,35,24,59,Cr,True,4195.4458999999915,11733.581900000048,14974.322499999951,28292.024900000077,-8708.38010000001,1210.3750000001164,2909.5108000001055
2020,34,25,59,Mn,True,7769.081199999957,14181.689399999974,10822.496999999916,25668.20969999995,-8825.10870000004,1822.2532999999821,3717.4202999998815
2020,33,26,59,Fe,True,6581.004200000025,16625.576100000006,12126.361000000034,22717.91280000005,-7979.548000000068,2227.3929000000353,4582.900100000086
2020,32,27,59,Co,True,10453.865899999975,19026.819599999988,7363.538899999985,19321.50390000001,-6942.215199999977,2215.844699999958,4989.337199999951
2020,31,28,59,Ni,True,8999.279000000097,21215.505999999994,8598.510600000038,15552.755500000028,-6100.322900000028,2007.6727000000537,5782.738500000036
2020,30,29,59,Cu,True,12761.922499999928,25192.077099999937,3418.5574999999953,11590.742799999949,-4753.374899999937,3423.833599999838,6236.592799999868
2020,29,30,59,Zn,True,12988.123199999915,,2836.7949999999255,5709.65699999989,-4304.6318999999785,,
2020,28,31,59,Ga,False,,,,,,,
2020,27,32,59,Ge,False,,,,,,,
2020,40,20,60,Ca,False,,,,,,,
2020,39,21,60,Sc,False,,,,,,,
2020,38,22,60,Ti,True,,7324.66599999991,18559.117299999984,,-11014.22319999995,,
2020,37,23,60,V,True,3548.105399999884,8799.457999999868,,32185.777199999953,-9996.469999999856,531.0609999997541,2171.270799999882
2020,36,24,60,Cr,True,6863.885499999917,11059.331399999908,16586.855399999884,30568.77399999986,-9910.421599999885,972.5871999998344,4021.277799999807
2020,35,25,60,Mn,True,5513.930400000012,13283.011599999969,12140.981499999936,27115.303999999887,-9209.45599999989,1584.3511999999173,4080.9045999998925
2020,34,26,60,Fe,True,8819.532600000035,15400.53680000006,13176.812400000112,23999.309400000027,-8552.961200000136,1793.0186000001268,4088.1024000000907
2020,33,27,60,Co,True,7491.915900000022,17945.781799999997,8274.450599999982,20400.811600000015,-7163.68479999993,2029.1824000000488,4685.761800000095
2020,32,28,60,Ni,True,11387.733200000017,20387.012200000114,9532.37790000008,16895.916800000065,-6290.998800000059,1971.1852000001818,5623.1346000000485
2020,31,29,60,Cu,True,10058.122700000065,22820.045199999993,4477.401199999964,13075.911800000002,-4729.658000000054,2235.125400000077,4856.210000000079
2020,30,30,60,Zn,True,15030.11220000009,28018.235400000005,5104.984700000088,8523.542200000084,-2691.740000000049,4881.983199999959,
2020,29,31,60,Ga,False,,,,,,,
2020,28,32,60,Ge,False,,,,,,,
2020,27,33,60,As,False,,,,,,,
2020,41,20,61,Ca,False,,,,,,,
2020,40,21,61,Sc,False,,,,,,,
2020,39,22,61,Ti,False,,,,,,,
2020,38,23,61,V,True,5161.037700000044,8709.143099999928,15366.395699999994,33925.51299999998,-11222.385100000014,1003.4900999999372,2637.6306999998633
2020,37,24,61,Cr,True,3659.3214000000153,10523.206899999932,16698.071400000015,,-10519.569400000037,698.7768999998807,
2020,36,25,61,Mn,True,6845.50569999998,12359.436099999992,12122.6017,28709.457099999883,-9731.98339999991,1071.8677999998326,4022.0911999997916
2020,35,26,61,Fe,True,5578.650599999935,14398.18319999997,13241.532600000035,25382.51409999997,-8820.43359999999,1540.4240999999456,4212.182199999865
2020,34,27,61,Co,True,9319.059000000008,16810.97490000003,8773.976999999955,21950.789400000067,-7836.816400000011,1714.9623000000138,4691.155200000096
2020,33,28,61,Ni,True,7820.100099999923,19207.83329999994,9860.562099999981,18135.012699999963,-6464.926399999997,1774.3308999998262,5565.670999999973
2020,32,29,61,Cu,True,11710.120800000033,21768.2435000001,4799.78879999998,14332.16670000006,-5063.323900000076,2029.801100000157,5191.1874000000535
2020,31,30,61,Zn,True,10245.753800000006,25275.866000000096,5292.615800000029,9770.016999999993,-2689.8606000000145,3268.708000000159,4619.762699999963
2020,30,31,61,Ga,True,,,249.1652999999933,5354.1500000000815,-2250.5647000000463,,
2020,29,32,61,Ge,False,,,,,,,
2020,28,33,61,As,False,,,,,,,
2020,41,21,62,Sc,False,,,,,,,
2020,40,22,62,Ti,False,,,,,,,
2020,39,23,62,V,True,3107.359300000069,8268.397000000114,,,-12158.511800000095,,
2020,38,24,62,Cr,True,6427.4228000000585,10086.744200000074,17964.45650000003,33330.85220000002,-12359.855799999903,1156.7380000001285,4635.969199999992
2020,37,25,62,Mn,True,4853.154700000072,11698.660400000052,13316.435000000056,30014.50640000007,-10518.301999999909,1090.9528000000864,4168.091600000043
2020,36,26,62,Fe,True,8028.867599999998,13607.518199999933,14424.894500000053,26547.496200000052,-9311.16519999993,1373.387199999881,3748.571600000025
2020,35,27,62,Co,True,6597.54039999994,15916.599399999948,9792.86679999996,23034.399399999995,-8021.7485999999335,1405.9235999998637,4456.440399999963
2020,34,28,62,Ni,True,10595.726900000009,18415.826999999932,11137.229999999981,19911.206999999937,-7016.081400000025,1920.591199999908,6075.68319999997
2020,33,29,62,Cu,True,8874.798999999883,20584.919799999916,5854.48769999994,15715.04979999992,-5365.1691999998875,1805.4111999998568,5091.822799999849
2020,32,30,62,Zn,True,12890.49840000004,23136.252200000046,6472.993400000036,11272.782200000016,-3364.1320000000997,2157.683600000164,3547.4232000000775
2020,31,31,62,Ga,True,12923.674499999906,,2927.085999999894,8219.701799999923,-2744.0845999999437,,
2020,30,32,62,Ge,False,,,,,,,
2020,29,33,62,As,False,,,,,,,
2020,42,21,63,Sc,False,,,,,,,
2020,41,22,63,Ti,False,,,,,,,
2020,40,23,63,V,True,4598.293699999922,7705.652999999991,,,-13335.503599999938,,
2020,39,24,63,Cr,True,3397.0071999999927,9824.430000000051,18254.104399999953,,,,
2020,38,25,63,Mn,True,6434.413600000087,11287.568300000159,13323.425800000085,31287.882300000114,-11701.363000000012,1064.6513000002597,4411.79630000022
2020,37,26,63,Fe,True,4828.891500000027,12857.759100000025,14400.631300000008,27717.066300000064,-9944.610800000024,1132.847800000105,3648.9540000001434
2020,36,27,63,Co,True,8498.472200000077,15096.012600000016,10262.471400000039,24687.36590000009,-8751.139600000111,1619.7242000000551,4697.30400000012
2020,35,28,63,Ni,True,6837.775500000105,17433.502400000114,11377.465100000147,21170.331900000107,-7272.852700000047,1677.962900000275,6193.258400000283
2020,34,29,63,Cu,True,10863.643400000059,19738.44239999994,6122.40419999999,17259.63419999997,-5774.946699999971,1912.0020999999251,5604.072900000028
2020,33,30,63,Zn,True,9116.659599999897,22007.157999999938,6714.85400000005,12569.34169999999,-3481.5125999999,2165.9237999999896,3726.6014999999898
2020,32,31,63,Ga,True,12631.398300000117,25555.072800000024,2667.9858999999706,9140.979300000006,-2613.560400000075,3302.048400000145,4173.079900000012
2020,31,32,63,Ge,True,,,2223.168300000136,5150.25430000003,-2130.457900000154,,
2020,30,33,63,As,False,,,,,,,
2020,29,34,63,Se,False,,,,,,,
2020,42,22,64,Ti,False,,,,,,,
2020,41,23,64,V,False,,,,,,,
2020,40,24,64,Cr,True,5532.9989999999525,8930.006199999945,19188.809699999983,,-13965.195999999996,,
2020,39,25,64,Mn,True,4173.293999999878,10607.707599999965,14099.71259999997,32353.816999999923,-12326.551600000006,703.7199999999721,4356.371599999955
2020,38,26,64,Fe,True,7405.239500000025,12234.131000000052,15371.457199999946,28694.88300000003,-10485.964800000074,993.1972000000533,3080.1986000001198
2020,37,27,64,Co,True,6012.203600000008,14510.675800000085,11445.78350000002,25846.414800000028,-9249.41280000005,1751.9376000001794,4802.624000000069
2020,36,28,64,Ni,True,9657.460299999919,16495.235800000024,12536.453199999989,22798.924600000028,-8110.7803999999305,1445.3450000000885,6420.790400000056
2020,35,29,64,Cu,True,7915.8652,18779.50860000006,7200.493899999885,18577.95900000003,-6198.89599999995,1803.0010000000475,5700.704799999949
2020,34,30,64,Zn,True,11861.908999999985,20978.568599999882,7713.119599999976,13835.523799999966,-3955.688399999868,1940.7223999998532,3654.5607999999775
2020,33,31,64,Ga,True,10357.046699999948,22988.445000000065,3908.3730000000214,10623.227000000072,-2912.4843999999575,1954.9091999999946,2853.0314000000944
2020,32,32,64,Ge,True,15465.60309999995,,5057.373099999968,7725.3589999999385,-2565.948800000013,,
2020,31,33,64,As,False,,,,,,,
2020,30,34,64,Se,False,,,,,,,
2020,43,22,65,Ti,False,,,,,,,
2020,42,23,65,V,False,,,,,,,
2020,41,24,65,Cr,False,,,,,,,
2020,40,25,65,Mn,True,6049.623000000021,10222.9169999999,14616.336600000039,33805.14630000002,-13215.136900000041,,4872.761899999925
2020,39,26,65,Fe,True,4319.671799999895,11724.91129999992,15517.834999999963,29617.547599999933,-11146.315199999954,1091.760999999824,2514.819099999848
2020,38,27,65,Co,True,7464.084799999953,13476.288399999961,11504.628799999948,26876.085999999894,-9867.991900000023,1197.0729999998584,4163.798099999898
2020,37,28,65,Ni,True,6098.07919999992,15755.539499999839,12622.328799999901,24068.11229999992,-8630.208999999915,996.0119999997551,6735.590499999933
2020,36,29,65,Cu,True,9910.575100000016,17826.440300000017,7453.6086999999825,19990.06189999997,-6790.412099999958,1627.925900000031,5796.636399999959
2020,35,30,65,Zn,True,7979.325199999963,19841.234199999948,7776.579599999939,14977.073499999824,-4114.913499999908,1730.2463999999454,3637.4406999996863
2020,34,31,65,Ga,True,11895.97769999993,22253.02439999988,3942.4416999999667,11655.561299999943,-3098.3412999998545,1888.7198999997927,3147.8782999998657
2020,33,32,65,Ge,True,10234.040799999959,25699.643899999908,4934.367199999979,8842.7402,-2554.2357999999076,3361.5170999998227,4162.731399999931
2020,32,33,65,As,True,,,-89.47369999997318,4967.899399999995,-2227.3098000000464,,
2020,31,34,65,Se,False,,,,,,,
2020,30,35,65,Br,False,,,,,,,
2020,43,23,66,V,False,,,,,,,
2020,42,24,66,Cr,False,,,,,,,
2020,41,25,66,Mn,True,3854.3645999999717,9903.987599999993,,,-13962.142199999886,,
2020,40,26,66,Fe,True,6921.262000000104,11240.933799999999,16389.474000000046,31005.810600000084,-11640.1544,,3031.892000000109
2020,39,27,66,Co,True,5294.653399999952,12758.738199999905,12479.610400000005,27997.445399999968,-10309.490599999903,1382.0567999997875,4261.002399999998
2020,38,28,66,Ni,True,8951.811600000015,15049.890799999936,14110.055599999963,25614.68439999991,-9553.152999999933,1449.7227999998722,7035.875999999815
2020,37,29,66,Cu,True,7065.932499999995,16976.50760000001,8421.462000000058,21043.79079999996,-7258.804200000013,1525.1172000000952,5638.082799999975
2020,36,30,66,Zn,True,11058.521000000066,19037.84620000003,8924.525499999989,16378.134199999971,-4577.707599999965,1787.2811999999685,3720.622399999993
2020,35,31,66,Ga,True,9137.55810000014,21033.53580000007,5100.674600000144,12877.254200000083,-3361.100400000112,1528.5744000001578,3128.5112000001827
2020,34,32,66,Ge,True,13200.131799999974,23434.172599999933,6238.521300000022,10180.962999999989,-2863.869199999841,1919.777599999914,3020.6132000000216
2020,33,33,66,As,True,13159.34289999993,,2835.8283999999985,7770.195599999977,-2462.9782000000123,,
2020,32,34,66,Se,False,,,,,,,
2020,31,35,66,Br,False,,,,,,,
2020,44,23,67,V,False,,,,,,,
2020,43,24,67,Cr,False,,,,,,,
2020,42,25,67,Mn,False,,,,,,,
2020,41,26,67,Fe,True,3711.8882999999914,10633.150300000096,16246.997700000065,,-11955.035499999998,,
2020,40,27,67,Co,True,6984.562000000151,12279.215400000103,12542.910400000052,28932.384400000097,-10859.638999999966,1072.91500000027,3940.0082000001566
2020,39,28,67,Ni,True,5807.715900000068,14759.527500000084,14623.11810000008,27102.728500000085,-10531.977399999974,2380.9248000001535,7849.566100000055
2020,38,29,67,Cu,True,9132.58189999999,16198.514399999985,8602.232300000032,22712.287899999996,-7892.913899999927,1639.2106999999378,6126.081600000034
2020,37,30,67,Zn,True,7052.4667999999365,18110.987800000003,8911.05979999993,17332.521799999988,-4792.398899999796,1430.8196999998763,3534.283599999966
2020,36,31,67,Ga,True,11226.746399999945,20364.304500000086,5268.900000000023,14193.425500000012,-3724.2033999999985,1773.0093000001507,3382.459900000016
2020,35,32,67,Ge,True,9137.995000000112,22338.126800000085,6238.958199999994,11339.632800000138,-2885.2046000000555,1768.533600000199,3000.689800000284
2020,34,33,67,As,True,12633.46510000003,25792.80799999996,2269.161700000055,8507.683000000077,-2465.0449999999255,3125.2208999999566,4257.49310000008
2020,33,34,67,Se,True,,,1844.1804000000702,4680.008800000069,-2083.9902999999467,,
2020,32,35,67,Br,False,,,,,,,
2020,31,36,67,Kr,False,,,,,,,
2020,44,24,68,Cr,False,,,,,,,
2020,43,25,68,Mn,False,,,,,,,
2020,42,26,68,Fe,False,,,,,,,
2020,41,27,68,Co,True,4392.119399999967,11376.681400000118,13223.141500000027,29470.139200000092,-11078.464400000055,351.66820000018924,3558.401000000187
2020,40,28,68,Ni,True,7792.452099999995,13600.168000000063,15431.008199999924,27973.918599999975,-10919.189999999944,1707.4846000000834,7295.052199999918
2020,39,29,68,Cu,True,6318.808499999926,15451.390399999917,9113.32489999989,23736.44299999997,-8199.518799999845,1899.4137999998638,5815.395399999805
2020,38,30,68,Zn,True,10198.098200000124,17250.56500000006,9976.576100000064,18578.808400000096,-5333.036800000002,1550.3390000000363,3445.9884000001475
2020,37,31,68,Ga,True,8278.214999999967,19504.961399999913,6494.648200000054,15405.707999999984,-4086.5531999999657,1538.231399999815,3579.8469999999506
2020,36,32,68,Ge,True,12376.399999999907,21514.39500000002,7388.611799999955,12657.511799999978,-3399.6955999999773,1788.5217999999877,3128.468600000022
2020,35,33,68,As,True,10378.618099999963,23012.083199999994,3509.7847999999067,9748.7429999999,-2486.6163999999408,1430.0037999999477,2639.7025999999605
2020,34,34,68,Se,True,15680.472799999872,,4891.188099999912,7160.349799999967,-2298.8599999998696,,
2020,33,35,68,Br,False,,,,,,,
2020,32,36,68,Kr,False,,,,,,,
2020,45,24,69,Cr,False,,,,,,,
2020,44,25,69,Mn,False,,,,,,,
2020,43,26,69,Fe,False,,,,,,,
2020,42,27,69,Co,True,6814.180999999866,11206.300399999833,,,-11843.0223999999,1079.1857999997446,
2020,41,28,69,Ni,True,4586.150599999935,12378.60269999993,15625.039399999892,28848.18089999992,-11185.668799999985,808.3844999999274,6920.106399999931
2020,40,29,69,Cu,True,8240.495200000121,14559.303700000048,9561.368000000017,24992.37619999994,-8975.929200000013,1441.753000000026,6011.524800000014
2020,39,30,69,Zn,True,6482.069900000002,16680.168100000126,10139.83750000014,19253.16240000003,-5717.027500000084,1626.6533000002382,3186.4705000001704
2020,38,31,69,Ga,True,10313.080199999968,18591.295199999935,6609.630199999898,16586.20629999996,-4489.058299999917,1637.3463999999221,3442.8274999998976
2020,37,32,69,Ge,True,8193.19319999998,20569.593199999887,7303.589999999967,13798.238200000022,-3613.563599999994,1620.9713999999221,3174.451599999913
2020,36,33,69,As,True,12288.969000000041,22667.587100000004,3422.353800000041,10810.965599999996,-2879.6077000000514,1743.8787000000011,2842.776300000027
2020,35,34,69,Se,True,10316.588199999998,25997.06099999987,4829.158199999947,8338.942999999854,-2381.407399999909,3142.624199999729,3868.5077999997884
2020,34,35,69,Br,True,,,-640.9981999999145,4250.189899999998,-1747.3354999999283,,
2020,33,36,69,Kr,False,,,,,,,
2020,46,24,70,Cr,False,,,,,,,
2020,45,25,70,Mn,False,,,,,,,
2020,44,26,70,Fe,False,,,,,,,
2020,43,27,70,Co,True,4210.832200000063,11025.013199999928,,,-12199.48999999999,,
2020,42,28,70,Ni,True,7306.5328000000445,11892.68339999998,16117.391200000071,,-11570.939599999925,737.8527999999933,
2020,41,29,70,Cu,True,5311.481399999931,13551.976600000053,10286.698800000013,25911.738199999905,-8992.757199999993,602.7184000000125,5721.893599999952
2020,40,30,70,Zn,True,9218.156100000022,15700.226000000024,11117.49840000004,20678.866400000057,-5983.37200000009,976.8464000000386,3079.7636000001803
2020,39,31,70,Ga,True,7653.64980000013,17966.730000000098,7781.210100000026,17921.047600000165,-5076.775600000052,2145.9564000002574,4023.4444000002695
2020,38,32,70,Ge,True,11532.680000000051,19725.87320000003,8523.189800000051,15132.819999999949,-4087.722599999979,1559.3644000000786,3248.7215999999316
2020,37,33,70,As,True,9293.110400000005,21582.079400000046,4522.271000000066,11825.861000000034,-3035.159999999916,1543.6072000000859,2520.140800000052
2020,36,34,70,Se,True,13566.50020000001,23883.088400000008,6106.689399999916,9529.043199999956,-2747.775799999945,1802.1599999999162,2940.4195999999065
2020,35,35,70,Br,True,13237.468599999906,,2279.8821999999927,7109.04039999994,-1825.4611999999033,,
2020,34,36,70,Kr,False,,,,,,,
2020,46,25,71,Mn,False,,,,,,,
2020,45,26,71,Fe,False,,,,,,,
2020,44,27,71,Co,True,5916.2824000000255,10127.114600000088,,,,,
2020,43,28,71,Ni,True,4263.6853999999585,11570.218200000003,16170.244399999967,,-12122.736699999892,725.6609000000171,
2020,42,29,71,Cu,True,7806.06930000009,13117.550700000022,10786.235300000058,26903.62650000013,-9814.264499999932,698.6023000000278,5337.478800000157
2020,41,30,71,Zn,True,5835.358699999866,15053.514799999888,11641.375699999975,21928.074499999988,-6011.014799999888,646.2539999998407,3381.385200000019
2020,40,31,71,Ga,True,9300.298999999883,16953.948800000013,7863.352999999886,18980.851399999927,-5244.492699999944,1251.1017999999458,3589.2836999999126
2020,39,32,71,Ge,True,7415.941799999913,18948.621799999964,8285.481799999834,16066.69189999986,-4451.197599999956,1415.109599999967,3168.0153999996837
2020,38,33,71,As,True,11630.597999999998,20923.708400000003,4620.189000000013,13143.378800000064,-3439.011599999969,1721.5707000000402,2812.9019000000553
2020,37,34,71,Se,True,9287.936600000132,22854.43680000014,6101.5156000000425,10623.786600000109,-2897.717399999965,1630.9251000001095,2640.6061000002082
2020,36,35,71,Br,True,13148.11790000007,26385.586499999976,1861.4999000000535,7968.189299999969,-2340.113999999943,3099.590499999933,3881.0618999999715
2020,35,36,71,Kr,True,,,2190.5530000000726,4470.435200000065,-2171.8337999999058,,
2020,34,37,71,Rb,False,,,,,,,
2020,47,25,72,Mn,False,,,,,,,
2020,46,26,72,Fe,False,,,,,,,
2020,45,27,72,Co,False,,,,,,,
2020,44,28,72,Ni,True,6891.145200000028,11154.830599999987,17145.10719999997,,,,
2020,43,29,72,Cu,True,5143.18889999995,12949.25820000004,11665.73880000005,27835.983200000017,-10565.333999999915,583.4172000000253,4991.423999999999
2020,42,30,72,Zn,True,8888.02090000012,14723.379599999986,12723.327300000004,23509.562600000063,-7106.583600000013,969.5134000000544,3654.662800000049
2020,41,31,72,Ga,True,6520.474599999958,15820.77359999984,8548.468899999978,20189.844599999953,-5446.158799999976,216.80079999973532,3340.126199999824
2020,40,32,72,Ge,True,10750.56700000004,18166.508799999952,9735.74979999999,17599.102799999877,-5003.666399999871,1187.3321999998298,3393.8605999997817
2020,39,33,72,As,True,8407.874199999962,20038.47219999996,5612.121400000062,13897.603199999896,-3568.6707999999635,1265.5833999998868,2261.3113999998895
2020,38,34,72,Se,True,12792.99179999996,22080.92840000009,7263.909400000004,11884.098400000017,-3314.309200000018,1593.2758000000613,2842.5067999999737
2020,37,35,72,Br,True,10630.641300000018,23778.759200000088,3204.204599999939,9305.720199999982,-2592.1371999999974,1409.7154000001028,1873.517200000002
2020,36,36,72,Kr,True,15684.688599999994,,4727.1236999999965,6588.62360000005,-2176.0496000000276,,
2020,35,37,72,Rb,False,,,,,,,
2020,48,25,73,Mn,False,,,,,,,
2020,47,26,73,Fe,False,,,,,,,
2020,46,27,73,Co,False,,,,,,,
2020,45,28,73,Ni,True,3953.4120999999577,10844.557299999986,,,,,
2020,44,29,73,Cu,True,7275.759500000044,12418.948399999994,12050.353100000066,29195.460300000035,-11026.912500000093,793.5436000000918,5144.325500000152
2020,43,30,73,Zn,True,5519.239899999928,14407.260800000047,13099.378299999982,24765.117100000032,-8039.672900000005,1299.1247999999905,3923.6186000000453
2020,42,31,73,Ga,True,9182.37240000011,15702.847000000067,8842.820399999968,21566.147699999972,-6388.035999999964,798.911500000162,3653.3397000000114
2020,41,32,73,Ge,True,6782.945199999958,17533.512199999997,9998.220399999991,18546.68929999997,-5304.541699999827,831.4421999999322,3096.7967999998946
2020,40,33,73,As,True,10794.263500000001,19202.137699999963,5655.817900000024,15391.567700000014,-4049.854099999997,978.0503999999491,2659.362899999949
2020,39,34,73,Se,True,8430.519900000072,21223.511700000032,7286.555100000114,12898.676500000176,-3551.6359000001103,1138.783500000136,2224.4983000003267
2020,38,35,73,Br,True,12655.354700000025,23285.996000000043,3066.5675000000047,10330.476900000009,-2958.5228999999817,1682.1304000000237,2179.6238000000594
2020,37,36,73,Kr,True,10682.493499999982,26367.182099999976,4778.975899999961,7983.1804999999,-2541.9549000000115,2452.6726999999955,3338.293599999859
2020,36,37,73,Rb,True,,,-639.9962999999989,4087.1273999999976,-2177.051499999943,,
2020,35,38,73,Sr,False,,,,,,,
2020,48,26,74,Fe,False,,,,,,,
2020,47,27,74,Co,False,,,,,,,
2020,46,28,74,Ni,False,,,,,,,
2020,45,29,74,Cu,True,5090.081499999971,12365.841000000015,13187.02250000008,,-11906.161800000002,1247.7883999999613,
2020,44,30,74,Zn,True,8234.626300000004,13753.866199999931,14058.245099999942,26108.598200000008,-8967.766399999964,1064.9279999999562,4074.4795999999624
2020,43,31,74,Ga,True,6421.600399999996,15603.972800000105,9745.180900000036,22844.559200000018,-7498.155000000028,1214.3080000000773,4024.8544000000693
2020,42,32,74,Ge,True,10196.231400000164,16979.176600000123,11012.079400000046,19854.899800000014,-6282.616999999969,1046.0916000001598,3447.4456000000937
2020,41,33,74,As,True,7978.6253000000725,18772.888800000073,6851.498000000138,16849.71840000013,-4374.829599999939,1198.9296000001486,2842.758400000166
2020,40,34,74,Se,True,12057.132699999958,20487.65260000003,8549.424300000072,14205.242200000095,-4076.0886000000173,1306.264000000083,2826.8040000002366
2020,39,35,74,Br,True,9713.68909999996,22369.043799999985,4349.736699999892,11636.291800000006,-3379.1015999999363,1225.486799999955,1867.419200000004
2020,38,36,74,Kr,True,13851.402900000103,24533.896400000085,5975.024100000039,9041.591600000043,-2826.857600000105,1709.3972000002395,2547.843200000003
2020,37,37,74,Rb,True,13975.7169,,2653.2271000000183,7432.2029999999795,-2915.299800000037,,
2020,36,38,74,Sr,False,,,,,,,
2020,49,26,75,Fe,False,,,,,,,
2020,48,27,75,Co,False,,,,,,,
2020,47,28,75,Ni,False,,,,,,,
2020,46,29,75,Cu,True,6535.323299999931,11625.404799999902,,,-12525.202699999907,1090.1545999998925,
2020,45,30,75,Zn,True,4873.509700000053,13108.136000000057,13841.673300000024,27028.695800000103,-9577.590700000059,735.2086000001291,3796.7972000001464
2020,44,31,75,Ga,True,8482.33509999991,14903.935499999905,9992.889699999942,24051.134799999883,-8174.420799999847,1229.5890999998664,4017.4969999998575
2020,43,32,75,Ge,True,6505.838599999901,16702.070000000065,11096.317599999951,20841.498499999987,-6953.096900000004,1203.5339000000386,3521.026899999939
2020,42,33,75,As,True,10245.461999999941,18224.087300000014,6900.728599999915,17912.80799999996,-5319.992599999998,1199.3220000000438,3134.255899999873
2020,41,34,75,Se,True,8027.595499999938,20084.728199999896,8598.394499999937,15449.892500000075,-4687.742300000042,1512.0790999998571,2871.9860000000335
2020,40,35,75,Br,True,11890.17650000006,21603.86560000002,4182.7804999999935,12732.204800000065,-3638.6800999999978,1333.4309999999823,2430.783100000117
2020,39,36,75,Kr,True,10063.106499999878,23914.50939999998,6324.441499999957,10674.17819999985,-3602.027499999851,1926.0528999998933,2616.4230999997817
2020,38,37,75,Rb,True,13374.004799999995,27349.721699999995,2175.8289999999106,8150.853099999949,-3141.186699999962,3595.2874999999767,
2020,37,38,75,Sr,True,,,1991.659800000023,4644.886900000041,-2716.4065999999875,,
2020,36,39,75,Y,False,,,,,,,
2020,50,26,76,Fe,False,,,,,,,
2020,49,27,76,Co,False,,,,,,,
2020,48,28,76,Ni,False,,,,,,,
2020,47,29,76,Cu,True,4582.729300000123,11118.052600000054,,,,1167.5684000001056,
2020,46,30,76,Zn,True,7815.428499999922,12688.938199999975,15121.778500000015,,-10501.873999999953,1366.0842000000412,
2020,45,31,76,Ga,True,5907.3297000001185,14389.664800000028,11026.709700000007,24868.38300000003,-8938.561600000015,839.596600000048,3770.1222000001
2020,44,32,76,Ge,True,9427.246400000062,15933.084999999963,12041.228900000104,22034.118600000045,-7492.322399999946,1141.2905999999493,3643.123400000157
2020,43,33,76,As,True,7328.497199999983,17573.959199999925,7723.387199999997,18819.70479999995,-6128.0152000000235,905.7383999999147,3080.9787999999244
2020,42,34,76,Se,True,11153.79310000001,19181.388599999947,9506.725600000005,16407.45419999992,-5090.9684000000125,1264.7626000000164,2903.1867999999085
2020,41,35,76,Br,True,9253.38049999997,21143.55700000003,5408.565500000026,14006.959999999963,-4484.186400000006,1837.8318000000436,2782.674400000018
2020,40,36,76,Kr,True,12761.392699999968,22824.499199999846,7195.657699999865,11378.438199999859,-3570.428399999859,1517.2813999997452,2640.249599999748
2020,39,37,76,Rb,True,11331.708600000013,24705.713400000008,3444.4311000000453,9768.872600000002,-3842.253999999957,2106.7434000000358,
2020,38,38,76,Sr,True,15700.264400000102,,4317.91940000013,6493.74840000004,-2731.9824000000954,,
2020,37,39,76,Y,False,,,,,,,
2020,50,27,77,Co,False,,,,,,,
2020,49,28,77,Ni,False,,,,,,,
2020,48,29,77,Cu,True,5952.520899999887,10535.25020000001,,,,847.4059000000125,
2020,47,30,77,Zn,True,4557.498900000006,12372.927399999928,15096.548099999898,,-11105.9608,1587.1947999998229,
2020,46,31,77,Ga,True,7767.01669999992,13674.346400000039,10978.297900000005,26100.07640000002,-9429.818799999892,975.70279999997,3878.40149999992
2020,45,32,77,Ge,True,6071.289699999965,15498.536100000027,12205.18889999995,23231.898599999957,-8044.372199999983,1041.5890999999829,3949.3629999998957
2020,44,33,77,As,True,9696.268099999987,17024.76529999997,7992.408899999922,20033.637800000026,-6641.910899999901,1162.3817999998573,3303.960699999938
2020,43,34,77,Se,True,7418.856000000029,18572.64910000004,9597.08440000005,17320.471600000048,-5726.879200000083,1112.048999999999,2899.7362000001594
2020,42,35,77,Br,True,11017.054100000067,20270.434600000037,5271.826500000083,14778.552100000088,-4706.977000000072,1294.5443000000669,2632.6463000001386
2020,41,36,77,Kr,True,9227.06380000012,21988.456500000088,7169.341000000015,12577.906500000041,-4366.972299999907,1572.9785000002012,2689.747300000163
2020,40,37,77,Rb,True,12422.725600000005,23754.434200000018,3105.764000000083,10301.421699999948,-3609.624899999937,1639.5154999999795,2751.0456999999005
2020,39,38,77,Sr,True,11627.113199999905,27327.377600000007,4613.324000000022,8057.755100000068,-3676.6021000000183,3508.517000000109,
2020,38,39,77,Y,False,,,,,,,
2020,37,40,77,Zr,False,,,,,,,
2020,51,27,78,Co,False,,,,,,,
2020,50,28,78,Ni,False,,,,,,,
2020,49,29,78,Cu,True,3997.9633000000613,9950.484199999948,,,,,
2020,48,30,78,Zn,True,6765.355099999928,11322.853999999934,15909.38229999994,,,1014.837999999756,
2020,47,31,78,Ga,True,5783.05150000006,13550.06819999998,12203.850500000059,27300.398599999957,-10122.78879999998,1887.843600000022,4211.942000000039
2020,46,32,78,Ge,True,8720.504700000049,14791.794400000013,13158.676900000079,24136.974800000084,-8530.250600000028,975.8992000001017,3661.599600000074
2020,45,33,78,As,True,6971.9527000000235,16668.22080000001,8893.07189999998,21098.26079999993,-7192.2631999999285,1127.9568000000436,3448.260799999931
2020,44,34,78,Se,True,10497.769999999902,17916.62599999993,10398.586299999966,18390.99519999989,-6028.417799999821,1040.4515999997966,2945.548799999873
2020,43,35,78,Br,True,8288.67109999992,19305.725199999986,6141.641599999974,15738.726000000024,-5017.022799999919,726.2304000000004,2437.47920000006
2020,42,36,78,Kr,True,12080.15399999998,21307.2178000001,8232.440899999929,13504.267400000012,-4389.993599999929,1449.4128000001656,2793.142399999895
2020,41,37,78,Rb,True,10176.244399999967,22598.969999999972,4054.94459999993,11224.285599999945,-4072.1801999999443,1216.283599999966,2433.607199999853
2020,40,38,78,Sr,True,13441.82620000001,25068.939399999916,5632.424600000028,8738.18860000011,-3267.025399999926,1788.7851999998093,
2020,39,39,78,Y,False,,,,,,,
2020,38,40,78,Zr,False,,,,,,,
2020,51,28,79,Ni,False,,,,,,,
2020,50,29,79,Cu,True,5689.880999999936,9687.844299999997,,,,,
2020,49,30,79,Zn,True,4020.377500000177,10785.732600000105,15931.796500000055,,,1875.7279000001727,
2020,48,31,79,Ga,True,6915.592100000009,12698.643600000069,12354.08750000014,28263.46980000008,-10503.057600000058,1476.40550000011,3700.5722000001697
2020,47,32,79,Ge,True,5736.442299999995,14456.947000000044,13112.067700000014,25315.918200000073,-9393.18319999997,1549.795400000061,3876.1375000001863
2020,46,33,79,As,True,8890.43080000009,15862.383500000113,9062.998000000021,22221.6749000001,-7600.358900000108,822.5172000002349,3302.7672000001185
2020,45,34,79,Se,True,6962.8301000001375,17460.60010000004,10389.46370000008,19282.53560000006,-6485.409300000058,846.4080000001704,2925.8587000002153
2020,44,35,79,Br,True,10687.21920000005,18975.89029999997,6331.090800000122,16729.677100000088,-5458.780000000028,924.2761999999639,2763.1036000001477
2020,43,36,79,Kr,True,8335.323999999906,20415.477999999886,8279.093799999915,14420.735399999889,-4697.722099999897,1018.9363999998895,2756.9478999997955
2020,42,37,79,Rb,True,11938.674300000072,22114.91870000004,3913.464900000021,12145.90579999995,-4120.677999999956,1318.3607000000775,2657.822599999956
2020,41,38,79,Sr,True,10377.034399999888,23818.860599999898,5833.214599999948,9888.159199999878,-3580.9532999999356,1627.7542999997968,3265.4634999997215
2020,40,39,79,Y,True,,,1917.95140000002,7550.3760000000475,-3009.147800000035,,
2020,39,40,79,Zr,False,,,,,,,
2020,38,41,79,Nb,False,,,,,,,
2020,52,28,80,Ni,False,,,,,,,
2020,51,29,80,Cu,False,,,,,,,
2020,50,30,80,Zn,True,6287.638500000001,10308.016000000178,16529.55400000012,,,3500.037000000244,
2020,49,31,80,Ga,True,4746.632499999949,11662.224599999958,13080.342499999912,29012.138999999966,-10666.960799999884,1812.5337999999756,3552.4443999999203
2020,48,32,80,Ge,True,8079.452899999917,13815.895199999912,14275.928499999922,26630.01600000006,-9657.207599999965,1793.5017999998527,3993.4934000000358
2020,47,33,80,As,True,6649.833199999877,15540.263999999966,9976.388899999904,23088.456599999918,-8342.862399999867,1506.8013999998802,3226.4339999997756
2020,46,34,80,Se,True,9913.344299999997,16876.174400000134,11412.377199999988,20475.37520000001,-6971.507199999993,899.1318000002066,3065.128400000045
2020,45,35,80,Br,True,7892.275599999935,18579.494799999986,7260.53629999992,17650.0,-6022.55839999998,827.2081999998773,2773.2730000000447
2020,44,36,80,Kr,True,11522.481000000029,19857.804999999935,9114.355599999893,15445.446400000015,-5066.409999999916,1016.8301999998512,2750.8963999999687
2020,43,37,80,Rb,True,9444.012099999934,21382.686400000006,5022.153000000049,13301.246799999964,-4311.3095999999205,1227.7114000000292,2834.678399999859
2020,42,38,80,Sr,True,12903.119800000219,23280.154200000106,6797.660100000096,10711.125000000116,-3722.6804000001866,1438.9242000002414,2830.5918000002857
2020,41,39,80,Y,True,11416.546800000011,,2957.4638000001432,8790.678400000092,-3093.9860000000335,,
2020,40,40,80,Zr,False,,,,,,,
2020,39,41,80,Nb,False,,,,,,,
2020,53,28,81,Ni,False,,,,,,,
2020,52,29,81,Cu,False,,,,,,,
2020,51,30,81,Zn,True,2622.3661999999313,8910.004699999932,,,,,
2020,50,31,81,Ga,True,6475.60560000001,11222.238099999959,13268.30959999992,29797.86360000004,-11190.045500000007,3450.4288999999408,3178.54720000003
2020,49,32,81,Ge,True,4827.698700000066,12907.151599999983,14356.99470000004,27437.33719999995,-9927.407400000026,2079.771700000041,3810.5438999999315
2020,48,33,81,As,True,8390.0331,15039.866299999878,10286.969099999988,24562.89759999991,-8965.878799999948,1761.2093999998178,3504.551099999808
2020,47,34,81,Se,True,6700.847799999872,16614.19209999987,11463.391799999983,21439.780699999887,-7601.0652999999,1520.0278999997536,3260.2159999998985
2020,46,35,81,Br,True,10159.33850000007,18051.614100000006,7506.5304999999935,18918.90769999998,-6485.628800000064,872.3090000000084,3247.37229999993
2020,45,36,81,Kr,True,7874.060599999968,19396.541599999997,9096.140599999926,16356.676899999846,-5521.614599999855,959.4616999999853,2677.3146999997552
2020,44,37,81,Rb,True,11352.545900000026,20796.55799999996,4852.217900000047,13966.57349999994,-4646.80139999988,1039.9819999998435,2639.6600999998627
2020,43,38,81,Sr,True,9287.986499999883,22191.1063000001,6641.634500000044,11663.787500000093,-3783.6030999999493,778.9900000001071,2702.326900000102
2020,42,39,81,Y,True,12636.079099999974,24052.625899999985,2690.423099999898,9488.083199999994,-3307.339500000002,1417.2376999999397,3010.15559999994
2020,41,40,81,Zr,True,,,3665.2319000000134,6622.695700000157,-2145.8939000000246,,
2020,40,41,81,Nb,False,,,,,,,
2020,39,42,81,Mo,False,,,,,,,
2020,54,28,82,Ni,False,,,,,,,
2020,53,29,82,Cu,False,,,,,,,
2020,52,30,82,Zn,True,4185.612800000003,6807.978999999934,,,,,
2020,51,31,82,Ga,True,3374.0851999999722,9849.690799999982,14020.028599999961,,-10566.167399999918,2543.6415999999736,
2020,50,32,82,Ge,True,7194.694699999993,12022.393400000059,15076.083800000022,28344.393399999943,-10356.74700000009,3146.3932000000495,3233.7887999999803
2020,49,33,82,As,True,5643.429500000086,14033.462600000086,11102.699900000007,25459.694600000046,-8826.256799999974,2142.683200000087,3204.0796000000555
2020,48,34,82,Se,True,9276.194800000056,15977.042599999928,12349.553500000038,22636.522600000026,-8156.755399999907,1480.5671999999322,3213.128000000026
2020,47,35,82,Br,True,7592.948100000038,17752.28660000011,8398.630800000159,19862.022600000142,-7106.624200000078,1325.2316000001738,3023.7876000002725
2020,46,36,82,Kr,True,10966.914200000116,18840.974800000084,9903.716299999971,17410.246799999964,-5990.758800000069,850.7844000001205,2774.5208000000566
2020,45,37,82,Rb,True,8802.42909999995,20154.974999999977,5780.586400000029,14876.726999999955,-5160.559399999911,441.1803999999538,2592.161199999973
2020,44,38,82,Sr,True,12553.243499999982,21841.229999999865,7842.3321,12694.550000000047,-4256.692599999951,1059.07919999992,2704.979600000079
2020,43,39,82,Y,True,10422.497300000046,23058.57640000002,3824.933900000062,10466.568400000106,-3553.5924000000814,1085.6040000001667,2758.887600000133
2020,42,40,82,Zr,True,14160.957299999893,,5190.110099999933,7880.533199999831,-2865.024999999907,,
2020,41,41,82,Nb,False,,,,,,,
2020,40,42,82,Mo,False,,,,,,,
2020,54,29,83,Cu,False,,,,,,,
2020,53,30,83,Zn,False,,,,,,,
2020,52,31,83,Ga,True,4397.724000000046,7771.809200000018,14232.139800000004,,-9274.010400000028,1142.2445000000298,
2020,51,32,83,Ge,True,3632.685199999949,10827.379899999942,15334.683799999999,29354.71239999996,-9969.054699999862,2537.7580000000307,3339.564499999862
2020,50,33,83,As,True,7635.227399999974,13278.65690000006,11543.232599999988,26619.31640000001,-9545.89209999994,3616.2054000000935,3135.2273999999743
2020,49,34,83,Se,True,5817.96940000006,15094.164200000116,12524.093400000012,23626.79330000002,-8238.282499999972,1878.4297000000952,2909.060800000094
2020,48,35,83,Br,True,9586.35699999996,17179.305099999998,8708.793000000063,21058.3465000001,-7802.550399999949,1474.905700000003,3326.782100000186
2020,47,36,83,Kr,True,7470.165699999896,18437.07990000001,9780.933899999829,18179.564699999988,-6498.094399999827,804.7478999999585,2488.9726999998093
2020,46,37,83,Rb,True,10954.146900000167,19756.576000000117,5767.819100000081,15671.535400000052,-5427.487100000028,517.2419000002556,2322.1063000001013
2020,45,38,83,Sr,True,8858.872800000012,21412.116299999994,7898.775800000061,13679.36220000009,-4780.241400000057,963.8065999998944,2723.8440000001574
2020,44,39,83,Y,True,12212.890899999999,22635.388200000045,3484.581300000078,11326.913400000078,-3827.8090000000084,856.296500000055,2674.95820000011
2020,43,40,83,Zr,True,10368.913900000043,24529.871199999936,5136.526699999929,8961.460599999991,-2856.9045000000624,1123.6972999999998,2785.4157000000123
2020,42,41,83,Nb,True,,,1287.817500000121,6477.927600000054,-2234.891100000008,,
2020,41,42,83,Mo,False,,,,,,,
2020,40,43,83,Tc,False,,,,,,,
2020,55,29,84,Cu,False,,,,,,,
2020,54,30,84,Zn,False,,,,,,,
2020,53,31,84,Ga,True,2908.325199999963,7306.049200000009,,,,,
2020,52,32,84,Ge,True,5243.3150000000605,8876.00020000001,16180.274800000014,30412.41460000002,-8924.731199999922,1481.8698000001023,3479.737800000119
2020,51,33,84,As,True,4255.552000000025,11890.7794,12166.099400000065,27500.783200000064,-9054.811600000015,2639.564400000032,3144.149800000014
2020,50,34,84,Se,True,8678.505999999936,14496.475399999996,13567.371999999974,25110.604599999962,-8837.335599999991,3798.4030000000494,3214.7215999999316
2020,49,35,84,Br,True,6840.697999999975,16427.054999999935,9731.521599999978,22255.61499999999,-7993.415200000047,2435.2571999998763,2713.764199999976
2020,48,36,84,Kr,True,10520.024700000067,17990.190399999963,10714.601599999936,19423.3946,-7104.774799999897,1021.2265999999363,2761.7002000000793
2020,47,37,84,Rb,True,8759.647699999856,19713.794600000023,7057.301100000041,16838.23499999987,-6294.859199999948,583.123799999943,2736.164799999795
2020,46,38,84,Sr,True,11923.277999999933,20782.150799999945,8867.906899999827,14635.725999999908,-5181.038399999961,765.9919999999693,2738.3369999999413
2020,45,39,84,Y,True,9760.081499999855,21972.972399999853,4385.789999999921,12284.565799999982,-4143.878399999929,441.67339999973774,2467.0
2020,44,40,84,Zr,True,13581.353299999959,23950.267200000002,6504.98909999989,9989.570399999968,-3535.1379999998026,1260.2978000000585,2722.393799999845
2020,43,41,84,Nb,True,11652.250499999966,,2571.1541000000434,7707.680799999973,-2470.5947999999626,,
2020,42,42,84,Mo,False,,,,,,,
2020,41,43,84,Tc,False,,,,,,,
2020,55,30,85,Zn,False,,,,,,,
2020,54,31,85,Ga,True,3721.239500000025,6629.564699999988,,,,,
2020,53,32,85,Ge,True,3046.3068999998504,8289.621899999911,16318.256499999901,,-9348.671899999841,,
2020,52,33,85,As,True,5406.899499999941,9662.451499999966,12329.683899999945,28509.95869999996,-7986.105499999947,1091.0522999999812,3229.478699999978
2020,51,34,85,Se,True,4537.228500000085,13215.73450000002,13849.048500000034,26015.147900000098,-8546.86540000001,3060.613000000012,3141.322400000179
2020,50,35,85,Br,True,8863.70140000002,15704.399399999995,9916.717000000062,23484.089000000036,-8467.083500000066,4245.556900000083,2883.8259000000544
2020,49,36,85,Kr,True,7112.307299999986,17632.332000000053,10986.210899999947,20717.732499999925,-7516.234300000011,2260.504500000039,2740.054899999872
2020,48,37,85,Rb,True,10479.686400000006,19239.33409999986,7016.962799999979,17731.564399999916,-6615.207099999883,666.2359999998007,2302.5766999998596
2020,47,38,85,Sr,True,8525.031700000167,20448.3097000001,8633.290900000138,15690.592000000179,-5832.00950000016,528.8921000001719,2868.791000000201
2020,46,39,85,Y,True,12019.010200000135,21779.09169999999,4481.522200000123,13349.42909999995,-4810.342700000037,460.19900000002235,2739.122800000012
2020,45,40,85,Zr,True,9824.820599999977,23406.173899999936,6569.728200000012,10955.518199999933,-4071.972099999897,1091.5813999997918,2667.9530999998096
2020,44,41,85,Nb,True,13157.165299999993,24809.41579999996,2146.966100000078,8651.955199999968,-2991.6809999999823,1071.9729999999981,2663.643400000059
2020,43,42,85,Mo,True,,,3604.8907999999356,6176.044899999979,-2410.2536999998847,,
2020,42,43,85,Tc,False,,,,,,,
2020,41,44,85,Ru,False,,,,,,,
2020,56,30,86,Zn,False,,,,,,,
2020,55,31,86,Ga,False,,,,,,,
2020,54,32,86,Ge,True,4347.823500000057,7394.130399999907,16944.840499999933,,-9510.882599999895,,
2020,53,33,86,As,True,3844.315500000026,9251.214999999967,13127.692500000121,29445.949000000022,-8456.3358,,3114.1827999999514
2020,52,34,86,Se,True,6160.843899999862,10698.072399999946,14602.992899999954,26932.6767999999,-7513.014599999879,1174.4027999999234,3166.611999999848
2020,51,35,86,Br,True,5128.096400000039,13991.797800000058,10507.584900000016,24356.63340000005,-7951.750400000019,2765.45000000007,2801.9456000000937
2020,50,36,86,Kr,True,9856.656500000041,16968.963800000027,11979.165999999968,21895.88300000003,-8096.695999999996,4400.70960000006,2661.989600000088
2020,49,37,86,Rb,True,8650.984400000074,19130.67080000008,8555.639900000067,19541.850800000015,-7673.243399999919,3126.03600000008,3411.886400000076
2020,48,38,86,Sr,True,11491.127099999809,20016.158799999976,9644.731599999941,16661.69439999992,-6356.222399999853,474.9959999999264,2977.978799999808
2020,47,39,86,Y,True,9512.28879999998,21531.299000000115,5468.7792999999365,14102.070200000075,-5520.202400000067,372.73400000017136,2635.6756000001915
2020,46,40,86,Zr,True,12865.148799999966,22689.969399999944,7415.866799999843,11897.388999999966,-4383.877399999881,887.4839999998221,2601.921199999866
2020,45,41,86,Nb,True,10925.69209999987,24082.857399999863,3247.83759999997,9817.565799999982,-3494.875799999805,902.729599999846,2703.3779999997932
2020,44,42,86,Mo,True,14672.485000000102,,5120.210500000045,7267.176600000123,-2921.7814000000944,,
2020,43,43,86,Tc,False,,,,,,,
2020,42,44,86,Ru,False,,,,,,,
2020,56,31,87,Ga,False,,,,,,,
2020,55,32,87,Ge,False,,,,,,,
2020,54,33,87,As,True,4727.083699999959,8571.399199999985,13506.952700000023,30451.793199999956,-8785.695499999914,,3217.4880999999586
2020,53,34,87,Se,True,3994.277600000147,10155.121500000008,14752.955000000075,27880.647500000196,-7874.607000000076,1446.2144000001717,3193.045300000231
2020,52,35,87,Br,True,6330.746099999873,11458.842499999912,10677.487100000028,25280.47999999998,-6647.269099999918,933.6181999999098,2881.827999999863
2020,51,36,87,Kr,True,5515.170999999973,15371.827500000014,12366.240599999903,22873.82549999992,-7793.897599999909,3402.9292999999598,2796.3864999997895
2020,50,37,87,Rb,True,9922.113699999987,18573.09810000006,8621.097100000014,20600.263099999982,-8009.0000999999465,5315.866700000013,2908.9181999999564
2020,49,38,87,Sr,True,8428.29050000012,19919.417599999928,9422.037699999986,17977.677600000054,-7314.347200000077,2447.828699999838,3401.8372000000672
2020,48,39,87,Y,True,11806.603899999987,21318.892699999968,5784.256100000115,15428.987700000056,-6372.659399999888,483.43739999993704,3243.673800000106
2020,47,40,87,Zr,True,9449.443700000178,22314.592500000144,7353.021700000041,12821.800999999978,-4974.448300000047,641.1355000002077,2576.068600000115
2020,46,41,87,Nb,True,12811.750700000091,23737.44279999996,3194.439500000095,10610.306299999938,-4093.735599999898,843.5424999999814,2511.9973999998765
2020,45,42,87,Mo,True,10845.209099999978,25517.69410000008,5039.727500000154,8287.565100000123,-3398.0766000000294,1244.9343000001973,2225.01520000014
2020,44,43,87,Tc,True,,,868.1012999998638,5988.3117999999085,-2502.065199999837,,
2020,43,44,87,Ru,False,,,,,,,
2020,57,31,88,Ga,False,,,,,,,
2020,56,32,88,Ge,False,,,,,,,
2020,55,33,88,As,False,,,,,,,
2020,54,34,88,Se,True,5529.391999999876,9523.669600000023,15555.263299999991,29062.216000000015,-8160.683999999892,1465.0175999999046,3409.2210000000196
2020,53,35,88,Br,True,4895.601700000116,11226.347799999989,11578.811199999996,26331.76620000007,-7287.318800000008,1799.378000000026,3104.2234000001336
2020,52,36,88,Kr,True,7053.083199999994,12568.254199999967,13088.577700000023,23766.06480000005,-6168.474799999967,1157.6543999999994,2928.4689999999246
2020,51,37,88,Rb,True,6082.521100000013,16004.6348,9188.447200000053,21554.687799999956,-7250.823199999984,3105.43200000003,3088.841000000015
2020,50,38,88,Sr,True,11112.87229999993,19541.16280000005,10612.796299999929,19233.893399999943,-7907.194799999939,5369.206199999899,3805.032799999928
2020,49,39,88,Y,True,9351.961099999957,21158.564999999944,6707.926699999953,16129.964399999939,-6964.972799999989,2818.047799999942,3189.519199999864
2020,48,40,88,Zr,True,12353.041699999943,21802.48540000012,7899.459499999997,13683.715600000112,-5404.212000000058,516.1776000001701,2562.1338000000687
2020,47,41,88,Nb,True,10368.377099999925,23180.127800000017,4113.372899999842,11466.394599999883,-4702.0311999999685,547.512199999881,2335.3089999997756
2020,46,42,88,Mo,True,13873.051499999943,24718.26059999992,6101.028300000005,9295.4678000001,-3689.774800000014,1089.6611999998568,2520.277400000021
2020,45,43,88,Tc,True,12051.56810000015,,2074.460300000035,7114.187800000189,-2901.3828000000212,,
2020,44,44,88,Ru,False,,,,,,,
2020,43,45,88,Rh,False,,,,,,,
2020,57,32,89,Ge,False,,,,,,,
2020,56,33,89,As,False,,,,,,,
2020,55,34,89,Se,True,3179.5150999999605,8708.907099999837,,,-8293.892200000002,978.541999999783,
2020,54,35,89,Br,True,5629.622599999886,10525.224300000002,11679.041800000006,27234.305099999998,-7510.041899999953,1549.559899999993,3185.591800000053
2020,53,36,89,Kr,True,4915.8150000000605,11968.898200000054,13108.790999999968,24687.602199999965,-6547.061299999943,1388.081500000204,2993.5015000001295
2020,52,37,89,Rb,True,7174.710300000035,13257.231400000048,9310.074300000095,22398.65200000012,-5561.8321,1081.9458000002196,3181.7864000002155
2020,51,38,89,Sr,True,6358.71660000016,17471.58890000009,10888.991800000076,20077.43900000013,-7153.604100000113,3886.0290000003297,3812.930100000347
2020,50,39,89,Y,True,11483.494200000074,20835.45530000003,7078.5486000000965,17691.344900000026,-7968.780600000056,6052.703200000105,4186.578600000008
2020,49,40,89,Zr,True,9320.415299999993,21673.456999999937,7867.913700000034,14575.840399999986,-6199.595599999884,2513.199600000051,2667.036300000036
2020,48,41,89,Nb,True,12525.523200000054,22893.90029999998,4285.854399999953,12185.31389999995,-5208.5441999998875,738.9925999998813,2246.4736999998568
2020,47,42,89,Mo,True,10399.70829999994,24272.759799999883,6132.3595000000205,10245.732399999863,-4264.662499999977,936.231099999859,2442.894599999767
2020,46,43,89,Tc,True,13795.871799999964,25847.439900000114,1997.2806000000564,8098.308900000062,-3540.0892999999924,1113.0083000001032,
2020,45,44,89,Ru,True,,,3988.0895999999484,6062.549899999984,-3284.581600000034,,
2020,44,45,89,Rh,False,,,,,,,
2020,58,32,90,Ge,False,,,,,,,
2020,57,33,90,As,False,,,,,,,
2020,56,34,90,Se,True,4879.136900000158,8058.652000000118,,,-8825.205600000103,,
2020,55,35,90,Br,True,3797.3472000000766,9426.969799999963,12296.873900000122,,-7463.073600000003,1051.8231999999844,
2020,54,36,90,Kr,True,6494.784799999907,11410.599799999967,13973.953199999989,25652.994999999995,-6881.002199999988,1457.8907999999356,3166.942000000039
2020,53,37,90,Rb,True,5724.492499999935,12899.20279999997,10118.751799999969,23227.542799999937,-6158.228199999896,1349.6907999998657,3198.6759999998612
2020,52,38,90,Sr,True,7813.239999999991,14171.95660000015,11527.521500000032,20837.595800000126,-5110.187600000063,1112.8996000003535,3751.5792000002693
2020,51,39,90,Y,True,6857.022999999928,18340.517200000002,7576.854999999865,18465.84679999994,-6174.819199999911,3878.294399999897,3931.5235999998404
2020,50,40,90,Zr,True,11965.892499999958,21286.30779999995,8350.311999999918,15428.860600000015,-6674.3610000000335,5457.195199999958,2814.8811999999452
2020,49,41,90,Nb,True,10107.092400000081,22632.615600000136,5072.531500000041,12940.445200000075,-5803.347799999989,2698.2204000001075,2098.3272000001743
2020,48,42,90,Mo,True,13228.891100000124,23628.599400000065,6835.727400000091,11121.581800000044,-4628.404800000135,849.8940000000875,2414.93880000012
2020,47,43,90,Tc,True,11401.153799999971,25197.025599999935,2998.726100000087,9131.085600000108,-4015.551000000094,853.3776000000071,2278.7444000001997
2020,46,44,90,Ru,True,14585.69200000004,,4777.909800000023,6775.1904000000795,-3197.7885999999708,,2301.952400000184
2020,45,45,90,Rh,False,,,,,,,
2020,44,46,90,Pd,False,,,,,,,
2020,58,33,91,As,False,,,,,,,
2020,57,34,91,Se,True,2851.228199999896,7730.365100000054,,,,,
2020,56,35,91,Br,True,5178.317199999932,8975.664400000009,12596.054199999897,,-7914.307099999976,1050.0968000000576,
2020,55,36,91,Kr,True,4086.0318999999436,10580.81669999985,14262.637899999856,26559.51179999998,-6972.756499999785,1276.1490999996895,2869.6971999998204
2020,54,37,91,Rb,True,6450.7930999998935,12175.285599999828,10074.760099999956,24048.713299999945,-6278.275199999916,1157.7929999998305,2988.6621999999043
2020,53,38,91,Sr,True,5772.319899999769,13585.55989999976,11575.348899999866,21694.100699999835,-5367.336499999859,1009.0292999995872,3646.082499999786
2020,52,39,91,Y,True,7925.729099999997,14782.752099999925,7689.344099999871,19216.865599999903,-4178.4345999999205,764.280999999959,3777.400999999838
2020,51,40,91,Zr,True,7194.364899999928,19160.257399999886,8687.653899999917,16264.508899999782,-5440.435399999842,3791.1881999998586,2775.081299999729
2020,50,41,91,Nb,True,12047.815300000017,22154.907700000098,5154.4543000000995,13504.766300000018,-6044.559200000018,5437.4573000001255,1958.7390000000596
2020,49,42,91,Mo,True,10107.6375999999,23336.528700000024,6836.272599999909,11908.80409999995,-5286.598699999857,2595.647800000035,2322.975599999889
2020,48,43,91,Tc,True,13333.27780000004,24734.43160000001,3103.1128000000026,9938.840200000093,-4537.0781000000425,972.3368000000482,2335.746500000125
2020,47,44,91,Ru,True,11427.355699999956,26013.047699999996,4804.111700000009,7802.837800000096,-3779.935199999949,893.5283000000054,2482.9254000000656
2020,46,45,91,Rh,False,,,,,,,
2020,45,46,91,Pd,False,,,,,,,
2020,59,33,92,As,False,,,,,,,
2020,58,34,92,Se,False,,,,,,,
2020,57,35,92,Br,True,3196.829400000046,8375.146599999978,12941.655400000047,,,,
2020,56,36,92,Kr,True,5866.677100000088,9952.709000000032,14950.997800000012,27547.05199999991,-7310.041599999997,1231.6197999999858,2892.718399999896
2020,55,37,92,Rb,True,5098.718900000211,11549.512000000104,11087.447100000223,25350.08500000008,-6481.392400000012,1616.5284000001848,3193.115800000145
2020,54,38,92,Sr,True,7286.737100000028,13059.056999999797,12411.2929,22486.052999999956,-5600.990399999893,938.0673999997089,3506.1465999997454
2020,53,39,92,Y,True,6536.493700000108,14462.222800000105,8453.51790000021,20028.866800000076,-4632.407200000016,784.6084000001429,3898.3600000001024
2020,52,40,92,Zr,True,8634.747700000065,15829.112599999993,9396.672499999986,17086.016599999857,-2962.3107999999775,876.1657999998424,2553.0147999997716
2020,51,41,92,Nb,True,7886.579900000012,19934.395200000028,5846.669300000183,14534.3232000001,-4579.178000000073,3875.98880000005,2251.342200000072
2020,50,42,92,Mo,True,12671.067800000077,22778.705399999977,7459.52509999997,12613.97940000007,-5604.6247999999905,5030.570399999968,2261.021800000104
2020,49,43,92,Tc,True,11010.370199999888,24343.64799999993,4005.845399999991,10842.1179999999,-5179.071200000006,2968.3897999997716,2282.25579999981
2020,48,44,92,Ru,True,14132.696299999952,25560.05199999991,5603.530199999921,8706.642999999924,-4039.579999999958,1135.03199999989,2327.6301999998977
2020,47,45,92,Rh,True,,,2048.2294999998994,6852.341199999908,-3753.704399999813,,
2020,46,46,92,Pd,True,,,,4473.237999999896,,,
2020,45,47,92,Ag,False,,,,,,,
2020,59,34,93,Se,False,,,,,,,
2020,58,35,93,Br,True,4728.738199999905,7925.567599999951,,,,,
2020,57,36,93,Kr,True,3437.9905000000726,9304.66760000016,15192.158900000039,28133.814300000085,-7568.517000000109,1139.1096000001999,2574.592300000135
2020,56,37,93,Rb,True,5918.773699999787,11017.492599999998,11139.543699999922,26090.541499999934,-6770.5434999999125,1604.4497999998275,2924.567199999816
2020,55,38,93,Sr,True,5289.793500000145,12576.530600000173,12602.367499999935,23689.814600000158,-5974.968899999978,1402.4556000002194,3537.7741000002716
2020,54,39,93,Y,True,7481.977399999858,14018.471099999966,8648.75820000004,21060.05110000004,-4939.674299999839,895.0552999998908,3922.989799999981
2020,53,40,93,Zr,True,6734.321499999962,15369.069200000027,9594.50029999984,18048.01820000005,-3337.9156999997795,688.5163000000175,2880.2293000000063
2020,52,41,93,Nb,True,8830.87049999996,16717.450399999972,6042.792100000079,15439.464600000065,-1926.5542999999598,1001.3826000000117,2053.005800000159
2020,51,42,93,Mo,True,8069.813099999912,20740.88089999999,7642.75829999987,13489.427600000054,-4354.022599999909,3693.4503999999724,2260.8040999999503
2020,50,43,93,Tc,True,12751.724600000074,23762.094799999963,4086.502199999988,11546.027299999958,-5405.272600000026,5204.212900000042,2233.583400000003
2020,49,44,93,Ru,True,10986.823100000038,25119.51939999999,5579.98310000007,9585.828500000061,-4626.694800000056,2735.843499999959,2258.693100000033
2020,48,45,93,Rh,True,14084.0303000001,,1999.5635000000475,7603.0936999999685,-4041.862899999949,,
2020,47,46,93,Pd,True,12274.03010000009,,3271.6829000001308,5319.91240000003,-3037.2976999999955,,
2020,46,47,93,Ag,False,,,,,,,
2020,60,34,94,Se,False,,,,,,,
2020,59,35,94,Br,False,,,,,,,
2020,58,36,94,Kr,True,5283.098699999973,8721.089200000046,15746.519400000107,,-7972.478799999924,844.5568000000203,
2020,57,37,94,Rb,True,4014.2099000001326,9932.98359999992,11715.763099999982,26907.92200000002,-6987.4061999999685,998.7923999999184,2562.7931999999564
2020,56,38,94,Sr,True,6831.196099999943,12120.989600000088,13514.78990000009,24654.333600000013,-6311.380200000014,1905.8296000000555,3483.2504000001354
2020,55,39,94,Y,True,6195.637000000104,13677.614399999962,9554.6017,22156.969199999934,-5410.818800000008,1556.4711999999126,4327.675599999959
2020,54,40,94,Zr,True,8218.625300000189,14952.94680000015,10331.14820000017,18979.90640000021,-3743.3009999999776,640.7804000003962,2876.408800000325
2020,53,41,94,Nb,True,7227.535900000017,16058.406399999978,6536.006500000134,16130.506799999974,-2297.0672000000486,682.0052000000142,2099.977599999984
2020,52,42,94,Mo,True,9678.321900000097,17748.13500000001,8490.209700000007,14533.001800000085,-2066.4520000000484,1224.6924000000581,2288.7592000000877
2020,51,43,94,Tc,True,8623.533600000083,21375.258200000157,4640.2227000001585,12282.981000000029,-3921.713800000027,3569.3036000002176,2175.6312000000617
2020,50,44,94,Ru,True,13438.19689999998,24425.02000000002,6266.455399999977,10352.957599999965,-4836.000599999912,4785.599999999977,2175.1984000001103
2020,49,45,94,Rh,True,11967.13870000001,26051.16900000011,2979.87910000002,8559.86220000009,-4607.847799999989,3128.4232000000775,2377.903600000078
2020,48,46,94,Pd,True,15191.796699999948,27465.82680000004,4379.449299999978,6379.012800000026,-3643.4023999999044,1242.0604000001913,
2020,47,47,94,Ag,False,,,,,,,
2020,46,48,94,Cd,False,,,,,,,
2020,61,34,95,Se,False,,,,,,,
2020,60,35,95,Br,False,,,,,,,
2020,59,36,95,Kr,True,2882.4592999999877,8165.557999999961,,,-8003.709900000016,758.3499999999767,
2020,58,37,95,Rb,True,5398.832900000038,9413.04280000017,11831.497300000046,27578.016700000153,-7207.921900000074,641.5709000001661,2774.928000000189
2020,57,38,95,Sr,True,4342.878900000011,11174.074999999953,13843.458899999969,25559.22199999995,-6568.227200000081,1568.0441999998875,3161.869100000011
2020,56,39,95,Y,True,6927.778799999971,13123.415800000075,9651.184400000027,23165.974300000118,-5887.804500000086,2073.2586000000592,4193.167500000098
2020,55,40,95,Zr,True,6461.927599999821,14680.55290000001,10597.438799999887,20152.040499999886,-4432.908700000029,1261.1655000000028,3689.33629999985
2020,54,41,95,Nb,True,8488.531899999944,15716.06779999996,6805.913099999889,17137.06130000006,-2859.8699999999953,756.9064999999246,2120.9610000001267
2020,53,42,95,Mo,True,7369.1085999999195,17047.430500000017,8631.78239999991,15167.788900000043,-2241.1957000000402,1071.9623000000138,2181.1526000000304
2020,52,43,95,Tc,True,9934.348299999838,18557.88189999992,4896.249099999899,13386.458799999906,-1808.246799999848,1212.1725999999326,2232.307999999961
2020,51,44,95,Ru,True,8945.47900000005,22383.67590000003,6588.400799999945,11228.623500000103,-3673.8420000000624,3578.232600000105,2302.5914000001503
2020,50,45,95,Rh,True,13504.306299999938,25471.44499999995,3045.9884999999776,9312.443899999955,-4778.876299999887,5071.856200000038,2171.086699999869
2020,49,46,95,Pd,True,11934.94570000004,27126.74239999999,4347.256300000008,7327.135400000028,-4150.992399999988,3144.1698000000324,1981.0758000001078
2020,48,47,95,Ag,False,,,,,,,
2020,47,48,95,Cd,False,,,,,,,
2020,61,35,96,Br,False,,,,,,,
2020,60,36,96,Kr,True,4994.073100000038,7876.5324000000255,,,,,
2020,59,37,96,Rb,True,3535.3582999999635,8934.191200000001,12484.396300000022,,-7546.450799999991,-223.24520000000484,
2020,58,38,96,Sr,True,5872.281100000022,10215.160000000033,14316.907099999953,26148.4044,-6573.831200000015,568.3806000001496,3206.954800000065
2020,57,39,96,Y,True,5193.364400000079,12121.14320000005,10501.669900000095,24345.128800000064,-5982.449999999953,2019.7380000001285,4572.554400000139
2020,56,40,96,Zr,True,7850.238799999934,14312.166399999755,11519.89879999985,21171.083199999877,-4996.410399999935,2326.6399999996647,3916.028199999826
2020,55,41,96,Nb,True,6887.86930000002,15376.401199999964,7231.854800000088,17829.293599999975,-3211.2455999999074,1311.9771999999648,2421.9658000000054
2020,54,42,96,Mo,True,9154.334000000032,16523.44259999995,9297.584499999997,16103.497599999886,-2760.7820000000065,1059.7188000000315,2095.573599999887
2020,53,43,96,Tc,True,7871.606300000101,17805.95459999994,5398.746800000081,14030.52919999999,-1793.2731999999378,1052.7547999999952,2099.017600000021
2020,52,44,96,Ru,True,10693.940999999992,19639.420000000042,7347.993500000099,12244.242599999998,-1696.715199999977,1352.2960000000894,2425.7003999999724
2020,51,45,96,Rh,True,9418.439500000095,22922.745800000033,3518.9490000000224,10107.349799999967,-3186.9456000000937,3292.6294000000926,2150.7189999999246
2020,50,46,96,Pd,True,14288.820699999807,26223.766399999848,5131.770699999877,8177.759199999855,-4307.116799999843,4943.563399999635,2146.8069999996806
2020,49,47,96,Ag,True,,,1834.7023000000045,6181.958600000013,-3937.4652000000933,,
2020,48,48,96,Cd,False,,,,,,,
2020,47,49,96,In,False,,,,,,,
2020,62,35,97,Br,False,,,,,,,
2020,61,36,97,Kr,True,2413.1348999999464,7407.207999999984,,,,,
2020,60,37,97,Rb,True,5236.113600000041,8771.471900000004,12726.436800000025,,-8053.826200000127,26.831300000078045,
2020,59,38,97,Sr,True,3733.749700000044,9606.030800000066,14515.298500000034,26999.694800000056,-6869.590399999986,-474.4523999998346,3385.7631000000983
2020,58,39,97,Y,True,5856.792799999937,11050.157200000016,10486.18160000001,24803.088699999964,-5920.469100000104,379.24620000016876,4005.2598
2020,57,40,97,Zr,True,5569.148600000073,13419.387400000007,11895.682999999844,22397.35289999994,-5275.765499999863,2596.7777999999234,4785.996500000008
2020,56,41,97,Nb,True,8071.292000000016,14959.161300000036,7452.90800000017,18972.80680000002,-3800.5602000000654,2083.9820000000764,2669.7920999999624
2020,55,42,97,Mo,True,6821.134199999971,15975.468200000003,9230.849399999948,16462.704200000037,-2847.594700000016,1407.4286000001011,1804.079599999939
2020,54,43,97,Tc,True,9474.102999999886,17345.709299999988,5718.515799999936,15016.100299999933,-2436.5056999998633,1099.6335999998264,2078.0699999998324
2020,53,44,97,Ru,True,8111.502299999935,18805.443299999926,7587.889499999932,12986.636300000013,-1738.4043999999994,1157.9867999998387,2346.399800000014
2020,52,45,97,Rh,True,10981.149299999815,20399.58879999991,3806.157299999846,11154.150799999945,-1416.370299999835,1269.9999999997672,2461.29049999977
2020,51,46,97,Pd,True,9693.751900000148,23982.572599999956,5407.083099999931,8926.032099999953,-3014.045599999954,3462.9248999999836,2222.804599999916
2020,50,47,97,Ag,True,14463.704900000012,,2009.5865000002086,7141.357200000086,-4317.1398000000045,,
2020,49,48,97,Cd,True,,,3511.357299999916,5346.0595999999205,-4177.139599999879,,
2020,48,49,97,In,False,,,,,,,
2020,63,35,98,Br,False,,,,,,,
2020,62,36,98,Kr,False,,,,,,,
2020,61,37,98,Rb,True,3921.3227999999654,9157.436400000006,14234.624700000044,,,1118.0676000000676,
2020,60,38,98,Sr,True,5913.029699999839,9646.779399999883,15192.214599999832,27918.651399999857,-7499.521399999852,109.03239999979269,3390.364399999846
2020,59,39,98,Y,True,4244.612399999984,10101.405199999921,10997.04429999995,25512.342799999984,-6150.871599999955,-1073.717200000072,3431.900399999926
2020,58,40,98,Zr,True,6416.377800000017,11985.52640000009,12455.267999999924,22941.449599999934,-4860.947199999937,751.90960000013,3452.2327999998815
2020,57,41,98,Nb,True,5993.131999999983,14064.423999999999,7876.8914000000805,19772.574399999925,-3598.0551999999443,1655.1507999999449,2698.291199999978
2020,56,42,98,Mo,True,8642.589599999948,15463.72379999992,9802.14699999988,17255.05500000005,-3271.5589999997756,1244.0355999998283,1565.6967999999179
2020,55,43,98,Tc,True,7279.096800000058,16753.199799999944,6176.478400000022,15407.32779999997,-2488.0665999999037,1021.8203999999678,1670.4684000000125
2020,54,44,98,Ru,True,10175.621700000018,18287.123999999953,8289.408200000064,14007.923999999999,-2235.70419999992,1141.9659999998985,2442.176000000094
2020,53,45,98,Rh,True,8648.967100000125,19630.11639999994,4343.622100000037,11931.511599999969,-1441.8037999998778,1071.5688000000082,2390.814000000013
2020,52,46,98,Pd,True,11586.451100000064,21280.203000000212,6012.384900000179,9818.542200000025,-1162.299800000037,1245.8732000003802,2366.982400000212
2020,51,47,98,Ag,True,10233.713100000052,24697.418000000063,2549.547700000112,7956.630800000043,-2583.714200000046,3483.2348000002094,2266.9676000002073
2020,50,48,98,Cd,True,14973.713300000061,,4021.3656999999657,6030.952200000174,-3959.056199999992,,1941.2916000002297
2020,49,49,98,In,False,,,,,,,
2020,63,36,99,Kr,False,,,,,,,
2020,62,37,99,Rb,True,4823.317799999961,8744.640599999926,,,,1155.7342999998946,
2020,61,38,99,Sr,True,4167.4535000000615,10080.4831999999,15438.345299999928,29672.969999999972,-8784.515599999926,1131.4585999998963,4452.5625999999465
2020,60,39,99,Y,True,6426.298599999864,10670.910999999847,11510.313199999975,26702.527799999807,-7178.337299999781,117.21669999975711,3876.828499999712
2020,59,40,99,Zr,True,4406.231800000067,10822.609600000083,12616.887400000007,23613.931699999957,-4924.300099999993,-864.3492999998853,3132.7007999999914
2020,58,41,99,Nb,True,6882.0472999999765,12875.17929999996,8342.56090000004,20797.828899999964,-3552.32369999995,176.39789999998175,2210.6363999999594
2020,57,42,99,Mo,True,5925.449999999953,14568.039599999902,9734.464999999851,17611.35639999993,-2735.081399999908,875.5554999997839,1045.4121999997878
2020,56,43,99,Tc,True,8966.978900000104,16246.075700000161,6500.867700000177,16303.014700000058,-2966.513600000064,1086.7186000002548,1640.5170000002254
2020,55,44,99,Ru,True,7471.83480000007,17647.456500000088,8482.146200000076,14658.624600000097,-2338.43040000007,1172.0973000001395,2273.9270000001416
2020,54,45,99,Rh,True,10480.621700000018,19129.588800000143,4648.622100000037,12938.0303000001,-1988.077200000058,1159.0457000002498,2610.2279000000563
2020,53,46,99,Pd,True,8933.196599999908,20519.647699999972,6296.614399999962,10640.236499999999,-1150.0173999998951,1127.730099999928,2408.6875999999465
2020,52,47,99,Ag,True,11717.378799999948,21951.0919,2680.4753999999957,8692.860300000175,-796.7867000000551,1186.560999999987,2282.4999000002863
2020,51,48,99,Cd,True,10366.027200000011,25339.740500000073,4153.679799999925,6703.227500000037,-2390.137699999963,3291.771400000085,1750.7911000001477
2020,50,49,99,In,False,,,,,,,
2020,49,50,99,Sn,False,,,,,,,
2020,64,36,100,Kr,False,,,,,,,
2020,63,37,100,Rb,True,3216.0509999999776,8039.368799999938,,,,910.3001999999397,
2020,62,38,100,Sr,True,5370.293500000029,9537.74700000009,15985.320999999996,,-9160.735999999917,1053.2944000001298,
2020,61,39,100,Y,True,4748.823800000129,11175.122399999993,12091.683500000043,27530.02879999997,-8391.802799999947,1181.0779999999795,3975.053799999994
2020,60,40,100,Zr,True,6827.384999999893,11233.61679999996,13017.973800000036,24528.28700000001,-5879.403999999864,-117.71120000013616,2762.2081999998773
2020,59,41,100,Nb,True,5527.225900000078,12409.273200000054,9463.555000000051,22080.442400000058,-3886.185199999949,-240.38179999985732,2720.8296000000555
2020,58,42,100,Mo,True,8294.238200000138,14219.688200000091,11146.655900000012,19489.216800000053,-3179.0808000001125,709.2094000000507,1997.8718000000808
2020,57,43,100,Tc,True,6764.400499999872,15731.379399999976,7339.818200000096,17074.283199999947,-2843.044799999916,1036.7765999998664,1733.9795999999624
2020,56,44,100,Ru,True,9673.323199999984,17145.158000000054,9188.490499999956,15689.358200000133,-2857.419600000023,1123.4830000001239,2435.8408000002382
2020,55,45,100,Rh,True,8077.925899999915,18558.547599999933,5254.713199999882,13736.859399999958,-2194.3967999998713,1223.7239999999292,2503.349399999832
2020,54,46,100,Pd,True,11101.133199999924,20034.329799999832,6917.125899999868,11565.747999999905,-1557.2095999998273,1201.402399999788,2540.7835999998497
2020,53,47,100,Ag,True,9496.804399999906,21214.183199999854,3244.0831999999937,9540.697599999956,-875.1515999998664,962.8231999997515,2405.8337999997893
2020,52,48,100,Cd,True,12334.78339999984,22700.81059999985,4771.084399999818,7451.559799999814,-436.1003999999957,1093.0761999997776,2133.3171999996994
2020,51,49,100,In,True,,,1535.98339999991,5689.663199999835,-2091.4187999998685,,
2020,50,50,100,Sn,True,,,,4089.6605999999447,,,
2020,65,36,101,Kr,False,,,,,,,
2020,64,37,101,Rb,True,4372.855300000054,7588.9063000000315,,,,,
2020,63,38,101,Sr,True,3578.7310999999754,8949.024600000004,16348.001099999994,,-10326.332199999946,,
2020,62,39,101,Y,True,5804.870499999961,10553.69430000009,12526.260499999975,28511.58149999997,-8960.559699999867,1008.8140000001295,3959.765999999945
2020,61,40,101,Zr,True,4859.573900000076,11686.958899999969,13128.723899999983,25220.407400000026,-7005.228199999896,896.3217000000877,2849.1197000000393
2020,60,41,101,Nb,True,7171.5554999999,12698.781399999978,9807.725500000059,22825.699300000095,-5200.947899999912,418.9708999999566,2535.3213000000687
2020,59,42,101,Mo,True,5398.24589999998,13692.484100000118,11017.675899999915,20481.230899999966,-3008.178100000019,115.4684000001289,2156.0800000000745
2020,58,43,101,Tc,True,8394.956600000034,15159.357099999906,7440.536599999992,18587.192500000005,-3166.7093999999342,757.390199999907,2322.1410000000615
2020,57,44,101,Ru,True,6802.035999999964,16475.359199999948,9226.126000000047,16565.944200000144,-2838.3214000000153,1023.6684000000823,2489.128300000215
2020,56,45,101,Rh,True,9892.617199999979,17970.543099999893,5474.007199999876,14662.497699999833,-2612.9109999999637,1208.6321999998763,2694.278899999801
2020,55,46,101,Pd,True,8290.78440000012,19391.917600000044,7129.984400000074,12384.697599999956,-1736.4917000000132,1224.4401000001235,2587.267899999977
2020,54,47,101,Ag,True,11267.726500000106,20764.530900000012,3410.676500000176,10327.802400000044,-1161.7288000001572,1153.5714000001317,2451.8492000001715
2020,53,48,101,Cd,True,9713.185700000147,22047.969099999988,4987.465700000059,8231.548900000053,-455.5341999999946,1090.170700000017,
2020,52,49,101,In,True,12438.076000000001,,1639.2760000000708,6410.360399999889,-65.78989999985788,,
2020,51,50,101,Sn,True,11228.802999999956,,3416.4529999999795,4952.4363999998895,-1996.514499999932,,
2020,65,37,102,Rb,True,2756.213299999945,7129.068599999999,,,,,
2020,64,38,102,Sr,True,4905.721499999985,8484.45259999996,16880.867299999925,,,,
2020,63,39,102,Y,True,4189.1739000000525,9994.044400000013,13136.703300000052,29484.704400000046,-9228.410799999954,,4268.406000000075
2020,62,40,102,Zr,True,6491.75410000002,11351.328000000096,13815.607500000042,26341.868000000017,-7583.952600000077,1072.4624000001932,3001.6008000000147
2020,61,41,102,Nb,True,5478.099500000011,12649.654999999912,10426.251099999994,23554.974999999977,-6434.4349999999395,994.2871999999043,2776.3319999999367
2020,60,42,102,Mo,True,8112.232900000061,13510.47880000004,11958.353300000075,21766.078800000134,-4704.0332000000635,584.9624000000767,2653.238400000264
2020,59,43,102,Tc,True,6299.646200000076,14694.60280000011,8341.936900000088,19359.612800000003,-3473.2236000000266,625.9176000001607,2395.2452000001213
2020,58,44,102,Ru,True,9219.638999999966,16021.67499999993,10050.80839999998,17491.344999999972,-3415.3708000000333,889.7007999999914,2624.7060000000056
2020,57,45,102,Rh,True,7442.206400000025,17334.823600000003,6114.177599999937,15340.303599999985,-2776.0205999999307,1016.156799999997,2429.207199999946
2020,56,46,102,Pd,True,10542.142999999924,18832.927400000044,7779.510200000019,13253.517399999895,-2103.012999999919,1198.1308000000427,2610.1519999998854
2020,55,47,102,Ag,True,8983.633499999996,20251.360000000102,4103.525600000052,11233.510000000126,-1496.3952000000281,1238.9500000001863,2719.5880000002217
2020,54,48,102,Cd,True,11894.548699999927,21607.734400000074,5614.287899999879,9024.964400000055,-763.6317999998573,1156.4060000000754,2479.6631999999518
2020,53,49,102,In,True,10221.307800000184,22659.383800000185,2147.3981000001077,7134.8638000001665,-53.384599999990314,1028.9656000003451,
2020,52,50,102,Sn,True,12700.589600000065,23929.39260000002,3678.9666000000434,5318.242600000114,276.60920000006445,1094.5995999999577,6048.372800000128
2020,51,51,102,Sb,False,,,,,,,
2020,66,37,103,Rb,False,,,,,,,
2020,65,38,103,Sr,False,,,,,,,
2020,64,39,103,Y,True,5355.706399999908,9544.88029999996,13586.688199999975,30467.5554999999,-9760.799399999902,,4431.103799999924
2020,63,40,103,Zr,True,4298.883099999861,10790.637199999881,13925.31669999985,27062.019999999902,-7715.382199999876,998.7182999997167,2962.2760999997845
2020,62,41,103,Nb,True,6801.71100000001,12279.810500000021,10736.207999999984,24551.815500000026,-6809.847400000086,1250.2940000001108,2716.234499999904
2020,61,42,103,Mo,True,5464.782799999928,13577.015699999989,11945.036599999992,22371.287699999986,-5762.584199999925,1057.9222999999765,2813.1413000000175
2020,60,43,103,Tc,True,8102.320699999924,14401.9669,8332.02469999995,20290.378000000026,-4693.496999999974,576.9533999998821,2465.085000000079
2020,59,44,103,Ru,True,6232.051799999899,15451.690799999866,9983.213999999803,18325.15089999989,-3721.972599999979,641.6795999997994,2596.4631999997655
2020,58,45,103,Rh,True,9319.704499999993,16761.910900000017,6214.243099999963,16265.051499999943,-3128.7461999998195,799.702500000014,2647.9655999998795
2020,57,46,103,Pd,True,7625.334499999997,18167.47749999992,7962.638299999991,14076.815899999929,-2256.5126999998465,1063.9148999998579,2622.011799999862
2020,56,47,103,Ag,True,10627.325999999885,19610.95949999988,4188.708600000013,11968.218800000031,-1643.0994999998948,1200.1814999998314,2552.402299999958
2020,55,48,103,Cd,True,9063.249700000044,20957.79839999997,5693.904099999927,9797.429699999979,-893.6848999999929,1132.9464999999618,2533.1188000000548
2020,54,49,103,In,True,12008.815899999812,22230.123699999996,2261.6652999999933,7875.953199999873,-344.8216999998549,1079.3008999999147,3914.9113999998663
2020,53,50,103,Sn,False,,,,,,,
2020,52,51,103,Sb,False,,,,,,,
2020,67,37,104,Rb,False,,,,,,,
2020,66,38,104,Sr,False,,,,,,,
2020,65,39,104,Y,False,,,,,,,
2020,64,40,104,Zr,True,5979.982500000042,10278.865599999903,14549.592799999984,28136.28099999996,-8325.07119999989,,3147.993399999803
2020,63,41,104,Nb,True,4853.656799999997,11655.367800000007,11290.98170000012,25216.29839999997,-6914.680399999954,1121.0564000000013,2673.1091999998316
2020,62,42,104,Mo,True,7460.733600000036,12925.516399999964,12604.059200000018,23340.267200000002,-6395.932800000068,998.6303999999072,2782.818800000008
2020,61,43,104,Tc,True,5966.364500000025,14068.685199999949,8833.606400000048,20778.64300000004,-5132.635599999921,648.7711999998428,2337.0108000001637
2020,60,44,104,Ru,True,8899.92240000004,15131.974199999939,10780.81569999992,19112.84039999987,-4327.656799999881,761.8497999998508,2723.119199999841
2020,59,45,104,Rh,True,6998.962300000014,16318.666800000006,6981.153600000078,16964.36759999988,-3363.307999999961,772.7170000000624,2403.3697999998694
2020,58,46,104,Pd,True,10009.462100000004,17634.7966,8652.395900000003,14866.638999999966,-2592.6515999998664,979.7402000000002,2551.6677999999374
2020,57,47,104,Ag,True,8385.084000000032,19012.409999999916,4948.458100000047,12911.096400000039,-1950.2576000000117,1043.8417999999365,2841.478599999915
2020,56,48,104,Cd,True,11388.078699999955,20451.3284,6454.656799999997,10643.36540000001,-1180.6304000000237,1144.9259999999776,2680.1183999999193
2020,55,49,104,In,True,9621.602300000028,21630.41819999984,2820.017899999977,8513.921999999904,-469.61959999997634,1062.3123999997042,3645.359599999967
2020,54,50,104,Sn,True,,22834.793000000063,4283.63590000011,6545.301200000104,142.62679999985266,965.518800000078,5374.657600000151
2020,53,51,104,Sb,False,,,,,,,
2020,52,52,104,Te,True,,,,-730.1302000000142,5096.400000000023,,
2020,67,38,105,Sr,False,,,,,,,
2020,66,39,105,Y,False,,,,,,,
2020,65,40,105,Zr,True,3811.9364000001224,9791.918900000164,,,-8558.276500000036,,
2020,64,41,105,Nb,True,6175.859699999914,11029.51649999991,11486.858899999992,26036.451699999976,-7285.6695999999065,1078.620399999898,2624.088899999857
2020,63,42,105,Mo,True,5058.3597999999765,12519.093400000012,12808.762199999997,24099.743900000118,-6594.7186999999685,1162.2754000000423,2990.0257000001147
2020,62,43,105,Tc,True,7858.649000000092,13825.013500000117,9231.521800000104,21835.581000000122,-5819.729100000113,1218.7152000002097,2680.2300000003306
2020,61,44,105,Ru,True,5910.088800000027,14810.011200000066,10724.53999999992,19558.14639999997,-4839.4996999999275,739.3460000000196,2542.0921999999555
2020,60,45,105,Rh,True,8963.24609999999,15962.208400000003,7044.477300000028,17825.292999999947,-3931.597499999916,807.1369000000414,2691.9210999999195
2020,59,46,105,Pd,True,7094.100500000059,17103.562600000063,8747.534100000048,15728.687700000126,-2884.7160999999614,1006.1849000001093,2578.3254000002053
2020,58,47,105,Ag,True,10025.694000000018,18410.77800000005,4964.6900000000605,13617.085900000064,-2083.3344000000507,932.2836000000825,2543.322599999956
2020,57,48,105,Cd,True,8436.773200000054,19824.85190000001,6506.34600000002,11454.804100000067,-1326.6191999999573,1025.7311000000918,2698.467900000047
2020,56,49,105,In,True,11529.220500000054,21150.82280000008,2961.1597000000766,9415.816500000074,-731.1135999999242,1082.0979999999981,3825.2082000002265
2020,55,50,105,Sn,True,9782.259399999864,,4444.292999999947,7264.310899999924,73.5531000001356,,
2020,54,51,105,Sb,True,,,-322.59410000010394,3961.0418000000063,2104.4969000000274,,
2020,53,52,105,Te,True,11256.001600000076,,,,5069.2013999999035,,
2020,68,38,106,Sr,False,,,,,,,
2020,67,39,106,Y,False,,,,,,,
2020,66,40,106,Zr,False,,,,,,,
2020,65,41,106,Nb,True,4358.451700000092,10534.311400000006,12033.374199999962,,-7454.947399999946,1049.1523999999044,
2020,64,42,106,Mo,True,6868.52620000008,11926.886000000057,13501.428700000164,24988.287600000156,-6971.490800000029,1162.9524000000674,2876.9452000003075
2020,63,43,106,Tc,True,5561.265000000014,13419.914000000106,9734.427000000142,22543.18920000014,-5902.894600000116,1130.698400000343,2710.3356000003405
2020,62,44,106,Ru,True,8460.035600000061,14370.124400000088,11325.92659999989,20557.448399999994,-5187.302399999928,889.3444000001764,2778.549199999892
2020,61,45,106,Rh,True,6582.703699999955,15545.949799999944,7717.0921999999555,18441.632199999876,-4214.654999999795,734.8143999999156,2619.562799999723
2020,60,46,106,Pd,True,9560.955899999943,16655.0564,9345.243900000001,16389.72120000003,-3226.0329999999376,895.7539999998407,2466.9048000000184
2020,59,47,106,Ag,True,7942.874199999962,17968.56819999998,5813.463699999964,14560.997800000012,-2584.002199999988,1161.5467999998946,2805.6332000000402
2020,58,48,106,Cd,True,10869.629199999967,19306.40240000002,7350.2811999999685,12314.971200000029,-1654.1054000000004,1043.500800000038,2799.238000000012
2020,57,49,106,In,True,9038.885300000082,20568.105800000136,3563.271800000104,10069.617800000124,-786.3654000000097,913.7908000003081,3654.482800000231
2020,56,50,106,Sn,True,12087.01480000012,21869.274199999985,5002.087300000014,7963.24700000009,-118.91300000005867,1010.3856000000378,4957.320000000065
2020,55,51,106,Sb,True,10529.122899999958,,424.2693999999901,4868.562399999937,1796.6818000002531,,
2020,54,52,106,Te,True,13479.565199999954,24735.56680000003,1493.237700000056,1170.6435999999521,4290.225800000015,1031.0091999999713,2180.103999999934
2020,53,53,106,I,False,,,,,,,
2020,69,38,107,Sr,False,,,,,,,
2020,68,39,107,Y,False,,,,,,,
2020,67,40,107,Zr,False,,,,,,,
2020,66,41,107,Nb,True,5592.44439999992,9950.896100000013,,,-7691.6853999999585,842.2583999999333,
2020,65,42,107,Mo,True,4488.29179999989,11356.81799999997,13631.268799999962,25664.642999999924,-7160.899500000058,1099.8742999997921,2893.223999999929
2020,64,43,107,Tc,True,7045.033299999894,12606.298299999908,9910.934099999955,23412.36280000012,-6146.216899999999,930.79720000003,2585.13450000016
2020,63,44,107,Ru,True,5610.629599999986,14070.665200000047,11375.291199999861,21109.718200000003,-5333.149199999985,1052.1464000000851,2787.858899999992
2020,62,45,107,Rh,True,8572.367800000007,15155.071499999962,7829.424399999902,19155.35099999979,-4684.702099999879,876.8958999998868,2721.6894999997457
2020,61,46,107,Pd,True,6536.421800000011,16097.377699999954,9298.962000000058,17016.054200000013,-3530.4030000000494,720.9073999999091,2306.4349999999395
2020,60,47,107,Ag,True,9535.620200000005,17478.494399999967,5788.128000000026,15133.371900000027,-2799.9179000000004,1023.1332999999868,2472.606000000029
2020,59,48,107,Cd,True,7929.49159999995,18799.120799999917,7336.898599999957,13150.36229999992,-1958.2624999999534,1142.4861999998102,2932.574399999925
2020,58,49,107,In,True,11029.839500000002,20068.724800000084,3723.4821000001393,11073.763300000108,-1188.878900000127,1003.2278000002261,3811.5057000002125
2020,57,50,107,Sn,True,9229.862399999984,21316.877200000104,5193.064399999916,8756.33620000002,-285.5256999999983,1056.3047000002116,4975.233899999992
2020,56,51,107,Sb,True,12251.266399999964,22780.389299999923,588.5209999998333,5590.608299999847,1554.2313000001013,1040.0151999997906,3993.401499999687
2020,55,52,107,Te,False,,,,,,,
2020,54,53,107,I,False,,,,,,,
2020,69,39,108,Y,False,,,,,,,
2020,68,40,108,Zr,False,,,,,,,
2020,67,41,108,Nb,True,3892.7146000001812,9485.159000000102,,,,577.8052000001771,
2020,66,42,108,Mo,True,6275.6418000000995,10763.93359999999,14314.46620000014,,-7456.558800000115,834.7784000000684,
2020,65,43,108,Tc,True,5244.182299999869,12289.215599999763,10666.824599999934,24298.093399999896,-6536.742399999872,1034.8401999996277,2814.2899999998044
2020,64,44,108,Ru,True,7870.150399999926,13480.779999999912,12200.408299999894,22111.34239999985,-5742.565999999875,926.9105999998283,2863.895999999717
2020,63,45,108,Rh,True,6238.767600000021,14811.135400000028,8457.562399999937,19832.8535999998,-4957.1051999998745,870.9699999999721,2828.7701999997953
2020,62,46,108,Pd,True,9222.88060000015,15759.30240000016,9949.4748000002,17778.8992000001,-3853.3612000001594,809.975200000219,2377.1970000002766
2020,61,47,108,Ag,True,7271.40120000008,16807.021400000085,6523.107400000095,15822.069400000153,-3072.356800000067,813.8720000002068,2380.942000000272
2020,60,48,108,Cd,True,10333.410000000033,18262.901599999983,8134.6883999999845,13922.81640000001,-2282.2103999999817,1024.7134000000078,2755.3081999999704
2020,59,49,108,In,True,8624.475499999826,19654.314999999828,4418.466000000015,11755.364599999972,-1428.2703999999212,1161.530799999833,3847.5063999999547
2020,58,50,108,Sn,True,11629.026199999964,20858.888599999947,5792.251099999878,9515.733200000017,-526.4732000000076,944.2119999999413,4777.9216000000015
2020,57,51,108,Sb,True,9863.412000000128,22114.67840000009,1222.0705999999773,6415.134999999893,1312.4216000000015,967.6402000001399,3814.690799999982
2020,56,52,108,Te,True,,23704.55760000006,2417.406000000192,3005.927000000025,3420.4612000000197,1113.7844000001205,2287.0258000000613
2020,55,53,108,I,False,,,,,,,
2020,54,54,108,Xe,True,,,,-1009.4603999999817,4569.555999999982,,
2020,70,39,109,Y,False,,,,,,,
2020,69,40,109,Zr,False,,,,,,,
2020,68,41,109,Nb,True,5215.923099999898,9108.63770000008,,,,,
2020,67,42,109,Mo,True,3981.3019000000786,10256.943700000178,14403.053500000038,,-7625.9243000000715,833.7752000002656,
2020,66,43,109,Tc,True,6431.318800000008,11675.501099999878,10822.501599999843,25136.967799999984,-6792.2014999999665,791.0208999998868,2537.9804999998305
2020,65,44,109,Ru,True,5148.368400000036,13018.518799999962,12104.59440000006,22771.418999999994,-5832.574599999934,829.0106000000378,2946.0431999999564
2020,64,45,109,Rh,True,8039.408000000054,14278.175600000075,8626.820000000065,20827.22829999996,-5137.864199999836,830.9155000000028,3033.086099999957
2020,63,46,109,Pd,True,6153.589699999895,15376.470300000045,9864.296900000074,18321.85930000001,-4096.862100000028,854.4350000000559,2098.160700000124
2020,62,47,109,Ag,True,9183.9598999999,16455.36109999998,6484.186699999846,16433.661500000046,-3293.0705999999773,816.7047999999486,2183.1045999999624
2020,61,48,109,Cd,True,7323.224600000074,17656.634600000107,8186.511799999978,14709.619200000074,-2511.334499999997,766.084900000249,2697.4196000001393
2020,60,49,109,In,True,10441.021500000032,19065.496999999858,4526.077500000014,12660.765899999999,-1843.5978999999352,1020.3448999997927,3735.606899999897
2020,59,50,109,Sn,True,8631.546299999929,20260.572499999893,5799.321899999981,10217.787899999996,-721.2462999998825,809.5261999998474,4682.534100000048
2020,58,51,109,Sb,True,11876.962100000004,21740.374100000132,1470.0065000000177,7262.257599999895,964.6800000000512,1011.9757000000682,3981.5051999997813
2020,57,52,109,Te,True,10005.037699999986,,2559.0317000000505,3781.1023000000278,3197.682899999898,,
2020,56,53,109,I,True,,,-820.1992000000319,1597.20680000016,3918.0662999999477,,
2020,55,54,109,Xe,True,11608.505099999951,,,,4217.052500000107,,
2020,70,40,110,Zr,False,,,,,,,
2020,69,41,110,Nb,True,3691.4307000000263,8907.353799999924,,,,,
2020,68,42,110,Mo,True,5947.853299999842,9929.155199999921,15134.983699999982,,,,
2020,67,43,110,Tc,True,4823.056600000127,11254.375400000135,11664.256299999892,26067.30979999993,-7256.806400000001,887.3780000002589,2792.8836000000592
2020,66,44,110,Ru,True,7405.5010000000475,12553.869400000083,13078.7766000001,23901.278199999942,-6369.549399999902,852.9952000001213,3074.935199999949
2020,65,45,110,Rh,True,5900.757400000002,13940.165400000056,9379.209000000032,21483.80340000009,-5477.3565999998245,895.1672000001417,3150.826000000001
2020,64,46,110,Pd,True,8795.737500000047,14949.327199999942,10620.626400000066,19247.44640000013,-4432.564000000013,816.5611999999965,2425.549200000125
2020,63,47,110,Ag,True,6809.189499999979,15993.149399999878,7139.786499999929,17004.083400000003,-3519.5564000000013,724.0899999997346,1893.3135999998776
2020,62,48,110,Cd,True,9914.9635999999,17238.188199999975,8917.51549999998,15401.702199999825,-2865.3421999999555,868.6659999998519,2516.6903999998467
2020,61,49,110,In,True,8051.762699999963,18492.784199999995,5254.615599999903,13441.127399999881,-1952.486399999936,829.9923999998719,3734.188399999868
2020,60,50,110,Sn,True,11283.130300000077,19914.676600000006,6641.430700000026,11167.50820000004,-1134.747399999993,958.984800000093,4864.0307999999495
2020,59,51,110,Sb,True,9270.076099999947,21147.03819999995,2108.536300000036,7907.858200000017,733.4892000001855,855.1731999999611,3716.31799999997
2020,58,52,110,Te,True,12585.735499999952,22590.773199999938,3267.8050999999978,4737.8116000000155,2698.9622000000672,1110.4307999998564,2363.3364000000292
2020,57,53,110,I,True,10866.649399999878,,41.4124999998603,2600.444199999911,3580.5398000000278,,
2020,56,54,110,Xe,True,13824.414100000053,25432.919200000004,1539.1003999999957,718.9011999999639,3872.203600000008,1186.5720000000438,
2020,71,40,111,Zr,False,,,,,,,
2020,70,41,111,Nb,False,,,,,,,
2020,69,42,111,Mo,True,3475.31520000007,9423.168499999912,14918.868200000026,,,,
2020,68,43,111,Tc,True,6061.423599999864,10884.48019999999,11777.826599999913,26912.810299999896,-7725.785599999945,954.9691999998176,2592.6023999997415
2020,67,44,111,Ru,True,4784.007199999876,12189.508199999924,13039.727199999848,24703.98349999974,-6665.264799999888,964.3842999998014,3320.8601999996463
2020,66,45,111,Rh,True,7546.50270000007,13447.260100000072,9520.210700000054,22598.987300000153,-5978.826000000001,841.5593000000808,3298.09300000011
2020,65,46,111,Pd,True,5726.297799999942,14522.035299999989,10446.166800000006,19825.375800000038,-4548.232199999969,774.7796000000089,2190.027400000021
2020,64,47,111,Ag,True,8829.466800000053,15638.656300000031,7173.515799999936,17794.142200000002,-3776.655400000047,684.6440999999177,2064.5318999999436
2020,63,48,111,Cd,True,6975.586099999957,16890.549699999858,9083.912099999958,16223.698599999887,-3304.5064999999013,956.8645999997389,2569.867599999765
2020,62,49,111,In,True,9993.389400000102,18045.152100000065,5333.041400000104,14250.556900000083,-2410.255600000033,927.4424000000581,3647.6927000001306
2020,61,50,111,Sn,True,8167.915999999968,19451.046300000045,6757.584000000032,12012.199599999934,-1373.171800000011,918.8652000000002,5025.804799999925
2020,60,51,111,Sb,True,11458.322300000116,20728.398400000064,2283.7283000000753,8925.159000000102,305.00640000007115,1005.5411000001477,4064.445900000166
2020,59,52,111,Te,True,9428.988499999861,22014.723999999813,3426.7174999999115,5535.253799999948,2499.8361000001896,1112.536699999706,2341.172199999797
2020,58,53,111,I,True,12557.270300000207,23423.919700000086,12.947300000116229,3280.752400000114,3274.5358999997843,1115.5606000002008,1892.0607000002638
2020,57,54,111,Xe,False,,,,,,,
2020,56,55,111,Cs,False,,,,,,,
2020,72,40,112,Zr,False,,,,,,,
2020,71,41,112,Nb,False,,,,,,,
2020,70,42,112,Mo,False,,,,,,,
2020,69,43,112,Tc,True,4305.573800000013,10366.997399999877,12608.085199999856,27526.953399999882,-8138.644799999776,882.9991999998456,2497.664399999776
2020,68,44,112,Ru,True,6916.867000000086,11700.874199999962,13895.17060000007,25672.997199999983,-7306.489999999874,967.8999999999069,3235.585999999894
2020,67,45,112,Rh,True,5498.4954999998445,13044.998199999915,10234.699000000022,23274.42619999987,-6233.139199999976,923.1379999998026,3496.7249999998603
2020,66,46,112,Pd,True,8406.468200000003,14132.765999999945,11306.13229999994,20826.342999999993,-5084.550000000047,820.8235999998869,2554.5000000001164
2020,65,47,112,Ag,True,6439.592600000091,15269.059400000144,7886.810600000084,18332.97740000009,-3977.480400000117,779.3374000003096,1768.957000000053
2020,64,48,112,Cd,True,9393.936100000166,16369.522200000123,9648.381400000071,16821.897200000007,-3475.561999999918,786.8104000003077,2259.07500000007
2020,63,49,112,In,True,7669.402400000021,17662.791800000123,6026.857700000168,15110.769800000126,-2808.2567999999737,940.4818000000669,4026.3412000002572
2020,62,50,112,Sn,True,10787.775799999945,18955.691799999913,7551.970399999875,12885.011799999978,-1827.5375999999233,908.3591999998316,5072.439599999809
2020,61,51,112,Sb,True,8833.542699999874,20291.86499999999,2949.3549999999814,9706.939000000013,95.93920000002254,1251.5836000000127,4089.028999999864
2020,60,52,112,Te,True,12051.35390000022,21480.34240000008,4019.7491000000155,6303.477400000091,2077.5083999999333,1015.5558000000892,2207.1642000001157
2020,59,53,112,I,True,10180.86389999988,22738.134200000088,764.8227000001352,4191.540200000047,2957.0840000000317,1019.8993999999948,1991.0060000000522
2020,58,54,112,Xe,True,,24246.34719999996,2361.52789999987,2374.475199999986,3330.414000000106,1044.16679999989,1917.4494000000414
2020,57,55,112,Cs,False,,,,,,,
2020,73,40,113,Zr,False,,,,,,,
2020,72,41,113,Nb,False,,,,,,,
2020,71,42,113,Mo,False,,,,,,,
2020,70,43,113,Tc,True,5623.93720000016,9929.511000000173,,,-8546.658900000039,,
2020,69,44,113,Ru,True,4308.256900000037,11225.123900000122,13897.853700000094,26505.93889999995,-7633.444999999832,844.9980000001378,3369.9899999998743
2020,68,45,113,Rh,True,7107.205300000147,12605.700799999991,10425.037300000084,24320.207900000154,-6909.025700000115,1000.7783000000054,3526.612900000182
2020,67,46,113,Pd,True,5340.787499999977,13747.25569999998,11148.424300000072,21383.123300000094,-5276.9690999999875,769.3061999998754,2311.208800000022
2020,66,47,113,Ag,True,8514.419600000023,14954.012200000114,7994.762000000104,19300.894300000044,-4452.492000000086,855.6107000001939,2213.4243000000715
2020,65,48,113,Cd,True,6539.7489999999525,15933.685100000119,9748.537799999933,17635.348400000017,-3861.7212999999756,749.8633000000846,2066.8516000000527
2020,64,49,113,In,True,9448.307299999986,17117.709700000007,6081.228899999987,15729.610300000058,-3072.60420000006,805.8377999999793,3515.3724000001093
2020,63,50,113,Sn,True,7744.4053000001,18532.181100000045,7626.973299999954,13653.831000000122,-2248.7182999999495,683.830200000084,5341.257100000046
2020,62,51,113,Sb,True,10889.314600000042,19722.857299999916,3050.893800000078,10602.864199999953,-352.35389999998733,993.7738999999128,4104.088299999945
2020,61,52,113,Te,True,8850.833399999887,20902.187300000107,4037.0398000000278,6986.394800000009,1858.2212999999756,1043.827099999995,2098.734599999967
2020,60,53,113,I,True,12127.495200000005,22308.359099999885,840.9639999999199,4860.713099999935,2706.550900000031,947.4389999998966,
2020,59,54,113,Xe,True,10248.594900000026,,2429.2589000000153,3194.0816000001505,3086.856800000067,,
2020,58,55,113,Cs,True,,,-972.8362000000197,1388.6916999998502,3483.051000000094,,
2020,57,56,113,Ba,False,,,,,,,
2020,73,41,114,Nb,False,,,,,,,
2020,72,42,114,Mo,False,,,,,,,
2020,71,43,114,Tc,True,3860.0609999998705,9483.998200000031,,,-8715.289199999883,,
2020,70,44,114,Ru,True,6424.717300000018,10732.974200000055,14698.633799999952,,-8110.309000000008,742.6316000000807,
2020,69,45,114,Rh,True,5014.654899999965,12121.860200000112,11131.435300000012,25029.289000000106,-7100.6239999999525,953.7528000000166,3618.9616000000387
2020,68,46,114,Pd,True,7971.154900000081,13311.942400000058,12012.373900000006,22437.41120000009,-5842.623000000021,828.6228000001283,2637.32200000016
2020,67,47,114,Ag,True,5975.302399999811,14489.721999999834,8629.276899999939,19777.70120000001,-4527.036999999895,735.2355999996653,1880.8083999998635
2020,66,48,114,Cd,True,9042.962799999863,15582.711799999815,10277.080999999773,18271.842999999877,-4108.946599999792,742.523199999705,2182.856399999815
2020,65,49,114,In,True,7274.00270000007,16722.310000000056,6815.482600000105,16564.020400000038,-3537.4174000001512,899.7156000001123,3733.8664000001736
2020,64,50,114,Sn,True,10302.927299999981,18047.33260000008,8481.59329999995,14562.822199999937,-2636.68200000003,938.456400000141,5280.8255999998655
2020,63,51,114,Sb,True,8150.9667999999365,19040.281399999978,3457.455299999914,11084.428599999868,-451.5579999999609,572.2459999999264,3582.4531999998726
2020,62,52,114,Te,True,11613.953200000105,20464.786599999992,4761.678400000092,7812.57220000017,1527.3983999999473,948.0296000000089,2077.4272000002675
2020,61,53,114,I,True,9590.739600000088,21718.234800000093,1580.8702000001213,5617.910000000149,2385.8873999998905,793.8880000002682,
2020,60,54,114,Xe,True,12953.585500000045,23202.18040000007,3255.349200000055,4096.313199999975,2719.0067999999737,1098.5620000001509,
2020,59,55,114,Cs,True,10992.706400000025,,-228.72470000002068,2200.5341999999946,3356.993999999948,,
2020,58,56,114,Ba,True,,,1429.8619999999646,457.02579999994487,3592.289400000125,,
2020,74,41,115,Nb,False,,,,,,,
2020,73,42,115,Mo,False,,,,,,,
2020,72,43,115,Tc,False,,,,,,,
2020,71,44,115,Ru,True,3955.408599999966,10380.125899999985,14793.981400000048,,-8590.402399999904,852.9233999999706,
2020,70,45,115,Rh,True,6590.267600000021,11604.922499999986,11296.985600000015,25995.619399999967,-7629.46800000011,794.7473000001628,3464.9809000000823
2020,69,46,115,Pd,True,5006.794600000023,12977.949500000104,12004.513600000064,23135.948900000076,-6065.410400000168,837.2394000000786,2565.423900000169
2020,68,47,115,Ag,True,8123.099100000109,14098.40149999992,8781.221099999966,20793.594999999972,-5103.633399999933,756.4355000000214,2255.2144000000553
2020,67,48,115,Cd,True,6140.859000000171,15183.821800000034,10442.637600000133,19071.91450000007,-4523.507800000021,707.2618000000948,2180.7085000001825
2020,66,49,115,In,True,9037.869199999957,16311.871900000027,6810.389000000199,17087.469999999972,-3745.8198000000557,762.5598000001628,3406.3203000000212
2020,65,50,115,Sn,True,7545.42359999998,17848.35089999996,8753.01419999986,15568.496799999964,-3206.519500000053,1341.8199000000022,5928.894699999946
2020,64,51,115,Sb,True,10578.116600000067,18729.083400000003,3732.6445999999996,12214.23789999995,-1036.2851999999257,950.2996999999741,4201.139999999898
2020,63,52,115,Te,True,8244.407000000007,19858.360200000112,4855.118600000162,8312.573900000076,1450.907399999909,682.9811000002082,1612.050700000138
2020,62,53,115,I,True,11770.1804999999,21360.92009999999,1737.0974999999162,6498.775900000008,2074.0292000001064,1117.5146999999415,1765.533999999985
2020,61,54,115,Xe,True,9642.180399999954,22595.7659,3306.789999999921,4887.660200000042,2505.814899999881,924.5426999999909,1508.5680000000866
2020,60,55,115,Cs,False,,,,,,,
2020,59,56,115,Ba,False,,,,,,,
2020,75,41,116,Nb,False,,,,,,,
2020,74,42,116,Mo,False,,,,,,,
2020,73,43,116,Tc,False,,,,,,,
2020,72,44,116,Ru,True,6034.934000000008,9990.342599999974,,,,,
2020,71,45,116,Rh,True,4577.839800000074,11168.107400000095,11919.416800000123,26713.39820000017,-7901.734000000171,874.3740000001853,3317.405000000377
2020,70,46,116,Pd,True,7476.524999999907,12483.31959999993,12890.77099999995,24187.756599999964,-6625.068399999989,783.3530000000028,2739.184600000037
2020,69,47,116,Ag,True,5631.38730000006,13754.486400000169,9405.813800000004,21410.327400000067,-5236.525200000149,600.7132000003476,2146.868200000259
2020,68,48,116,Cd,True,8699.32959999994,14840.18860000011,11018.868099999963,19800.08919999993,-4816.369199999957,708.3862000001827,2281.7929999998305
2020,67,49,116,In,True,6784.725199999986,15822.594399999944,7454.255200000014,17896.892800000147,-4090.952399999951,701.5416000001132,3572.5052000001306
2020,66,50,116,Sn,True,9563.45259999996,17108.87619999994,9278.597599999863,16088.986600000062,-3376.0359999998473,839.3779999997932,5346.266199999955
2020,65,51,116,Sb,True,7889.918799999985,18468.03540000005,4077.1398000000045,12830.153999999864,-1256.8015999998897,1151.2073999999557,4103.171399999759
2020,64,52,116,Te,True,11272.349999999977,19516.756999999983,5549.352000000072,9281.996600000071,966.3331999998773,947.1570000000065,1888.7784000000684
2020,63,53,116,I,True,9154.166299999924,20924.346799999825,2646.856799999834,7501.975399999996,1753.4056000000564,1231.304199999664,1935.3027999998303
2020,62,54,116,Xe,True,12461.437999999966,22103.61839999992,3998.047499999986,5735.144999999902,2095.730800000136,928.7881999998353,
2020,61,55,116,Cs,False,,,,,,,
2020,60,56,116,Ba,False,,,,,,,
2020,59,57,116,La,False,,,,,,,
2020,75,42,117,Mo,False,,,,,,,
2020,74,43,117,Tc,False,,,,,,,
2020,73,44,117,Ru,True,3492.2685000000056,9527.202500000014,,,,,
2020,72,45,117,Rh,True,6232.335399999749,10810.175199999823,12116.818199999863,,-8510.13219999976,741.4966999996686,
2020,71,46,117,Pd,True,4664.185100000119,12140.710100000026,12977.116299999994,24896.533100000117,-6980.996600000071,1014.6846000001533,2765.542300000321
2020,70,47,117,Ag,True,7710.578699999838,13341.965999999898,9639.867499999935,22530.638499999885,-5839.89859999984,735.492099999683,2435.958699999843
2020,69,48,117,Cd,True,5777.2304,14476.55999999994,11164.711199999903,20570.524999999907,-5252.812099999981,775.3841000000248,2346.004399999976
2020,68,49,117,In,True,8764.586899999878,15549.312099999865,7519.512499999953,18538.380599999917,-4341.1196999998065,651.0468999998411,3427.926499999827
2020,67,50,117,Sn,True,6943.0783999999985,16506.53099999996,9436.950799999875,16891.20599999989,-3779.3653999998933,696.656399999978,5528.468499999843
2020,66,51,117,Sb,True,9888.864900000044,17778.78370000003,4402.552100000088,13681.14969999995,-1697.359199999948,800.1672000000253,3965.0317999998806
2020,65,52,117,Te,True,7903.029099999927,19175.379099999904,5562.462300000014,9639.602100000018,807.7094000000507,945.7126999999164,1362.6792000001296
2020,64,53,117,I,True,11089.239100000123,20243.405400000047,2463.74589999998,8013.097900000052,1553.4810999999754,761.6016999999993,1568.6605000001146
2020,63,54,117,Xe,True,9209.785200000042,21671.223200000008,4053.6664000001037,6700.523199999938,1736.7789999999804,919.4444000001531,1717.8270999998786
2020,62,55,117,Cs,True,,,735.1944000000367,4733.241900000023,2201.500400000019,,
2020,61,56,117,Ba,True,,,,3379.0921999999555,2320.804300000076,,
2020,60,57,117,La,False,,,,,,,
2020,76,42,118,Mo,False,,,,,,,
2020,75,43,118,Tc,False,,,,,,,
2020,74,44,118,Ru,False,,,,,,,
2020,73,45,118,Rh,True,4061.398000000161,10293.73339999991,12685.947700000019,,-8711.46920000005,,
2020,72,46,118,Pd,True,7035.781499999808,11699.966599999927,13780.562400000053,25897.380599999917,-7592.060799999861,666.087199999718,2750.4251999999397
2020,71,47,118,Ag,True,5443.194499999983,13153.773199999821,10418.8768999998,23395.993199999793,-6268.438199999859,913.4211999996332,2644.113199999789
2020,70,48,118,Cd,True,8354.571999999927,14131.802399999928,11808.704499999993,21448.571999999927,-5636.229199999827,733.452399999951,2474.5419999998994
2020,69,49,118,In,True,6356.465899999952,15121.05279999983,8098.747999999905,19263.45919999981,-4722.283199999947,478.8587999998126,3496.565199999837
2020,68,50,118,Sn,True,9326.419800000149,16269.498200000147,9998.783700000145,17518.2962000001,-4062.822400000179,681.9620000002906,5231.036000000313
2020,67,51,118,Sb,True,7427.963100000052,17316.828000000096,4887.436800000141,14324.387600000016,-1851.3195999999298,753.2688000003109,3995.4884000001475
2020,66,52,118,Te,True,10666.57090000005,18569.599999999977,6340.168300000019,10742.720400000107,444.0657999999821,755.5620000001509,1683.1024000002071
2020,65,53,118,I,True,8603.803500000038,19693.04260000016,3164.520300000091,8726.982600000105,1100.6443999998737,774.2980000003008,1231.4460000001127
2020,64,54,118,Xe,True,11965.045000000042,21174.830200000084,4929.472300000023,7393.218200000003,1385.687200000044,938.8304000002099,2005.6944000000367
2020,63,55,118,Cs,True,9987.597000000067,,1513.0062000000617,5566.672600000165,1804.64300000004,,
2020,62,56,118,Ba,False,,,,,,,
2020,61,57,118,La,False,,,,,,,
2020,77,42,119,Mo,False,,,,,,,
2020,76,43,119,Tc,False,,,,,,,
2020,75,44,119,Ru,False,,,,,,,
2020,74,45,119,Rh,True,6007.2804999999935,10068.678500000155,,,,498.7155000001658,
2020,73,46,119,Pd,True,4090.2440000000643,11126.025499999872,13809.408399999957,26495.356099999975,-7726.896199999959,208.32769999990705,2250.8634999999776
2020,72,47,119,Ag,True,7163.279400000232,12606.473900000216,10546.374800000223,24326.937200000277,-6841.45000000007,706.7707000004593,2560.1559000003617
2020,71,48,119,Cd,True,5346.603899999987,13701.175899999915,11712.113899999997,22130.990799999796,-5976.038499999791,461.64859999984037,2333.360299999593
2020,70,49,119,In,True,8541.799300000072,14898.265200000023,8285.97530000005,20094.67980000004,-5140.98339999991,619.6897999999346,3616.2397000000346
2020,69,50,119,Sn,True,6483.454799999832,15809.874599999981,10125.772600000026,18224.52059999993,-4405.41819999984,535.588799999794,5168.4430999998
2020,68,51,119,Sb,True,9550.653399999952,16978.616500000004,5111.6703999999445,15110.45410000009,-2364.1037999999244,712.3653000000631,3762.405200000154
2020,67,52,119,Te,True,7563.095499999938,18229.666399999987,6475.300699999905,11362.737500000047,426.3939000000246,726.4517999999225,1486.3344000000507
2020,66,53,119,I,True,10878.00020000001,19481.803700000048,3375.949600000051,9716.11790000007,800.7607999999309,871.2562000001781,1813.5743000002112
2020,65,54,119,Xe,True,8786.733799999813,20751.778799999855,5112.4025999997975,8276.922899999889,843.3604000002379,922.6321999997599,1748.6165999998339
2020,64,55,119,Cs,True,11967.003899999894,21954.60089999996,1514.965099999914,6444.437399999937,1607.8196000000462,1014.6909999999916,
2020,63,56,119,Ba,True,,23274.82710000011,3469.6898999999976,4982.696100000059,1641.7430999999633,977.4381000002613,
2020,62,57,119,La,False,,,,,,,
2020,61,58,119,Ce,False,,,,,,,
2020,77,43,120,Tc,False,,,,,,,
2020,76,44,120,Ru,False,,,,,,,
2020,75,45,120,Rh,False,,,,,,,
2020,74,46,120,Pd,True,6943.635400000145,11033.879400000209,14745.763300000108,,-8635.597600000096,554.6724000002723,
2020,73,47,120,Ag,True,5077.072599999956,12240.352000000188,11533.203400000115,25342.61180000007,-7340.682799999951,643.1138000003994,2844.820000000065
2020,72,48,120,Cd,True,8051.746099999989,13398.349999999977,12600.580599999754,23146.955399999977,-6551.259599999874,600.6925999998348,2586.4257999998517
2020,71,49,120,In,True,6100.394699999946,14642.194000000018,9039.766100000008,20751.880000000005,-5609.990799999796,655.9301999998279,3567.471599999815
2020,70,50,120,Sn,True,9104.081400000025,15587.536199999857,10688.054699999979,18974.030000000028,-4810.1699999999255,602.6865999997826,5180.5470000000205
2020,69,51,120,Sb,True,7012.905799999833,16563.559199999785,5641.121399999945,15766.893999999971,-2592.2843999997713,503.85079999954905,3526.7981999998447
2020,68,52,120,Te,True,10250.942499999888,17814.037999999826,7175.5897999998415,12287.260199999786,-261.09599999990314,720.2789999997476,1716.4873999997508
2020,67,53,120,I,True,8040.74439999985,18918.74459999986,3853.5984999999637,10328.899199999869,649.9352000000654,443.9887999998173,1353.3561999998055
2020,66,54,120,Xe,True,11449.266000000061,20235.999799999874,5683.6683999998495,9059.6179999999,666.4444000001531,910.8069999999134,2045.1645999999018
2020,65,55,120,Cs,True,9654.902700000093,21621.906599999988,2383.1340000001946,7495.536599999992,1107.0831999998773,1223.1556000000564,
2020,64,56,120,Ba,True,12369.872699999949,,3872.5587000000523,5387.523799999966,1733.3083999999799,,
2020,63,57,120,La,False,,,,,,,
2020,62,58,120,Ce,False,,,,,,,
2020,78,43,121,Tc,False,,,,,,,
2020,77,44,121,Ru,False,,,,,,,
2020,76,45,121,Rh,True,,9569.962999999989,,,,,
2020,75,46,121,Pd,True,3974.0623999998206,10917.697799999965,,,-9117.39149999991,527.652799999807,
2020,74,47,121,Ag,True,6822.6305999998,11899.703199999756,11412.19859999977,26157.96189999988,-7930.978000000003,591.3096999996342,2553.8118999997387
2020,73,48,121,Cd,True,5187.781200000085,13239.527300000074,12711.289199999883,24244.492599999998,-7074.85569999984,756.5420000000158,2925.7039000000805
2020,72,49,121,In,True,8178.180700000143,14278.575400000089,9166.200700000161,21766.781299999915,-6077.5928000001,541.503500000108,3800.5511999998707
2020,71,50,121,Sn,True,6170.204400000162,15274.285800000187,10757.864400000195,19797.630500000203,-5203.1440000000875,513.6003000003984,5245.343900000327
2020,70,51,121,Sb,True,9253.345400000107,16266.25119999994,5790.385400000028,16478.440100000007,-3081.0429000000004,499.8857999998145,3557.064699999988
2020,69,52,121,Te,True,7252.272100000177,17503.214600000065,7414.956100000185,13056.07750000013,-570.2897000000812,732.7197000001324,1772.9939000002341
2020,68,53,121,I,True,10569.80310000002,18610.54749999987,4172.459100000095,11348.048899999936,-31.00299999990966,770.9697999998461,1972.1011999999173
2020,67,54,121,Xe,True,8379.880600000033,19829.146600000095,6022.804600000032,9876.403099999996,189.59290000004694,919.2515000001295,2124.4898999999277
2020,66,55,121,Cs,True,11285.007199999876,20939.90989999997,2218.8752000000095,7902.543599999859,911.3151000001235,855.9582999999402,
2020,65,56,121,Ba,True,9927.516299999901,22297.38899999985,4145.17229999986,6528.306300000055,1015.5773000001209,1244.635499999742,
2020,64,57,121,La,False,,,,,,,
2020,63,58,121,Ce,False,,,,,,,
2020,62,59,121,Pr,False,,,,,,,
2020,79,43,122,Tc,False,,,,,,,
2020,78,44,122,Ru,False,,,,,,,
2020,77,45,122,Rh,False,,,,,,,
2020,76,46,122,Pd,True,6505.144600000116,10479.206999999937,15655.007300000056,,,,
2020,75,47,122,Ag,True,4774.607599999988,11597.238199999789,12212.743799999938,,-8644.18759999983,330.7691999996314,
2020,74,48,122,Cd,True,7609.876200000057,12797.657400000142,13498.53480000014,24910.73339999991,-7648.950400000089,567.9752000001026,2713.707999999984
2020,73,49,122,In,True,5808.083100000047,13986.26380000019,9786.502600000123,22497.791800000006,-6442.481400000164,547.2144000002882,3872.144800000009
2020,72,50,122,Sn,True,8814.645199999912,14984.849600000074,11394.328899999964,20560.529600000125,-5663.217200000072,550.6964000001317,5398.397200000007
2020,71,51,122,Sb,True,6806.3630000001285,16059.708400000236,6426.543999999994,17184.40840000019,-3530.940000000177,632.2060000002384,3576.1100000003353
2020,70,52,122,Te,True,9841.486899999902,17093.75900000008,8003.097599999979,13793.483000000007,-1085.356799999834,740.2599999998929,1861.4148000000278
2020,69,53,122,I,True,7904.9527000000235,18474.755800000043,4825.1396999999415,12240.095800000126,-507.99259999988135,1046.844800000079,2000.3780000001425
2020,68,54,122,Xe,True,10945.312199999928,19325.19279999996,6398.313699999941,10570.772800000035,-89.14839999983087,870.138399999938,2258.037999999826
2020,67,55,122,Cs,True,9113.743800000055,20398.75099999993,2952.738400000031,8975.543000000063,401.3748000001069,659.8203999999678,2283.743599999929
2020,66,56,122,Ba,True,11935.413100000005,21862.929399999906,4795.578199999989,7014.4533999999985,1045.2092000001576,1239.4551999997348,
2020,65,57,122,La,False,,,,,,,
2020,64,58,122,Ce,False,,,,,,,
2020,63,59,122,Pr,False,,,,,,,
2020,79,44,123,Ru,False,,,,,,,
2020,78,45,123,Rh,False,,,,,,,
2020,77,46,123,Pd,True,3884.9004000000423,10390.045000000158,,,,,
2020,76,47,123,Ag,True,6533.785900000134,11308.393500000122,12241.385099999956,27896.39240000001,-9170.69299999997,214.40210000018124,2474.726000000024
2020,75,48,123,Cd,True,4873.1091000000015,12482.985300000058,13597.036300000153,25809.78010000009,-8431.815500000026,406.44429999997374,2752.3641000001226
2020,74,49,123,In,True,7928.988799999934,13737.07189999998,10105.6152,23604.15000000014,-7208.190799999866,611.1620000000112,4200.15260000003
2020,73,50,123,Sn,True,5946.040299999877,14760.685499999789,11532.286099999794,21318.788699999917,-6262.653599999961,539.0728999996791,5533.726099999854
2020,72,51,123,Sb,True,8960.002399999998,15766.365400000126,6571.90120000008,17966.230100000044,-3949.143100000103,591.5262000000803,3775.153400000185
2020,71,52,123,Te,True,6929.008000000031,16770.494899999932,8125.742599999881,14552.286599999876,-1530.9100000000326,777.0333999999566,1945.9625999998534
2020,70,53,123,I,True,9934.625,17839.577700000023,4918.27780000004,12921.375400000019,-891.9641999999294,803.5110000000568,2196.2837000001455
2020,69,54,123,Xe,True,7964.582900000038,18909.895099999965,6457.943899999955,11283.083599999896,-490.6357999999309,816.1597999999067,2284.423299999791
2020,68,55,123,Cs,True,10970.207799999975,20083.95160000003,2977.6340000000782,9375.947700000019,309.16720000014175,895.2299000001512,2082.163500000024
2020,67,56,123,Ba,True,9117.340400000103,21052.753500000108,4799.174800000037,7751.913200000068,714.6025999998674,896.111300000106,
2020,66,57,123,La,False,,,,,,,
2020,65,58,123,Ce,False,,,,,,,
2020,64,59,123,Pr,False,,,,,,,
2020,80,44,124,Ru,False,,,,,,,
2020,79,45,124,Rh,False,,,,,,,
2020,78,46,124,Pd,False,,,,,,,
2020,77,47,124,Ag,True,4732.683100000024,11266.469000000157,13089.167799999937,,,,
2020,76,48,124,Cd,True,7356.573100000038,12229.68220000004,14419.823500000057,26661.208600000013,-8844.75319999992,530.7500000002328,2767.5680000000866
2020,75,49,124,In,True,5510.060599999968,13439.049399999902,10742.566699999967,24339.60300000012,-7641.178799999878,354.8183999998728,4236.30260000017
2020,74,50,124,Sn,True,8488.112900000066,14434.153199999942,12091.410199999926,22197.025399999926,-6699.020400000038,507.85579999990296,5786.38599999994
2020,73,51,124,Sb,True,6467.5,15427.502399999998,7093.360900000203,18625.646999999997,-4316.248400000157,510.799600000144,3756.2824000000255
2020,72,52,124,Te,True,9424.491000000155,16353.499000000185,8590.231200000038,15162.132400000119,-1851.319600000279,670.8388000003761,1961.9494000001578
2020,71,53,124,I,True,7493.285999999964,17427.910999999964,5482.555799999973,13608.298399999854,-1372.34440000006,739.3423999998486,2044.2253999997629
2020,70,54,124,Xe,True,10490.471499999985,18455.054400000023,7013.79039999994,11932.06819999998,-730.1648000000278,833.4405999998562,2351.6231999999145
2020,69,55,124,Cs,True,8768.722799999989,19738.930599999963,3781.7739000000292,10239.717799999984,-418.81119999999646,986.6643999998923,2429.354600000079
2020,68,56,124,Ba,True,11506.133800000069,20623.47420000017,5335.100800000131,8312.73480000021,657.7347999998601,900.709600000293,2004.005800000392
2020,67,57,124,La,True,,,1892.6246000000974,6691.7994000001345,1205.1119999999646,,
2020,66,58,124,Ce,False,,,,,,,
2020,65,59,124,Pr,False,,,,,,,
2020,64,60,124,Nd,False,,,,,,,
2020,81,44,125,Ru,False,,,,,,,
2020,80,45,125,Rh,False,,,,,,,
2020,79,46,125,Pd,False,,,,,,,
2020,78,47,125,Ag,True,6361.308299999917,11093.99139999994,,,-10694.721399999922,,
2020,77,48,125,Cd,True,4719.967900000047,12076.541000000085,14407.10830000008,27496.276100000017,-9590.658700000145,540.7968000001274,2796.8422000003047
2020,76,49,125,In,True,7615.849300000002,13125.90989999997,11001.84289999993,25421.666399999987,-8434.39750000008,515.6799999998184,4557.731900000013
2020,75,50,125,Sn,True,5733.499700000044,14221.61260000011,12314.849300000002,23057.41599999997,-7244.738899999997,503.0537000002805,6092.635499999858
2020,74,51,125,Sb,True,8707.339200000046,15174.839200000046,7312.587200000184,19403.99740000011,-4845.40690000006,588.9922000002116,4097.933400000329
2020,73,52,125,Te,True,6568.970499999821,15993.461499999976,8691.70169999986,15785.062600000063,-2250.085699999938,592.1309999998193,1908.036900000181
2020,72,53,125,I,True,9542.780700000003,17036.066699999967,5600.845499999821,14191.07669999986,-1661.779700000072,746.2402000000002,2209.1282999997493
2020,71,54,125,Xe,True,7603.263800000073,18093.73530000006,7123.76820000005,12606.324000000022,-1081.156500000041,829.5721000002231,2409.787000000011
2020,70,55,125,Cs,True,10419.99889999989,19188.72169999988,3711.3012999999337,10725.091699999874,-269.00699999998324,895.7982999996748,2340.7717999998713
2020,69,56,125,Ba,True,8650.508399999933,20156.642200000002,5216.886400000076,8998.660300000105,387.10699999995995,865.0302000000374,2110.350900000194
2020,68,57,125,La,True,11572.192599999835,,1958.6833999998635,7293.784199999995,917.9266000000061,,
2020,67,58,125,Ce,False,,,,,,,
2020,66,59,125,Pr,False,,,,,,,
2020,65,60,125,Nd,False,,,,,,,
2020,81,45,126,Rh,False,,,,,,,
2020,80,46,126,Pd,False,,,,,,,
2020,79,47,126,Ag,False,,,,,,,
2020,78,48,126,Cd,True,6978.9642999997595,11698.932199999806,15024.764299999923,,-10064.478399999789,573.7863999997498,
2020,77,49,126,In,True,5468.381700000027,13084.231000000029,11750.25669999991,26157.36499999999,-9128.171600000118,560.8543999999529,4758.942000000039
2020,76,50,126,Sn,True,8192.797699999996,13926.29740000004,12891.797699999996,23893.640599999926,-7827.660399999935,437.37040000013076,6337.039999999921
2020,75,51,126,Sb,True,6209.363599999808,14916.702799999854,7788.4510999999475,20103.30039999995,-5246.687399999937,537.3491999998223,4180.458799999789
2020,74,52,126,Te,True,9113.689699999988,15682.66019999981,9098.052199999802,16410.639399999985,-2549.130200000014,610.40159999975,2036.339199999813
2020,73,53,126,I,True,7145.787900000112,16688.568600000115,6177.662900000112,14869.364599999972,-2001.2046000000555,718.3888000000734,2270.1415999999736
2020,72,54,126,Xe,True,10018.350000000093,17621.613800000167,7599.33750000014,13200.18299999996,-1258.0196000002325,764.8364000001457,2399.469599999953
2020,71,55,126,Cs,True,8332.267300000181,18752.26620000007,4440.304800000042,11564.073000000091,-696.3216000001412,1028.547600000049,2711.381600000197
2020,70,56,126,Ba,True,11072.256199999945,19722.76459999988,5869.1437000001315,9580.445000000065,260.16299999994226,880.8823999997694,2138.4860000000335
2020,69,57,126,La,True,9285.3017999999,20857.494399999734,2593.4767999998294,7810.363199999905,746.3686000001617,1062.899999999674,1875.135199999786
2020,68,58,126,Ce,True,,,4350.045599999954,6308.7289999998175,1363.4592000000412,,
2020,67,59,126,Pr,False,,,,,,,
2020,66,60,126,Nd,False,,,,,,,
2020,65,61,126,Pm,False,,,,,,,
2020,82,45,127,Rh,False,,,,,,,
2020,81,46,127,Pd,False,,,,,,,
2020,80,47,127,Ag,False,,,,,,,
2020,79,48,127,Cd,True,4556.779900000198,11535.744199999957,,,-10736.357899999944,1012.1639999999898,
2020,78,49,127,In,True,7141.848200000124,12610.229900000151,11913.140600000275,26937.904900000198,-9736.233900000108,512.6113000002224,4610.483100000303
2020,77,50,127,Sn,True,5525.7611999998335,13718.558899999829,12949.177199999802,24699.433899999713,-8480.312499999767,454.9033999997191,6586.191099999589
2020,76,51,127,Sb,True,8376.483400000026,14585.846999999834,7972.136799999978,20863.934499999974,-5694.18200000003,512.1297999997623,4477.118299999973
2020,75,52,127,Te,True,6287.640800000168,15401.330500000156,9176.329400000162,16964.78050000011,-2890.7307000001892,534.3093000003137,1971.2619000002742
2020,74,53,127,I,True,9144.038599999854,16289.826499999966,6208.011799999978,15306.06399999978,-2185.240799999796,623.2272999999113,2212.279499999713
2020,73,54,127,Xe,True,7245.813199999742,17264.163199999835,7699.36279999977,13877.025699999882,-1574.8247999998275,746.3397999997251,2559.1019999997225
2020,72,55,127,Cs,True,9960.656100000022,18292.923400000203,4382.610899999971,11981.94840000011,-722.3527000001632,891.2608000002801,2320.4921999999788
2020,71,56,127,Ba,True,8219.35580000002,19291.611999999965,5756.232199999969,10196.537000000011,5.390099999960512,906.062099999981,2149.0471000000834
2020,70,57,127,La,True,10993.955599999987,20279.257399999886,2515.1761999998707,8384.319900000002,722.6208000001498,709.1976999995532,1928.9290999998339
2020,69,58,127,Ce,True,9230.088800000027,,4294.832600000082,6888.309399999911,1250.7108000000007,,
2020,68,59,127,Pr,False,,,,,,,
2020,67,60,127,Nd,False,,,,,,,
2020,66,61,127,Pm,False,,,,,,,
2020,83,45,128,Rh,False,,,,,,,
2020,82,46,128,Pd,False,,,,,,,
2020,81,47,128,Ag,False,,,,,,,
2020,80,48,128,Cd,True,6568.365899999859,11125.145800000057,,,,1103.159400000004,
2020,79,49,128,In,True,5381.528399999952,12523.376600000076,12737.88910000003,,-10385.079200000037,664.317400000291,
2020,78,50,128,Sn,True,7963.165800000075,13488.926999999909,13770.494799999753,25683.63540000003,-9086.905199999921,575.5041999998502,7114.159599999897
2020,77,51,128,Sb,True,6002.870200000005,14379.353600000031,8449.24580000015,21398.42299999995,-6186.991600000067,580.8877999999095,4514.147200000007
2020,76,52,128,Te,True,8784.61779999989,15072.25860000006,9584.463800000027,17556.600600000005,-3187.2356000000145,570.4564000000246,2091.9793999998365
2020,75,53,128,I,True,6826.141200000187,15970.179800000042,6746.512199999997,15922.84160000016,-2543.8819999999832,629.3920000002254,2183.1728000002913
2020,74,54,128,Xe,True,9610.964200000279,16856.77740000002,8166.288400000194,14374.300200000172,-1761.2979999999516,694.1977999999654,2400.1126000001095
2020,73,55,128,Cs,True,7763.0625,17723.718600000022,4899.860200000228,12599.222999999998,-992.1292000000831,613.0930000001099,2325.6744000001345
2020,72,56,128,Ba,True,10622.52640000009,18841.88220000011,6418.102500000037,10800.713400000008,-126.66480000014417,811.6306000000332,2169.0198000001255
2020,71,57,128,La,True,8800.638800000073,19794.59440000006,3096.4591999999247,8852.691399999894,690.7047999999486,650.0186000000685,1724.717599999858
2020,70,58,128,Ce,True,11625.905800000066,20855.994600000093,4926.782800000161,7441.959000000032,1130.93880000012,824.377800000133,1801.7062000001315
2020,69,59,128,Pr,True,,,1640.3954000000376,5935.228000000119,1502.940000000177,,
2020,68,60,128,Nd,False,,,,,,,
2020,67,61,128,Pm,False,,,,,,,
2020,66,62,128,Sm,False,,,,,,,
2020,83,46,129,Pd,False,,,,,,,
2020,82,47,129,Ag,False,,,,,,,
2020,81,48,129,Cd,True,3955.214300000109,10523.580199999968,,,,2291.319700000109,
2020,80,49,129,In,True,6716.090199999977,12097.618599999929,12885.613400000148,,-10739.861100000096,765.5031999999192,
2020,79,50,129,Sn,True,5300.489700000035,13263.65550000011,13689.456099999836,26427.345199999865,-9667.426999999909,447.03509999997914,7228.9811999998055
2020,78,51,129,Sb,True,8070.847000000067,14073.717200000072,8556.927000000142,22327.421799999895,-6641.989300000016,579.0539000001736,4936.13730000006
2020,77,52,129,Te,True,6082.403399999952,14867.021199999843,9663.996999999974,18113.242800000124,-3536.1392999999225,518.244499999797,2126.599300000118
2020,76,53,129,I,True,8840.457999999868,15666.599200000055,6802.352399999974,16386.8162,-2677.000799999805,588.4137000001501,2260.4766999999993
2020,75,54,129,Xe,True,6906.859199999832,16517.82340000011,8247.006399999838,14993.518599999836,-2099.186699999962,657.6773000000976,2432.686099999817
2020,74,55,129,Cs,True,9638.600099999923,17401.662599999923,4927.496099999873,13093.784500000067,-1087.9486000000034,702.5083999999333,2245.627400000114
2020,73,56,129,Ba,True,7763.023499999894,18385.549899999984,6418.063499999931,11317.92370000016,-286.4244999999646,624.8177000000142,2092.3917000002693
2020,72,57,129,La,True,10769.42090000026,19570.059700000333,3243.3537000000942,9661.456200000132,341.28279999969527,981.6962000005879,2106.3974000003655
2020,71,58,129,Ce,True,8824.886699999915,20450.79249999998,4951.030700000003,8047.489899999928,956.5605000001378,887.2005000000354,1989.0022999998182
2020,70,59,129,Pr,True,11514.118400000036,,1528.6080000000075,6455.390800000168,1561.0141999998596,,
2020,69,60,129,Nd,False,,,,,,,
2020,68,61,129,Pm,False,,,,,,,
2020,67,62,129,Sm,False,,,,,,,
2020,84,46,130,Pd,False,,,,,,,
2020,83,47,130,Ag,False,,,,,,,
2020,82,48,130,Cd,True,6066.772099999944,10021.986400000053,,,,4531.5131999999285,
2020,81,49,130,In,True,5142.968999999808,11859.059199999785,14073.368099999847,,,3211.400799999479,
2020,80,50,130,Sn,True,7612.933100000024,12913.422800000058,14586.298999999883,27471.91240000003,-10301.395800000057,356.44959999993443,7837.983600000152
2020,79,51,130,Sb,True,5727.618800000055,13798.465800000122,8984.056100000162,22673.512199999997,-6901.226400000043,306.2324000003282,4677.755600000266
2020,78,52,130,Te,True,8419.398800000083,14501.802200000035,10012.54879999999,18569.47580000013,-3762.7404000000097,523.9264000002295,2065.5160000000615
2020,77,53,130,I,True,6500.329799999949,15340.787799999816,7220.278799999971,16884.275799999945,-2967.966999999946,430.841199999908,2089.8292000000365
2020,76,54,130,Xe,True,9255.720400000224,16162.579600000056,8662.268800000194,15464.621200000169,-2241.217400000198,621.43880000012,2332.2428000003565
2020,75,55,130,Cs,True,7472.025499999989,17110.625599999912,5492.66240000003,13739.668799999868,-1414.18619999988,715.0600000000559,2337.9139999998733
2020,74,56,130,Ba,True,10267.228100000182,18030.251600000076,7046.69150000019,11974.187600000063,-535.3026000000536,709.4812000002712,2184.3340000002645
2020,73,57,130,La,True,8375.154899999732,19144.57579999999,3855.4850999999326,10273.548599999864,298.39520000014454,905.7439999999478,2095.519199999748
2020,72,58,130,Ce,True,11206.730100000044,20031.61679999996,5388.339899999788,8631.693599999882,822.0866000000387,843.2051999999676,2050.8527999997605
2020,71,59,130,Pr,True,9473.221799999941,20987.340199999977,2176.943100000033,7127.973800000036,1373.094199999934,792.7087999999058,
2020,70,60,130,Nd,True,,,4111.644799999893,5640.2527999999,1799.4150000000373,,
2020,69,61,130,Pm,False,,,,,,,
2020,68,62,130,Sm,False,,,,,,,
2020,67,63,130,Eu,False,,,,,,,
2020,85,46,131,Pd,False,,,,,,,
2020,84,47,131,Ag,False,,,,,,,
2020,83,48,131,Cd,True,2165.4883999999147,8232.260499999858,,,,,
2020,82,49,131,In,True,6189.1464000002015,11332.11540000001,14195.742400000105,,,,
2020,81,50,131,Sn,True,5203.687300000107,12816.62040000013,14647.017300000181,28720.38540000003,-10948.303199999966,3064.6807000001427,8469.891200000187
2020,80,51,131,Sb,True,7767.0444999998435,13494.663299999898,9138.167499999981,23724.466499999864,-7526.422699999763,409.92419999977574,5270.637099999934
2020,79,52,131,Te,True,5929.377899999963,14348.776700000046,10214.307899999898,19198.36400000006,-4166.357100000139,480.02610000013374,2187.8608000001404
2020,78,53,131,I,True,8577.855699999956,15078.185499999905,7378.735699999845,17391.284499999834,-3169.339299999876,520.9772999999113,2185.1293999997433
2020,77,54,131,Xe,True,6604.425699999789,15860.146100000013,8766.364700000035,15986.643500000006,-2558.002299999818,487.5097000000533,2268.7664999999106
2020,76,55,131,Cs,True,9227.128700000001,16699.15419999999,5464.070699999807,14126.339500000002,-1497.2763000000268,541.1530999999959,2109.5726999999024
2020,75,56,131,Ba,True,7493.504099999787,17760.73219999997,7068.170099999988,12560.832500000019,-782.9935000000987,743.5415999998804,2243.623300000094
2020,74,57,131,La,True,10213.208600000013,18588.363499999745,3801.465599999763,10848.157099999953,45.842700000153854,720.5995999996085,2101.8922999999486
2020,73,58,131,Ce,True,8356.861899999902,19563.591999999946,5370.0468999999575,9225.53199999989,684.5805000001565,711.1825999999419,2023.6698999998625
2020,72,59,131,Pr,True,11196.50589999999,20669.72769999993,2166.718899999978,7555.058799999766,1170.5438999999315,890.1581999999471,1870.1243999996223
2020,71,60,131,Nd,True,9243.121500000125,,3881.5445000000764,6058.4876000001095,1786.3822999999393,,
2020,70,61,131,Pm,False,,,,,,,
2020,69,62,131,Sm,False,,,,,,,
2020,68,63,131,Eu,False,,,,,,,
2020,85,47,132,Ag,False,,,,,,,
2020,84,48,132,Cd,True,3324.9848000002094,5490.473200000124,,,,,
2020,83,49,132,In,True,2458.5120000001043,8647.658400000306,14488.766000000294,,,,
2020,82,50,132,Sn,True,7353.285900000017,12556.973200000124,15811.156799999997,30006.8992000001,-11733.223200000124,6527.121800000314,9441.75959999999
2020,81,51,132,Sb,True,5725.18889999995,13492.233399999794,9659.669099999825,24306.686400000006,-7870.083199999761,2965.866599999601,5320.577999999747
2020,80,52,132,Te,True,8048.497899999842,13977.875799999805,10495.761299999896,19633.928799999878,-4251.689199999906,489.69179999944754,2118.3479999997653
2020,79,53,132,I,True,6332.090899999952,14909.946599999908,7781.4486999998335,17995.75659999973,-3498.559999999823,427.36139999958687,2230.148199999472
2020,78,54,132,Xe,True,8936.715100000147,15541.140799999936,9125.224100000225,16503.95980000007,-2710.099600000074,551.6440000000875,2254.9872000000905
2020,77,55,132,Cs,True,7168.436899999855,16395.565599999856,6028.081899999874,14794.446599999908,-1839.5719999996945,514.4571999995969,2150.5369999997783
2020,76,56,132,Ba,True,9827.266300000018,17320.770399999805,7668.307700000005,13132.378399999812,-999.2955999998376,663.0353999997023,2156.4443999996874
2020,75,57,132,La,True,8025.623200000031,18238.831800000044,4333.584700000007,11401.754799999995,-216.71799999987707,601.1114000000525,2019.3858000000473
2020,74,58,132,Ce,True,10831.54970000009,19188.411599999992,5988.388000000035,9789.853599999798,475.5572000001557,681.560799999861,2034.1577999996953
2020,73,59,132,Pr,True,8998.125500000082,20194.63140000007,2807.9825000001583,8178.029400000116,973.0571999999229,751.4600000001956,2063.6504000001587
2020,72,60,132,Nd,True,11729.083300000057,20972.20480000018,4414.121900000144,6580.840800000122,1683.2047999999486,608.9382000002079,
2020,71,61,132,Pm,False,,,,,,,
2020,70,62,132,Sm,False,,,,,,,
2020,69,63,132,Eu,False,,,,,,,
2020,86,47,133,Ag,False,,,,,,,
2020,85,48,133,Cd,False,,,,,,,
2020,84,49,133,In,False,,,,,,,
2020,83,50,133,Sn,True,2398.653799999971,9751.939699999988,15751.298599999864,30240.064600000158,-10176.662699999986,3850.937200000044,8807.21760000009
2020,82,51,133,Sb,True,7359.5502000001725,13084.739100000123,9665.93339999998,25477.090199999977,-8513.543199999956,6175.286700000055,6043.4853000000585
2020,81,52,133,Te,True,5820.25270000007,13868.750599999912,10590.825100000016,20250.49419999984,-4771.4521999999415,2934.458099999698,2196.3151999996044
2020,80,53,133,I,True,8225.117300000042,14557.208199999994,7958.068100000033,18453.82939999993,-3652.8302999997977,492.6935999998823,2151.2307999997865
2020,79,54,133,Xe,True,6435.921299999813,15372.63639999996,9229.054500000086,17010.50319999992,-3063.617499999935,460.2099999997299,2225.4897999998648
2020,78,55,133,Cs,True,8989.564200000139,16158.001099999994,6080.930999999866,15206.15510000009,-1988.6781999999657,504.3493999999482,2055.686899999855
2020,77,56,133,Ba,True,7189.9243000000715,17017.19060000009,7689.795100000221,13717.877000000095,-1282.3607000000775,577.4178000001702,2077.1382000001613
2020,76,57,133,La,True,9842.140700000105,17867.763900000136,4348.459100000095,12016.7668000001,-420.25860000005923,576.061400000006,1997.3523000001442
2020,75,58,133,Ce,True,8020.859699999914,18852.409400000004,5983.624499999918,10317.209199999925,217.72100000013597,511.6891999999061,1943.8764999997802
2020,74,59,133,Pr,True,10781.443999999901,19779.569499999983,2757.876799999969,8746.264800000004,961.0341000002809,638.6558999998961,2043.5897000001278
2020,73,60,133,Nd,True,8977.883199999807,20706.966499999864,4393.879599999869,7201.862100000028,1530.2083000000566,683.086499999743,2099.0730999999214
2020,72,61,133,Pm,True,,,1270.8125,5684.934400000144,1941.000299999956,,
2020,71,62,133,Sm,False,,,,,,,
2020,70,63,133,Eu,False,,,,,,,
2020,69,64,133,Gd,False,,,,,,,
2020,86,48,134,Cd,False,,,,,,,
2020,85,49,134,In,False,,,,,,,
2020,84,50,134,Sn,True,3631.1975999998394,6029.85139999981,,30546.277399999788,-7741.088199999882,,7976.818399999756
2020,83,51,134,Sb,True,3166.81660000002,10526.366800000193,10434.096200000029,26185.394799999893,-6537.390800000168,3895.85120000015,6081.2368000000715
2020,82,52,134,Te,True,7667.931300000288,13488.184000000358,10899.206200000132,20565.13960000011,-4826.450400000205,5454.013200000627,2091.7720000003465
2020,81,53,134,I,True,6257.46790000028,14482.585200000321,8395.283300000243,18986.10840000026,-4182.679400000023,2838.168800000567,2112.750400000252
2020,80,54,134,Xe,True,8553.575500000035,14989.496799999848,9557.51270000008,17515.580800000113,-3197.7941999998875,543.525999999838,2176.40280000004
2020,79,55,134,Cs,True,6891.54420000012,15881.10840000026,6536.553900000174,15765.60840000026,-2379.8926000001375,290.7736000001896,2041.3432000004686
2020,78,56,134,Ba,True,9467.810700000031,16657.735000000102,8168.041600000113,14248.97259999998,-1494.4509999998845,578.0328000001609,2112.4816000000574
2020,77,57,134,La,True,7795.579699999886,17637.72039999999,4954.114499999909,12643.90960000013,-743.812799999956,676.2564000000712,1944.1983999998774
2020,76,58,134,Ce,True,10485.991100000218,18506.85080000013,6627.47490000003,10975.934000000125,-1.0419999998994172,688.5588000002317,2031.601200000383
2020,75,59,134,Pr,True,8661.727399999974,19443.171399999876,3398.74450000003,9382.368999999948,674.4616000000387,488.1087999995798,2162.501599999843
2020,74,60,134,Nd,True,11385.383400000166,20363.266599999974,4997.819000000134,7755.695800000103,1351.5549999999348,667.7788000002038,2013.291200000327
2020,73,61,134,Pm,True,9427.570099999895,,1720.499400000088,6114.378999999957,1986.6520000000019,,
2020,72,62,134,Sm,False,,,,,,,
2020,71,63,134,Eu,False,,,,,,,
2020,70,64,134,Gd,False,,,,,,,
2020,87,48,135,Cd,False,,,,,,,
2020,86,49,135,In,False,,,,,,,
2020,85,50,135,Sn,True,2269.8049000001047,5901.002499999944,,,-7845.404700000072,,
2020,84,51,135,Sb,True,3742.6358000000473,6909.452400000067,10545.534400000237,,-4090.880200000014,396.7546000003349,
2020,83,52,135,Te,True,3266.3611999999266,10934.292500000214,10998.750800000038,21432.847000000067,-2889.124300000025,3216.6856000004336,2200.28050000011
2020,82,53,135,I,True,7807.046699999832,14064.514600000111,8534.398699999787,19433.60489999992,-4222.681600000011,5344.783999999985,2089.0666999998502
2020,81,54,135,Xe,True,6358.850900000194,14912.42640000023,9658.895699999994,18054.179000000237,-3627.2672000001185,2799.7464000002947,2168.203900000546
2020,80,55,135,Cs,True,8762.107499999925,15653.651700000046,6745.085900000064,16302.598600000143,-2564.1444000001065,547.1975000000093,2165.7482000002638
2020,79,56,135,Ba,True,6971.962099999888,16439.77279999992,8248.45949999988,14785.013400000054,-1861.9873999999836,426.3847000000533,2138.9620000000577
2020,78,57,135,La,True,9496.122800000245,17291.70250000013,4982.426600000123,13150.468200000236,-1012.8069000001997,651.6686000004411,2014.1764000004623
2020,77,58,135,Ce,True,7854.72909999988,18340.720200000098,6686.624300000025,11640.738799999934,-362.26699999999255,895.6348000001162,2095.1418999999296
2020,76,59,135,Pr,True,10479.186200000113,19140.913600000087,3391.939599999925,10019.414499999955,408.48399999993853,732.3338000001386,2304.4793000000063
2020,75,60,135,Nd,True,8638.496599999955,20023.88000000012,4974.588200000115,8373.332700000145,1069.9202999998815,510.89560000016354,2017.348800000269
2020,74,61,135,Pm,True,11369.74009999982,20797.310199999716,1704.8560999997426,6702.675099999877,1813.4178000001702,644.1364999995567,2041.1599999996834
2020,73,62,135,Sm,True,,,3382.2896000000183,5102.789000000106,2485.90690000006,,
2020,72,63,135,Eu,False,,,,,,,
2020,71,64,135,Gd,False,,,,,,,
2020,70,65,135,Tb,False,,,,,,,
2020,87,49,136,In,False,,,,,,,
2020,86,50,136,Sn,False,,,,,,,
2020,85,51,136,Sb,True,2887.879799999995,6630.5156000000425,11163.609300000127,,-4520.247999999905,,
2020,84,52,136,Te,True,4767.809599999804,8034.170799999731,12023.924599999795,22569.45900000003,-303.6479999998119,620.8175999994855,2444.5531999999657
2020,83,53,136,I,True,3837.369699999923,11644.416399999755,9105.407199999783,20104.15799999982,-2334.8623999999836,3067.0975999997463,2184.4185999997426
2020,82,54,136,Xe,True,8087.119899999816,14445.97080000001,9938.968899999978,18473.367599999765,-3665.8892000000924,4760.261799999978,2062.7943999995477
2020,81,55,136,Cs,True,6828.227300000144,15590.33480000007,7214.462300000014,16873.358000000007,-3060.2808000002988,2899.537000000244,2120.8678000001237
2020,80,56,136,Ba,True,9107.740100000054,16079.702199999942,8594.092100000009,15339.178000000073,-2033.0123999998905,562.3361999997869,2082.4451999999583
2020,79,57,136,La,True,7465.341199999675,16961.46399999992,5475.80569999991,13724.26519999979,-1309.7112000000197,342.9041999997571,2054.937399999704
2020,78,58,136,Ce,True,9963.562900000019,17818.2919999999,7154.064399999799,12136.490999999922,-498.56359999999404,618.3479999997653,2049.9225999999326
2020,77,59,136,Pr,True,8475.876400000183,18955.062600000296,4013.0869000002276,10699.711200000253,-41.76920000021346,1023.982000000542,2547.821200000588
2020,76,60,136,Nd,True,11056.991199999815,19695.48779999977,5552.393199999817,8944.332799999742,844.4788000001572,734.960199999623,2067.9131999996025
2020,75,61,136,Pm,True,9178.919700000202,20548.659800000023,2245.27919999999,7219.867400000105,1632.62360000005,661.5746000001673,2062.1708000001963
2020,74,62,136,Sm,True,12024.998999999836,,4037.5485000000335,5742.404599999776,2189.9912000002805,,
2020,73,63,136,Eu,False,,,,,,,
2020,72,64,136,Gd,False,,,,,,,
2020,71,65,136,Tb,False,,,,,,,
2020,88,49,137,In,False,,,,,,,
2020,87,50,137,Sn,False,,,,,,,
2020,86,51,137,Sb,True,3624.8179999997374,6512.6977999997325,,,,,
2020,85,52,137,Te,True,2949.7972999999765,7717.606899999781,12085.842099999776,23249.451399999904,-854.7914999998175,673.645399999572,2330.6766999999527
2020,84,53,137,I,True,4882.360900000203,8719.730600000126,9219.958500000183,21243.883099999977,142.32689999998547,462.3927000002004,2321.1169000000227
2020,83,54,137,Xe,True,4025.560100000119,12112.679999999935,10127.159300000174,19232.566499999957,-1871.1966000001412,2708.8649000001606,2124.1204000001308
2020,82,55,137,Cs,True,8278.226899999892,15106.454200000037,7405.56930000009,17344.538200000068,-3113.3904000001494,4808.495600000024,2089.9786000000313
2020,81,56,137,Ba,True,6905.647999999812,16013.388099999866,8671.512799999677,15885.97509999969,-2502.7390999998897,2678.2370999997947,2071.6910999997053
2020,80,57,137,La,True,9174.692700000014,16640.03389999969,5542.75829999987,14136.85039999988,-1494.839699999895,415.8704999994952,1871.1150999998208
2020,79,58,137,Ce,True,7481.522499999963,17445.08539999998,7170.245700000087,12646.051399999997,-790.1617999998853,263.4647000001278,1969.936500000069
2020,78,59,137,Pr,True,9932.703399999766,18408.57979999995,3982.2273999999743,11136.291799999774,-132.3318999998737,639.1023999999743,2259.1308999997564
2020,77,60,137,Nd,True,8455.993200000143,19512.984399999958,5532.5099999997765,9545.596900000004,409.3452999999281,937.3810000000522,2171.3918999999296
2020,76,61,137,Pm,True,10974.253999999957,20153.17370000016,2162.5420000001322,7714.935199999949,1439.813599999994,582.3682000001427,1811.805099999765
2020,75,62,137,Sm,True,9252.075900000054,21277.07489999989,4110.704699999886,6355.983899999876,1915.7985000000335,745.869399999734,
2020,74,63,137,Eu,True,,,623.9666000001598,4661.515100000193,2836.8371000001207,,
2020,73,64,137,Gd,False,,,,,,,
2020,72,65,137,Tb,False,,,,,,,
2020,88,50,138,Sn,False,,,,,,,
2020,87,51,138,Sb,False,,,,,,,
2020,86,52,138,Te,True,4463.555900000269,7413.353200000245,12924.580000000307,,-1687.1498000002466,599.2620000003371,
2020,85,53,138,I,True,3694.957899999805,8577.318800000008,9965.11910000001,22050.961199999787,-385.8143999997992,808.3687999998219,2403.1931999996305
2020,84,54,138,Xe,True,5660.148899999913,9685.709000000032,10904.947299999883,20124.905800000066,136.58580000023358,528.8584000000264,2251.3052000000607
2020,83,55,138,Cs,True,4412.570899999933,12690.797799999826,7792.580099999905,17919.73940000008,-1268.493399999803,2385.4503999997396,1916.7560000000522
2020,82,56,138,Ba,True,8611.718000000343,15517.366000000155,9005.003900000127,16410.573200000217,-2560.881600000197,4368.629600000335,2020.2068000002764
2020,81,57,138,La,True,7443.867100000149,16618.559800000163,6080.977400000207,14752.490199999884,-2047.1625999999233,2677.2688000001945,2001.7312000000384
2020,80,58,138,Ce,True,9718.421500000171,17199.944000000134,7713.974500000244,13256.732800000114,-1040.7726000000257,548.9444000001531,1987.4032000002917
2020,79,59,138,Pr,True,7998.377199999988,17931.080599999754,4499.0821,11669.327800000086,-335.12939999997616,231.089599999832,2008.2068000002764
2020,78,60,138,Nd,True,10504.534400000004,18960.527600000147,6104.341000000015,10086.56839999999,390.80200000014156,577.8224000001792,2069.8692000000738
2020,77,61,138,Pm,True,8912.831199999899,19887.085199999856,2619.3799999998882,8151.889999999665,1188.7098000000697,446.7735999999568,1502.3703999994323
2020,76,62,138,Sm,True,11577.426900000079,20829.502800000133,4713.877600000007,6876.419600000139,1723.755000000121,728.6956000002101,2013.968400000129
2020,75,63,138,Eu,True,9675.101199999917,,1046.9919000000227,5157.696599999908,2589.3060000000987,,1847.1603999997023
2020,74,64,138,Gd,False,,,,,,,
2020,73,65,138,Tb,False,,,,,,,
2020,72,66,138,Dy,False,,,,,,,
2020,89,50,139,Sn,False,,,,,,,
2020,88,51,139,Sb,False,,,,,,,
2020,87,52,139,Te,True,2580.40559999994,7043.961500000209,,,-1997.750500000082,,
2020,86,53,139,I,True,4562.380000000121,8257.337899999926,10063.943199999863,22988.52320000017,-1205.558599999873,659.0037000000011,2404.2018000001553
2020,85,54,139,Xe,True,3743.6661999998614,9403.815099999774,10953.65559999994,20918.77469999995,-340.71919999970123,708.4579999996349,2252.926899999846
2020,84,55,139,Cs,True,5885.387700000079,10297.958600000013,8017.818900000071,18922.766199999955,653.1655999999493,379.0655000000261,2116.0794999999925
2020,83,56,139,Ba,True,4723.432999999728,13335.15100000007,9315.865999999922,17108.446099999826,-925.463699999731,2373.934200000018,2013.3630999997258
2020,82,57,139,La,True,8780.296300000045,16224.163400000194,6249.55569999991,15254.559600000037,-2065.351400000043,4374.077700000256,1884.4657000002917
2020,81,58,139,Ce,True,7463.199199999683,17181.620699999854,7733.306599999778,13814.283999999985,-1532.0096999998204,2565.6706999996677,2002.5701999997254
2020,80,59,139,Pr,True,9771.100199999986,17769.477399999974,4551.7607999998145,12265.735300000058,-610.1067999997176,440.9554000000935,1993.5159999998286
2020,79,60,139,Nd,True,8071.068999999901,18575.603399999905,6177.032799999928,10676.114899999928,174.4621000001207,258.3837999997195,2181.152699999977
2020,78,61,139,Pm,True,10657.974300000118,19570.805500000017,2772.8199000000022,8877.160900000017,1009.9217000000644,406.26969999982975,1874.6083000001963
2020,77,62,139,Sm,True,8953.778600000078,20531.205500000156,4754.825000000186,7374.2050000000745,1408.4729999999981,834.8449000003748,1952.2614000001922
2020,76,63,139,Eu,True,11719.687500000233,21394.78870000015,1189.252500000177,5903.130100000184,2239.3585999996867,724.5607000004966,2182.3993000003975
2020,75,64,139,Gd,False,,,,,,,
2020,74,65,139,Tb,False,,,,,,,
2020,73,66,139,Dy,False,,,,,,,
2020,90,50,140,Sn,False,,,,,,,
2020,89,51,140,Sb,False,,,,,,,
2020,88,52,140,Te,True,4233.685599999968,6814.091199999908,,,,,
2020,87,53,140,I,True,3206.570000000065,7768.950000000186,10690.107599999988,,-1524.248799999943,429.56860000034794,
2020,86,54,140,Xe,True,5413.184400000144,9156.850600000005,11804.459999999963,21868.403199999826,-986.094000000041,771.0316000001039,2434.657599999802
2020,85,55,140,Cs,True,4419.959700000007,10305.347400000086,8694.112400000216,19647.768000000156,70.57559999986552,697.8920000002254,2095.6114000000525
2020,84,56,140,Ba,True,6425.303400000092,11148.73639999982,9855.781699999934,17873.600600000005,736.3527999999933,431.74079999979585,2030.660600000061
2020,83,57,140,La,True,5160.994699999923,13941.290999999968,6687.117400000105,16002.983400000026,-398.11879999982193,2086.770399999805,1950.7430000000168
2020,82,58,140,Ce,True,9187.800400000298,16650.99959999998,8140.810700000031,14390.36639999994,-1612.0700000000652,4049.689600000158,1936.5943999998271
2020,81,59,140,Pr,True,7928.890799999936,17699.99099999992,5017.452400000067,12750.758999999845,-1073.656399999978,2457.218599999789,1717.5055999998003
2020,80,60,140,Nd,True,10311.636200000066,18382.705199999968,6717.568800000008,11269.329599999823,-173.6111999999266,547.2631999996956,1966.7101999998558
2020,79,61,140,Pm,True,8782.337299999781,19440.3115999999,3484.088199999882,9661.12099999981,703.4608000004664,368.1881999997422,1986.300999999512
2020,78,62,140,Sm,True,11147.028599999845,20100.807199999923,5243.879299999913,8016.699199999915,1318.435599999968,432.1817999999039,1935.1733999997377
2020,77,63,140,Eu,True,9659.220699999947,21378.90820000018,1894.6946000000462,6649.5196000002325,1759.0575999999419,913.2962000002153,2498.003600000404
2020,76,64,140,Gd,True,,,3673.1986999998335,4862.45120000001,2603.7083999998868,,
2020,75,65,140,Tb,True,,,,3310.536200000206,,,
2020,74,66,140,Dy,False,,,,,,,
2020,73,67,140,Ho,False,,,,,,,
2020,90,51,141,Sb,False,,,,,,,
2020,89,52,141,Te,False,,,,,,,
2020,88,53,141,I,True,4391.76419999986,7598.334199999925,10848.18619999988,,-2291.195000000065,,
2020,87,54,141,Xe,True,3282.1726999999955,8695.35710000014,11880.062699999893,22570.17029999988,-1318.46940000006,547.1533000001218,2252.337599999737
2020,86,55,141,Cs,True,5498.93339999998,9918.893099999987,8779.861400000053,20584.321400000015,-545.996899999911,578.09440000006,2312.257500000065
2020,85,56,141,Ba,True,4535.913399999961,10961.216800000053,9971.735399999889,18665.847800000105,225.99950000015087,613.8747999998741,2214.0217000001576
2020,84,57,141,La,True,6689.091000000015,11850.085699999938,6950.905000000028,16806.686699999962,1191.0171000000555,465.8153999999631,2090.3877000000793
2020,83,58,141,Ce,True,5428.149599999888,14615.950000000186,8407.965599999996,15095.0830000001,-134.5716000001412,2297.9901000002865,1945.8927000002004
2020,82,59,141,Pr,True,9399.631199999945,17328.52199999988,5229.283199999714,13370.093899999745,-1298.594899999909,4132.2311999998055,1846.0307999996003
2020,81,60,141,Nd,True,8005.58340000012,18317.219600000186,6794.261400000192,11811.71380000026,-697.6721000000834,2363.793100000359,1908.159700000193
2020,80,61,141,Pm,True,10382.198500000406,19164.535800000187,3554.6505000002217,10272.21930000023,253.96569999982603,584.1700000003912,1975.8987000004854
2020,79,62,141,Sm,True,8549.331999999937,19696.36059999978,5010.874000000069,8494.96219999995,1225.096800000174,-29.45090000052005,1619.659800000023
2020,78,63,141,Eu,True,11011.007299999706,20670.227999999654,1758.6732999999076,7002.552599999821,1722.3043000001926,211.9241999995429,1931.0630999996793
2020,77,64,141,Gd,True,9513.27099999995,,3527.248999999836,5421.943599999882,2342.5132999999914,,1899.276499999687
2020,76,65,141,Tb,True,12129.882099999813,,47.53209999995306,3720.7307999997865,3180.1429000000935,,
2020,75,66,141,Dy,False,,,,,,,
2020,74,67,141,Ho,False,,,,,,,
2020,91,51,142,Sb,False,,,,,,,
2020,90,52,142,Te,False,,,,,,,
2020,89,53,142,I,True,2947.6171999999788,7339.381399999838,,,,,
2020,88,54,142,Xe,True,5103.646299999906,8385.818999999901,12591.94479999994,23440.13099999982,-1958.5597999996971,600.5199999997858,2324.6943999996874
2020,87,55,142,Cs,True,4108.521999999881,9607.45539999986,9606.210699999938,21486.27339999983,-959.560999999987,708.0151999997906,2573.2315999998245
2020,86,56,142,Ba,True,6181.082200000063,10716.995600000024,10653.884199999971,19433.745600000024,-294.9337999999989,649.4856000000145,2266.1283999998122
2020,85,57,142,La,True,5165.429600000149,11854.520600000164,7580.421200000215,17552.156600000104,438.1583999998402,886.1800000004005,2247.572800000198
2020,84,58,142,Ce,True,7173.160399999935,12601.309999999823,8892.034999999916,15842.939999999944,1303.9860000002664,559.6371999995317,2049.8671999999788
2020,83,59,142,Pr,True,5843.141200000187,15242.772400000133,5644.274800000014,14052.24040000001,302.13100000005215,2135.908400000073,1844.5412000000942
2020,82,60,142,Nd,True,9829.858600000152,17835.442000000272,7224.488800000399,12453.772000000114,-809.1092000000644,3894.831200000597,1860.2540000004228
2020,81,61,142,Pm,True,8689.92489999975,19072.123400000157,4238.991999999853,11033.253400000045,-437.58199999993667,2654.905200000154,1977.6751999999397
2020,80,62,142,Sm,True,11119.293400000082,19668.62540000002,5747.968899999745,9302.619399999967,610.3378000000957,542.2848000000231,1947.0979999997653
2020,79,63,142,Eu,True,9454.604700000258,20465.611999999965,2663.946000000229,7674.820000000298,1180.530799999833,12.730400000000373,2037.6232000004966
2020,78,64,142,Gd,True,11806.61080000014,21319.88180000009,4322.85250000027,6081.525800000178,2113.3293999999296,377.2608000000473,1893.0168000003323
2020,77,65,142,Tb,True,10090.00589999999,22219.887999999803,624.2669999999925,4151.515999999829,2765.2382000000216,268.59519999986514,1523.5831999997608
2020,76,66,142,Dy,False,,,,,,,
2020,75,67,142,Ho,False,,,,,,,
2020,74,68,142,Er,False,,,,,,,
2020,91,52,143,Te,False,,,,,,,
2020,90,53,143,I,False,,,,,,,
2020,89,54,143,Xe,True,3044.5575000001118,8148.2038000000175,12688.885100000072,,-2422.711699999869,715.1137999999337,
2020,88,55,143,Cs,True,5232.276700000046,9340.798699999927,9734.841100000078,22326.785900000017,-1629.4576999999117,819.2497999998741,2589.037500000093
2020,87,56,143,Ba,True,4166.259800000116,10347.342000000179,10711.622000000207,20317.832700000145,-717.5274000002537,625.7279000002891,2610.039100000169
2020,86,57,143,La,True,6218.840699999826,11384.270299999975,7618.179699999979,18272.06389999995,104.7054000000935,577.7871000000741,2239.6066999998875
2020,85,58,143,Ce,True,5144.799499999965,12317.9598999999,8871.404899999732,16451.826099999947,882.6195000000298,714.650399999693,2048.2620999999344
2020,84,59,143,Pr,True,7353.149599999888,13196.290800000075,5824.2639999999665,14716.298999999883,1729.2777000002097,495.86229999992065,1939.0494999999646
2020,83,60,143,Nd,True,6123.567899999674,15953.426499999827,7504.915499999886,13149.1902999999,530.5220999999437,2381.092899999814,1922.1446999998298
2020,82,61,143,Pm,True,9890.440900000045,18580.365799999796,4299.574299999746,11524.063100000145,-556.9226999999955,4130.8885999999475,1915.251400000183
2020,81,62,143,Sm,True,8606.51810000022,19725.8115000003,5664.562100000214,9903.554100000067,74.8886999997776,2448.8935000004712,1916.1191000002436
2020,80,63,143,Eu,True,11003.699099999852,20458.30380000011,2548.3516999999993,8296.320599999744,834.8060000000987,565.4469000000972,1559.9951999995392
2020,79,64,143,Gd,True,9343.108599999687,21149.719399999827,4211.356399999699,6875.302399999928,1723.9994000003207,311.7752999996301,2286.0727999997325
2020,78,65,143,Tb,True,11930.98080000002,22020.98670000001,748.6369999998715,5071.489500000142,2553.944900000235,-102.15300000016578,1792.6223000001628
2020,77,66,143,Dy,True,,,2898.4001000002027,3522.667100000195,,,
2020,76,67,143,Ho,False,,,,,,,
2020,75,68,143,Er,False,,,,,,,
2020,92,52,144,Te,False,,,,,,,
2020,91,53,144,I,False,,,,,,,
2020,90,54,144,Xe,True,4740.741500000004,7785.2990000001155,,,-2929.7675999999046,560.0186000000685,
2020,89,55,144,Cs,True,3667.163500000024,8899.44020000007,10357.44709999999,23046.332200000063,-2090.0511999998707,717.7848000000231,2518.5810000002384
2020,88,56,144,Ba,True,5901.250199999893,10067.51000000001,11380.595500000054,21115.436600000132,-1205.593200000003,825.7378000000026,2678.759600000223
2020,87,57,144,La,True,4749.499899999937,10968.340599999763,8201.4197999998,18913.041800000006,-224.83479999983683,454.1909999998752,2511.2669999997597
2020,86,58,144,Ce,True,6896.873300000327,12041.672800000291,9549.437500000233,17167.61720000021,411.04959999979474,705.1030000005849,2095.695800000569
2020,85,59,144,Pr,True,5753.714400000172,13106.86400000006,6433.178900000174,15304.583799999906,1136.5579999999609,1041.3323999999557,2022.872199999867
2020,84,60,144,Nd,True,7817.0429,13940.610799999675,7968.808799999999,13793.072799999965,1901.2796000002418,620.0893999997061,1966.8029999998398
2020,83,61,144,Pm,True,6526.777299999958,16417.218200000003,4702.783700000029,12207.699199999915,845.1907999999821,2236.34179999982,1928.278599999845
2020,82,62,144,Sm,True,10519.822499999776,19126.340599999996,6293.943699999945,10593.51799999969,-133.29759999993257,3952.9779999998864,1895.3867999995127
2020,81,63,144,Eu,True,9449.182500000112,20452.881599999964,3391.0160999998916,9055.578200000105,167.96079999976791,2811.8209999999963,2333.1714000001084
2020,80,64,144,Gd,True,11599.512400000356,20942.621000000043,4807.169700000202,7355.5214000002015,1271.5155999998096,473.6706000000704,1982.1534000004176
2020,79,65,144,Tb,True,10020.311999999918,21951.292799999937,1425.8404000001028,5637.196799999801,2192.853600000264,413.2011999997776,2189.2059999997728
2020,78,66,144,Dy,True,12472.45269999979,,3439.871999999974,4188.508999999845,2787.2716000000946,,1858.6435999998357
2020,77,67,144,Ho,True,,,-270.46730000013486,2627.932800000068,3447.84160000016,,
2020,76,68,144,Er,False,,,,,,,
2020,75,69,144,Tm,False,,,,,,,
2020,93,52,145,Te,False,,,,,,,
2020,92,53,145,I,False,,,,,,,
2020,91,54,145,Xe,True,2692.34850000008,7433.090000000084,,,,,
2020,90,55,145,Cs,True,4854.385400000028,8521.548900000053,10471.091000000015,,-2552.6724000000395,513.2609000001103,
2020,89,56,145,Ba,True,3820.3638999999966,9721.61409999989,11533.795900000026,21891.243000000017,-1743.784400000004,831.1300999999512,2815.5847000000067
2020,88,57,145,La,True,6056.9832999999635,10806.4831999999,8357.15289999987,19737.748399999924,-782.8846999998204,820.7624999999534,2551.026899999706
2020,87,58,145,Ce,True,4706.43619999988,11603.309500000207,9506.373800000176,17707.793599999975,240.52679999987595,513.8307000002824,2050.1134000001475
2020,86,59,145,Pr,True,6946.714099999983,12700.428500000155,6483.01969999983,16032.457200000063,878.9348999999929,739.6810000000987,2038.5233000002336
2020,85,60,145,Nd,True,5755.290700000012,13572.333600000013,7970.385099999839,14403.564000000013,1574.1385000001173,714.9078999999911,1991.5777000000235
2020,84,61,145,Pm,True,7922.6998999998905,14449.477199999848,4808.440699999919,12777.249499999918,2322.122100000037,532.3642999997828,1922.1906999996863
2020,83,62,145,Sm,True,6757.095500000054,17276.91799999983,6524.261900000041,11227.04560000007,1115.190300000133,2519.6436999998987,1943.5808999999426
2020,82,63,145,Eu,True,10443.674399999902,19892.856900000013,3314.8680000000168,9608.811699999962,106.48490000027232,4197.132599999895,2279.7246999999043
2020,81,64,145,Gd,True,9238.431699999841,20837.944100000197,4596.418899999931,7987.434999999823,582.4158999999054,2264.996400000062,2140.0714999998454
2020,80,65,145,Tb,True,12102.827700000256,22123.139700000174,1929.155700000003,6736.325400000205,1101.0331999997143,1637.5212000003085,2800.981200000271
2020,79,66,145,Dy,True,9743.829200000037,22216.281899999827,3163.3892000000924,4589.229600000195,2556.713400000008,120.20389999984764,1646.0756000003312
2020,78,67,145,Ho,True,12581.91519999993,,-161.00479999999516,3278.8671999999788,2995.808500000043,,1846.6345999999903
2020,77,68,145,Er,False,,,,,,,
2020,76,69,145,Tm,False,,,,,,,
2020,93,53,146,I,False,,,,,,,
2020,92,54,146,Xe,True,4532.931899999967,7225.280400000047,,,,,
2020,91,55,146,Cs,True,3327.2700000000186,8181.655400000047,11106.012499999953,,-2932.3252000000793,438.4432000000961,
2020,90,56,146,Ba,True,5421.40830000001,9241.772200000007,12100.818800000008,22571.909800000023,-2061.5464000001084,420.503600000171,2461.8227999999654
2020,89,57,146,La,True,4457.166299999924,10514.149599999888,8993.955299999798,20527.751199999824,-1131.528999999864,883.9323999995831,2635.522799999686
2020,88,58,146,Ce,True,6630.133599999826,11336.569799999706,10079.524100000039,18436.67699999991,-208.52459999988787,421.38759999955073,2076.5451999998186
2020,87,59,146,Pr,True,5118.817500000121,12065.531600000104,6895.401000000071,16401.774800000247,925.5470000000205,60.92840000032447,1631.4364000002388
2020,86,60,146,Nd,True,7565.230699999956,13320.521399999969,8588.901699999813,15071.921399999643,1182.068200000096,695.7411999998149,2083.830799999414
2020,85,61,146,Pm,True,6258.176500000292,14180.876400000183,5311.326500000199,13281.711600000039,1907.0867999999318,626.7180000001099,1860.6476000000257
2020,84,62,146,Sm,True,8416.267100000056,15173.36260000011,7017.829100000206,11826.269800000126,2528.78180000023,691.0204000000376,1975.2620000001043
2020,83,63,146,Eu,True,7197.386200000066,17641.060599999968,3755.158700000029,10279.42060000007,1599.0235999999568,2318.5407999998424,2282.1311999999452
2020,82,64,146,Gd,True,11230.518700000132,20468.950399999972,5383.263200000161,8698.131200000178,471.1905999998562,4142.71120000002,2346.6184000002686
2020,81,65,146,Tb,True,9435.263899999904,21538.09160000016,2125.9879000000656,6722.406799999997,1120.374000000069,2622.1484000000637,1916.9316000000108
2020,80,66,146,Dy,True,12383.650799999945,22127.47999999998,3444.212299999781,5373.367999999784,1979.6734000002034,680.3847999998834,1871.3615999997128
2020,79,67,146,Ho,True,10189.435599999968,22771.3507999999,284.6015999999363,3447.9908000000287,2896.378800000064,-124.22520000021905,1343.247599999886
2020,78,68,146,Er,True,,,2490.870200000005,2329.8654000000097,,,
2020,77,69,146,Tm,False,,,,,,,
2020,94,53,147,I,False,,,,,,,
2020,93,54,147,Xe,False,,,,,,,
2020,92,55,147,Cs,True,4681.017999999924,8008.287999999942,11254.09859999991,,,,
2020,91,56,147,Ba,True,3469.0756999999285,8890.483999999939,12242.624499999918,23348.63699999987,-2486.064599999925,181.26199999987148,2364.80989999976
2020,90,57,147,La,True,5528.554400000023,9985.720699999947,9101.10139999981,21201.92019999982,-1427.806699999841,301.5663999998942,2263.0033999995794
2020,89,58,147,Ce,True,4459.345200000098,11089.478799999924,10081.703000000212,19075.65830000001,-501.6099999998696,290.8259999998845,2136.0748000000603
2020,88,59,147,Pr,True,6841.929999999935,11960.747500000056,7107.197400000179,17186.721500000218,302.4576999999117,222.83150000008754,1988.474200000288
2020,87,60,147,Nd,True,5292.195000000065,12857.425700000022,8762.279199999757,15657.680199999828,1034.6726999999955,486.0435999999754,2090.6326999997254
2020,86,61,147,Pm,True,7658.936399999773,13917.112900000066,5405.032200000016,13993.933899999829,1601.3000000000466,752.0519999999087,2016.6562999996822
2020,85,62,147,Sm,True,6341.007199999876,14757.274299999932,7100.65979999979,12411.98629999999,2311.342500000028,744.7873999997973,1972.9216999998316
2020,84,63,147,Eu,True,8498.338100000052,15695.724300000118,3837.2297000000253,10855.058800000232,2991.12639999995,656.3926000001375,2333.0914000002667
2020,83,64,147,Gd,True,7342.429000000004,18572.947700000135,5528.306000000099,9283.464700000128,1735.279700000072,2660.073500000173,2368.4621000001207
2020,82,65,147,Tb,True,11050.354599999962,20485.618499999866,1945.8237999998964,7329.087000000058,1073.718499999959,3597.0137999998406,1847.966999999946
2020,81,66,147,Dy,True,9712.427200000035,22096.07799999998,3721.375599999912,5847.363499999978,1610.3547999998555,2455.491199999815,1723.845299999928
2020,80,67,147,Ho,True,12590.181100000162,22779.61670000013,491.1319000001531,3935.344199999934,2237.1784999999218,748.222400000086,
2020,79,68,147,Er,True,10357.11779999989,,2658.5523999999277,2943.153999999864,3136.226500000339,,
2020,78,69,147,Tm,True,,,-1058.6376000000164,1432.2325999999885,,,
2020,94,54,148,Xe,False,,,,,,,
2020,93,55,148,Cs,True,3062.194200000027,7743.212199999951,,,,,
2020,92,56,148,Ba,True,5352.192899999907,8821.268599999836,12913.799399999902,24167.897999999812,-3097.5159999998286,333.73999999975786,2287.994399999734
2020,91,57,148,La,True,4101.662800000282,9630.217200000305,9733.688500000164,21976.313000000082,-1862.3060000000987,-114.82579999952577,1806.6150000002235
2020,90,58,148,Ce,True,6455.837000000058,10915.182200000156,11008.985600000247,20110.087000000058,-1056.1968000000343,324.0970000002999,2250.6168000001926
2020,89,59,148,Pr,True,5162.673199999845,12004.60319999978,7810.525399999926,17892.22840000014,-110.7155999999959,96.9163999997545,2252.406600000104
2020,88,60,148,Nd,True,7332.585200000089,12624.780200000154,9252.934399999911,16360.13180000009,598.9608000002336,210.25960000022314,2138.9212000002153
2020,87,61,148,Pm,True,5895.2220000003,13554.158400000073,6008.059200000251,14770.338400000008,1459.7923999999184,680.0718000002671,2265.911800000351
2020,86,62,148,Sm,True,8141.335000000196,14482.342200000072,7583.058400000213,12988.090600000229,1987.0503999998327,624.442000000272,1982.1704000004102
2020,85,63,148,Eu,True,6824.181700000074,15322.519800000126,4320.404200000223,11421.064000000013,2693.721999999834,684.9988000004087,2034.818000000203
2020,84,64,148,Gd,True,8983.810199999949,16326.239199999953,6013.778099999996,9851.007800000021,3271.2919999998994,688.9846000000834,2232.873200000031
2020,83,65,148,Tb,True,7865.588600000134,18915.943200000096,2468.9834000000264,7997.289400000125,2657.312399999937,2204.4668000002857,2010.4080000002868
2020,82,66,148,Dy,True,11734.668000000063,21447.095200000098,4405.689000000013,6351.5127999999095,1475.1992000001483,3854.2342000000644,1801.6467999999877
2020,81,67,148,Ho,True,10305.394899999956,22895.576000000117,1084.0996000000741,4805.475199999986,1952.0955999998841,2798.226600000169,
2020,80,68,148,Er,True,12942.503200000152,23299.621000000043,3010.874499999918,3502.006400000071,2666.1759999999776,804.6662000000942,
2020,79,69,148,Tm,True,10861.946200000122,,-553.809199999785,2104.7432000001427,3419.568399999989,,
2020,78,70,148,Yb,False,,,,,,,
2020,95,54,149,Xe,False,,,,,,,
2020,94,55,149,Cs,False,,,,,,,
2020,93,56,149,Ba,True,3357.02910000016,8709.222000000067,13208.634300000034,,-3762.1965999999084,,
2020,92,57,149,La,True,5582.491499999771,9684.154300000053,9963.987100000028,22877.78649999993,-2590.4120999998413,451.1041999999434,1740.0775999997277
2020,91,58,149,Ce,True,4342.815799999982,10798.65280000004,11250.138599999947,20983.82710000011,-1578.6487000000197,100.87050000019372,2132.6186000001617
2020,90,59,149,Pr,True,6575.242800000124,11737.915999999968,7929.931199999992,18938.91680000024,-628.9751000001561,-145.03040000004694,2014.0955000002868
2020,89,60,149,Nd,True,5038.7968999999575,12371.382100000046,9129.058100000024,16939.58349999995,266.6001000001561,-338.89569999999367,2160.6962999999523
2020,88,61,149,Pm,True,7269.838899999857,13165.060900000157,5945.312900000019,15198.24729999993,1136.6676000000443,-299.42909999983385,2031.6047999998555
2020,87,62,149,Sm,True,5871.151899999939,14012.486900000134,7558.988299999852,13567.047500000102,1871.1891999999061,429.26510000019334,1936.0896000002977
2020,86,63,149,Eu,True,8215.149999999907,15039.33169999998,4394.219199999934,11977.277600000147,2401.271899999818,684.9058999998961,2217.102300000377
2020,85,64,149,Gd,True,6929.064000000013,15912.874199999962,6118.660399999935,10439.064600000158,3099.3234999999404,708.4940000001807,2235.9051000003237
2020,84,65,149,Tb,True,9023.016099999892,16888.604700000025,2508.189299999969,8521.967399999965,4077.970699999947,611.0651000002399,1809.9153999998234
2020,83,66,149,Dy,True,7905.918800000101,19640.586800000165,4446.019199999981,6915.002600000007,2807.712099999888,2439.5557000003755,1764.7681000002194
2020,82,67,149,Ho,True,11725.999400000088,22031.394300000044,1075.4310000000987,5481.120000000112,2328.9239000000525,3911.8575999999885,1777.4174000001512
2020,81,68,149,Er,True,10333.939000000013,23276.442200000165,3039.4185999999754,4123.51820000005,2076.066200000001,2609.1391000002623,1744.8367999999318
2020,80,69,149,Tm,False,,,,,,,
2020,79,70,149,Yb,False,,,,,,,
2020,96,54,150,Xe,False,,,,,,,
2020,95,55,150,Cs,False,,,,,,,
2020,94,56,150,Ba,True,5130.499499999918,8487.528600000078,,,-4359.76419999986,,
2020,93,57,150,La,True,4162.55150000006,9745.04299999983,10769.509499999927,23978.14379999996,-3425.6935999998823,,1953.283999999985
2020,92,58,150,Ce,True,6248.269399999874,10591.085199999856,11915.91650000005,21879.903600000078,-2405.5097999998834,,1999.1680000000633
2020,91,59,150,Pr,True,5332.443999999901,11907.686800000025,8919.559399999911,20169.69799999986,-1504.252800000133,307.48200000007637,2637.7843999997713
2020,90,60,150,Nd,True,7375.723699999973,12414.52059999993,9929.538999999873,17859.470199999865,-478.9899999999907,-197.8300000000745,2198.501199999824
2020,89,61,150,Pm,True,5604.247699999949,12874.086599999806,6510.76370000001,15639.821800000034,651.2374000002164,-925.692000000272,1770.716000000015
2020,88,62,150,Sm,True,7986.748299999861,13857.9001999998,8275.897699999856,14221.210599999875,1449.6716000000015,3.6211999997030944,1987.2971999996807
2020,87,63,150,Eu,True,6422.37099999981,14637.520999999717,4945.438299999805,12504.426599999657,2237.0774000003003,398.7551999995485,2001.547199999448
2020,86,64,150,Gd,True,8708.190599999856,15637.25459999987,6611.7009999998845,11005.920199999819,2807.4000000001397,551.3611999996938,2074.0659999996424
2020,85,65,150,Tb,True,7688.460299999919,16711.47639999981,3267.585599999875,9386.24599999981,3586.8966000000946,957.3219999996945,2309.4523999998346
2020,84,66,150,Dy,True,9686.942199999932,17592.861000000034,5109.945300000021,7618.13459999999,4351.288600000087,641.8867999999784,1849.5875999999698
2020,83,67,150,Ho,True,8371.34999999986,20097.34939999995,1540.8621999998577,5986.881399999838,3392.8378000000957,2295.9608000000007,1634.5439999997616
2020,82,68,150,Er,True,12161.015799999936,22494.95479999995,3474.434999999823,4549.865999999922,2298.7012000000104,3683.4127999998163,1532.8567999999505
2020,81,69,150,Tm,False,,,,,,,
2020,80,70,150,Yb,False,,,,,,,
2020,79,71,150,Lu,False,,,,,,,
2020,96,55,151,Cs,False,,,,,,,
2020,95,56,151,Ba,False,,,,,,,
2020,94,57,151,La,True,5070.49860000005,9233.05010000011,10709.50860000006,,-3815.1742000000086,,
2020,93,58,151,Ce,True,4449.512899999972,10697.782299999846,12202.877899999963,22972.38739999989,-3385.9469999999274,,2289.120699999854
2020,92,59,151,Pr,True,6550.502400000114,11882.946400000015,9221.792400000151,21137.7089000002,-2526.2008000002243,951.5125000001863,2691.450500000268
2020,91,60,151,Nd,True,5334.554100000067,12710.27780000004,9931.649100000039,18851.20849999995,-1354.1988999999594,180.43730000010692,2656.3906999998726
2020,90,61,151,Pm,True,7860.242300000042,13464.48999999999,6995.282300000079,16924.821299999952,-367.0748999998905,60.10649999999441,2365.6702999998815
2020,89,62,151,Sm,True,5596.47350000008,13583.221799999941,8268.123499999987,14778.887199999997,1145.3930999999866,-542.9866000001784,1894.4880000001285
2020,88,63,151,Eu,True,7932.054800000275,14354.425800000085,4890.744800000219,13166.642500000075,1963.9589999997988,-502.5726999999024,1928.2011000001803
2020,87,64,151,Gd,True,6496.189599999925,15204.380199999781,6685.5196,11630.957899999805,2652.217600000091,367.7170999997761,2098.7282999996096
2020,86,65,151,Tb,True,8589.079299999867,16277.539599999785,3148.4742999998853,9760.17529999977,3496.1554000002798,444.84769999957643,1793.7029999995138
2020,85,66,151,Dy,True,7514.088899999857,17201.03109999979,4935.573899999959,8203.159499999834,4179.628700000234,667.5807999996468,1910.9171999995597
2020,84,67,151,Ho,True,9748.186700000195,18119.536700000055,1602.1067000001203,6712.052000000142,4695.005699999863,587.5768000001553,1784.2474000002258
2020,83,68,151,Er,True,8506.287299999967,20667.303099999903,3609.37229999993,5150.234499999788,3504.841100000078,2324.2641999996267,
2020,82,69,151,Tm,True,,,229.26760000013746,3703.7025999999605,2560.565500000026,,1521.90559999994
2020,81,70,151,Yb,True,,,,2378.6814000001177,2640.5387999997474,,
2020,80,71,151,Lu,False,,,,,,,
2020,97,55,152,Cs,False,,,,,,,
2020,96,56,152,Ba,False,,,,,,,
2020,95,57,152,La,False,,,,,,,
2020,94,58,152,Ce,False,,,,,,,
2020,93,59,152,Pr,True,5049.702399999835,11600.204799999949,9821.981900000013,22024.859799999977,-3474.240399999777,1356.0419999998994,2938.3865999998525
2020,92,60,152,Nd,True,7277.7964999999385,12612.350600000005,10658.943199999863,19880.735600000015,-2176.15839999984,1039.7748000000138,2996.8845999999903
2020,91,61,152,Pm,True,5939.536300000036,13799.778600000078,7600.264500000048,17531.913600000087,-1143.938000000082,645.0142000000924,2470.074800000293
2020,90,62,152,Sm,True,8257.805500000017,13854.279000000097,8665.686699999962,15660.969000000041,220.1728000000585,19.046400000108406,2139.6345999999903
2020,89,63,152,Eu,True,6306.710999999894,14238.765800000168,5600.982300000032,13869.10580000002,1552.470000000205,-753.7457999996841,2022.9528000000864
2020,88,64,152,Gd,True,8589.70380000025,15085.893400000175,7343.168599999975,12233.913400000194,2203.848800000036,-55.80659999977797,1969.2548000004608
2020,87,65,152,Tb,True,7165.075100000249,15754.154400000116,3817.3598000002094,10502.879400000209,3155.2620000001043,172.11500000022352,2002.8688000002876
2020,86,66,152,Dy,True,9436.885300000198,16950.974200000055,5783.379900000291,8931.854200000176,3726.5535999999847,532.2764000003226,1866.9008000004105
2020,85,67,152,Ho,True,8053.201899999753,17801.388599999947,2141.219700000016,7076.793599999975,4507.392400000244,624.0171999998856,1676.341199999908
2020,84,68,152,Er,True,10305.254700000165,18811.542000000132,4166.4402999999,5768.5470000000205,4934.254399999976,564.1614000003319,1758.7282000000123
2020,83,69,152,Tm,True,9019.984799999977,,742.9651000001468,4352.337400000077,3845.975600000005,,
2020,82,70,152,Yb,True,12799.34359999979,,2787.741599999834,3017.0091999999713,2783.6984000001103,,
2020,81,71,152,Lu,False,,,,,,,
2020,97,56,153,Ba,False,,,,,,,
2020,96,57,153,La,False,,,,,,,
2020,95,58,153,Ce,False,,,,,,,
2020,94,59,153,Pr,True,5881.731499999994,10931.433899999829,,22836.09269999992,-3773.4804000000004,941.9411999997683,2886.625500000082
2020,93,60,153,Nd,True,5252.043999999994,12529.840499999933,10861.284800000023,20683.266700000037,-3085.3865999998525,1433.7950999997556,3244.49729999993
2020,92,61,153,Pm,True,7464.84719999996,13404.383499999996,7787.31520000007,18446.258399999933,-2033.5423999999184,969.7408000002615,2697.9791999999434
2020,91,62,153,Sm,True,5868.402900000103,14126.20840000012,8594.553300000029,16194.817800000077,-609.4332000000868,352.4163000001572,2106.6392000000924
2020,90,63,153,Eu,True,8550.287500000093,14856.998499999987,5893.464300000109,14559.15100000007,272.0213999999687,263.4868000000715,2098.2378000002354
2020,89,64,153,Gd,True,6246.959299999755,14836.663100000005,7283.4168999998365,12884.399199999869,1828.0414000002202,-493.3247000002302,2033.461899999762
2020,88,65,153,Tb,True,8667.61679999996,15832.691900000209,3895.272799999919,11238.441399999894,2702.7952000000514,-246.7783999997191,1934.3000999998767
2020,87,66,153,Dy,True,7096.564999999944,16533.450300000142,5714.869799999986,9532.229600000195,3559.0526000000536,378.0795000002254,1888.3118000002578
2020,86,67,153,Ho,True,9478.758000000147,17531.9598999999,2183.092399999965,7966.472300000256,4051.650499999989,361.5989999999292,1774.6839000002947
2020,85,68,153,Er,True,8037.784200000111,18343.038900000276,4151.0226000002585,6292.242300000275,4802.3889999999665,457.9131000004709,1678.3715000003576
2020,84,69,153,Tm,True,10323.653900000034,19343.63870000001,761.3643000000156,4927.804599999916,5248.321100000059,547.6950000000652,1777.4214000001084
2020,83,70,153,Yb,False,,,,,,,
2020,82,71,153,Lu,True,,,-605.9445999998134,2181.7970000000205,,,
2020,81,72,153,Hf,False,,,,,,,
2020,98,56,154,Ba,False,,,,,,,
2020,97,57,154,La,False,,,,,,,
2020,96,58,154,Ce,False,,,,,,,
2020,95,59,154,Pr,True,4362.431300000055,10244.16280000005,,,-3973.3601999999955,511.81319999997504,
2020,94,60,154,Nd,True,6320.531799999997,11572.575799999991,11300.085100000026,,-3157.648999999976,807.403199999826,
2020,93,61,154,Pm,True,5689.917200000025,13154.764399999985,8225.188400000101,19086.473200000124,-2391.0156000000425,1111.879600000102,2692.2960000003222
2020,92,62,154,Sm,True,7966.829699999886,13835.232599999988,9096.535799999954,16883.851000000024,-1200.5391999999993,787.4268000000156,2226.1407999999356
2020,91,63,154,Eu,True,6442.224099999759,14992.511599999852,6467.285499999765,15061.838799999794,-565.9549999998417,505.4087999998592,2131.2571999996435
2020,90,64,154,Gd,True,8894.740700000199,15141.699999999953,7627.870099999942,13521.33440000005,920.0489999998827,170.09159999992698,2120.3632000000216
2020,89,65,154,Tb,True,6914.422599999933,15582.039399999892,4562.7361000000965,11846.152999999933,2210.743599999929,-494.9008000001777,1886.5187999999616
2020,88,66,154,Dy,True,9322.132799999788,16418.697799999733,6369.3857999998145,10264.658599999733,2945.1104000001214,140.6851999994833,1869.0451999995857
2020,87,67,154,Ho,True,7698.613399999915,17177.371400000062,2785.1407999999356,8500.010599999921,4041.497399999993,135.70840000011958,1727.0164000000805
2020,86,68,154,Er,True,10209.59639999969,18247.3805999998,4881.860999999801,7064.953399999766,4279.734800000209,498.02279999968596,1826.4367999997921
2020,85,69,154,Tm,True,8525.849699999904,18849.503599999938,1249.429799999809,5400.452400000067,5093.821400000015,299.5904000001028,1550.1071999999695
2020,84,70,154,Yb,True,,19804.35160000017,3248.4544999999925,4009.818800000008,5474.30159999989,328.27320000040345,1544.4640000001527
2020,83,71,154,Lu,False,,,,,,,
2020,82,72,154,Hf,False,,,,,,,
2020,98,57,155,La,False,,,,,,,
2020,97,58,155,Ce,False,,,,,,,
2020,96,59,155,Pr,True,5627.061400000006,9989.49270000006,,,-4529.922999999952,827.3926999999676,
2020,95,60,155,Nd,True,4775.51360000018,11096.045400000177,11713.167400000151,,-3483.6497000001837,743.0857000004034,
2020,94,61,155,Pm,True,6744.725499999709,12434.642699999735,8649.382099999813,19949.46719999984,-2585.238699999638,934.895599999465,2852.403199999593
2020,93,62,155,Sm,True,5806.962400000077,13773.792099999962,9213.581000000006,17438.769400000107,-1672.9475000000093,1144.7117000001017,2228.138000000268
2020,92,63,155,Eu,True,8151.287600000156,14593.511699999915,6651.743400000036,15748.27919999999,-857.000299999956,810.0841999999247,2224.8279999999795
2020,91,64,155,Gd,True,6435.247100000037,15329.987800000235,7620.893100000219,14088.178599999985,81.27539999992587,433.74290000041947,2155.8582000001334
2020,90,65,155,Tb,True,9165.047699999996,16079.470299999928,4833.0430999998935,12460.913199999835,977.7507000002079,423.4205999998376,2300.5385999996215
2020,89,66,155,Dy,True,6833.2380000001285,16155.370799999917,6288.20120000001,10850.937300000107,2608.061999999918,-256.00010000006296,2015.2874000000302
2020,88,67,155,Ho,True,9471.747500000056,17170.36089999997,2934.755500000203,9304.141300000018,3158.8291999998037,234.65729999984615,2056.719299999997
2020,87,68,155,Er,True,7675.529400000116,17885.125799999805,4858.777000000002,7643.917799999937,4118.29429999995,538.0228999997489,1855.249099999899
2020,86,69,155,Tm,True,10270.094000000041,18795.943699999945,1309.9274000001606,6191.788399999961,4571.914100000169,569.9491999999154,1799.9588000001386
2020,85,70,155,Yb,True,8641.83620000002,,3364.441000000108,4613.870799999917,5338.752699999837,,
2020,84,71,155,Lu,True,,20312.224899999797,-98.07130000018515,3150.3831999998074,5801.640500000212,274.83479999983683,1521.557099999627
2020,83,72,155,Hf,False,,,,,,,
2020,82,73,155,Ta,False,,,,,,,
2020,99,57,156,La,False,,,,,,,
2020,98,58,156,Ce,False,,,,,,,
2020,97,59,156,Pr,True,4105.288200000068,9732.349600000074,,,,,
2020,96,60,156,Nd,True,5989.658999999985,10765.172600000165,12075.76500000013,,,989.5484000002034,
2020,95,61,156,Pm,True,5298.159300000174,12042.884799999883,9172.027799999807,20885.19519999996,-2833.6955999999773,960.9599999999627,3203.6419999999925
2020,94,62,156,Sm,True,7240.843399999896,13047.805799999973,9709.698900000192,18359.081000000006,-1635.9943999999668,1014.063199999975,2451.905200000154
2020,93,63,156,Eu,True,6335.815199999837,14487.102799999993,7180.596199999796,16394.1771999998,-1253.279199999757,1156.841999999946,2428.1875999995973
2020,92,64,156,Gd,True,8536.36129999999,14971.608400000026,8005.966800000053,14657.710200000089,-197.28040000004694,674.3370000002906,2207.948600000236
2020,91,65,156,Tb,True,6911.8925000000745,16076.94020000007,5309.688499999931,12930.58160000015,372.5692000000272,554.4294000000227,2256.253400000045
2020,90,66,156,Dy,True,9444.77460000012,16278.01260000025,6567.928100000136,11400.971200000029,1752.9912000000477,257.61380000039935,2048.6148000000976
2020,89,67,156,Ho,True,7569.915499999886,17041.662999999942,3671.432999999961,9959.634199999971,2753.9888000001665,250.0287999997381,2216.896999999881
2020,88,68,156,Er,True,10073.828399999999,17749.357800000114,5460.8578999999445,8395.613400000148,3481.35120000015,514.6022000000812,2019.7396000002045
2020,87,69,156,Tm,True,8279.819199999794,18549.913199999835,1914.217199999839,6772.994199999841,4345.296800000127,538.5071999996435,1817.270399999572
2020,86,70,156,Yb,True,10834.242199999746,19476.078399999766,3928.589199999813,5238.516599999974,4809.765200000256,589.3633999996819,1823.714599999832
2020,85,71,156,Lu,True,9225.811700000195,,485.90419999998994,3850.345200000098,5595.813599999994,,
2020,84,72,156,Hf,True,,,2563.4261000000406,2465.3547999998555,6025.956000000006,,
2020,83,73,156,Ta,False,,,,,,,
2020,100,57,157,La,False,,,,,,,
2020,99,58,157,Ce,False,,,,,,,
2020,98,59,157,Pr,True,5056.811800000025,9162.100000000093,,,,,
2020,97,60,157,Nd,True,4363.300699999789,10352.959699999774,12333.777499999851,,,980.4327999996021,
2020,96,61,157,Pm,True,6201.587800000096,11499.74710000027,9383.956599999918,21459.721600000048,-3153.5519000000786,1099.881800000323,3135.5189000000246
2020,95,62,157,Sm,True,5388.236999999965,12629.08039999986,9799.776599999983,18971.80439999979,-1772.187399999937,956.2480999997351,2509.6694999998435
2020,94,63,157,Eu,True,7447.6123000001535,13783.42749999999,7387.365100000054,17097.064000000246,-1236.0442999999505,1056.5416999999434,2445.6740000003483
2020,93,64,157,Gd,True,6359.883599999826,14896.244899999816,8030.035200000042,15210.631399999838,-688.7610999997705,1015.6609999998473,2289.3739999996033
2020,92,65,157,Tb,True,8744.157200000016,15656.04970000009,5517.4843999999575,13523.45120000001,178.6995000001043,744.6834000002127,2379.7330000000075
2020,91,66,157,Dy,True,6966.596299999859,16411.37089999998,6622.63189999992,11932.320399999851,1033.3541999999434,526.1889999997802,2217.9284999999218
2020,90,67,157,Ho,True,9365.788100000238,16935.703600000124,3592.4465000000782,10160.374600000214,2055.8174999998882,296.31030000024475,1844.9016000004485
2020,89,68,157,Er,True,7273.274500000058,17347.102900000056,5164.216900000116,8835.649900000077,3304.6417000000365,56.99000000022352,1837.8296000000555
2020,88,69,157,Tm,True,9946.175300000235,18225.99450000003,1786.564100000076,7247.4220000000205,3877.879500000039,222.23990000016056,1670.153399999952
2020,87,70,157,Yb,True,8225.68150000018,19059.923699999927,3874.4515000001993,5788.668700000038,4621.867900000187,503.6691999998875,1778.0204000000376
2020,86,71,157,Lu,True,10811.578399999766,20037.39009999996,463.2404000000097,4391.829599999823,5107.889100000262,625.9565999996848,1814.5369999995455
2020,85,72,157,Hf,False,,,,,,,
2020,84,73,157,Ta,True,,,-934.5999999998603,1628.8261000001803,6354.6114000000525,,
2020,83,74,157,W,False,,,,,,,
2020,100,58,158,Ce,False,,,,,,,
2020,99,59,158,Pr,False,,,,,,,
2020,98,60,158,Nd,True,5412.323500000173,9775.624199999962,12689.2892,,,743.5904000001028,
2020,97,61,158,Pm,True,4880.336999999825,11081.92479999992,9900.992899999954,22234.770399999805,-3671.4575999998488,1150.7843999997713,3269.517999999691
2020,96,62,158,Sm,True,6645.505600000033,12033.742599999998,10243.69439999992,19627.650999999838,-2097.161199999973,909.7835999999661,2359.499999999767
2020,95,63,158,Eu,True,5882.648499999894,13330.260800000047,7881.776599999983,17681.553199999966,-1428.775599999819,964.6367999999784,2537.59319999977
2020,94,64,158,Gd,True,7937.3877999999095,14297.271399999736,8519.810699999798,15907.175799999852,-659.3191999997944,902.5535999995191,2346.7779999997
2020,93,65,158,Tb,True,6778.353600000031,15522.510800000047,5935.954400000162,13965.989600000205,-157.43000000016764,1014.2796000000089,2476.510400000261
2020,92,66,158,Dy,True,9053.80249999999,16020.39879999985,6932.277199999895,12449.761599999852,874.2924000001512,612.4911999998149,2214.7979999997187
2020,91,67,158,Ho,True,7425.846099999966,16791.634200000204,4051.696300000185,10674.328200000105,1544.3939999998547,453.9724000003189,1982.7464000002947
2020,90,68,158,Er,True,9961.481099999975,17234.755600000033,5759.909899999853,9352.356399999931,2665.2933999998495,331.749599999981,1914.998399999924
2020,89,69,158,Tm,True,8065.230699999956,18011.406000000192,2578.5202999999747,7742.7372000000905,3511.2621999999974,270.9272000002675,1598.0504000000656
2020,88,70,158,Yb,True,10661.033499999903,18886.715000000084,4589.309699999867,6375.873799999943,4170.430799999973,590.4751999999862,1868.8019999999087
2020,87,71,158,Lu,True,8843.71340000024,19655.291800000006,1081.2723000000697,4955.723800000269,4790.025399999926,454.9228000000585,1766.2828000003938
2020,86,72,158,Hf,True,,20425.52560000005,2951.561600000132,3414.8020000001416,5404.782000000123,446.54080000007525,1610.185199999949
2020,85,73,158,Ta,False,,,,,,,
2020,84,74,158,W,False,,,,,,,
2020,101,58,159,Ce,False,,,,,,,
2020,100,59,159,Pr,False,,,,,,,
2020,99,60,159,Nd,True,3960.2033999999985,9372.526900000172,,,,,
2020,98,61,159,Pm,True,5519.528300000122,10399.865299999947,10008.197699999902,22697.4868999999,-3563.9244999999646,724.9915000000037,2882.3018000000156
2020,97,62,159,Sm,True,5027.326700000092,11672.832300000126,10390.684100000188,20291.67700000014,-2348.9742999998853,1066.0142000000924,2415.4513000000734
2020,96,63,159,Eu,True,6844.2373000001535,12726.885800000047,8080.508300000103,18324.202700000023,-1528.287400000263,836.038100000238,2327.871100000106
2020,95,64,159,Gd,True,5943.196100000059,13880.583899999969,8580.358299999963,16462.134899999946,-795.5528999997769,793.6607999997213,2390.551899999846
2020,94,65,159,Tb,True,8133.0126999998465,14911.366299999878,6131.5793000000995,14651.389999999898,-139.15509999985807,839.5388999998104,2409.7300999998115
2020,93,66,159,Dy,True,6831.379400000209,15885.1819000002,6985.303000000073,12921.257400000235,478.16009999997914,854.2724000003655,2309.234400000423
2020,92,67,159,Ho,True,9213.547199999914,16639.39329999988,4211.441000000108,11143.718200000003,1495.8944999999367,630.0852999999188,1996.6810000000987
2020,91,68,159,Er,True,7328.631799999857,17290.112899999833,5662.695599999744,9714.39189999993,2169.8996000001207,507.2998999997508,1863.3275999999605
2020,90,69,159,Tm,True,9938.523899999913,18003.75459999987,2555.563099999912,8315.472999999765,3044.4858000001404,532.7970999998506,1745.583999999566
2020,89,70,159,Yb,True,7895.221000000136,18556.25450000004,4419.300000000047,6997.820300000021,3950.7391999999527,412.89760000025854,1937.5810000000056
2020,88,71,159,Lu,True,10567.720100000035,19411.433500000276,987.9589000002015,5577.268600000069,4492.399299999932,415.05850000027567,1929.3617000002414
2020,87,72,159,Hf,True,8821.52780000004,,2929.375999999931,4010.6483000000007,5225.090400000103,,
2020,86,73,159,Ta,True,,20985.856600000057,-374.2689999998547,2577.292600000277,5680.9796999997925,503.8088000002317,1595.693600000348
2020,85,74,159,W,False,,,,,,,
2020,84,75,159,Re,False,,,,,,,
2020,101,59,160,Pr,False,,,,,,,
2020,100,60,160,Nd,True,5071.830399999861,9032.03379999986,,,,,
2020,99,61,160,Pm,True,4411.612100000028,9931.14040000015,10459.606399999931,,-3870.248399999924,,
2020,98,62,160,Sm,True,6096.632299999939,11123.959000000032,10967.788100000005,20975.985799999908,-2455.9475999998394,835.4340000001248,2350.4871999998577
2020,97,63,160,Eu,True,5521.386699999915,12365.624000000069,8574.568299999926,18965.252400000114,-1751.5148000000045,993.4973999999929,2001.2098000000697
2020,96,64,160,Gd,True,7451.521700000158,13394.717800000217,9187.642699999968,17268.15100000007,-1006.2312000000384,913.411200000206,2451.096000000136
2020,95,65,160,Tb,True,6375.218500000192,14508.231200000038,6563.601700000232,15143.960000000196,-178.5584000002127,322.5246000001207,2361.9348000003956
2020,94,66,160,Dy,True,8576.528199999826,15407.907600000035,7428.818500000052,13560.397800000152,437.9932000001427,756.532600000035,2320.6780000000726
2020,93,67,160,Ho,True,7124.114599999972,16337.661799999885,4504.176199999871,11489.479199999943,1283.6724000000395,536.8845999999903,1816.4816000000574
2020,92,68,160,Er,True,9574.374200000195,16903.006000000052,6023.522600000026,10234.963600000134,2040.3000000000466,490.3422000000719,1900.0410000002012
2020,91,69,160,Tm,True,7801.954900000012,17740.478799999924,3028.8862000000663,8691.58179999981,2812.4464000000153,421.40119999996386,1582.9105999998283
2020,90,70,160,Yb,True,10401.018799999962,18296.239800000098,4881.794900000095,7437.358000000007,3623.5487999999896,495.6692000001203,1854.2117999999318
2020,89,71,160,Lu,True,8632.648899999913,19200.368999999948,1725.3867999999784,6144.686800000025,4139.569599999813,495.90580000006594,2055.280400000047
2020,88,72,160,Hf,True,11157.456999999937,19978.984799999977,3519.1128999998327,4507.071800000034,4901.875599999912,606.6705999998376,1868.66100000008
2020,87,73,160,Ta,True,9455.861799999839,,260.0649999999441,3189.440999999875,5450.929600000149,,
2020,86,74,160,W,True,,,2178.8858000000473,1804.6168000001926,6065.519999999786,,
2020,85,75,160,Re,False,,,,,,,
2020,102,59,161,Pr,False,,,,,,,
2020,101,60,161,Nd,False,,,,,,,
2020,100,61,161,Pm,True,5263.261699999915,9674.873799999943,10651.037699999986,,-4076.6982999998145,,
2020,99,62,161,Sm,True,4510.185800000094,10606.818100000033,11066.361800000072,21525.968200000003,-2602.8327000001445,536.6040000002831,2231.469999999972
2020,98,63,161,Eu,True,6369.460999999894,11890.84769999981,8847.39699999988,19815.185099999886,-1919.3879999998026,965.9850999996997,2433.0774999996647
2020,97,64,161,Gd,True,5635.40140000009,13086.923100000247,9301.657400000142,17876.225700000068,-1253.3956000001635,1061.8325000002515,2423.571100000292
2020,96,65,161,Tb,True,7696.608899999876,14071.827400000067,6808.68889999995,15996.331599999918,-427.5549999999348,795.2036999999546,2502.1354999998584
2020,95,66,161,Dy,True,6454.381300000008,15030.909499999834,7507.9812999998685,14071.5830000001,343.4954999999609,562.9147999999113,2381.711399999913
2020,94,67,161,Ho,True,8885.19339999999,16009.30799999996,4812.841400000034,12241.659900000086,1142.6362000000663,684.9443999999203,2131.601100000087
2020,93,68,161,Er,True,7208.438799999887,16782.813000000082,6107.846799999941,10612.022999999812,1798.4575000000186,674.0548999998719,1941.5090999999084
2020,92,69,161,Tm,True,9669.002600000007,17470.95750000002,3123.5145999998786,9147.037199999904,2509.2319000002462,498.6278999999631,1676.401399999857
2020,91,70,161,Yb,True,7742.338099999819,18143.35689999978,4822.178099999903,7851.064299999969,3154.4852000002284,541.0942999997642,1838.052799999714
2020,90,71,161,Lu,True,10363.726100000087,18996.375,1688.094100000104,6569.889000000199,3722.0187999999616,624.6707000001334,2019.6556000001729
2020,89,72,161,Hf,True,8448.388500000117,19605.845500000054,3334.8525000000373,5060.239300000016,4679.168599999975,509.7164000000339,1889.6829000001308
2020,88,73,161,Ta,True,11026.185999999987,20482.047799999826,128.7939999999944,3647.906899999827,5236.321999999927,583.3462999996264,1846.280399999814
2020,87,74,161,W,False,,,,,,,
2020,86,75,161,Re,True,,,-1197.286800000118,981.5989999999292,6328.206800000044,,
2020,85,76,161,Os,False,,,,,,,
2020,102,60,162,Nd,False,,,,,,,
2020,101,61,162,Pm,False,,,,,,,
2020,100,62,162,Sm,True,5778.339199999813,10288.524999999907,11581.439299999969,22232.476999999955,-2968.8483999997843,599.6247999996413,2339.906799999764
2020,99,63,162,Eu,True,5002.665600000182,11372.126600000076,9339.876799999969,20406.23860000004,-2041.7166000001598,720.2828000001609,2446.2595999999903
2020,98,64,162,Gd,True,6845.905199999921,12481.30660000001,9778.10160000017,18625.49860000005,-1453.7952000000514,925.7099999999627,2360.625599999912
2020,97,65,162,Tb,True,6489.097700000042,14185.706599999918,7662.385199999902,16964.042600000044,-1034.004200000083,1817.6435999998357,3285.12760000024
2020,96,66,162,Dy,True,8196.993699999992,14651.375,8008.366099999985,14817.054999999935,83.88959999987856,722.2503999997862,2477.713599999901
2020,95,67,162,Ho,True,6915.583799999906,15800.777199999895,5274.043899999931,12782.0251999998,1005.4060000001919,718.1807999999728,2335.708799999673
2020,94,68,162,Er,True,9204.225000000093,16412.66379999998,6426.878400000045,11239.719800000079,1648.0349999999162,661.6672000000253,1983.8120000001509
2020,93,69,162,Tm,True,7650.074999999953,17319.07759999996,3565.150799999945,9672.997599999886,2285.003000000259,744.9815999998245,1930.153999999864
2020,92,70,162,Yb,True,10058.232500000158,17800.570599999977,5211.408000000054,8334.922599999933,3057.7338000000454,466.9216000000015,1759.7883999999613
2020,91,71,162,Lu,True,8340.737099999795,18704.463199999882,2286.4931000000797,7108.6711999999825,3446.5124000001233,751.2131999998819,2079.687199999811
2020,90,72,162,Hf,True,10923.925700000022,19372.31420000014,3895.0520999999717,5583.146200000076,4416.276399999857,579.755600000266,1938.0704000000842
2020,89,73,162,Ta,True,9074.148400000064,20100.33440000005,754.5538999999408,4089.406399999978,5005.887000000104,456.2935999999754,1820.4276000000536
2020,88,74,162,W,True,,20812.778799999738,2509.6167999999598,2638.410799999954,5678.2668000000995,433.7995999995619,1634.965599999763
2020,87,75,162,Re,False,,,,,,,
2020,86,76,162,Os,False,,,,,,,
2020,103,60,163,Nd,False,,,,,,,
2020,102,61,163,Pm,False,,,,,,,
2020,101,62,163,Sm,True,4291.874899999937,10070.21409999975,,,-3300.519899999723,,
2020,100,63,163,Eu,True,5922.196999999927,10924.86260000011,9483.734600000083,21065.173900000053,-2444.3852999999654,626.9377000001259,2472.2040000001434
2020,99,64,163,Gd,True,5179.185400000075,12025.090599999996,9954.621400000062,19294.49820000003,-1605.653900000034,745.2566000001971,2492.8567000001203
2020,98,65,163,Tb,True,6787.526000000071,13276.623700000113,7604.006000000052,17382.10760000022,-977.2929000000004,1140.8988000003155,2501.9047000003047
2020,97,66,163,Dy,True,6271.000999999931,14467.994699999923,7790.269399999874,15452.654599999776,-243.9152999999933,1093.9171999997925,2734.20459999959
2020,96,67,163,Ho,True,8408.779800000135,15324.36360000004,5485.8300000000745,13494.19610000006,729.6388999999035,661.7331000000704,2364.24860000005
2020,95,68,163,Er,True,6904.533100000117,16108.75810000021,6415.827700000256,11689.871600000188,1574.8813000000082,612.1850000002887,1983.9570000004023
2020,94,69,163,Tm,True,9322.254600000102,16972.329600000056,3683.180399999954,10110.058799999999,2176.2956000000704,628.0773000000045,1818.2849999999162
2020,93,70,163,Yb,True,7544.030099999858,17602.262600000016,5105.363099999959,8670.513899999904,2842.3355000000447,458.1037999999244,1750.926599999657
2020,92,71,163,Lu,True,10030.967200000072,18371.704299999867,2259.2277999999933,7470.635800000047,3354.0690999999642,578.2366999997757,1836.2327000000514
2020,91,72,163,Hf,True,8172.2033999999985,19096.12910000002,3726.5184000001755,6013.011500000255,4139.293999999994,587.2907000000123,1843.06910000043
2020,90,73,163,Ta,True,10824.553100000136,19898.7015000002,655.1813000000548,4550.233400000026,4749.054000000004,442.8275000003632,1847.568400000222
2020,89,74,163,W,True,8980.534100000048,,2416.002499999944,3170.556399999885,5519.260500000091,,
2020,88,75,163,Re,True,,21302.07529999991,-707.9902999999467,1801.626500000013,6011.9881000001915,502.3352999999188,
2020,87,76,163,Os,False,,,,,,,
2020,86,77,163,Ir,False,,,,,,,
2020,103,61,164,Pm,False,,,,,,,
2020,102,62,164,Sm,True,5397.025300000329,9688.900200000266,,,-3625.7148000001907,,
2020,101,63,164,Eu,True,4729.646799999988,10651.843799999915,9921.506500000134,,-2762.4199999999255,,
2020,100,64,164,Gd,True,6376.411199999973,11555.596600000048,10408.835600000108,19892.57020000019,-1885.4328000000678,735.7198000003118,2423.84560000035
2020,99,65,164,Tb,True,5580.537000000011,12368.063000000082,8005.357599999988,17959.97900000005,-1036.443200000096,521.630600000266,2416.6768000002485
2020,98,66,164,Dy,True,7658.123600000283,13929.124600000214,8660.867000000086,16264.873000000138,-450.51720000011846,1169.6764000004623,2730.437200000277
2020,97,67,164,Ho,True,6673.816599999787,15082.596399999922,5888.645599999931,13678.914999999804,431.0408000003081,850.1461999998428,2195.026399999624
2020,96,68,164,Er,True,8846.463499999838,15750.996599999955,6853.511399999959,12339.341400000034,1304.9459999999963,626.777599999914,2110.2631999999285
2020,95,69,164,Tm,True,7251.841400000034,16574.096000000136,4030.4886999998707,10446.316400000127,2048.568800000008,453.92740000016056,1756.3244000002742
2020,94,70,164,Yb,True,9789.618900000118,17333.648999999976,5572.727399999974,9255.907799999928,2627.090800000122,609.4819999998435,1831.1437999997288
2020,93,71,164,Lu,True,7922.282799999928,17953.25,2637.4805000000633,7742.843600000022,3233.7412000000477,432.00560000003316,1709.496399999829
2020,92,72,164,Hf,True,10620.355199999874,18792.558599999873,4315.906399999978,6575.134199999971,3919.9576000000816,609.2797999996692,1928.0763999999035
2020,91,73,164,Ta,True,8819.48769999994,19644.040800000075,1302.465599999996,5028.984000000171,4562.215199999977,686.4276000000536,1896.5160000002943
2020,90,74,164,W,True,11398.445100000128,20378.979200000176,2989.8944999999367,3645.0757999999914,5278.2723999999,584.4386000002269,1871.1632000000682
2020,89,75,164,Re,True,9541.500699999975,,-147.02370000001974,2268.9787999999244,5926.349200000055,,
2020,88,76,164,Os,True,,,1711.4355000001378,1003.4452000001911,6479.438400000101,,
2020,87,77,164,Ir,False,,,,,,,
2020,104,61,165,Pm,False,,,,,,,
2020,103,62,165,Sm,False,,,,,,,
2020,102,63,165,Eu,True,5568.278099999996,10297.924899999984,10092.759299999801,,-3067.436400000006,,
2020,101,64,165,Gd,True,4903.422799999826,11279.833999999799,10582.611599999946,20504.11810000008,-2278.6697999997996,887.2483999996912,2540.5206999999937
2020,100,65,165,Tb,True,6555.187899999786,12135.724899999797,8184.134299999801,18592.96989999991,-1222.1700999999885,698.8513999998104,2324.4189999997616
2020,99,66,165,Dy,True,5715.953899999848,13374.07750000013,8796.283899999922,16801.64149999991,-531.0696999998763,932.2876000001561,2546.7325999999885
2020,98,67,165,Ho,True,7988.813900000183,14662.63049999997,6219.335899999831,14880.202899999917,138.83580000000075,1138.5575999999419,2657.160200000042
2020,97,68,165,Er,True,6650.109600000083,15496.573099999921,6829.804400000256,12718.450000000186,1109.217699999921,586.0367000000551,2071.9580000003334
2020,96,69,165,Tm,True,9092.410900000017,16344.252300000051,4276.43610000005,11129.94750000001,1841.3512999999803,588.5266000002157,1955.7586000000592
2020,95,70,165,Yb,True,7354.539899999974,17144.158800000092,5675.425899999915,9705.914599999785,2480.9897000000346,707.0083000001032,1955.6030999997165
2020,94,71,165,Lu,True,9871.184800000163,17793.46760000009,2719.0464000001084,8291.773800000083,3031.558999999892,566.8002000001725,1805.0100000002421
2020,93,72,165,Hf,True,7888.483200000133,18508.838400000008,4282.106800000183,6919.587300000247,3773.812499999767,533.9554000000935,1883.947800000431
2020,92,73,165,Ta,True,10636.386299999896,19455.873999999836,1318.4967000000179,5634.403099999996,4289.555000000168,810.0456999999005,
2020,91,74,165,W,True,8697.069999999832,20095.51509999996,2867.4767999998294,4169.942399999825,5029.590900000185,720.9795999999624,1954.4564999996219
2020,90,75,165,Re,True,11258.239300000016,20799.73999999999,-287.22950000013225,2702.6649999998044,5694.295900000026,,1711.6396999997087
2020,89,76,165,Os,False,,,,,,,
2020,88,77,165,Ir,False,,,,,,,
2020,87,78,165,Pt,False,,,,,,,
2020,104,62,166,Sm,False,,,,,,,
2020,103,63,166,Eu,False,,,,,,,
2020,102,64,166,Gd,True,5916.453999999911,10819.876799999736,10930.78749999986,21023.54679999966,-2416.784599999897,,2258.140399999451
2020,101,65,166,Tb,True,5291.24450000003,11846.432399999816,8571.956000000006,19154.56759999995,-1510.748999999836,731.3863999997266,2326.160799999954
2020,100,66,166,Dy,True,7043.494299999904,12759.448199999752,9284.59030000004,17468.72459999984,-728.6587999998592,642.8895999996457,2486.018799999729
2020,99,67,166,Ho,True,6243.636299999896,14232.45020000008,6747.01829999988,15543.302199999802,384.2972000001464,1100.9132000000682,2723.3211999996565
2020,98,68,166,Er,True,8474.109399999958,15124.219000000041,7315.09990000003,13534.435799999861,832.1019999999553,916.500800000038,2300.771199999843
2020,97,69,166,Tm,True,7027.757699999958,16120.168599999975,4654.084199999925,11483.88860000018,1729.1773999999277,551.6259999999311,1719.5780000002123
2020,96,70,166,Yb,True,9369.627100000158,16724.167000000132,5952.6421000000555,10229.078200000105,2315.58759999997,595.3616000001784,1884.284000000218
2020,95,71,166,Lu,True,7650.059599999804,17521.244399999967,3014.566099999938,8689.991999999853,3031.5744000000414,326.7571999998763,1739.119999999646
2020,94,72,166,Hf,True,10294.79560000007,18183.278800000204,4705.717600000091,7424.764000000199,3537.249399999855,539.0816000003833,1812.878000000259
2020,93,73,166,Ta,True,8321.226900000125,18957.61320000002,1751.2404000000097,6033.347200000193,4309.065199999837,518.844000000041,1758.3052000002936
2020,92,74,166,W,True,11097.470600000117,19794.54059999995,3328.56110000005,4647.057800000068,4856.046000000089,646.433599999873,1961.5900000000838
2020,91,75,166,Re,True,9249.290700000012,20507.530000000028,264.9912000000477,3132.467999999877,5519.153600000078,407.342799999984,1725.623999999836
2020,90,76,166,Os,True,,21149.44659999991,2061.1421000000555,1773.9125999999233,6142.770599999931,443.3507999998983,1617.4255999999586
2020,89,77,166,Ir,False,,,,,,,
2020,88,78,166,Pt,False,,,,,,,
2020,105,62,167,Sm,False,,,,,,,
2020,104,63,167,Eu,False,,,,,,,
2020,103,64,167,Gd,True,4476.131600000197,10392.585600000108,,,-2601.041300000157,,
2020,102,65,167,Tb,True,6145.628999999957,11436.873499999987,8801.131000000052,19731.918499999912,-1734.180999999866,,2241.053699999815
2020,101,66,167,Dy,True,5398.29560000007,12441.789899999974,9391.64140000008,17963.597400000086,-947.7689999998547,614.5838999999687,2375.938599999994
2020,100,67,167,Ho,True,7280.436600000132,13524.072900000028,6983.960600000108,16268.550900000148,-108.61339999991469,864.8855000000913,2695.411500000162
2020,99,68,167,Er,True,6436.426999999909,14910.536399999866,7507.8906000000425,14254.908899999922,666.6759999999776,1135.996599999722,2590.7058999999426
2020,98,69,167,Tm,True,8727.967999999877,15755.725699999835,4907.942799999844,12223.042699999874,1409.9892000001855,881.556099999696,2105.6991999996826
2020,97,70,167,Yb,True,7067.523399999831,16437.15049999999,5992.407799999928,10646.491999999853,2152.597300000256,508.9030999999959,1941.558099999791
2020,96,71,167,Lu,True,9576.607800000114,17226.66739999992,3221.5467999998946,9174.18889999995,2777.221200000029,527.7870999998413,1832.094999999972
2020,95,72,167,Hf,True,7680.087399999844,17974.882999999914,4735.745400000131,7750.311500000069,3401.1920999998692,583.1100999999326,1722.2676000001375
2020,94,73,167,Ta,True,10324.60139999981,18645.828299999936,1781.0461999997497,6486.763799999841,4015.4310000000987,563.8307999998797,1850.6428999996278
2020,93,74,167,W,True,8277.064899999881,19374.535499999998,3284.399099999806,5035.639499999816,4751.184500000207,407.24809999996796,1827.9231999998447
2020,92,75,167,Re,False,,,,,,,
2020,91,76,167,Os,True,9138.643300000113,,1950.4947000001557,2215.4859000002034,5984.661399999866,,
2020,90,77,167,Ir,True,,,-1070.1167999999598,991.0253000000957,6504.897099999944,,
2020,89,78,167,Pt,False,,,,,,,
2020,106,62,168,Sm,False,,,,,,,
2020,105,63,168,Eu,False,,,,,,,
2020,104,64,168,Gd,False,,,,,,,
2020,103,65,168,Tb,True,4969.417000000132,11115.04600000009,9294.416399999987,,-1973.9512000000104,,
2020,102,66,168,Dy,True,6718.263000000035,12116.558600000106,9964.275400000159,18765.40640000021,-1289.620799999917,,2638.3358000002336
2020,101,67,168,Ho,True,5851.100399999879,13131.537000000011,7436.765399999917,16828.406799999997,-379.1767999997828,810.6277999999002,2514.3835999998264
2020,100,68,168,Er,True,7771.291200000094,14207.718200000003,7998.745200000005,14982.705800000113,553.5084000001661,946.7948000000324,2630.0584000002127
2020,99,69,168,Tm,True,6840.574600000167,15568.542600000044,5312.090400000103,12819.981000000145,1243.2311999998055,942.9634000000078,2248.187800000189
2020,98,70,168,Yb,True,9061.282000000123,16128.805399999954,6325.721800000174,11233.664600000018,1937.778799999971,802.1044000000693,1981.7266000001691
2020,97,71,168,Lu,True,7617.879399999976,17194.48720000009,3771.90280000004,9764.310599999968,2411.183200000087,818.4620000000577,2121.5423999999184
2020,96,72,168,Hf,True,9964.109799999977,17644.19719999982,5123.247399999993,8344.794199999887,3226.7012000000104,608.247999999905,1836.6049999999814
2020,95,73,168,Ta,True,8114.16780000017,18438.76919999998,2215.126600000076,6950.872000000207,3823.5459999998566,552.3858000000473,1862.8536000002641
2020,94,74,168,W,True,10871.042100000195,19148.107000000076,3830.8398000001907,5611.88599999994,4500.497599999886,607.6066000002902,2001.193600000115
2020,93,75,168,Re,True,,20100.187200000044,990.6429000000935,4275.041999999899,5063.007200000109,848.4416000000201,
2020,92,76,168,Os,True,11567.452499999898,20706.09580000001,,2685.467799999984,5815.654000000097,632.7642000000924,1803.3171999999322
2020,91,77,168,Ir,True,9665.109399999958,,-543.6507000001147,1406.844000000041,6381.288399999961,,
2020,90,78,168,Pt,True,,,1226.6037999999244,156.4869999999646,6989.728800000157,,
2020,89,79,168,Au,False,,,,,,,
2020,106,63,169,Eu,False,,,,,,,
2020,105,64,169,Gd,False,,,,,,,
2020,104,65,169,Tb,False,,,,,,,
2020,103,66,169,Dy,True,5108.94299999997,11827.206000000006,10103.801399999997,19398.217799999984,-1495.1410000000615,,2698.474799999967
2020,102,67,169,Ho,True,6808.087000000058,12659.187399999937,7526.589399999939,17490.864800000098,-632.0759000000544,794.7400999998208,2498.656500000041
2020,101,68,169,Er,True,6003.24860000005,13774.539800000144,8150.8934000001755,15587.658800000092,266.21369999996386,835.2496000002138,2624.0524000001606
2020,100,69,169,Tm,True,8033.594999999972,14874.16960000014,5574.394199999981,13573.139399999985,1198.4501000000164,795.9133000001311,2441.384100000141
2020,99,70,169,Yb,True,6866.96539999987,15928.247399999993,6352.112599999877,11664.20299999998,1720.9230000001844,854.3041999998968,2030.436699999962
2020,98,71,169,Lu,True,9081.000900000101,16698.880300000077,3791.621700000018,10117.343500000192,2422.593200000003,810.2989000002854,1901.6518000003416
2020,97,72,169,Hf,True,7427.663100000005,17391.77289999998,4933.031100000022,8704.933900000062,3153.5779999999795,534.6931000000332,1757.8000000000466
2020,96,73,169,Ta,True,9967.829699999886,18081.997500000056,2218.846499999985,7342.093899999978,3726.9011000001337,509.51940000010654,1804.3050999999978
2020,95,74,169,W,True,8096.245299999835,18967.28740000003,3812.9172999998555,6028.043899999931,4292.735500000184,656.4244999999646,2070.7328999997117
2020,94,75,169,Re,True,10685.680300000124,,805.281100000022,4636.120900000213,5013.713199999882,,2055.3911000003573
2020,93,76,169,Os,True,8799.313399999868,20366.765899999766,2217.0733999998774,3207.716299999971,5713.410600000061,649.8837999994867,1886.1933999997564
2020,92,77,169,Ir,True,11498.502399999881,21163.61179999984,-612.6008000001311,,6141.025300000096,702.3608999997377,
2020,91,78,169,Pt,False,,,,,,,
2020,90,79,169,Au,False,,,,,,,
2020,107,63,170,Eu,False,,,,,,,
2020,106,64,170,Gd,False,,,,,,,
2020,105,65,170,Tb,False,,,,,,,
2020,104,66,170,Dy,False,,,,,,,
2020,103,67,170,Ho,True,5512.822200000053,12320.909200000111,7930.468600000022,18034.27000000002,-853.6536000000779,,2320.2916000001132
2020,102,68,170,Er,True,7257.674799999921,13260.92339999997,8600.481200000038,16127.070599999977,52.0331999999471,743.222000000067,2401.189599999925
2020,101,69,170,Tm,True,6591.984200000064,14625.579200000037,6163.129799999995,14314.02320000017,850.1021999998484,904.7148000001907,2795.3264000001363
2020,100,70,170,Yb,True,8459.735600000015,15326.700999999885,6778.253199999919,12352.6473999999,1735.2968000001274,692.5439999997616,2136.4135999998543
2020,99,71,170,Lu,True,7295.024299999932,16376.025200000033,4219.68060000008,10571.793199999956,2155.3266000000294,803.5423999999184,1970.091999999946
2020,98,72,170,Hf,True,9608.28609999991,17035.949199999915,5460.316299999831,9251.93799999985,2914.9190000002272,744.9523999998346,1830.6715999997687
2020,97,73,170,Ta,True,7918.553700000048,17886.383399999933,2709.7371000000276,7642.76820000005,3458.40699999989,551.4251999999397,1635.661200000206
2020,96,74,170,W,True,10444.255099999951,18540.500399999786,4289.342699999921,6508.189199999906,4143.276000000304,591.4739999996964,1977.4159999999683
2020,95,75,170,Re,True,8566.0652999999,19251.745600000024,1275.1011000000872,5088.018399999943,4768.874800000107,446.2736000001896,2034.7019999998156
2020,94,76,170,Os,True,11274.01820000005,20073.331599999918,2805.4112999998033,3610.6923999998253,5536.8630000001285,612.750400000019,1851.7663999998476
2020,93,77,170,Ir,False,,,,,,,
2020,92,78,170,Pt,True,,21431.759400000097,1494.751400000183,882.1506000000518,6707.415999999968,481.6524000002537,1542.0548000002746
2020,91,79,170,Au,False,,,,,,,
2020,90,80,170,Hg,False,,,,,,,
2020,107,64,171,Gd,False,,,,,,,
2020,106,65,171,Tb,False,,,,,,,
2020,105,66,171,Dy,False,,,,,,,
2020,104,67,171,Ho,True,6351.625100000063,11864.447300000116,,,-1059.6497000001837,,
2020,103,68,171,Er,True,5681.61540000001,12939.29019999993,8769.274399999995,16699.743000000017,-231.28659999999218,,2288.376600000076
2020,102,69,171,Tm,True,7486.272099999944,14078.256300000008,6391.727100000018,14992.208300000057,644.2667000000365,889.8255000000354,2743.530800000066
2020,101,70,171,Yb,True,6614.207600000082,15073.943200000096,6800.476599999936,12963.606399999931,1557.5161999999546,686.8930000001565,2280.6937999997754
2020,100,71,171,Lu,True,8593.55709999986,15888.581399999792,4353.502099999925,11131.755299999844,2289.7375000000466,693.4028999996372,1985.7293999998365
2020,99,72,171,Hf,True,7248.793700000038,16857.07979999995,5414.085699999938,9633.766300000018,2733.6487000000197,733.9902999997139,1759.7838999999221
2020,98,73,171,Ta,True,9653.924399999902,17572.47809999995,2755.375400000019,8215.69169999985,3381.090400000103,753.5625,1804.1446999998298
2020,97,74,171,W,True,7866.607800000114,18310.862900000066,4237.396799999988,6947.133900000015,3956.755600000033,526.9346000000369,2017.036400000099
2020,96,75,171,Re,True,10417.600099999923,18983.665399999823,1248.4461000000592,5537.78879999998,4675.876099999994,537.4290999998339,1941.6648999999743
2020,95,76,171,Os,True,8442.86390000023,19716.88210000028,2682.2099000001326,3957.31100000022,5371.06399999978,433.23270000051707,1739.852100000484
2020,94,77,171,Ir,True,,20461.2509000001,-224.68149999994785,2580.7297999998555,,462.19140000012703,1582.8138999997173
2020,93,78,171,Pt,True,9238.685700000031,,,1321.5229000002146,6607.37360000005,,
2020,92,79,171,Au,True,,,-1447.9251000001095,46.82630000007339,7085.224300000118,,
2020,91,80,171,Hg,False,,,,,,,
2020,108,64,172,Gd,False,,,,,,,
2020,107,65,172,Tb,False,,,,,,,
2020,106,66,172,Dy,False,,,,,,,
2020,105,67,172,Ho,False,,,,,,,
2020,104,68,172,Er,True,6836.085999999894,12517.701399999904,9253.735299999826,,-349.1095999998506,,
2020,103,69,172,Tm,True,6234.592299999902,13720.864399999846,6944.703999999911,15713.978399999905,260.7748000000138,1087.2599999997765,2939.2947999997996
2020,102,70,172,Yb,True,8019.949400000041,14634.157000000123,7334.153900000034,13725.881000000052,1308.8580000000075,802.4616000002716,2558.821600000141
2020,101,71,172,Lu,True,6978.925700000254,15572.482800000114,4718.220200000098,11518.696800000034,2151.3863999999594,595.6316000001971,1936.0544000002556
2020,100,72,172,Hf,True,9042.203100000042,16290.99680000008,5862.73170000012,10216.233800000045,2752.7276000001,706.0142000000924,1813.4318000001367
2020,99,73,172,Ta,True,7681.033800000092,17334.958199999994,3187.6155000000726,8601.70120000001,3317.935999999987,781.534200000111,1680.6388000000734
2020,98,74,172,W,True,10082.418599999975,17949.02640000009,4665.8910000000615,7421.2664000000805,3838.4468000000343,676.4940000001807,1945.1336000000592
2020,97,75,172,Re,True,8387.871899999911,18805.471999999834,1769.7101999998558,6007.1069999998435,4402.172000000253,556.558399999747,2210.059199999785
2020,96,76,172,Os,True,11017.71729999967,19460.5811999999,3282.3270999998786,4530.773199999938,5224.388800000306,566.1951999997254,1878.8521999998484
2020,95,77,172,Ir,True,9038.651900000172,,371.1064999999944,3053.316400000127,5990.600399999879,,
2020,94,78,172,Pt,True,11711.421299999813,20950.106999999844,1983.6074999999255,1758.9259999999776,6463.404800000135,596.5307999998331,1646.6305999998003
2020,93,79,172,Au,True,9827.01649999991,,-859.5943000002299,,6923.317200000165,,
2020,92,80,172,Hg,True,,,788.0208999998868,-659.9042000002228,7523.807200000156,,
2020,108,65,173,Tb,False,,,,,,,
2020,107,66,173,Dy,False,,,,,,,
2020,106,67,173,Ho,False,,,,,,,
2020,105,68,173,Er,False,,,,,,,
2020,104,69,173,Tm,True,6953.838500000071,13188.430799999973,7062.4565000000875,16316.191799999913,115.02330000000075,991.3041999998968,2828.6326999999583
2020,103,70,173,Yb,True,6367.100799999898,14387.05019999994,7466.66240000003,14411.36639999994,945.0058000001591,1100.0974999999162,2902.903699999908
2020,102,71,173,Lu,True,8216.2527999999,15195.178500000155,4914.523599999957,12248.67749999999,1968.7286000000313,767.8661000002176,2143.095100000035
2020,101,72,173,Hf,True,7080.886400000192,16123.089500000235,5964.692400000058,10682.912600000156,2538.806599999778,910.4892000004184,1883.9748000002
2020,100,73,173,Ta,True,9137.881799999857,16818.91559999995,3283.2941999998875,9146.025900000008,3261.0551000002306,664.1805999998469,1676.3308999999426
2020,99,74,173,W,True,7701.509700000053,17783.92830000003,4686.366900000023,7873.982400000095,3564.600199999986,735.8833999999333,1918.067500000121
2020,98,75,173,Re,True,10058.364400000079,18446.23629999999,1745.655999999959,6411.5470000000205,4311.63730000006,569.1726999999955,1992.9634000000078
2020,97,76,173,Os,True,8265.932100000093,19283.649399999762,3160.3873000000603,4930.097499999916,5054.702000000048,473.90369999967515,2081.71679999982
2020,96,77,173,Ir,True,10960.407599999802,19999.059499999974,313.7968000001274,3596.123900000006,5715.873100000201,730.3634999999776,1882.9554000000935
2020,95,78,173,Pt,True,8901.396799999988,20612.8180999998,1846.3523999997415,2217.458899999736,6361.321400000015,698.2468999996781,1606.8226999996696
2020,94,79,173,Au,True,11585.324000000255,21412.340500000166,-985.6915999997873,997.9159000001382,6836.495599999791,698.0284000004176,
2020,93,80,173,Hg,False,,,,,,,
2020,109,65,174,Tb,False,,,,,,,
2020,108,66,174,Dy,False,,,,,,,
2020,107,67,174,Ho,False,,,,,,,
2020,106,68,174,Er,False,,,,,,,
2020,105,69,174,Tm,True,5679.7658999999985,12633.60440000007,,,-51.92039999994449,984.1548000001349,
2020,104,70,174,Yb,True,7464.594599999953,13831.695399999851,7977.4184999999125,15039.875,738.0860000001267,1142.2519999998622,2830.0139999999665
2020,103,71,174,Lu,True,6760.598400000017,14976.851199999917,5308.021200000076,12774.683600000106,1800.1144000000786,1022.1687999998685,2401.654000000097
2020,102,72,174,Hf,True,8504.096199999796,15584.982599999988,6252.535799999954,11167.059399999911,2494.4459999999963,710.4856000000145,1792.0871999999508
2020,101,73,174,Ta,True,7415.542200000025,16553.423999999883,3617.9499999997206,9582.642399999779,3140.537200000137,786.1855999997351,1682.58639999968
2020,100,74,174,W,True,9571.022699999856,17272.53239999991,5119.507800000021,8402.801999999909,3601.8636000000406,715.3795999998692,1920.7691999997478
2020,99,75,174,Re,True,8190.549200000009,18248.913600000087,2234.6954999999143,6921.062399999937,4039.6418000000995,716.4960000000428,2134.3007999998517
2020,98,76,174,Os,True,10628.45390000008,18894.386000000173,3730.476800000062,5476.132800000021,4870.503199999919,615.9536000001244,1959.6476000000257
2020,97,77,174,Ir,True,8588.795799999963,19549.203399999766,636.6604999999981,3797.0478000000585,5693.1426000001375,310.5759999996517,1484.0763999999035
2020,96,78,174,Pt,True,11452.179400000023,20353.57620000001,2338.124199999962,2651.9210000000894,6183.160200000042,594.6259999999311,1606.9451999999583
2020,95,79,174,Au,False,,,,,,,
2020,94,80,174,Hg,True,,21722.306600000244,1097.9869999999646,112.29540000017732,7233.260000000009,436.0500000002794,
2020,109,66,175,Dy,False,,,,,,,
2020,108,67,175,Ho,False,,,,,,,
2020,107,68,175,Er,False,,,,,,,
2020,106,69,175,Tm,True,6517.3607000000775,12197.126600000076,,,-217.65599999995902,,
2020,105,70,175,Yb,True,5822.35810000007,13286.952700000023,8120.010699999984,,597.3433000000659,853.4645000000019,
2020,104,71,175,Lu,True,7666.71399999992,14427.312399999937,5510.1406000000425,13487.559099999955,1619.6725000001024,1066.4609000000637,2360.553799999878
2020,103,72,175,Hf,True,6708.50410000002,15212.600299999816,6200.441499999957,11508.462700000033,2400.1495000000577,670.9772999996785,1710.5459000000264
2020,102,73,175,Ta,True,8739.192800000077,16154.735000000102,3853.0466000000015,10105.582399999956,2994.90149999992,705.999700000044,1667.1091000000015
2020,101,74,175,W,True,7477.0222000002395,17048.044900000095,5180.987800000235,8798.937799999956,3373.6350999998394,836.4656000002287,1897.346099999966
2020,100,75,175,Re,True,9686.514399999985,17877.063599999994,2350.187200000044,7469.695000000065,4007.0518000000156,753.5503000000026,2132.629399999976
2020,99,76,175,Os,True,8181.291800000006,18809.745700000087,3721.21940000006,5955.914899999974,4555.819200000027,816.0239999999758,2112.9007000001147
2020,98,77,175,Ir,True,10679.900200000033,19268.695999999996,688.1067999999505,4418.583600000013,5430.842500000028,473.15039999992587,1689.4165000000503
2020,97,78,175,Pt,True,8462.3918000001,19914.571200000122,2211.720200000098,2848.380700000096,6163.632300000172,110.19200000027195,1203.2988000002224
2020,96,79,175,Au,True,,20714.312099999748,-624.9557000000495,1713.1684999999125,6583.434400000144,429.617499999702,1198.807499999879
2020,95,80,175,Hg,True,9399.737599999877,,,610.6362000000663,7072.2081000001635,,
2020,110,66,176,Dy,False,,,,,,,
2020,109,67,176,Ho,False,,,,,,,
2020,108,68,176,Er,False,,,,,,,
2020,107,69,176,Tm,True,5132.088899999857,11649.449599999934,,,,,
2020,106,70,176,Yb,True,6867.085299999919,12689.44339999999,8469.735299999826,,566.344000000041,360.9853999998886,
2020,105,71,176,Lu,True,6287.968400000129,13954.682400000049,5975.750900000101,14095.761600000085,1566.2963999998756,856.4996000002138,
2020,104,72,176,Hf,True,8165.992899999954,14874.496999999974,6699.720399999991,12209.861000000034,2254.1060000001453,872.9309999998659,1801.2961999999825
2020,103,73,176,Ta,True,7028.04560000007,15767.238400000148,4172.588100000052,10373.029600000009,2945.781600000104,,1507.002400000114
2020,102,74,176,W,True,9080.1305999998,16557.15280000004,5521.925599999959,9374.97219999996,3335.7076000000816,649.063199999975,1894.3993999999948
2020,101,75,176,Re,True,7845.903200000059,17532.417600000044,2719.0681999998633,7900.056000000099,3842.182400000049,799.2080000001006,2130.685200000182
2020,100,76,176,Os,True,10097.140600000042,18278.43240000005,4131.845600000117,6482.032800000161,4541.09719999996,722.7396000002045,2037.784400000237
2020,99,77,176,Ir,True,8558.727200000081,19238.627400000114,1065.5422000000253,4786.761600000085,5259.987199999858,723.600600000238,1787.7100000001956
2020,98,78,176,Pt,True,11296.55839999998,19758.95020000008,2828.378400000045,3516.4851999999955,5884.791199999861,552.7546000001021,1557.1189999999478
2020,97,79,176,Au,True,9188.598700000206,,101.251200000057,2312.971400000155,6433.4876000001095,,
2020,96,80,176,Hg,True,11886.519000000088,21286.256599999964,1669.9315000001807,1044.9758000001311,6897.110399999889,612.9159999999683,1825.0496000002604
2020,95,81,176,Tl,True,,,-1265.2042000000365,,7477.81799999997,,
2020,110,67,177,Ho,False,,,,,,,
2020,109,68,177,Er,False,,,,,,,
2020,108,69,177,Tm,False,,,,,,,
2020,107,70,177,Yb,True,5566.402900000103,12433.488200000022,8904.049300000072,,,,
2020,106,71,177,Lu,True,7072.883099999744,13360.851499999873,6181.548699999927,14651.283999999752,1447.251800000202,543.0953999995254,2099.7903999995906
2020,105,72,177,Hf,True,6375.630100000184,14541.623000000138,6787.382100000046,12763.133000000147,2245.5766999998596,816.6989000001922,1770.697600000305
2020,104,73,177,Ta,True,8420.689699999988,15448.735300000058,4427.284900000086,11127.005300000077,2741.344700000016,663.3955000001006,1679.4992000001948
2020,103,74,177,W,True,7131.448700000066,16211.579299999867,5625.328699999955,9797.916800000006,3285.1453000002075,475.4376999998931,1901.563499999931
2020,102,75,177,Re,True,9277.610099999933,17123.51329999999,2916.5476999999955,8438.473299999954,3702.4540999999736,665.7452000000048,2047.9873999997508
2020,101,76,177,Os,True,7896.581100000069,17993.72170000011,4182.523500000127,6901.59169999999,4346.025799999945,787.3808000001591,2011.972300000023
2020,100,77,177,Ir,True,10236.81839999999,18795.54560000007,1205.219999999972,5337.065600000089,5081.533199999947,618.6119999999646,1817.9766000001691
2020,99,78,177,Pt,True,8507.82079999987,19804.37919999985,2777.471999999834,3843.0141999998596,5642.902500000084,764.0522999996319,1702.5784999998286
2020,98,79,177,Au,True,11096.09589999984,20284.694600000046,-99.2113000000827,2729.1670999999624,6297.7993000000715,699.2271000000183,1427.3323999999557
2020,97,80,177,Hg,True,9062.497899999842,20949.01689999993,1543.8306999998167,1645.0818999998737,6736.009300000034,649.2838999999221,1894.5667999999132
2020,96,81,177,Tl,True,11996.152699999977,,-1155.5705000001471,514.3610000000335,7066.9893000002485,,
2020,111,67,178,Ho,False,,,,,,,
2020,110,68,178,Er,False,,,,,,,
2020,109,69,178,Tm,False,,,,,,,
2020,108,70,178,Yb,True,6762.055099999998,12328.4580000001,,,,,
2020,107,71,178,Lu,True,6025.2997000000905,13098.182799999835,6640.445499999914,15544.494799999986,1101.71800000011,616.9519999998156,2370.803999999771
2020,106,72,178,Hf,True,7625.935899999924,14001.566000000108,7340.434900000226,13521.983600000152,2084.2353999998886,514.820400000317,1743.1680000002962
2020,105,73,178,Ta,False,,,,,,,
2020,104,74,178,W,True,8776.640899999999,15908.089600000065,5981.279899999965,10408.564800000051,3012.600600000005,536.2728000001516,1881.4820000000764
2020,103,75,178,Re,True,7455.599500000011,16733.209599999944,3240.6984999999404,8866.027199999895,3662.3967999999877,406.66639999998733,1964.0139999997336
2020,102,76,178,Os,True,9659.111699999776,17555.692799999844,4564.02509999997,7480.572799999965,4257.936800000025,601.0931999997701,2016.9931999999098
2020,101,77,178,Ir,True,8278.208399999887,18515.026799999876,1586.8472999997903,5769.370799999917,4993.874000000069,649.1747999996878,1820.0927999997512
2020,100,78,178,Pt,True,10698.374800000107,19206.195599999977,3239.028399999952,4444.248399999924,5572.981600000057,631.1716000000015,1613.284400000004
2020,99,79,178,Au,True,8828.611700000009,19924.70759999985,221.5796000000555,2999.0515999998897,6057.983400000026,459.45439999969676,1333.7103999999817
2020,98,80,178,Hg,True,11610.842700000154,20673.340599999996,2058.5775000001304,1959.3662000000477,6577.345999999903,595.5472000001464,1755.6968000000343
2020,97,81,178,Tl,False,,,,,,,
2020,96,82,178,Pb,True,,,375.4967000000179,-780.0738000001293,7789.479600000195,,
2020,111,68,179,Er,False,,,,,,,
2020,110,69,179,Tm,False,,,,,,,
2020,109,70,179,Yb,False,,,,,,,
2020,108,71,179,Lu,True,6792.456400000257,12817.756100000348,6670.846800000174,,826.62229999993,936.7256000007037,
2020,107,72,179,Hf,True,6098.988200000022,13724.924099999946,7414.123400000157,14054.568900000071,1807.6052999999374,642.3657000001986,1705.7121000001207
2020,106,73,179,Ta,True,,14785.339799999958,5211.058699999936,12551.493600000162,2383.317299999995,561.0899000000209,1813.593300000066
2020,105,74,179,W,True,6959.500699999975,15736.141599999974,,10992.435399999842,2761.6040000000503,654.7960999999195,2159.770999999717
2020,104,75,179,Re,True,9002.168599999975,16457.768099999987,3466.2261999999173,9447.506099999882,3399.4210000000894,382.0340999998152,1990.8472999997903
2020,103,76,179,Os,True,7547.229200000176,17206.340899999952,4655.654800000135,7896.353300000075,4187.729800000088,533.8881999999285,1957.0558000002056
2020,102,77,179,Ir,True,9898.725200000219,18176.933600000106,1826.4608000002336,6390.485900000203,4781.663199999835,652.9926000002306,2023.127200000221
2020,101,78,179,Pt,True,8341.952100000111,19040.32690000022,3302.7721000001766,4889.619399999967,5412.321299999952,784.3079000003636,1918.6703000001144
2020,100,79,179,Au,True,10756.85580000002,19585.467500000028,280.06059999996796,3519.08899999992,5981.02780000004,560.2641999998596,1130.9712999998592
2020,99,80,179,Hg,True,8688.890299999854,20299.733000000007,1918.8560999999754,2140.435700000031,6350.847500000149,428.8926999999676,1384.7882000000682
2020,98,81,179,Tl,True,,21072.16830000002,-756.7428000001237,1301.8347000000067,6709.133099999977,400.4177999999374,
2020,97,82,179,Pb,True,9593.086799999932,,,-249.4849000000395,7596.13040000014,,
2020,112,68,180,Er,False,,,,,,,
2020,111,69,180,Tm,False,,,,,,,
2020,110,70,180,Yb,False,,,,,,,
2020,109,71,180,Lu,True,5688.774399999762,12481.23080000002,,,269.93680000002496,,
2020,108,72,180,Hf,True,7387.757399999769,13486.745599999791,8009.424399999669,14680.271199999843,1286.9332000000868,1073.9533999997657,1635.6659999997355
2020,107,73,180,Ta,True,6647.496900000144,,5759.567400000058,13173.690800000215,2023.7887999999803,,2083.2380000003614
2020,106,74,180,W,True,8412.316099999938,15371.816799999913,6567.75689999992,11778.815599999856,2515.280800000066,619.2815999998711,2228.0041999998502
2020,105,75,180,Re,True,7324.374599999981,16326.543199999956,3831.1000999999233,,3103.092000000179,575.1343999998644,
2020,104,76,180,Os,True,9407.370399999898,16954.599600000074,5060.856600000057,8527.082799999975,3860.4899999999907,559.0542000001296,2136.9146000000183
2020,103,77,180,Ir,True,7967.126799999969,17865.852000000188,2246.3584000000264,6902.013200000161,4660.439599999925,649.0644000002649,1997.634800000349
2020,102,78,180,Pt,True,10233.071899999864,18575.023999999976,3637.118799999822,5463.5796000000555,5276.39000000013,693.8358000000007,1738.624400000088
2020,101,79,180,Au,True,8708.397400000133,19465.253200000152,646.5058999999892,3949.278000000166,5831.357599999988,644.3008000003174,1669.7778000002727
2020,100,80,180,Hg,True,11388.903099999996,20077.79339999985,2550.903399999952,2830.96399999992,6258.502800000133,608.778199999826,1678.9747999997344
2020,99,81,180,Tl,True,9192.11819999991,,-253.51490000006743,1665.341199999908,6705.613600000273,,
2020,98,82,180,Pb,True,12063.997000000207,21657.08380000014,960.4122000001371,203.6694000000134,7418.652400000021,630.970600000117,
2020,112,69,181,Tm,False,,,,,,,
2020,111,70,181,Yb,False,,,,,,,
2020,110,71,181,Lu,True,6192.256099999882,11881.030499999644,,,,819.6910999994725,
2020,109,72,181,Hf,True,5694.800999999978,13082.558399999747,8015.4509999998845,,1158.535100000212,1059.3368999995291,
2020,108,73,181,Ta,True,7576.752999999793,14224.249899999937,5948.563000000082,13957.98739999975,1519.9188999999315,1227.1348999999464,2009.4440999994986
2020,107,74,181,W,True,6669.029400000116,15081.345500000054,6589.289399999892,12348.85679999995,2221.881500000134,807.0046999999322,2341.1060999999754
2020,106,75,181,Re,True,8751.35940000019,16075.734000000171,4170.1434000001755,10737.900300000096,2772.4222999999765,640.8411000000779,2475.2349000000395
2020,105,76,181,Os,True,7265.0823000001255,16672.452700000023,5001.564300000202,8832.664400000125,3726.8563999999315,416.0209000001196,2031.4949000000488
2020,104,77,181,Ir,True,9556.814199999906,17523.940999999875,2395.8022000000346,7456.658800000092,4381.235499999952,642.2003999997396,2150.253800000064
2020,103,78,181,Pt,True,8022.94709999999,18256.018999999855,3692.939099999843,5939.29749999987,5150.024000000209,721.6942999996245,1938.2070999997668
2020,102,79,181,Au,True,10316.805900000036,19025.20330000017,730.2399000001606,4367.3586999999825,5751.370099999942,562.2160000002477,1073.2963000000454
2020,101,80,181,Hg,True,8481.937200000044,19870.84030000004,2324.4431999998633,2970.9490999998525,6284.386399999959,584.6799999999348,1474.1272999998182
2020,100,81,181,Tl,True,11479.632300000172,20671.750500000082,-162.78569999989122,2388.1177000000607,6322.0771999999415,740.6025000000373,
2020,99,82,181,Pb,True,9240.868399999803,21304.86540000001,1009.1624000000302,755.6474999999627,7240.28190000006,692.8507999998983,
2020,113,69,182,Tm,False,,,,,,,
2020,112,70,182,Yb,False,,,,,,,
2020,111,71,182,Lu,False,,,,,,,
2020,110,72,182,Hf,True,6717.991200000048,12412.792200000025,8541.18610000005,,1202.599000000162,820.3311999998987,
2020,109,73,182,Ta,True,6062.93740000017,13639.690399999963,6316.699400000274,14332.150400000159,1482.281199999852,1088.288800000213,1965.0800000003073
2020,108,74,182,W,True,8083.505799999926,14752.535200000042,7096.042200000025,13044.605200000107,1764.3116000001319,1150.5856000001077,2460.2372000000905
2020,107,75,182,Re,True,7000.049399999902,15751.408800000092,4501.163399999961,11090.452799999854,,835.1008000001311,2347.804799999809
2020,106,76,182,Os,True,9130.463099999819,16395.545399999944,5380.6679999998305,9550.811400000006,3373.034200000111,609.4535999998916,2249.49319999991
2020,105,77,182,Ir,True,7659.973400000017,17216.787599999923,2790.6932999999262,7792.257600000128,4176.861599999946,514.9883999999147,1947.286400000099
2020,104,78,182,Pt,True,9858.241099999985,17881.188199999975,3994.3659999999218,6390.168199999956,4950.8946,574.4927999998908,1635.8607999999076
2020,103,79,182,Au,True,8504.146499999799,18820.952399999835,1211.439299999969,4904.378399999812,5525.43200000003,663.5719999996945,1747.0459999996237
2020,102,80,182,Hg,True,10987.07799999998,19469.015200000023,2994.715299999807,3724.9551999999676,5995.683200000087,558.4747999999672,1672.310799999861
2020,101,81,182,Tl,True,8599.779899999965,20079.412200000137,-44.9429999999702,2279.500199999893,6550.908999999985,380.6276000000071,
2020,100,82,182,Pb,True,11785.244800000219,21026.11320000002,1314.7749000000767,1151.9892000001855,7065.879799999995,656.4428000000771,
2020,113,70,183,Yb,False,,,,,,,
2020,112,71,183,Lu,True,,11061.339400000172,,,,,
2020,111,72,183,Hf,True,5305.23030000017,12023.221500000218,,,,844.3325000002515,
2020,110,73,183,Ta,True,6934.177599999821,12997.11499999999,6532.885800000047,15074.071900000097,1340.5600000002887,753.6574999999721,1970.623399999924
2020,109,74,183,W,True,6190.835000000196,14274.340800000122,7223.939800000051,13540.639200000325,1672.464799999958,1109.4875000002794,2522.451900000451
2020,108,75,183,Re,True,8434.843500000192,15434.892900000094,4852.501100000227,11948.543300000252,2122.869199999841,1282.8727000001818,2844.7106000003405
2020,107,76,183,Os,True,7125.968700000085,16256.431799999904,5506.587300000014,10007.750699999975,3206.566200000001,971.654399999883,2405.4313000000548
2020,106,77,183,Ir,True,9221.767200000118,16881.740600000136,2881.9974000002258,8262.665400000056,3957.2629999998026,605.6804000001866,2028.7012000002433
2020,105,78,183,Pt,True,7676.0836000002455,17534.32470000023,4010.47620000015,6801.169500000076,4822.04019999993,476.7430000004824,1812.7658000001684
2020,104,79,183,Au,True,9958.840800000122,18462.98729999992,1312.0390000001062,5306.405000000028,5465.316400000127,653.6875,1162.2042000000365
2020,103,80,183,Hg,True,8299.082300000126,19286.160300000105,2789.6511000001337,4001.090400000103,6038.553000000073,764.5223000000697,1686.5809000001755
2020,102,81,183,Tl,True,11331.36810000008,19931.148000000045,299.34710000013,3294.062399999937,5976.396699999925,618.0223000000697,
2020,101,82,183,Pb,True,8826.769799999893,20612.01460000011,1541.7648000000045,1496.8218000000343,6928.000299999956,508.16660000011325,
2020,114,70,184,Yb,False,,,,,,,
2020,113,71,184,Lu,False,,,,,,,
2020,112,72,184,Hf,True,6287.230699999956,11592.461000000127,9072.307700000005,,,525.060999999987,
2020,111,73,184,Ta,True,5617.223999999929,12551.40159999975,6844.879499999806,,1412.1104000001214,640.6053999997675,
2020,110,74,184,W,True,7411.114599999739,13601.949599999934,7700.876799999969,14233.762600000016,1649.1075999999885,656.1627999998163,2361.2329999997746
2020,109,75,184,Re,True,6481.464499999769,14916.30799999996,5143.1305999998,12367.070399999851,2288.9016000002157,1066.1589999997523,2836.585399999749
2020,108,76,184,Os,True,8660.123099999968,15786.091800000053,5731.86689999979,10584.368000000017,2958.7591999999713,895.9805999998935,2394.534800000023
2020,107,77,184,Ir,True,7480.03199999989,16701.79920000001,3236.060700000031,8742.648000000045,3801.6055999998935,997.6541999999899,2060.693399999989
2020,106,78,184,Pt,True,9630.611799999839,17306.695400000084,4419.32079999987,7301.318200000096,4598.79879999999,632.0886000001337,1516.8068000001367
2020,105,79,184,Au,True,8198.539600000018,18157.38040000014,1834.494999999879,5844.971200000029,5233.903600000078,618.597800000105,1702.8014000002295
2020,104,80,184,Hg,True,10611.45809999993,18910.540400000056,3442.2683999999426,4754.307400000049,5660.166800000006,573.6410000000615,1840.249000000069
2020,103,81,184,Tl,True,8367.41650000005,19698.78460000013,367.68130000005476,3157.3324000001885,6317.377600000007,556.5668000003789,2317.254200000316
2020,102,82,184,Pb,True,11542.900600000052,20369.670399999944,1753.2972999999765,2052.6444000001065,6774.0027999999,597.7160000000149,2627.8252000000793
2020,101,83,184,Bi,False,,,,,,,
2020,115,70,185,Yb,False,,,,,,,
2020,114,71,185,Lu,False,,,,,,,
2020,113,72,185,Hf,True,4891.65830000001,11178.888999999966,,,,,
2020,112,73,185,Ta,True,6626.233500000089,12243.457500000019,7183.882299999939,16256.189999999944,978.1329999999143,599.6348999999464,1856.0621999998111
2020,111,74,185,W,True,5753.738700000104,13164.853299999842,7837.391500000143,14682.27099999995,1590.1698999998625,506.0471999999136,2273.184699999867
2020,110,75,185,Re,True,7670.555700000143,14152.020199999912,5402.571700000204,13103.448500000173,2195.0988999998663,611.8833999999333,2795.1766000001226
2020,109,76,185,Os,True,6624.654300000053,15284.77740000002,5875.056700000074,11018.187299999874,3003.1343000000343,729.0250999999698,2560.785499999998
2020,108,77,185,Ir,True,8796.028200000059,16276.060199999949,3371.965800000122,9103.832699999912,3756.936800000025,919.6007999998983,1832.6735999998637
2020,107,78,185,Pt,True,7426.969899999909,17057.581699999748,4366.258699999889,7602.31939999992,4436.911200000206,917.7218999997713,1594.0073999997694
2020,106,79,185,Au,True,9610.760199999902,17809.29979999992,1814.6433999999426,6233.964199999813,5179.957600000082,496.0446999997366,1069.5941999997012
2020,105,80,185,Hg,True,7910.179900000105,18521.638000000035,3153.908700000029,4988.403699999908,5772.933999999892,444.1480000000447,1607.1502000000328
2020,104,81,185,Tl,True,10945.709199999925,19313.125699999975,701.9324000000488,4144.200799999991,5688.474300000118,483.65669999993406,2940.7346999999136
2020,103,82,185,Pb,True,8560.947399999946,20103.847999999998,1946.8281999998726,2314.5094999999274,6694.992599999998,515.4660000000149,2101.590199999977
2020,102,83,185,Bi,False,,,,,,,
2020,115,71,186,Lu,False,,,,,,,
2020,114,72,186,Hf,True,6175.74170000013,11067.40000000014,,,,,
2020,113,73,186,Ta,True,5284.562699999893,11910.796199999982,7576.786699999822,,,,
2020,112,74,186,W,True,7192.0481000000145,12945.786800000118,8403.206100000069,15587.088400000008,1116.1129999998957,643.8688000000548,2380.439199999906
2020,111,75,186,Re,True,6179.593300000066,13850.149000000209,5828.4263000001665,13665.81780000031,2078.44299999997,617.9680000003427,2670.254000000423
2020,110,76,186,Os,True,8265.456900000107,14890.11120000016,6469.957900000038,11872.529600000242,2821.183199999854,610.2048000001814,2473.6484000005294
2020,109,77,186,Ir,True,6908.11679999996,15704.145000000019,3655.4283000000287,9530.485000000102,3848.869399999967,388.91720000002533,1753.5872000001837
2020,108,78,186,Pt,True,9247.636900000041,16674.60679999995,4817.867399999872,8189.833199999994,4319.737399999984,575.4476000000723,1277.9895999999717
2020,107,79,186,Au,True,7928.022400000133,17538.782600000035,2315.695900000166,6681.9546000000555,4911.908599999966,739.6944000001531,1482.466400000034
2020,106,80,186,Hg,True,10426.71949999989,18336.899399999995,3969.8680000000168,5784.511399999959,5204.455599999987,534.9603999999817,1934.5975999999791
2020,105,81,186,Tl,True,8196.508599999826,19142.21779999975,988.2610999997705,4142.1697999998,5996.1122000000905,546.1167999994941,2252.369199999608
2020,104,82,186,Pb,True,11211.006999999983,19771.95439999993,2212.125999999931,2914.05839999998,6471.063599999994,499.19959999993443,2472.6431999998167
2020,103,83,186,Bi,True,,,-1106.75,840.0781999998726,7756.799600000028,,
2020,102,84,186,Po,True,,,,-575.1807999999728,8501.172800000058,,
2020,116,71,187,Lu,False,,,,,,,
2020,115,72,187,Hf,False,,,,,,,
2020,114,73,187,Ta,True,6359.259900000179,11643.822600000072,7760.304899999872,,395.6498000000138,,
2020,113,74,187,W,True,5466.757999999914,12658.806099999929,8585.40140000009,16162.188099999912,954.5853000001516,,2501.4815999998245
2020,112,75,187,Re,True,7360.5434999999125,13540.136799999978,5996.921700000064,14400.127800000133,1652.0770999998786,634.9576000000816,2589.0885000003036
2020,111,76,187,Os,True,6290.2953999999445,14555.752300000051,6580.659999999916,12409.086300000083,2721.722800000105,645.3260000001173,2580.757600000128
2020,110,77,187,Ir,True,8448.34260000009,15356.45940000005,3838.314000000013,10308.27190000005,3835.370300000068,313.55520000029355,1697.755900000222
2020,109,78,187,Pt,True,6892.222899999935,16139.859799999977,4801.973499999847,8457.401799999876,4553.483200000133,213.1805999998469,938.4442999996245
2020,108,79,187,Au,True,9385.232700000051,17313.255100000184,2453.291700000176,7271.159100000048,4748.443100000033,617.4388000003528,1105.8936000000685
2020,107,80,187,Hg,True,7650.770500000101,18077.48999999999,3692.6160999999847,6008.312000000151,5229.7687000001315,426.9846999999136,1704.8544000003021
2020,106,81,187,Tl,True,10632.960400000215,18829.46900000004,1194.502000000095,5164.370000000112,5321.992599999998,515.3183999999892,2966.343900000211
2020,105,82,187,Pb,True,8377.375,19588.381999999983,2392.9924000001047,3381.253499999875,6392.77090000012,588.687900000019,2368.273599999957
2020,104,83,187,Bi,True,11309.09710000013,,-1008.6598999998532,1203.4661000000779,7779.070599999977,,
2020,103,84,187,Po,True,9349.04749999987,,1319.6692999999505,212.91929999995045,7978.895100000082,,
2020,117,71,188,Lu,False,,,,,,,
2020,116,72,188,Hf,False,,,,,,,
2020,115,73,188,Ta,False,,,,,,,
2020,114,74,188,W,True,6835.160000000149,12301.918000000063,9061.30150000006,16821.60639999993,406.655999999959,458.3306000002194,2203.715000000084
2020,113,75,188,Re,True,5871.637499999953,13232.180999999866,6401.801200000104,14987.202600000193,1397.6635999998543,523.4028000000399,2672.5224000003655
2020,112,76,188,Os,True,7989.6110000000335,14279.906399999978,7209.727500000037,13206.649200000102,2143.2263999998104,566.7462000001688,2459.503000000259
2020,111,77,188,Ir,True,6866.885199999902,15315.227799999993,4414.903799999971,10995.563799999887,3449.9495999999344,763.9304000001866,1929.034400000004
2020,110,78,188,Pt,True,9206.936299999943,16099.159199999878,5560.567199999699,9398.881199999712,4006.6700000001583,470.9877999997698,1271.2827999996953
2020,109,79,188,Au,True,7413.8554999998305,16799.088199999882,2974.9243000000715,7776.897799999919,4814.619600000093,194.22879999992438,1204.0383999999613
2020,108,80,188,Hg,True,10151.168499999912,17801.939000000013,4458.551899999846,6911.843600000022,4709.212000000058,487.0250000001397,2115.6496000001207
2020,107,81,188,Tl,True,7963.1406000000425,18596.101000000257,1506.8721000000369,5199.488200000022,5557.391599999974,423.6416000004392,2362.0428000001702
2020,106,82,188,Pb,True,10895.379799999995,19272.754799999995,2655.4117999998853,3849.9137999999803,6108.849200000055,524.5356000000611,2520.286599999992
2020,105,83,188,Bi,True,8882.84309999994,20191.94020000007,-503.1917999999132,1889.8006000001915,7263.6440000000875,648.1944000001531,
2020,104,84,188,Po,True,11439.502900000196,20788.550400000066,1450.0751000000164,441.41520000016317,8082.292799999937,627.5836000002455,
2020,117,72,189,Hf,False,,,,,,,
2020,116,73,189,Ta,False,,,,,,,
2020,115,74,189,W,False,,,,,,,
2020,114,75,189,Re,True,7033.541699999943,12905.179199999897,6600.182899999898,15661.484399999958,990.3554000000004,391.23289999971166,2353.8184999998193
2020,113,76,189,Os,True,5920.8152999999,13910.426299999934,7258.905299999984,13660.706500000088,1976.1498000000138,359.35269999993034,2371.225700000068
2020,112,77,189,Ir,True,8176.018999999855,15042.904199999757,4601.311799999792,11811.03929999983,2944.4863000002224,641.0983999995515,1884.840999999782
2020,111,78,189,Pt,True,6719.742900000187,15926.67920000013,5413.424899999984,9828.328699999955,3911.5814000000246,555.1008000001311,1127.941000000108
2020,110,79,189,Au,True,9281.9608,16695.81629999983,3049.9488000001293,8610.515999999829,4328.687000000151,337.22979999985546,1331.5728999997955
2020,109,80,189,Hg,True,7499.336800000165,17650.505300000077,4544.03320000018,7518.9575000002515,4636.845099999802,542.3959000003524,2276.1501000004355
2020,108,81,189,Tl,True,10351.01000000001,18314.15060000005,1706.7136000001337,6165.2654999999795,4817.141799999867,504.6567000001669,2964.062800000189
2020,107,82,189,Pb,True,8104.314299999969,18999.694099999964,2796.585499999812,4303.457599999849,5914.714800000191,409.8389999999199,2500.802599999821
2020,106,83,189,Bi,True,10941.185899999924,19824.028999999864,-457.38569999998435,2198.026099999901,7268.167300000088,506.7017999999225,1548.6568999998271
2020,105,84,189,Po,True,8948.939699999755,20388.44259999995,1516.1716999998316,1012.9798999999184,7694.3005000001285,599.0733999998774,
2020,118,72,190,Hf,False,,,,,,,
2020,117,73,190,Ta,False,,,,,,,
2020,116,74,190,W,True,,11843.587399999844,,,-369.5313999997452,,
2020,115,75,190,Re,True,5675.236499999883,12708.778199999826,,,599.6816000000108,560.3303999996278,
2020,114,76,190,Os,True,7792.344899999909,13713.16019999981,8017.70849999995,14617.891399999848,1375.8530000001192,396.0611999996472,2459.2627999996766
2020,113,77,190,Ir,True,6375.278399999952,14551.297399999807,5055.774899999844,12314.680199999828,2748.8012000003364,326.6395999996457,1718.1695999996737
2020,112,78,190,Pt,True,8908.428499999922,15628.171400000108,6145.834400000051,10747.146199999843,3268.6098000002094,503.52879999997094,1464.2379999996629
2020,111,79,190,Au,True,7322.898599999957,16604.859399999958,3653.1044999998994,9066.529399999883,3913.905200000154,523.5807999998797,1449.8779999997932
2020,110,80,190,Hg,True,9815.577199999709,17314.913999999873,5077.649599999888,8127.598400000017,4068.904800000135,531.4327999996021,2368.4499999999534
2020,109,81,190,Tl,True,7821.4493999998085,18172.459399999818,2028.8261999997776,6572.8593999999575,4923.714800000191,523.807999999728,2826.6015999999363
2020,108,82,190,Pb,True,10643.904899999965,18748.219199999934,3089.4803999997675,4796.193999999901,5697.529400000116,470.3507999998983,2568.373599999817
2020,107,83,190,Bi,True,8602.559899999993,19543.745799999917,40.85990000003949,2837.4453999998514,6862.115999999922,462.4739999999292,1781.152799999807
2020,106,84,190,Po,True,11212.027100000065,20160.96679999982,1787.0128999999724,1329.627199999988,7693.280400000047,514.5543999997899,
2020,118,73,191,Ta,False,,,,,,,
2020,117,74,191,W,True,4878.667900000233,,,,,,
2020,116,75,191,Re,True,6838.7098000003025,12513.946300000185,7270.541800000239,,120.2316999998875,490.0817000004463,
2020,115,76,191,Os,True,5758.728700000094,13551.073600000003,8101.200700000161,,1083.8822999999393,409.2764999999199,
2020,114,77,191,Ir,True,8026.527400000254,14401.805800000206,5289.9574000001885,13307.665900000138,2082.817299999995,431.6784000003245,2033.7099000003655
2020,113,78,191,Pt,True,6463.149900000077,15371.578399999999,6233.7059000001755,11289.48080000002,3095.755300000077,447.61979999998584,1347.720699999947
2020,112,79,191,Au,True,9035.687900000019,16358.586499999976,3780.3638999999966,9926.198300000047,3326.5599000002258,609.0230000000447,1668.9527000000235
2020,111,80,191,Hg,True,7292.532200000016,17108.109399999725,5047.283199999947,8700.387699999847,3668.595500000054,495.15859999950044,2485.0416999997105
2020,110,81,191,Tl,True,9988.044500000076,17809.493899999885,2201.2935000001453,7278.943100000033,4320.903000000166,472.6048999999184,3099.3852000001352
2020,109,82,191,Pb,True,7945.950200000079,18589.855100000044,3213.9812000000384,5242.807399999816,5402.349700000137,509.2070999999996,2630.800599999726
2020,108,83,191,Bi,True,10714.767299999949,19317.32719999994,111.7223000000231,3201.2026999997906,6780.309100000188,529.4780999999493,1795.300299999537
2020,107,84,191,Po,True,8577.342100000009,19789.369200000074,1761.7950999999885,1802.655000000028,7493.313300000038,390.1622999999672,1336.3621000000276
2020,106,85,191,At,True,,,-1137.6436999998987,649.3692000000738,7822.264200000092,,
2020,119,73,192,Ta,False,,,,,,,
2020,118,74,192,W,False,,,,,,,
2020,117,75,192,Re,True,5309.737999999896,12148.447800000198,7701.611899999902,,,,
2020,116,76,192,Os,True,7558.370300000068,13317.099000000162,8820.861199999927,16091.403000000166,360.6720000000205,621.5902000002097,2635.6470000003465
2020,115,77,192,Ir,True,6198.130399999907,14224.657800000161,5729.3591000000015,13830.559800000163,1756.3244000000414,385.86960000009276,1876.3070000000298
2020,114,78,192,Pt,True,8661.49270000006,15124.642600000137,6868.6711999999825,12158.628600000171,2423.87360000005,510.4162000003271,1685.254600000335
2020,113,79,192,Au,True,7045.590700000059,16081.278600000078,4362.804699999979,10596.510600000154,3147.8544000000693,498.87859999993816,1853.2508000002708
2020,112,80,192,Hg,True,9490.949000000255,16783.48120000027,5502.544300000183,9282.90820000018,3384.582799999742,468.3728000004776,2508.5840000002645
2020,111,81,192,Tl,True,7660.606900000013,17648.65140000009,2569.3682000001427,7616.65140000009,4074.151599999983,440.7644000002183,2887.9308000002056
2020,110,82,192,Pb,True,10331.918199999956,18277.868400000036,3557.8548999999184,5759.148400000064,5221.600000000093,479.2113999999128,2728.430999999866
2020,109,83,192,Bi,True,8366.50450000004,19081.271799999988,532.2765999999829,3746.2578000000212,6376.945200000191,450.157600000035,1986.372999999905
2020,108,84,192,Po,True,11069.070300000021,19646.41240000003,2116.098100000061,2227.820400000084,7319.622800000012,565.6469999998808,1440.9834000000264
2020,107,85,192,At,True,9009.483299999963,,-705.5024999999441,1056.2926000000443,7695.624000000069,,
2020,120,73,193,Ta,False,,,,,,,
2020,119,74,193,W,False,,,,,,,
2020,118,75,193,Re,True,6714.126599999843,12023.864599999739,,,,,
2020,117,76,193,Os,True,5583.426800000016,13141.797100000083,9094.550000000047,16796.16189999995,,881.9604000002146,2818.745700000087
2020,116,77,193,Ir,True,7771.996999999974,13970.127399999881,5942.985799999908,14763.846999999834,1017.8691000000108,671.4851999997627,2155.153799999738
2020,115,78,193,Pt,True,6262.465899999952,14923.958600000013,6933.006700000027,12662.365800000029,2082.222999999998,467.1111000000965,1550.7432999999728
2020,114,79,193,Au,True,8703.972799999872,15749.563499999931,4405.28479999979,11273.955999999773,2619.900600000052,444.69889999972656,1945.5488999995869
2020,113,80,193,Hg,True,7122.001799999969,16612.950800000224,5578.9554000000935,9941.760100000072,2982.3238999999594,519.129800000228,2687.9326000001747
2020,112,81,193,Tl,True,9676.282099999953,17336.888999999966,2754.7012999998406,8257.245600000024,3679.8303000000305,516.1639999998733,3130.943600000115
2020,111,82,193,Pb,True,7748.729800000088,18080.648000000045,3645.9777999999933,6215.346000000136,4972.2070000001695,429.21570000005886,2750.007700000191
2020,110,83,193,Bi,True,10421.344599999953,18787.849099999992,621.7029999999795,4179.557899999898,6306.610600000247,504.2160000000149,2015.8922999997158
2020,109,84,193,Po,True,8330.136600000085,19399.206900000107,2079.7302000001073,2612.00680000009,7093.800499999896,465.2274000002071,1409.6503000000957
2020,108,85,193,At,True,11064.377100000158,20073.86040000012,-710.1956999998074,1405.9024000002537,7572.432799999835,528.2481000002008,
2020,107,86,193,Rn,True,,,1171.7953999999445,466.2929000000004,8040.000299999956,,
2020,121,73,194,Ta,False,,,,,,,
2020,120,74,194,W,False,,,,,,,
2020,119,75,194,Re,False,,,,,,,
2020,118,76,194,Os,True,7112.081999999937,12695.508799999952,9492.50540000014,,-491.2494000000879,710.910000000149,
2020,117,77,194,Ir,True,6066.791200000094,13838.788200000068,6426.350199999986,15520.900200000033,626.3143999997992,792.412000000244,2336.030400000047
2020,116,78,194,Pt,True,8351.760499999858,14614.22639999981,7512.770199999912,13455.75599999982,1522.8074000000488,587.1531999995932,1811.9839999997057
2020,115,79,194,Au,True,6878.4272000002675,15582.40000000014,5021.246100000106,11954.252800000133,2116.7517999997362,512.9948000002187,2091.6464000002015
2020,114,80,194,Hg,True,9193.106599999825,16315.108399999794,6068.089200000046,10473.373999999836,2697.6458000000566,530.4839999997057,2731.1391999996267
2020,113,81,194,Tl,True,7531.604899999918,17207.88699999987,3164.30439999979,8743.259799999883,3471.124000000069,506.1403999996837,3093.776799999876
2020,112,82,194,Pb,True,10049.927200000035,17798.657000000123,4019.622900000075,6774.324199999915,4737.8569999998435,515.6380000000354,2935.5135999999475
2020,111,83,194,Bi,True,8209.7696,18631.114199999953,1082.7427999998908,4728.720599999884,5918.290400000056,502.4647999999579,2260.6279999997932
2020,110,84,194,Po,True,10750.628800000064,19080.76540000015,2409.0144000002183,3030.717400000198,6987.076599999797,474.0152000002563,1432.5532000001986
2020,109,85,194,At,True,8720.486899999902,19784.86400000006,-319.84539999999106,1759.8848000001162,7454.505799999926,445.54200000013225,
2020,108,86,194,Rn,True,11389.614400000079,,1497.0326999998651,786.8370000000577,7862.412999999942,,
2020,121,74,195,W,False,,,,,,,
2020,120,75,195,Re,False,,,,,,,
2020,119,76,195,Os,True,5147.754699999932,12259.836699999869,,,-760.3361999997869,,
2020,118,77,195,Ir,True,7231.851000000024,13298.642200000118,6546.119200000074,16038.624600000214,233.1732000000775,584.2031000002753,2013.2490000003017
2020,117,78,195,Pt,True,6105.087000000058,14456.847499999916,7551.065999999875,13977.416199999861,1176.4491000000853,688.3166999998502,1653.1317999998573
2020,116,79,195,Au,True,8426.437399999937,15304.864600000205,5095.923000000184,12608.693200000096,1716.841800000053,589.5400000002701,2243.5817000002135
2020,115,80,195,Hg,True,6900.714400000172,16093.820999999996,6090.37639999995,11111.622500000056,2260.0812999999616,424.3116000001319,2801.6391000002623
2020,114,81,195,Tl,True,9289.120100000175,16820.725000000093,3260.31790000014,9328.407100000186,3217.691799999913,479.15600000019185,3218.565000000177
2020,113,82,195,Pb,True,7601.505099999951,17651.432299999986,4089.5231000001077,7253.827499999898,4428.884099999908,501.4554000000935,3020.8647999998648
2020,112,83,195,Bi,True,10073.863499999978,18283.633099999977,1106.6790999998339,5126.301999999909,5832.471400000155,479.36799999978393,2218.6646999998484
2020,111,84,195,Po,True,8183.350699999835,18933.9794999999,2382.595500000054,3465.338299999945,6749.676100000041,514.9227999998257,1514.4177999999374
2020,110,85,195,At,True,10825.125400000019,19545.61229999992,-245.34880000003614,2163.665600000182,7344.147699999856,518.0075000000652,1309.9806000003591
2020,109,86,195,Rn,True,8745.656100000022,20135.2705000001,1522.2018999999855,1202.3564999999944,7694.098999999929,452.7270000001881,
2020,122,74,196,W,False,,,,,,,
2020,121,75,196,Re,False,,,,,,,
2020,120,76,196,Os,True,6836.844099999871,11984.598799999803,,,,,
2020,119,77,196,Ir,True,5814.5251999998,13046.376199999824,7212.8896999999415,,-271.6139999998268,,
2020,118,78,196,Pt,True,7921.986200000159,14027.073200000217,8241.20120000001,14787.320400000084,812.8331999999937,624.9568000002764,1899.6080000002403
2020,117,79,196,Au,True,6642.967799999984,15069.405199999921,5633.803800000111,13184.869799999986,1272.0043999999762,484.6790000000037,2216.8908000001684
2020,116,80,196,Hg,True,8883.909999999916,15784.624400000088,6547.848999999929,11643.772000000114,2037.6640000001062,513.6108000001404,2824.3310000000056
2020,115,81,196,Tl,True,7412.626500000013,16701.746600000188,3772.2299999999814,9862.606399999931,2850.655999999959,526.9688000003807,3407.41100000008
2020,114,82,196,Pb,True,9681.513900000136,17283.019000000088,4481.916900000069,7742.234800000209,4238.319200000027,421.18840000010096,3039.267400000477
2020,113,83,196,Bi,True,8054.785900000017,18128.649399999995,1559.9598999998998,5649.483000000007,5438.292400000151,621.1903999999631,2371.8285999998916
2020,112,84,196,Po,True,10423.399500000058,18606.750199999893,2732.131500000134,3838.810599999968,6658.194799999939,459.57440000004135,1499.281599999871
2020,111,85,196,At,True,8514.196599999908,19339.321999999927,85.49710000003688,2468.092600000091,7196.455599999987,401.1107999999076,1381.0268000001088
2020,110,86,196,Rn,True,11146.436500000069,19892.09260000009,1843.5130000000354,1598.1641999999993,7616.7327999998815,543.9776000001002,
2020,123,74,197,W,False,,,,,,,
2020,122,75,197,Re,False,,,,,,,
2020,121,76,197,Os,False,,,,,,,
2020,120,77,197,Ir,True,6899.913900000043,12714.439099999843,7275.959500000114,,-457.4013000000268,437.38479999965057,
2020,119,78,197,Pt,True,5846.5445999999065,13768.530800000066,8273.220600000117,15486.110300000058,549.7154000001028,656.9777000001632,1781.875500000082
2020,118,79,197,Au,True,8072.35679999995,14715.324599999934,5784.174399999902,14025.375599999912,971.6445999999996,618.6780999999028,2527.788500000024
2020,117,80,197,Hg,True,6785.599399999948,15669.509399999864,6690.4805999998935,12324.284400000004,1514.53050000011,521.028199999826,3054.8203999998514
2020,116,81,197,Tl,True,8928.942499999888,16341.568999999901,3817.2624999999534,10365.111499999883,2625.686299999943,493.76879999996163,3343.777199999895
2020,115,82,197,Pb,True,7468.462999999756,17149.976899999892,4537.753399999812,8309.983399999794,3891.8580000002403,520.9868999996688,3238.5949999997392
2020,114,83,197,Bi,True,9749.479200000176,17804.265100000193,1627.9251999999397,6109.842100000009,5365.095299999928,551.2039000003133,2395.726000000024
2020,113,84,197,Po,True,7995.657200000016,18419.056700000074,2673.002800000133,4232.962700000033,6411.267400000012,430.6541000001598,1488.2387000001036
2020,112,85,197,At,True,10513.408199999947,19027.604799999855,175.50579999992624,2907.6373000000603,7104.391999999993,416.86089999973774,1456.344999999972
2020,111,86,197,Rn,True,8536.106999999844,19682.543499999912,1865.4233999999706,1950.9205000000075,7410.762400000123,469.6832999999169,
2020,110,87,197,Fr,True,,,-989.8280000002123,853.684999999823,7896.3651000002865,,
2020,123,75,198,Re,False,,,,,,,
2020,122,76,198,Os,False,,,,,,,
2020,121,77,198,Ir,False,,,,,,,
2020,120,78,198,Pt,True,7555.571800000034,13402.11639999994,8928.878500000108,16204.838000000222,106.22560000000522,564.3340000000317,2027.6556000004057
2020,119,79,198,Au,True,6512.369399999967,14584.726199999917,6449.999199999962,14723.219800000079,526.066400000127,782.7911999998614,2678.844800000079
2020,118,80,198,Hg,True,8485.4142,15271.013599999947,7103.537999999942,12887.712399999844,1380.876799999969,579.4272000000346,3013.2259999997914
2020,117,81,198,Tl,True,7245.835299999919,16174.777799999807,4277.498399999924,10967.978999999817,2258.2782000002917,513.6555999997072,3548.2167999995872
2020,116,82,198,Pb,True,9393.36760000023,16861.830599999987,5002.178500000155,8819.441000000108,3691.596999999834,535.7716000000946,3367.2620000001043
2020,115,83,198,Bi,True,7757.9797999998555,17507.45900000003,1917.4420000000391,6455.195399999851,5138.720399999991,368.1143999998458,2263.210799999768
2020,114,84,198,Po,True,10151.518599999836,18147.17579999985,3075.0421999997925,4702.967399999732,6309.6760000002105,536.1335999995936,1597.8451999996323
2020,113,85,198,At,True,8424.803000000073,18938.21120000002,604.6515999999829,3277.654400000116,6889.3585999999195,516.4220000000205,1542.0452000000514
2020,112,86,198,Rn,True,10812.008000000147,19348.11499999999,2164.0232000001706,2339.529000000097,7349.38320000004,435.346000000136,
2020,111,87,198,Fr,True,8747.577400000067,,-778.3575999999885,1087.0657999999821,7869.274600000121,,
2020,124,75,199,Re,False,,,,,,,
2020,123,76,199,Os,False,,,,,,,
2020,122,77,199,Ir,True,,12277.054300000193,,,,,
2020,121,78,199,Pt,True,5555.9812999998685,13111.553099999903,,,-302.0009999999311,616.8982999997679,
2020,120,79,199,Au,True,7584.277100000065,14096.646500000032,6478.704499999993,15407.5830000001,173.64030000008643,647.0734000001103,2742.6134000001475
2020,119,80,199,Hg,True,6663.067000000039,15148.481200000038,7254.2356000000145,13704.234799999977,822.8967999999877,889.3811000001151,3401.317199999932
2020,118,81,199,Tl,True,8601.96490000002,15847.80019999994,4394.049099999946,11497.587099999888,2082.750700000208,583.7711999998428,3550.0384999997914
2020,117,82,199,Pb,True,7235.622399999993,16628.990000000224,4991.965600000229,9269.464000000153,3356.689000000013,447.05520000029355,3402.105500000296
2020,116,83,199,Bi,True,9495.081400000025,17253.06119999988,2019.155799999833,7021.334299999988,4932.759100000141,479.0466999998316,2451.5775000001304
2020,115,84,199,Po,True,7836.884000000078,17988.402599999914,3153.9464000000153,5071.388400000054,6074.297100000083,563.4424999998882,1624.872800000012
2020,114,85,199,At,True,10185.940900000045,18610.743900000118,639.0739000001922,3714.1160999999847,6777.281199999852,502.0420000003651,1548.1111000000965
2020,113,86,199,Rn,True,8400.852199999848,19212.860199999996,2140.0723999999464,2744.723999999929,7131.881700000027,522.6659999999683,1663.4564000000246
2020,112,87,199,Fr,True,10877.634700000053,19625.21210000012,-712.7309000000823,1451.2923000000883,7816.765300000086,299.755500000203,
2020,124,76,200,Os,False,,,,,,,
2020,123,77,200,Ir,False,,,,,,,
2020,122,78,200,Pt,True,7281.801100000041,12837.78239999991,9489.606599999825,,-746.9580000001006,602.2005999998655,
2020,121,79,200,Au,True,6217.657899999991,13801.935000000056,7140.381100000115,,-229.49240000010468,546.4150000000373,
2020,120,80,200,Hg,True,8028.519399999874,14691.586399999913,7698.477899999823,14177.182399999816,716.3636000002734,706.9053999998141,3161.901399999857
2020,119,81,200,Tl,True,7059.157300000079,15661.1222000001,4790.1393999999855,12044.375,1666.5612000001129,585.3010000002105,3762.8035999999847
2020,118,82,200,Pb,True,9090.436599999899,16326.058999999892,5480.437300000107,9874.486400000053,3150.16240000003,493.67800000007264,3605.8358000000007
2020,117,83,200,Bi,True,7644.263200000161,17139.344600000186,2427.7966000000015,7419.76220000023,4701.122399999993,616.413200000301,2617.2748000004794
2020,116,84,200,Po,True,9774.15820000018,17611.042200000258,3433.0232000001706,5452.179000000004,5981.65280000004,468.51160000031814,1541.3554000000004
2020,115,85,200,At,True,8235.848299999954,18421.7892,1038.0382000000682,4191.984600000083,6596.218799999915,671.941800000146,1703.4796000001952
2020,114,86,200,Rn,True,10511.916800000006,18912.768999999855,2466.0482999999076,3105.1222000001,7043.364400000079,496.02539999969304,1602.5254000001587
2020,113,87,200,Fr,True,8709.119900000049,19586.754600000102,-404.4631999998819,1735.6092000000644,7621.841999999946,412.069600000279,
2020,125,76,201,Os,False,,,,,,,
2020,124,77,201,Ir,False,,,,,,,
2020,123,78,201,Pt,True,5212.853700000094,12494.654800000135,,,,,
2020,122,79,201,Au,True,7231.91519999993,13449.573099999921,7090.495200000005,16580.10179999983,-561.4936999999918,564.1932999999262,2641.557999999728
2020,121,80,201,Hg,True,6230.58070000005,14259.100099999923,7711.400699999882,14851.781799999997,332.3275000001304,509.7923999999184,3149.8914999999106
2020,120,81,201,Tl,True,8204.871700000018,15264.029000000097,4966.49170000013,12664.969599999953,1534.0463000000454,540.8817000000272,3742.912699999986
2020,119,82,201,Pb,True,7091.498200000031,16181.93479999993,5512.778200000059,10302.917600000044,2844.2635999999475,523.8619999999646,3685.2062000001315
2020,118,83,201,Bi,True,9129.751299999887,16774.01450000005,2467.1112999999896,7947.5486000000965,4500.313599999994,535.4772000000812,2635.9938000000548
2020,117,84,201,Po,True,7650.801899999846,17424.960100000026,3439.561899999855,5867.358499999857,5799.31389999995,492.6724000000395,1626.52929999982
2020,116,85,201,At,True,9872.853599999798,18108.701899999753,1136.7335999996867,4569.756799999857,6472.844400000293,592.8893999995198,1657.6627999995835
2020,115,86,201,Rn,True,8178.277400000021,18690.194200000027,2408.4773999999743,3446.5156000000425,6860.744200000074,470.92050000000745,1577.3085000000428
2020,114,87,201,Fr,True,10616.336699999869,19325.456599999918,-300.04330000001937,2166.0049999998882,7518.913500000024,470.66569999977946,
2020,113,88,201,Ra,True,,,1485.7307999997865,1081.2675999999046,8001.53460000013,,
2020,126,76,202,Os,False,,,,,,,
2020,125,77,202,Ir,False,,,,,,,
2020,124,78,202,Pt,True,7022.728099999949,12235.581800000044,,,,,
2020,123,79,202,Au,True,6023.604800000088,13255.520000000019,7901.246299999999,,,,
2020,122,80,202,Hg,True,7754.100300000049,13984.681000000099,8233.5858,15324.081000000006,133.79900000011548,497.19999999995343,2981.6315999999642
2020,121,81,202,Tl,True,6870.9494999998715,15075.82119999989,5606.860499999952,13318.261199999833,1175.4662000001408,567.527199999895,4074.8195999998134
2020,120,82,202,Pb,True,8740.882799999788,15832.38099999982,6048.789299999829,11015.280999999959,2588.7950000001583,520.5315999996383,4036.8927999997977
2020,119,83,202,Bi,True,7393.180099999998,16522.931399999885,2768.7931999999564,8281.571400000015,4352.968799999915,485.2399999999907,2579.2339999999385
2020,118,84,202,Po,True,9491.728700000094,17142.53059999994,3801.539300000062,6268.650600000052,5700.952800000086,600.4120000000112,1662.1640000001062
2020,117,85,202,At,True,7876.993800000055,17749.847399999853,1362.9254999998957,4802.487399999751,6353.8304000000935,327.0659999996424,1426.962399999611
2020,116,86,202,Rn,True,10238.46620000014,18416.74360000016,2774.0900000003166,3910.8236000000034,6773.796599999769,578.5500000002794,1668.532000000123
2020,115,87,202,Fr,True,8558.348299999954,19174.684999999823,80.02759999991395,2488.5049999998882,7385.368200000143,537.8175999997184,
2020,114,88,202,Ra,True,10933.246000000043,,1802.6400999999605,1502.5967999999411,7880.296600000234,,
2020,127,76,203,Os,False,,,,,,,
2020,126,77,203,Ir,False,,,,,,,
2020,125,78,203,Pt,False,,,,,,,
2020,124,79,203,Au,True,6861.774999999907,12885.379799999995,7740.293199999956,,-1169.8191999997944,,
2020,123,80,203,Hg,True,5995.207399999956,13749.307700000005,8205.188399999868,16106.434699999867,-305.4270999999717,588.153599999845,3027.52659999975
2020,122,81,203,Tl,True,7852.197800000198,14723.14730000007,5704.958000000101,13938.543800000101,907.5455000000075,521.0133000002243,4056.3338000001386
2020,121,82,203,Pb,True,6917.190000000177,15658.072799999965,6095.029800000135,11701.890300000086,2334.6720000000205,531.74729999993,4389.037299999967
2020,120,83,203,Bi,True,8845.35719999997,16238.537299999967,2873.2676000001375,8922.056899999967,4109.5764999999665,555.2368999999017,2884.498499999987
2020,119,84,203,Po,True,7440.558999999892,16932.287699999986,3848.9181999999564,6617.711399999913,5496.016200000187,579.0732999998145,1640.8079999999609
2020,118,85,203,At,True,9638.818700000178,17515.812500000233,1510.0154999999795,5311.554800000042,6210.09309999994,551.2716000003275,1586.405900000129
2020,117,86,203,Rn,True,7980.807499999879,18219.27370000002,2877.903700000141,4240.8292000000365,6629.873099999968,550.9118000001181,1650.7913000001572
2020,116,87,203,Fr,True,10296.442600000184,18854.79090000014,138.00399999995716,2912.094000000274,7274.866500000004,525.9235000002664,1564.422100000549
2020,115,88,203,Ra,True,8544.88770000008,19478.133700000122,1789.1795000000857,1869.2070999999996,7736.261100000003,538.0292000002228,
2020,127,77,204,Ir,False,,,,,,,
2020,126,78,204,Pt,False,,,,,,,
2020,125,79,204,Au,False,,,,,,,
2020,124,80,204,Hg,True,7492.27360000019,13487.481000000145,8835.68700000015,16575.980200000107,-515.8996000001207,1089.2692000002135,2902.690200000303
2020,123,81,204,Tl,True,6656.096199999796,14508.293999999994,6365.846799999941,14571.03519999981,469.1072000002023,458.43779999995604,4310.960999999661
2020,122,82,204,Pb,True,8394.659400000004,15311.849400000181,6637.491399999941,12342.449400000041,1968.53199999989,493.5278000002727,4685.655999999959
2020,121,83,204,Bi,True,7192.334199999925,16037.691399999894,3148.4117999998853,9243.44160000002,3976.3996000001207,512.7647999997716,2872.021999999881
2020,120,84,204,Po,True,9101.559600000037,16542.11859999993,4105.120600000024,6978.388200000161,5484.89320000005,551.8639999998268,1608.5872000001837
2020,119,85,204,At,True,7783.962700000033,17422.78140000021,1853.4192000001203,5702.337400000077,6070.393600000069,716.0078000002541,1752.7936000002082
2020,118,86,204,Rn,True,9857.386100000003,17838.193599999882,3096.471099999966,4606.486599999946,6546.6452000001445,532.7605999999214,1564.2669999999925
2020,117,87,204,Fr,True,8340.42479999992,18636.867400000105,497.6212999999989,3375.5250000001397,7170.290000000037,640.067200000165,1675.03460000013
2020,116,88,204,Ra,True,10611.550700000022,19156.4384000001,2104.2875999999233,2242.2915999998804,7636.627199999988,518.316800000146,
2020,128,77,205,Ir,False,,,,,,,
2020,127,78,205,Pt,False,,,,,,,
2020,126,79,205,Au,False,,,,,,,
2020,125,80,205,Hg,True,5668.88049999997,13161.15410000016,,,-971.9263999999966,2818.7982000003103,
2020,124,81,205,Tl,True,7546.037800000049,14202.133999999845,6419.610999999801,15255.297999999952,154.98460000008345,845.8616999997757,4443.593899999978
2020,123,82,205,Pb,True,6731.666100000031,15126.325500000035,6713.061300000176,13078.908100000117,1467.4465999999084,301.8972000000067,5125.430800000206
2020,122,83,205,Bi,True,8490.96620000014,15683.300400000066,3244.718600000022,9882.209999999963,3690.3050999999978,551.6723000002094,3142.3619000001345
2020,121,84,205,Po,True,7251.654800000135,16353.214400000172,4164.441200000234,7312.853000000119,5324.736599999946,586.2646000003442,1621.566100000171
2020,120,85,205,At,True,9180.578199999873,16964.540899999905,1932.437799999956,6037.55839999998,6019.566700000083,578.9507999999914,1595.123099999968
2020,119,86,205,Rn,True,7810.975799999898,17668.3618999999,3123.4841999998316,4976.903399999952,6386.471300000092,600.7639999997336,1622.7242999998853
2020,118,87,205,Fr,True,9988.442599999951,18328.867399999872,628.6777999999467,3725.148899999913,7054.7009999998845,647.0400999998674,1603.2631999999285
2020,117,88,205,Ra,True,8328.553799999878,18940.1044999999,2092.4165999998804,2590.0378999998793,7486.350800000131,507.6013999998104,
2020,116,89,205,Ac,True,,,-756.6157000001986,1347.6718999997247,8093.199600000167,,
2020,128,78,206,Pt,False,,,,,,,
2020,127,79,206,Au,False,,,,,,,
2020,126,80,206,Hg,True,6729.331299999962,12398.211799999932,,,-678.5296000000089,3935.8944000001065,
2020,125,81,206,Tl,True,6503.818399999989,14049.856200000038,7254.54889999982,,-325.22899999981746,3410.399599999888,
2020,124,82,206,Pb,True,8086.655499999877,14818.321599999908,7253.679000000004,13673.289999999804,1134.8914000000805,712.6695999996737,5411.647599999793
2020,123,83,206,Bi,True,7033.960399999982,15524.926600000123,3547.0128999999724,10260.074200000148,3527.2941999998875,540.348800000269,3240.440400000196
2020,122,84,206,Po,True,8738.599799999967,15990.254600000102,4412.07480000006,7656.793400000082,5327.019599999767,567.0840000002645,1612.134800000349
2020,121,85,206,At,True,7526.195400000084,16706.773599999957,2206.9783999999054,6371.419600000139,5886.551399999997,533.6328000000212,1567.9540000001434
2020,120,86,206,Rn,True,9494.457200000063,17305.43299999996,3437.3632000000216,5369.800999999978,6383.742800000124,640.3208000001032,1652.7095999999437
2020,119,87,206,Fr,True,8008.357599999988,17996.80019999994,826.0596000000369,3949.5437999998685,6923.337199999951,436.10479999985546,1379.3251999998465
2020,118,88,206,Ra,True,10309.567800000077,18638.121599999955,2413.5418000000063,3042.219599999953,7415.249200000195,657.8167999999132,1586.7035999998916
2020,117,89,206,Ac,True,8693.243300000206,,-391.92619999987073,1700.4904000000097,7958.304599999916,,
2020,129,78,207,Pt,False,,,,,,,
2020,128,79,207,Au,False,,,,,,,
2020,127,80,207,Hg,True,3613.024599999888,10342.35589999985,,,,,
2020,126,81,207,Tl,True,6852.4539000000805,13356.27230000007,7377.6714999999385,,-315.90789999999106,4603.276500000153,
2020,125,82,207,Pb,True,6737.772800000152,14824.428300000029,7487.633400000166,14742.182299999986,392.3259999998845,3519.1739000000525,6250.193300000159
2020,124,83,207,Bi,True,8097.6676999998745,15131.628099999856,3558.02509999997,10811.704099999974,3281.824300000211,784.963099999819,3404.5496999998577
2020,123,84,207,Po,True,7028.34999999986,15766.949799999828,4406.464399999939,7953.477299999911,5215.859600000083,404.0097999998834,1580.1915999997873
2020,122,85,207,At,True,8859.39469999983,16385.590099999914,2327.773299999768,6739.848099999828,5872.513900000136,586.6556999997701,1607.2286999998614
2020,121,86,207,Rn,True,7573.140700000105,17067.597900000168,3484.308500000043,5691.286899999948,6251.16109999991,618.6493000001647,1606.3185000000522
2020,120,87,207,Fr,True,9673.469700000016,17681.827300000004,1005.0720999999903,4442.435300000012,6888.686200000113,606.0531000001356,1558.3880999998655
2020,119,88,207,Ra,True,8122.935300000012,18432.50310000009,2528.11950000003,3354.1791000000667,7273.121400000062,634.1159000000916,
2020,118,89,207,Ac,True,10409.837899999926,19103.08120000013,-291.656100000022,2121.8856999999844,7844.909300000174,659.092399999965,
2020,130,78,208,Pt,False,,,,,,,
2020,129,79,208,Au,False,,,,,,,
2020,128,80,208,Hg,True,4849.292799999937,8462.317399999825,,,,,
2020,127,81,208,Tl,True,3787.00270000007,10639.45660000015,7551.649600000121,,,1999.9346000002697,
2020,126,82,208,Pb,True,7367.879200000083,14105.652000000235,8003.058700000169,15380.730200000107,516.7203999999911,4983.100000000326,6598.252200000221
2020,125,83,208,Bi,True,6886.910099999979,14984.577799999854,3707.1623999997973,11194.795799999963,3051.0104000000283,2920.180999999633,3514.904999999795
2020,124,84,208,Po,True,8394.820599999977,15423.170599999838,4703.617300000042,8261.642400000012,5215.69840000011,796.682999999728,1548.1437999999616
2020,123,85,208,At,True,7313.746100000106,16173.140799999936,2613.1694000000134,7019.633799999952,5751.101999999955,528.3059999998659,1568.0939999998081
2020,122,86,208,Rn,True,9091.971499999752,16665.112199999858,3716.8852999999654,6044.658599999733,6260.749200000195,573.1015999997035,1564.9339999996591
2020,121,87,208,Fr,True,7887.225700000068,17560.695400000084,1319.157099999953,4803.465599999996,6785.4232000000775,739.4804000000004,1654.531599999871
2020,120,88,208,Ra,True,9857.36950000003,17980.30480000004,2712.0193000000436,3717.091400000034,7273.138000000035,552.5594000001438,1470.7290000000503
2020,119,89,208,Ac,True,8456.690500000026,18866.528399999952,42.09909999999218,2570.218600000022,7728.643600000069,727.1175999997649,
2020,118,90,208,Th,True,,,1747.1721000000834,1455.5160000000615,8202.024800000014,,
2020,130,79,209,Au,False,,,,,,,
2020,129,80,209,Hg,False,,,,,,,
2020,128,81,209,Tl,True,4965.993099999847,8752.995799999917,7668.34990000003,,,177.15039999969304,
2020,127,82,209,Pb,True,3937.375199999893,11305.254399999976,8153.431199999992,15705.080800000113,2248.225700000068,2284.186700000195,6309.21380000026
2020,126,83,209,Bi,True,7459.754900000058,14346.665000000037,3799.0380999997724,11802.096799999941,3137.2933000000194,4603.507599999895,3835.559399999911
2020,125,84,209,Po,True,6968.119399999967,15362.939999999944,4784.826600000029,8491.988999999827,4979.245100000175,3153.807599999942,1524.7295999997295
2020,124,85,209,At,True,8485.188300000038,15798.934400000144,2703.537100000074,7407.154400000116,5756.879900000058,892.8864000001922,1572.6716000002343
2020,123,86,209,Rn,True,7356.977100000251,16448.948600000003,3760.1163000001106,6373.285700000124,6155.426900000079,492.03490000008605,1568.2495000001509
2020,122,87,209,Fr,True,9188.5484999998,17075.77419999987,1415.7341000000015,5132.619399999967,6777.452900000149,574.9763999998104,1480.307899999898
2020,121,88,209,Ra,True,7941.017699999968,17798.387199999997,2765.811299999943,4084.968399999896,7143.096099999966,629.3707999999169,1525.1910999999382
2020,120,89,209,Ac,True,9987.29830000014,18443.988800000167,172.02790000010282,2884.0472000001464,7729.787899999879,599.9503000003751,1513.4539000003133
2020,119,90,209,Th,False,,,,,,,
2020,131,79,210,Au,False,,,,,,,
2020,130,80,210,Hg,False,,,,,,,
2020,129,81,210,Tl,True,3673.528900000034,8639.52199999988,,,,,
2020,128,82,210,Pb,True,5185.176800000016,9122.551999999909,8372.61490000016,16040.96480000019,3792.380200000014,159.42439999990165,5822.055200000294
2020,127,83,210,Bi,True,4604.641900000162,12064.39680000022,4466.304800000042,12619.736000000034,5036.469799999846,2595.732800000347,4205.560000000056
2020,126,84,210,Po,True,7658.368200000143,14626.48760000011,4983.439900000114,8782.477999999886,5407.532399999909,4067.50400000019,1498.3643999998458
2020,125,85,210,At,True,7159.646500000032,15644.83480000007,2895.064200000139,7679.890800000168,5631.193800000008,2846.15280000004,1558.0428000001702
2020,124,86,210,Rn,True,8735.033499999903,16092.010600000154,4009.961499999976,6713.49860000005,6158.993200000143,894.908000000054,1541.5579999999609
2020,123,87,210,Fr,True,7632.666500000283,16821.215000000084,1691.4235000000335,5451.539800000144,6670.98179999995,506.0720000001602,1516.6880000003148
2020,122,88,210,Ra,True,9486.72769999993,17427.745399999898,3063.9905000000726,4479.724600000074,7150.825600000098,643.5187999997288,1569.8379999999888
2020,121,89,210,Ac,True,8152.112500000047,18139.410800000187,383.1227000001818,3148.934000000125,7586.032999999821,532.2780000003986,1403.4292000003625
2020,120,90,210,Th,True,,18771.151199999964,2074.334499999881,2246.3623999999836,8068.995200000005,679.8815999999642,
2020,131,80,211,Hg,False,,,,,,,
2020,130,81,211,Tl,True,4902.31650000019,8575.845400000224,,,,295.0276000003796,
2020,129,82,211,Pb,True,3835.8908999997657,9021.067699999781,8534.976899999892,,3569.5139000001363,167.84299999964423,
2020,128,83,211,Bi,True,5138.5154999999795,9743.157400000142,4419.643500000006,12792.258400000166,6750.408199999947,227.95480000018142,3493.911100000143
2020,127,84,211,Po,True,4550.76419999986,12209.132400000002,4929.562199999811,9395.866999999853,7594.541000000201,1845.4865999999456,1554.4819999998435
2020,126,85,211,At,True,7746.40149999992,14906.047999999952,2983.097499999916,7966.53740000003,5982.459999999963,3831.0806999998167,1481.5709999999963
2020,125,86,211,Rn,True,7221.880200000014,15956.913699999917,4072.1951999999583,6967.259400000097,5965.462999999989,2873.655700000003,1490.18880000012
2020,124,87,211,Fr,True,8868.131299999775,16500.79780000006,1824.5212999999058,5834.4827999998815,6662.245200000005,944.2661999999546,1537.8766999996733
2020,123,88,211,Ra,True,7682.28870000015,17169.01640000008,3113.6126999999397,4805.036199999973,7041.677600000054,540.0683000001591,1515.3409000001848
2020,122,89,211,Ac,True,9691.925999999745,17844.03849999979,588.3209999999963,3652.311500000069,7567.576700000092,698.9460999995936,1585.0844000000507
2020,121,90,211,Th,True,8254.432599999942,,2176.654599999776,2559.777299999958,7937.497900000075,,
2020,120,91,211,Pa,True,,,-703.7412000000477,1370.593299999833,8481.08030000003,,
2020,132,80,212,Hg,False,,,,,,,
2020,131,81,212,Tl,False,,,,,,,
2020,130,82,212,Pb,True,5127.236700000241,8963.127600000007,8759.897099999944,,3291.5699999998324,186.39420000021346,
2020,129,83,212,Bi,True,4330.148499999894,9468.663999999873,4913.901100000134,13448.878000000026,6207.262400000123,243.19499999983236,3609.721200000029
2020,128,84,212,Po,True,6008.21940000006,10558.98359999992,5799.266099999892,10218.909599999897,8954.200800000224,315.780999999959,1690.7029999999795
2020,127,85,212,At,True,5052.28050000011,12798.68200000003,3484.6138000001665,8414.175999999978,7817.089599999832,1905.037200000137,1506.0457999999635
2020,126,86,212,Rn,True,7975.222400000086,15197.1026000001,4301.016100000124,7284.113600000041,6385.06119999988,3394.0260000003036,1458.1426000001375
2020,125,87,212,Fr,True,7447.011700000148,16315.142999999924,2049.65280000004,6121.847999999998,6528.979599999962,2730.178799999878,1493.190400000196
2020,124,88,212,Ra,True,9101.937900000019,16784.22660000017,3347.4193000001833,5171.940600000089,7031.711199999787,933.0936000002548,1487.692000000272
2020,123,89,212,Ac,True,7915.206800000044,17607.13279999979,821.2390999998897,3934.8517999998294,7539.595600000117,598.183999999892,1517.214799999725
2020,122,90,212,Th,True,9836.837000000058,18091.2696,2321.565600000089,2909.8866000000853,7958.030400000047,532.6810000000987,
2020,121,91,212,Pa,True,8527.023999999976,,-431.1498000000138,1745.5047999997623,8410.74680000008,,
2020,133,80,213,Hg,False,,,,,,,
2020,132,81,213,Tl,True,,8280.817799999844,,,,,
2020,131,82,213,Pb,True,3725.9879999998957,8853.224700000137,,,,256.4248000001535,
2020,130,83,213,Bi,True,5185.054100000067,9515.20259999996,4971.718499999959,13731.615599999903,5988.2013999999035,233.51919999998063,3128.757200000109
2020,129,84,213,Po,True,4355.426399999997,10363.645800000057,5824.543999999994,10738.445100000128,8536.14960000012,332.7457999999169,1645.0311000002548
2020,128,85,213,At,True,6022.686800000025,11074.967300000135,3499.0812000001315,9298.347300000023,9254.157699999865,255.25360000040382,1618.0636000002269
2020,127,86,213,Rn,True,5108.035599999828,13083.257999999914,4356.771199999843,7841.385000000009,8245.145000000019,1467.5831999999937,1491.3826999999583
2020,126,87,213,Fr,True,8109.519899999956,15556.531600000104,2183.9502999999095,6484.966400000034,6904.648000000045,3286.2470000002068,1491.786800000118
2020,125,88,213,Ra,True,7527.010199999902,16628.94809999992,3427.4177999999374,5477.070599999977,6861.678100000136,2672.7583999999333,1475.0153999999166
2020,124,89,213,Ac,True,9229.885600000154,17145.092400000198,949.186800000025,4296.606100000208,7498.258499999763,891.9873000003863,1382.1870000003837
2020,123,90,213,Th,True,8062.097399999853,17898.93439999991,2468.4561999998987,3289.6952999997884,7836.950700000161,557.6263999997173,1480.954799999483
2020,122,91,213,Pa,True,10013.6483,18540.672299999977,-254.33850000007078,2067.2271000000183,8384.39680000022,548.3878999999724,
2020,134,80,214,Hg,False,,,,,,,
2020,133,81,214,Tl,False,,,,,,,
2020,132,82,214,Pb,True,5050.745399999898,8776.733399999794,9255.812699999893,,,,
2020,131,83,214,Bi,True,4040.4148999999743,9225.469000000041,5286.145400000038,,5621.315399999963,157.59239999996498,
2020,130,84,214,Po,True,5887.776199999964,10243.20259999996,6527.266099999892,11498.98459999985,7833.5502000001725,352.8628000000026,1644.3279999997467
2020,129,85,214,At,True,4870.957999999868,10893.644799999893,4014.6128000000026,9839.156799999997,8987.84160000016,386.85119999968447,1611.4007999999449
2020,128,86,214,Rn,True,6695.040999999968,11803.076599999797,5029.125399999786,8528.206599999918,9208.472200000193,233.42399999964982,1561.4059999997262
2020,127,87,214,Fr,True,5475.44430000009,13584.964200000046,2551.3590000001714,6908.130200000014,8588.850199999986,1371.693600000115,1438.2500000002328
2020,126,88,214,Ra,True,8324.122800000012,15851.132999999914,3642.0206999999937,5825.970999999903,7272.588800000027,2907.2267999998294,1453.8303999998607
2020,125,89,214,Ac,True,7779.063199999742,17008.948799999896,1201.2397999998648,4628.657599999802,7351.861800000304,2582.7619999998715,1441.2315999995917
2020,124,90,214,Th,True,9496.491200000048,17558.5885999999,2735.061799999792,3684.248599999817,7827.187200000044,1019.5635999997612,1477.7955999996047
2020,123,91,214,Pa,True,8265.61670000013,18279.26500000013,-50.819199999794364,2417.6370000001043,8270.892600000137,500.5272000001278,
2020,135,80,215,Hg,False,,,,,,,
2020,134,81,215,Tl,False,,,,,,,
2020,133,82,215,Pb,True,3546.0545000000857,8596.799899999984,,,,,
2020,132,83,215,Bi,True,5241.268500000006,9281.68339999998,5476.668500000145,14732.481200000038,5282.3634000001475,239.73419999983162,2919.854300000239
2020,131,84,215,Po,True,4143.123800000176,10030.90000000014,6629.975000000093,11916.12040000013,7526.317299999762,313.48820000025444,1538.5295000001788
2020,130,85,215,At,True,5948.755699999863,10819.713699999731,4075.592299999902,10602.858399999794,8177.601400000276,328.26179999974556,1596.1638999998104
2020,129,86,215,Rn,True,4920.633799999952,11615.67479999992,5078.801199999871,9093.413999999873,8838.6026000001,300.59789999970235,1573.992599999765
2020,128,87,215,Fr,True,6794.840299999807,12270.284599999897,2651.15830000001,7680.283699999796,9540.4114000001,124.16009999997914,1486.5125999997836
2020,127,88,215,Ra,True,5632.066899999976,13956.189699999988,3798.6432999998797,6350.002300000051,8862.402100000065,1171.09580000001,1445.8492999998853
2020,126,89,215,Ac,True,8474.04190000007,16253.105099999812,1351.1588999999221,4993.179599999916,7745.95120000001,2782.2289999998175,1439.4204999997746
2020,125,90,215,Th,True,7844.816800000146,17341.308000000194,2800.815400000196,4002.0552000000607,7664.659100000048,2483.0205000001006,
2020,124,91,215,Pa,True,9726.667699999874,17992.284400000004,179.3573000000324,2914.4190999998245,8236.150900000008,1099.839299999876,
2020,123,92,215,U,True,,,1859.5597000000998,1808.7405000003055,8587.987499999814,,
2020,136,80,216,Hg,False,,,,,,,
2020,135,81,216,Tl,False,,,,,,,
2020,134,82,216,Pb,False,,,,,,,
2020,133,83,216,Bi,True,3826.6081000000704,9067.876600000076,5757.22210000013,,,267.2861999999732,
2020,132,84,216,Po,True,5747.215999999782,9890.339799999958,7135.92249999987,12612.591000000015,6906.338000000222,322.02779999980703,1469.7304000000004
2020,131,85,216,At,True,4558.037900000345,10506.793600000208,4490.506400000071,11120.481400000164,7949.711999999825,207.69700000039302,1345.2824000003748
2020,130,86,216,Rn,True,6649.0188000001945,11569.652600000147,5779.064300000202,9854.656600000104,8197.803199999966,391.1088000002783,1668.947600000305
2020,129,87,216,Fr,True,5418.430300000124,12213.27059999993,3148.9548000001814,8227.756000000052,9174.261600000085,159.0339999999851,1529.626799999969
2020,128,88,216,Ra,True,7311.839300000109,12943.906200000085,4315.642300000181,6966.8006000001915,9525.785200000042,155.3452000003308,1464.1266000003088
2020,127,89,216,Ac,True,5952.144899999956,14426.186800000025,1671.2368999999017,5469.880199999781,9240.818000000203,984.6671999997925,1391.7875999996904
2020,126,90,216,Th,True,8694.208199999994,16539.02500000014,3020.9817000001203,4372.1406000000425,8072.388800000073,2464.5854000002146,1390.3040000000037
2020,125,91,216,Pa,True,8052.070100000128,17778.737800000003,386.61060000001453,3187.4260000002105,8099.287599999923,2461.8844000000972,
2020,124,92,216,U,True,9894.203699999955,,2027.09570000018,2206.4530000002123,8530.620799999917,,
2020,136,81,217,Tl,False,,,,,,,
2020,135,82,217,Pb,False,,,,,,,
2020,134,83,217,Bi,True,5215.341100000078,9041.949200000148,,,4521.2319999998435,,
2020,133,84,217,Po,True,3970.195800000103,9717.411799999885,7279.510199999902,13036.732300000032,6662.130200000014,372.6895999999251,1404.686500000069
2020,132,85,217,At,True,5933.4139999996405,10491.451899999985,4676.70439999993,11812.6268999998,7201.352100000251,350.2412999998778,1457.0371999996714
2020,131,86,217,Rn,True,4666.058100000024,11315.076900000218,5887.084499999881,10377.590899999952,7887.1714999999385,343.2102000003215,1534.9298000000417
2020,130,87,217,Fr,True,6727.694199999794,12146.124499999918,3227.6301999997813,9006.694499999983,8469.254200000316,305.77739999978803,1683.6603999999352
2020,129,88,217,Ra,True,5473.254599999869,12785.093899999978,4370.466599999927,7519.421400000108,9160.566200000001,146.7772999999579,1514.7242999998853
2020,128,89,217,Ac,True,7518.731200000038,13470.876099999994,1878.1287999998312,6193.771100000013,9831.60670000012,195.4886000000406,1496.744999999879
2020,127,90,217,Th,True,6164.0793000000995,14858.287500000093,3232.916100000264,4904.153000000166,9435.319699999876,972.6495000000577,1416.3722000003327
2020,126,91,217,Pa,True,8840.375,16892.445100000128,532.7774000000209,3553.759100000141,8488.798200000077,2278.3020000001416,1358.032900000224
2020,125,92,217,U,False,,,,,,,
2020,137,81,218,Tl,False,,,,,,,
2020,136,82,218,Pb,False,,,,,,,
2020,135,83,218,Bi,True,3585.249300000025,8800.590400000103,,,,,
2020,134,84,218,Po,True,5598.116200000048,9568.31200000015,7662.285299999872,,6114.759399999864,332.48400000017136,
2020,133,85,218,At,True,4365.682600000175,10299.096599999815,5072.191200000001,12351.701399999904,6876.084400000051,431.9855999997817,1155.8563999996986
2020,132,86,218,Rn,True,6512.485699999845,11178.543799999868,6466.156200000085,11142.860600000015,7262.462000000058,430.4883999999147,1619.6111999999266
2020,131,87,218,Fr,True,5326.542400000151,12054.236599999946,3888.1144999999087,9775.19899999979,8013.669800000032,334.493999999715,1881.5863999999128
2020,130,88,218,Ra,True,7315.306399999885,12788.560999999754,4958.0788000000175,8185.708999999799,8540.300800000085,272.47679999959655,1651.7547999995295
2020,129,89,218,Ac,True,5922.788400000194,13441.519600000232,2327.662600000156,6698.129200000083,9384.262600000016,191.79960000049323,1547.7312000002712
2020,128,90,218,Th,True,7910.360299999826,14074.439599999925,3624.5452000000514,5502.673999999883,9849.082200000063,254.5983999997843,
2020,127,91,218,Pa,True,6476.478399999905,15316.853399999905,845.1764999998268,4078.092600000091,9791.382999999914,803.028399999952,1325.5996000000741
2020,126,92,218,U,True,,17314.408599999966,2449.059200000018,2981.8366000000387,8774.800799999852,,
2020,137,82,219,Pb,False,,,,,,,
2020,136,83,219,Bi,False,,,,,,,
2020,135,84,219,Po,True,3746.6059999999125,9344.72219999996,7823.64199999976,,5914.207900000038,294.4787999999244,
2020,134,85,219,At,True,5775.527999999933,10141.210600000108,5249.602999999886,12911.888299999759,6341.824900000123,385.29019999993034,1215.1900999997742
2020,133,86,219,Rn,True,4459.381000000052,10971.866699999897,6559.854599999962,11632.045799999963,6946.204800000181,471.24019999965094,1188.6362000000663
2020,132,87,219,Fr,True,6513.804699999979,11840.34710000013,3889.433500000043,10355.589700000128,7448.620799999917,358.0280000001658,1691.7499000001699
2020,131,88,219,Ra,True,5323.010200000135,12638.31660000002,4954.5466000000015,8842.66109999991,8137.924399999902,65.70140000013635,1810.7810999997891
2020,130,89,219,Ac,True,7352.599099999759,13275.387499999953,2364.9553000000305,7323.034100000048,8826.503800000064,94.23469999991357,1550.4643000001088
2020,129,90,219,Th,True,5975.27770000021,13885.638000000035,3677.034500000067,6004.697100000223,9505.871399999829,220.13850000011735,1483.978700000327
2020,128,91,219,Pa,True,8137.664700000081,14614.143099999987,1072.4809000000823,4697.026100000134,10127.760199999902,263.2119000002276,
2020,127,92,219,U,True,6670.023499999894,,2642.6043000000063,3487.780799999833,9949.594100000104,,
2020,126,93,219,Np,True,,,-253.33300000010058,2195.7261999999173,9207.491099999985,,
2020,138,82,220,Pb,False,,,,,,,
2020,137,83,220,Bi,False,,,,,,,
2020,136,84,220,Po,True,5489.222000000067,9235.82799999998,,,,315.99720000009984,
2020,135,85,220,At,True,4091.5830000001006,9867.111000000034,5594.5800000000745,13418.221999999834,6076.850000000093,301.7453999998979,842.6251999998931
2020,134,86,220,Rn,True,6288.674399999902,10748.055399999954,7073.000999999931,12322.603999999817,6404.746400000062,365.39919999986887,1452.8797999995295
2020,133,87,220,Fr,True,5205.937900000252,11719.74260000023,4635.9904000002425,11195.845000000205,6800.72080000001,472.8798000004608,1757.3720000004396
2020,132,88,220,Ra,True,7193.074000000022,12516.084200000158,5633.815900000045,9523.249400000088,7593.869200000074,421.5540000000037,1876.2450000001118
2020,131,89,220,Ac,True,5897.12089999998,13249.71999999974,2939.065999999875,7893.612599999877,8347.813200000208,-14.88300000037998,1636.2619999998715
2020,130,90,220,Th,True,7844.563499999931,13819.84120000014,4168.998900000239,6533.954200000269,8973.147200000007,190.70680000027642,1539.3100000005215
2020,129,91,220,Pa,True,6376.160299999872,14513.824999999953,1473.3634999997448,5150.397999999812,9703.744799999986,157.15240000002086,1568.7173999997322
2020,128,92,220,U,False,,,,,,,
2020,127,93,220,Np,True,7033.245200000005,,109.88870000001043,2752.4930000000168,10226.316000000108,,
2020,138,83,221,Bi,False,,,,,,,
2020,137,84,221,Po,True,3561.0213999999687,9050.243400000036,,,,,
2020,136,85,221,At,True,5664.337400000077,9755.920400000177,5769.695400000084,,5627.853700000094,258.56270000035875,
2020,135,86,221,Rn,True,4211.952100000344,10500.626500000246,7193.370100000175,12787.95010000025,6162.990099999821,276.36660000053234,971.8939000004902
2020,134,87,221,Fr,True,6276.381199999712,11482.319099999964,4623.697200000053,11696.698199999984,6457.753599999938,444.75379999983124,1666.5577000000048
2020,133,88,221,Ra,True,5379.541199999861,12572.615199999884,5807.419199999655,10443.409599999897,6880.386100000236,699.3420999997761,2286.988999999827
2020,132,89,221,Ac,True,7284.03190000006,13181.15280000004,3030.023899999913,8663.839799999958,7791.475499999942,332.533000000054,1892.4605999998748
2020,131,90,221,Th,True,5820.935999999987,13665.499499999918,4092.814000000246,7031.880000000121,8625.465799999889,-31.656299999915063,1559.2987000001594
2020,130,91,221,Pa,True,7974.770899999887,14350.931199999759,1603.5708999997005,5772.569799999939,9247.705100000137,170.96899999957532,1478.2644999995828
2020,129,92,221,U,True,,14918.575600000098,3047.3549000001512,4520.718399999896,9889.306000000099,301.21320000011474,
2020,128,93,221,Np,False,,,,,,,
2020,127,94,221,Pu,False,,,,,,,
2020,139,83,222,Bi,False,,,,,,,
2020,138,84,222,Po,True,5358.809399999911,8919.83079999988,,,,,
2020,137,85,222,At,True,3901.028200000059,9565.365600000136,6109.702200000174,,5312.07480000006,180.72760000033304,
2020,136,86,222,Rn,True,6170.704099999741,10382.656200000085,7699.736799999839,13469.432199999923,5590.402200000128,313.14280000003055,1345.3459999999031
2020,135,87,222,Fr,True,4970.481600000057,11246.86279999977,5382.226699999766,12575.596799999941,5852.9546000000555,474.75359999970533,1853.7083999998868
2020,134,88,222,Ra,True,6714.989000000292,12094.530200000154,6246.027000000235,10869.724200000288,6677.882799999788,457.51200000033714,1967.1636000005528
2020,133,89,222,Ac,True,5980.571100000059,13264.60300000012,3631.0538000001106,9438.472999999765,7137.446800000034,734.3248000000603,2101.0971999997273
2020,132,90,222,Th,True,7808.198399999877,13629.134399999864,4616.980500000063,7647.004399999976,8132.573799999896,279.04799999995157,1608.7260000000242
2020,131,91,222,Pa,True,6381.901700000046,14356.672599999933,2164.5365999997593,6257.350600000005,8788.591800000286,12.04439999978058,1647.3143999997992
2020,130,92,222,U,True,8318.489299999783,,3391.0733000000473,4994.644199999748,9481.177000000142,,
2020,129,93,222,Np,True,,15343.012600000016,534.3256999999285,3581.6806000000797,10200.156799999997,-42.01560000004247,
2020,128,94,222,Pu,False,,,,,,,
2020,140,83,223,Bi,False,,,,,,,
2020,139,84,223,Po,False,,,,,,,
2020,138,85,223,At,True,5596.32949999976,9497.357699999819,6347.222300000023,,,,
2020,137,86,223,Rn,True,4053.555799999973,10224.259899999714,7852.264399999753,13961.966599999927,5283.452400000067,226.04339999961667,987.3375999999698
2020,136,87,223,Fr,True,6067.083700000076,11037.565300000133,5278.606300000101,12978.34309999994,5561.398899999913,333.20180000015534,1655.3645999999717
2020,135,88,223,Ra,True,5158.284099999815,11873.273100000108,6433.829499999993,11816.056199999759,5978.979700000025,490.44040000019595,2315.055999999866
2020,134,89,223,Ac,True,6868.048699999927,12848.619799999986,3784.113499999745,10030.14049999998,6783.202800000086,518.216499999864,1983.7821999997832
2020,133,90,223,Th,True,5888.957399999956,13697.155799999833,4525.36679999996,8156.42060000007,7566.626600000076,479.30309999990277,1565.0878999999259
2020,132,91,223,Pa,True,7798.060500000138,14179.962200000184,2154.3987000000197,6771.379200000083,8343.130399999907,56.363300000084564,1473.9228000000585
2020,131,92,223,U,True,6298.873100000201,14617.362399999984,3308.0447000002023,5472.581299999962,9157.58160000015,-198.5448000000324,
2020,130,93,223,Np,True,8687.395600000164,,903.2320000003092,4294.3053000003565,9650.425899999915,,
2020,129,94,223,Pu,False,,,,,,,
2020,128,95,223,Am,False,,,,,,,
2020,141,83,224,Bi,False,,,,,,,
2020,140,84,224,Po,False,,,,,,,
2020,139,85,224,At,True,3788.308500000043,9384.637999999803,,,,,
2020,138,86,224,Rn,True,6015.957600000082,10069.513400000054,8271.892500000075,14619.114800000098,4756.716800000053,228.98620000015944,1263.6548000001349
2020,137,87,224,Fr,True,4705.025499999989,10772.109200000064,5930.076000000117,13782.34039999987,4947.956400000025,401.38440000009723,1764.9795999999624
2020,136,88,224,Ra,True,6478.7341000000015,11637.018199999817,6845.479899999918,12124.08620000002,5788.9199999999255,336.1309999998193,1917.965599999996
2020,135,89,224,Ac,True,5662.229500000132,12530.278200000059,4288.058900000062,10721.888400000054,6326.911200000206,462.6966000001412,1943.3978000001516
2020,134,90,224,Th,True,7461.128999999957,13350.086399999913,5118.44709999999,8902.560599999735,7298.571600000141,409.5081999998074,1657.83779999963
2020,133,91,224,Pa,True,6546.567700000014,14344.628200000152,2812.0090000000782,7337.375800000038,7693.683599999873,373.23520000022836,1713.9481999999844
2020,132,92,224,U,True,8373.895499999868,14672.768600000069,3883.879699999932,6038.278399999952,8628.249600000214,116.23780000000261,
2020,131,93,224,Np,True,6697.632599999895,15385.028200000059,1301.9915000000037,4610.036200000206,9328.953599999892,27.008600000059232,
2020,130,94,224,Pu,False,,,,,,,
2020,129,95,224,Am,False,,,,,,,
2020,141,84,225,Po,False,,,,,,,
2020,140,85,225,At,False,,,,,,,
2020,139,86,225,Rn,True,3982.2589000000153,9998.216500000097,8465.842900000047,,4335.479300000006,207.25740000000224,
2020,138,87,225,Fr,True,5999.337999999989,10704.363499999978,5913.456400000025,14185.3489000001,4612.9558000001125,423.55609999992885,1636.312099999981
2020,137,88,225,Ra,True,4904.09859999991,11382.832699999912,7044.55299999984,12974.628999999957,5096.7735000003595,424.6280999998562,2208.398299999768
2020,136,89,225,Ac,True,6668.17379999999,12330.403300000122,4477.49860000005,11322.978499999968,5935.118599999929,399.9814999999944,1938.1119999999646
2020,135,90,225,Th,True,5756.723699999973,13217.85269999993,5212.941299999831,9501.000199999893,6921.389100000029,569.7894999997225,1657.9140999997035
2020,134,91,225,Pa,True,7577.031200000085,14123.5989000001,2927.911200000206,8046.358300000196,7400.684299999848,454.6874000001699,1690.7966000002343
2020,133,92,225,U,True,6442.011700000148,14815.907200000016,3779.3237000000663,6591.3327000001445,8007.1739000000525,346.3011000000406,
2020,132,93,225,Np,True,8485.480699999956,15183.113299999852,1413.5767000000924,5297.456400000025,8818.243799999822,1.4090999998152256,
2020,131,94,225,Pu,False,,,,,,,
2020,130,95,225,Am,False,,,,,,,
2020,142,84,226,Po,False,,,,,,,
2020,141,85,226,At,False,,,,,,,
2020,140,86,226,Rn,True,5858.26829999988,9840.527199999895,,,3836.0204000000376,194.14839999983087,
2020,139,87,226,Fr,True,4371.386799999978,10370.724799999967,6302.584299999988,14768.427200000035,4142.597200000193,91.77239999989979,1564.5996000000741
2020,138,88,226,Ra,True,6396.788600000087,11300.887199999997,7442.003599999938,13355.459999999963,4870.689000000013,430.8715999999549,1880.8339999997988
2020,137,89,226,Ac,True,5399.407799999928,12067.581599999918,4972.807800000068,12017.360799999908,5506.192400000058,510.38999999989755,2053.8207999998704
2020,136,90,226,Th,True,7183.854500000132,12940.578200000105,5728.621999999974,10206.120600000024,6452.52360000019,371.18559999996796,1650.531199999852
2020,135,91,226,Pa,True,6394.361799999839,13971.392999999924,3565.5493000000715,8778.490599999903,6986.893600000069,718.7619999998715,
2020,134,92,226,U,True,8114.519099999918,14556.530800000066,4316.811599999899,7244.722800000105,7700.853200000012,305.08599999989383,1445.785200000042
2020,133,93,226,Np,True,6872.538900000043,15358.0196,1844.1038999999873,5623.427600000054,8327.606599999825,,
2020,132,94,226,Pu,False,,,,,,,
2020,131,95,226,Am,False,,,,,,,
2020,143,84,227,Po,False,,,,,,,
2020,142,85,227,At,False,,,,,,,
2020,141,86,227,Rn,True,3932.690800000215,9790.959100000095,,,,124.89240000024438,
2020,140,87,227,Fr,True,5909.42060000007,10280.807400000049,6353.736600000178,,3829.5060999998823,123.98280000011437,
2020,139,88,227,Ra,True,4561.415999999968,10958.204600000056,7632.032799999928,13934.617099999916,4362.8288000000175,200.05440000002272,1764.7276999999303
2020,138,89,227,Ac,True,6531.014000000199,11930.421800000127,5107.03320000018,12549.036800000118,5042.262099999934,628.2152000002097,2018.4228000000585
2020,137,90,227,Th,True,5464.208700000076,12648.063200000208,5793.422900000121,10766.23070000019,6146.598999999929,286.19990000035614,1594.1542000002228
2020,136,91,227,Pa,True,7274.5497000000905,13668.91149999993,3656.24450000003,9384.866500000004,6580.392599999905,592.7421999997459,1777.9270999999717
2020,135,92,227,U,True,6355.087000000058,14469.606099999975,4277.536800000118,7843.08610000019,7234.72359999991,492.5524999999907,1615.0261000003666
2020,134,93,227,Np,True,8309.165299999993,15181.704200000037,2038.750100000063,6355.561699999962,7816.501799999969,261.41500000003725,1379.0020999999251
2020,133,94,227,Pu,False,,,,,,,
2020,132,95,227,Am,False,,,,,,,
2020,143,85,228,At,False,,,,,,,
2020,142,86,228,Rn,True,5713.687999999849,9646.378800000064,,,,,
2020,141,87,228,Fr,True,4369.531799999997,10278.952400000067,6790.5775999999605,,3248.282799999928,238.8656000001356,
2020,140,88,228,Ra,True,6308.599600000074,10870.015600000042,8031.211799999932,14384.94840000011,4070.186800000025,303.4928000001237,1729.3356000001077
2020,139,89,228,Ac,True,5026.177599999821,11557.19160000002,5571.794800000032,13203.82759999996,4721.110000000102,358.2839999999851,1904.777999999933
2020,138,90,228,Th,True,7105.183900000062,12569.392600000137,6367.592799999984,11474.626000000164,5520.149199999869,518.3902000002563,1740.8046000003815
2020,137,91,228,Pa,True,5978.081299999962,13252.631000000052,4170.117099999916,9963.540000000037,6264.540800000075,359.9298000000417,1698.5997999999672
2020,136,92,228,U,True,7896.357800000114,14251.444800000172,4899.344900000142,8555.589400000172,6799.494799999753,503.82020000042394,1689.81780000031
2020,135,93,228,Np,False,,,,,,,
2020,134,94,228,Pu,True,,,3760.1875,5798.937600000063,7940.193999999901,,
2020,133,95,228,Am,False,,,,,,,
2020,144,85,229,At,False,,,,,,,
2020,143,86,229,Rn,True,3952.378700000001,9666.06669999985,,,,,
2020,142,87,229,Fr,True,5787.292799999937,10156.824599999934,6864.182400000049,,,426.5186999998987,
2020,141,88,229,Ra,True,4449.550599999959,10758.150200000033,8111.2305999998935,14901.808199999854,3602.8951000000816,270.0341999998782,1577.7051999997348
2020,140,89,229,Ac,True,6276.029000000097,11302.206599999918,5539.224200000055,13570.435999999987,4444.418999999994,232.47919999994338,1726.8817000000272
2020,139,90,229,Th,True,5256.67939999979,12361.863299999852,6598.094599999953,12169.889399999985,5167.568399999989,449.4994999996852,1812.3634999999776
2020,138,91,229,Pa,True,7098.088000000222,13076.169300000183,4163.021200000076,10530.61400000006,5834.626599999843,461.02240000036545,1679.5197000002954
2020,137,92,229,U,True,6080.69579999987,13977.053599999985,5001.959400000051,9172.076499999966,6475.522699999856,429.74090000009164,1692.094299999997
2020,136,93,229,Np,True,,14920.2892,2707.59449999989,7606.939400000032,7019.811500000069,599.9650000000838,
2020,135,94,229,Pu,True,6784.209399999818,,,6228.059999999823,7597.996300000232,,
2020,134,95,229,Am,True,,,1216.3721000000369,4976.559600000037,8137.398599999957,,
2020,144,86,230,Rn,False,,,,,,,
2020,143,87,230,Fr,True,4252.793999999994,10040.086799999932,7164.597700000042,,,483.5235999999568,
2020,142,88,230,Ra,True,6116.97219999996,10566.522799999919,8440.909999999916,15305.092399999965,3344.191200000001,404.53799999994226,1657.562799999956
2020,141,89,230,Ac,True,4922.878599999938,11198.907600000035,6012.552200000035,14123.782799999928,3892.9272000000346,372.31560000008903,1654.0043999999762
2020,140,90,230,Th,True,6794.323000000091,12051.002399999881,7116.3885999999475,12655.612800000003,4770.033999999985,492.56279999995604,1824.5859999998938
2020,139,91,230,Pa,True,5794.613199999789,12892.70120000001,4700.9550000000745,11299.049600000028,5439.4211999999825,523.064800000051,
2020,138,92,230,U,True,7666.928799999878,13747.624599999748,5570.800199999707,9733.821399999782,5992.44840000011,599.4167999995407,1901.7775999996811
2020,137,93,230,Np,True,6636.0821,,3262.9808000000194,8264.94020000007,6778.091199999908,,
2020,136,94,230,Pu,True,8534.069400000153,15318.278799999971,4158.177099999972,6865.771599999862,7178.445999999996,604.3819999999832,
2020,135,95,230,Am,False,,,,,,,
2020,145,86,231,Rn,False,,,,,,,
2020,144,87,231,Fr,True,5477.511900000041,9730.305900000036,,,,427.14039999991655,
2020,143,88,231,Ra,True,4371.1438000001945,10488.116000000155,8559.259800000116,15723.857500000158,2905.7382000000216,463.06660000025295,1661.0812000003643
2020,142,89,231,Ac,True,6146.848800000036,11069.727399999974,6042.428800000111,14483.338800000027,3655.499000000069,472.2894999999553,1631.9520999998786
2020,141,90,231,Th,True,5118.040800000075,11912.363800000167,7311.550800000085,13324.10300000012,4213.409199999878,685.5745000003371,1849.471600000048
2020,140,91,231,Pa,True,6820.533700000029,12615.146899999818,4727.165700000012,11843.55429999996,5149.901500000153,537.587099999655,1789.8092000000179
2020,139,92,231,U,True,5880.383900000015,13547.312699999893,5656.570899999933,10357.525900000008,5576.273200000171,517.8433999996632,2025.4763999998104
2020,138,93,231,Np,True,7684.242099999916,14320.324199999915,3280.2941000000574,8851.094299999764,6368.398800000083,502.5264999999199,
2020,137,94,231,Pu,True,6694.906399999978,15228.975800000131,4217.00139999995,7479.982199999969,6838.626600000076,829.5958000000101,1886.7905999999493
2020,136,95,231,Am,False,,,,,,,
2020,135,96,231,Cm,False,,,,,,,
2020,145,87,232,Fr,True,4079.0512999999337,9556.563199999975,,,,,
2020,144,88,232,Ra,True,5790.840999999782,10161.984799999977,8872.588899999857,,2828.5852000000887,453.0089999998454,
2020,143,89,232,Ac,True,4679.74319999991,10826.591999999946,6351.028199999826,14910.287999999942,3345.287600000156,370.72619999968447,1516.7861999999732
2020,142,90,232,Th,True,6440.39879999985,11558.439599999925,7605.100799999898,13647.529600000009,4081.6100000001024,582.0473999998067,1767.8271999999415
2020,141,91,232,Pa,True,5549.10269999993,12369.63639999996,5158.227599999867,12469.778399999952,4626.976400000043,619.3209999999963,1900.1099999998696
2020,140,92,232,U,True,7267.823900000192,13148.207800000207,6103.8611000000965,10831.026800000109,5413.63320000004,541.0926000003237,1993.628200000152
2020,139,93,232,Np,False,,,,,,,
2020,138,94,232,Pu,True,8018.99040000001,14713.896799999988,4551.749700000044,7832.043800000101,6715.994000000181,560.3341999999247,1615.597400000086
2020,137,95,232,Am,False,,,,,,,
2020,136,96,232,Cm,False,,,,,,,
2020,146,87,233,Fr,True,5224.1142000001855,9303.16550000012,,,,,
2020,145,88,233,Ra,True,4234.20840000012,10025.049399999902,9027.746000000043,,2546.75549999997,,
2020,144,89,233,Ac,True,5917.694700000109,10597.437900000019,6477.881900000153,15350.47080000001,3214.8856999999844,503.91809999989346,1753.3830000001471
2020,143,90,233,Th,True,4786.3904999999795,11226.78929999983,7711.748099999968,14062.776299999794,3744.7701000000816,370.26439999975264,1671.959899999667
2020,142,91,233,Pa,True,6528.4571000002325,12077.559800000163,5246.28590000025,12851.386700000148,4374.548299999908,734.4208000004292,1827.0957000004128
2020,141,92,233,U,True,5761.645400000038,13029.46930000023,6316.403800000204,11474.631400000071,4908.6671999997925,886.4950000003446,2159.9291000002995
2020,140,93,233,Np,True,,13817.797699999996,3949.8839999998454,10053.745099999942,5626.7704000002705,769.6920000000391,2151.880899999989
2020,139,94,233,Pu,True,6380.389600000111,14399.380000000121,,8332.049500000197,6416.30019999994,387.257900000317,
2020,138,95,233,Am,False,,,,,,,
2020,137,96,233,Cm,True,,,,5593.19160000002,7473.494999999879,,
2020,136,97,233,Bk,False,,,,,,,
2020,146,88,234,Ra,True,5474.767400000012,9708.975800000131,9278.399199999869,,,,
2020,145,89,234,Ac,True,4538.171100000152,10455.865800000262,6781.844600000186,15809.590600000229,2929.5085999998264,693.0328000003938,1724.4176000002772
2020,144,90,234,Th,True,6190.001700000139,10976.392200000118,7984.055099999998,14461.93700000015,3671.7405999999028,475.9892000001855,1715.6164000004064
2020,143,91,234,Pa,True,5221.858299999731,11750.315399999963,5681.753700000001,13393.501799999969,4075.568600000115,602.7783999997191,1854.7948000000324
2020,142,92,234,U,True,6845.469799999846,12607.115199999884,6633.4164999998175,11879.702400000067,4857.520400000038,764.1048000000883,2058.31520000007
2020,141,93,234,Np,True,6065.026000000071,,4253.264599999879,10569.668400000082,5356.357599999988,,
2020,140,94,234,Pu,True,7773.172999999952,14153.562600000063,4887.514600000111,8837.398599999957,6310.055999999866,562.4588000001386,1762.3019999999087
2020,139,95,234,Am,False,,,,,,,
2020,138,96,234,Cm,True,8642.245200000005,,,6216.446400000015,7365.319200000027,,
2020,137,97,234,Bk,False,,,,,,,
2020,147,88,235,Ra,False,,,,,,,
2020,146,89,235,Ac,True,5555.348699999973,10093.519800000126,6862.4259000001475,16140.825100000016,2851.6717999998946,,1733.34970000037
2020,145,90,235,Th,True,4666.523199999938,10856.524900000077,8112.407199999783,14894.251799999969,3376.3612000001594,651.219800000079,1688.6925999999512
2020,144,91,235,Pa,True,6121.280700000003,11343.138999999734,5613.032699999865,13597.087799999863,4101.136700000148,439.23159999982454,1601.8427999997512
2020,143,92,235,U,True,5297.504500000039,12142.974299999885,6709.062700000126,12390.816400000127,4678.056700000074,471.70659999991767,1985.7686000000685
2020,142,93,235,Np,True,6983.079699999886,13048.105699999956,4390.874499999918,11024.290999999736,5193.811600000132,734.0126999998465,
2020,141,94,235,Pu,True,6238.9490999998525,14012.122099999804,5061.437699999893,9314.702299999772,5951.490800000029,778.8022999996319,1801.5670999996364
2020,140,95,235,Am,True,,,3014.3495999998413,7901.864199999953,6576.000500000082,,
2020,139,96,235,Cm,False,,,,,,,
2020,138,97,235,Bk,False,,,,,,,
2020,147,89,236,Ac,True,4207.484299999895,9762.832999999868,,,2723.2387999999337,,
2020,146,90,236,Th,True,5833.879799999995,10500.402999999933,8390.938299999805,15253.364199999953,3333.3223999999464,,1727.9654000001028
2020,145,91,236,Pa,True,5026.256300000241,11147.537000000244,5972.765800000168,14085.172999999952,3754.623599999817,564.9736000003759,1627.8598000002094
2020,144,92,236,U,True,6545.505899999756,11843.010399999795,7133.287899999879,12746.320599999744,4572.949600000167,563.5291999997571,1886.9331999996211
2020,143,93,236,Np,True,5736.274299999932,12719.353999999817,4829.644299999811,11538.706999999937,5006.64000000013,653.2107999997679,2004.0983999997843
2020,142,94,236,Pu,True,7352.154700000072,13591.103799999924,5430.512700000079,9821.387199999997,5867.160000000149,710.093200000003,1787.127600000007
2020,141,95,236,Am,False,,,,,,,
2020,140,96,236,Cm,True,,15012.212800000096,4060.7470000002068,7075.096600000048,7067.003199999919,461.9460000002291,
2020,139,97,236,Bk,False,,,,,,,
2020,148,89,237,Ac,False,,,,,,,
2020,147,90,237,Th,True,4371.425300000003,10205.305099999998,8554.879299999913,,3196.1055000000633,,
2020,146,91,237,Pa,True,5877.651099999668,10903.90739999991,6016.537099999841,14407.475399999646,3794.667200000258,,1612.8972999993712
2020,145,92,237,U,True,5125.761800000211,11671.267699999968,7232.7933999998495,13205.559200000018,4233.578299999936,711.1703000001144,1825.7061000000685
2020,144,93,237,Np,True,6577.818700000178,12314.09300000011,4861.9571000002325,11995.245000000112,4957.278400000185,610.8525000000373,1936.0616000001319
2020,143,94,237,Pu,True,5881.1651000001,13233.319800000172,5575.403500000248,10405.047800000058,5747.640300000086,587.2468000003137,1882.3940000003204
2020,142,95,237,Am,False,,,,,,,
2020,141,96,237,Cm,True,6676.98769999994,,,7513.135200000135,6770.405100000091,,
2020,140,97,237,Bk,False,,,,,,,
2020,139,98,237,Cf,True,,,,,8220.012499999953,,
2020,148,90,238,Th,False,,,,,,,
2020,147,91,238,Pa,True,4704.9123000002,10582.563399999868,6350.024100000039,14904.903399999952,3627.9260000002105,,1749.157600000035
2020,146,92,238,U,True,6153.719399999827,11279.481200000038,7508.861700000009,13525.39879999985,4269.860600000247,544.5967999999411,1765.0423999996856
2020,145,93,238,Np,True,5488.3244999998715,12066.14320000005,5224.519799999893,12457.313199999742,4690.812200000044,785.1472000000067,1934.8851999996696
2020,144,94,238,Pu,True,6999.845499999821,12881.010599999921,5997.430299999891,10859.387400000123,5593.264600000111,700.560399999842,1842.5211999998428
2020,143,95,238,Am,True,,,3959.2050999999046,9534.608600000152,6041.69980000006,,
2020,142,96,238,Cm,True,7873.279099999927,14550.266799999867,,8034.25959999999,6670.2990000001155,686.649599999655,1999.8504000001121
2020,141,97,238,Bk,False,,,,,,,
2020,140,98,238,Cf,False,,,,,,,
2020,149,90,239,Th,False,,,,,,,
2020,148,91,239,Pa,False,,,,,,,
2020,147,92,239,U,True,4806.378000000026,10960.097399999853,7610.327399999835,13960.351499999873,4130.005800000159,,1764.8455999996513
2020,146,93,239,Np,True,6214.916000000201,11703.240500000073,5285.716400000267,12794.578100000275,4597.176899999846,564.7259000001941,1839.9706000003498
2020,145,94,239,Pu,True,5646.227500000037,12646.072999999858,6155.333300000057,11379.85309999995,5244.541600000113,870.3227999997325,1915.4616000000387
2020,144,95,239,Am,True,7102.393500000006,,4061.753100000089,10059.18339999998,5922.38599999994,,
2020,143,96,239,Cm,True,6369.559299999848,14242.838399999775,4563.4486999998335,8522.653799999738,6539.68880000012,655.0276999997441,
2020,142,97,239,Bk,False,,,,,,,
2020,141,98,239,Cf,False,,,,,,,
2020,140,99,239,Es,False,,,,,,,
2020,149,91,240,Pa,False,,,,,,,
2020,148,92,240,U,True,5928.506400000071,10734.884400000097,,,4035.379200000083,,
2020,147,93,240,Np,True,5066.079999999842,11280.996000000043,5545.418400000082,13155.745799999917,4557.353200000245,239.0116000000853,1729.5863999999128
2020,146,94,240,Pu,True,6534.222700000042,12180.45020000008,6474.639999999898,11760.356400000164,5255.8247999998275,629.3693999999668,1860.7804000002798
2020,145,95,240,Am,True,5951.569099999964,13053.96259999997,4367.094700000016,10522.428000000073,5707.091199999908,869.2351999999955,
2020,144,96,240,Cm,True,7494.057900000364,13863.617200000212,4955.1131000001915,9016.86620000028,6397.785599999828,800.4572000005282,2101.692000000272
2020,143,97,240,Bk,False,,,,,,,
2020,142,98,240,Cf,True,,,,6034.409199999878,7710.986400000285,,
2020,141,99,240,Es,False,,,,,,,
2020,150,91,241,Pa,False,,,,,,,
2020,149,92,241,U,False,,,,,,,
2020,148,93,241,Np,True,6072.434600000037,11138.514599999879,5689.346600000048,,4362.569699999876,,
2020,147,94,241,Pu,True,5241.527500000084,11775.750200000126,6650.08750000014,12195.505900000222,5140.059099999955,432.5556000000797,1844.383100000443
2020,146,95,241,Am,True,6647.095500000054,12598.664600000018,4479.967500000028,10954.607499999925,5637.814400000032,696.6935000000522,2131.9566999999806
2020,145,96,241,Cm,True,6093.752799999667,13587.810700000031,5097.296799999895,9464.39149999991,6185.197900000261,925.3292000000365,
2020,144,97,241,Bk,False,,,,,,,
2020,143,98,241,Cf,False,,,,,,,
2020,142,99,241,Es,False,,,,,,,
2020,141,100,241,Fm,False,,,,,,,
2020,150,92,242,U,False,,,,,,,
2020,149,93,242,Np,True,4969.549799999921,11041.984399999958,,,4097.932200000156,,
2020,148,94,242,Pu,True,6309.553300000029,11551.080800000113,6887.2062000001315,12576.55280000018,4984.225199999753,497.596000000136,1733.5668000003789
2020,147,95,242,Am,True,5537.63189999992,12184.727399999974,4776.071899999864,11426.159400000004,5588.506999999983,453.2007999997586,2094.031199999852
2020,146,96,242,Cm,True,6969.407200000016,13063.159999999683,5419.608499999857,9899.575999999885,6215.636200000066,568.6691999996547,1996.0427999997046
2020,145,97,242,Bk,False,,,,,,,
2020,144,98,242,Cf,True,,14744.382200000342,,6915.174200000009,7516.87099999981,692.8632000004873,
2020,143,99,242,Es,False,,,,,,,
2020,142,100,242,Fm,False,,,,,,,
2020,151,92,243,U,False,,,,,,,
2020,150,93,243,Np,False,,,,,,,
2020,149,94,243,Pu,True,5033.6413000000175,11343.194600000046,6951.297700000228,,4756.961899999762,624.1697000002023,
2020,148,95,243,Am,True,6364.339200000046,11901.971099999966,4830.8577999998815,11718.064000000013,5439.083800000139,484.7482000000309,1778.9015999999829
2020,147,96,243,Cm,True,5693.074299999978,12662.481499999994,5575.050899999915,10351.122799999779,6168.789400000125,342.4372999998741,1976.3870999997016
2020,146,97,243,Bk,True,,,3403.0423000000883,8822.650799999945,6874.347000000067,,
2020,145,98,243,Cf,False,,,,,,,
2020,144,99,243,Es,False,,,,,,,
2020,143,100,243,Fm,False,,,,,,,
2020,151,93,244,Np,False,,,,,,,
2020,150,94,244,Pu,True,6019.843499999959,11053.484799999977,,,4665.624799999874,499.5778000000864,
2020,149,95,244,Am,True,5367.18740000017,11731.526600000216,5164.403900000034,12115.701600000262,5137.97639999981,,1625.5586000003386
2020,148,96,244,Cm,True,6801.41650000005,12494.490800000029,6012.128199999919,10842.9859999998,5901.595600000117,516.935999999987,1903.4327999996021
2020,147,97,244,Bk,True,6047.109300000127,,3757.0773000002373,9332.128200000152,6778.806799999904,,1859.162400000263
2020,146,98,244,Cf,True,,14051.518999999855,4500.490900000092,7903.53320000018,7328.969200000167,521.0081999998074,2038.6776000002865
2020,145,99,244,Es,False,,,,,,,
2020,144,100,244,Fm,False,,,,,,,
2020,143,101,244,Md,False,,,,,,,
2020,152,93,245,Np,False,,,,,,,
2020,151,94,245,Pu,True,4699.181399999885,10719.024899999844,,,,,
2020,150,95,245,Am,True,6050.035499999765,11417.222899999935,5194.59589999984,,5160.375500000082,,
2020,149,96,245,Cm,True,5518.62770000007,12320.04420000012,6163.568499999819,11327.972399999853,5624.495400000131,705.9761000000872,1854.900299999863
2020,148,97,245,Bk,True,6971.373399999924,13018.482700000051,3927.034200000111,9939.16240000003,6454.528900000034,551.5981000000611,2125.8319000001065
2020,147,98,245,Cf,True,6164.276799999876,,4617.65839999984,8374.735700000077,7258.445199999958,,
2020,146,99,245,Es,False,,,,,,,
2020,145,100,245,Fm,False,,,,,,,
2020,144,101,245,Md,False,,,,,,,
2020,152,94,246,Pu,True,5854.725600000005,10553.90699999989,,,,,
2020,151,95,246,Am,False,,,,,,,
2020,150,96,246,Cm,True,6458.927099999972,11977.554800000042,6572.460100000026,11767.055999999866,5475.121600000188,610.751600000076,1810.1575999998022
2020,149,97,246,Bk,True,5918.168000000063,12889.541399999987,4326.574500000104,10490.142999999924,6073.992799999891,911.0224000001326,
2020,148,98,246,Cf,True,7366.234000000171,13530.510800000047,5012.5190000000875,8939.553200000199,6861.618399999803,535.6108000001404,2169.1804000004195
2020,147,99,246,Es,True,,,2855.307400000049,7472.965799999889,,,
2020,146,100,246,Fm,True,,,,5864.8555999998935,8379.287800000282,,
2020,145,101,246,Md,False,,,,,,,
2020,153,94,247,Pu,False,,,,,,,
2020,152,95,247,Am,False,,,,,,,
2020,151,96,247,Cm,True,5155.1410000000615,11614.068100000033,,12223.015600000042,5353.621900000144,689.0237000000197,1834.715599999996
2020,150,97,247,Bk,True,6548.716599999927,12466.88459999999,4416.36400000006,10988.824100000085,5889.61540000001,681.0531999999657,
2020,149,98,247,Cf,True,6052.146599999862,13418.380600000033,5146.497599999886,9473.07209999999,6502.5460999999195,889.0845999999437,2304.870600000024
2020,148,99,247,Es,True,7311.738099999959,,2800.811499999836,7813.330499999924,7463.849200000055,,1837.9458999999333
2020,147,100,247,Fm,False,,,,,,,
2020,146,101,247,Md,False,,,,,,,
2020,153,95,248,Am,False,,,,,,,
2020,152,96,248,Cm,True,6211.662199999904,11366.803199999966,,12579.952199999942,5161.803200000199,820.9949999998789,1779.5939999998081
2020,151,97,248,Bk,True,5429.802399999928,11978.518999999855,4691.025399999926,,5827.000400000252,656.8489999999292,
2020,150,98,248,Cf,True,6942.753400000045,12994.899999999907,5540.534400000004,9956.898400000064,6361.209199999925,784.6369999998715,2213.185400000075
2020,149,99,248,Es,False,,,,,,,
2020,148,100,248,Fm,True,,14436.027999999933,3969.561299999943,6770.372799999779,7994.778800000204,467.78779999981634,
2020,147,101,248,Md,False,,,,,,,
2020,146,102,248,No,False,,,,,,,
2020,154,95,249,Am,False,,,,,,,
2020,153,96,249,Cm,True,4713.382200000109,10925.044400000013,,,5147.602399999974,679.6951000001281,
2020,152,97,249,Bk,True,6356.029000000097,11785.831400000025,4835.3922000001185,,5521.00689999992,1024.8516999999993,
2020,151,98,249,Cf,True,5586.542600000044,12529.29600000009,5697.274600000121,10388.300000000047,6293.29429999995,798.8992000001017,2046.4283000000287
2020,150,99,249,Es,False,,,,,,,
2020,149,100,249,Fm,True,6449.975300000049,,,7168.2014999999665,7709.080300000031,,
2020,148,101,249,Md,True,,,2005.8233000000473,5975.38459999999,,,
2020,147,102,249,No,False,,,,,,,
2020,154,96,250,Cm,True,5832.425999999978,10545.808200000087,,,5169.902000000002,,
2020,153,97,250,Bk,True,4965.640999999829,11321.669999999925,5087.650999999838,,,,
2020,152,98,250,Cf,True,6623.720399999991,12210.263000000035,5964.966000000015,10800.358200000133,6128.500999999931,931.8932000002824,1868.688000000082
2020,151,99,250,Es,False,,,,,,,
2020,150,100,250,Fm,True,7518.264900000067,13968.240200000117,,7743.712999999989,7557.0494000001345,570.0200000000186,1964.9395999999251
2020,149,101,250,Md,True,6853.116900000023,,2408.964900000021,,8155.4228000000585,,
2020,148,102,250,No,False,,,,,,,
2020,155,96,251,Cm,True,4412.923299999908,10245.349299999885,,,,,
2020,154,97,251,Bk,True,5795.338700000197,10760.979700000025,5050.563700000057,,,,
2020,153,98,251,Cf,True,5106.676399999997,11730.396799999988,6106.001400000183,11193.65240000002,6176.965599999996,754.3340999998618,1826.2902000001632
2020,152,99,251,Es,True,,,3947.7591999999713,9912.725199999986,6597.105800000019,,
2020,151,100,251,Fm,True,6184.701300000073,13702.96620000014,,8341.871700000018,7424.494699999923,947.0789000003133,2163.8073000002187
2020,150,101,251,Md,True,7503.700500000035,14356.817400000058,2394.400499999989,,7963.460399999982,,
2020,149,102,251,No,False,,,,,,,
2020,148,103,251,Lr,False,,,,,,,
2020,156,96,252,Cm,False,,,,,,,
2020,155,97,252,Bk,False,,,,,,,
2020,154,98,252,Cf,True,6171.693399999756,11278.369799999753,6482.356099999743,11532.9197999998,6216.934400000144,442.5359999993816,1822.8901999995578
2020,153,99,252,Es,True,5288.25139999995,,4129.334199999925,10235.335600000108,6738.656799999997,,
2020,152,100,252,Fm,True,7213.518900000025,13398.220200000098,4983.91100000008,8931.670200000051,7153.729199999943,1341.4910000001546,2260.4268000000156
2020,151,101,252,Md,True,6570.963300000178,14074.663800000213,2780.662500000093,,,,
2020,150,102,252,No,True,,,3384.372900000075,5778.773400000064,8548.64879999985,,
2020,149,103,252,Lr,False,,,,,,,
2020,156,97,253,Bk,False,,,,,,,
2020,155,98,253,Cf,True,4804.36930000037,10976.062700000126,,11924.365800000262,6125.947299999883,,1845.349900000263
2020,154,99,253,Es,True,6355.4531000000425,11643.704499999993,4313.093900000211,10795.449999999953,6739.232700000051,579.8351999998558,2049.09719999996
2020,153,100,253,Fm,True,5542.368399999803,12755.887299999828,5238.027999999933,9367.362199999858,7197.903400000185,1068.1708999995608,2255.799299999606
2020,152,101,253,Md,False,,,,,,,
2020,151,102,253,No,True,6583.992299999809,,3397.401899999706,6178.064399999799,8414.63180000009,,
2020,150,103,253,Lr,True,,,1636.8555999998935,5021.228499999968,8917.616500000004,,
2020,149,104,253,Rf,False,,,,,,,
2020,157,97,254,Bk,False,,,,,,,
2020,156,98,254,Cf,True,6031.464500000002,10835.833800000371,,,5926.908799999859,,
2020,155,99,254,Es,True,5087.639899999835,11443.092999999877,4596.364499999676,,6617.233800000045,,
2020,154,100,254,Fm,True,6514.36080000014,12056.729199999943,5396.935700000031,9710.029600000242,7307.263000000035,496.3707999999169,2052.6216000001878
2020,153,101,254,Md,False,,,,,,,
2020,152,102,254,No,True,7706.697900000261,14290.69020000007,,6671.243400000036,8226.198799999896,1247.7964000001084,1591.9976000001188
2020,151,103,254,Lr,True,6948.918400000082,,2001.781700000167,5399.183599999873,8821.814999999944,,
2020,150,104,254,Rf,False,,,,,,,
2020,157,98,255,Cf,False,,,,,,,
2020,156,99,255,Es,True,5976.229400000302,11063.869300000137,4541.129399999976,,6436.34309999994,,
2020,155,100,255,Fm,True,5173.355600000126,11687.716400000267,5482.651400000323,10079.015899999999,7240.583799999906,334.73700000043027,1947.660000000149
2020,154,101,255,Md,True,,,3349.4170999999624,8746.352799999993,7905.605100000044,,
2020,153,102,255,No,True,5982.687900000019,13689.38580000028,,7111.562900000252,8428.21219999995,981.8764000004157,1588.0773000004701
2020,152,103,255,Lr,True,7769.8860999997705,14718.804499999853,2064.9698999996763,,8555.629400000209,,
2020,151,104,255,Rf,False,,,,,,,
2020,150,105,255,Db,False,,,,,,,
2020,158,98,256,Cf,False,,,,,,,
2020,157,99,256,Es,False,,,,,,,
2020,156,100,256,Fm,True,6387.0027999999,11560.358400000026,5893.424799999921,10434.554199999897,7025.274399999762,,
2020,155,101,256,Md,False,,,,,,,
2020,154,102,256,No,True,7060.205899999943,13042.893799999962,4307.990900000092,7657.408000000054,8581.525200000033,,1600.7598000001162
2020,153,103,256,Lr,True,6272.029500000179,14041.91559999995,2354.311499999836,,8854.563200000208,,
2020,152,104,256,Rf,True,,,3014.2759000002407,5079.245799999917,8925.726400000043,,
2020,151,105,256,Db,False,,,,,,,
2020,158,99,257,Es,False,,,,,,,
2020,157,100,257,Fm,True,4965.976599999936,11352.979399999836,,,6863.667100000195,,
2020,156,101,257,Md,True,,11992.225000000093,3781.283700000029,9674.70849999995,7557.084599999944,,
2020,155,102,257,No,True,5647.303499999922,12707.509399999864,,8131.3558999998495,8476.590099999914,397.20269999979064,
2020,154,103,257,Lr,False,,,,,,,
2020,153,104,257,Rf,True,6426.927699999884,,3169.1740999999456,5523.485599999782,9082.790999999968,,
2020,152,105,257,Db,True,,,1356.6774999999907,4370.953400000231,9205.904499999946,,
2020,159,99,258,Es,False,,,,,,,
2020,158,100,258,Fm,False,,,,,,,
2020,157,101,258,Md,True,5373.450500000035,,4188.757600000128,,7271.273999999743,,
2020,156,102,258,No,False,,,,,,,
2020,155,103,258,Lr,False,,,,,,,
2020,154,104,258,Rf,True,7593.368500000099,14020.296199999982,,6056.648199999938,9196.12040000013,,1681.846800000174
2020,153,105,258,Db,True,6717.90550000011,,1647.6553000002168,4816.829400000162,9436.917399999918,,
2020,152,106,258,Sg,False,,,,,,,
2020,159,100,259,Fm,False,,,,,,,
2020,158,101,259,Md,False,,,,,,,
2020,157,102,259,No,True,,12310.306700000074,4899.925599999959,9088.683200000087,7853.999800000107,,1749.5820000001695
2020,156,103,259,Lr,False,,,,,,,
2020,155,104,259,Rf,False,,,,,,,
2020,154,105,259,Db,True,7587.996000000043,14305.901500000153,1642.282800000161,,9618.807499999646,,
2020,153,106,259,Sg,False,,,,,,,
2020,160,100,260,Fm,False,,,,,,,
2020,159,101,260,Md,False,,,,,,,
2020,158,102,260,No,False,,,,,,,
2020,157,103,260,Lr,False,,,,,,,
2020,156,104,260,Rf,False,,,,,,,
2020,155,105,260,Db,False,,,,,,,
2020,154,106,260,Sg,True,,,2732.518599999603,4374.801399999764,9900.564800000284,,
2020,153,107,260,Bh,False,,,,,,,
2020,160,101,261,Md,False,,,,,,,
2020,159,102,261,No,False,,,,,,,
2020,158,103,261,Lr,False,,,,,,,
2020,157,104,261,Rf,True,,,,7339.101199999917,8646.25450000004,,
2020,156,105,261,Db,False,,,,,,,
2020,155,106,261,Sg,True,6613.7990000001155,,,,9713.693500000052,,
2020,154,107,261,Bh,True,,,757.0373000002,3489.555899999803,10500.205000000075,,
2020,161,101,262,Md,False,,,,,,,
2020,160,102,262,No,False,,,,,,,
2020,159,103,262,Lr,False,,,,,,,
2020,158,104,262,Rf,False,,,,,,,
2020,157,105,262,Db,False,,,,,,,
2020,156,106,262,Sg,True,7707.252200000221,14321.051200000336,,,9599.80979999993,,
2020,155,107,262,Bh,True,6898.602900000056,,1041.8412000001408,,10319.507600000128,,
2020,161,102,263,No,False,,,,,,,
2020,160,103,263,Lr,False,,,,,,,
2020,159,104,263,Rf,False,,,,,,,
2020,158,105,263,Db,False,,,,,,,
2020,157,106,263,Sg,False,,,,,,,
2020,156,107,263,Bh,False,,,,,,,
2020,155,108,263,Hs,False,,,,,,,
2020,162,102,264,No,False,,,,,,,
2020,161,103,264,Lr,False,,,,,,,
2020,160,104,264,Rf,False,,,,,,,
2020,159,105,264,Db,False,,,,,,,
2020,158,106,264,Sg,False,,,,,,,
2020,157,107,264,Bh,False,,,,,,,
2020,156,108,264,Hs,True,,,,3383.83359999978,10590.777599999914,,
2020,162,103,265,Lr,False,,,,,,,
2020,161,104,265,Rf,False,,,,,,,
2020,160,105,265,Db,False,,,,,,,
2020,159,106,265,Sg,False,,,,,,,
2020,158,107,265,Bh,False,,,,,,,
2020,157,108,265,Hs,True,6734.244200000074,,,,10470.332399999956,,
2020,156,109,265,Mt,False,,,,,,,
2020,163,103,266,Lr,False,,,,,,,
2020,162,104,266,Rf,False,,,,,,,
2020,161,105,266,Db,False,,,,,,,
2020,160,106,266,Sg,False,,,,,,,
2020,159,107,266,Bh,False,,,,,,,
2020,158,108,266,Hs,True,7831.891599999974,14566.135800000047,,,10345.693000000203,,
2020,157,109,266,Mt,True,,,516.5457999999635,,10995.627800000133,,
2020,163,104,267,Rf,False,,,,,,,
2020,162,105,267,Db,False,,,,,,,
2020,161,106,267,Sg,False,,,,,,,
2020,160,107,267,Bh,False,,,,,,,
2020,159,108,267,Hs,False,,,,,,,
2020,158,109,267,Mt,False,,,,,,,
2020,157,110,267,Ds,False,,,,,,,
2020,164,104,268,Rf,False,,,,,,,
2020,163,105,268,Db,False,,,,,,,
2020,162,106,268,Sg,False,,,,,,,
2020,161,107,268,Bh,False,,,,,,,
2020,160,108,268,Hs,False,,,,,,,
2020,159,109,268,Mt,False,,,,,,,
2020,158,110,268,Ds,False,,,,,,,
2020,164,105,269,Db,False,,,,,,,
2020,163,106,269,Sg,False,,,,,,,
2020,162,107,269,Bh,False,,,,,,,
2020,161,108,269,Hs,False,,,,,,,
2020,160,109,269,Mt,False,,,,,,,
2020,159,110,269,Ds,True,,,,,11509.501500000013,,
2020,165,105,270,Db,False,,,,,,,
2020,164,106,270,Sg,False,,,,,,,
2020,163,107,270,Bh,False,,,,,,,
2020,162,108,270,Hs,False,,,,,,,
2020,161,109,270,Mt,False,,,,,,,
2020,160,110,270,Ds,True,8224.396100000013,,,,11116.996999999974,,
2020,165,106,271,Sg,False,,,,,,,
2020,164,107,271,Bh,False,,,,,,,
2020,163,108,271,Hs,False,,,,,,,
2020,162,109,271,Mt,False,,,,,,,
2020,161,110,271,Ds,False,,,,,,,
2020,166,106,272,Sg,False,,,,,,,
2020,165,107,272,Bh,False,,,,,,,
2020,164,108,272,Hs,False,,,,,,,
2020,163,109,272,Mt,False,,,,,,,
2020,162,110,272,Ds,False,,,,,,,
2020,161,111,272,Rg,False,,,,,,,
2020,167,106,273,Sg,False,,,,,,,
2020,166,107,273,Bh,False,,,,,,,
2020,165,108,273,Hs,False,,,,,,,
2020,164,109,273,Mt,False,,,,,,,
2020,163,110,273,Ds,False,,,,,,,
2020,162,111,273,Rg,False,,,,,,,
2020,167,107,274,Bh,False,,,,,,,
2020,166,108,274,Hs,False,,,,,,,
2020,165,109,274,Mt,False,,,,,,,
2020,164,110,274,Ds,False,,,,,,,
2020,163,111,274,Rg,False,,,,,,,
2020,168,107,275,Bh,False,,,,,,,
2020,167,108,275,Hs,False,,,,,,,
2020,166,109,275,Mt,False,,,,,,,
2020,165,110,275,Ds,False,,,,,,,
2020,164,111,275,Rg,False,,,,,,,
2020,169,107,276,Bh,False,,,,,,,
2020,168,108,276,Hs,False,,,,,,,
2020,167,109,276,Mt,False,,,,,,,
2020,166,110,276,Ds,False,,,,,,,
2020,165,111,276,Rg,False,,,,,,,
2020,164,112,276,Cn,False,,,,,,,
2020,170,107,277,Bh,False,,,,,,,
2020,169,108,277,Hs,False,,,,,,,
2020,168,109,277,Mt,False,,,,,,,
2020,167,110,277,Ds,False,,,,,,,
2020,166,111,277,Rg,False,,,,,,,
2020,165,112,277,Cn,False,,,,,,,
2020,171,107,278,Bh,False,,,,,,,
2020,170,108,278,Hs,False,,,,,,,
2020,169,109,278,Mt,False,,,,,,,
2020,168,110,278,Ds,False,,,,,,,
2020,167,111,278,Rg,False,,,,,,,
2020,166,112,278,Cn,False,,,,,,,
2020,165,113,278,Nh,False,,,,,,,
2020,171,108,279,Hs,False,,,,,,,
2020,170,109,279,Mt,False,,,,,,,
2020,169,110,279,Ds,False,,,,,,,
2020,168,111,279,Rg,False,,,,,,,
2020,167,112,279,Cn,False,,,,,,,
2020,166,113,279,Nh,False,,,,,,,
2020,172,108,280,Hs,False,,,,,,,
2020,171,109,280,Mt,False,,,,,,,
2020,170,110,280,Ds,False,,,,,,,
2020,169,111,280,Rg,False,,,,,,,
2020,168,112,280,Cn,False,,,,,,,
2020,167,113,280,Nh,False,,,,,,,
2020,172,109,281,Mt,False,,,,,,,
2020,171,110,281,Ds,False,,,,,,,
2020,170,111,281,Rg,False,,,,,,,
2020,169,112,281,Cn,False,,,,,,,
2020,168,113,281,Nh,False,,,,,,,
2020,173,109,282,Mt,False,,,,,,,
2020,172,110,282,Ds,False,,,,,,,
2020,171,111,282,Rg,False,,,,,,,
2020,170,112,282,Cn,False,,,,,,,
2020,169,113,282,Nh,False,,,,,,,
2020,173,110,283,Ds,False,,,,,,,
2020,172,111,283,Rg,False,,,,,,,
2020,171,112,283,Cn,False,,,,,,,
2020,170,113,283,Nh,False,,,,,,,
2020,174,110,284,Ds,False,,,,,,,
2020,173,111,284,Rg,False,,,,,,,
2020,172,112,284,Cn,False,,,,,,,
2020,171,113,284,Nh,False,,,,,,,
2020,170,114,284,Fl,False,,,,,,,
2020,174,111,285,Rg,False,,,,,,,
2020,173,112,285,Cn,False,,,,,,,
2020,172,113,285,Nh,False,,,,,,,
2020,171,114,285,Fl,False,,,,,,,
2020,175,111,286,Rg,False,,,,,,,
2020,174,112,286,Cn,False,,,,,,,
2020,173,113,286,Nh,False,,,,,,,
2020,172,114,286,Fl,False,,,,,,,
2020,175,112,287,Cn,False,,,,,,,
2020,174,113,287,Nh,False,,,,,,,
2020,173,114,287,Fl,False,,,,,,,
2020,172,115,287,Mc,False,,,,,,,
2020,176,112,288,Cn,False,,,,,,,
2020,175,113,288,Nh,False,,,,,,,
2020,174,114,288,Fl,False,,,,,,,
2020,173,115,288,Mc,False,,,,,,,
2020,176,113,289,Nh,False,,,,,,,
2020,175,114,289,Fl,False,,,,,,,
2020,174,115,289,Mc,False,,,,,,,
2020,173,116,289,Lv,False,,,,,,,
2020,177,113,290,Nh,False,,,,,,,
2020,176,114,290,Fl,False,,,,,,,
2020,175,115,290,Mc,False,,,,,,,
2020,174,116,290,Lv,False,,,,,,,
2020,177,114,291,Fl,False,,,,,,,
2020,176,115,291,Mc,False,,,,,,,
2020,175,116,291,Lv,False,,,,,,,
2020,174,117,291,Ts,False,,,,,,,
2020,177,115,292,Mc,False,,,,,,,
2020,176,116,292,Lv,False,,,,,,,
2020,175,117,292,Ts,False,,,,,,,
2020,177,116,293,Lv,False,,,,,,,
2020,176,117,293,Ts,False,,,,,,,
2020,175,118,293,Og,False,,,,,,,
2020,177,117,294,Ts,False,,,,,,,
2020,176,118,294,Og,False,,,,,,,
2020,177,118,295,Og,False,,,,,,,
