vintage,kind,N,Z,A,element,Sn_keV,Sn_unc_keV,Sn_estimated,Sp_keV,Sp_unc_keV,Sp_estimated,Q4beta_keV,Q4beta_unc_keV,Q4beta_estimated,Qda_keV,Qda_unc_keV,Qda_estimated,Qpa_keV,Qpa_unc_keV,Qpa_estimated,Qna_keV,Qna_unc_keV,Qna_estimated,raw_line
2012,rct2,1,0,1,n,0.0,0.0,False,,,False,,,False,,,False,,,False,,,False,0  1  n   0       0.0     0.0       *                 *                 *                 *                 *           
2012,rct2,0,1,1,H,,,False,0.0,0.0,False,,,False,,,False,,,False,,,False,   1 H    1       *                 0.0     0.0       *                 *                 *                 *           
2012,rct2,1,1,2,H,2224.57,0.0,False,2224.57,0.0,False,,,False,23846.53,0.0,False,,,False,,,False,0  2 H    1    2224.57    0.00   2224.57    0.00      *             23846.53    0.00      *                 *           
2012,rct2,2,1,3,H,6257.23,0.0,False,,,False,,,False,17589.3,0.0,False,19813.86,0.0,False,,,False,0  3 H    1    6257.23    0.00      *                 *             17589.30    0.00  19813.86    0.00      *           
2012,rct2,1,2,3,He,,,False,5493.48,0.0,False,,,False,18353.05,0.0,False,,,False,20577.62,0.0,False,   3 He   2       *              5493.48    0.00      *             18353.05    0.00      *             20577.62    0.00
2012,rct2,0,3,3,Li,,,False,,,False,,,False,,,False,,,False,,,False,   3 Li   3       *                 *                 *                 *                 *                 *           
2012,rct2,3,1,4,H,-1600.0,100.0,False,,,False,,,False,,,False,21413.86,100.0,False,,,False,0  4 H    1   -1600.00  100.00      *                 *                 *             21413.86  100.00      *           
2012,rct2,2,2,4,He,20577.62,0.0,False,19813.86,0.0,False,,,False,0.0,0.0,False,0.0,0.0,False,0.0,0.0,False,   4 He   2   20577.62    0.00  19813.86    0.00      *                 0.0     0.0       0.0     0.0       0.0     0.0 
2012,rct2,1,3,4,Li,11415.0,2011.0,True,-3103.0,212.13,False,,,False,,,False,,,False,23680.62,212.13,False,   4 Li   3   11415#   2011#    -3103.00  212.13      *                 *                 *             23680.62  212.13
2012,rct2,4,1,5,H,-200.0,134.16,False,,,False,,,False,,,False,,,False,,,False,0  5 H    1    -200.00  134.16      *                 *                 *                 *                 *           
2012,rct2,3,2,5,He,-735.0,20.0,False,20678.86,101.98,False,,,False,6992.23,20.0,False,2959.57,20.0,False,,,False,   5 He   2    -735.00   20.00  20678.86  101.98      *              6992.23   20.00   2959.57   20.00      *           
2012,rct2,2,3,5,Li,21715.62,217.94,False,-1965.0,50.0,False,,,False,7458.48,50.0,False,,,False,4189.57,50.0,False,   5 Li   3   21715.62  217.94  -1965.00   50.00      *              7458.48   50.00      *              4189.57   50.00
2012,rct2,1,4,5,Be,,,False,-4527.0,2014.0,True,,,False,19183.0,2830.0,True,,,False,,,False,   5 Be   4       *             -4527#   2014#        *             19183#   2830#        *                 *           
2012,rct2,5,1,6,H,-911.96,269.41,False,,,False,-5444.0,2019.0,True,,,False,,,False,,,False,0  6 H    1    -911.96  269.41      *             -5444#   2019#        *                 *                 *           
2012,rct2,4,2,6,He,1710.45,20.0,False,22589.32,89.44,False,,,False,3681.78,100.0,False,7506.34,0.05,False,,,False,   6 He   2    1710.45   20.00  22589.32   89.44      *              3681.78  100.00   7506.34    0.05      *           
2012,rct2,3,3,6,Li,5663.32,50.0,False,4433.32,20.0,False,,,False,22372.77,0.0,False,4019.72,0.0,False,4783.47,0.0,False,   6 Li   3    5663.32   50.00   4433.32   20.00      *             22372.77    0.00   4019.72    0.00   4783.47    0.00
2012,rct2,2,4,6,Be,26835.0,2003.0,True,592.82,50.3,False,,,False,3762.65,212.2,False,-5428.0,2000.0,True,9090.22,5.45,False,   6 Be   4   26835#   2003#      592.82   50.30      *              3762.65  212.20  -5428#   2000#     9090.22    5.45
2012,rct2,1,5,6,B,,,False,-2892.0,2832.0,True,,,False,,,False,,,False,24299.0,2830.0,True,   6 B    5       *             -2892#   2832#        *                 *                 *             24299#   2830#  
2012,rct2,6,1,7,H,812.0,1036.0,True,,,False,21459.0,1004.0,True,,,False,,,False,,,False,0  7 H    1     812#   1036#        *             21459#   1004#        *                 *                 *           
2012,rct2,5,2,7,He,-409.71,7.56,False,23091.56,254.24,False,,,False,3891.49,89.76,False,6316.06,100.29,False,,,False,   7 He   2    -409.71    7.56  23091.56  254.24      *              3891.49   89.76   6316.06  100.29      *           
2012,rct2,4,3,7,Li,7251.09,0.0,False,9973.96,0.05,False,,,False,14386.68,20.0,False,17346.24,0.0,False,-4067.62,100.0,False,   7 Li   3    7251.09    0.00   9973.96    0.05      *             14386.68   20.00  17346.24    0.00  -4067.62  100.00
2012,rct2,3,4,7,Be,10677.35,5.45,False,5606.85,0.07,False,,,False,14800.92,50.0,False,-4690.13,212.13,False,18990.48,0.07,False,   7 Be   4   10677.35    5.45   5606.85    0.07      *             14800.92   50.00  -4690.13  212.13  18990.48    0.07
2012,rct2,2,5,7,B,27715.0,2003.0,True,-2012.55,25.73,False,,,False,1249.0,2003.0,True,,,False,7999.77,213.62,False,   7 B    5   27715#   2003#    -2012.55   25.73      *              1249#   2003#        *              7999.77  213.62
2012,rct2,6,2,8,He,2534.76,7.56,False,24814.0,1004.0,True,-3454.59,18.24,False,444.77,254.13,False,3581.3,89.44,False,,,False,0  8 He   2    2534.76    7.56  24814#   1004#    -3454.59   18.24    444.77  254.13   3581.30   89.44      *           
2012,rct2,5,3,8,Li,2032.62,0.05,False,12416.29,7.56,False,,,False,14064.51,0.07,False,14578.63,20.0,False,-6300.24,89.44,False,   8 Li   3    2032.62    0.05  12416.29    7.56      *             14064.51    0.07  14578.63   20.00  -6300.24   89.44
2012,rct2,4,4,8,Be,18898.64,0.08,False,17254.4,0.04,False,,,False,1565.6,0.04,False,-1873.16,50.0,False,-643.16,20.0,False,   8 Be   4   18898.64    0.08  17254.40    0.04      *              1565.60    0.04  -1873.16   50.00   -643.16   20.00
2012,rct2,3,5,8,B,12826.29,25.17,False,136.39,1.0,False,,,False,15257.35,5.54,False,-9353.0,2003.0,True,16889.09,50.01,False,   8 B    5   12826.29   25.17    136.39    1.00      *             15257.35    5.54  -9353#   2003#    16889.09   50.01
2012,rct2,2,6,8,C,,,False,-98.75,31.07,False,,,False,-1545.0,2003.0,True,,,False,3572.0,2003.0,True,   8 C    6       *               -98.75   31.07      *             -1545#   2003#        *              3572#   2003#  
2012,rct2,7,2,9,He,-1254.9,46.82,False,,,False,12024.93,46.87,False,2512.0,1005.0,True,3924.23,258.4,False,,,False,0  9 He   2   -1254.90   46.82      *             12024.93   46.87   2512#   1005#     3924.23  258.40      *           
2012,rct2,6,3,9,Li,4062.22,0.19,False,13943.75,0.21,False,,,False,9592.58,7.56,False,12226.86,0.19,False,-11274.41,254.13,False,   9 Li   3    4062.22    0.19  13943.75    0.21      *              9592.58    7.56  12226.86    0.19 -11274.41  254.13
2012,rct2,5,4,9,Be,1664.54,0.08,False,16886.32,0.09,False,,,False,7152.15,0.08,False,2125.63,0.08,False,-597.24,0.09,False,   9 Be   4    1664.54    0.08  16886.32    0.09      *              7152.15    0.08   2125.63    0.08   -597.24    0.09
2012,rct2,4,5,9,B,18576.41,1.35,False,-185.85,0.9,False,,,False,7358.3,0.91,False,-1094.49,5.52,False,3976.01,0.9,False,   9 B    5   18576.41    1.35   -185.85    0.90      *              7358.30    0.91  -1094.49    5.52   3976.01    0.90
2012,rct2,3,6,9,C,14224.62,18.37,False,1299.58,2.36,False,,,False,11945.23,25.24,False,-13545.0,2003.0,True,16182.34,5.85,False,   9 C    6   14224.62   18.37   1299.58    2.36      *             11945.23   25.24 -13545#   2003#    16182.34    5.85
2012,rct2,8,2,10,He,-165.1,110.42,False,,,False,33473.56,100.0,False,,,False,4901.0,1009.0,True,,,False,0 10 He   2    -165.10  110.42      *             33473.56  100.00      *              4901#   1009#        *           
2012,rct2,7,3,10,Li,-26.4,12.72,False,15172.24,48.51,False,-5747.48,400.2,False,12153.75,12.72,False,11843.55,14.8,False,-10436.0,1004.0,True,  10 Li   3     -26.40   12.72  15172.24   48.51  -5747.48  400.20  12153.75   12.72  11843.55   14.80 -10436#   1004#  
2012,rct2,6,4,10,Be,6812.28,0.05,False,19636.39,0.2,False,,,False,2372.49,0.09,False,2564.44,0.08,False,-7819.24,7.56,False,  10 Be   4    6812.28    0.05  19636.39    0.20      *              2372.49    0.09   2564.44    0.08  -7819.24    7.56
2012,rct2,5,5,10,B,8437.11,0.98,False,6586.73,0.39,False,,,False,17819.83,0.39,False,1145.75,0.39,False,2789.99,0.38,False,  10 B    5    8437.11    0.98   6586.73    0.39      *             17819.83    0.39   1145.75    0.39   2789.99    0.38
2012,rct2,4,6,10,C,21283.53,2.17,False,4006.7,0.98,False,,,False,3487.98,1.07,False,-7113.74,25.15,False,5576.16,0.4,False,  10 C    6   21283.53    2.17   4006.70    0.98      *              3487.98    1.07  -7113.74   25.15   5576.16    0.40
2012,rct2,3,7,10,N,,,False,-2600.17,400.01,False,,,False,14446.64,400.42,False,,,False,16769.96,400.79,False,  10 N    7       *             -2600.17  400.01      *             14446.64  400.42      *             16769.96  400.79
2012,rct2,8,3,11,Li,395.69,12.74,False,15733.03,100.0,False,16424.61,46.16,False,10503.16,46.82,False,13982.63,0.62,False,,,False,0 11 Li   3     395.69   12.74  15733.03  100.00  16424.61   46.16  10503.16   46.82  13982.63    0.62      *           
2012,rct2,7,4,11,Be,501.64,0.25,False,20164.43,12.72,False,,,False,5933.07,0.3,False,4095.42,0.24,False,-5786.11,0.25,False,  11 Be   4     501.64    0.25  20164.43   12.72      *              5933.07    0.30   4095.42    0.24  -5786.11    0.25
2012,rct2,6,5,11,B,11454.12,0.16,False,11228.58,0.42,False,,,False,8030.24,0.42,False,8590.27,0.42,False,-6631.52,0.42,False,  11 B    5   11454.12    0.16  11228.58    0.42      *              8030.24    0.42   8590.27    0.42  -6631.52    0.42
2012,rct2,5,6,11,C,13119.78,0.87,False,8689.37,0.87,False,,,False,8944.61,1.31,False,-7407.23,1.38,False,11355.03,0.95,False,  11 C    6   13119.78    0.87   8689.37    0.87      *              8944.61    1.31  -7407.23    1.38  11355.03    0.95
2012,rct2,4,7,11,N,22567.78,402.65,False,-1315.92,46.15,False,,,False,6103.48,46.2,False,-5896.57,49.63,False,7028.47,46.17,False,  11 N    7   22567.78  402.65  -1315.92   46.15      *              6103.48   46.20  -5896.57   49.63   7028.47   46.17
2012,rct2,9,3,12,Li,-120.0,15.0,False,,,False,31581.5,15.05,False,10458.06,101.12,False,12847.73,49.16,False,,,False,0 12 Li   3    -120.00   15.00      *             31581.50   15.05  10458.06  101.12  12847.73   49.16      *           
2012,rct2,8,4,12,Be,3170.73,1.92,False,22939.47,2.01,False,-6836.94,24.08,False,2735.94,12.86,False,4986.91,1.92,False,-10211.74,46.86,False,  12 Be   4    3170.73    1.92  22939.47    2.01  -6836.94   24.08   2735.94   12.86   4986.91    1.92 -10211.74   46.86
2012,rct2,7,5,12,B,3369.78,1.37,False,14096.72,1.34,False,,,False,11472.73,1.32,False,6885.02,1.32,False,-5939.09,1.34,False,  12 B    5    3369.78    1.37  14096.72    1.34      *             11472.73    1.32   6885.02    1.32  -5939.09    1.34
2012,rct2,6,6,12,C,18721.61,0.95,False,15956.85,0.42,False,,,False,-1339.88,0.38,False,-7552.43,0.9,False,-5702.05,0.08,False,  12 C    6   18721.61    0.95  15956.85    0.42      *             -1339.88    0.38  -7552.43    0.90  -5702.05    0.08
2012,rct2,5,7,12,N,15036.89,46.17,False,601.19,1.38,False,,,False,12350.12,1.07,False,-6708.84,2.36,False,10567.99,1.35,False,  12 N    7   15036.89   46.17    601.19    1.38      *             12350.12    1.07  -6708.84    2.36  10567.99    1.35
2012,rct2,4,8,12,O,,,False,-322.08,52.02,False,,,False,3825.39,400.72,False,,,False,8650.13,24.1,False,  12 O    8       *              -322.08   52.02      *              3825.39  400.72      *              8650.13   24.10
2012,rct2,10,3,13,Li,-1350.0,350.32,False,,,False,52995.41,350.0,False,,,False,14032.63,364.01,False,,,False,0 13 Li   3   -1350.00  350.32      *             52995.41  350.00      *             14032.63  364.01      *           
2012,rct2,9,4,13,Be,-510.0,10.0,False,22549.47,18.14,False,10543.64,13.94,False,3641.63,10.2,False,5470.51,16.29,False,-9866.84,100.52,False,  13 Be   4    -510.00   10.00  22549.47   18.14  10543.64   13.94   3641.63   10.20   5470.51   16.29  -9866.84  100.52
2012,rct2,8,5,13,B,4878.61,1.7,False,15804.61,2.19,False,,,False,7095.76,1.11,False,8818.69,1.09,False,-10844.1,12.77,False,  13 B    5    4878.61    1.70  15804.61    2.19      *              7095.76    1.11   8818.69    1.09 -10844.10   12.77
2012,rct2,7,6,13,C,4946.31,0.0,False,17533.38,1.32,False,,,False,5167.93,0.42,False,-4061.63,0.38,False,-3836.08,0.08,False,  13 C    6    4946.31    0.00  17533.38    1.32      *              5167.93    0.42  -4061.63    0.38  -3836.08    0.08
2012,rct2,6,7,13,N,20063.91,1.04,False,1943.49,0.27,False,,,False,5405.99,0.99,False,-5489.22,0.47,False,-1058.81,0.47,False,  13 N    7   20063.91    1.04   1943.49    0.27      *              5405.99    0.99  -5489.22    0.47  -1058.81    0.47
2012,rct2,5,8,13,O,16870.57,25.82,False,1511.6,9.58,False,,,False,9522.6,47.13,False,-10820.61,400.11,False,13063.09,9.53,False,  13 O    8   16870.57   25.82   1511.60    9.58      *              9522.60   47.13 -10820.61  400.11  13063.09    9.53
2012,rct2,10,4,14,Be,1775.89,132.64,False,25675.36,374.15,False,31947.04,132.25,False,1745.73,133.09,False,4090.3,132.25,False,,,False,0 14 Be   4    1775.89  132.64  25675.36  374.15  31947.04  132.25   1745.73  133.09   4090.30  132.25      *           
2012,rct2,9,5,14,B,969.75,21.24,False,17284.36,23.53,False,-8300.72,46.27,False,9296.73,21.3,False,8350.57,21.21,False,-11418.17,21.22,False,  14 B    5     969.75   21.24  17284.36   23.53  -8300.72   46.27   9296.73   21.30   8350.57   21.21 -11418.17   21.22
2012,rct2,8,6,14,C,8176.43,0.0,False,20831.2,1.08,False,,,False,361.28,1.32,False,-783.94,0.42,False,-11510.87,0.24,False,  14 C    6    8176.43    0.00  20831.20    1.08      *               361.28    1.32   -783.94    0.42 -11510.87    0.24
2012,rct2,7,7,14,N,10553.38,0.27,False,7550.56,0.0,False,,,False,13574.22,0.0,False,-2922.82,0.95,False,-158.06,0.42,False,  14 N    7   10553.38    0.27   7550.56    0.00      *             13574.22    0.00  -2922.82    0.95   -158.06    0.42
2012,rct2,6,8,14,O,23179.3,9.53,False,4626.99,0.29,False,,,False,1380.19,1.01,False,-11432.13,46.16,False,3003.56,0.96,False,  14 O    8   23179.30    9.53   4626.99    0.29      *              1380.19    1.01 -11432.13   46.16   3003.56    0.96
2012,rct2,5,9,14,F,,,False,-1560.0,40.0,False,,,False,10760.52,47.61,False,,,False,13307.17,61.81,False,  14 F    9       *             -1560.00   40.00      *             10760.52   47.61      *             13307.17   61.81
2012,rct2,11,4,15,Be,-1735.0,422.0,True,,,False,46905.0,401.0,True,2130.0,532.0,True,5705.0,401.0,True,,,False,0 15 Be   4   -1735#    422#        *             46905#    401#     2130#    532#     5705#    401#        *           
2012,rct2,10,5,15,B,2777.01,29.88,False,18285.48,133.91,False,12151.18,65.85,False,6009.72,23.38,False,8744.28,21.13,False,-14315.18,25.85,False,  15 B    5    2777.01   29.88  18285.48  133.91  12151.18   65.85   6009.72   23.38   8744.28   21.13 -14315.18   25.85
2012,rct2,9,6,15,C,1218.07,0.8,False,21079.51,21.23,False,,,False,4021.83,1.35,False,1367.78,1.55,False,-9558.21,2.07,False,  15 C    6    1218.07    0.80  21079.51   21.23      *              4021.83    1.35   1367.78    1.55  -9558.21    2.07
2012,rct2,8,7,15,N,10833.3,0.0,False,10207.42,0.0,False,,,False,7687.24,0.0,False,4965.49,0.0,False,-7621.58,1.32,False,  15 N    7   10833.30    0.00  10207.42    0.00      *              7687.24    0.00   4965.49    0.00  -7621.58    1.32
2012,rct2,7,8,15,O,13223.17,0.5,False,7296.78,0.49,False,,,False,8220.93,0.56,False,-9618.41,1.11,False,8502.01,0.49,False,  15 O    8   13223.17    0.50   7296.78    0.49      *              8220.93    0.56  -9618.41    1.11   8502.01    0.49
2012,rct2,6,9,15,F,23228.92,74.73,False,-1510.38,62.4,False,,,False,4402.18,63.12,False,-10243.83,66.85,False,5115.14,62.4,False,  15 F    9   23228.92   74.73  -1510.38   62.40      *              4402.18   63.12 -10243.83   66.85   5115.14   62.40
2012,rct2,12,4,16,Be,385.0,434.0,True,,,False,62184.13,165.8,False,,,False,3970.3,387.28,False,,,False,0 16 Be   4     385#    434#        *             62184.13  165.80      *              3970.30  387.28      *           
2012,rct2,11,5,16,B,-82.97,14.6,False,19937.0,401.0,True,26432.02,25.95,False,7868.58,134.51,False,8317.25,26.6,False,-15582.22,350.86,False,  16 B    5     -82.97   14.60  19937#    401#    26432.02   25.95   7868.58  134.51   8317.25   26.60 -15582.22  350.86
2012,rct2,10,6,16,C,4250.33,3.67,False,22552.83,21.35,False,-10292.03,20.79,False,741.25,21.51,False,1996.06,3.74,False,-14318.55,10.79,False,  16 C    6    4250.33    3.67  22552.83   21.35 -10292.03   20.79    741.25   21.51   1996.06    3.74 -14318.55   10.79
2012,rct2,9,7,16,N,2488.85,2.3,False,11478.21,2.44,False,,,False,13374.82,2.3,False,7422.95,2.3,False,-5231.81,2.54,False,  16 N    7    2488.85    2.30  11478.21    2.44      *             13374.82    2.30   7422.95    2.30  -5231.81    2.54
2012,rct2,8,8,16,O,15663.92,0.49,False,12127.41,0.0,False,,,False,3110.39,0.0,False,-5218.43,0.27,False,-2215.61,0.0,False,  16 O    8   15663.92    0.49  12127.41    0.00      *              3110.39    0.00  -5218.43    0.27  -2215.61    0.00
2012,rct2,7,9,16,F,14197.87,62.95,False,-535.68,8.33,False,,,False,13383.6,8.32,False,-7571.13,12.65,False,10981.18,8.32,False,  16 F    9   14197.87   62.95   -535.68    8.33      *             13383.60    8.32  -7571.13   12.65  10981.18    8.32
2012,rct2,6,10,16,Ne,,,False,109.63,65.67,False,,,False,2732.55,45.94,False,,,False,6517.12,22.59,False,  16 Ne  10       *               109.63   65.67      *              2732.55   45.94      *              6517.12   22.59
2012,rct2,12,5,17,B,1412.77,172.63,False,20965.29,238.09,False,41819.11,170.87,False,4721.0,435.0,True,8680.37,216.07,False,,,False,0 17 B    5    1412.77  172.63  20965.29  238.09  41819.11  170.87   4721#    435#     8680.37  216.07      *           
2012,rct2,11,6,17,C,734.67,17.73,False,23370.46,30.09,False,4530.33,17.37,False,2783.6,27.28,False,2231.15,27.41,False,-13277.32,133.38,False,  17 C    6     734.67   17.73  23370.46   30.09   4530.33   17.37   2783.60   27.28   2231.15   27.41 -13277.32  133.38
2012,rct2,10,7,17,N,5885.15,15.18,False,13113.02,15.42,False,,,False,8707.74,15.02,False,9714.24,15.0,False,-10147.21,25.98,False,  17 N    7    5885.15   15.18  13113.02   15.42      *              8707.74   15.02   9714.24   15.00 -10147.21   25.98
2012,rct2,9,8,17,O,4143.08,0.0,False,13781.64,2.3,False,,,False,9800.6,0.0,False,1191.87,0.0,False,1817.75,0.0,False,  17 O    8    4143.08    0.00  13781.64    2.30      *              9800.60    0.00   1191.87    0.00   1817.75    0.00
2012,rct2,8,9,17,F,16799.87,8.32,False,600.27,0.25,False,,,False,9806.9,0.55,False,-1191.7,0.27,False,4734.69,0.25,False,  17 F    9   16799.87    8.32    600.27    0.25      *              9806.90    0.55  -1191.70    0.27   4734.69    0.25
2012,rct2,7,10,17,Ne,15557.02,20.48,False,1468.77,8.33,False,,,False,10404.45,62.4,False,-10599.9,41.12,False,14139.4,0.37,False,  17 Ne  10   15557.02   20.48   1468.77    8.33      *             10404.45   62.40 -10599.90   41.12  14139.40    0.37
2012,rct2,13,5,18,B,-5.0,5.0,False,,,False,50974.02,170.95,False,5110.81,238.14,False,6951.0,435.0,True,,,False,0 18 B    5      -5.00    5.00      *             50974.02  170.95   5110.81  238.14   6951#    435#        *           
2012,rct2,12,6,18,C,4183.97,34.66,False,26141.66,173.49,False,19600.5,30.0,False,-1483.34,38.78,False,824.19,36.64,False,-19196.0,402.0,True,  18 C    6    4183.97   34.66  26141.66  173.49  19600.50   30.00  -1483.34   38.78    824.19   36.64 -19196#    402#  
2012,rct2,11,7,18,N,2828.22,23.87,False,15206.58,25.42,False,-11923.76,114.0,False,10129.85,18.91,False,8104.08,18.59,False,-10198.42,28.07,False,  18 N    7    2828.22   23.87  15206.58   25.42 -11923.76  114.00  10129.85   18.91   8104.08   18.59 -10198.42   28.07
2012,rct2,10,8,18,O,8045.37,0.0,False,15941.86,15.0,False,,,False,4244.08,2.3,False,3979.8,0.0,False,-5009.56,0.8,False,  18 O    8    8045.37    0.00  15941.86   15.00      *              4244.08    2.30   3979.80    0.00  -5009.56    0.80
2012,rct2,9,9,18,F,9149.91,0.53,False,5607.09,0.46,False,,,False,16320.92,0.46,False,2881.56,0.67,False,6418.08,0.46,False,  18 F    9    9149.91    0.53   5607.09    0.46      *             16320.92    0.46   2881.56    0.67   6418.08    0.46
2012,rct2,8,10,18,Ne,19254.14,0.51,False,3923.05,0.44,False,,,False,5348.18,8.33,False,-6625.13,62.4,False,8108.42,0.61,False,  18 Ne  10   19254.14    0.51   3923.05    0.44      *              5348.18    8.33  -6625.13   62.40   8108.42    0.61
2012,rct2,7,11,18,Na,,,False,-1247.51,112.48,False,,,False,11761.58,114.33,False,,,False,13876.52,128.62,False,  18 Na  11       *             -1247.51  112.48      *             11761.58  114.33      *             13876.52  128.62
2012,rct2,14,5,19,B,1141.0,435.0,True,,,False,60265.0,401.0,True,,,False,6194.0,434.0,True,,,False,0 19 B    5    1141#    435#        *             60265#    401#        *              6194#    434#        *           
2012,rct2,13,6,19,C,576.83,93.7,False,26723.49,197.24,False,30660.56,98.39,False,-647.4,197.18,False,164.4,101.41,False,-19388.12,192.79,False,  19 C    6     576.83   93.70  26723.49  197.24  30660.56   98.39   -647.40  197.18    164.40  101.41 -19388.12  192.79
2012,rct2,12,7,19,N,5328.96,24.78,False,16351.57,34.19,False,2926.13,19.5,False,5535.55,23.89,False,7025.45,16.79,False,-15610.35,29.55,False,  19 N    7    5328.96   24.78  16351.57   34.19   2926.13   19.50   5535.55   23.89   7025.45   16.79 -15610.35   29.55
2012,rct2,11,8,19,O,3955.64,2.64,False,17069.28,18.76,False,-28495.53,50.07,False,6173.59,15.23,False,2513.01,3.5,False,-4714.87,4.44,False,  19 O    8    3955.64    2.64  17069.28   18.76 -28495.53   50.07   6173.59   15.23   2513.01    3.50  -4714.87    4.44
2012,rct2,10,9,19,F,10431.87,0.46,False,7993.6,0.0,False,,,False,10032.13,0.0,False,8113.61,0.0,False,-1524.95,2.3,False,  19 F    9   10431.87    0.46   7993.60    0.00      *             10032.13    0.00   8113.61    0.00  -1524.95    2.30
2012,rct2,9,10,19,Ne,11636.89,0.4,False,6410.03,0.49,False,,,False,10511.16,0.3,False,-4064.15,8.32,False,12135.46,0.16,False,  19 Ne  10   11636.89    0.40   6410.03    0.49      *             10511.16    0.30  -4064.15    8.32  12135.46    0.16
2012,rct2,8,11,19,Na,20178.86,112.97,False,-322.8,10.54,False,,,False,7139.75,10.54,False,-6192.71,23.03,False,7895.54,13.42,False,  19 Na  11   20178.86  112.97   -322.80   10.54      *              7139.75   10.54  -6192.71   23.03   7895.54   13.42
2012,rct2,7,12,19,Mg,,,False,497.51,123.09,False,,,False,,,False,,,False,13488.64,54.03,False,  19 Mg  12       *               497.51  123.09      *                 *                 *             13488.64   54.03
2012,rct2,15,5,20,B,-284.0,805.0,True,,,False,67150.0,699.0,True,,,False,,,False,,,False,0 20 B    5    -284#    805#        *             67150#    699#        *                 *                 *           
2012,rct2,14,6,20,C,2926.32,258.61,False,28509.0,467.0,True,44599.54,239.16,False,-3578.72,293.97,False,-1349.15,293.93,False,,,False,  20 C    6    2926.32  258.61  28509#    467#    44599.54  239.16  -3578.72  293.97  -1349.15  293.93      *           
2012,rct2,13,7,20,N,2161.73,57.96,False,17936.47,113.01,False,14914.51,55.6,False,7557.79,63.17,False,5598.39,58.24,False,-16359.3,179.69,False,  20 N    7    2161.73   57.96  17936.47  113.01  14914.51   55.60   7557.79   63.17   5598.39   58.24 -16359.30  179.69
2012,rct2,12,8,20,O,7608.01,2.78,False,19348.32,16.43,False,-13762.5,27.01,False,1393.81,18.59,False,790.15,15.03,False,-11588.21,17.39,False,  20 O    8    7608.01    2.78  19348.32   16.43 -13762.50   27.01   1393.81   18.59    790.15   15.03 -11588.21   17.39
2012,rct2,11,9,20,F,6601.34,0.03,False,10639.29,2.64,False,,,False,11476.16,0.03,False,5655.36,0.03,False,-2241.14,15.0,False,  20 F    9    6601.34    0.03  10639.29    2.64      *             11476.16    0.03   5655.36    0.03  -2241.14   15.00
2012,rct2,10,10,20,Ne,16865.3,0.16,False,12843.46,0.0,False,,,False,2795.76,0.46,False,-4129.58,0.25,False,-586.77,0.0,False,  20 Ne  10   16865.30    0.16  12843.46    0.00      *              2795.76    0.46  -4129.58    0.25   -586.77    0.00
2012,rct2,9,11,20,Na,14150.1,10.59,False,2190.42,1.13,False,,,False,12243.79,1.17,False,-4785.79,1.17,False,10545.3,1.14,False,  20 Na  11   14150.10   10.59   2190.42    1.13      *             12243.79    1.17  -4785.79    1.17  10545.30    1.14
2012,rct2,8,12,20,Mg,22341.04,56.83,False,2659.69,28.98,False,,,False,3232.54,115.67,False,,,False,6704.62,27.0,False,  20 Mg  12   22341.04   56.83   2659.69   28.98      *              3232.54  115.67      *              6704.62   27.00
2012,rct2,16,5,21,B,-517.0,1142.0,True,,,False,75769.0,904.0,True,,,False,,,False,,,False,0 21 B    5    -517#   1142#        *             75769#    904#        *                 *                 *           
2012,rct2,15,6,21,C,-14.0,467.0,True,28779.0,805.0,True,51375.0,401.0,True,-2423.0,566.0,True,-1340.0,435.0,True,,,False,  21 C    6     -14#    467#    28779#    805#    51375#    401#    -2423#    566#    -1340#    435#        *           
2012,rct2,14,7,21,N,4585.26,110.11,False,19595.42,257.35,False,27435.8,95.05,False,3549.36,136.8,False,5197.09,99.67,False,-20949.57,195.59,False,  21 N    7    4585.26  110.11  19595.42  257.35  27435.80   95.05   3549.36  136.80   5197.09   99.67 -20949.57  195.59
2012,rct2,13,8,21,O,3805.58,12.03,False,20992.17,56.87,False,-2851.61,20.33,False,2917.19,20.32,False,-187.21,22.11,False,-11209.82,32.31,False,  21 O    8    3805.58   12.03  20992.17   56.87  -2851.61   20.33   2917.19   20.32   -187.21   22.11 -11209.82   32.31
2012,rct2,12,9,21,F,8101.46,1.8,False,11132.75,2.01,False,-27038.0,401.0,True,7330.34,3.19,False,5599.26,1.8,False,-7514.38,18.66,False,  21 F    9    8101.46    1.80  11132.75    2.01 -27038#    401#     7330.34    3.19   5599.26    1.80  -7514.38   18.66
2012,rct2,11,10,21,Ne,6761.16,0.04,False,13003.28,0.05,False,,,False,6466.47,0.04,False,-1740.83,0.46,False,697.44,0.04,False,  21 Ne  10    6761.16    0.04  13003.28    0.05      *              6466.47    0.04  -1740.83    0.46    697.44    0.04
2012,rct2,10,11,21,Na,17106.56,1.15,False,2431.68,0.28,False,,,False,6774.11,0.32,False,-2638.21,0.46,False,2588.65,0.54,False,  21 Na  11   17106.56    1.15   2431.68    0.28      *              6774.11    0.32  -2638.21    0.46   2588.65    0.54
2012,rct2,9,12,21,Mg,14716.47,31.6,False,3226.06,16.45,False,,,False,8694.93,19.5,False,-9259.36,113.67,False,11242.29,16.42,False,  21 Mg  12   14716.47   31.60   3226.06   16.45      *              8694.93   19.50  -9259.36  113.67  11242.29   16.42
2012,rct2,8,13,21,Al,,,False,-2142.0,401.0,True,,,False,5872.0,404.0,True,,,False,7600.0,416.0,True,  21 Al  13       *             -2142#    401#        *              5872#    404#        *              7600#    416#  
2012,rct2,16,6,22,C,124.0,470.0,True,29420.0,937.0,True,61614.96,246.57,False,-2832.0,741.0,True,-323.0,470.0,True,,,False,0 22 C    6     124#    470#    29420#    937#    61614.96  246.57  -2832#    741#     -323#    470#        *           
2012,rct2,15,7,22,N,1283.81,214.43,False,20894.0,444.0,True,37220.19,192.21,False,5191.87,306.83,False,4490.12,215.93,False,-21092.0,444.0,True,  22 N    7    1283.81  214.43  20894#    444#    37220.19  192.21   5191.87  306.83   4490.12  215.93 -21092#    444#  
2012,rct2,14,8,22,O,6849.9,58.17,False,23256.81,110.79,False,9683.26,56.92,False,-1770.98,79.56,False,-1708.14,59.24,False,-17482.89,113.67,False,  22 O    8    6849.90   58.17  23256.81  110.79   9683.26   56.92  -1770.98   79.56  -1708.14   59.24 -17482.89  113.67
2012,rct2,13,9,22,F,5230.33,12.53,False,12557.5,17.26,False,-15408.0,401.0,True,9708.01,12.43,False,4324.57,12.68,False,-7415.74,20.56,False,  22 F    9    5230.33   12.53  12557.50   17.26 -15408#    401#     9708.01   12.43   4324.57   12.68  -7415.74   20.56
2012,rct2,12,10,22,Ne,10364.26,0.04,False,15266.08,1.8,False,-41363.0,503.0,True,2703.56,0.03,False,-1673.21,0.02,False,-5711.17,2.64,False,  22 Ne  10   10364.26    0.04  15266.08    1.80 -41363#    503#     2703.56    0.03  -1673.21    0.02  -5711.17    2.64
2012,rct2,11,11,22,Na,11068.2,0.32,False,6738.71,0.18,False,,,False,12571.22,0.17,False,-2069.52,0.23,False,1952.33,0.17,False,  22 Na  11   11068.20    0.32   6738.71    0.18      *             12571.22    0.17  -2069.52    0.23   1952.33    0.17
2012,rct2,10,12,22,Mg,19384.77,16.42,False,5504.27,0.42,False,,,False,3460.26,1.16,False,-8465.27,10.54,False,3494.41,0.35,False,  22 Mg  12   19384.77   16.42   5504.27    0.42      *              3460.26    1.16  -8465.27   10.54   3494.41    0.35
2012,rct2,9,13,22,Al,16860.0,566.0,True,1.0,401.0,True,,,False,11354.0,401.0,True,-8763.0,404.0,True,10918.0,401.0,True,  22 Al  13   16860#    566#        1#    401#        *             11354#    401#    -8763#    404#    10918#    401#  
2012,rct2,8,14,22,Si,,,False,941.0,643.0,True,,,False,,,False,,,False,7156.0,505.0,True,  22 Si  14       *               941#    643#        *                 *                 *              7156#    505#  
2012,rct2,17,6,23,C,-2509.0,1027.0,True,,,False,69325.0,997.0,True,-840.0,1345.0,True,1902.0,1217.0,True,,,False,0 23 C    6   -2509#   1027#        *             69325#    997#     -840#   1345#     1902#   1217#        *           
2012,rct2,16,7,23,N,1788.0,355.0,True,22558.0,387.0,True,47852.0,298.0,True,3389.0,499.0,True,5628.0,382.0,True,-23165.0,760.0,True,  23 N    7    1788#    355#    22558#    387#    47852#    298#     3389#    499#     5628#    382#   -23165#    760#  
2012,rct2,15,8,23,O,2733.98,106.5,False,24706.99,212.24,False,20093.92,90.01,False,80.3,130.9,False,-2280.4,105.79,False,-17290.55,255.54,False,  23 O    8    2733.98  106.50  24706.99  212.24  20093.92   90.01     80.30  130.90  -2280.40  105.79 -17290.55  255.54
2012,rct2,14,9,23,F,7551.65,51.49,False,13259.25,75.74,False,-3435.03,49.97,False,5961.94,51.39,False,4380.93,49.98,False,-12805.67,74.75,False,  23 F    9    7551.65   51.49  13259.25   75.74  -3435.03   49.97   5961.94   51.39   4380.93   49.98 -12805.67   74.75
2012,rct2,13,10,23,Ne,5200.65,0.1,False,15236.39,12.4,False,-28851.0,503.0,True,5604.37,1.8,False,-272.53,0.11,False,-3303.81,0.89,False,  23 Ne  10    5200.65    0.10  15236.39   12.40 -28851#    503#     5604.37    1.80   -272.53    0.11  -3303.81    0.89
2012,rct2,12,11,23,Na,12419.65,0.17,False,8794.11,0.02,False,,,False,6912.73,0.04,False,2376.13,0.0,False,-3865.99,0.03,False,  23 Na  11   12419.65    0.17   8794.11    0.02      *              6912.73    0.04   2376.13    0.00  -3865.99    0.03
2012,rct2,11,12,23,Mg,13144.64,0.76,False,7580.72,0.71,False,,,False,7422.18,0.74,False,-7459.81,1.31,False,7215.07,0.69,False,  23 Mg  12   13144.64    0.76   7580.72    0.71      *              7422.18    0.74  -7459.81    1.31   7215.07    0.69
2012,rct2,10,13,23,Al,19525.0,401.0,True,140.96,0.47,False,,,False,6545.36,16.42,False,-5946.54,27.0,False,5543.87,1.17,False,  23 Al  13   19525#    401#      140.96    0.47      *              6545.36   16.42  -5946.54   27.00   5543.87    1.17
2012,rct2,9,14,23,Si,17712.0,711.0,True,1793.0,643.0,True,,,False,7418.0,643.0,True,,,False,11785.0,504.0,True,  23 Si  14   17712#    711#     1793#    643#        *              7418#    643#        *             11785#    504#  
2012,rct2,17,7,24,N,-545.0,499.0,True,24522.0,1074.0,True,55356.0,401.0,True,4059.0,470.0,True,6159.0,566.0,True,-23137.0,988.0,True,0 24 N    7    -545#    499#    24522#   1074#    55356#    401#     4059#    470#     6159#    566#   -23137#    988#  
2012,rct2,16,8,24,O,4191.57,142.07,False,27110.0,318.0,True,32433.97,109.92,False,-2827.47,221.42,False,-1886.71,145.31,False,-21496.0,415.0,True,  24 O    8    4191.57  142.07  27110#    318#    32433.97  109.92  -2827.47  221.42  -1886.71  145.31 -21496#    415#  
2012,rct2,15,9,24,F,3824.83,87.87,False,14350.1,115.44,False,7607.14,72.29,False,8987.01,92.0,False,4361.67,73.27,False,-12045.24,119.41,False,  24 F    9    3824.83   87.87  14350.10  115.44   7607.14   72.29   8987.01   92.00   4361.67   73.27 -12045.24  119.41
2012,rct2,14,10,24,Ne,8868.91,0.52,False,16553.65,49.97,False,-16695.99,19.48,False,1965.79,12.41,False,-1039.98,1.87,False,-8367.15,12.01,False,  24 Ne  10    8868.91    0.52  16553.65   49.97 -16695.99   19.48   1965.79   12.41  -1039.98    1.87  -8367.15   12.01
2012,rct2,13,11,24,Na,6959.42,0.04,False,10552.88,0.11,False,-41737.0,503.0,True,10317.56,0.04,False,2177.87,0.05,False,-2723.95,1.8,False,  24 Na  11    6959.42    0.04  10552.88    0.11 -41737#    503#    10317.56    0.04   2177.87    0.05  -2723.95    1.80
2012,rct2,12,12,24,Mg,16531.62,0.69,False,11692.69,0.01,False,,,False,1958.76,0.17,False,-6884.88,0.28,False,-2555.39,0.04,False,  24 Mg  12   16531.62    0.69  11692.69    0.01      *              1958.76    0.17  -6884.88    0.28  -2555.39    0.04
2012,rct2,11,13,24,Al,14867.0,1.16,False,1863.32,1.3,False,,,False,11063.13,1.15,False,-6097.07,16.45,False,7783.42,1.14,False,  24 Al  13   14867.00    1.16   1863.32    1.30      *             11063.13    1.15  -6097.07   16.45   7783.42    1.14
2012,rct2,10,14,24,Si,21024.0,503.0,True,3292.69,19.48,False,,,False,3254.0,401.0,True,-11382.0,401.0,True,5477.24,25.47,False,  24 Si  14   21024#    503#     3292.69   19.48      *              3254#    401#   -11382#    401#     5477.24   25.47
2012,rct2,9,15,24,P,,,False,-2333.0,711.0,True,,,False,10692.0,711.0,True,,,False,11976.0,643.0,True,  24 P   15       *             -2333#    711#        *             10692#    711#        *             11976#    643#  
2012,rct2,18,7,25,N,-973.0,643.0,True,,,False,65341.0,503.0,True,2523.0,1116.0,True,7257.0,560.0,True,,,False,0 25 N    7    -973#    643#        *             65341#    503#     2523#   1116#     7257#    560#        *           
2012,rct2,17,8,25,O,-776.0,15.0,False,26879.0,416.0,True,40540.49,110.94,False,-263.0,318.0,True,173.1,221.93,False,-20596.12,270.38,False,  25 O    8    -776.00   15.00  26879#    416#    40540.49  110.94   -263#    318#      173.10  221.93 -20596.12  270.38
2012,rct2,16,9,25,F,4267.33,104.5,False,14425.86,133.33,False,20279.67,75.47,False,7453.66,117.46,False,6944.24,94.53,False,-15028.76,206.5,False,  25 F    9    4267.33  104.50  14425.86  133.33  20279.67   75.47   7453.66  117.46   6944.24   94.53 -15028.76  206.50
2012,rct2,15,10,25,Ne,4179.48,44.72,False,16908.3,85.0,False,-5887.14,45.83,False,5337.96,67.06,False,10.87,46.41,False,-5696.73,72.39,False,  25 Ne  10    4179.48   44.72  16908.30   85.00  -5887.14   45.83   5337.96   67.06     10.87   46.41  -5696.73   72.39
2012,rct2,14,11,25,Na,9011.18,1.2,False,10695.15,1.3,False,-29096.0,401.0,True,6507.03,1.2,False,3530.95,1.2,False,-6504.79,12.46,False,  25 Na  11    9011.18    1.20  10695.15    1.30 -29096#    401#     6507.03    1.20   3530.95    1.20  -6504.79   12.46
2012,rct2,13,12,25,Mg,7330.52,0.05,False,12063.78,0.06,False,,,False,7047.89,0.05,False,-3147.2,0.18,False,478.34,0.05,False,  25 Mg  12    7330.52    0.05  12063.78    0.06      *              7047.89    0.05  -3147.20    0.18    478.34    0.05
2012,rct2,12,13,25,Al,16939.87,1.2,False,2271.57,0.47,False,,,False,7267.91,0.83,False,-3652.17,0.57,False,1911.75,0.5,False,  25 Al  13   16939.87    1.20   2271.57    0.47      *              7267.91    0.83  -3652.17    0.57   1911.75    0.50
2012,rct2,11,14,25,Si,14988.34,21.89,False,3414.03,10.06,False,,,False,7790.07,10.01,False,-9510.0,401.0,True,9873.67,10.0,False,  25 Si  14   14988.34   21.89   3414.03   10.06      *              7790.07   10.01  -9510#    401#     9873.67   10.00
2012,rct2,10,15,25,P,21652.0,643.0,True,-1705.0,401.0,True,,,False,6752.0,643.0,True,-8736.0,643.0,True,7183.0,566.0,True,  25 P   15   21652#    643#    -1705#    401#        *              6752#    643#    -8736#    643#     7183#    566#  
2012,rct2,18,8,26,O,686.0,111.02,False,28539.0,526.0,True,50947.58,155.5,False,-1494.0,430.0,True,1275.0,336.0,True,-23791.0,1009.0,True,0 26 O    8     686.00  111.02  28539#    526#    50947.58  155.50  -1494#    430#     1275#    336#   -23791#   1009#  
2012,rct2,17,9,26,F,769.77,108.02,False,15971.63,135.2,False,30875.17,77.28,False,10875.46,134.36,False,8908.46,118.63,False,-14010.0,308.0,True,  26 F    9     769.77  108.02  15971.63  135.20  30875.17   77.28  10875.46  134.36   8908.46  118.63 -14010#    308#  
2012,rct2,16,10,26,Ne,5532.07,48.28,False,18173.03,77.63,False,7620.42,18.19,False,3630.73,74.53,False,2030.46,53.18,False,-8494.81,91.83,False,  26 Ne  10    5532.07   48.28  18173.03   77.63   7620.42   18.19   3630.73   74.53   2030.46   53.18  -8494.81   91.83
2012,rct2,15,11,26,Na,5574.28,3.7,False,12089.94,44.86,False,-17834.0,196.0,True,9801.67,3.54,False,3157.32,3.5,False,-4527.42,50.09,False,  26 Na  11    5574.28    3.70  12089.94   44.86 -17834#    196#     9801.67    3.54   3157.32    3.50  -4527.42   50.09
2012,rct2,14,12,26,Mg,11093.09,0.04,False,14145.7,1.2,False,-43293.0,596.0,True,2914.22,0.05,False,-1820.64,0.03,False,-5414.1,0.11,False,  26 Mg  12   11093.09    0.04  14145.70    1.20 -43293#    596#     2914.22    0.05  -1820.64    0.03  -5414.10    0.11
2012,rct2,13,13,26,Al,11365.26,0.48,False,6306.31,0.05,False,,,False,12434.26,0.06,False,-1872.79,0.69,False,2966.14,0.06,False,  26 Al  13   11365.26    0.48   6306.31    0.05      *             12434.26    0.06  -1872.79    0.69   2966.14    0.06
2012,rct2,12,14,26,Si,19039.62,10.0,False,5513.78,0.48,False,,,False,3617.44,1.11,False,-9024.99,0.36,False,3978.69,0.7,False,  26 Si  14   19039.62   10.00   5513.78    0.48      *              3617.44    1.11  -9024.99    0.36   3978.69    0.70
2012,rct2,11,15,26,P,16837.0,446.0,True,143.0,196.0,True,,,False,10939.0,197.0,True,-7860.0,540.0,True,9871.0,196.0,True,  26 P   15   16837#    446#      143#    196#        *             10939#    197#    -7860#    540#     9871#    196#  
2012,rct2,10,16,26,S,,,False,-51.0,718.0,True,,,False,4470.0,780.0,True,,,False,9028.0,780.0,True,  26 S   16       *               -51#    718#        *              4470#    780#        *              9028#    780#  
2012,rct2,19,8,27,O,-1647.0,526.0,True,,,False,59038.0,503.0,True,-821.0,711.0,True,2377.0,643.0,True,,,False,0 27 O    8   -1647#    526#        *             59038#    503#     -821#    711#     2377#    643#        *           
2012,rct2,18,9,27,F,2106.75,205.14,False,17392.37,245.54,False,41826.38,190.02,False,7992.72,220.04,False,10993.29,219.52,False,-16662.0,443.0,True,  27 F    9    2106.75  205.14  17392.37  245.54  41826.38  190.02   7992.72  220.04  10993.29  219.52 -16662#    443#  
2012,rct2,17,10,27,Ne,1514.94,67.69,False,18918.21,101.11,False,19420.21,65.21,False,6383.12,99.74,False,4340.35,97.35,False,-5818.18,127.8,False,  27 Ne  10    1514.94   67.69  18918.21  101.11  19420.21   65.21   6383.12   99.74   4340.35   97.35  -5818.18  127.80
2012,rct2,16,11,27,Na,6728.21,5.11,False,13286.09,18.56,False,-4795.22,26.6,False,7252.94,44.88,False,5298.02,3.76,False,-7430.8,72.38,False,  27 Na  11    6728.21    5.11  13286.09   18.56  -4795.22   26.60   7252.94   44.88   5298.02    3.76  -7430.80   72.38
2012,rct2,15,12,27,Mg,6443.39,0.04,False,15014.81,3.5,False,-31614.0,401.0,True,5482.01,1.2,False,-1304.6,0.06,False,-2988.57,0.52,False,  27 Mg  12    6443.39    0.04  15014.81    3.50 -31614#    401#     5482.01    1.20  -1304.60    0.06  -2988.57    0.52
2012,rct2,14,13,27,Al,13057.95,0.12,False,8271.17,0.11,False,,,False,6706.83,0.11,False,1600.88,0.1,False,-3132.39,0.11,False,  27 Al  13   13057.95    0.12   8271.17    0.11      *              6706.83    0.11   1600.88    0.10  -3132.39    0.11
2012,rct2,13,14,27,Si,13314.73,0.18,False,7463.25,0.16,False,,,False,7242.58,0.49,False,-7472.72,1.11,False,7195.58,0.14,False,  27 Si  14   13314.73    0.18   7463.25    0.16      *              7242.58    0.49  -7472.72    1.11   7195.58    0.14
2012,rct2,12,15,27,P,19767.0,197.0,True,870.45,26.34,False,,,False,6161.01,28.17,False,-6602.76,32.76,False,4971.56,26.36,False,  27 P   15   19767#    197#      870.45   26.34      *              6161.01   28.17  -6602.76   32.76   4971.56   26.36
2012,rct2,11,16,27,S,18122.0,718.0,True,1234.0,446.0,True,,,False,8000.0,567.0,True,-11428.0,643.0,True,11930.0,401.0,True,  27 S   16   18122#    718#     1234#    446#        *              8000#    567#   -11428#    643#    11930#    401#  
2012,rct2,20,8,28,O,442.0,861.0,True,,,False,67099.0,699.0,True,,,False,961.0,861.0,True,,,False,0 28 O    8     442#    861#        *             67099#    699#        *               961#    861#        *           
2012,rct2,19,9,28,F,-220.0,50.0,False,18819.0,540.0,True,49771.48,196.49,False,8898.72,250.58,False,10437.29,225.65,False,-17415.0,540.0,True,  28 F    9    -220.00   50.00  18819#    540#    49771.48  196.49   8898.72  250.58  10437.29  225.65 -17415#    540#  
2012,rct2,18,10,28,Ne,3815.57,115.91,False,20627.03,212.82,False,32784.36,95.82,False,3337.31,123.1,False,4792.11,121.98,False,-10409.75,146.59,False,  28 Ne  10    3815.57  115.91  20627.03  212.82  32784.36   95.82   3337.31  123.10   4792.11  121.98 -10409.75  146.59
2012,rct2,17,11,28,Na,3541.96,10.9,False,15313.11,66.01,False,6159.42,10.31,False,9243.05,20.87,False,5935.55,45.88,False,-6705.42,76.16,False,  28 Na  11    3541.96   10.90  15313.11   66.01   6159.42   10.31   9243.05   20.87   5935.55   45.88  -6705.42   76.16
2012,rct2,16,12,28,Mg,8503.43,2.0,False,16790.03,4.23,False,-19091.94,160.01,False,2552.86,4.03,False,-796.86,2.34,False,-7312.52,44.77,False,  28 Mg  12    8503.43    2.00  16790.03    4.23 -19091.94  160.01   2552.86    4.03   -796.86    2.34  -7312.52   44.77
2012,rct2,15,13,28,Al,7725.1,0.06,False,9552.89,0.13,False,-44367.0,596.0,True,10074.82,0.12,False,1206.3,0.13,False,-1846.31,1.21,False,  28 Al  13    7725.10    0.06   9552.89    0.13 -44367#    596#    10074.82    0.12   1206.30    0.13  -1846.31    1.21
2012,rct2,14,14,28,Si,17179.72,0.14,False,11585.02,0.1,False,,,False,1428.12,0.06,False,-7712.57,0.47,False,-2653.62,0.05,False,  28 Si  14   17179.72    0.14  11585.02    0.10      *              1428.12    0.06  -7712.57    0.47  -2653.62    0.05
2012,rct2,13,15,28,P,14496.6,26.37,False,2052.32,1.16,False,,,False,10704.04,1.16,False,-6111.02,10.07,False,7414.83,1.25,False,  28 P   15   14496.60   26.37   2052.32    1.16      *             10704.04    1.16  -6111.02   10.07   7414.83    1.25
2012,rct2,12,16,28,S,21026.0,432.0,True,2493.3,162.15,False,,,False,3811.0,253.0,True,-10801.0,431.0,True,5892.28,160.31,False,  28 S   16   21026#    432#     2493.30  162.15      *              3811#    253#   -10801#    431#     5892.28  160.31
2012,rct2,11,17,28,Cl,,,False,-3200.0,718.0,True,,,False,11149.0,843.0,True,,,False,13424.0,718.0,True,  28 Cl  17       *             -3200#    718#        *             11149#    843#        *             13424#    718#  
2012,rct2,20,9,29,F,1367.0,540.0,True,19743.0,861.0,True,57830.0,503.0,True,5886.0,711.0,True,9757.0,526.0,True,,,False,0 29 F    9    1367#    540#    19743#    861#    57830#    503#     5886#    711#     9757#    526#        *           
2012,rct2,19,10,29,Ne,963.09,138.26,False,21810.12,220.33,False,40294.88,99.67,False,4480.97,214.58,False,4598.8,126.12,False,-10686.83,184.7,False,  29 Ne  10     963.09  138.26  21810.12  220.33  40294.88   99.67   4480.97  214.58   4598.80  126.12 -10686.83  184.70
2012,rct2,18,11,29,Na,4403.03,12.63,False,15900.56,96.11,False,19632.43,7.4,False,6354.96,65.62,False,7064.59,19.63,False,-10338.68,77.63,False,  29 Na  11    4403.03   12.63  15900.56   96.11  19632.43    7.40   6354.96   65.62   7064.59   19.63 -10338.68   77.63
2012,rct2,17,12,29,Mg,3655.42,11.57,False,16903.48,15.33,False,-7446.42,51.28,False,5625.65,11.99,False,1122.01,11.93,False,-5435.87,21.46,False,  29 Mg  12    3655.42   11.57  16903.48   15.33  -7446.42   51.28   5625.65   11.99   1122.01   11.93  -5435.87   21.46
2012,rct2,16,13,29,Al,9425.45,0.94,False,10474.9,2.21,False,-31972.0,401.0,True,7092.76,0.93,False,2873.94,0.93,False,-5697.48,3.62,False,  29 Al  13    9425.45    0.94  10474.90    2.21 -31972#    401#     7092.76    0.93   2873.94    0.93  -5697.48    3.62
2012,rct2,15,14,29,Si,8473.6,0.0,False,12333.52,0.12,False,,,False,6012.47,0.1,False,-4820.91,0.06,False,-34.13,0.03,False,  29 Si  14    8473.60    0.00  12333.52    0.12      *              6012.47    0.10  -4820.91    0.06    -34.13    0.03
2012,rct2,14,15,29,P,17876.03,1.28,False,2748.63,0.56,False,,,False,6142.74,0.58,False,-4947.42,0.57,False,904.06,0.57,False,  29 P   15   17876.03    1.28   2748.63    0.56      *              6142.74    0.58  -4947.42    0.57    904.06    0.57
2012,rct2,13,16,29,S,15300.93,167.63,False,3297.64,50.01,False,,,False,8276.86,56.51,False,-9265.0,202.0,True,9630.97,50.0,False,  29 S   16   15300.93  167.63   3297.64   50.01      *              8276.86   56.51  -9265#    202#     9630.97   50.00
2012,rct2,12,17,29,Cl,21820.0,718.0,True,-2405.0,431.0,True,,,False,7451.0,567.0,True,-8447.0,718.0,True,8441.0,446.0,True,  29 Cl  17   21820#    718#    -2405#    431#        *              7451#    567#    -8447#    718#     8441#    446#  
2012,rct2,21,9,30,F,-415.0,780.0,True,,,False,63984.0,596.0,True,6743.0,918.0,True,8525.0,780.0,True,,,False,0 30 F    9    -415#    780#        *             63984#    596#     6743#    918#     8525#    780#        *           
2012,rct2,20,10,30,Ne,3431.55,297.57,False,23875.0,576.0,True,47472.53,280.38,False,829.43,342.38,False,3273.99,338.71,False,-15765.0,576.0,True,  30 Ne  10    3431.55  297.57  23875#    576#    47472.53  280.38    829.43  342.38   3273.99  338.71 -15765#    576#  
2012,rct2,19,11,30,Na,2276.62,8.77,False,17214.1,99.78,False,28675.28,4.74,False,7893.91,95.94,False,6302.9,65.38,False,-10508.56,190.08,False,  30 Na  11    2276.62    8.77  17214.10   99.78  28675.28    4.74   7893.91   95.94   6302.90   65.38 -10508.56  190.08
2012,rct2,18,12,30,Mg,6352.21,11.91,False,18852.67,8.15,False,5175.28,3.47,False,2815.39,10.81,False,1498.0,5.08,False,-10273.15,65.3,False,  30 Mg  12    6352.21   11.91  18852.67    8.15   5175.28    3.47   2815.39   10.81   1498.00    5.08 -10273.15   65.30
2012,rct2,17,13,30,Al,5739.11,14.08,False,12558.59,18.09,False,-20316.0,196.0,True,9857.08,14.19,False,3578.22,14.05,False,-4708.38,14.53,False,  30 Al  13    5739.11   14.08  12558.59   18.09 -20316#    196#     9857.08   14.19   3578.22   14.05  -4708.38   14.53
2012,rct2,16,14,30,Si,10609.2,0.02,False,13517.27,0.93,False,-45923.0,503.0,True,3128.38,0.12,False,-2372.16,0.11,False,-4199.94,0.05,False,  30 Si  14   10609.20    0.02  13517.27    0.93 -45923#    503#     3128.38    0.12  -2372.16    0.11  -4199.94    0.05
2012,rct2,15,15,30,P,11319.47,0.64,False,5594.5,0.31,False,,,False,12002.99,0.31,False,-2952.16,0.34,False,2642.54,0.33,False,  30 P   15   11319.47    0.64   5594.50    0.31      *             12002.99    0.31  -2952.16    0.34   2642.54    0.33
2012,rct2,14,16,30,S,18973.92,50.0,False,4395.53,0.67,False,,,False,3799.54,1.21,False,-8472.49,26.34,False,3971.78,0.39,False,  30 S   16   18973.92   50.00   4395.53    0.67      *              3799.54    1.21  -8472.49   26.34   3971.78    0.39
2012,rct2,13,17,30,Cl,17396.0,446.0,True,-311.0,202.0,True,,,False,11081.0,253.0,True,-7720.0,446.0,True,10812.0,197.0,True,  30 Cl  17   17396#    446#     -311#    202#        *             11081#    253#    -7720#    446#    10812#    197#  
2012,rct2,12,18,30,Ar,,,False,-433.0,643.0,True,,,False,4684.0,780.0,True,,,False,10108.0,643.0,True,  30 Ar  18       *              -433#    643#        *              4684#    780#        *             10108#    643#  
2012,rct2,22,9,31,F,565.0,794.0,True,,,False,70573.0,525.0,True,,,False,8403.0,874.0,True,,,False,0 31 F    9     565#    794#        *             70573#    525#        *              8403#    874#        *           
2012,rct2,21,10,31,Ne,290.55,1643.95,False,24580.0,1726.0,True,53769.38,1619.87,False,1905.0,1696.0,True,2763.45,1631.74,False,-15613.0,1764.0,True,  31 Ne  10     290.55 1643.95  24580#   1726#    53769.38 1619.87   1905#   1696#     2763.45 1631.74 -15613#   1764#  
2012,rct2,20,11,31,Na,4285.05,23.76,False,18067.61,281.35,False,36701.48,23.29,False,4571.94,102.35,False,5833.42,98.61,False,-15013.61,197.87,False,  31 Na  11    4285.05   23.76  18067.61  281.35  36701.48   23.29   4571.94  102.35   5833.42   98.61 -15013.61  197.87
2012,rct2,19,12,31,Mg,2309.93,4.62,False,18885.98,5.64,False,15920.19,3.08,False,4908.49,8.0,False,2730.03,10.7,False,-8767.5,95.87,False,  31 Mg  12    2309.93    4.62  18885.98    5.64  15920.19    3.08   4908.49    8.00   2730.03   10.70  -8767.50   95.87
2012,rct2,18,13,31,Al,7153.84,24.72,False,13360.22,20.63,False,-7888.85,53.98,False,6358.66,23.32,False,4927.81,20.44,False,-8320.26,22.78,False,  31 Al  13    7153.84   24.72  13360.22   20.63  -7888.85   53.98   6358.66   23.32   4927.81   20.44  -8320.26   22.78
2012,rct2,17,14,31,Si,6587.39,0.04,False,14365.55,14.04,False,-34243.0,206.0,True,5966.43,0.93,False,-1234.45,0.13,False,-2283.9,2.0,False,  31 Si  14    6587.39    0.04  14365.55   14.04 -34243#    206#     5966.43    0.93  -1234.45    0.13  -2283.90    2.00
2012,rct2,16,15,31,P,12311.25,0.31,False,7296.55,0.02,False,,,False,8165.34,0.0,False,1916.31,0.0,False,-1943.61,0.12,False,  31 P   15   12311.25    0.31   7296.55    0.02      *              8165.34    0.00   1916.31    0.00  -1943.61    0.12
2012,rct2,15,16,31,S,13054.83,0.43,False,6130.89,0.39,False,,,False,8620.73,0.61,False,-7030.73,1.17,False,8096.67,0.23,False,  31 S   16   13054.83    0.43   6130.89    0.39      *              8620.73    0.61  -7030.73    1.17   8096.67    0.23
2012,rct2,14,17,31,Cl,19581.0,202.0,True,296.09,50.0,False,,,False,6801.09,70.71,False,-6275.27,167.63,False,5728.02,50.01,False,  31 Cl  17   19581#    202#      296.09   50.00      *              6801.09   70.71  -6275.27  167.63   5728.02   50.01
2012,rct2,13,18,31,Ar,18267.0,544.0,True,438.0,284.0,True,,,False,8237.0,450.0,True,-11358.0,631.0,True,12867.0,261.0,True,  31 Ar  18   18267#    544#      438#    284#        *              8237#    450#   -11358#    631#    12867#    261#  
2012,rct2,22,10,32,Ne,1893.0,1696.0,True,25908.0,727.0,True,61077.0,503.0,True,-402.0,780.0,True,2237.0,711.0,True,,,False,0 32 Ne  10    1893#   1696#    25908#    727#    61077#    503#     -402#    780#     2237#    711#        *           
2012,rct2,21,11,32,Na,1522.59,122.4,False,19299.65,1624.32,False,43114.53,120.16,False,6480.89,305.04,False,5273.91,156.12,False,-15170.0,517.0,True,  32 Na  11    1522.59  122.40  19299.65 1624.32  43114.53  120.16   6480.89  305.04   5273.91  156.12 -15170#    517#  
2012,rct2,20,12,32,Mg,5777.79,4.41,False,20378.71,23.5,False,25186.73,3.17,False,1407.33,5.69,False,1355.27,8.03,False,-13582.21,99.72,False,  32 Mg  12    5777.79    4.41  20378.71   23.50  25186.73    3.17   1407.33    5.69   1355.27    8.03 -13582.21   99.72
2012,rct2,19,13,32,Al,4214.87,23.67,False,15265.16,12.49,False,2236.15,12.12,False,8496.01,12.59,False,4368.36,16.63,False,-8132.1,14.18,False,  32 Al  13    4214.87   23.67  15265.16   12.49   2236.15   12.12   8496.01   12.59   4368.36   16.63  -8132.10   14.18
2012,rct2,18,14,32,Si,9199.97,0.3,False,16411.68,20.35,False,-21877.34,1.79,False,2505.57,14.05,False,-1008.97,0.98,False,-7828.46,11.4,False,  32 Si  14    9199.97    0.30  16411.68   20.35 -21877.34    1.79   2505.57   14.05  -1008.97    0.98  -7828.46   11.40
2012,rct2,17,15,32,P,7935.65,0.04,False,8644.81,0.06,False,-45403.0,503.0,True,10838.89,0.05,False,2454.26,0.04,False,-453.81,0.93,False,  32 P   15    7935.65    0.04   8644.81    0.06 -45403#    503#    10838.89    0.05   2454.26    0.04   -453.81    0.93
2012,rct2,16,16,32,S,15044.33,0.23,False,8863.96,0.0,False,,,False,4895.88,0.31,False,-4199.03,0.56,False,1525.95,0.0,False,  32 S   16   15044.33    0.23   8863.96    0.00      *              4895.88    0.31  -4199.03    0.56   1525.95    0.00
2012,rct2,15,17,32,Cl,14339.87,50.0,False,1581.12,0.53,False,,,False,11435.14,0.67,False,-5314.21,50.0,False,9264.18,0.8,False,  32 Cl  17   14339.87   50.00   1581.12    0.53      *             11435.14    0.67  -5314.21   50.00   9264.18    0.80
2012,rct2,14,18,32,Ar,21566.0,206.0,True,2423.2,50.03,False,,,False,4067.0,196.0,True,-11104.0,401.0,True,6602.46,50.03,False,  32 Ar  18   21566#    206#     2423.20   50.03      *              4067#    196#   -11104#    401#     6602.46   50.03
2012,rct2,13,19,32,K,,,False,-2515.0,544.0,True,,,False,10320.0,711.0,True,,,False,12977.0,643.0,True,  32 K   19       *             -2515#    544#        *             10320#    711#        *             12977#    643#  
2012,rct2,23,10,33,Ne,-927.0,780.0,True,,,False,66511.0,596.0,True,1090.0,794.0,True,2750.0,843.0,True,,,False,0 33 Ne  10    -927#    780#        *             66511#    596#     1090#    794#     2750#    843#        *           
2012,rct2,22,11,33,Na,2914.0,608.0,True,20321.0,780.0,True,50305.0,596.0,True,3858.0,1726.0,True,5792.0,659.0,True,-18498.0,843.0,True,  33 Na  11    2914#    608#    20321#    780#    50305#    596#     3858#   1726#     5792#    659#   -18498#    843#  
2012,rct2,21,12,33,Mg,2280.31,4.29,False,21136.43,120.2,False,31548.06,2.89,False,3412.07,23.47,False,1351.59,5.54,False,-12430.97,280.39,False,  33 Mg  12    2280.31    4.29  21136.43  120.20  31548.06    2.89   3412.07   23.47   1351.59    5.54 -12430.97  280.39
2012,rct2,20,13,33,Al,5441.02,76.51,False,14928.4,75.61,False,12535.1,75.55,False,5364.91,75.61,False,5279.55,75.63,False,-11296.5,75.69,False,  33 Al  13    5441.02   76.51  14928.40   75.61  12535.10   75.55   5364.91   75.61   5279.55   75.63 -11296.50   75.69
2012,rct2,19,14,33,Si,4507.96,0.76,False,16704.77,12.13,False,-11130.03,0.81,False,5151.46,20.36,False,222.18,14.06,False,-5984.2,3.52,False,  33 Si  14    4507.96    0.76  16704.77   12.13 -11130.03    0.81   5151.46   20.36    222.18   14.06  -5984.20    3.52
2012,rct2,18,15,33,P,10103.79,1.09,False,9548.63,1.13,False,-33379.0,196.0,True,7322.5,1.09,False,2959.67,1.09,False,-4818.49,14.09,False,  33 P   15   10103.79    1.09   9548.63    1.13 -33379#    196#     7322.50    1.09   2959.67    1.09  -4818.49   14.09
2012,rct2,17,16,33,S,8641.64,0.0,False,9569.95,0.04,False,,,False,8565.49,0.0,False,-1521.19,0.31,False,3493.51,0.02,False,  33 S   16    8641.64    0.00   9569.95    0.04      *              8565.49    0.00  -1521.19    0.31   3493.51    0.02
2012,rct2,16,17,33,Cl,15739.98,0.68,False,2276.77,0.39,False,,,False,8749.99,0.45,False,-2080.27,0.54,False,4843.67,0.5,False,  33 Cl  17   15739.98    0.68   2276.77    0.39      *              8749.99    0.45  -2080.27    0.54   4843.67    0.50
2012,rct2,15,18,33,Ar,15255.26,1.81,False,3338.59,0.69,False,,,False,8392.64,50.0,False,-8963.0,196.0,True,10321.12,0.54,False,  33 Ar  18   15255.26    1.81   3338.59    0.69      *              8392.64   50.00  -8963#    196#    10321.12    0.54
2012,rct2,14,19,33,K,22128.0,540.0,True,-1953.0,196.0,True,,,False,6459.0,284.0,True,-9583.0,540.0,True,8245.0,277.0,True,  33 K   19   22128#    540#    -1953#    196#        *              6459#    284#    -9583#    540#     8245#    277#  
2012,rct2,24,10,34,Ne,1227.0,786.0,True,,,False,72798.0,513.0,True,,,False,2087.0,734.0,True,,,False,0 34 Ne  10    1227#    786#        *             72798#    513#        *              2087#    734#        *           
2012,rct2,23,11,34,Na,750.0,780.0,True,21997.0,780.0,True,55838.0,503.0,True,5001.0,711.0,True,5333.0,1696.0,True,-18683.0,727.0,True,  34 Na  11     750#    780#    21997#    780#    55838#    503#     5001#    711#     5333#   1696#   -18683#    727#  
2012,rct2,22,12,34,Mg,4710.17,29.02,False,22933.0,597.0,True,38255.04,28.88,False,224.5,123.58,False,926.47,37.1,False,-16850.59,1620.13,False,  34 Mg  12    4710.17   29.02  22933#    597#    38255.04   28.88    224.50  123.58    926.47   37.10 -16850.59 1620.13
2012,rct2,21,13,34,Al,2671.99,102.29,False,15320.08,69.02,False,21371.19,68.96,False,8470.71,69.04,False,4917.49,69.03,False,-9683.43,72.79,False,  34 Al  13    2671.99  102.29  15320.08   69.02  21371.19   68.96   8470.71   69.04   4917.49   69.03  -9683.43   72.79
2012,rct2,20,14,34,Si,7513.72,14.13,False,18777.47,76.85,False,-1578.44,14.12,False,1852.61,18.6,False,-137.7,24.76,False,-11187.99,14.45,False,  34 Si  14    7513.72   14.13  18777.47   76.85  -1578.44   14.12   1852.61   18.60   -137.70   24.76 -11187.99   14.45
2012,rct2,19,15,34,P,6282.67,1.36,False,11323.34,1.07,False,-23328.0,298.0,True,10239.79,0.86,False,3264.39,0.81,False,-3947.32,20.36,False,  34 P   15    6282.67    1.36  11323.34    1.07 -23328#    298#    10239.79    0.86   3264.39    0.81  -3947.32   20.36
2012,rct2,18,16,34,S,11417.16,0.04,False,10883.32,1.09,False,-43783.0,298.0,True,5083.99,0.06,False,-627.1,0.04,False,-1336.25,0.06,False,  34 S   16   11417.16    0.04  10883.32    1.09 -43783#    298#     5083.99    0.06   -627.10    0.04  -1336.25    0.06
2012,rct2,17,17,34,Cl,11508.07,0.39,False,5143.2,0.05,False,,,False,12286.25,0.05,False,-533.51,0.23,False,5646.86,0.05,False,  34 Cl  17   11508.07    0.39   5143.20    0.05      *             12286.25    0.05   -533.51    0.23   5646.86    0.05
2012,rct2,16,18,34,Ar,17065.32,0.41,False,4663.93,0.4,False,,,False,5667.19,0.57,False,-6448.11,50.0,False,6310.63,0.24,False,  34 Ar  18   17065.32    0.41   4663.93    0.40      *              5667.19    0.57  -6448.11   50.00   6310.63    0.24
2012,rct2,15,19,34,K,16334.0,357.0,True,-875.0,298.0,True,,,False,11691.0,298.0,True,-7650.0,362.0,True,11492.0,302.0,True,  34 K   19   16334#    357#     -875#    298#        *             11691#    298#    -7650#    362#    11492#    302#  
2012,rct2,14,20,34,Ca,,,False,480.0,357.0,True,,,False,3464.0,585.0,True,,,False,8204.0,362.0,True,  34 Ca  20       *               480#    357#        *              3464#    585#        *              8204#    362#  
2012,rct2,24,11,35,Na,1520.0,300.0,True,22290.0,778.0,True,62698.0,586.0,True,2554.0,836.0,True,5705.0,772.0,True,,,False,0 35 Na  11    1520#    300#    22290#    778#    62698#    586#     2554#    836#     5705#    772#        *           
2012,rct2,23,12,35,Mg,754.88,182.08,False,22938.0,534.0,True,44486.0,179.78,False,2383.0,623.0,True,1694.18,216.24,False,-15713.0,534.0,True,  35 Mg  12     754.88  182.08  22938#    534#    44486.00  179.78   2383#    623#     1694.18  216.24 -15713#    534#  
2012,rct2,22,13,35,Al,5222.25,98.17,False,15832.15,75.59,False,28793.71,69.86,False,5528.77,69.92,False,5473.03,69.93,False,-13383.09,139.0,False,  35 Al  13    5222.25   98.17  15832.15   75.59  28793.71   69.86   5528.77   69.92   5473.03   69.93 -13383.09  139.00
2012,rct2,21,14,35,Si,2474.99,40.92,False,18580.47,78.94,False,8687.01,38.42,False,4818.64,84.75,False,1602.18,40.28,False,-7885.19,38.54,False,  35 Si  14    2474.99   40.92  18580.47   78.94   8687.01   38.42   4818.64   84.75   1602.18   40.28  -7885.19   38.54
2012,rct2,20,15,35,P,8380.41,2.03,False,12190.03,14.24,False,-13684.9,1.94,False,6367.34,1.99,False,4083.95,1.89,False,-8112.86,12.25,False,  35 P   15    8380.41    2.03  12190.03   14.24 -13684.90    1.94   6367.34    1.99   4083.95    1.89  -8112.86   12.25
2012,rct2,19,16,35,S,6985.84,0.04,False,11586.49,0.81,False,-33634.0,196.0,True,8201.94,1.09,False,322.71,0.06,False,877.87,0.3,False,  35 S   16    6985.84    0.04  11586.49    0.81 -33634#    196#     8201.94    1.09    322.71    0.06    877.87    0.30
2012,rct2,18,17,35,Cl,12644.77,0.05,False,6370.82,0.04,False,,,False,8283.12,0.04,False,1866.05,0.04,False,937.74,0.05,False,  35 Cl  17   12644.77    0.05   6370.82    0.04      *              8283.12    0.04   1866.05    0.04    937.74    0.05
2012,rct2,17,18,35,Ar,12740.43,0.75,False,5896.29,0.75,False,,,False,8666.73,0.84,False,-4848.68,0.93,False,8614.53,0.75,False,  35 Ar  18   12740.43    0.75   5896.29    0.75      *              8666.73    0.84  -4848.68    0.93   8614.53    0.75
2012,rct2,16,19,35,K,18024.0,298.0,True,83.57,0.52,False,,,False,8922.21,0.65,False,-4108.48,1.84,False,7808.19,0.76,False,  35 K   19   18024#    298#       83.57    0.52      *              8922.21    0.65  -4108.48    1.84   7808.19    0.76
2012,rct2,15,20,35,Ca,17135.0,357.0,True,1281.0,357.0,True,,,False,8457.0,277.0,True,-11446.0,540.0,True,12635.0,196.0,True,  35 Ca  20   17135#    357#     1281#    357#        *              8457#    277#   -11446#    540#    12635#    196#  
2012,rct2,25,11,36,Na,0.0,100.0,True,,,False,66163.0,594.0,True,3781.0,785.0,True,4778.0,842.0,True,,,False,0 36 Na  11       0#    100#        *             66163#    594#     3781#    785#     4778#    842#        *           
2012,rct2,24,12,36,Mg,3330.94,494.03,False,24749.0,745.0,True,51044.28,460.16,False,-198.0,682.0,True,1277.0,753.0,True,-19971.0,753.0,True,  36 Mg  12    3330.94  494.03  24749#    745#    51044.28  460.16   -198#    682#     1277#    753#   -19971#    753#  
2012,rct2,23,13,36,Al,1901.1,121.72,False,16978.37,205.56,False,35472.4,99.67,False,8337.84,103.77,False,5852.23,99.71,False,-12371.0,604.0,True,  36 Al  13    1901.10  121.72  16978.37  205.56  35472.40   99.67   8337.84  103.77   5852.23   99.71 -12371#    604#  
2012,rct2,22,14,36,Si,6104.24,81.01,False,19462.46,99.84,False,17838.22,71.32,False,1386.38,99.21,False,938.96,103.89,False,-11709.13,71.38,False,  36 Si  14    6104.24   81.01  19462.46   99.84  17838.22   71.32   1386.38   99.21    938.96  103.89 -11709.13   71.38
2012,rct2,21,15,36,P,3464.55,13.24,False,13179.6,40.59,False,-2833.96,13.12,False,10416.51,19.27,False,5127.35,13.13,False,-6136.39,76.68,False,  36 P   15    3464.55   13.24  13179.60   40.59  -2833.96   13.12  10416.51   19.27   5127.35   13.13  -6136.39   76.68
2012,rct2,20,16,36,S,9889.22,0.19,False,13095.3,1.86,False,-24212.97,40.0,False,4595.38,0.83,False,537.28,1.11,False,-4503.4,0.72,False,  36 S   16    9889.22    0.19  13095.30    1.86 -24212.97   40.00   4595.38    0.83    537.28    1.11  -4503.40    0.72
2012,rct2,19,17,36,Cl,8579.79,0.0,False,7964.77,0.03,False,-44873.0,298.0,True,11120.48,0.04,False,1927.89,0.04,False,2461.73,1.09,False,  36 Cl  17    8579.79    0.00   7964.77    0.03 -44873#    298#    11120.48    0.04   1927.89    0.04   2461.73    1.09
2012,rct2,18,18,36,Ar,15255.45,0.75,False,8506.97,0.04,False,,,False,4919.35,0.06,False,-4364.15,0.39,False,2000.72,0.03,False,  36 Ar  18   15255.45    0.75   8506.97    0.04      *              4919.35    0.06  -4364.15    0.39   2000.72    0.03
2012,rct2,17,19,36,K,14315.49,0.62,False,1658.63,0.82,False,,,False,11672.03,0.35,False,-3168.72,0.53,False,9232.67,0.52,False,  36 K   19   14315.49    0.62   1658.63    0.82      *             11672.03    0.35  -3168.72    0.53   9232.67    0.52
2012,rct2,16,20,36,Ca,19310.0,200.0,True,2567.23,40.0,False,,,False,5480.0,301.0,True,-8629.0,200.0,True,8579.54,40.0,False,  36 Ca  20   19310#    200#     2567.23   40.00      *              5480#    301#    -8629#    200#     8579.54   40.00
2012,rct2,15,21,36,Sc,,,False,-3274.0,357.0,True,,,False,12211.0,422.0,True,,,False,13955.0,357.0,True,  36 Sc  21       *             -3274#    357#        *             12211#    422#        *             13955#    357#  
2012,rct2,26,11,37,Na,840.0,180.0,True,,,False,72139.0,606.0,True,,,False,5165.0,793.0,True,,,False,0 37 Na  11     840#    180#        *             72139#    606#        *              5165#    793#        *           
2012,rct2,25,12,37,Mg,162.0,682.0,True,24911.0,778.0,True,55186.0,503.0,True,1160.0,772.0,True,1865.0,711.0,True,-18906.0,718.0,True,  37 Mg  12     162#    682#    24911#    778#    55186#    503#     1160#    772#     1865#    711#   -18906#    718#  
2012,rct2,24,13,37,Al,4212.14,156.12,False,17859.56,475.59,False,41571.08,120.16,False,4880.59,216.24,False,6350.27,123.58,False,-15833.0,517.0,True,  37 Al  13    4212.14  156.12  17859.56  475.59  41571.08  120.16   4880.59  216.24   6350.27  123.58 -15833#    517#  
2012,rct2,23,14,37,Si,2272.28,109.41,False,19833.64,129.69,False,24353.36,82.97,False,4336.35,108.47,False,1338.67,107.89,False,-9271.23,87.85,False,  37 Si  14    2272.28  109.41  19833.64  129.69  24353.36   82.97   4336.35  108.47   1338.67  107.89  -9271.23   87.85
2012,rct2,22,15,37,P,6816.39,40.15,False,13891.75,80.79,False,5804.09,37.95,False,6075.1,53.99,False,5824.68,40.49,False,-10280.8,78.71,False,  37 P   15    6816.39   40.15  13891.75   80.79   5804.09   37.95   6075.10   53.99   5824.68   40.49 -10280.80   78.71
2012,rct2,21,16,37,S,4303.6,0.06,False,13934.35,13.11,False,-13760.34,0.66,False,8672.19,1.86,False,2516.34,0.83,False,-1293.28,14.12,False,  37 S   16    4303.60    0.06  13934.35   13.11 -13760.34    0.66   8672.19    1.86   2516.34    0.83  -1293.28   14.12
2012,rct2,20,17,37,Cl,10310.82,0.06,False,8386.37,0.19,False,-35245.0,298.0,True,7795.5,0.07,False,3034.23,0.07,False,-1566.42,0.81,False,  37 Cl  17   10310.82    0.06   8386.37    0.19 -35245#    298#     7795.50    0.07   3034.23    0.07  -1566.42    0.81
2012,rct2,19,18,37,Ar,8787.43,0.21,False,8714.6,0.21,False,,,False,8776.7,0.21,False,-1643.51,0.21,False,4630.45,0.21,False,  37 Ar  18    8787.43    0.21   8714.60    0.21      *              8776.70    0.21  -1643.51    0.21   4630.45    0.21
2012,rct2,18,19,37,K,15454.45,0.35,False,1857.63,0.09,False,,,False,8958.02,0.75,False,-1557.85,0.12,False,5286.29,0.11,False,  37 K   19   15454.45    0.35   1857.63    0.09      *              8958.02    0.75  -1557.85    0.12   5286.29    0.11
2012,rct2,17,20,37,Ca,14756.23,40.01,False,3007.97,0.72,False,,,False,8747.63,0.82,False,-7052.0,298.0,True,10888.63,0.64,False,  37 Ca  20   14756.23   40.01   3007.97    0.72      *              8747.63    0.82  -7052#    298#    10888.63    0.64
2012,rct2,16,21,37,Sc,19939.0,422.0,True,-2646.0,301.0,True,,,False,9407.0,357.0,True,-5503.0,422.0,True,10350.0,422.0,True,  37 Sc  21   19939#    422#    -2646#    301#        *              9407#    357#    -5503#    422#    10350#    422#  
2012,rct2,26,12,38,Mg,2287.0,711.0,True,26358.0,786.0,True,60935.0,503.0,True,-1127.0,778.0,True,1098.0,772.0,True,,,False,0 38 Mg  12    2287#    711#    26358#    786#    60935#    503#    -1127#    778#     1098#    772#        *           
2012,rct2,25,13,38,Al,1671.02,277.05,False,19369.0,562.0,True,46007.95,249.64,False,6540.51,523.51,False,5434.13,307.64,False,-15984.0,637.0,True,  38 Al  13    1671.02  277.05  19369#    562#    46007.95  249.64   6540.51  523.51   5434.13  307.64 -15984#    637#  
2012,rct2,24,14,38,Si,5647.33,108.47,False,21268.83,139.0,False,30544.52,69.86,False,590.12,121.72,False,913.59,98.8,False,-14163.68,192.88,False,  38 Si  14    5647.33  108.47  21268.83  139.00  30544.52   69.86    590.12  121.72    913.59   98.80 -14163.68  192.88
2012,rct2,23,15,38,P,3744.77,94.71,False,15364.24,120.06,False,14131.2,86.78,False,8434.57,112.33,False,4554.9,94.9,False,-8803.32,111.41,False,  38 P   15    3744.77   94.71  15364.24  120.06  14131.20   86.78   8434.57  112.33   4554.90   94.90  -8803.32  111.41
2012,rct2,22,16,38,S,8036.09,7.17,False,15154.05,38.62,False,-4802.69,7.17,False,4100.65,14.95,False,2860.66,7.41,False,-6854.39,39.08,False,  38 S   16    8036.09    7.17  15154.05   38.62  -4802.69    7.17   4100.65   14.95   2860.66    7.41  -6854.39   39.08
2012,rct2,21,17,38,Cl,6107.88,0.08,False,10190.65,0.21,False,-25252.0,196.0,True,11576.84,0.2,False,3912.19,0.11,False,706.11,1.87,False,  38 Cl  17    6107.88    0.08  10190.65    0.21 -25252#    196#    11576.84    0.20   3912.19    0.11    706.11    1.87
2012,rct2,20,18,38,Ar,11838.49,0.28,False,10242.27,0.2,False,-45380.0,298.0,True,5518.0,0.2,False,-837.22,0.2,False,-222.2,0.2,False,  38 Ar  18   11838.49    0.28  10242.27    0.20 -45380#    298#     5518.00    0.20   -837.22    0.20   -222.20    0.20
2012,rct2,19,19,38,K,12071.87,0.22,False,5142.08,0.28,False,,,False,12141.59,0.2,False,-889.29,0.77,False,5859.19,0.2,False,  38 K   19   12071.87    0.22   5142.08    0.28      *             12141.59    0.20   -889.29    0.77   5859.19    0.20
2012,rct2,18,20,38,Ca,16993.75,0.66,False,4547.27,0.22,False,,,False,6069.37,0.39,False,-6021.55,0.55,False,6635.31,0.77,False,  38 Ca  20   16993.75    0.66   4547.27    0.22      *              6069.37    0.39  -6021.55    0.55   6635.31    0.77
2012,rct2,17,21,38,Sc,16101.0,357.0,True,-1301.0,196.0,True,,,False,12616.0,200.0,True,-4470.0,277.0,True,12274.0,196.0,True,  38 Sc  21   16101#    357#    -1301#    196#        *             12616#    200#    -4470#    277#    12274#    196#  
2012,rct2,16,22,38,Ti,,,False,107.0,422.0,True,,,False,6025.0,422.0,True,,,False,11524.0,357.0,True,  38 Ti  22       *               107#    422#        *              6025#    422#        *             11524#    357#  
2012,rct2,27,12,39,Mg,-130.0,100.0,True,,,False,65438.0,515.0,True,-157.0,793.0,True,1228.0,785.0,True,,,False,0 39 Mg  12    -130#    100#        *             65438#    515#     -157#    793#     1228#    785#        *           
2012,rct2,26,13,39,Al,3285.0,562.0,True,20367.0,711.0,True,50796.0,503.0,True,3417.0,711.0,True,5480.0,682.0,True,-19269.0,778.0,True,  39 Al  13    3285#    562#    20367#    711#    50796#    503#     3417#    711#     5480#    682#   -19269#    778#  
2012,rct2,25,14,39,Si,1580.67,114.21,False,21178.48,265.49,False,35562.54,90.49,False,3221.59,150.34,False,1234.02,134.53,False,-12413.4,468.95,False,  39 Si  14    1580.67  114.21  21178.48  265.49  35562.54   90.49   3221.59  150.34   1234.02  134.53 -12413.40  468.95
2012,rct2,24,15,39,P,6231.03,126.05,False,15947.94,115.06,False,20977.92,91.42,False,4475.82,123.46,False,4428.11,115.95,False,-13133.26,135.25,False,  39 P   15    6231.03  126.05  15947.94  115.06  20977.92   91.42   4475.82  123.46   4428.11  115.95 -13133.26  135.25
2012,rct2,23,16,39,S,4372.48,50.51,False,15781.76,100.15,False,4120.36,50.0,False,6544.56,62.77,False,1952.74,51.69,False,-5122.62,87.1,False,  39 S   16    4372.48   50.51  15781.76  100.15   4120.36   50.00   6544.56   62.77   1952.74   51.69  -5122.62   87.10
2012,rct2,22,17,39,Cl,8073.42,1.73,False,10227.98,7.38,False,-15627.48,24.06,False,7807.02,1.74,False,5727.99,1.74,False,-3902.76,13.23,False,  39 Cl  17    8073.42    1.73  10227.98    7.38 -15627.48   24.06   7807.02    1.74   5727.99    1.74  -3902.76   13.23
2012,rct2,21,18,39,Ar,6598.69,5.0,False,10733.07,5.0,False,-35441.0,205.0,True,9230.14,5.0,False,1143.88,5.0,False,3068.34,5.0,False,  39 Ar  18    6598.69    5.00  10733.07    5.00 -35441#    205#     9230.14    5.00   1143.88    5.00   3068.34    5.00
2012,rct2,20,19,39,K,13077.75,0.2,False,6381.34,0.19,False,,,False,7851.26,0.21,False,1288.4,0.03,False,1361.23,0.04,False,  39 K   19   13077.75    0.20   6381.34    0.19      *              7851.26    0.21   1288.40    0.03   1361.23    0.04
2012,rct2,19,20,39,Ca,13295.52,0.63,False,5770.92,0.63,False,,,False,8228.3,0.6,False,-5001.58,0.69,False,8595.24,0.6,False,  39 Ca  20   13295.52    0.63   5770.92    0.63      *              8228.30    0.60  -5001.58    0.69   8595.24    0.60
2012,rct2,18,21,39,Sc,17698.0,197.0,True,-596.82,24.0,False,,,False,9674.16,24.01,False,-2857.5,46.65,False,8890.76,24.0,False,  39 Sc  21   17698#    197#     -596.82   24.00      *              9674.16   24.01  -2857.50   46.65   8890.76   24.00
2012,rct2,17,22,39,Ti,16539.0,362.0,True,545.0,283.0,True,,,False,9425.0,362.0,True,-8289.0,362.0,True,14296.0,209.0,True,  39 Ti  22   16539#    362#      545#    283#        *              9425#    362#    -8289#    362#    14296#    209#  
2012,rct2,28,12,40,Mg,1741.0,786.0,True,,,False,71443.0,596.0,True,,,False,327.0,849.0,True,,,False,0 40 Mg  12    1741#    786#        *             71443#    596#        *               327#    849#        *           
2012,rct2,27,13,40,Al,1094.0,711.0,True,21592.0,718.0,True,55531.0,504.0,True,4610.0,711.0,True,4547.0,711.0,True,-19524.0,786.0,True,  40 Al  13    1094#    711#    21592#    718#    55531#    504#     4610#    711#     4547#    711#   -19524#    786#  
2012,rct2,26,14,40,Si,4961.99,247.18,False,22855.0,553.0,True,40469.57,230.08,False,-69.37,339.49,False,484.17,259.57,False,-17213.0,553.0,True,  40 Si  14    4961.99  247.18  22855#    553#    40469.57  230.08    -69.37  339.49    484.17  259.57 -17213#    553#  
2012,rct2,25,15,40,P,3316.47,143.96,False,17683.75,143.28,False,25461.07,111.2,False,6806.68,131.32,False,3383.92,138.74,False,-12237.59,163.72,False,  40 P   15    3316.47  143.96  17683.75  143.28  25461.07  111.20   6806.68  131.32   3383.92  138.74 -12237.59  163.72
2012,rct2,24,16,40,S,7746.82,50.16,False,17297.54,91.51,False,12008.54,3.98,False,2542.52,86.87,False,1022.31,38.16,False,-10597.16,83.07,False,  40 S   16    7746.82   50.16  17297.54   91.51  12008.54    3.98   2542.52   86.87   1022.31   38.16 -10597.16   83.07
2012,rct2,23,17,40,Cl,5828.94,32.11,False,11684.44,59.4,False,-7034.48,32.19,False,10014.18,32.86,False,4202.65,32.07,False,-2915.31,49.68,False,  40 Cl  17    5828.94   32.11  11684.44   59.40  -7034.48   32.19  10014.18   32.86   4202.65   32.07  -2915.31   49.68
2012,rct2,22,18,40,Ar,9869.02,5.0,False,12528.67,1.73,False,-26189.51,160.0,False,5469.0,0.1,False,1585.68,0.05,False,-2497.08,0.2,False,  40 Ar  18    9869.02    5.00  12528.67    1.73 -26189.51  160.00   5469.00    0.10   1585.68    0.05  -2497.08    0.20
2012,rct2,21,19,40,K,7799.62,0.06,False,7582.27,5.0,False,-45421.0,401.0,True,11890.13,0.2,False,2276.21,0.21,False,3872.43,0.08,False,  40 K   19    7799.62    0.06   7582.27    5.00 -45421#    401#    11890.13    0.20   2276.21    0.21   3872.43    0.08
2012,rct2,20,20,40,Ca,15635.0,0.6,False,8328.17,0.02,False,,,False,4665.17,0.2,False,-5182.13,0.1,False,1747.66,0.21,False,  40 Ca  20   15635.00    0.60   8328.17    0.02      *              4665.17    0.20  -5182.13    0.10   1747.66    0.21
2012,rct2,19,21,40,Sc,14421.94,24.17,False,529.6,2.89,False,,,False,12245.97,2.83,False,-2523.22,2.9,False,9923.26,2.83,False,  40 Sc  21   14421.94   24.17    529.60    2.89      *             12245.97    2.83  -2523.22    2.90   9923.26    2.83
2012,rct2,18,22,40,Ti,19120.0,260.0,True,1966.65,161.79,False,,,False,6406.0,253.0,True,-7470.0,338.0,True,9932.08,160.0,False,  40 Ti  22   19120#    260#     1966.65  161.79      *              6406#    253#    -7470#    338#     9932.08  160.00
2012,rct2,17,23,40,V,,,False,-2399.0,450.0,True,,,False,11931.0,499.0,True,,,False,14048.0,499.0,True,  40 V   23       *             -2399#    450#        *             11931#    499#        *             14048#    499#  
2012,rct2,28,13,41,Al,2156.0,780.0,True,22007.0,843.0,True,61195.0,600.0,True,2323.0,786.0,True,4678.0,780.0,True,,,False,0 41 Al  13    2156#    780#    22007#    843#    61195#    600#     2323#    786#     4678#    780#        *           
2012,rct2,27,14,41,Si,1381.33,435.53,False,23142.0,624.0,True,45187.17,369.8,False,1835.0,624.0,True,773.86,446.18,False,-16308.0,624.0,True,  41 Si  14    1381.33  435.53  23142#    624#    45187.17  369.80   1835#    624#      773.86  446.18 -16308#    624#  
2012,rct2,26,15,41,P,4976.66,137.05,False,17698.42,243.63,False,30579.78,80.11,False,3410.69,120.75,False,4054.59,106.29,False,-15543.22,262.18,False,  41 P   15    4976.66  137.05  17698.42  243.63  30579.78   80.11   3410.69  120.75   4054.59  106.29 -15543.22  262.18
2012,rct2,25,16,41,S,4242.05,5.71,False,18223.12,111.27,False,16129.31,4.1,False,4531.5,91.51,False,525.03,86.88,False,-9191.88,69.98,False,  41 S   16    4242.05    5.71  18223.12  111.27  16129.31    4.10   4531.50   91.51    525.03   86.88  -9191.88   69.98
2012,rct2,24,17,41,Cl,7820.69,75.84,False,11758.31,68.84,False,1335.22,68.72,False,6565.96,84.99,False,4418.05,69.1,False,-6991.23,110.7,False,  41 Cl  17    7820.69   75.84  11758.31   68.84   1335.22   68.72   6565.96   84.99   4418.05   69.10  -6991.23  110.70
2012,rct2,23,18,41,Ar,6098.93,0.35,False,12798.66,32.07,False,-17369.97,27.95,False,7443.49,1.77,False,1594.64,0.36,False,-559.92,7.18,False,  41 Ar  18    6098.93    0.35  12798.66   32.07 -17369.97   27.95   7443.49    1.77   1594.64    0.36   -559.92    7.18
2012,rct2,22,19,41,K,10095.37,0.06,False,7808.62,0.0,False,-35755.0,298.0,True,8393.45,5.0,False,4019.33,0.2,False,-115.06,0.1,False,  41 K   19   10095.37    0.06   7808.62    0.00 -35755#    298#     8393.45    5.00   4019.33    0.20   -115.06    0.10
2012,rct2,21,20,41,Ca,8362.82,0.14,False,8891.37,0.15,False,,,False,9380.11,0.14,False,-1473.08,0.24,False,5223.33,0.24,False,  41 Ca  20    8362.82    0.14   8891.37    0.15      *              9380.11    0.14  -1473.08    0.24   5223.33    0.24
2012,rct2,20,21,41,Sc,16190.39,2.83,False,1085.0,0.08,False,,,False,9351.1,0.6,False,-1719.86,0.21,False,5804.74,0.21,False,  41 Sc  21   16190.39    2.83   1085.00    0.08      *              9351.10    0.60  -1719.86    0.21   5804.74    0.21
2012,rct2,19,22,41,Ti,14918.47,162.42,False,2463.17,28.09,False,,,False,9185.98,36.84,False,-6288.0,198.0,True,12007.37,27.95,False,  41 Ti  22   14918.47  162.42   2463.17   28.09      *              9185.98   36.84  -6288#    198#    12007.37   27.95
2012,rct2,18,23,41,V,19762.0,499.0,True,-1757.0,338.0,True,,,False,8708.0,362.0,True,-5606.0,422.0,True,10388.0,357.0,True,  41 V   23   19762#    499#    -1757#    338#        *              8708#    362#    -5606#    422#    10388#    357#  
2012,rct2,29,13,42,Al,1122.0,843.0,True,,,False,65750.0,613.0,True,2942.0,843.0,True,3425.0,786.0,True,,,False,0 42 Al  13    1122#    843#        *             65750#    613#     2942#    843#     3425#    786#        *           
2012,rct2,28,14,42,Si,3629.0,624.0,True,24615.0,780.0,True,50985.0,503.0,True,-700.0,711.0,True,430.0,711.0,True,-20067.0,718.0,True,  42 Si  14    3629#    624#    24615#    780#    50985#    503#     -700#    711#      430#    711#   -20067#    718#  
2012,rct2,27,15,42,P,2081.81,224.37,False,18398.9,425.07,False,36031.77,209.59,False,6290.87,311.23,False,3553.44,228.23,False,-14340.0,545.0,True,  42 P   15    2081.81  224.37  18398.90  425.07  36031.77  209.59   6290.87  311.23   3553.44  228.23 -14340#    545#  
2012,rct2,26,16,42,S,6700.49,4.96,False,19946.95,80.16,False,20909.5,2.8,False,1147.49,111.23,False,55.58,91.47,False,-14311.7,90.4,False,  42 S   16    6700.49    4.96  19946.95   80.16  20909.50    2.80   1147.49  111.23     55.58   91.47 -14311.70   90.40
2012,rct2,25,17,42,Cl,5677.12,159.34,False,13193.38,143.82,False,7208.15,143.76,False,8635.66,143.82,False,3113.41,152.21,False,-6437.32,170.37,False,  42 Cl  17    5677.12  159.34  13193.38  143.82   7208.15  143.76   8635.66  143.82   3113.41  152.21  -6437.32  170.37
2012,rct2,24,18,42,Ar,9426.49,5.79,False,14404.46,68.97,False,-9318.01,5.78,False,3845.94,32.58,False,241.57,6.03,False,-5613.93,50.33,False,  42 Ar  18    9426.49    5.79  14404.46   68.97  -9318.01    5.78   3845.94   32.58    241.57    6.03  -5613.93   50.33
2012,rct2,23,19,42,K,7533.8,0.11,False,9243.49,0.36,False,-27402.0,298.0,True,10728.67,0.11,False,3084.22,5.0,False,424.57,1.74,False,  42 K   19    7533.80    0.11   9243.49    0.36 -27402#    298#    10728.67    0.11   3084.22    5.00    424.57    1.74
2012,rct2,22,20,42,Ca,11480.67,0.06,False,10276.67,0.15,False,-44788.0,401.0,True,5699.06,0.16,False,124.0,0.15,False,341.35,5.0,False,  42 Ca  20   11480.67    0.06  10276.67    0.15 -44788#    401#     5699.06    0.16    124.00    0.15    341.35    5.00
2012,rct2,21,21,42,Sc,11550.05,0.16,False,4272.23,0.1,False,,,False,13436.05,0.17,False,25.61,0.62,False,7332.45,0.17,False,  42 Sc  21   11550.05    0.16   4272.23    0.10      *             13436.05    0.17     25.61    0.62   7332.45    0.17
2012,rct2,20,22,42,Ti,17478.44,27.95,False,3751.22,0.27,False,,,False,6129.48,2.84,False,-6067.9,24.0,False,7824.44,0.66,False,  42 Ti  22   17478.44   27.95   3751.22    0.27      *              6129.48    2.84  -6067.90   24.00   7824.44    0.66
2012,rct2,19,23,42,V,15887.0,422.0,True,-789.0,299.0,True,,,False,11942.0,338.0,True,-4954.0,362.0,True,12199.0,299.0,True,  42 V   23   15887#    422#     -789#    299#        *             11942#    338#    -4954#    362#    12199#    299#  
2012,rct2,18,24,42,Cr,,,False,1244.0,499.0,True,,,False,5066.0,566.0,True,,,False,9689.0,450.0,True,  42 Cr  24       *              1244#    499#        *              5066#    566#        *              9689#    450#  
2012,rct2,30,13,43,Al,964.0,918.0,True,,,False,72267.0,705.0,True,,,False,4203.0,918.0,True,,,False,0 43 Al  13     964#    918#        *             72267#    705#        *              4203#    918#        *           
2012,rct2,29,14,43,Si,1532.0,780.0,True,25025.0,843.0,True,55111.0,596.0,True,-76.0,843.0,True,-8.0,780.0,True,-19858.0,843.0,True,  43 Si  14    1532#    780#    25025#    843#    55111#    596#      -76#    843#       -8#    780#   -19858#    843#  
2012,rct2,28,15,43,P,4401.23,425.07,False,19171.0,624.0,True,41255.21,369.8,False,3270.96,522.98,False,4114.2,435.53,False,-17647.0,624.0,True,  43 P   15    4401.23  425.07  19171#    624#    41255.21  369.80   3270.96  522.98   4114.20  435.53 -17647#    624#  
2012,rct2,27,16,43,S,2629.03,5.7,False,20494.17,209.65,False,26213.36,4.98,False,3495.11,80.26,False,743.02,111.31,False,-11978.74,230.13,False,  43 S   16    2629.03    5.70  20494.17  209.65  26213.36    4.98   3495.11   80.26    743.02  111.31 -11978.74  230.13
2012,rct2,26,17,43,Cl,7480.95,172.5,False,13973.85,95.38,False,11865.47,95.35,False,5396.76,95.42,False,3379.27,95.42,False,-10601.8,146.47,False,  43 Cl  17    7480.95  172.50  13973.85   95.38  11865.47   95.35   5396.76   95.42   3379.27   95.42 -10601.80  146.47
2012,rct2,25,18,43,Ar,5658.45,7.85,False,14385.79,143.86,False,-2688.72,8.98,False,6008.19,68.93,False,412.06,32.5,False,-3525.56,6.64,False,  43 Ar  18    5658.45    7.85  14385.79  143.86  -2688.72    8.98   6008.19   68.93    412.06   32.50  -3525.56    6.64
2012,rct2,24,19,43,K,9624.68,0.42,False,9441.68,5.79,False,-18659.03,42.85,False,7202.92,0.54,False,3328.56,0.41,False,-3371.17,32.07,False,  43 K   19    9624.68    0.42   9441.68    5.79 -18659.03   42.85   7202.92    0.54   3328.56    0.41  -3371.17   32.07
2012,rct2,23,20,43,Ca,7932.89,0.17,False,10675.76,0.25,False,-36108.0,401.0,True,7861.53,0.23,False,-9.27,0.23,False,2277.48,0.23,False,  43 Ca  20    7932.89    0.17  10675.76    0.25 -36108#    401#     7861.53    0.23     -9.27    0.23   2277.48    0.23
2012,rct2,22,21,43,Sc,12138.27,1.86,False,4929.83,1.86,False,,,False,9660.59,1.86,False,3522.34,1.86,False,2993.79,1.86,False,  43 Sc  21   12138.27    1.86   4929.83    1.86      *              9660.59    1.86   3522.34    1.86   2993.79    1.86
2012,rct2,21,22,43,Ti,12287.74,7.25,False,4488.91,7.25,False,,,False,10032.13,7.25,False,-3933.69,7.78,False,11171.7,7.25,False,  43 Ti  22   12287.74    7.25   4488.91    7.25      *             10032.13    7.25  -3933.69    7.78  11171.70    7.25
2012,rct2,20,23,43,V,18368.0,301.0,True,100.66,42.85,False,,,False,8491.99,51.16,False,-4201.91,165.64,False,8253.38,42.94,False,  43 V   23   18368#    301#      100.66   42.85      *              8491.99   51.16  -4201.91  165.64   8253.38   42.94
2012,rct2,19,24,43,Cr,16613.0,566.0,True,1970.0,499.0,True,,,False,8214.0,499.0,True,-9323.0,566.0,True,12196.0,431.0,True,  43 Cr  24   16613#    566#     1970#    499#        *              8214#    499#    -9323#    566#    12196#    431#  
2012,rct2,30,14,44,Si,2659.0,843.0,True,26720.0,918.0,True,61186.0,596.0,True,-1613.0,843.0,True,-511.0,843.0,True,,,False,0 44 Si  14    2659#    843#    26720#    918#    61186#    596#    -1613#    843#     -511#    843#        *           
2012,rct2,29,15,44,P,2309.0,624.0,True,19948.0,780.0,True,46224.0,503.0,True,4591.0,711.0,True,3186.0,624.0,True,-17799.0,780.0,True,  44 P   15    2309#    624#    19948#    780#    46224#    503#     4591#    711#     3186#    624#   -17799#    780#  
2012,rct2,28,16,44,S,5080.09,7.21,False,21173.03,369.84,False,32264.42,5.23,False,496.83,209.65,False,639.59,80.28,False,-15677.5,369.84,False,  44 S   16    5080.09    7.21  21173.03  369.84  32264.42    5.23    496.83  209.65    639.59   80.28 -15677.50  369.84
2012,rct2,27,17,44,Cl,4358.42,211.13,False,15703.24,188.45,False,17206.25,188.39,False,7738.82,188.4,False,3262.9,188.42,False,-9983.56,204.71,False,  44 Cl  17    4358.42  211.13  15703.24  188.45  17206.25  188.39   7738.82  188.40   3262.90  188.42  -9983.56  204.71
2012,rct2,26,18,44,Ar,8734.76,5.54,False,15639.6,95.35,False,4875.32,1.73,False,2950.54,143.77,False,-502.01,68.74,False,-8018.28,4.39,False,  44 Ar  18    8734.76    5.54  15639.60   95.35   4875.32    1.73   2950.54  143.77   -502.01   68.74  -8018.28    4.39
2012,rct2,25,19,44,K,7277.42,0.59,False,11060.65,5.33,False,-11665.11,181.64,False,9351.99,5.79,False,2150.07,0.54,False,-2827.9,68.72,False,  44 K   19    7277.42    0.59  11060.65    5.33 -11665.11  181.64   9351.99    5.79   2150.07    0.54  -2827.90   68.72
2012,rct2,24,20,44,Ca,11131.16,0.23,False,12182.24,0.52,False,-27832.0,298.0,True,4264.17,0.34,False,-1045.06,0.33,False,-2754.75,0.48,False,  44 Ca  20   11131.16    0.23  12182.24    0.52 -27832#    298#     4264.17    0.34  -1045.06    0.33  -2754.75    0.48
2012,rct2,23,21,44,Sc,9699.2,2.55,False,6696.13,1.74,False,-44476.0,503.0,True,11442.07,1.75,False,2185.96,1.75,False,3389.97,1.76,False,  44 Sc  21    9699.20    2.55   6696.13    1.74 -44476#    503#    11442.07    1.75   2185.96    1.75   3389.97    1.76
2012,rct2,22,22,44,Ti,16298.8,7.28,False,8649.44,1.99,False,,,False,5283.38,0.72,False,-4042.1,0.7,False,3235.72,0.71,False,  44 Ti  22   16298.80    7.28   8649.44    1.99      *              5283.38    0.72  -4042.10    0.70   3235.72    0.71
2012,rct2,21,23,44,V,14271.34,186.63,False,2084.27,181.79,False,,,False,11699.09,181.64,False,-3554.79,183.78,False,10172.43,181.64,False,  44 V   23   14271.34  186.63   2084.27  181.79      *             11699.09  181.64  -3554.79  183.78  10172.43  181.64
2012,rct2,20,24,44,Cr,19408.0,499.0,True,3010.0,301.0,True,,,False,4693.0,422.0,True,-8969.0,422.0,True,7707.0,299.0,True,  44 Cr  24   19408#    499#     3010#    301#        *              4693#    422#    -8969#    422#     7707#    299#  
2012,rct2,19,25,44,Mn,,,False,-1672.0,643.0,True,,,False,11130.0,643.0,True,,,False,12111.0,585.0,True,  44 Mn  25       *             -1672#    643#        *             11130#    643#        *             12111#    585#  
2012,rct2,31,14,45,Si,-629.0,918.0,True,,,False,66984.0,699.0,True,-20.0,988.0,True,1241.0,918.0,True,,,False,0 45 Si  14    -629#    918#        *             66984#    699#      -20#    988#     1241#    918#        *           
2012,rct2,30,15,45,P,3190.0,780.0,True,20479.0,843.0,True,51939.0,596.0,True,2933.0,843.0,True,3625.0,780.0,True,-19867.0,843.0,True,  45 P   15    3190#    780#    20479#    843#    51939#    596#     2933#    843#     3625#    780#   -19867#    843#  
2012,rct2,29,16,45,S,2856.67,690.26,False,21721.0,854.0,True,36822.56,690.24,False,2041.39,783.06,False,-135.27,721.36,False,-14905.0,854.0,True,  45 S   16    2856.67  690.26  21721#    854#    36822.56  690.24   2041.39  783.06   -135.27  721.36 -14905#    854#  
2012,rct2,28,17,45,Cl,5821.33,213.12,False,16444.48,99.81,False,22711.43,99.67,False,4546.52,99.79,False,4142.05,99.71,False,-13723.08,232.08,False,  45 Cl  17    5821.33  213.12  16444.48   99.81  22711.43   99.67   4546.52   99.79   4142.05   99.71 -13723.08  232.08
2012,rct2,27,18,45,Ar,5168.86,1.66,False,16450.04,188.38,False,9238.32,1.02,False,5262.64,95.34,False,6.25,143.76,False,-6486.65,2.84,False,  45 Ar  18    5168.86    1.66  16450.04  188.38   9238.32    1.02   5262.64   95.34      6.25  143.76  -6486.65    2.84
2012,rct2,26,19,45,K,8905.46,0.67,False,11231.35,1.67,False,-4735.09,8.0,False,6104.98,5.34,False,2671.09,5.8,False,-6056.25,143.76,False,  45 K   19    8905.46    0.67  11231.35    1.67  -4735.09    8.00   6104.98    5.34   2671.09    5.80  -6056.25  143.76
2012,rct2,25,20,45,Ca,7414.81,0.17,False,12319.63,0.56,False,-21297.35,35.4,False,6474.04,0.55,False,-926.07,0.38,False,-743.08,5.79,False,  45 Ca  20    7414.81    0.17  12319.63    0.56 -21297.35   35.40   6474.04    0.55   -926.07    0.38   -743.08    5.79
2012,rct2,24,21,45,Sc,11326.52,1.89,False,6891.49,0.77,False,-35939.0,401.0,True,8048.44,0.75,False,2340.12,0.73,False,-402.75,0.73,False,  45 Sc  21   11326.52    1.89   6891.49    0.77 -35939#    401#     8048.44    0.75   2340.12    0.73   -402.75    0.73
2012,rct2,23,22,45,Ti,9531.87,1.13,False,8482.11,1.96,False,-52440.0,401.0,True,7889.78,2.06,False,-2023.92,0.9,False,5184.52,0.89,False,  45 Ti  22    9531.87    1.13   8482.11    1.96 -52440#    401#     7889.78    2.06  -2023.92    0.90   5184.52    0.89
2012,rct2,22,23,45,V,15835.49,181.82,False,1620.95,8.01,False,,,False,8151.34,10.78,False,-1911.83,7.99,False,5887.0,7.98,False,  45 V   23   15835.49  181.82   1620.95    8.01      *              8151.34   10.78  -1911.83    7.99   5887.00    7.98
2012,rct2,21,24,45,Cr,13949.0,300.0,True,2687.39,185.06,False,,,False,9112.36,55.58,False,-7031.0,300.0,True,11236.27,35.4,False,  45 Cr  24   13949#    300#     2687.39  185.06      *              9112.36   55.58  -7031#    300#    11236.27   35.40
2012,rct2,20,25,45,Mn,19864.0,643.0,True,-1216.0,499.0,True,,,False,7879.0,566.0,True,-6509.0,566.0,True,8133.0,499.0,True,  45 Mn  25   19864#    643#    -1216#    499#        *              7879#    566#    -6509#    566#     8133#    499#  
2012,rct2,19,26,45,Fe,,,False,518.0,643.0,True,,,False,,,False,,,False,12837.0,567.0,True,  45 Fe  26       *               518#    643#        *                 *                 *             12837#    567#  
2012,rct2,31,15,46,P,610.0,918.0,True,21718.0,988.0,True,58198.0,699.0,True,4982.0,918.0,True,4547.0,918.0,True,-19513.0,988.0,True,0 46 P   15     610#    918#    21718#    988#    58198#    699#     4982#    918#     4547#    918#   -19513#    988#  
2012,rct2,30,16,46,S,4044.0,854.0,True,22575.0,780.0,True,43176.0,503.0,True,306.0,711.0,True,221.0,624.0,True,-17417.0,780.0,True,  46 S   16    4044#    854#    22575#    780#    43176#    503#      306#    711#      221#    624#   -17417#    780#  
2012,rct2,29,17,46,Cl,3521.9,188.69,False,17109.71,708.59,False,27950.17,160.22,False,6104.71,160.3,False,3249.18,160.29,False,-12843.75,403.02,False,  46 Cl  17    3521.90  188.69  17109.71  708.59  27950.17  160.22   6104.71  160.30   3249.18  160.29 -12843.75  403.02
2012,rct2,28,18,46,Ar,8031.28,40.69,False,18659.99,107.65,False,14396.23,40.69,False,1589.77,192.72,False,-544.08,103.66,False,-11888.9,40.99,False,  46 Ar  18    8031.28   40.69  18659.99  107.65  14396.23   40.69   1589.77  192.72   -544.08  103.66 -11888.90   40.99
2012,rct2,27,19,46,K,6869.6,0.89,False,12932.1,0.89,False,1660.68,0.8,False,7970.14,1.74,False,1459.94,5.36,False,-5444.9,95.34,False,  46 K   19    6869.60    0.89  12932.10    0.89   1660.68    0.80   7970.14    1.74   1459.94    5.36  -5444.90   95.34
2012,rct2,26,20,46,Ca,10397.56,2.29,False,13811.73,2.32,False,-13664.87,20.12,False,3353.9,2.3,False,-1698.95,2.3,False,-5482.19,5.77,False,  46 Ca  20   10397.56    2.29  13811.73    2.32 -13664.87   20.12   3353.90    2.30  -1698.95    2.30  -5482.19    5.77
2012,rct2,25,21,46,Sc,8760.64,0.1,False,8237.32,0.79,False,-28803.0,401.0,True,10418.96,0.78,False,1512.37,0.75,False,461.29,0.84,False,  46 Sc  21    8760.64    0.10   8237.32    0.79 -28803#    401#    10418.96    0.78   1512.37    0.75    461.29    0.84
2012,rct2,24,22,46,Ti,13189.19,0.83,False,10344.79,0.66,False,-44714.0,503.0,True,4399.79,1.79,False,-3074.84,1.89,False,-71.78,0.4,False,  46 Ti  22   13189.19    0.83  10344.79    0.66 -44714#    503#     4399.79    1.79  -3074.84    1.89    -71.78    0.40
2012,rct2,23,23,46,V,13265.37,7.99,False,5354.45,0.84,False,,,False,11184.77,0.78,False,-2889.46,7.25,False,4759.9,1.89,False,  46 V   23   13265.37    7.99   5354.45    0.84      *             11184.77    0.78  -2889.46    7.25   4759.90    1.89
2012,rct2,22,24,46,Cr,18030.05,40.65,False,4881.95,21.53,False,,,False,5353.66,182.74,False,-6693.12,47.28,False,5493.95,21.27,False,  46 Cr  24   18030.05   40.65   4881.95   21.53      *              5353.66  182.74  -6693.12   47.28   5493.95   21.27
2012,rct2,21,25,46,Mn,15896.0,566.0,True,731.0,402.0,True,,,False,11391.0,499.0,True,-5792.0,566.0,True,10606.0,403.0,True,  46 Mn  25   15896#    566#      731#    402#        *             11391#    499#    -5792#    566#    10606#    403#  
2012,rct2,20,26,46,Fe,20916.0,643.0,True,1570.0,643.0,True,,,False,4637.0,711.0,True,,,False,8534.0,643.0,True,  46 Fe  26   20916#    643#     1570#    643#        *              4637#    711#        *              8534#    643#  
2012,rct2,32,15,47,P,1616.0,1063.0,True,,,False,64952.0,801.0,True,2737.0,1063.0,True,5591.0,999.0,True,,,False,0 47 P   15    1616#   1063#        *             64952#    801#     2737#   1063#     5591#    999#        *           
2012,rct2,31,16,47,S,703.0,711.0,True,22668.0,861.0,True,49749.0,503.0,True,2793.0,780.0,True,1827.0,711.0,True,-15461.0,780.0,True,  47 S   16     703#    711#    22668#    861#    49749#    503#     2793#    780#     1827#    711#   -15461#    780#  
2012,rct2,30,17,47,Cl,4358.0,431.0,True,17424.0,643.0,True,34238.0,401.0,True,4603.0,798.0,True,3971.0,401.0,True,-14893.0,643.0,True,  47 Cl  17    4358#    431#    17424#    643#    34238#    401#     4603#    798#     3971#    401#   -14893#    643#  
2012,rct2,29,18,47,Ar,3551.57,80.0,False,18689.65,183.64,False,19725.39,89.75,False,3859.54,134.12,False,262.77,208.67,False,-10360.38,89.9,False,  47 Ar  18    3551.57   80.00  18689.65  183.64  19725.39   89.75   3859.54  134.12    262.77  208.67 -10360.38   89.90
2012,rct2,28,19,47,K,8369.37,1.57,False,13270.18,40.71,False,6293.83,1.44,False,4769.63,1.49,False,1825.33,2.11,False,-9455.84,188.38,False,  47 K   19    8369.37    1.57  13270.18   40.71   6293.83    1.44   4769.63    1.49   1825.33    2.11  -9455.84  188.38
2012,rct2,27,20,47,Ca,7276.37,0.27,False,14218.5,2.36,False,-7782.57,7.31,False,4982.99,2.31,False,-1697.91,2.29,False,-4023.8,2.75,False,  47 Ca  20    7276.37    0.27  14218.50    2.36  -7782.57    7.31   4982.99    2.31  -1697.91    2.29  -4023.80    2.75
2012,rct2,26,21,47,Sc,10646.45,2.05,False,8486.2,1.21,False,-21770.19,31.73,False,7187.33,1.99,False,1997.08,1.99,False,-2907.74,2.01,False,  47 Sc  21   10646.45    2.05   8486.20    1.21 -21770.19   31.73   7187.33    1.99   1997.08    1.99  -2907.74    2.01
2012,rct2,25,22,47,Ti,8880.72,0.15,False,10464.87,0.68,False,-37345.0,503.0,True,6845.58,0.68,False,-2256.37,1.79,False,2178.66,0.48,False,  47 Ti  22    8880.72    0.15  10464.87    0.68 -37345#    503#     6845.58    0.68  -2256.37    1.79   2178.66    0.48
2012,rct2,24,23,47,V,13002.52,0.11,False,5167.78,0.07,False,-51852.0,801.0,True,7714.13,0.84,False,406.82,0.78,False,1456.58,1.79,False,  47 V   23   13002.52    0.11   5167.78    0.07 -51852#    801#     7714.13    0.84    406.82    0.78   1456.58    1.79
2012,rct2,23,24,47,Cr,13158.67,21.17,False,4775.26,6.96,False,,,False,8030.47,10.58,False,-5580.45,181.77,False,8634.08,6.99,False,  47 Cr  24   13158.67   21.17   4775.26    6.96      *              8030.47   10.58  -5580.45  181.77   8634.08    6.99
2012,rct2,22,25,47,Mn,17680.0,402.0,True,380.88,37.45,False,,,False,7660.16,47.5,False,-4064.0,300.0,True,7197.34,184.38,False,  47 Mn  25   17680#    402#      380.88   37.45      *              7660.16   47.50  -4064#    300#     7197.34  184.38
2012,rct2,21,26,47,Fe,16250.0,711.0,True,1924.0,643.0,True,,,False,8252.0,643.0,True,-9388.0,711.0,True,11692.0,585.0,True,  47 Fe  26   16250#    711#     1924#    643#        *              8252#    643#    -9388#    711#    11692#    585#  
2012,rct2,20,27,47,Co,,,False,-1970.0,946.0,True,,,False,7126.0,896.0,True,,,False,8832.0,946.0,True,  47 Co  27       *             -1970#    946#        *              7126#    896#        *              8832#    946#  
2012,rct2,32,16,48,S,2715.0,780.0,True,23767.0,999.0,True,56986.0,596.0,True,688.0,918.0,True,2302.0,843.0,True,-18805.0,918.0,True,0 48 S   16    2715#    780#    23767#    999#    56986#    596#      688#    918#     2302#    843#   -18805#    918#  
2012,rct2,31,17,48,Cl,2035.0,643.0,True,18756.0,711.0,True,40442.0,503.0,True,6612.0,711.0,True,4792.0,854.0,True,-13738.0,780.0,True,  48 Cl  17    2035#    643#    18756#    711#    40442#    503#     6612#    711#     4792#    854#   -13738#    780#  
2012,rct2,30,18,48,Ar,5300.0,311.0,True,19631.0,499.0,True,26052.0,298.0,True,2081.0,338.0,True,784.0,314.0,True,-12804.0,752.0,True,  48 Ar  18    5300#    311#    19631#    499#    26052#    298#     2081#    338#      784#    314#   -12804#    752#  
2012,rct2,29,19,48,K,4643.82,1.6,False,14362.44,89.76,False,12192.29,1.29,False,8157.09,40.69,False,2350.37,0.93,False,-8278.33,99.67,False,  48 K   19    4643.82    1.60  14362.44   89.76  12192.29    1.29   8157.09   40.69   2350.37    0.93  -8278.33   99.67
2012,rct2,28,20,48,Ca,9952.62,2.25,False,15801.75,1.4,False,-1403.11,7.36,False,1899.97,0.74,False,-2745.07,0.54,False,-8807.56,0.53,False,  48 Ca  20    9952.62    2.25  15801.75    1.40  -1403.11    7.36   1899.97    0.74  -2745.07    0.54  -8807.56    0.53
2012,rct2,27,21,48,Sc,8239.11,5.32,False,9448.94,5.43,False,-15179.99,167.74,False,9345.78,5.43,False,1172.79,4.97,False,-2241.38,4.98,False,  48 Sc  21    8239.11    5.32   9448.94    5.43 -15179.99  167.74   9345.78    5.43   1172.79    4.97  -2241.38    4.98
2012,rct2,26,22,48,Ti,11626.65,0.04,False,11445.07,1.93,False,-30076.0,401.0,True,3979.57,0.68,False,-2556.5,0.68,False,-2033.18,0.51,False,  48 Ti  22   11626.65    0.04  11445.07    1.93 -30076#    401#     3979.57    0.68  -2556.50    0.68  -2033.18    0.51
2012,rct2,25,23,48,V,10542.28,0.98,False,6829.34,0.97,False,-45343.0,801.0,True,10361.03,0.98,False,-603.59,1.28,False,2240.81,1.18,False,  48 V   23   10542.28    0.98   6829.34    0.97 -45343#    801#    10361.03    0.98   -603.59    1.28   2240.81    1.18
2012,rct2,24,24,48,Cr,16332.08,10.11,False,8104.82,7.36,False,-59298.0,506.0,True,4963.75,7.36,False,-6077.05,10.84,False,1833.87,7.41,False,  48 Cr  24   16332.08   10.11   8104.82    7.36 -59298#    506#     4963.75    7.36  -6077.05   10.84   1833.87    7.41
2012,rct2,23,25,48,Mn,14829.31,170.63,False,2051.51,167.81,False,,,False,10860.91,168.86,False,-4944.58,171.36,False,8203.52,167.86,False,  48 Mn  25   14829.31  170.63   2051.51  167.81      *             10860.91  168.86  -4944.58  171.36   8203.52  167.86
2012,rct2,22,26,48,Fe,18895.0,643.0,True,3139.0,402.0,True,,,False,5252.0,566.0,True,-8419.0,566.0,True,6746.0,402.0,True,  48 Fe  26   18895#    643#     3139#    402#        *              5252#    566#    -8419#    566#     6746#    402#  
2012,rct2,21,27,48,Co,17051.0,1133.0,True,-1169.0,946.0,True,,,False,10990.0,946.0,True,-7701.0,896.0,True,11645.0,896.0,True,  48 Co  27   17051#   1133#    -1169#    946#        *             10990#    946#    -7701#    896#    11645#    896#  
2012,rct2,20,28,48,Ni,,,False,658.0,947.0,True,,,False,,,False,,,False,8692.0,645.0,True,  48 Ni  28       *               658#    947#        *                 *                 *              8692#    645#  
2012,rct2,33,16,49,S,-370.0,300.0,True,,,False,62503.0,667.0,True,2674.0,1043.0,True,3282.0,966.0,True,,,False,0 49 S   16    -370#    300#        *             62503#    667#     2674#   1043#     3282#    966#        *           
2012,rct2,32,17,49,Cl,2864.0,780.0,True,18905.0,843.0,True,47707.0,596.0,True,4451.0,780.0,True,5973.0,780.0,True,-15992.0,918.0,True,  49 Cl  17    2864#    780#    18905#    843#    47707#    596#     4451#    780#     5973#    780#   -15992#    918#  
2012,rct2,31,18,49,Ar,2492.0,499.0,True,20088.0,643.0,True,31703.0,401.0,True,3948.0,566.0,True,1814.0,431.0,True,-11251.0,643.0,True,  49 Ar  18    2492#    499#    20088#    643#    31703#    401#     3948#    566#     1814#    431#   -11251#    643#  
2012,rct2,30,19,49,K,5398.33,1.11,False,14461.0,298.0,True,18349.46,1.2,False,6310.33,89.76,False,4983.33,40.69,False,-10154.76,160.22,False,  49 K   19    5398.33    1.11  14461#    298#    18349.46    1.20   6310.33   89.76   4983.33   40.69 -10154.76  160.22
2012,rct2,29,20,49,Ca,5146.45,0.18,False,16304.39,0.8,False,4032.8,2.38,False,5122.89,1.41,False,-1021.92,0.76,False,-5922.73,40.69,False,  49 Ca  20    5146.45    0.18  16304.39    0.80   4032.80    2.38   5122.89    1.41  -1021.92    0.76  -5922.73   40.69
2012,rct2,28,21,49,Sc,10128.97,5.64,False,9625.28,2.7,False,-8924.33,10.49,False,6493.19,3.5,False,1441.38,3.51,False,-5500.75,2.8,False,  49 Sc  21   10128.97    5.64   9625.28    2.70  -8924.33   10.49   6493.19    3.50   1441.38    3.51  -5500.75    2.80
2012,rct2,27,22,49,Ti,8142.39,0.03,False,11348.36,4.95,False,-23812.08,24.22,False,6483.63,1.93,False,-1938.25,0.69,False,221.99,2.23,False,  49 Ti  22    8142.39    0.03  11348.36    4.95 -23812.08   24.22   6483.63    1.93  -1938.25    0.69    221.99    2.23
2012,rct2,26,23,49,V,11555.5,1.27,False,6758.19,0.82,False,-37631.0,699.0,True,7686.25,0.82,False,1030.1,0.83,False,-554.05,1.07,False,  49 V   23   11555.50    1.27   6758.19    0.82 -37631#    699#     7686.25    0.82   1030.10    0.83   -554.05    1.07
2012,rct2,25,24,49,Cr,10582.36,7.63,False,8144.9,2.56,False,-52505.0,801.0,True,7383.91,2.37,False,-3394.04,2.37,False,4440.7,2.37,False,  49 Cr  24   10582.36    7.63   8144.90    2.56 -52505#    801#     7383.91    2.37  -3394.04    2.37   4440.70    2.37
2012,rct2,24,25,49,Mn,16384.62,167.97,False,2104.06,12.52,False,,,False,7634.95,12.29,False,-3299.15,22.42,False,5084.26,10.14,False,  49 Mn  25   16384.62  167.97   2104.06   12.52      *              7634.95   12.29  -3299.15   22.42   5084.26   10.14
2012,rct2,23,26,49,Fe,14406.0,401.0,True,2716.27,169.41,False,,,False,8525.52,39.87,False,-6930.0,401.0,True,10369.21,31.41,False,  49 Fe  26   14406#    401#     2716.27  169.41      *              8525.52   39.87  -6930#    401#    10369.21   31.41
2012,rct2,22,27,49,Co,19268.0,1063.0,True,-796.0,805.0,True,,,False,7972.0,861.0,True,-6053.0,861.0,True,8273.0,805.0,True,  49 Co  27   19268#   1063#     -796#    805#        *              7972#    861#    -6053#    861#     8273#    805#  
2012,rct2,21,28,49,Ni,17375.0,947.0,True,983.0,1133.0,True,,,False,8037.0,1133.0,True,,,False,12232.0,946.0,True,  49 Ni  28   17375#    947#      983#   1133#        *              8037#   1133#        *             12232#    946#  
2012,rct2,33,17,50,Cl,787.0,843.0,True,20062.0,895.0,True,52978.0,596.0,True,6379.0,843.0,True,5889.0,780.0,True,-15163.0,999.0,True,0 50 Cl  17     787#    843#    20062#    895#    52978#    596#     6379#    843#     5889#    780#   -15163#    999#  
2012,rct2,32,18,50,Ar,4131.0,643.0,True,21355.0,780.0,True,38511.0,503.0,True,1852.0,711.0,True,2042.0,643.0,True,-14679.0,711.0,True,  50 Ar  18    4131#    643#    21355#    780#    38511#    503#     1852#    711#     2042#    643#   -14679#    711#  
2012,rct2,31,19,50,K,4187.67,7.77,False,16157.0,401.0,True,23496.01,7.78,False,7423.0,298.0,True,4347.22,90.08,False,-9984.0,401.0,True,  50 K   19    4187.67    7.77  16157#    401#    23496.01    7.78   7423#    298#     4347.22   90.08  -9984#    401#  
2012,rct2,30,20,50,Ca,6360.65,1.6,False,17266.7,1.77,False,10672.48,1.81,False,3406.06,1.76,False,986.81,2.11,False,-8731.81,89.77,False,  50 Ca  20    6360.65    1.60  17266.70    1.77  10672.48    1.81   3406.06    1.76    986.81    2.11  -8731.81   89.77
2012,rct2,29,21,50,Sc,6057.76,15.24,False,10536.59,15.0,False,-1920.28,15.03,False,10388.05,15.0,False,2659.99,15.17,False,-3189.14,15.07,False,  50 Sc  21    6057.76   15.24  10536.59   15.00  -1920.28   15.03  10388.05   15.00   2659.99   15.17  -3189.14   15.07
2012,rct2,28,22,50,Ti,10939.19,0.04,False,12158.58,2.71,False,-16942.05,60.0,False,3783.54,4.95,False,-2231.0,1.93,False,-3440.83,2.22,False,  50 Ti  22   10939.19    0.04  12158.58    2.71 -16942.05   60.00   3783.54    4.95  -2231.00    1.93  -3440.83    2.22
2012,rct2,27,23,50,V,9334.22,1.2,False,7950.02,0.87,False,-31442.0,596.0,True,9978.68,0.87,False,576.6,0.87,False,758.18,2.12,False,  50 V   23    9334.22    1.20   7950.02    0.87 -31442#    596#     9978.68    0.87    576.60    0.87    758.18    2.12
2012,rct2,26,24,50,Cr,13000.33,2.2,False,9589.73,1.2,False,-45362.0,801.0,True,4925.87,1.3,False,-3391.85,0.88,False,321.09,0.87,False,  50 Cr  24   13000.33    2.20   9589.73    1.20 -45362#    801#     4925.87    1.30  -3391.85    0.88    321.09    0.87
2012,rct2,25,25,50,Mn,13061.81,10.17,False,4583.51,2.2,False,,,False,10905.23,7.31,False,-3202.29,6.98,False,5024.97,0.88,False,  50 Mn  25   13061.81   10.17   4583.51    2.20      *             10905.23    7.31  -3202.29    6.98   5024.97    0.88
2012,rct2,24,26,50,Fe,17809.22,64.71,False,4140.86,60.85,False,,,False,5545.61,178.08,False,-7059.13,67.85,False,5718.66,60.4,False,  50 Fe  26   17809.22   64.71   4140.86   60.85      *              5545.61  178.08  -7059.13   67.85   5718.66   60.40
2012,rct2,23,27,50,Co,15523.0,918.0,True,320.0,597.0,True,,,False,11344.0,718.0,True,-5326.0,780.0,True,10430.0,597.0,True,  50 Co  27   15523#    918#      320#    597#        *             11344#    718#    -5326#    780#    10430#    597#  
2012,rct2,22,28,50,Ni,20143.0,1133.0,True,1858.0,1063.0,True,,,False,4945.0,1133.0,True,-9881.0,1133.0,True,8338.0,946.0,True,  50 Ni  28   20143#   1133#     1858#   1063#        *              4945#   1133#    -9881#   1133#     8338#    946#  
2012,rct2,34,17,51,Cl,2026.0,918.0,True,,,False,57704.0,699.0,True,3983.0,966.0,True,6578.0,918.0,True,,,False,0 51 Cl  17    2026#    918#        *             57704#    699#     3983#    966#     6578#    918#        *           
2012,rct2,33,18,51,Ar,1020.0,780.0,True,21587.0,843.0,True,43863.0,596.0,True,3697.0,843.0,True,3057.0,780.0,True,-12983.0,843.0,True,  51 Ar  18    1020#    780#    21587#    843#    43863#    596#     3697#    843#     3057#    780#   -12983#    843#  
2012,rct2,32,19,51,K,4859.51,15.19,False,16885.0,503.0,True,29687.65,13.04,False,5055.0,401.0,True,4788.0,298.0,True,-12808.0,503.0,True,  51 K   19    4859.51   15.19  16885#    503#    29687.65   13.04   5055#    401#     4788#    298#   -12808#    503#  
2012,rct2,31,20,51,Ca,4820.62,22.42,False,17899.65,23.66,False,15112.52,22.37,False,3983.77,22.37,False,810.0,22.37,False,-8252.0,299.0,True,  51 Ca  20    4820.62   22.42  17899.65   23.66  15112.52   22.37   3983.77   22.37    810.00   22.37  -8252#    299#  
2012,rct2,30,21,51,Sc,6752.62,25.0,False,10928.56,20.06,False,5014.68,20.02,False,8781.89,20.0,False,5860.0,20.0,False,-5297.94,20.02,False,  51 Sc  21    6752.62   25.00  10928.56   20.06   5014.68   20.02   8781.89   20.00   5860.00   20.00  -5297.94   20.02
2012,rct2,29,22,51,Ti,6372.49,0.49,False,12473.31,15.01,False,-9529.53,8.98,False,7540.02,2.75,False,-364.38,4.98,False,139.3,0.62,False,  51 Ti  22    6372.49    0.49  12473.31   15.01  -9529.53    8.98   7540.02    2.75   -364.38    4.98    139.30    0.62
2012,rct2,28,23,51,V,11051.15,0.08,False,8061.97,0.87,False,-24861.54,48.45,False,7069.93,0.87,False,1152.1,0.87,False,-2053.86,5.02,False,  51 V   23   11051.15    0.08   8061.97    0.87 -24861.54   48.45   7069.93    0.87   1152.10    0.87  -2053.86    5.02
2012,rct2,27,24,51,Cr,9260.66,0.2,False,9516.17,0.25,False,-38513.0,801.0,True,7220.71,1.2,False,-2110.23,1.3,False,2687.08,0.87,False,  51 Cr  24    9260.66    0.20   9516.17    0.25 -38513#    801#     7220.71    1.20  -2110.23    1.30   2687.08    0.87
2012,rct2,26,25,51,Mn,13687.58,0.3,False,5270.76,0.3,False,,,False,7800.0,2.22,False,-557.79,7.32,False,1879.67,1.3,False,  51 Mn  25   13687.58    0.30   5270.76    0.30      *              7800.00    2.22   -557.79    7.32   1879.67    1.30
2012,rct2,25,26,51,Fe,13785.02,60.67,False,4864.07,9.0,False,,,False,8145.21,13.53,False,-6014.84,167.91,False,8265.73,11.6,False,  51 Fe  26   13785.02   60.67   4864.07    9.00      *              8145.21   13.53  -6014.84  167.91   8265.73   11.60
2012,rct2,24,27,51,Co,17631.0,598.0,True,142.48,77.11,False,,,False,8119.39,54.15,False,-4062.0,403.0,True,7627.69,174.53,False,  51 Co  27   17631#    598#      142.48   77.11      *              8119.39   54.15  -4062#    403#     7627.69  174.53
2012,rct2,23,28,51,Ni,16110.0,1133.0,True,2445.0,999.0,True,,,False,8103.0,1063.0,True,-8941.0,1133.0,True,11124.0,896.0,True,  51 Ni  28   16110#   1133#     2445#    999#        *              8103#   1063#    -8941#   1133#    11124#    896#  
2012,rct2,34,18,52,Ar,3172.0,843.0,True,22733.0,918.0,True,48500.0,596.0,True,1312.0,843.0,True,2750.0,843.0,True,-16525.0,895.0,True,0 52 Ar  18    3172#    843#    22733#    918#    48500#    596#     1312#    843#     2750#    843#   -16525#    895#  
2012,rct2,33,19,52,K,2099.0,401.0,True,17964.0,718.0,True,34900.0,401.0,True,7087.0,643.0,True,5181.0,566.0,True,-12043.0,718.0,True,  52 K   19    2099#    401#    17964#    718#    34900#    401#     7087#    643#     5181#    566#   -12043#    718#  
2012,rct2,32,20,52,Ca,5995.8,63.85,False,19035.94,61.22,False,21155.08,59.81,False,2175.65,60.31,False,212.54,59.81,False,-11757.0,405.0,True,  52 Ca  20    5995.80   63.85  19035.94   61.22  21155.08   59.81   2175.65   60.31    212.54   59.81 -11757#    405#  
2012,rct2,31,21,52,Sc,5009.01,143.35,False,11116.95,143.7,False,10540.35,141.96,False,10133.52,141.96,False,5997.44,141.95,False,-4908.61,141.95,False,  52 Sc  21    5009.01  143.35  11116.95  143.70  10540.35  141.96  10133.52  141.96   5997.44  141.95  -4908.61  141.95
2012,rct2,30,22,52,Ti,7808.3,7.09,False,13529.0,21.22,False,-1136.55,9.63,False,5789.47,16.59,False,1956.28,7.57,False,-2522.55,7.08,False,  52 Ti  22    7808.30    7.09  13529.00   21.22  -1136.55    9.63   5789.47   16.59   1956.28    7.57  -2522.55    7.08
2012,rct2,29,23,52,V,7311.24,0.13,False,9000.72,1.0,False,-17453.0,196.0,True,10697.88,0.88,False,1983.25,0.88,False,763.86,2.83,False,  52 V   23    7311.24    0.13   9000.72    1.00 -17453#    196#    10697.88    0.88   1983.25    0.88    763.86    2.83
2012,rct2,28,24,52,Cr,12038.35,0.92,False,10503.37,0.92,False,-31944.0,699.0,True,4516.57,0.92,False,-2593.08,1.04,False,-1208.88,0.64,False,  52 Cr  24   12038.35    0.92  10503.37    0.92 -31944#    699#     4516.57    0.92  -2593.08    1.04  -1208.88    0.64
2012,rct2,27,25,52,Mn,10534.68,2.02,False,6544.77,2.02,False,-47642.0,801.0,True,10265.66,2.02,False,-510.11,2.99,False,2900.5,2.09,False,  52 Mn  25   10534.68    2.02   6544.77    2.02 -47642#    801#    10265.66    2.02   -510.11    2.99   2900.50    2.09
2012,rct2,26,26,52,Fe,16201.28,11.08,False,7377.77,6.56,False,,,False,5005.74,6.57,False,-5831.5,12.05,False,2646.8,6.92,False,  52 Fe  26   16201.28   11.08   7377.77    6.56      *              5005.74    6.57  -5831.50   12.05   2646.80    6.92
2012,rct2,25,27,52,Co,14719.0,202.0,True,1077.0,196.0,True,,,False,11209.0,205.0,True,-4375.0,197.0,True,9293.0,196.0,True,  52 Co  27   14719#    202#     1077#    196#        *             11209#    205#    -4375#    197#     9293#    196#  
2012,rct2,24,28,52,Ni,18607.0,1063.0,True,3420.0,700.0,True,,,False,5019.0,918.0,True,-8279.0,988.0,True,6923.0,699.0,True,  52 Ni  28   18607#   1063#     3420#    700#        *              5019#    918#    -8279#    988#     6923#    699#  
2012,rct2,23,29,52,Cu,,,False,-2585.0,1133.0,True,,,False,12546.0,1133.0,True,-5373.0,1133.0,True,12912.0,1063.0,True,  52 Cu  29       *             -2585#   1133#        *             12546#   1133#    -5373#   1133#    12912#   1063#  
2012,rct2,35,18,53,Ar,312.0,918.0,True,,,False,53621.0,706.0,True,3026.0,988.0,True,3225.0,918.0,True,,,False,0 53 Ar  18     312#    918#        *             53621#    706#     3026#    988#     3225#    918#        *           
2012,rct2,34,19,53,K,3209.0,643.0,True,18001.0,780.0,True,40169.0,503.0,True,4898.0,780.0,True,6103.0,711.0,True,-14465.0,780.0,True,  53 K   19    3209#    643#    18001#    780#    40169#    503#     4898#    780#     6103#    711#   -14465#    780#  
2012,rct2,33,20,53,Ca,2265.0,405.0,True,19203.0,566.0,True,26829.0,401.0,True,4770.0,401.0,True,2135.0,401.0,True,-9891.0,643.0,True,  53 Ca  20    2265#    405#    19203#    566#    26829#    401#     4770#    401#     2135#    401#    -9891#    643#  
2012,rct2,32,21,53,Sc,6012.23,305.16,False,11133.38,276.67,False,16581.63,270.13,False,8941.92,271.06,False,6345.86,270.14,False,-6733.17,270.24,False,  53 Sc  21    6012.23  305.16  11133.38  276.67  16581.63  270.13   8941.92  271.06   6345.86  270.14  -6733.17  270.24
2012,rct2,31,22,53,Ti,5432.46,100.3,False,13952.46,173.67,False,4116.74,100.06,False,7109.63,102.03,False,2581.58,101.17,False,-1594.37,100.06,False,  53 Ti  22    5432.46  100.30  13952.46  173.67   4116.74  100.06   7109.63  102.03   2581.58  101.17  -1594.37  100.06
2012,rct2,30,23,53,V,8477.7,3.23,False,9670.12,7.75,False,-9191.36,3.56,False,8592.67,3.2,False,4444.74,3.16,False,-1656.08,15.33,False,  53 V   23    8477.70    3.23   9670.12    7.75  -9191.36    3.56   8592.67    3.20   4444.74    3.16  -1656.08   15.33
2012,rct2,29,24,53,Cr,7939.12,0.14,False,11131.25,0.92,False,-25655.07,25.16,False,7628.6,0.92,False,-1197.98,0.92,False,1791.19,0.63,False,  53 Cr  24    7939.12    0.14  11131.25    0.92 -25655.07   25.16   7628.60    0.92  -1197.98    0.92   1791.19    0.63
2012,rct2,28,25,53,Mn,12053.51,1.91,False,6559.93,0.34,False,-40335.0,801.0,True,7472.82,0.95,False,436.72,0.95,False,181.21,0.96,False,  53 Mn  25   12053.51    1.91   6559.93    0.34 -40335#    801#     7472.82    0.95    436.72    0.95    181.21    0.96
2012,rct2,27,26,53,Fe,10685.76,6.71,False,7528.85,2.46,False,,,False,8007.57,1.83,False,-3455.45,1.84,False,4961.38,1.84,False,  53 Fe  26   10685.76    6.71   7528.85    2.46      *              8007.57    1.83  -3455.45    1.84   4961.38    1.84
2012,rct2,26,27,53,Co,16740.0,196.0,True,1615.3,6.73,False,,,False,8254.51,9.13,False,-3305.94,60.02,False,5615.01,1.89,False,  53 Co  27   16740#    196#     1615.30    6.73      *              8254.51    9.13  -3305.94   60.02   5615.01    1.89
2012,rct2,25,28,53,Ni,14228.0,699.0,True,2930.0,197.0,True,,,False,8422.13,54.58,False,-6985.0,597.0,True,10504.21,65.06,False,  53 Ni  28   14228#    699#     2930#    197#        *              8422.13   54.58  -6985#    597#    10504.21   65.06
2012,rct2,24,29,53,Cu,19361.0,1133.0,True,-1830.0,1063.0,True,,,False,9295.0,1133.0,True,-4591.0,1133.0,True,9074.0,999.0,True,  53 Cu  29   19361#   1133#    -1830#   1063#        *              9295#   1133#    -4591#   1133#     9074#    999#  
2012,rct2,35,19,54,K,1393.0,780.0,True,19082.0,918.0,True,44890.0,596.0,True,6677.0,843.0,True,5730.0,843.0,True,-13831.0,918.0,True,0 54 K   19    1393#    780#    19082#    918#    44890#    596#     6677#    843#     5730#    843#   -13831#    918#  
2012,rct2,34,20,54,Ca,4392.0,643.0,True,20386.0,711.0,True,32156.0,503.0,True,2476.0,643.0,True,2602.0,503.0,True,-13263.0,780.0,True,  54 Ca  20    4392#    643#    20386#    711#    32156#    503#     2476#    643#     2602#    503#   -13263#    780#  
2012,rct2,33,21,54,Sc,3562.89,452.71,False,12431.0,541.0,True,21957.54,363.28,False,11374.83,368.17,False,7603.6,363.97,False,-5436.55,363.52,False,  54 Sc  21    3562.89  452.71  12431#    541#    21957.54  363.28  11374.83  368.17   7603.60  363.97  -5436.55  363.52
2012,rct2,32,22,54,Ti,6838.38,159.89,False,14778.6,297.53,False,10656.81,124.72,False,5280.26,188.96,False,2495.82,126.31,False,-3612.12,126.71,False,  54 Ti  22    6838.38  159.89  14778.60  297.53  10656.81  124.72   5280.26  188.96   2495.82  126.31  -3612.12  126.71
2012,rct2,31,23,54,V,6113.43,15.32,False,10351.09,101.17,False,-1882.79,15.01,False,10287.54,16.59,False,4703.81,15.02,False,-1016.89,25.01,False,  54 V   23    6113.43   15.32  10351.09  101.17  -1882.79   15.01  10287.54   16.59   4703.81   15.02  -1016.89   25.01
2012,rct2,30,24,54,Cr,9719.12,0.12,False,12372.68,3.1,False,-17710.78,50.0,False,5220.72,0.92,False,134.04,0.91,False,-1555.44,0.79,False,  54 Cr  24    9719.12    0.12  12372.68    3.10 -17710.78   50.00   5220.72    0.92    134.04    0.91  -1555.44    0.79
2012,rct2,29,25,54,Mn,8938.8,1.06,False,7559.6,1.0,False,-33815.0,503.0,True,10572.37,1.01,False,758.59,1.35,False,2293.56,1.36,False,  54 Mn  25    8938.80    1.06   7559.60    1.00 -33815#    503#    10572.37    1.01    758.59    1.35   2293.56    1.36
2012,rct2,28,26,54,Fe,13378.45,1.63,False,8853.79,0.52,False,-48838.0,699.0,True,5163.79,1.84,False,-3146.32,0.83,False,843.59,0.84,False,  54 Fe  26   13378.45    1.63   8853.79    0.52 -48838#    699#     5163.79    1.84  -3146.32    0.83    843.59    0.84
2012,rct2,27,27,54,Co,13422.01,1.7,False,4351.56,1.64,False,,,False,11033.78,6.51,False,-2942.93,8.97,False,5880.58,0.84,False,  54 Co  27   13422.01    1.70   4351.56    1.64      *             11033.78    6.51  -2942.93    8.97   5880.58    0.84
2012,rct2,26,28,54,Ni,17663.41,55.97,False,3853.26,50.03,False,,,False,5478.0,202.0,True,-7016.72,69.62,False,6625.81,50.8,False,  54 Ni  28   17663.41   55.97   3853.26   50.03      *              5478#    202#    -7016.72   69.62   6625.81   50.80
2012,rct2,25,29,54,Cu,15458.0,946.0,True,-601.0,504.0,True,,,False,12443.0,861.0,True,-3939.0,946.0,True,11247.0,505.0,True,  54 Cu  29   15458#    946#     -601#    504#        *             12443#    861#    -3939#    946#    11247#    505#  
2012,rct2,24,30,54,Zn,,,False,350.0,1063.0,True,,,False,6360.0,1063.0,True,,,False,11169.0,1063.0,True,  54 Zn  30       *               350#   1063#        *              6360#   1063#        *             11169#   1063#  
2012,rct2,36,19,55,K,2361.0,918.0,True,,,False,49852.0,705.0,True,4628.0,988.0,True,6541.0,918.0,True,,,False,0 55 K   19    2361#    918#        *             49852#    705#     4628#    988#     6541#    918#        *           
2012,rct2,35,20,55,Ca,1644.0,711.0,True,20637.0,780.0,True,36758.0,503.0,True,4041.0,711.0,True,3057.0,643.0,True,-11735.0,780.0,True,  55 Ca  20    1644#    711#    20637#    780#    36758#    503#     4041#    711#     3057#    643#   -11735#    780#  
2012,rct2,34,21,55,Sc,4448.84,588.7,False,12488.0,684.0,True,27735.22,463.25,False,9191.0,612.0,True,9150.55,467.09,False,-7787.0,612.0,True,  55 Sc  21    4448.84  588.70  12488#    684#    27735.22  463.25   9191#    612#     9150.55  467.09  -7787#    612#  
2012,rct2,33,22,55,Ti,4141.79,204.13,False,15357.51,397.6,False,15813.11,161.6,False,7150.7,314.78,False,3363.03,215.09,False,-1758.12,172.31,False,  55 Ti  22    4141.79  204.13  15357.51  397.60  15813.11  161.60   7150.70  314.78   3363.03  215.09  -1758.12  172.31
2012,rct2,32,23,55,V,7322.83,96.28,False,10835.54,156.84,False,4885.64,95.1,False,8397.18,138.04,False,5189.28,95.37,False,-3330.71,170.86,False,  55 V   23    7322.83   96.28  10835.54  156.84   4885.64   95.10   8397.18  138.04   5189.28   95.37  -3330.71  170.86
2012,rct2,31,24,55,Cr,6246.26,0.19,False,12505.51,15.0,False,-9773.42,0.78,False,7452.15,3.11,False,1199.02,0.94,False,6.6,7.1,False,  55 Cr  24    6246.26    0.19  12505.51   15.00  -9773.42    0.78   7452.15    3.11   1199.02    0.94      6.60    7.10
2012,rct2,30,25,55,Mn,10226.52,1.07,False,8067.0,0.36,False,-26076.33,155.56,False,8284.97,0.38,False,2570.42,0.39,False,-621.71,0.86,False,  55 Mn  25   10226.52    1.07   8067.00    0.36 -26076.33  155.56   8284.97    0.38   2570.42    0.39   -621.71    0.86
2012,rct2,29,26,55,Fe,9298.09,0.19,False,9213.08,1.08,False,-42558.0,699.0,True,7919.21,0.5,False,-1909.73,1.85,False,3583.85,0.43,False,  55 Fe  26    9298.09    0.19   9213.08    1.08 -42558#    699#     7919.21    0.50  -1909.73    1.85   3583.85    0.43
2012,rct2,28,27,55,Co,14091.26,0.31,False,5064.36,0.3,False,,,False,7628.28,1.66,False,-832.91,6.52,False,2324.0,1.86,False,  55 Co  27   14091.26    0.31   5064.36    0.30      *              7628.28    1.66   -832.91    6.52   2324.00    1.86
2012,rct2,27,28,55,Ni,14183.62,50.0,False,4614.87,0.66,False,,,False,8034.21,1.81,False,-6481.0,196.0,True,8643.47,6.54,False,  55 Ni  28   14183.62   50.00   4614.87    0.66      *              8034.21    1.81  -6481#    196#     8643.47    6.54
2012,rct2,26,29,55,Cu,17966.0,527.0,True,-298.55,163.4,False,,,False,8706.23,157.58,False,-3298.0,716.0,True,8001.0,250.0,True,  55 Cu  29   17966#    527#     -298.55  163.40      *              8706.23  157.58  -3298#    716#     8001#    250#  
2012,rct2,25,30,55,Zn,15578.0,988.0,True,470.0,861.0,True,,,False,10143.0,1063.0,True,-6994.0,1063.0,True,14198.0,988.0,True,  55 Zn  30   15578#    988#      470#    861#        *             10143#   1063#    -6994#   1063#    14198#    988#  
2012,rct2,37,19,56,K,852.0,1063.0,True,,,False,54050.0,821.0,True,,,False,6000.0,1063.0,True,,,False,0 56 K   19     852#   1063#        *             54050#    821#        *              6000#   1063#        *           
2012,rct2,36,20,56,Ca,3619.0,780.0,True,21895.0,918.0,True,41383.0,596.0,True,1815.0,843.0,True,2647.0,780.0,True,-15042.0,918.0,True,  56 Ca  20    3619#    780#    21895#    918#    41383#    596#     1815#    843#     2647#    780#   -15042#    918#  
2012,rct2,35,21,56,Sc,2826.0,612.0,True,13670.0,643.0,True,32180.0,401.0,True,10757.0,643.0,True,8590.0,566.0,True,-7404.0,643.0,True,  56 Sc  21    2826#    612#    13670#    643#    32180#    401#    10757#    643#     8590#    566#    -7404#    643#  
2012,rct2,34,22,56,Ti,5609.11,211.01,False,16517.78,482.71,False,21401.1,135.68,False,5104.47,387.79,False,3766.15,302.29,False,-5102.0,423.0,True,  56 Ti  22    5609.11  211.01  16517.78  482.71  21401.10  135.68   5104.47  387.79   3766.15  302.29  -5102#    423#  
2012,rct2,33,23,56,V,5050.8,201.55,False,11744.54,240.19,False,9916.7,177.7,False,10184.76,217.1,False,5570.94,203.93,False,-2369.28,323.34,False,  56 V   23    5050.80  201.55  11744.54  240.19   9916.70  177.70  10184.76  217.10   5570.94  203.93  -2369.28  323.34
2012,rct2,32,24,56,Cr,8243.92,1.96,False,13426.6,95.12,False,-1374.34,1.94,False,5321.67,15.13,False,1432.8,3.66,False,-2804.85,100.07,False,  56 Cr  24    8243.92    1.96  13426.60   95.12  -1374.34    1.94   5321.67   15.13   1432.80    3.66  -2804.85  100.07
2012,rct2,31,25,56,Mn,7270.44,0.13,False,9091.17,0.43,False,-18673.0,196.0,True,10733.66,0.39,False,3239.1,0.4,False,585.55,3.12,False,  56 Mn  25    7270.44    0.13   9091.17    0.43 -18673#    196#    10733.66    0.39   3239.10    0.40    585.55    3.12
2012,rct2,30,26,56,Fe,11197.1,0.23,False,10183.67,0.16,False,-35028.0,503.0,True,5660.91,1.08,False,-1053.32,0.47,False,325.87,0.4,False,  56 Fe  26   11197.10    0.23  10183.67    0.16 -35028#    503#     5660.91    1.08  -1053.32    0.47    325.87    0.40
2012,rct2,29,27,56,Co,10081.86,0.46,False,5848.13,0.45,False,-51718.0,596.0,True,10924.87,0.46,False,-229.01,1.7,False,4295.65,0.62,False,  56 Co  27   10081.86    0.46   5848.13    0.45 -51718#    596#    10924.87    0.46   -229.01    1.70   4295.65    0.62
2012,rct2,28,28,56,Ni,16643.0,0.67,False,7166.62,0.34,False,,,False,4813.22,0.38,False,-6384.23,1.73,False,2686.23,1.67,False,  56 Ni  28   16643.00    0.67   7166.62    0.34      *              4813.22    0.38  -6384.23    1.73   2686.23    1.67
2012,rct2,27,29,56,Cu,14674.0,250.0,True,192.0,196.0,True,,,False,11696.0,202.0,True,-3743.0,197.0,True,10067.0,196.0,True,  56 Cu  29   14674#    250#      192#    196#        *             11696#    202#    -3743#    197#    10067#    196#  
2012,rct2,26,30,56,Zn,18728.0,861.0,True,1232.0,527.0,True,,,False,6873.0,711.0,True,-6360.0,946.0,True,9698.0,504.0,True,  56 Zn  30   18728#    861#     1232#    527#        *              6873#    711#    -6360#    946#     9698#    504#  
2012,rct2,25,31,56,Ga,,,False,-3311.0,918.0,True,,,False,13804.0,919.0,True,,,False,15679.0,999.0,True,  56 Ga  31       *             -3311#    918#        *             13804#    919#        *             15679#    999#  
2012,rct2,37,20,57,Ca,1048.0,843.0,True,22090.0,999.0,True,45650.0,596.0,True,3128.0,918.0,True,2992.0,843.0,True,,,False,0 57 Ca  20    1048#    843#    22090#    999#    45650#    596#     3128#    918#     2992#    843#        *           
2012,rct2,36,21,57,Sc,4047.0,643.0,True,14098.0,780.0,True,36779.0,503.0,True,8354.0,711.0,True,8935.0,711.0,True,-10059.0,780.0,True,  57 Sc  21    4047#    643#    14098#    780#    36779#    503#     8354#    711#     8935#    711#   -10059#    780#  
2012,rct2,35,22,57,Ti,2733.6,282.72,False,16425.0,471.0,True,26313.57,248.04,False,6819.71,525.47,False,4595.44,439.88,False,-3443.0,561.0,True,  57 Ti  22    2733.60  282.72  16425#    471#    26313.57  248.04   6819.71  525.47   4595.44  439.88  -3443#    561#  
2012,rct2,34,23,57,V,6176.6,288.05,False,12312.04,264.21,False,15116.56,226.71,False,8149.95,278.41,False,6232.72,258.75,False,-4983.0,428.22,False,  57 V   23    6176.60  288.05  12312.04  264.21  15116.56  226.71   8149.95  278.41   6232.72  258.75  -4983.00  428.22
2012,rct2,33,24,57,Cr,5314.21,2.63,False,13690.01,177.71,False,3559.08,1.98,False,7330.29,95.12,False,2232.02,15.13,False,-1280.69,124.73,False,  57 Cr  24    5314.21    2.63  13690.01  177.71   3559.08    1.98   7330.29   95.12   2232.02   15.13  -1280.69  124.73
2012,rct2,32,25,57,Mn,8646.6,1.55,False,9493.86,2.4,False,-10177.88,1.61,False,8333.32,1.6,False,4311.62,1.59,False,-1947.62,15.08,False,  57 Mn  25    8646.60    1.55   9493.86    2.40 -10177.88    1.61   8333.32    1.60   4311.62    1.59  -1947.62   15.08
2012,rct2,31,26,57,Fe,7646.08,0.04,False,10559.31,0.21,False,-27635.0,205.0,True,8241.35,0.17,False,239.4,1.08,False,2398.92,0.39,False,  57 Fe  26    7646.08    0.04  10559.31    0.21 -27635#    205#     8241.35    0.17    239.40    1.08   2398.92    0.39
2012,rct2,30,27,57,Co,11376.47,0.57,False,6027.5,0.45,False,-43696.0,298.0,True,8846.5,0.5,False,1772.97,0.52,False,1857.98,1.16,False,  57 Co  27   11376.47    0.57   6027.50    0.45 -43696#    298#     8846.50    0.50   1772.97    0.52   1857.98    1.16
2012,rct2,29,28,57,Ni,10247.63,0.52,False,7332.39,0.59,False,,,False,8656.84,0.57,False,-3209.84,0.57,False,5817.05,0.56,False,  57 Ni  28   10247.63    0.52   7332.39    0.59      *              8656.84    0.57  -3209.84    0.57   5817.05    0.56
2012,rct2,28,29,57,Cu,17142.0,196.0,True,690.31,0.41,False,,,False,8737.78,0.76,False,-3221.28,50.0,False,6347.47,0.5,False,  57 Cu  29   17142#    196#      690.31    0.41      *              8737.78    0.76  -3221.28   50.00   6347.47    0.50
2012,rct2,27,30,57,Zn,15039.0,543.0,True,1598.0,283.0,True,,,False,9800.0,257.0,True,-5941.0,543.0,True,12323.0,211.0,True,  57 Zn  30   15039#    543#     1598#    283#        *              9800#    257#    -5941#    543#    12323#    211#  
2012,rct2,26,31,57,Ga,19398.0,667.0,True,-2641.0,585.0,True,,,False,9984.0,760.0,True,-3369.0,760.0,True,11738.0,585.0,True,  57 Ga  31   19398#    667#    -2641#    585#        *              9984#    760#    -3369#    760#    11738#    585#  
2012,rct2,38,20,58,Ca,3116.0,918.0,True,,,False,49916.0,727.0,True,865.0,1063.0,True,2237.0,988.0,True,,,False,0 58 Ca  20    3116#    918#        *             49916#    727#      865#   1063#     2237#    988#        *           
2012,rct2,37,21,58,Sc,2240.0,780.0,True,15291.0,843.0,True,40952.0,596.0,True,9733.0,843.0,True,8339.0,780.0,True,-9937.0,918.0,True,  58 Sc  21    2240#    780#    15291#    843#    40952#    596#     9733#    843#     8339#    780#    -9937#    918#  
2012,rct2,36,22,58,Ti,5316.0,471.0,True,17694.0,643.0,True,31043.0,401.0,True,4330.0,566.0,True,3729.0,612.0,True,-7115.0,643.0,True,  58 Ti  22    5316#    471#    17694#    643#    31043#    401#     4330#    566#     3729#    612#    -7115#    643#  
2012,rct2,35,23,58,V,4162.43,260.36,False,13740.86,279.13,False,19527.06,128.03,False,9596.63,186.55,False,6212.09,206.17,False,-4696.59,480.61,False,  58 V   23    4162.43  260.36  13740.86  279.13  19527.06  128.03   9596.63  186.55   6212.09  206.17  -4696.59  480.61
2012,rct2,34,24,58,Cr,7381.9,202.93,False,14895.31,304.26,False,8393.43,202.92,False,4999.18,269.73,False,2172.95,224.1,False,-4520.79,259.4,False,  58 Cr  24    7381.90  202.93  14895.31  304.26   8393.43  202.92   4999.18  269.73   2172.95  224.10  -4520.79  259.40
2012,rct2,33,25,58,Mn,6412.75,3.09,False,10592.39,3.28,False,-4160.43,2.78,False,10164.49,3.28,False,4145.14,2.77,False,-1037.54,95.14,False,  58 Mn  25    6412.75    3.09  10592.39    3.28  -4160.43    2.78  10164.49    3.28   4145.14    2.77  -1037.54   95.14
2012,rct2,32,26,58,Fe,10044.6,0.18,False,11957.31,1.56,False,-19856.31,50.0,False,5467.18,0.28,False,421.31,0.25,False,-1399.42,0.47,False,  58 Fe  26   10044.60    0.18  11957.31    1.56 -19856.31   50.00   5467.18    0.28    421.31    0.25  -1399.42    0.47
2012,rct2,31,27,58,Co,8572.93,1.18,False,6954.35,1.13,False,-36354.0,196.0,True,11470.67,1.13,False,2498.13,1.15,False,3511.57,1.14,False,  58 Co  27    8572.93    1.18   6954.35    1.13 -36354#    196#    11470.67    1.13   2498.13    1.15   3511.57    1.14
2012,rct2,30,28,58,Ni,12216.25,0.5,False,8172.18,0.43,False,-52515.0,401.0,True,6522.45,0.39,False,-1334.84,0.38,False,2898.89,0.32,False,  58 Ni  28   12216.25    0.50   8172.18    0.43 -52515#    401#     6522.45    0.39  -1334.84    0.38   2898.89    0.32
2012,rct2,29,29,58,Cu,12430.2,0.63,False,2872.89,0.67,False,,,False,12950.58,0.56,False,-1467.86,0.82,False,8008.53,0.58,False,  58 Cu  29   12430.20    0.63   2872.89    0.67      *             12950.58    0.56  -1467.86    0.82   8008.53    0.58
2012,rct2,28,30,58,Zn,17823.0,211.0,True,2278.87,50.0,False,,,False,6650.0,202.0,True,-5798.7,163.4,False,8683.47,50.0,False,  58 Zn  30   17823#    211#     2278.87   50.00      *              6650#    202#    -5798.70  163.40   8683.47   50.00
2012,rct2,27,31,58,Ga,15914.0,357.0,True,-1765.0,283.0,True,,,False,12797.0,540.0,True,-3706.0,725.0,True,13790.0,250.0,True,  58 Ga  31   15914#    357#    -1765#    283#        *             12797#    540#    -3706#    725#    13790#    250#  
2012,rct2,26,32,58,Ge,,,False,-647.0,499.0,True,,,False,7320.0,718.0,True,,,False,12856.0,805.0,True,  58 Ge  32       *              -647#    499#        *              7320#    718#        *             12856#    805#  
2012,rct2,38,21,59,Sc,3498.0,843.0,True,15672.0,918.0,True,45223.0,596.0,True,7283.0,843.0,True,8460.0,843.0,True,-12583.0,999.0,True,0 59 Sc  21    3498#    843#    15672#    918#    45223#    596#     7283#    843#     8460#    843#   -12583#    999#  
2012,rct2,37,22,59,Ti,2603.0,566.0,True,18057.0,718.0,True,35020.0,401.0,True,5774.0,643.0,True,3951.0,566.0,True,-6100.0,718.0,True,  59 Ti  22    2603#    566#    18057#    718#    35020#    401#     5774#    643#     3951#    566#    -6100#    718#  
2012,rct2,36,23,59,V,5583.83,206.38,False,14009.0,432.0,True,24397.1,161.87,False,6746.4,296.18,False,6237.36,211.22,False,-7454.0,432.0,True,  59 V   23    5583.83  206.38  14009#    432#    24397.10  161.87   6746.40  296.18   6237.36  211.22  -7454#    432#  
2012,rct2,35,24,59,Cr,4128.08,317.61,False,14860.96,275.84,False,13264.63,244.33,False,7047.7,333.31,False,3095.67,302.12,False,-3039.77,279.48,False,  59 Cr  24    4128.08  317.61  14860.96  275.84  13264.63  244.33   7047.70  333.31   3095.67  302.12  -3039.77  279.48
2012,rct2,34,25,59,Mn,7769.08,3.57,False,10979.56,202.93,False,832.41,2.41,False,7709.63,2.98,False,4619.98,2.98,False,-3755.82,177.72,False,  59 Mn  25    7769.08    3.57  10979.56  202.93    832.41    2.41   7709.63    2.98   4619.98    2.98  -3755.82  177.72
2012,rct2,33,26,59,Fe,6581.01,0.11,False,12125.57,2.75,False,-13449.21,0.75,False,7532.77,1.57,False,1110.74,0.3,False,263.48,1.93,False,  59 Fe  26    6581.01    0.11  12125.57    2.75 -13449.21    0.75   7532.77    1.57   1110.74    0.30    263.48    1.93
2012,rct2,32,27,59,Co,10453.88,1.1,False,7363.62,0.36,False,-28258.0,168.0,True,8662.87,0.32,False,3241.36,0.32,False,328.13,0.37,False,  59 Co  27   10453.88    1.10   7363.62    0.36 -28258#    168#     8662.87    0.32   3241.36    0.32    328.13    0.37
2012,rct2,31,28,59,Ni,8999.28,0.05,False,8598.53,1.11,False,-44846.0,298.0,True,8899.64,0.43,False,-252.27,0.4,False,5096.7,0.26,False,  59 Ni  28    8999.28    0.05   8598.53    1.11 -44846#    298#     8899.64    0.43   -252.27    0.40   5096.70    0.26
2012,rct2,30,29,59,Cu,12761.91,0.56,False,3418.55,0.39,False,,,False,10436.29,0.63,False,2413.23,0.53,False,5328.47,0.56,False,  59 Cu  29   12761.91    0.56   3418.55    0.39      *             10436.29    0.63   2413.23    0.53   5328.47    0.56
2012,rct2,29,30,59,Zn,12988.12,50.0,False,2836.79,0.73,False,,,False,10804.1,0.81,False,-4113.0,196.0,True,12338.36,0.76,False,  59 Zn  30   12988.12   50.00   2836.79    0.73      *             10804.10    0.81  -4113#    196#    12338.36    0.76
2012,rct2,28,31,59,Ga,18551.0,258.0,True,-1038.0,175.0,True,,,False,9286.0,265.0,True,-3529.0,530.0,True,9913.0,258.0,True,  59 Ga  31   18551#    258#    -1038#    175#        *              9286#    265#    -3529#    530#     9913#    258#  
2012,rct2,27,32,59,Ge,16669.0,499.0,True,107.0,357.0,True,,,False,10049.0,422.0,True,-7124.0,667.0,True,14915.0,585.0,True,  59 Ge  32   16669#    499#      107#    357#        *             10049#    422#    -7124#    667#    14915#    585#  
2012,rct2,39,21,60,Sc,1821.0,918.0,True,,,False,48916.0,699.0,True,8578.0,988.0,True,7686.0,918.0,True,,,False,0 60 Sc  21    1821#    918#        *             48916#    699#     8578#    988#     7686#    918#        *           
2012,rct2,38,22,60,Ti,4755.0,643.0,True,19315.0,780.0,True,39084.0,503.0,True,3259.0,780.0,True,3243.0,711.0,True,-9807.0,780.0,True,  60 Ti  22    4755#    643#    19315#    780#    39084#    503#     3259#    780#     3243#    711#    -9807#    780#  
2012,rct2,37,23,60,V,3481.26,273.26,False,14887.0,457.0,True,28407.76,220.16,False,8581.0,457.0,True,5489.71,331.65,False,-6888.0,549.0,True,  60 V   23    3481.26  273.26  14887#    457#    28407.76  220.16   8581#    457#     5489.71  331.65  -6888#    549#  
2012,rct2,36,24,60,Cr,6683.7,324.4,False,15960.83,267.85,False,17968.66,213.4,False,4526.43,248.86,False,2588.57,311.35,False,-6989.87,327.2,False,  60 Cr  24    6683.70  324.40  15960.83  267.85  17968.66  213.40   4526.43  248.86   2588.57  311.35  -6989.87  327.20
2012,rct2,35,25,60,Mn,5513.93,3.29,False,12365.42,244.34,False,5376.61,2.85,False,9577.59,202.93,False,4420.26,2.98,False,-3093.15,226.72,False,  60 Mn  25    5513.93    3.29  12365.42  244.34   5376.61    2.85   9577.59  202.93   4420.26    2.98  -3093.15  226.72
2012,rct2,34,26,60,Fe,8819.53,3.39,False,13176.02,4.14,False,-7238.64,3.43,False,5125.99,4.36,False,937.81,3.73,False,-3241.83,3.9,False,  60 Fe  26    8819.53    3.39  13176.02    4.14  -7238.64    3.43   5125.99    4.36    937.81    3.73  -3241.83    3.90
2012,rct2,33,27,60,Co,7491.92,0.07,False,8274.53,0.38,False,-21866.0,196.0,True,11215.55,0.36,False,3395.52,0.32,False,1482.81,1.58,False,  60 Co  27    7491.92    0.07   8274.53    0.38 -21866#    196#    11215.55    0.36   3395.52    0.32   1482.81    1.58
2012,rct2,32,28,60,Ni,11387.73,0.05,False,9532.38,0.2,False,-36863.0,196.0,True,6084.83,1.11,False,-263.53,0.43,False,1355.05,0.26,False,  60 Ni  28   11387.73    0.05   9532.38    0.20 -36863#    196#     6084.83    1.11   -263.53    0.43   1355.05    0.26
2012,rct2,31,29,60,Cu,10058.14,1.62,False,4477.4,1.57,False,-52644.0,401.0,True,12594.41,1.58,False,2602.72,1.65,False,6646.8,1.63,False,  60 Cu  29   10058.14    1.62   4477.40    1.57 -52644#    401#    12594.41    1.58   2602.72    1.65   6646.80    1.63
2012,rct2,30,30,60,Zn,15030.09,0.71,False,5104.97,0.41,False,,,False,8204.21,0.59,False,-2001.42,0.61,False,7555.89,0.65,False,  60 Zn  30   15030.09    0.71   5104.97    0.41      *              8204.21    0.59  -2001.42    0.61   7555.89    0.65
2012,rct2,29,31,60,Ga,13884.0,258.0,True,-142.0,196.0,True,,,False,13225.0,202.0,True,-2374.0,283.0,True,13171.0,196.0,True,  60 Ga  31   13884#    258#     -142#    196#        *             13225#    202#    -2374#    283#    13171#    196#  
2012,rct2,28,32,60,Ge,19370.0,357.0,True,927.0,258.0,True,,,False,6594.0,277.0,True,-7096.0,357.0,True,10583.0,283.0,True,  60 Ge  32   19370#    357#      927#    258#        *              6594#    277#    -7096#    357#    10583#    283#  
2012,rct2,27,33,60,As,,,False,-3321.0,499.0,True,,,False,12723.0,566.0,True,,,False,15595.0,499.0,True,  60 As  33       *             -3321#    499#        *             12723#    566#        *             15595#    499#  
2012,rct2,40,21,61,Sc,3088.0,1063.0,True,,,False,52674.0,801.0,True,,,False,7714.0,1063.0,True,,,False,0 61 Sc  21    3088#   1063#        *             52674#    801#        *              7714#   1063#        *           
2012,rct2,39,22,61,Ti,2091.0,780.0,True,19585.0,918.0,True,42573.0,596.0,True,4665.0,843.0,True,3392.0,843.0,True,-8782.0,918.0,True,  61 Ti  22    2091#    780#    19585#    918#    42573#    596#     4665#    843#     3392#    843#    -8782#    918#  
2012,rct2,38,23,61,V,5335.79,920.94,False,15467.0,1026.0,True,32391.19,894.23,False,5848.0,980.0,True,5470.0,980.0,True,-9984.0,1075.0,True,  61 V   23    5335.79  920.94  15467#   1026#    32391.19  894.23   5848#    980#     5470#    980#    -9984#   1075#  
2012,rct2,37,24,61,Cr,4022.53,249.32,False,16502.1,255.13,False,21766.23,128.92,False,6087.73,206.94,False,2728.47,181.69,False,-5697.0,421.0,True,  61 Cr  24    4022.53  249.32  16502.10  255.13  21766.23  128.92   6087.73  206.94   2728.47  181.69  -5697#    421#  
2012,rct2,36,25,61,Mn,6845.5,3.29,False,12527.22,213.41,False,10241.71,2.52,False,6860.17,244.34,False,4956.66,202.93,False,-5776.22,128.05,False,  61 Mn  25    6845.50    3.29  12527.22  213.41  10241.71    2.52   6860.17  244.34   4956.66  202.93  -5776.22  128.05
2012,rct2,35,26,61,Fe,5579.44,4.31,False,13241.53,3.5,False,-2571.8,16.11,False,7315.63,3.5,False,1771.12,3.75,False,-1439.37,202.93,False,  61 Fe  26    5579.44    4.31  13241.53    3.50  -2571.80   16.11   7315.63    3.50   1771.12    3.75  -1439.37  202.93
2012,rct2,34,27,61,Co,9319.22,0.82,False,8774.22,3.5,False,-15763.08,38.0,False,8477.35,0.85,False,4120.9,0.84,False,-1423.66,2.84,False,  61 Co  27    9319.22    0.82   8774.22    3.50 -15763.08   38.00   8477.35    0.85   4120.90    0.84  -1423.66    2.84
2012,rct2,33,28,61,Ni,7820.11,0.05,False,9860.57,0.22,False,-30492.0,298.0,True,8718.6,0.21,False,489.29,1.11,False,3579.55,0.32,False,  61 Ni  28    7820.11    0.05   9860.57    0.22 -30492#    298#     8718.60    0.21    489.29    1.11   3579.55    0.32
2012,rct2,32,29,61,Cu,11710.6,1.85,False,4800.27,0.98,False,-44397.0,298.0,True,9883.09,0.98,False,3108.37,0.98,False,3509.13,1.48,False,  61 Cu  29   11710.60    1.85   4800.27    0.98 -44397#    298#     9883.09    0.98   3108.37    0.98   3509.13    1.48
2012,rct2,31,30,61,Zn,10246.28,15.91,False,5293.11,15.98,False,,,False,10719.85,15.91,False,182.5,15.91,False,9525.86,15.9,False,  61 Zn  30   10246.28   15.91   5293.11   15.98      *             10719.85   15.91    182.50   15.91   9525.86   15.90
2012,rct2,30,31,61,Ga,15422.0,199.0,True,249.78,38.0,False,,,False,10791.22,38.0,False,27.67,62.8,False,10178.99,38.0,False,  61 Ga  31   15422#    199#      249.78   38.00      *             10791.22   38.00     27.67   62.80  10178.99   38.00
2012,rct2,29,32,61,Ge,14191.0,357.0,True,1234.0,357.0,True,,,False,10953.0,342.0,True,-5373.0,357.0,True,14215.0,302.0,True,  61 Ge  32   14191#    357#     1234#    357#        *             10953#    342#    -5373#    357#    14215#    302#  
2012,rct2,28,33,61,As,19957.0,499.0,True,-2734.0,357.0,True,,,False,9435.0,422.0,True,-5010.0,499.0,True,11552.0,357.0,True,  61 As  33   19957#    499#    -2734#    357#        *              9435#    422#    -5010#    499#    11552#    357#  
2012,rct2,40,22,62,Ti,4289.0,918.0,True,20786.0,1063.0,True,46312.0,699.0,True,2197.0,988.0,True,2601.0,918.0,True,,,False,0 62 Ti  22    4289#    918#    20786#   1063#    46312#    699#     2197#    988#     2601#    918#        *           
2012,rct2,39,23,62,V,3041.0,943.0,True,16418.0,667.0,True,35947.0,299.0,True,7562.0,585.0,True,5032.0,499.0,True,-9528.0,667.0,True,  62 V   23    3041#    943#    16418#    667#    35947#    299#     7562#    585#     5032#    499#    -9528#    667#  
2012,rct2,38,24,62,Cr,6511.19,196.35,False,17677.5,906.42,False,25850.9,148.1,False,3057.8,265.34,False,1801.11,219.4,False,-9605.0,427.0,True,  62 Cr  24    6511.19  196.35  17677.50  906.42  25850.90  148.10   3057.80  265.34   1801.11  219.40  -9605#    427#  
2012,rct2,37,25,62,Mn,4810.0,150.0,True,13315.0,198.0,True,14306.0,150.0,True,8734.0,261.0,True,4275.0,287.0,True,-5003.0,221.0,True,  62 Mn  25    4810#    150#    13315#    198#    14306#    150#     8734#    261#     4275#    287#    -5003#    221#  
2012,rct2,36,26,62,Fe,8028.87,3.82,False,14424.9,3.64,False,2289.46,2.88,False,4800.7,3.64,False,1511.33,3.64,False,-5340.16,244.35,False,  62 Fe  26    8028.87    3.82  14424.90    3.64   2289.46    2.88   4800.70    3.64   1511.33    3.64  -5340.16  244.35
2012,rct2,35,27,62,Co,6597.52,18.58,False,9792.3,18.76,False,-9437.38,18.58,False,10699.36,18.88,False,4104.39,18.57,False,-252.1,18.72,False,  62 Co  27    6597.52   18.58   9792.30   18.76  -9437.38   18.58  10699.36   18.88   4104.39   18.57   -252.10   18.72
2012,rct2,34,28,62,Ni,10595.86,0.31,False,11137.21,0.73,False,-24847.0,140.0,True,5614.66,0.38,False,347.31,0.37,False,-435.3,0.44,False,  62 Ni  28   10595.86    0.31  11137.21    0.73 -24847#    140#     5614.66    0.38    347.31    0.37   -435.30    0.44
2012,rct2,33,29,62,Cu,8874.45,1.08,False,5854.61,0.57,False,-38205.0,298.0,True,12396.37,0.57,False,3233.21,0.57,False,5088.55,0.6,False,  62 Cu  29    8874.45    1.08   5854.61    0.57 -38205#    298#    12396.37    0.57   3233.21    0.57   5088.55    0.60
2012,rct2,32,30,62,Zn,12890.14,15.91,False,6472.65,1.06,False,,,False,7887.85,1.67,False,54.28,0.68,False,5635.01,0.55,False,  62 Zn  30   12890.14   15.91   6472.65    1.06      *              7887.85    1.67     54.28    0.68   5635.01    0.55
2012,rct2,31,31,62,Ga,12923.22,38.0,False,2926.73,15.91,False,,,False,12898.09,0.71,False,92.56,0.88,False,10017.69,0.7,False,  62 Ga  31   12923.22   38.00   2926.73   15.91      *             12898.09    0.71     92.56    0.88  10017.69    0.70
2012,rct2,30,32,62,Ge,16241.0,329.0,True,2053.0,145.0,True,,,False,8596.0,240.0,True,-3063.0,218.0,True,10963.0,140.0,True,  62 Ge  32   16241#    329#     2053#    145#        *              8596#    240#    -3063#    218#    10963#    140#  
2012,rct2,29,33,62,As,15067.0,422.0,True,-1858.0,422.0,True,,,False,13738.0,357.0,True,-3408.0,422.0,True,15036.0,342.0,True,  62 As  33   15067#    422#    -1858#    422#        *             13738#    357#    -3408#    422#    15036#    342#  
2012,rct2,41,22,63,Ti,1327.0,988.0,True,,,False,49814.0,699.0,True,3957.0,1063.0,True,3094.0,988.0,True,,,False,0 63 Ti  22    1327#    988#        *             49814#    699#     3957#   1063#     3094#    988#        *           
2012,rct2,40,23,63,V,4588.0,499.0,True,16716.0,805.0,True,39858.0,401.0,True,5066.0,718.0,True,5199.0,643.0,True,-12294.0,805.0,True,  63 V   23    4588#    499#    16716#    805#    39858#    401#     5066#    718#     5199#    643#   -12294#    805#  
2012,rct2,39,24,63,Cr,2898.47,482.06,False,17535.0,547.0,True,29790.21,458.74,False,5495.12,1005.04,False,2383.9,508.84,False,-7748.0,681.0,True,  63 Cr  24    2898.47  482.06  17535#    547#    29790.21  458.74   5495.12 1005.04   2383.90  508.84  -7748#    681#  
2012,rct2,38,25,63,Mn,6477.0,150.0,True,13281.06,148.15,False,18692.25,3.76,False,6278.84,128.98,False,4480.88,213.43,False,-7998.7,220.19,False,  63 Mn  25    6477#    150#    13281.06  148.15  18692.25    3.76   6278.84  128.98   4480.88  213.43  -7998.70  220.19
2012,rct2,37,26,63,Fe,4828.89,5.13,False,14444.0,150.0,True,6577.49,4.58,False,6817.31,4.89,False,2196.37,4.89,False,-3485.34,213.44,False,  63 Fe  26    4828.89    5.13  14444#    150#     6577.49    4.58   6817.31    4.89   2196.37    4.89  -3485.34  213.44
2012,rct2,36,27,63,Co,8498.49,26.26,False,10261.92,18.79,False,-5303.91,18.62,False,7780.3,18.76,False,4425.43,18.88,False,-3236.66,18.72,False,  63 Co  27    8498.49   26.26  10261.92   18.79  -5303.91   18.62   7780.30   18.76   4425.43   18.88  -3236.66   18.72
2012,rct2,35,28,63,Ni,6837.78,0.06,False,11377.47,18.57,False,-18591.11,37.26,False,8096.11,0.73,False,1001.45,0.38,False,1546.45,3.42,False,  63 Ni  28    6837.78    0.06  11377.47   18.57 -18591.11   37.26   8096.11    0.73   1001.45    0.38   1546.45    3.42
2012,rct2,34,29,63,Cu,10863.65,0.48,False,6122.41,0.06,False,-31952.0,196.0,True,9352.83,0.32,False,3757.29,0.32,False,1716.82,0.38,False,  63 Cu  29   10863.65    0.48   6122.41    0.06 -31952#    196#     9352.83    0.32   3757.29    0.32   1716.82    0.38
2012,rct2,33,30,63,Zn,9116.92,1.61,False,6715.12,1.62,False,,,False,10481.53,1.64,False,995.5,2.22,False,7905.82,1.57,False,  63 Zn  30    9116.92    1.61   6715.12    1.62      *             10481.53    1.64    995.50    2.22   7905.82    1.57
2012,rct2,32,31,63,Ga,12631.96,1.48,False,2668.55,1.47,False,,,False,10512.4,15.95,False,2490.69,1.46,False,7443.86,2.1,False,  63 Ga  31   12631.96    1.48   2668.55    1.47      *             10512.40   15.95   2490.69    1.46   7443.86    2.10
2012,rct2,31,32,63,Ge,13094.0,145.0,True,2223.74,37.27,False,,,False,10924.13,53.21,False,-2273.0,199.0,True,12898.92,37.27,False,  63 Ge  32   13094#    145#     2223.74   37.27      *             10924.13   53.21  -2273#    199#    12898.92   37.27
2012,rct2,30,33,63,As,17116.0,357.0,True,-983.0,240.0,True,,,False,10813.0,357.0,True,-1153.0,277.0,True,11804.0,277.0,True,  63 As  33   17116#    357#     -983#    240#        *             10813#    357#    -1153#    277#    11804#    277#  
2012,rct2,41,23,64,V,2249.0,566.0,True,17638.0,805.0,True,43621.0,401.0,True,7106.0,805.0,True,5041.0,718.0,True,-11456.0,896.0,True,0 64 V   23    2249#    566#    17638#    805#    43621#    401#     7106#    805#     5041#    718#   -11456#    896#  
2012,rct2,40,24,64,Cr,5808.0,547.0,True,18756.0,499.0,True,33639.0,298.0,True,2728.0,422.0,True,1911.0,943.0,True,-11465.0,667.0,True,  64 Cr  24    5808#    547#    18756#    499#    33639#    298#     2728#    422#     1911#    943#   -11465#    667#  
2012,rct2,39,25,64,Mn,4173.3,5.14,False,14555.89,458.76,False,22435.06,3.58,False,8616.73,148.14,False,4330.11,128.97,False,-6836.2,894.24,False,  64 Mn  25    4173.30    5.14  14555.89  458.76  22435.06    3.58   8616.73  148.14   4330.11  128.97  -6836.20  894.24
2012,rct2,38,26,64,Fe,7405.24,6.61,False,15371.46,6.25,False,11034.24,5.06,False,4222.0,150.0,True,1636.63,5.53,False,-6868.05,129.02,False,  64 Fe  26    7405.24    6.61  15371.46    6.25  11034.24    5.06   4222#    150#     1636.63    5.53  -6868.05  129.02
2012,rct2,37,27,64,Co,6012.21,27.29,False,11445.24,20.46,False,-959.14,20.06,False,9796.97,20.2,False,3992.66,20.18,False,-2403.36,20.14,False,  64 Co  27    6012.21   27.29  11445.24   20.46   -959.14   20.06   9796.97   20.20   3992.66   20.18  -2403.36   20.14
2012,rct2,36,28,64,Ni,9657.47,0.2,False,12536.45,18.57,False,-12782.98,3.77,False,5036.15,18.57,False,663.2,0.7,False,-2531.58,2.66,False,  64 Ni  28    9657.47    0.20  12536.45   18.57 -12782.98    3.77   5036.15   18.57    663.20    0.70  -2531.58    2.66
2012,rct2,35,29,64,Cu,7916.11,0.1,False,7200.74,0.1,False,-25772.0,302.0,True,12032.57,0.11,False,3661.28,0.33,False,3119.93,0.74,False,  64 Cu  29    7916.11    0.10   7200.74    0.10 -25772#    302#    12032.57    0.11   3661.28    0.33   3119.93    0.74
2012,rct2,34,30,64,Zn,11862.0,1.48,False,7713.46,0.66,False,-39074.0,503.0,True,7493.98,0.82,False,844.1,0.7,False,3863.93,0.69,False,  64 Zn  30   11862.00    1.48   7713.46    0.66 -39074#    503#     7493.98    0.82    844.10    0.70   3863.93    0.69
2012,rct2,33,31,64,Ga,10356.98,1.93,False,3908.61,2.07,False,,,False,13045.57,1.56,False,2380.0,15.96,False,8797.49,1.64,False,  64 Ga  31   10356.98    1.93   3908.61    2.07      *             13045.57    1.56   2380.00   15.96   8797.49    1.64
2012,rct2,32,32,64,Ge,15465.6,37.45,False,5057.37,3.95,False,,,False,8381.76,3.79,False,-2316.9,38.18,False,7679.6,16.33,False,  64 Ge  32   15465.60   37.45   5057.37    3.95      *              8381.76    3.79  -2316.90   38.18   7679.60   16.33
2012,rct2,31,33,64,As,14097.0,360.0,True,20.0,300.0,True,,,False,12957.0,333.0,True,-1059.0,425.0,True,13129.0,305.0,True,  64 As  33   14097#    360#       20#    300#        *             12957#    333#    -1059#    425#    13129#    305#  
2012,rct2,30,34,64,Se,,,False,592.0,540.0,True,,,False,8363.0,585.0,True,-4479.0,585.0,True,12446.0,585.0,True,  64 Se  34       *               592#    540#        *              8363#    585#    -4479#    585#    12446#    585#  
2012,rct2,42,23,65,V,3544.0,643.0,True,,,False,47542.0,503.0,True,4889.0,861.0,True,5786.0,861.0,True,,,False,0 65 V   23    3544#    643#        *             47542#    503#     4889#    861#     5786#    861#        *           
2012,rct2,41,24,65,Cr,2594.0,422.0,True,19100.0,499.0,True,37143.0,298.0,True,4721.0,499.0,True,2358.0,422.0,True,-9770.0,760.0,True,  65 Cr  24    2594#    422#    19100#    499#    37143#    298#     4721#    499#     2358#    422#    -9770#    760#  
2012,rct2,40,25,65,Mn,6049.62,5.14,False,14797.0,298.0,True,26296.12,3.78,False,5465.58,458.76,False,4791.68,148.15,False,-9845.0,298.0,True,  65 Mn  25    6049.62    5.14  14797#    298#    26296.12    3.78   5465.58  458.76   4791.68  148.15  -9845#    298#  
2012,rct2,39,26,65,Fe,4323.27,8.46,False,15521.43,7.68,False,14690.31,6.85,False,6376.37,7.77,False,2124.0,150.0,True,-4680.13,148.26,False,  65 Fe  26    4323.27    8.46  15521.43    7.68  14690.31    6.85   6376.37    7.77   2124#    150#    -4680.13  148.26
2012,rct2,38,27,65,Co,7464.63,20.12,False,11504.62,5.43,False,3472.13,2.24,False,7161.23,4.78,False,4556.9,3.49,False,-5058.0,150.0,True,  65 Co  27    7464.63   20.12  11504.62    5.43   3472.13    2.24   7161.23    4.78   4556.90    3.49  -5058#    150#  
2012,rct2,37,28,65,Ni,6098.08,0.14,False,12622.32,20.0,False,-8647.03,2.24,False,7436.56,18.57,False,1162.64,18.57,False,-600.79,2.85,False,  65 Ni  28    6098.08    0.14  12622.32   20.00  -8647.03    2.24   7436.56   18.57   1162.64   18.57   -600.79    2.85
2012,rct2,36,29,65,Cu,9910.68,0.68,False,7453.95,0.71,False,-20326.41,84.77,False,8959.67,0.68,False,4346.46,0.68,False,-193.23,18.58,False,  65 Cu  29    9910.68    0.68   7453.95    0.71 -20326.41   84.77   8959.67    0.68   4346.46    0.68   -193.23   18.58
2012,rct2,35,30,65,Zn,7979.33,0.17,False,7776.68,0.67,False,-32751.0,596.0,True,10378.31,0.67,False,1739.22,0.82,False,6480.47,0.67,False,  65 Zn  30    7979.33    0.17   7776.68    0.67 -32751#    596#    10378.31    0.67   1739.22    0.82   6480.47    0.67
2012,rct2,34,31,65,Ga,11895.89,1.58,False,3942.51,0.65,False,,,False,10266.59,1.6,False,3374.24,0.96,False,5776.04,0.98,False,  65 Ga  31   11895.89    1.58   3942.51    0.65      *             10266.59    1.60   3374.24    0.96   5776.04    0.98
2012,rct2,33,32,65,Ge,10234.04,4.31,False,4934.44,2.59,False,,,False,10779.68,2.53,False,372.29,2.28,False,10335.7,2.27,False,  65 Ge  32   10234.04    4.31   4934.44    2.59      *             10779.68    2.53    372.29    2.28  10335.70    2.27
2012,rct2,32,33,65,As,15356.0,314.0,True,-89.47,84.85,False,,,False,10694.97,92.59,False,-174.0,163.0,True,10695.8,84.77,False,  65 As  33   15356#    314#      -89.47   84.85      *             10694.97   92.59   -174#    163#    10695.80   84.77
2012,rct2,31,34,65,Se,14303.0,780.0,True,798.0,668.0,True,,,False,11177.0,627.0,True,-3715.0,667.0,True,14384.0,612.0,True,  65 Se  34   14303#    780#      798#    668#        *             11177#    627#    -3715#    667#    14384#    612#  
2012,rct2,43,23,66,V,2035.0,780.0,True,,,False,50801.0,596.0,True,,,False,5078.0,918.0,True,,,False,0 66 V   23    2035#    780#        *             50801#    596#        *              5078#    918#        *           
2012,rct2,42,24,66,Cr,4625.0,585.0,True,20181.0,711.0,True,41471.0,503.0,True,2346.0,643.0,True,2321.0,643.0,True,-13067.0,861.0,True,  66 Cr  24    4625#    585#    20181#    711#    41471#    503#     2346#    643#     2321#    643#   -13067#    861#  
2012,rct2,41,25,66,Mn,3854.37,11.78,False,16057.0,298.0,True,29507.68,11.2,False,7420.0,298.0,True,3835.78,458.88,False,-9111.0,401.0,True,  66 Mn  25    3854.37   11.78  16057#    298#    29507.68   11.20   7420#    298#     3835.78  458.88  -9111#    401#  
2012,rct2,40,26,66,Fe,6917.66,7.95,False,16389.47,5.54,False,18831.22,4.19,False,3632.0,5.42,False,1683.27,5.54,False,-8699.32,458.76,False,  66 Fe  26    6917.66    7.95  16389.47    5.54  18831.22    4.19   3632.00    5.42   1683.27    5.54  -8699.32  458.76
2012,rct2,39,27,66,Co,5294.65,14.13,False,12476.01,15.55,False,7315.53,14.32,False,9271.82,14.85,False,4091.14,14.62,False,-3875.08,14.46,False,  66 Co  27    5294.65   14.13  12476.01   15.55   7315.53   14.32   9271.82   14.85   4091.14   14.62  -3875.08   14.46
2012,rct2,38,28,66,Ni,8952.36,1.51,False,14110.06,2.51,False,-4399.25,2.78,False,4496.41,20.06,False,708.77,18.63,False,-4724.26,4.52,False,  66 Ni  28    8952.36    1.51  14110.06    2.51  -4399.25    2.78   4496.41   20.06    708.77   18.63  -4724.26    4.52
2012,rct2,37,29,66,Cu,7065.93,0.09,False,8421.8,0.73,False,-14232.99,5.72,False,11551.21,0.71,False,4118.31,0.69,False,1239.33,18.58,False,  66 Cu  29    7065.93    0.09   8421.80    0.73 -14232.99    5.72  11551.21    0.71   4118.31    0.69   1239.33   18.58
2012,rct2,36,30,66,Zn,11058.58,0.99,False,8924.58,1.0,False,-27531.0,298.0,True,7235.84,0.76,False,1544.29,0.75,False,2259.66,0.75,False,  66 Zn  30   11058.58    0.99   8924.58    1.00 -27531#    298#     7235.84    0.76   1544.29    0.75   2259.66    0.75
2012,rct2,35,31,66,Ga,9138.05,3.2,False,5101.23,3.16,False,,,False,12990.53,3.16,False,3353.1,3.46,False,7501.64,3.09,False,  66 Ga  31    9138.05    3.20   5101.23    3.16      *             12990.53    3.16   3353.10    3.46   7501.64    3.09
2012,rct2,34,32,66,Ge,13200.13,3.23,False,6238.68,2.54,False,,,False,7936.52,2.79,False,-195.89,2.73,False,6252.48,2.87,False,  66 Ge  32   13200.13    3.23   6238.68    2.54      *              7936.52    2.79   -195.89    2.73   6252.48    2.87
2012,rct2,33,33,66,As,13159.34,84.96,False,2835.83,6.08,False,,,False,13001.23,6.79,False,-239.81,37.69,False,10168.42,5.83,False,  66 As  33   13159.34   84.96   2835.83    6.08      *             13001.23    6.79   -239.81   37.69  10168.42    5.83
2012,rct2,32,34,66,Se,16278.0,667.0,True,1720.0,310.0,True,,,False,8995.0,425.0,True,-2877.0,357.0,True,11200.0,300.0,True,  66 Se  34   16278#    667#     1720#    310#        *              8995#    425#    -2877#    357#    11200#    300#  
2012,rct2,43,24,67,Cr,2017.0,711.0,True,20162.0,780.0,True,45262.0,503.0,True,3874.0,711.0,True,2554.0,643.0,True,,,False,0 67 Cr  24    2017#    711#    20162#    780#    45262#    503#     3874#    711#     2554#    643#        *           
2012,rct2,42,25,67,Mn,4631.0,401.0,True,16064.0,643.0,True,34009.0,401.0,True,5383.0,499.0,True,5013.0,499.0,True,-11493.0,566.0,True,  67 Mn  25    4631#    401#    16064#    643#    34009#    401#     5383#    499#     5013#    499#   -11493#    566#  
2012,rct2,41,26,67,Fe,4072.01,218.01,False,16607.11,218.26,False,21811.54,217.97,False,5609.61,218.0,False,1784.56,218.0,False,-6963.0,369.0,True,  67 Fe  26    4072.01  218.01  16607.11  218.26  21811.54  217.97   5609.61  218.00   1784.56  218.00  -6963#    369#  
2012,rct2,40,27,67,Co,6984.56,15.39,False,12542.91,7.64,False,11557.12,6.56,False,6610.52,9.38,False,4511.82,8.17,False,-6686.34,7.35,False,  67 Co  27    6984.56   15.39  12542.91    7.64  11557.12    6.56   6610.52    9.38   4511.82    8.17  -6686.34    7.35
2012,rct2,39,28,67,Ni,5807.71,3.21,False,14623.12,14.27,False,-1084.68,5.48,False,6153.32,3.56,False,913.26,20.21,False,-3126.73,5.79,False,  67 Ni  28    5807.71    3.21  14623.12   14.27  -1084.68    5.48   6153.32    3.56    913.26   20.21  -3126.73    5.79
2012,rct2,38,29,67,Cu,9132.03,1.38,False,8601.46,1.85,False,-10731.55,1.29,False,8517.27,1.33,False,4643.75,1.33,False,-1880.49,20.04,False,  67 Cu  29    9132.03    1.38   8601.46    1.85 -10731.55    1.29   8517.27    1.33   4643.75    1.33  -1880.49   20.04
2012,rct2,37,30,67,Zn,7052.32,0.22,False,8910.97,1.02,False,-21299.78,67.07,False,10094.2,1.01,False,2408.08,0.78,False,4864.81,0.8,False,  67 Zn  30    7052.32    0.22   8910.97    1.02 -21299.78   67.07  10094.20    1.01   2408.08    0.78   4864.81    0.80
2012,rct2,36,31,67,Ga,11226.15,3.21,False,5268.8,1.14,False,-33951.0,503.0,True,9743.71,1.33,False,3988.95,1.33,False,4191.6,1.21,False,  67 Ga  31   11226.15    3.21   5268.80    1.14 -33951#    503#     9743.71    1.33   3988.95    1.33   4191.60    1.21
2012,rct2,35,32,67,Ge,9122.29,5.24,False,6222.91,5.59,False,,,False,10710.13,4.66,False,1038.8,4.85,False,8992.19,4.62,False,  67 Ge  32    9122.29    5.24   6222.91    5.59      *             10710.13    4.66   1038.80    4.85   8992.19    4.62
2012,rct2,34,33,67,As,12633.47,5.7,False,2269.16,2.44,False,,,False,10601.8,2.21,False,2592.33,3.75,False,7891.93,1.5,False,  67 As  33   12633.47    5.70   2269.16    2.44      *             10601.80    2.21   2592.33    3.75   7891.93    1.50
2012,rct2,33,34,67,Se,13284.0,306.0,True,1844.18,67.31,False,,,False,11067.57,108.09,False,-2064.0,310.0,True,13381.61,67.17,False,  67 Se  34   13284#    306#     1844.18   67.31      *             11067.57  108.09  -2064#    310#    13381.61   67.17
2012,rct2,32,35,67,Br,,,False,-1150.0,585.0,True,,,False,10944.0,780.0,True,-1135.0,711.0,True,12370.0,587.0,True,  67 Br  35       *             -1150#    585#        *             10944#    780#    -1135#    711#    12370#    587#  
2012,rct2,44,24,68,Cr,4466.0,861.0,True,,,False,48588.0,699.0,True,1442.0,918.0,True,1632.0,861.0,True,,,False,0 68 Cr  24    4466#    861#        *             48588#    699#     1442#    918#     1632#    861#        *           
2012,rct2,43,25,68,Mn,3060.0,643.0,True,17107.0,711.0,True,37268.0,503.0,True,6948.0,711.0,True,4547.0,585.0,True,-11009.0,711.0,True,  68 Mn  25    3060#    643#    17107#    711#    37268#    503#     6948#    711#     4547#    585#   -11009#    711#  
2012,rct2,42,26,68,Fe,5828.14,425.35,False,17804.0,542.0,True,26181.5,365.26,False,3635.84,365.43,False,2006.04,365.28,False,-10197.0,471.0,True,  68 Fe  26    5828.14  425.35  17804#    542#    26181.50  365.26   3635.84  365.43   2006.04  365.28 -10197#    471#  
2012,rct2,41,27,68,Co,4673.26,149.92,False,13144.16,264.47,False,15162.02,149.79,False,8854.92,149.84,False,4161.83,149.94,False,-5309.98,149.83,False,  68 Co  27    4673.26  149.92  13144.16  264.47  15162.02  149.79   8854.92  149.84   4161.83  149.94  -5309.98  149.83
2012,rct2,40,28,68,Ni,7792.45,4.15,False,15431.01,7.1,False,3514.98,3.52,False,3655.53,14.29,False,585.44,3.64,False,-6595.92,7.44,False,  68 Ni  28    7792.45    4.15  15431.01    7.10   3514.98    3.52   3655.53   14.29    585.44    3.64  -6595.92    7.44
2012,rct2,39,29,68,Cu,6319.57,1.99,False,9113.33,3.29,False,-6672.52,2.43,False,11150.06,2.11,False,4422.26,1.68,False,-735.43,2.62,False,  68 Cu  29    6319.57    1.99   9113.33    3.29  -6672.52    2.43  11150.06    2.11   4422.26    1.68   -735.43    2.62
2012,rct2,38,30,68,Zn,10198.1,0.19,False,9977.04,1.52,False,-15817.41,1.04,False,6962.03,1.04,False,2120.67,1.03,False,764.8,0.83,False,  68 Zn  30   10198.10    0.19   9977.04    1.52 -15817.41    1.04   6962.03    1.04   2120.67    1.03    764.80    0.83
2012,rct2,37,31,68,Ga,8278.17,1.66,False,6494.65,1.22,False,-28644.0,307.0,True,12524.12,1.23,False,3690.11,1.58,False,5824.11,1.58,False,  68 Ga  31    8278.17    1.66   6494.65    1.22 -28644#    307#    12524.12    1.23   3690.11    1.58   5824.11    1.58
2012,rct2,36,32,68,Ge,12392.1,5.03,False,7388.86,2.24,False,,,False,7456.08,3.65,False,542.59,2.05,False,4579.41,1.99,False,  68 Ge  32   12392.10    5.03   7388.86    2.24      *              7456.08    3.65    542.59    2.05   4579.41    1.99
2012,rct2,35,33,68,As,10378.61,1.9,False,3525.48,5.01,False,,,False,13423.32,3.03,False,2447.75,2.84,False,9409.21,2.02,False,  68 As  33   10378.61    1.90   3525.48    5.01      *             13423.32    3.03   2447.75    2.84   9409.21    2.02
2012,rct2,34,34,68,Se,15680.47,67.07,False,4891.19,0.66,False,,,False,8546.44,5.7,False,-2388.33,84.77,False,7935.18,2.22,False,  68 Se  34   15680.47   67.07   4891.19    0.66      *              8546.44    5.70  -2388.33   84.77   7935.18    2.22
2012,rct2,33,35,68,Br,13584.0,590.0,True,-850.0,300.0,True,,,False,13637.0,428.0,True,-416.0,671.0,True,14142.0,319.0,True,  68 Br  35   13584#    590#     -850#    300#        *             13637#    428#     -416#    671#    14142#    319#  
2012,rct2,44,25,69,Mn,4308.0,780.0,True,16949.0,918.0,True,41201.0,596.0,True,4656.0,780.0,True,4864.0,780.0,True,-13282.0,843.0,True,0 69 Mn  25    4308#    780#    16949#    918#    41201#    596#     4656#    780#     4864#    780#   -13282#    843#  
2012,rct2,43,26,69,Fe,3304.0,542.0,True,18048.0,643.0,True,29360.0,401.0,True,4963.0,566.0,True,2557.0,401.0,True,-8876.0,643.0,True,  69 Fe  26    3304#    542#    18048#    643#    29360#    401#     4963#    566#     2557#    401#    -8876#    643#  
2012,rct2,42,27,69,Co,6316.68,242.54,False,13632.71,412.08,False,19158.71,190.77,False,6610.25,289.66,False,4762.81,190.81,False,-7772.3,191.1,False,  69 Co  27    6316.68  242.54  13632.71  412.08  19158.71  190.77   6610.25  289.66   4762.81  190.81  -7772.30  191.10
2012,rct2,41,28,69,Ni,4586.15,4.77,False,15343.9,149.83,False,7122.01,3.95,False,6053.93,7.44,False,1293.94,14.46,False,-4264.41,5.54,False,  69 Ni  28    4586.15    4.77  15343.90  149.83   7122.01    3.95   6053.93    7.44   1293.94   14.46  -4264.41    5.54
2012,rct2,40,29,69,Cu,8240.5,2.11,False,9561.37,3.29,False,-2624.05,32.03,False,8717.27,3.21,False,5134.13,1.98,False,-3681.28,14.04,False,  69 Cu  29    8240.50    2.11   9561.37    3.29  -2624.05   32.03   8717.27    3.21   5134.13    1.98  -3681.28   14.04
2012,rct2,39,30,69,Zn,6482.07,0.16,False,10139.54,1.83,False,-11982.89,1.75,False,9611.99,1.52,False,2704.53,1.05,False,3235.09,1.68,False,  69 Zn  30    6482.07    0.16  10139.54    1.83 -11982.89    1.75   9611.99    1.52   2704.53    1.05   3235.09    1.68
2012,rct2,38,31,69,Ga,10313.37,1.91,False,6609.92,1.49,False,-23216.33,37.02,False,9263.07,1.48,False,4435.32,1.47,False,2576.67,1.37,False,  69 Ga  31   10313.37    1.91   6609.92    1.49 -23216.33   37.02   9263.07    1.48   4435.32    1.47   2576.67    1.37
2012,rct2,37,32,69,Ge,8193.18,2.29,False,7303.88,1.99,False,-34666.0,401.0,True,10489.05,1.78,False,1487.46,3.38,False,7444.81,1.57,False,  69 Ge  32    8193.18    2.29   7303.88    1.99 -34666#    401#    10489.05    1.78   1487.46    3.38   7444.81    1.57
2012,rct2,36,33,69,As,12288.96,32.05,False,3422.34,32.05,False,,,False,10256.65,32.34,False,3358.92,32.09,False,6258.3,32.15,False,  69 As  33   12288.96   32.05   3422.34   32.05      *             10256.65   32.34   3358.92   32.09   6258.30   32.15
2012,rct2,35,34,69,Se,10316.58,1.57,False,4829.16,2.37,False,,,False,10863.32,1.55,False,454.43,5.87,False,10818.73,2.83,False,  69 Se  34   10316.58    1.57   4829.16    2.37      *             10863.32    1.55    454.43    5.87  10818.73    2.83
2012,rct2,34,35,69,Br,15741.0,310.0,True,-789.0,37.0,False,,,False,11179.62,76.6,False,120.0,300.0,True,11560.01,37.44,False,  69 Br  35   15741#    310#     -789.00   37.00      *             11179.62   76.60    120#    300#    11560.01   37.44
2012,rct2,33,36,69,Kr,,,False,1282.0,505.0,True,,,False,11204.0,643.0,True,,,False,14579.0,499.0,True,  69 Kr  36       *              1282#    505#        *             11204#    643#        *             14579#    499#  
2012,rct2,45,25,70,Mn,2752.0,918.0,True,,,False,43760.0,699.0,True,6370.0,988.0,True,4128.0,861.0,True,,,False,0 70 Mn  25    2752#    918#        *             43760#    699#     6370#    988#     4128#    861#        *           
2012,rct2,44,26,70,Fe,5323.0,643.0,True,19063.0,780.0,True,33255.0,503.0,True,2700.0,711.0,True,1865.0,643.0,True,-12182.0,711.0,True,  70 Fe  26    5323#    643#    19063#    780#    33255#    503#     2700#    711#     1865#    643#   -12182#    711#  
2012,rct2,43,27,70,Co,4821.58,353.9,False,15151.0,499.0,True,21990.78,298.08,False,7616.8,471.45,False,4013.23,369.27,False,-7963.0,499.0,True,  70 Co  27    4821.58  353.90  15151#    499#    21990.78  298.08   7616.80  471.45   4013.23  369.27  -7963#    499#  
2012,rct2,42,28,70,Ni,7306.53,4.3,False,16333.75,190.78,False,11347.97,2.3,False,3420.67,149.8,False,971.97,6.79,False,-7498.93,217.98,False,  70 Ni  28    7306.53    4.30  16333.75  190.78  11347.97    2.30   3420.67  149.80    971.97    6.79  -7498.93  217.98
2012,rct2,41,29,70,Cu,5311.48,1.77,False,10286.69,3.88,False,1365.46,50.02,False,11198.25,3.17,False,5630.36,3.08,False,-2008.2,6.53,False,  70 Cu  29    5311.48    1.77  10286.69    3.88   1365.46   50.02  11198.25    3.17   5630.36    3.08  -2008.20    6.53
2012,rct2,40,30,70,Zn,9218.43,2.09,False,11117.47,2.37,False,-7634.82,2.49,False,6713.13,2.49,False,2618.12,2.27,False,-175.63,3.47,False,  70 Zn  30    9218.43    2.09  11117.47    2.37  -7634.82    2.49   6713.13    2.49   2618.12    2.27   -175.63    3.47
2012,rct2,39,31,70,Ga,7653.65,0.17,False,7781.5,1.5,False,-17484.51,14.95,False,11807.52,1.49,False,3833.99,1.48,False,4055.05,1.71,False,  70 Ga  31    7653.65    0.17   7781.50    1.50 -17484.51   14.95  11807.52    1.49   3833.99    1.48   4055.05    1.71
2012,rct2,38,32,70,Ge,11532.5,1.56,False,8523.01,1.46,False,-29613.0,196.0,True,7234.72,1.65,False,1181.12,1.18,False,2964.63,1.11,False,  70 Ge  32   11532.50    1.56   8523.01    1.46 -29613#    196#     7234.72    1.65   1181.12    1.18   2964.63    1.11
2012,rct2,37,33,70,As,9300.99,59.37,False,4530.15,50.02,False,,,False,13347.76,50.04,False,3180.22,50.22,False,8183.46,50.01,False,  70 As  33    9300.99   59.37   4530.15   50.02      *             13347.76   50.04   3180.22   50.22   8183.46   50.01
2012,rct2,36,34,70,Se,13566.5,2.17,False,6106.7,32.04,False,,,False,7675.43,2.43,False,-478.61,1.64,False,6374.51,4.92,False,  70 Se  34   13566.50    2.17   6106.70   32.04      *              7675.43    2.43   -478.61    1.64   6374.51    4.92
2012,rct2,35,35,70,Br,13385.47,39.89,False,2279.88,14.98,False,,,False,13474.63,14.91,False,18.72,68.7,False,10808.01,14.91,False,  70 Br  35   13385.47   39.89   2279.88   14.98      *             13474.63   14.91     18.72   68.70  10808.01   14.91
2012,rct2,34,36,70,Kr,16585.0,446.0,True,2126.0,199.0,True,,,False,8204.0,364.0,True,-3156.0,540.0,True,11278.0,207.0,True,  70 Kr  36   16585#    446#     2126#    199#        *              8204#    364#    -3156#    540#    11278#    207#  
2012,rct2,46,25,71,Mn,4057.0,988.0,True,,,False,47509.0,699.0,True,,,False,4538.0,988.0,True,,,False,0 71 Mn  25    4057#    988#        *             47509#    699#        *              4538#    988#        *           
2012,rct2,45,26,71,Fe,2762.0,780.0,True,19072.0,918.0,True,36329.0,596.0,True,4246.0,843.0,True,2163.0,780.0,True,-10478.0,918.0,True,  71 Fe  26    2762#    780#    19072#    918#    36329#    596#     4246#    843#     2163#    780#   -10478#    918#  
2012,rct2,44,27,71,Co,5521.89,552.36,False,15349.0,685.0,True,25769.17,465.03,False,5398.0,614.0,True,4319.48,591.33,False,-10425.0,685.0,True,  71 Co  27    5521.89  552.36  15349#    685#    25769.17  465.03   5398#    614#     4319.48  591.33 -10425#    685#  
2012,rct2,43,28,71,Ni,4263.68,3.1,False,15775.85,298.09,False,14500.23,2.39,False,5473.66,190.78,False,1381.55,149.8,False,-5934.48,365.27,False,  71 Ni  28    4263.68    3.10  15775.85  298.09  14500.23    2.39   5473.66  190.78   1381.55  149.80  -5934.48  365.27
2012,rct2,42,29,71,Cu,7806.07,1.84,False,10786.24,2.61,False,5181.93,4.43,False,7978.33,4.01,False,5616.74,3.33,False,-5141.0,149.79,False,  71 Cu  29    7806.07    1.84  10786.24    2.61   5181.93    4.43   7978.33    4.01   5616.74    3.33  -5141.00  149.79
2012,rct2,41,30,71,Zn,5835.38,3.19,False,11641.37,2.87,False,-4182.27,3.85,False,9118.24,3.0,False,3102.31,3.09,False,1781.44,3.99,False,  71 Zn  30    5835.38    3.19  11641.37    2.87  -4182.27    3.85   9118.24    3.00   3102.31    3.09   1781.44    3.99
2012,rct2,40,31,71,Ga,9300.28,1.45,False,7863.36,2.08,False,-13636.68,5.46,False,8989.31,1.13,False,4731.8,1.12,False,1074.34,1.78,False,  71 Ga  31    9300.28    1.45   7863.36    2.08 -13636.68    5.46   8989.31    1.13   4731.80    1.12   1074.34    1.78
2012,rct2,39,32,71,Ge,7415.94,0.11,False,8285.3,1.46,False,-23579.25,128.77,False,10132.15,1.46,False,2043.34,1.65,False,5746.79,1.13,False,  71 Ge  32    7415.94    0.11   8285.30    1.46 -23579.25  128.77  10132.15    1.46   2043.34    1.65   5746.79    1.13
2012,rct2,38,33,71,As,11622.54,50.17,False,4620.19,4.08,False,-35589.0,503.0,True,9918.4,4.37,False,3949.79,4.57,False,4839.09,4.4,False,  71 As  33   11622.54   50.17   4620.19    4.08 -35589#    503#     9918.40    4.37   3949.79    4.57   4839.09    4.40
2012,rct2,37,34,71,Se,9287.93,3.21,False,6093.64,50.09,False,,,False,10676.46,32.12,False,612.07,3.35,False,9478.68,3.37,False,  71 Se  34    9287.93    3.21   6093.64   50.09      *             10676.46   32.12    612.07    3.35   9478.68    3.37
2012,rct2,36,35,71,Br,13148.12,15.85,False,1861.5,5.63,False,,,False,10643.09,5.6,False,2551.08,5.42,False,8038.5,5.71,False,  71 Br  35   13148.12   15.85   1861.50    5.63      *             10643.09    5.60   2551.08    5.42   8038.50    5.71
2012,rct2,35,36,71,Kr,13450.0,234.0,True,2190.56,129.63,False,,,False,10495.07,133.98,False,-3022.0,333.0,True,13508.64,128.77,False,  71 Kr  36   13450#    234#     2190.56  129.63      *             10495.07  133.98  -3022#    333#    13508.64  128.77
2012,rct2,34,37,71,Rb,,,False,-1355.0,540.0,True,,,False,10841.0,643.0,True,,,False,11784.0,590.0,True,  71 Rb  37       *             -1355#    540#        *             10841#    643#        *             11784#    590#  
2012,rct2,46,26,72,Fe,5174.0,918.0,True,20190.0,988.0,True,40042.0,699.0,True,1824.0,988.0,True,1296.0,918.0,True,,,False,0 72 Fe  26    5174#    918#    20190#    988#    40042#    699#     1824#    988#     1296#    918#        *           
2012,rct2,45,27,72,Co,3486.0,614.0,True,16073.0,718.0,True,28804.0,401.0,True,7236.0,643.0,True,4137.0,566.0,True,-9602.0,718.0,True,  72 Co  27    3486#    614#    16073#    718#    28804#    401#     7236#    643#     4137#    566#    -9602#    718#  
2012,rct2,44,28,72,Ni,6891.15,3.16,False,17145.11,465.04,False,18359.84,2.24,False,3404.1,298.09,False,807.08,190.78,False,-9522.0,401.0,True,  72 Ni  28    6891.15    3.16  17145.11  465.04  18359.84    2.24   3404.10  298.09    807.08  190.78  -9522#    401#  
2012,rct2,43,29,72,Cu,5143.19,2.04,False,11665.74,2.64,False,8446.8,4.32,False,10141.67,2.56,False,5059.7,3.98,False,-3967.51,190.78,False,  72 Cu  29    5143.19    2.04  11665.74    2.64   8446.80    4.32  10141.67    2.56   5059.70    3.98  -3967.51  190.78
2012,rct2,42,30,72,Zn,8888.03,3.41,False,12723.33,2.61,False,-277.31,2.9,False,5541.69,2.4,False,2454.78,2.56,False,-2520.44,4.3,False,  72 Zn  30    8888.03    3.41  12723.33    2.61   -277.31    2.90   5541.69    2.40   2454.78    2.56  -2520.44    4.30
2012,rct2,41,31,72,Ga,6520.48,0.19,False,8548.45,2.78,False,-9520.94,6.76,False,11687.26,2.08,False,4693.4,1.14,False,2794.36,1.62,False,  72 Ga  31    6520.48    0.19   8548.45    2.78  -9520.94    6.76  11687.26    2.08   4693.40    1.14   2794.36    1.62
2012,rct2,40,32,72,Ge,10750.76,0.84,False,9735.77,0.82,False,-18645.33,8.01,False,7035.04,1.2,False,1605.95,1.2,False,1478.1,0.93,False,  72 Ge  32   10750.76    0.84   9735.77    0.82 -18645.33    8.01   7035.04    1.20   1605.95    1.20   1478.10    0.93
2012,rct2,39,33,72,As,8408.06,5.83,False,5612.31,4.17,False,-30113.0,503.0,True,13042.84,4.17,False,3734.91,4.29,False,6744.4,4.26,False,  72 As  33    8408.06    5.83   5612.31    4.17 -30113#    503#    13042.84    4.17   3734.91    4.29   6744.40    4.26
2012,rct2,38,34,72,Se,12792.99,3.41,False,7264.09,4.6,False,,,False,7184.46,50.05,False,108.04,32.06,False,4878.88,2.36,False,  72 Se  34   12792.99    3.41   7264.09    4.60      *              7184.46   50.05    108.04   32.06   4878.88    2.36
2012,rct2,37,35,72,Br,10636.22,8.61,False,3209.78,7.27,False,,,False,13573.38,6.89,False,2231.44,6.87,False,9691.24,32.69,False,  72 Br  35   10636.22    8.61   3209.78    7.27      *             13573.38    6.89   2231.44    6.87   9691.24   32.69
2012,rct2,36,36,72,Kr,15684.69,129.02,False,4727.13,9.66,False,,,False,8195.85,16.92,False,-2965.05,37.86,False,8140.53,8.15,False,  72 Kr  36   15684.69  129.02   4727.13    9.66      *              8195.85   16.92  -2965.05   37.86   8140.53    8.15
2012,rct2,35,37,72,Rb,13884.0,711.0,True,-922.0,519.0,True,,,False,13543.0,540.0,True,-818.0,643.0,True,13641.0,504.0,True,  72 Rb  37   13884#    711#     -922#    519#        *             13543#    540#     -818#    643#    13641#    504#  
2012,rct2,47,26,73,Fe,2585.0,988.0,True,,,False,42977.0,699.0,True,3296.0,988.0,True,1464.0,988.0,True,,,False,0 73 Fe  26    2585#    988#        *             42977#    699#     3296#    988#     1464#    988#        *           
2012,rct2,46,27,73,Co,5184.0,643.0,True,16082.0,861.0,True,32803.0,503.0,True,4814.0,780.0,True,4277.0,711.0,True,-12033.0,861.0,True,  73 Co  27    5184#    643#    16082#    861#    32803#    503#     4814#    780#     4277#    711#   -12033#    861#  
2012,rct2,45,28,73,Ni,3953.41,3.3,False,17613.0,401.0,True,21189.37,2.42,False,4972.58,465.04,False,1675.26,298.09,False,-8152.0,503.0,True,  73 Ni  28    3953.41    3.30  17613#    401#    21189.37    2.42   4972.58  465.04   1675.26  298.09  -8152#    503#  
2012,rct2,44,29,73,Cu,7275.76,2.39,False,12050.35,2.96,False,11965.31,4.31,False,7129.6,2.96,False,5090.48,2.89,False,-6421.68,298.08,False,  73 Cu  29    7275.76    2.39  12050.35    2.96  11965.31    4.31   7129.60    2.96   5090.48    2.89  -6421.68  298.08
2012,rct2,43,30,73,Zn,5519.23,2.84,False,13099.37,2.33,False,2633.99,7.65,False,7828.53,2.39,False,2247.03,2.15,False,-733.14,2.84,False,  73 Zn  30    5519.23    2.84  13099.37    2.33   2633.99    7.65   7828.53    2.39   2247.03    2.15   -733.14    2.84
2012,rct2,42,31,73,Ga,9182.4,1.87,False,8842.82,2.72,False,-6051.75,7.46,False,8340.25,3.14,False,4729.43,2.55,False,-1076.56,2.0,False,  73 Ga  31    9182.40    1.87   8842.82    2.72  -6051.75    7.46   8340.25    3.14   4729.43    2.55  -1076.56    2.00
2012,rct2,41,32,73,Ge,6782.94,0.05,False,9998.24,0.82,False,-14745.77,6.58,False,9552.38,0.82,False,2476.66,1.2,False,3913.59,1.92,False,  73 Ge  32    6782.94    0.05   9998.24    0.82 -14745.77    6.58   9552.38    0.82   2476.66    1.20   3913.59    1.92
2012,rct2,40,33,73,As,10794.27,5.61,False,5655.82,3.85,False,-24871.0,100.0,True,9664.51,3.94,False,4473.14,3.94,False,3603.78,4.04,False,  73 As  33   10794.27    5.61   5655.82    3.85 -24871#    100#     9664.51    3.94   4473.14    3.94   3603.78    4.04
2012,rct2,39,34,73,Se,8430.53,7.68,False,7286.56,8.47,False,-36277.0,401.0,True,10376.47,8.51,False,978.5,50.56,False,7980.85,7.47,False,  73 Se  34    8430.53    7.68   7286.56    8.47 -36277#    401#    10376.47    8.51    978.50   50.56   7980.85    7.47
2012,rct2,38,35,73,Br,12651.58,9.89,False,3068.38,7.52,False,,,False,10209.73,7.78,False,3146.36,7.44,False,6340.65,50.53,False,  73 Br  35   12651.58    9.89   3068.38    7.52      *             10209.73    7.78   3146.36    7.44   6340.65   50.53
2012,rct2,37,36,73,Kr,10682.49,10.37,False,4773.4,9.39,False,,,False,10661.47,8.51,False,-262.08,16.29,False,11024.54,6.77,False,  73 Kr  36   10682.49   10.37   4773.40    9.39      *             10661.47    8.51   -262.08   16.29  11024.54    6.77
2012,rct2,36,37,73,Rb,16036.0,513.0,True,-570.0,100.0,True,,,False,10956.0,163.0,True,-269.0,220.0,True,10990.0,101.0,True,  73 Rb  37   16036#    513#     -570#    100#        *             10956#    163#     -269#    220#    10990#    101#  
2012,rct2,35,38,73,Sr,,,False,1122.0,643.0,True,,,False,11065.0,643.0,True,,,False,14645.0,446.0,True,  73 Sr  38       *              1122#    643#        *             11065#    643#        *             14645#    446#  
2012,rct2,48,26,74,Fe,4690.0,1063.0,True,,,False,46521.0,801.0,True,,,False,831.0,1063.0,True,,,False,0 74 Fe  26    4690#   1063#        *             46521#    801#        *               831#   1063#        *           
2012,rct2,47,27,74,Co,3637.0,780.0,True,17135.0,918.0,True,35587.0,596.0,True,6351.0,918.0,True,3402.0,843.0,True,-11614.0,918.0,True,  74 Co  27    3637#    780#    17135#    918#    35587#    596#     6351#    918#     3402#    843#   -11614#    918#  
2012,rct2,46,28,74,Ni,6419.0,401.0,True,18849.0,643.0,True,24966.0,401.0,True,2039.0,566.0,True,778.0,614.0,True,-11810.0,718.0,True,  74 Ni  28    6419#    401#    18849#    643#    24966#    401#     2039#    566#      778#    614#   -11810#    718#  
2012,rct2,45,29,74,Cu,5090.09,6.45,False,13187.02,6.61,False,14853.85,6.38,False,8930.66,6.54,False,4264.08,6.54,False,-5989.88,465.07,False,  74 Cu  29    5090.09    6.45  13187.02    6.61  14853.85    6.38   8930.66    6.54   4264.08    6.54  -5989.88  465.07
2012,rct2,44,30,74,Zn,8234.63,3.13,False,14058.25,3.18,False,6456.49,2.52,False,4737.09,2.88,False,1818.47,2.92,False,-4704.08,3.37,False,  74 Zn  30    8234.63    3.13  14058.25    3.18   6456.49    2.52   4737.09    2.88   1818.47    2.92  -4704.08    3.37
2012,rct2,43,31,74,Ga,6421.6,3.43,False,9745.19,3.53,False,-2761.37,6.56,False,10806.67,3.68,False,4143.21,4.0,False,307.91,3.34,False,  74 Ga  31    6421.60    3.43   9745.19    3.53  -2761.37    6.56  10806.67    3.68   4143.21    4.00    307.91    3.34
2012,rct2,42,32,74,Ge,10196.24,0.06,False,11012.08,1.68,False,-11090.61,2.01,False,5876.62,0.82,False,1580.71,0.81,False,-447.27,2.65,False,  74 Ge  32   10196.24    0.06  11012.08    1.68 -11090.61    2.01   5876.62    0.82   1580.71    0.81   -447.27    2.65
2012,rct2,41,33,74,As,7978.62,4.21,False,6851.5,1.69,False,-18944.07,3.47,False,12436.65,1.69,False,3910.46,1.89,False,4925.44,1.88,False,  74 As  33    7978.62    4.21   6851.50    1.69 -18944.07    3.47  12436.65    1.69   3910.46    1.89   4925.44    1.88
2012,rct2,40,34,74,Se,12057.13,7.42,False,8549.42,3.85,False,-31386.0,100.0,True,6727.4,4.08,False,543.91,4.17,False,3339.66,0.84,False,  74 Se  34   12057.13    7.42   8549.42    3.85 -31386#    100#     6727.40    4.08    543.91    4.17   3339.66    0.84
2012,rct2,39,35,74,Br,9711.98,9.32,False,4349.83,9.44,False,,,False,13290.74,6.16,False,2722.31,6.47,False,8251.21,7.17,False,  74 Br  35    9711.98    9.32   4349.83    9.44      *             13290.74    6.16   2722.31    6.47   8251.21    7.17
2012,rct2,38,36,74,Kr,13851.4,6.88,False,5973.22,7.54,False,,,False,7446.29,7.0,False,-965.36,5.77,False,6461.07,3.44,False,  74 Kr  36   13851.40    6.88   5973.22    7.54      *              7446.29    7.00   -965.36    5.77   6461.07    3.44
2012,rct2,37,37,74,Rb,13906.0,100.0,True,2653.21,7.24,False,,,False,12735.4,8.56,False,-724.73,128.8,False,10232.83,6.19,False,  74 Rb  37   13906#    100#     2653.21    7.24      *             12735.40    8.56   -724.73  128.80  10232.83    6.19
2012,rct2,36,38,74,Sr,16948.0,413.0,True,2035.0,141.0,True,,,False,8000.0,513.0,True,-3659.0,513.0,True,11146.0,163.0,True,  74 Sr  38   16948#    413#     2035#    141#        *              8000#    513#    -3659#    513#    11146#    163#  
2012,rct2,48,27,75,Co,4709.0,918.0,True,17153.0,1063.0,True,39365.0,699.0,True,4228.0,988.0,True,3867.0,988.0,True,,,False,0 75 Co  27    4709#    918#    17153#   1063#    39365#    699#     4228#    988#     3867#    988#        *           
2012,rct2,47,28,75,Ni,3861.0,499.0,True,19072.0,667.0,True,27611.0,298.0,True,3361.0,585.0,True,402.0,499.0,True,-10496.0,760.0,True,  75 Ni  28    3861#    499#    19072#    667#    27611#    298#     3361#    585#      402#    499#   -10496#    760#  
2012,rct2,46,29,75,Cu,6536.45,6.57,False,13304.0,401.0,True,18562.85,2.49,False,6347.62,3.36,False,4618.77,3.23,False,-9041.0,401.0,True,  75 Cu  29    6536.45    6.57  13304#    401#    18562.85    2.49   6347.62    3.36   4618.77    3.23  -9041#    401#  
2012,rct2,45,30,75,Zn,4873.51,3.19,False,13841.67,6.45,False,9610.57,1.96,False,7139.34,2.76,False,2088.15,2.4,False,-2686.45,2.97,False,  75 Zn  30    4873.51    3.19  13841.67    6.45   9610.57    1.96   7139.34    2.76   2088.15    2.40  -2686.45    2.97
2012,rct2,44,31,75,Ga,8486.28,3.85,False,9996.84,3.49,False,642.54,4.92,False,7839.63,3.06,False,4544.96,3.23,False,-3035.18,2.8,False,  75 Ga  31    8486.28    3.85   9996.84    3.49    642.54    4.92   7839.63    3.06   4544.96    3.23  -3035.18    2.80
2012,rct2,43,32,75,Ge,6505.84,0.05,False,11096.32,2.99,False,-7533.34,8.1,False,8553.18,1.68,False,1595.35,0.82,False,1934.92,2.14,False,  75 Ge  32    6505.84    0.05  11096.32    2.99  -7533.34    8.10   8553.18    1.68   1595.35    0.82   1934.92    2.14
2012,rct2,42,33,75,As,10245.45,1.91,False,6900.72,0.88,False,-15815.5,1.47,False,8974.14,0.89,False,4415.77,0.89,False,1200.47,1.21,False,  75 As  33   10245.45    1.91   6900.72    0.88 -15815.50    1.47   8974.14    0.89   4415.77    0.89   1200.47    1.21
2012,rct2,41,34,75,Se,8027.6,0.07,False,8598.4,1.69,False,-25550.79,220.0,False,9494.07,3.85,False,924.37,4.08,False,6062.82,0.1,False,  75 Se  34    8027.60    0.07   8598.40    1.69 -25550.79  220.00   9494.07    3.85    924.37    4.08   6062.82    0.10
2012,rct2,40,35,75,Br,11890.19,7.24,False,4182.89,4.28,False,,,False,9831.08,8.57,False,3625.12,4.71,False,4769.08,5.92,False,  75 Br  35   11890.19    7.24   4182.89    4.28      *              9831.08    8.57   3625.12    4.71   4769.08    5.92
2012,rct2,39,36,75,Kr,10063.11,8.35,False,6324.34,9.99,False,,,False,10034.77,10.88,False,-392.25,10.52,False,9190.96,8.34,False,  75 Kr  36   10063.11    8.35   6324.34    9.99      *             10034.77   10.88   -392.25   10.52   9190.96    8.34
2012,rct2,38,37,75,Rb,13374.03,3.25,False,2175.83,2.33,False,,,False,10043.86,6.68,False,1585.94,8.1,False,7495.03,6.81,False,  75 Rb  37   13374.03    3.25   2175.83    2.33      *             10043.86    6.68   1585.94    8.10   7495.03    6.81
2012,rct2,37,38,75,Sr,13863.0,242.0,True,1991.68,220.02,False,,,False,10174.0,242.0,True,-3638.0,549.0,True,12968.28,220.15,False,  75 Sr  38   13863#    242#     1991.68  220.02      *             10174#    242#    -3638#    549#    12968.28  220.15
2012,rct2,49,27,76,Co,3069.0,1063.0,True,,,False,42199.0,801.0,True,5848.0,1133.0,True,3383.0,1063.0,True,,,False,0 76 Co  27    3069#   1063#        *             42199#    801#     5848#   1133#     3383#   1063#        *           
2012,rct2,48,28,76,Ni,5435.0,585.0,True,19799.0,861.0,True,31603.0,503.0,True,1564.0,780.0,True,151.0,711.0,True,-13347.0,861.0,True,  76 Ni  28    5435#    585#    19799#    861#    31603#    503#     1564#    780#      151#    711#   -13347#    861#  
2012,rct2,47,29,76,Cu,4575.96,7.1,False,14019.0,298.0,True,21315.39,6.77,False,8191.0,401.0,True,3996.22,7.13,False,-8433.0,503.0,True,  76 Cu  29    4575.96    7.10  14019#    298#    21315.39    6.77   8191#    401#     3996.22    7.13  -8433#    503#  
2012,rct2,46,30,76,Zn,7815.42,2.44,False,15120.64,2.75,False,12948.93,1.46,False,4414.0,6.32,False,1548.48,2.43,False,-6548.46,2.83,False,  76 Zn  30    7815.42    2.44  15120.64    2.75  12948.93    1.46   4414.00    6.32   1548.48    2.43  -6548.46    2.83
2012,rct2,45,31,76,Ga,5903.38,3.11,False,11026.7,2.77,False,3992.43,9.52,False,10170.88,3.19,False,4160.82,2.7,False,-1662.8,2.76,False,  76 Ga  31    5903.38    3.11  11026.70    2.77   3992.43    9.52  10170.88    3.19   4160.82    2.70  -1662.80    2.76
2012,rct2,44,32,76,Ge,9427.24,0.05,False,12037.28,2.42,False,-4198.75,4.02,False,5547.53,2.99,False,1350.5,1.68,False,-1973.09,1.86,False,  76 Ge  32    9427.24    0.05  12037.28    2.42  -4198.75    4.02   5547.53    2.99   1350.50    1.68  -1973.09    1.86
2012,rct2,43,33,76,As,7328.5,0.07,False,7723.38,0.89,False,-11812.29,1.29,False,11841.88,0.89,False,3870.21,0.89,False,3054.36,1.9,False,  76 As  33    7328.50    0.07   7723.38    0.89 -11812.29    1.29  11841.88    0.89   3870.21    0.89   3054.36    1.90
2012,rct2,42,34,76,Se,11153.79,0.07,False,9506.73,0.88,False,-21004.31,34.47,False,6318.91,1.69,False,564.85,3.85,False,1691.97,0.06,False,  76 Se  34   11153.79    0.07   9506.73    0.88 -21004.31   34.47   6318.91    1.69    564.85    3.85   1691.97    0.06
2012,rct2,41,35,76,Br,9253.27,10.26,False,5408.56,9.32,False,-31688.0,503.0,True,12634.94,9.32,False,2802.37,11.92,False,6310.08,10.09,False,  76 Br  35    9253.27   10.26   5408.56    9.32 -31688#    503#    12634.94    9.32   2802.37   11.92   6310.08   10.09
2012,rct2,40,36,76,Kr,12761.83,9.05,False,7195.99,5.87,False,,,False,6984.92,7.09,False,-502.5,8.3,False,4859.65,8.44,False,  76 Kr  36   12761.83    9.05   7195.99    5.87      *              6984.92    7.09   -502.50    8.30   4859.65    8.44
2012,rct2,39,37,76,Rb,11331.7,1.51,False,3444.43,8.16,False,,,False,12563.56,2.22,False,936.72,6.64,False,8814.91,7.33,False,  76 Rb  37   11331.70    1.51   3444.43    8.16      *             12563.56    2.22    936.72    6.64   8814.91    7.33
2012,rct2,38,38,76,Sr,15700.26,222.69,False,4317.91,34.49,False,,,False,8379.15,34.6,False,-3302.0,106.0,True,7950.51,35.09,False,  76 Sr  38   15700.26  222.69   4317.91   34.49      *              8379.15   34.60  -3302#    106#     7950.51   35.09
2012,rct2,37,39,76,Y,,,False,-729.0,549.0,True,,,False,12937.0,513.0,True,-1787.0,643.0,True,13127.0,513.0,True,  76 Y   39       *              -729#    549#        *             12937#    513#    -1787#    643#    13127#    513#  
2012,rct2,49,28,77,Ni,3209.0,711.0,True,19939.0,946.0,True,34465.0,503.0,True,3063.0,861.0,True,579.0,780.0,True,-11866.0,946.0,True,0 77 Ni  28    3209#    711#    19939#    946#    34465#    503#     3063#    861#      579#    780#   -11866#    946#  
2012,rct2,48,29,77,Cu,5608.0,149.0,True,14191.0,525.0,True,25404.0,149.0,True,6445.0,333.0,True,4808.0,427.0,True,-10403.0,615.0,True,  77 Cu  29    5608#    149#    14191#    525#    25404#    149#     6445#    333#     4808#    427#   -10403#    615#  
2012,rct2,47,30,77,Zn,4557.5,2.45,False,15102.18,6.99,False,15810.29,1.97,False,6392.95,3.05,False,2081.06,6.46,False,-4686.0,401.0,True,  77 Zn  30    4557.50    2.45  15102.18    6.99  15810.29    1.97   6392.95    3.05   2081.06    6.46  -4686#    401#  
2012,rct2,46,31,77,Ga,7767.02,3.11,False,10978.3,2.83,False,7242.46,3.71,False,7277.37,3.11,False,4628.42,3.49,False,-4339.74,6.61,False,  77 Ga  31    7767.02    3.11  10978.30    2.83   7242.46    3.71   7277.37    3.11   4628.42    3.49  -4339.74    6.61
2012,rct2,45,32,77,Ge,6071.29,0.05,False,12205.19,1.96,False,-1043.42,1.96,False,7962.52,2.42,False,1700.81,2.99,False,190.25,2.52,False,  77 Ge  32    6071.29    0.05  12205.19    1.96  -1043.42    1.96   7962.52    2.42   1700.81    2.99    190.25    2.52
2012,rct2,44,33,77,As,9696.26,1.93,False,7992.4,1.72,False,-9085.83,2.16,False,8651.45,1.72,False,4370.18,1.72,False,-220.3,3.45,False,  77 As  33    9696.26    1.93   7992.40    1.72  -9085.83    2.16   8651.45    1.72   4370.18    1.72   -220.30    3.45
2012,rct2,43,34,77,Se,7418.85,0.06,False,9597.08,0.89,False,-16796.05,7.92,False,9145.51,0.89,False,1124.62,1.69,False,4469.36,0.06,False,  77 Se  34    7418.85    0.06   9597.08    0.89 -16796.05    7.92   9145.51    0.89   1124.62    1.69   4469.36    0.06
2012,rct2,42,35,77,Br,11017.05,9.74,False,5271.83,2.81,False,-26456.0,61.0,True,9645.48,2.81,False,3842.45,2.81,False,3271.65,3.28,False,  77 Br  35   11017.05    9.74   5271.83    2.81 -26456#     61#     9645.48    2.81   3842.45    2.81   3271.65    3.28
2012,rct2,41,36,77,Kr,9226.62,4.47,False,7169.34,9.52,False,,,False,9648.48,4.71,False,-17.14,6.16,False,7690.16,1.96,False,  77 Kr  36    9226.62    4.47   7169.34    9.52      *              9648.48    4.71    -17.14    6.16   7690.16    1.96
2012,rct2,40,37,77,Rb,12422.73,1.61,False,3105.32,4.22,False,,,False,10203.94,8.21,False,2365.4,2.4,False,6104.16,5.98,False,  77 Rb  37   12422.73    1.61   3105.32    4.22      *             10203.94    8.21   2365.40    2.40   6104.16    5.98
2012,rct2,39,38,77,Sr,11627.11,35.36,False,4613.33,7.97,False,,,False,10126.06,8.01,False,-1023.4,8.48,False,10174.8,8.17,False,  77 Sr  38   11627.11   35.36   4613.33    7.97      *             10126.06    8.01  -1023.40    8.48  10174.80    8.17
2012,rct2,38,39,77,Y,16249.0,507.0,True,-180.0,50.0,True,,,False,10551.0,228.0,True,-1087.0,117.0,True,10784.0,61.0,True,  77 Y   39   16249#    507#     -180#     50#        *             10551#    228#    -1087#    117#    10784#     61#  
2012,rct2,50,28,78,Ni,5454.0,946.0,True,,,False,37732.0,801.0,True,679.0,1133.0,True,-166.0,1063.0,True,,,False,0 78 Ni  28    5454#    946#        *             37732#    801#      679#   1133#     -166#   1063#        *           
2012,rct2,49,29,78,Cu,4057.0,525.0,True,15039.0,711.0,True,28319.49,503.1,False,7823.0,711.0,True,4613.0,585.0,True,-9751.0,861.0,True,  78 Cu  29    4057#    525#    15039#    711#    28319.49  503.10   7823#    711#     4613#    585#    -9751#    861#  
2012,rct2,48,30,78,Zn,6765.36,2.77,False,16260.0,149.0,True,19542.68,1.95,False,4203.56,6.98,False,1852.16,3.03,False,-7591.0,298.0,True,  78 Zn  30    6765.36    2.77  16260#    149#    19542.68    1.95   4203.56    6.98   1852.16    3.03  -7591#    298#  
2012,rct2,47,31,78,Ga,5784.92,3.08,False,12205.73,2.74,False,9746.18,4.05,False,9307.87,2.39,False,3717.01,2.73,False,-3588.21,3.01,False,  78 Ga  31    5784.92    3.08  12205.73    2.74   9746.18    4.05   9307.87    2.39   3717.01    2.73  -3588.21    3.01
2012,rct2,46,32,78,Ge,8720.51,3.54,False,13158.68,4.29,False,2317.52,3.61,False,5145.39,4.04,False,1466.58,4.29,False,-3656.74,4.04,False,  78 Ge  32    8720.51    3.54  13158.68    4.29   2317.52    3.61   5145.39    4.04   1466.58    4.29  -3656.74    4.04
2012,rct2,45,33,78,As,6971.96,9.91,False,8893.07,9.81,False,-5881.54,10.33,False,11106.73,9.81,False,3904.06,9.81,False,1294.02,10.11,False,  78 As  33    6971.96    9.91   8893.07    9.81  -5881.54   10.33  11106.73    9.81   3904.06    9.81   1294.02   10.11
2012,rct2,44,34,78,Se,10497.74,0.17,False,10398.56,1.72,False,-13851.97,7.45,False,5976.27,0.9,False,872.34,0.9,False,477.46,0.19,False,  78 Se  34   10497.74    0.17  10398.56    1.72 -13851.97    7.45   5976.27    0.90    872.34    0.90    477.46    0.19
2012,rct2,43,35,78,Br,8288.64,4.55,False,6141.61,3.58,False,-20925.0,401.0,True,12510.63,3.58,False,3581.41,3.58,False,5228.47,3.69,False,  78 Br  35    8288.64    4.55   6141.61    3.58 -20925#    401#    12510.63    3.58   3581.41    3.58   5228.47    3.69
2012,rct2,42,36,78,Kr,12081.45,2.08,False,8233.74,2.9,False,-32877.0,503.0,True,6820.3,9.35,False,-208.4,4.34,False,3636.31,0.71,False,  78 Kr  36   12081.45    2.08   8233.74    2.90 -32877#    503#     6820.30    9.35   -208.40    4.34   3636.31    0.71
2012,rct2,41,37,78,Rb,10176.24,3.49,False,4054.95,3.78,False,,,False,12789.52,5.16,False,2252.26,8.73,False,7818.1,5.37,False,  78 Rb  37   10176.24    3.49   4054.95    3.78      *             12789.52    5.16   2252.26    8.73   7818.10    5.37
2012,rct2,40,38,78,Sr,13441.82,10.87,False,5632.42,7.57,False,,,False,8015.95,7.51,False,-1091.19,7.54,False,6796.08,11.01,False,  78 Sr  38   13441.82   10.87   5632.42    7.57      *              8015.95    7.51  -1091.19    7.54   6796.08   11.01
2012,rct2,39,39,78,Y,13820.0,405.0,True,2012.0,401.0,True,,,False,12431.0,402.0,True,-1044.0,457.0,True,10338.0,401.0,True,  78 Y   39   13820#    405#     2012#    401#        *             12431#    402#    -1044#    457#    10338#    401#  
2012,rct2,38,40,78,Zr,,,False,1813.0,507.0,True,,,False,8009.0,711.0,True,,,False,10963.0,549.0,True,  78 Zr  40       *              1813#    507#        *              8009#    711#        *             10963#    549#  
2012,rct2,51,28,79,Ni,1651.0,1132.0,True,,,False,41817.0,801.0,True,,,False,1252.0,1132.0,True,,,False,0 79 Ni  28    1651#   1132#        *             41817#    801#        *              1252#   1132#        *           
2012,rct2,50,29,79,Cu,5472.0,643.0,True,15058.0,896.0,True,31737.0,401.0,True,5560.0,643.0,True,4575.0,643.0,True,-12154.0,896.0,True,  79 Cu  29    5472#    643#    15058#    896#    31737#    401#     5560#    643#     4575#    643#   -12154#    896#  
2012,rct2,49,30,79,Zn,4020.38,2.95,False,16223.8,503.01,False,22485.13,2.24,False,5791.0,149.0,True,2407.75,7.07,False,-6176.0,503.0,True,  79 Zn  30    4020.38    2.95  16223.80  503.01  22485.13    2.24   5791#    149#     2407.75    7.07  -6176#    503#  
2012,rct2,48,31,79,Ga,6913.05,2.66,False,12353.41,2.69,False,13520.38,2.27,False,6952.32,2.72,False,4619.39,2.37,False,-5925.29,6.96,False,  79 Ga  31    6913.05    2.66  12353.41    2.69  13520.38    2.27   6952.32    2.72   4619.39    2.37  -5925.29    6.96
2012,rct2,47,32,79,Ge,5735.86,37.35,False,13109.61,37.23,False,4915.68,37.35,False,7176.56,37.26,False,1634.1,37.23,False,-1577.18,37.21,False,  79 Ge  32    5735.86   37.35  13109.61   37.23   4915.68   37.35   7176.56   37.26   1634.10   37.23  -1577.18   37.21
2012,rct2,46,33,79,As,8890.43,11.05,False,9062.99,6.44,False,-2833.08,5.8,False,8287.6,5.39,False,4440.87,5.39,False,-1693.03,5.73,False,  79 As  33    8890.43   11.05   9062.99    6.44  -2833.08    5.80   8287.60    5.39   4440.87    5.39  -1693.03    5.73
2012,rct2,45,34,79,Se,6962.83,0.13,False,10389.43,9.81,False,-10440.54,8.39,False,8709.7,1.72,False,1238.0,0.91,False,2941.87,0.22,False,  79 Se  34    6962.83    0.13  10389.43    9.81 -10440.54    8.39   8709.70    1.72   1238.00    0.91   2941.87    0.22
2012,rct2,44,35,79,Br,10687.25,3.8,False,6331.12,1.3,False,-17711.17,450.08,False,9242.24,1.29,False,4047.95,1.29,False,1869.72,1.57,False,  79 Br  35   10687.25    3.80   6331.12    1.30 -17711.17  450.08   9242.24    1.29   4047.95    1.29   1869.72    1.57
2012,rct2,43,36,79,Kr,8334.02,3.64,False,8279.12,5.06,False,-27383.0,401.0,True,9503.33,4.55,False,710.85,9.98,False,6456.07,3.58,False,  79 Kr  36    8334.02    3.64   8279.12    5.06 -27383#    401#     9503.33    4.55    710.85    9.98   6456.07    3.58
2012,rct2,42,37,79,Rb,11938.88,3.88,False,3912.38,2.26,False,,,False,10077.26,2.9,False,3075.21,4.55,False,5132.48,9.56,False,  79 Rb  37   11938.88    3.88   3912.38    2.26      *             10077.26    2.90   3075.21    4.55   5132.48    9.56
2012,rct2,41,38,79,Sr,10374.26,11.22,False,5830.44,8.99,False,,,False,10064.41,8.48,False,-133.75,8.44,False,9183.65,9.3,False,  79 Sr  38   10374.26   11.22   5830.44    8.99      *             10064.41    8.48   -133.75    8.44   9183.65    9.30
2012,rct2,40,39,79,Y,13901.0,602.0,True,2471.92,450.14,False,,,False,10157.35,450.15,False,754.8,451.4,False,7768.59,450.08,False,  79 Y   39   13901#    602#     2471.92  450.14      *             10157.35  450.15    754.80  451.40   7768.59  450.08
2012,rct2,39,40,79,Zr,13828.0,643.0,True,1821.0,566.0,True,,,False,10430.0,405.0,True,-3594.0,643.0,True,12835.0,402.0,True,  79 Zr  40   13828#    643#     1821#    566#        *             10430#    405#    -3594#    643#    12835#    402#  
2012,rct2,51,29,80,Cu,2603.0,718.0,True,16010.0,998.0,True,35784.0,596.0,True,8410.0,999.0,True,5181.0,780.0,True,,,False,0 80 Cu  29    2603#    718#    16010#    998#    35784#    596#     8410#    999#     5181#    780#        *           
2012,rct2,50,30,80,Zn,6287.63,3.41,False,17039.0,401.0,True,26110.87,2.87,False,3559.66,503.01,False,1728.0,149.0,True,-9255.0,503.0,True,  80 Zn  30    6287.63    3.41  17039#    401#    26110.87    2.87   3559.66  503.01   1728#    149#    -9255#    503#  
2012,rct2,49,31,80,Ga,4747.31,3.44,False,13080.34,3.64,False,16665.35,3.16,False,8970.37,3.48,False,4429.58,3.5,False,-5065.0,149.0,True,  80 Ga  31    4747.31    3.44  13080.34    3.64  16665.35    3.16   8970.37    3.48   4429.58    3.50  -5065#    149#  
2012,rct2,48,32,80,Ge,8080.03,37.24,False,14276.6,2.77,False,8358.01,2.17,False,4881.45,2.8,False,1321.09,3.18,False,-5099.71,2.85,False,  80 Ge  32    8080.03   37.24  14276.60    2.77   8358.01    2.17   4881.45    2.80   1321.09    3.18  -5099.71    2.85
2012,rct2,47,33,80,As,6649.71,6.31,False,9976.84,37.33,False,-38.99,3.82,False,10358.4,4.86,False,3862.46,3.33,False,-575.71,4.12,False,  80 As  33    6649.71    6.31   9976.84   37.33    -38.99    3.82  10358.40    4.86   3862.46    3.33   -575.71    4.12
2012,rct2,46,34,80,Se,9913.37,1.26,False,11412.38,5.24,False,-7448.0,3.68,False,5768.29,9.73,False,1020.9,1.84,False,-900.21,1.25,False,  80 Se  34    9913.37    1.26  11412.38    5.24  -7448.00    3.68   5768.29    9.73   1020.90    1.84   -900.21    1.25
2012,rct2,45,35,80,Br,7892.28,0.13,False,7260.56,1.3,False,-14742.11,6.39,False,11847.7,1.29,False,3574.53,1.29,False,3673.71,1.87,False,  80 Br  35    7892.28    0.13   7260.56    1.30 -14742.11    6.39  11847.70    1.29   3574.53    1.29   3673.71    1.87
2012,rct2,44,36,80,Kr,11522.35,3.6,False,9114.23,1.36,False,-22376.27,1490.39,False,6269.62,3.65,False,205.55,2.9,False,2352.57,0.7,False,  80 Kr  36   11522.35    3.60   9114.23    1.36 -22376.27 1490.39   6269.62    3.65    205.55    2.90   2352.57    0.70
2012,rct2,43,37,80,Rb,9443.8,2.84,False,5022.16,4.03,False,,,False,12714.92,1.99,False,2858.03,2.7,False,6705.74,3.37,False,  80 Rb  37    9443.80    2.84   5022.16    4.03      *             12714.92    1.99   2858.03    2.70   6705.74    3.37
2012,rct2,42,38,80,Sr,12905.91,9.07,False,6797.47,4.07,False,,,False,7334.74,4.74,False,-616.93,3.7,False,5504.36,3.98,False,  80 Sr  38   12905.91    9.07   6797.47    4.07      *              7334.74    4.74   -616.93    3.70   5504.36    3.98
2012,rct2,41,39,80,Y,10861.33,450.12,False,2958.98,10.46,False,,,False,12737.84,9.73,False,1520.59,10.09,False,9329.99,6.39,False,  80 Y   39   10861.33  450.12   2958.98   10.46      *             12737.84    9.73   1520.59   10.09   9329.99    6.39
2012,rct2,40,40,80,Zr,16529.0,1543.0,True,4449.12,1556.87,False,,,False,7721.0,1543.0,True,-3874.0,1492.0,True,7932.79,1490.41,False,  80 Zr  40   16529#   1543#     4449.12 1556.87      *              7721#   1543#    -3874#   1492#     7932.79 1490.41
2012,rct2,52,29,81,Cu,3431.0,998.0,True,,,False,40743.0,800.0,True,6631.0,1132.0,True,7204.0,1132.0,True,,,False,0 81 Cu  29    3431#    998#        *             40743#    800#     6631#   1132#     7204#   1132#        *           
2012,rct2,51,30,81,Zn,2622.37,5.66,False,17058.0,596.0,True,30189.34,5.19,False,6410.0,401.0,True,3161.86,503.03,False,-6423.0,801.0,True,  81 Zn  30    2622.37    5.66  17058#    596#    30189.34    5.19   6410#    401#     3161.86  503.03  -6423#    801#  
2012,rct2,50,31,81,Ga,6475.6,4.36,False,13268.31,4.16,False,20347.7,3.51,False,6515.15,3.95,False,4719.34,3.8,False,-7484.08,503.02,False,  81 Ga  31    6475.60    4.36  13268.31    4.16  20347.70    3.51   6515.15    3.95   4719.34    3.80  -7484.08  503.02
2012,rct2,49,32,81,Ge,4827.7,2.9,False,14356.99,3.54,False,11403.13,2.46,False,6966.8,2.77,False,2278.32,2.8,False,-3162.05,2.82,False,  81 Ge  32    4827.70    2.90  14356.99    3.54  11403.13    2.46   6966.80    2.77   2278.32    2.80  -3162.05    2.82
2012,rct2,48,33,81,As,8390.17,4.26,False,10286.98,3.36,False,2923.35,5.58,False,7704.09,37.28,False,4192.79,4.43,False,-3180.96,3.27,False,  81 As  33    8390.17    4.26  10286.98    3.36   2923.35    5.58   7704.09   37.28   4192.79    4.43  -3180.96    3.27
2012,rct2,47,34,81,Se,6700.85,0.35,False,11463.52,3.52,False,-4860.88,3.37,False,7957.87,5.25,False,1292.01,9.74,False,1119.45,3.75,False,  81 Se  34    6700.85    0.35  11463.52    3.52  -4860.88    3.37   7957.87    5.25   1292.01    9.74   1119.45    3.75
2012,rct2,46,35,81,Br,10157.95,1.71,False,7505.14,1.69,False,-12263.93,5.57,False,8652.58,1.3,False,3914.31,1.29,False,487.71,9.88,False,  81 Br  35   10157.95    1.71   7505.14    1.69 -12263.93    5.57   8652.58    1.30   3914.31    1.29    487.71    9.88
2012,rct2,45,36,81,Kr,7872.82,1.47,False,9094.77,1.77,False,-19298.42,164.67,False,9084.05,1.77,False,621.37,3.83,False,4977.5,1.36,False,  81 Kr  36    7872.82    1.47   9094.77    1.77 -19298.42  164.67   9084.05    1.77    621.37    3.83   4977.50    1.36
2012,rct2,44,37,81,Rb,11352.51,5.25,False,4852.32,4.93,False,-28509.0,401.0,True,9696.42,6.06,False,3586.97,4.95,False,3641.86,6.07,False,  81 Rb  37   11352.51    5.25   4852.32    4.93 -28509#    401#     9696.42    6.06   3586.97    4.95   3641.86    6.07
2012,rct2,43,38,81,Sr,9287.96,4.67,False,6641.63,3.64,False,,,False,9985.67,3.79,False,271.35,4.5,False,8297.85,3.21,False,  81 Sr  38    9287.96    4.67   6641.63    3.64      *              9985.67    3.79    271.35    4.50   8297.85    3.21
2012,rct2,42,39,81,Y,12636.14,8.26,False,2689.22,6.43,False,,,False,10475.97,9.98,False,2326.27,9.22,False,6870.09,6.31,False,  81 Y   39   12636.14    8.26   2689.22    6.43      *             10475.97    9.98   2326.27    9.22   6870.09    6.31
2012,rct2,41,40,81,Zr,10950.67,1499.46,False,4538.46,164.79,False,,,False,10671.3,479.26,False,-1005.0,433.0,True,10423.95,164.84,False,  81 Zr  40   10950.67 1499.46   4538.46  164.79      *             10671.30  479.26  -1005#    433#    10423.95  164.84
2012,rct2,40,41,81,Nb,,,False,-1281.0,1543.0,True,,,False,10823.0,566.0,True,-781.0,643.0,True,11226.0,566.0,True,  81 Nb  41       *             -1281#   1543#        *             10823#    566#     -781#    643#    11226#    566#  
2012,rct2,53,29,82,Cu,1951.0,1132.0,True,,,False,44433.0,800.0,True,,,False,6904.0,1132.0,True,,,False,0 82 Cu  29    1951#   1132#        *             44433#    800#        *              6904#   1132#        *           
2012,rct2,52,30,82,Zn,4478.0,298.0,True,18105.0,854.0,True,34987.0,298.0,True,4535.0,667.0,True,4156.0,499.0,True,-9250.0,854.0,True,  82 Zn  30    4478#    298#    18105#    854#    34987#    298#     4535#    667#     4156#    499#    -9250#    854#  
2012,rct2,51,31,82,Ga,3374.08,4.06,False,14020.03,5.58,False,24566.56,2.74,False,9428.7,3.54,False,5365.63,3.29,False,-5386.0,401.0,True,  82 Ga  31    3374.08    4.06  14020.03    5.58  24566.56    2.74   9428.70    3.54   5365.63    3.29  -5386#    401#  
2012,rct2,50,32,82,Ge,7194.7,3.03,False,15076.08,3.95,False,15175.25,2.41,False,4519.41,3.65,False,1996.67,2.91,False,-6336.37,3.15,False,  82 Ge  32    7194.70    3.03  15076.08    3.95  15175.25    2.41   4519.41    3.65   1996.67    2.91  -6336.37    3.15
2012,rct2,49,33,82,As,5641.09,5.05,False,11100.37,4.75,False,6084.71,5.24,False,10143.02,4.75,False,4287.56,37.43,False,-1909.01,4.67,False,  82 As  33    5641.09    5.05  11100.37    4.75   6084.71    5.24  10143.02    4.75   4287.56   37.43  -1909.01    4.67
2012,rct2,48,34,82,Se,9276.23,1.12,False,12349.58,2.84,False,-1583.87,6.16,False,5331.35,3.59,False,906.21,5.35,False,-2420.92,37.2,False,  82 Se  34    9276.23    1.12  12349.58    2.84  -1583.87    6.16   5331.35    3.59    906.21    5.35  -2420.92   37.20
2012,rct2,47,35,82,Br,7592.94,0.12,False,8397.24,1.7,False,-9434.32,5.66,False,10973.01,1.68,False,3284.2,1.3,False,1785.19,5.5,False,  82 Br  35    7592.94    0.12   8397.24    1.70  -9434.32    5.66  10973.01    1.68   3284.20    1.30   1785.19    5.50
2012,rct2,46,36,82,Kr,10966.82,1.08,False,9903.64,0.98,False,-16647.0,200.0,True,6009.5,1.44,False,341.79,1.44,False,973.51,0.9,False,  82 Kr  36   10966.82    1.08   9903.64    0.98 -16647#    200#     6009.50    1.44    341.79    1.44    973.51    0.90
2012,rct2,45,37,82,Rb,8802.46,5.75,False,5781.96,3.3,False,-23987.0,298.0,True,12416.32,3.09,False,3118.53,4.67,False,5526.65,3.27,False,  82 Rb  37    8802.46    5.75   5781.96    3.30 -23987#    298#    12416.32    3.09   3118.53    4.67   5526.65    3.27
2012,rct2,44,38,82,Sr,12553.24,6.76,False,7842.35,7.74,False,,,False,6876.23,6.27,False,-343.01,6.36,False,4078.63,6.98,False,  82 Sr  38   12553.24    6.76   7842.35    7.74      *              6876.23    6.27   -343.01    6.36   4078.63    6.98
2012,rct2,43,39,82,Y,10422.55,7.71,False,3823.81,6.34,False,,,False,12959.32,6.51,False,2277.98,10.03,False,8386.43,5.92,False,  82 Y   39   10422.55    7.71   3823.81    6.34      *             12959.32    6.51   2277.98   10.03   8386.43    5.92
2012,rct2,42,40,82,Zr,13618.0,259.0,True,5520.0,200.0,True,,,False,7915.0,200.0,True,-722.0,493.0,True,7180.0,200.0,True,  82 Zr  40   13618#    259#     5520#    200#        *              7915#    200#     -722#    493#     7180#    200#  
2012,rct2,41,41,82,Nb,13325.0,499.0,True,1094.0,341.0,True,,,False,14027.0,1520.0,True,-278.0,499.0,True,11802.0,540.0,True,  82 Nb  41   13325#    499#     1094#    341#        *             14027#   1520#     -278#    499#    11802#    540#  
2012,rct2,53,30,83,Zn,2203.0,585.0,True,18357.0,945.0,True,38602.0,503.0,True,5763.0,945.0,True,4557.0,780.0,True,,,False,0 83 Zn  30    2203#    585#    18357#    945#    38602#    503#     5763#    945#     4557#    780#        *           
2012,rct2,52,31,83,Ga,4397.72,3.56,False,13940.0,298.0,True,29756.28,4.65,False,7653.35,5.67,False,7255.55,3.67,False,-7180.0,596.0,True,  83 Ga  31    4397.72    3.56  13940#    298#    29756.28    4.65   7653.35    5.67   7255.55    3.67  -7180#    596#  
2012,rct2,51,32,83,Ge,3632.68,3.3,False,15334.69,3.43,False,19013.6,2.44,False,7362.33,4.06,False,3111.29,3.77,False,-3681.42,3.54,False,  83 Ge  32    3632.68    3.30  15334.69    3.43  19013.60    2.44   7362.33    4.06   3111.29    3.77  -3681.42    3.54
2012,rct2,50,33,83,As,7637.55,5.12,False,11543.23,3.58,False,9401.31,3.64,False,7333.17,3.47,False,4730.04,3.47,False,-4799.25,4.02,False,  83 As  33    7637.55    5.12  11543.23    3.58   9401.31    3.64   7333.17    3.47   4730.04    3.47  -4799.25    4.02
2012,rct2,49,34,83,Se,5817.97,3.0,False,12526.45,5.42,False,1457.04,7.6,False,7903.55,4.13,False,1737.95,4.68,False,-158.86,3.9,False,  83 Se  34    5817.97    3.00  12526.45    5.42   1457.04    7.60   7903.55    4.13   1737.95    4.68   -158.86    3.90
2012,rct2,48,35,83,Br,9587.44,4.02,False,8708.45,3.87,False,-6808.88,19.03,False,8086.41,3.91,False,3610.13,3.91,False,-1152.54,5.08,False,  83 Br  35    9587.44    4.02   8708.45    3.87  -6808.88   19.03   8086.41    3.91   3610.13    3.91  -1152.54    5.08
2012,rct2,47,36,83,Kr,7471.03,0.93,False,9781.72,1.31,False,-14079.52,6.45,False,8696.43,1.32,False,763.04,1.32,False,3415.85,1.28,False,  83 Kr  36    7471.03    0.93   9781.72    1.31 -14079.52    6.45   8696.43    1.32    763.04    1.32   3415.85    1.28
2012,rct2,46,37,83,Rb,10954.14,3.8,False,5769.28,2.49,False,-20660.12,300.08,False,9334.99,2.69,False,3686.74,2.43,False,2464.79,2.66,False,  83 Rb  37   10954.14    3.80   5769.28    2.49 -20660.12  300.08   9334.99    2.69   3686.74    2.43   2464.79    2.66
2012,rct2,45,38,83,Sr,8858.88,9.09,False,7898.77,7.47,False,-30111.0,401.0,True,9369.86,8.41,False,241.92,7.08,False,6742.11,6.87,False,  83 Sr  38    8858.88    9.09   7898.77    7.47 -30111#    401#     9369.86    8.41    241.92    7.08   6742.11    6.87
2012,rct2,44,39,83,Y,12212.88,19.42,False,3483.45,19.58,False,,,False,10034.41,18.9,False,2971.01,18.95,False,5617.34,18.73,False,  83 Y   39   12212.88   19.42   3483.45   19.58      *             10034.41   18.90   2971.01   18.95   5617.34   18.73
2012,rct2,43,40,83,Zr,10039.0,200.0,True,5136.52,8.46,False,,,False,10512.02,8.4,False,100.45,8.96,False,10047.37,7.32,False,  83 Zr  40   10039#    200#     5136.52    8.46      *             10512.02    8.40    100.45    8.96  10047.37    7.32
2012,rct2,42,41,83,Nb,14281.0,423.0,True,1757.0,361.0,True,,,False,10696.68,342.28,False,1970.58,1520.3,False,8382.79,300.13,False,  83 Nb  41   14281#    423#     1757#    361#        *             10696.68  342.28   1970.58 1520.30   8382.79  300.13
2012,rct2,41,42,83,Mo,,,False,1775.0,499.0,True,,,False,10972.0,566.0,True,,,False,14477.0,1543.0,True,  83 Mo  42       *              1775#    499#        *             10972#    566#        *             14477#   1543#  
2012,rct2,54,30,84,Zn,3744.0,783.0,True,,,False,43537.0,600.0,True,3971.0,1000.0,True,4244.0,1000.0,True,,,False,0 84 Zn  30    3744#    783#        *             43537#    600#     3971#   1000#     4244#   1000#        *           
2012,rct2,53,31,84,Ga,3097.0,401.0,True,14834.0,643.0,True,33500.0,401.0,True,9034.0,499.0,True,6780.0,401.0,True,-6847.0,895.0,True,  84 Ga  31    3097#    401#    14834#    643#    33500#    401#     9034#    499#     6780#    401#    -6847#    895#  
2012,rct2,52,32,84,Ge,5243.31,3.99,False,16180.28,4.1,False,24290.91,3.17,False,5493.1,3.99,False,4343.58,4.55,False,-6302.36,5.95,False,  84 Ge  32    5243.31    3.99  16180.28    4.10  24290.91    3.17   5493.10    3.99   4343.58    4.55  -6302.36    5.95
2012,rct2,51,33,84,As,4255.55,4.22,False,12166.1,3.99,False,13905.4,3.86,False,10272.31,3.88,False,5302.18,3.77,False,-2579.2,4.55,False,  84 As  33    4255.55    4.22  12166.10    3.99  13905.40    3.86  10272.31    3.88   5302.18    3.77  -2579.20    4.55
2012,rct2,50,34,84,Se,8678.47,3.85,False,13567.37,3.41,False,4701.83,2.32,False,4866.17,4.71,False,1449.65,3.31,False,-4009.63,2.83,False,  84 Se  34    8678.47    3.85  13567.37    3.41   4701.83    2.32   4866.17    4.71   1449.65    3.31  -4009.63    2.83
2012,rct2,49,35,84,Br,6841.0,26.02,False,9731.49,25.94,False,-3889.61,26.09,False,10521.64,25.77,False,3469.98,25.76,False,396.63,25.87,False,  84 Br  35    6841.00   26.02   9731.49   25.94  -3889.61   26.09  10521.64   25.77   3469.98   25.76    396.63   25.87
2012,rct2,48,36,84,Kr,10520.62,0.3,False,10714.91,3.85,False,-11018.8,5.52,False,5768.75,1.28,False,400.37,1.28,False,-403.93,1.26,False,  84 Kr  36   10520.62    0.30  10714.91    3.85 -11018.80    5.52   5768.75    1.28    400.37    1.28   -403.93    1.26
2012,rct2,47,37,84,Rb,8759.65,3.2,False,7057.9,2.21,False,-18738.0,300.0,True,11542.16,2.36,False,2799.91,2.58,False,3863.09,2.54,False,  84 Rb  37    8759.65    3.20   7057.90    2.21 -18738#    300#    11542.16    2.36   2799.91    2.58   3863.09    2.54
2012,rct2,46,38,84,Sr,11923.27,6.95,False,8867.9,2.64,False,-26148.0,401.0,True,6249.05,3.26,False,-328.84,5.06,False,2691.66,1.84,False,  84 Sr  38   11923.27    6.95   8867.90    2.64 -26148#    401#     6249.05    3.26   -328.84    5.06   2691.66    1.84
2012,rct2,45,39,84,Y,9760.27,19.12,False,4384.84,8.08,False,,,False,12827.38,7.37,False,2498.7,5.33,False,7209.59,6.53,False,  84 Y   39    9760.27   19.12   4384.84    8.08      *             12827.38    7.37   2498.70    5.33   7209.59    6.53
2012,rct2,44,40,84,Zr,13581.34,8.46,False,6504.98,19.42,False,,,False,7353.23,7.77,False,-844.75,7.71,False,5753.99,6.34,False,  84 Zr  40   13581.34    8.46   6504.98   19.42      *              7353.23    7.77   -844.75    7.71   5753.99    6.34
2012,rct2,43,41,84,Nb,10681.0,424.0,True,2399.0,300.0,True,,,False,13633.0,361.0,True,2240.0,342.0,True,10338.0,300.0,True,  84 Nb  41   10681#    424#     2399#    300#        *             13633#    361#     2240#    342#    10338#    300#  
2012,rct2,42,42,84,Mo,15887.0,566.0,True,3380.0,500.0,True,,,False,8410.0,499.0,True,-2690.0,566.0,True,9541.0,433.0,True,  84 Mo  42   15887#    566#     3380#    500#        *              8410#    499#    -2690#    566#     9541#    433#  
2012,rct2,55,30,85,Zn,1501.0,922.0,True,,,False,46574.0,700.0,True,,,False,4695.0,1063.0,True,,,False,0 85 Zn  30    1501#    922#        *             46574#    700#        *              4695#   1063#        *           
2012,rct2,54,31,85,Ga,3852.0,499.0,True,14942.0,670.0,True,38512.0,298.0,True,7385.0,585.0,True,7407.0,422.0,True,-8747.0,854.0,True,  85 Ga  31    3852#    499#    14942#    670#    38512#    298#     7385#    585#     7407#    422#    -8747#    854#  
2012,rct2,53,32,85,Ge,3046.31,4.89,False,16129.0,401.0,True,28356.91,4.23,False,6844.51,4.55,False,4671.35,4.44,False,-4870.0,298.0,True,  85 Ge  32    3046.31    4.89  16129#    401#    28356.91    4.23   6844.51    4.55   4671.35    4.44  -4870#    298#  
2012,rct2,52,33,85,As,5406.9,4.41,False,12329.69,4.41,False,18978.19,3.08,False,8498.1,3.91,False,7089.98,3.8,False,-4612.02,3.91,False,  85 As  33    5406.90    4.41  12329.69    4.41  18978.19    3.08   8498.10    3.91   7089.98    3.80  -4612.02    3.91
2012,rct2,51,34,85,Se,4537.23,3.26,False,13849.05,4.1,False,8689.64,3.84,False,7966.49,3.82,False,2553.51,5.02,False,-1352.17,3.44,False,  85 Se  34    4537.23    3.26  13849.05    4.10   8689.64    3.84   7966.49    3.82   2553.51    5.02  -1352.17    3.44
2012,rct2,50,35,85,Br,8863.7,25.91,False,9916.72,3.64,False,-733.35,19.21,False,7475.91,4.52,False,3882.51,3.39,False,-2825.98,5.27,False,  85 Br  35    8863.70   25.91   9916.72    3.64   -733.35   19.21   7475.91    4.52   3882.51    3.39  -2825.98    5.27
2012,rct2,49,36,85,Kr,7112.31,2.0,False,10986.22,25.81,False,-8306.31,6.75,False,8243.88,4.34,False,881.0,2.37,False,1759.99,2.45,False,  85 Kr  36    7112.31    2.00  10986.22   25.81  -8306.31    6.75   8243.88    4.34    881.00    2.37   1759.99    2.45
2012,rct2,48,37,85,Rb,10479.69,2.19,False,7016.97,0.0,False,-15887.65,4.1,False,8533.51,0.3,False,3287.04,0.88,False,976.35,1.28,False,  85 Rb  37   10479.69    2.19   7016.97    0.00 -15887.65    4.10   8533.51    0.30   3287.04    0.88    976.35    1.28
2012,rct2,47,38,85,Sr,8525.04,3.01,False,8633.29,3.55,False,-23593.52,16.08,False,8678.16,3.65,False,-51.42,4.12,False,5133.44,2.95,False,  85 Sr  38    8525.04    3.01   8633.29    3.55 -23593.52   16.08   8678.16    3.65    -51.42    4.12   5133.44    2.95
2012,rct2,46,39,85,Y,12019.96,19.45,False,4481.54,19.01,False,-31808.0,401.0,True,9666.29,20.16,False,3031.98,19.89,False,3992.08,19.2,False,  85 Y   39   12019.96   19.45   4481.54   19.01 -31808#    401#     9666.29   20.16   3031.98   19.89   3992.08   19.20
2012,rct2,45,40,85,Zr,9824.81,8.46,False,6569.52,7.73,False,,,False,9741.31,19.71,False,-247.01,8.46,False,8482.42,8.8,False,  85 Zr  40    9824.81    8.46   6569.52    7.73      *              9741.31   19.71   -247.01    8.46   8482.42    8.80
2012,rct2,44,41,85,Nb,13330.0,300.0,True,2148.11,6.87,False,,,False,10341.64,7.64,False,2527.0,200.0,True,7429.69,6.87,False,  85 Nb  41   13330#    300#     2148.11    6.87      *             10341.64    7.64   2527#    200#     7429.69    6.87
2012,rct2,43,42,85,Mo,11079.0,401.0,True,3778.0,300.0,True,,,False,11611.57,300.49,False,-445.0,298.0,True,12080.0,201.0,True,  85 Mo  42   11079#    401#     3778#    300#        *             11611.57  300.49   -445#    298#    12080#    201#  
2012,rct2,42,43,85,Tc,,,False,-1178.0,566.0,True,,,False,11363.0,566.0,True,,,False,11813.0,499.0,True,  85 Tc  43       *             -1178#    566#        *             11363#    566#        *             11813#    499#  
2012,rct2,55,31,86,Ga,2464.0,760.0,True,15905.0,989.0,True,41176.0,699.0,True,8665.0,921.0,True,7146.0,861.0,True,,,False,0 86 Ga  31    2464#    760#    15905#    989#    41176#    699#     8665#    921#     7146#    861#        *           
2012,rct2,54,32,86,Ge,4708.0,298.0,True,16986.0,422.0,True,33505.0,298.0,True,5234.0,499.0,True,4361.0,298.0,True,-7376.0,585.0,True,  86 Ge  32    4708#    298#    16986#    422#    33505#    298#     5234#    499#     4361#    298#    -7376#    585#  
2012,rct2,53,33,86,As,3844.32,4.62,False,13127.69,5.08,False,23784.87,3.46,False,9897.09,4.68,False,6878.35,4.21,False,-4058.62,4.32,False,  86 As  33    3844.32    4.62  13127.69    5.08  23784.87    3.46   9897.09    4.68   6878.35    4.21  -4058.62    4.32
2012,rct2,52,34,86,Se,6160.85,3.62,False,14602.99,3.97,False,14020.03,2.74,False,6061.2,4.04,False,4030.21,3.76,False,-3880.33,3.49,False,  86 Se  34    6160.85    3.62  14602.99    3.97  14020.03    2.74   6061.20    4.04   4030.21    3.76  -3880.33    3.49
2012,rct2,51,35,86,Br,5128.1,4.35,False,10507.59,4.03,False,3650.95,14.51,False,11026.28,3.64,False,4572.37,4.52,False,-316.53,4.15,False,  86 Br  35    5128.10    4.35  10507.59    4.03   3650.95   14.51  11026.28    3.64   4572.37    4.52   -316.53    4.15
2012,rct2,50,36,86,Kr,9856.65,2.0,False,11979.17,3.08,False,-5297.01,3.57,False,5228.23,25.73,False,611.79,3.85,False,-2278.7,3.32,False,  86 Kr  36    9856.65    2.00  11979.17    3.08  -5297.01    3.57   5228.23   25.73    611.79    3.85  -2278.70    3.32
2012,rct2,49,37,86,Rb,8651.0,0.2,False,8555.65,2.01,False,-13614.13,5.52,False,10403.13,0.2,False,2107.08,0.36,False,1912.79,3.85,False,  86 Rb  37    8651.00    0.20   8555.65    2.01 -13614.13    5.52  10403.13    0.20   2107.08    0.36   1912.79    3.85
2012,rct2,48,38,86,Sr,11491.24,3.01,False,9644.84,1.08,False,-20412.95,3.88,False,5946.57,2.44,False,-588.51,2.57,False,1113.23,1.12,False,  86 Sr  38   11491.24    3.01   9644.84    1.08 -20412.95    3.88   5946.57    2.44   -588.51    2.57   1113.23    1.12
2012,rct2,47,39,86,Y,9512.39,23.68,False,5468.89,14.46,False,-27986.0,298.0,True,12077.16,14.24,False,2378.46,15.74,False,5433.83,14.37,False,  86 Y   39    9512.39   23.68   5468.89   14.46 -27986#    298#    12077.16   14.24   2378.46   15.74   5433.83   14.37
2012,rct2,46,40,86,Zr,12865.94,7.36,False,7415.5,19.3,False,,,False,6635.63,5.59,False,-900.07,18.97,False,4475.35,7.71,False,  86 Zr  40   12865.94    7.36   7415.50   19.30      *              6635.63    5.59   -900.07   18.97   4475.35    7.71
2012,rct2,45,41,86,Nb,10924.52,6.87,False,3247.82,8.46,False,,,False,12998.46,7.77,False,1641.69,8.46,False,8718.05,19.42,False,  86 Nb  41   10924.52    6.87   3247.82    8.46      *             12998.46    7.77   1641.69    8.46   8718.05   19.42
2012,rct2,44,42,86,Mo,14671.81,16.27,False,5119.54,5.54,False,,,False,7621.0,300.0,True,-835.68,300.09,False,7446.67,7.44,False,  86 Mo  42   14671.81   16.27   5119.54    5.54      *              7621#    300#     -835.68  300.09   7446.67    7.44
2012,rct2,43,43,86,Tc,13334.0,499.0,True,1077.0,298.0,True,,,False,13915.0,499.0,True,253.0,499.0,True,12760.0,423.0,True,  86 Tc  43   13334#    499#     1077#    298#        *             13915#    499#      253#    499#    12760#    423#  
2012,rct2,56,31,87,Ga,3195.0,1062.0,True,,,False,44312.0,800.0,True,6971.0,1063.0,True,7695.0,1000.0,True,,,False,0 87 Ga  31    3195#   1062#        *             44312#    800#     6971#   1063#     7695#   1000#        *           
2012,rct2,55,32,87,Ge,2389.0,499.0,True,16911.0,805.0,True,36631.0,401.0,True,6696.0,499.0,True,5069.0,566.0,True,-6021.0,721.0,True,  87 Ge  32    2389#    499#    16911#    805#    36631#    401#     6696#    499#     5069#    566#    -6021#    721#  
2012,rct2,54,33,87,As,4727.08,4.56,False,13146.0,298.0,True,28979.88,2.98,False,8216.32,4.77,False,7394.58,4.35,False,-5688.0,401.0,True,  87 As  33    4727.08    4.56  13146#    298#    28979.88    2.98   8216.32    4.77   7394.58    4.35  -5688#    401#  
2012,rct2,53,34,87,Se,3994.28,3.37,False,14752.95,4.11,False,18453.91,2.49,False,7473.83,3.8,False,4291.49,3.88,False,-2631.3,3.88,False,  87 Se  34    3994.28    3.37  14752.95    4.11  18453.91    2.49   7473.83    3.80   4291.49    3.88  -2631.30    3.88
2012,rct2,52,35,87,Br,6330.74,4.41,False,10677.48,4.04,False,9126.67,3.53,False,9232.77,4.1,False,6920.1,3.72,False,-2391.71,4.48,False,  87 Br  35    6330.74    4.41  10677.48    4.04   9126.67    3.53   9232.77    4.10   6920.10    3.72  -2391.71    4.48
2012,rct2,51,36,87,Kr,5515.17,0.25,False,12366.24,3.09,False,-1362.99,4.2,False,8576.75,3.09,False,1937.62,25.73,False,884.6,1.98,False,  87 Kr  36    5515.17    0.25  12366.24    3.09  -1362.99    4.20   8576.75    3.09   1937.62   25.73    884.60    1.98
2012,rct2,50,37,87,Rb,9922.1,0.2,False,8621.1,0.01,False,-10724.49,6.82,False,7593.35,2.0,False,2705.6,0.01,False,-1168.3,25.73,False,  87 Rb  37    9922.10    0.20   8621.10    0.01 -10724.49    6.82   7593.35    2.00   2705.60    0.01  -1168.30   25.73
2012,rct2,49,38,87,Sr,8428.15,0.12,False,9421.99,1.08,False,-17995.22,3.05,False,7998.1,1.08,False,-257.02,2.44,False,3205.7,1.08,False,  87 Sr  38    8428.15    0.12   9421.99    1.08 -17995.22    3.05   7998.10    1.08   -257.02    2.44   3205.70    1.08
2012,rct2,48,39,87,Y,11806.46,14.19,False,5784.11,1.13,False,-25328.3,4.47,False,8795.74,3.22,False,2495.27,1.99,False,2387.02,2.69,False,  87 Y   39   11806.46   14.19   5784.11    1.13 -25328.30    4.47   8795.74    3.22   2495.27    1.99   2387.02    2.69
2012,rct2,47,40,87,Zr,9449.2,5.5,False,7352.3,14.79,False,-33415.0,401.0,True,9206.4,19.42,False,-589.0,5.99,False,6949.42,4.37,False,  87 Zr  40    9449.20    5.50   7352.30   14.79 -33415#    401#     9206.40   19.42   -589.00    5.99   6949.42    4.37
2012,rct2,46,41,87,Nb,12811.74,8.74,False,3193.62,7.69,False,,,False,10011.53,9.36,False,2411.29,8.74,False,5666.58,8.04,False,  87 Nb  41   12811.74    8.74   3193.62    7.69      *             10011.53    9.36   2411.29    8.74   5666.58    8.04
2012,rct2,45,42,87,Mo,10845.88,4.7,False,5040.9,6.21,False,,,False,10105.67,5.0,False,-1000.0,300.0,True,10182.13,6.21,False,  87 Mo  42   10845.88    4.70   5040.90    6.21      *             10105.67    5.00  -1000#    300#    10182.13    6.21
2012,rct2,44,43,87,Tc,14464.0,298.0,True,868.77,5.61,False,,,False,10530.51,16.38,False,1676.0,401.0,True,8977.0,300.0,True,  87 Tc  43   14464#    298#      868.77    5.61      *             10530.51   16.38   1676#    401#     8977#    300#  
2012,rct2,43,44,87,Ru,,,False,1924.0,499.0,True,,,False,10813.0,566.0,True,,,False,14216.0,566.0,True,  87 Ru  44       *              1924#    499#        *             10813#    566#        *             14216#    566#  
2012,rct2,56,32,88,Ge,4131.0,643.0,True,17847.0,945.0,True,39553.0,503.0,True,5029.0,861.0,True,4790.0,585.0,True,-8652.0,862.0,True,0 88 Ge  32    4131#    643#    17847#    945#    39553#    503#     5029#    861#     4790#    585#    -8652#    862#  
2012,rct2,55,33,88,As,3173.0,196.0,True,13931.0,446.0,True,31889.0,196.0,True,9751.0,357.0,True,7268.0,196.0,True,-5010.0,357.0,True,  88 As  33    3173#    196#    13931#    446#    31889#    196#     9751#    357#     7268#    196#    -5010#    357#  
2012,rct2,54,34,88,Se,5529.39,4.03,False,15555.26,4.49,False,24037.16,3.53,False,5788.75,4.81,False,4169.0,4.55,False,-5114.37,5.01,False,  88 Se  34    5529.39    4.03  15555.26    4.49  24037.16    3.53   5788.75    4.81   4169.00    4.55  -5114.37    5.01
2012,rct2,53,35,88,Br,4895.6,4.48,False,11578.8,3.88,False,13582.79,3.67,False,10498.01,4.04,False,6561.73,4.1,False,-1880.41,4.41,False,  88 Br  35    4895.60    4.48  11578.80    3.88  13582.79    3.67  10498.01    4.04   6561.73    4.10  -1880.41    4.41
2012,rct2,52,36,88,Kr,7053.08,2.62,False,13088.58,4.11,False,3937.04,6.04,False,6651.77,4.03,False,3748.24,4.03,False,-1631.25,3.69,False,  88 Kr  36    7053.08    2.62  13088.58    4.11   3937.04    6.04   6651.77    4.03   3748.24    4.03  -1631.25    3.69
2012,rct2,51,37,88,Rb,6082.52,0.16,False,9188.44,0.29,False,-6433.01,56.78,False,11367.48,0.16,False,3735.39,2.01,False,1612.88,3.07,False,  88 Rb  37    6082.52    0.16   9188.44    0.29  -6433.01   56.78  11367.48    0.16   3735.39    2.01   1612.88    3.07
2012,rct2,50,38,88,Sr,11112.64,0.16,False,10612.53,1.09,False,-15234.81,3.97,False,5536.47,1.09,False,-889.97,1.09,False,-794.62,2.28,False,  88 Sr  38   11112.64    0.16  10612.53    1.09 -15234.81    3.97   5536.47    1.09   -889.97    1.09   -794.62    2.28
2012,rct2,49,39,88,Y,9351.73,1.88,False,6707.69,1.51,False,-22617.44,149.05,False,10935.25,1.51,False,1668.58,3.37,False,3514.98,1.85,False,  88 Y   39    9351.73    1.88   6707.69    1.51 -22617.44  149.05  10935.25    1.51   1668.58    3.37   3514.98    1.85
2012,rct2,48,40,88,Zr,12353.11,6.81,False,7898.96,5.65,False,-29229.0,298.0,True,6365.68,15.19,False,-922.15,19.73,False,3121.35,6.13,False,  88 Zr  40   12353.11    6.81   7898.96    5.65 -29229#    298#     6365.68   15.19   -922.15   19.73   3121.35    6.13
2012,rct2,47,41,88,Nb,10374.0,57.19,False,4118.42,56.93,False,,,False,12503.47,56.89,False,1862.09,57.14,False,7312.54,59.87,False,  88 Nb  41   10374.00   57.19   4118.42   56.93      *             12503.47   56.89   1862.09   57.14   7312.54   59.87
2012,rct2,46,42,88,Mo,13873.05,4.77,False,6102.22,7.81,False,,,False,7157.14,6.71,False,-1542.81,5.6,False,6133.88,7.49,False,  88 Mo  42   13873.05    4.77   6102.22    7.81      *              7157.14    6.71  -1542.81    5.60   6133.88    7.49
2012,rct2,45,43,88,Tc,12062.59,149.1,False,2085.48,149.07,False,,,False,13139.74,149.09,False,692.49,149.88,False,10244.76,149.1,False,  88 Tc  43   12062.59  149.10   2085.48  149.07      *             13139.74  149.09    692.49  149.88  10244.76  149.10
2012,rct2,44,44,88,Ru,16539.0,499.0,True,3998.0,298.0,True,,,False,7609.0,422.0,True,-3501.0,499.0,True,8757.0,298.0,True,  88 Ru  44   16539#    499#     3998#    298#        *              7609#    422#    -3501#    499#     8757#    298#  
2012,rct2,57,32,89,Ge,1663.0,783.0,True,,,False,42806.0,600.0,True,6561.0,1000.0,True,5591.0,921.0,True,,,False,0 89 Ge  32    1663#    783#        *             42806#    600#     6561#   1000#     5591#    921#        *           
2012,rct2,56,33,89,As,4150.0,357.0,True,13949.0,585.0,True,34914.0,298.0,True,7991.0,499.0,True,7826.0,422.0,True,-6696.0,760.0,True,  89 As  33    4150#    357#    13949#    585#    34914#    298#     7991#    499#     7826#    422#    -6696#    760#  
2012,rct2,55,34,89,Se,3179.51,5.01,False,15562.0,196.0,True,27216.36,3.89,False,7336.32,4.77,False,4833.81,5.08,False,-3586.0,298.0,True,  89 Se  34    3179.51    5.01  15562#    196#    27216.36    3.89   7336.32    4.77   4833.81    5.08  -3586#    298#  
2012,rct2,54,35,89,Br,5629.62,4.55,False,11679.04,4.68,False,19434.89,3.96,False,8862.67,3.95,False,7092.96,4.12,False,-3665.72,4.74,False,  89 Br  35    5629.62    4.55  11679.04    4.68  19434.89    3.96   8862.67    3.95   7092.96    4.12  -3665.72    4.74
2012,rct2,53,36,89,Kr,4915.82,3.38,False,13108.8,3.83,False,8340.61,4.08,False,8066.7,3.83,False,3960.52,3.75,False,-386.22,3.31,False,  89 Kr  36    4915.82    3.38  13108.80    3.83   8340.61    4.08   8066.70    3.83   3960.52    3.75   -386.22    3.31
2012,rct2,52,37,89,Rb,7174.56,5.46,False,9309.92,6.05,False,-1086.84,24.26,False,9708.09,5.47,False,6417.48,5.46,False,-433.59,6.27,False,  89 Rb  37    7174.56    5.46   9309.92    6.05  -1086.84   24.26   9708.09    5.47   6417.48    5.46   -433.59    6.27
2012,rct2,51,38,89,Sr,6358.72,0.09,False,10888.73,1.1,False,-11193.82,4.06,False,9099.85,1.09,False,1402.32,1.09,False,2703.32,1.09,False,  89 Sr  38    6358.72    0.09  10888.73    1.10 -11193.82    4.06   9099.85    1.09   1402.32    1.09   2703.32    1.09
2012,rct2,50,39,89,Y,11481.72,2.77,False,7076.77,2.33,False,-20314.3,4.42,False,7881.69,2.33,False,1678.1,2.33,False,684.26,2.24,False,  89 Y   39   11481.72    2.77   7076.77    2.33 -20314.30    4.42   7881.69    2.33   1678.10    2.33    684.26    2.24
2012,rct2,49,40,89,Zr,9319.38,6.31,False,7866.61,3.84,False,-26770.0,298.0,True,8852.76,3.71,False,-729.14,14.58,False,5293.21,3.54,False,  89 Zr  40    9319.38    6.31   7866.61    3.84 -26770#    298#     8852.76    3.71   -729.14   14.58   5293.21    3.54
2012,rct2,48,41,89,Nb,12520.73,61.5,False,4286.04,24.24,False,-34595.0,360.0,True,9431.94,24.0,False,2207.31,23.9,False,4304.21,27.56,False,  89 Nb  41   12520.73   61.50   4286.04   24.24 -34595#    360#     9431.94   24.00   2207.31   23.90   4304.21   27.56
2012,rct2,47,42,89,Mo,10399.71,5.47,False,6127.92,56.92,False,,,False,9569.17,7.86,False,-1018.0,6.76,False,8600.12,5.3,False,  89 Mo  42   10399.71    5.47   6127.92   56.92      *              9569.17    7.86  -1018.00    6.76   8600.12    5.30
2012,rct2,46,43,89,Tc,13784.85,149.09,False,1997.27,5.4,False,,,False,10200.77,4.77,False,1579.45,5.34,False,7384.43,6.71,False,  89 Tc  43   13784.85  149.09   1997.27    5.40      *             10200.77    4.77   1579.45    5.34   7384.43    6.71
2012,rct2,45,44,89,Ru,11779.0,422.0,True,3714.0,333.0,True,,,False,10294.0,298.0,True,-1945.0,422.0,True,11650.0,298.0,True,  89 Ru  44   11779#    422#     3714#    333#        *             10294#    298#    -1945#    422#    11650#    298#  
2012,rct2,44,45,89,Rh,,,False,-1080.0,200.0,True,,,False,10612.0,538.0,True,,,False,10913.0,467.0,True,  89 Rh  45       *             -1080#    200#        *             10612#    538#        *             10913#    467#  
2012,rct2,58,32,90,Ge,3563.0,921.0,True,,,False,45738.0,699.0,True,,,False,5223.0,1062.0,True,,,False,0 90 Ge  32    3563#    921#        *             45738#    699#        *              5223#   1062#        *           
2012,rct2,57,33,90,As,2603.0,667.0,True,14890.0,846.0,True,38034.0,596.0,True,9518.0,780.0,True,7612.0,718.0,True,-6104.0,998.0,True,  90 As  33    2603#    667#    14890#    846#    38034#    596#     9518#    780#     7612#    718#    -6104#    998#  
2012,rct2,56,34,90,Se,4879.14,329.77,False,16291.0,445.0,True,30148.7,329.76,False,5630.0,383.0,True,4681.74,329.76,False,-6076.0,519.0,True,  90 Se  34    4879.14  329.77  16291#    445#    30148.70  329.76   5630#    383#     4681.74  329.76  -6076#    519#  
2012,rct2,55,35,90,Br,3797.35,4.68,False,12296.88,5.01,False,22494.56,4.03,False,10594.7,4.74,False,7289.88,4.03,False,-2735.99,4.49,False,  90 Br  35    3797.35    4.68  12296.88    5.01  22494.56    4.03  10594.70    4.74   7289.88    4.03  -2735.99    4.49
2012,rct2,54,36,90,Kr,6494.78,2.84,False,13973.96,3.76,False,13814.31,2.62,False,6467.51,3.68,False,3796.48,3.68,False,-2886.72,2.91,False,  90 Kr  36    6494.78    2.84  13973.96    3.76  13814.31    2.62   6467.51    3.68   3796.48    3.68  -2886.72    2.91
2012,rct2,53,37,90,Rb,5723.81,8.49,False,10117.92,6.86,False,3297.49,7.31,False,11037.36,7.02,False,6208.85,6.52,False,173.35,7.25,False,  90 Rb  37    5723.81    8.49  10117.92    6.86   3297.49    7.31  11037.36    7.02   6208.85    6.52    173.35    7.25
2012,rct2,52,38,90,Sr,7811.48,2.71,False,11525.65,6.02,False,-5776.03,4.15,False,7370.88,2.62,False,3512.93,2.62,False,407.01,2.63,False,  90 Sr  38    7811.48    2.71  11525.65    6.02  -5776.03    4.15   7370.88    2.62   3512.93    2.62    407.01    2.63
2012,rct2,51,39,90,Y,6857.03,0.1,False,7575.08,2.34,False,-15770.17,2.46,False,12137.3,2.33,False,3249.23,2.33,False,3749.33,2.23,False,  90 Y   39    6857.03    0.10   7575.08    2.34 -15770.17    2.46  12137.30    2.33   3249.23    2.33   3749.33    2.23
2012,rct2,50,40,90,Zr,11968.49,3.1,False,8353.38,1.65,False,-23889.77,4.16,False,6236.0,2.54,False,-891.16,2.33,False,1752.88,2.04,False,  90 Zr  40   11968.49    3.10   8353.38    1.65 -23889.77    4.16   6236.00    2.54   -891.16    2.33   1752.88    2.04
2012,rct2,49,41,90,Nb,10108.15,23.88,False,5074.8,4.54,False,-30703.0,401.0,True,11676.91,6.38,False,1548.37,5.37,False,6002.52,3.84,False,  90 Nb  41   10108.15   23.88   5074.80    4.54 -30703#    401#    11676.91    6.38   1548.37    5.37   6002.52    3.84
2012,rct2,48,42,90,Mo,13229.27,5.27,False,6836.46,23.89,False,,,False,6713.91,56.89,False,-1435.53,7.67,False,4820.05,5.41,False,  90 Mo  42   13229.27    5.27   6836.46   23.89      *              6713.91   56.89  -1435.53    7.67   4820.05    5.41
2012,rct2,47,43,90,Tc,11401.16,3.95,False,2998.72,4.04,False,,,False,12672.66,3.95,False,1024.18,3.04,False,8795.01,6.89,False,  90 Tc  43   11401.16    3.95   2998.72    4.04      *             12672.66    3.95   1024.18    3.04   8795.01    6.89
2012,rct2,46,44,90,Ru,14849.0,298.0,True,4777.92,5.34,False,,,False,7508.33,149.09,False,-2329.69,5.61,False,7647.42,4.7,False,  90 Ru  44   14849#    298#     4777.92    5.34      *              7508.33  149.09  -2329.69    5.61   7647.42    4.70
2012,rct2,45,45,90,Rh,14000.0,538.0,True,1141.0,499.0,True,,,False,13151.0,499.0,True,-1163.0,566.0,True,11378.0,401.0,True,  90 Rh  45   14000#    538#     1141#    499#        *             13151#    499#    -1163#    566#    11378#    401#  
2012,rct2,58,33,91,As,3637.0,843.0,True,14964.0,918.0,True,40849.0,596.0,True,7544.0,846.0,True,8106.0,780.0,True,,,False,0 91 As  33    3637#    843#    14964#    918#    40849#    596#     7544#    846#     8106#    780#        *           
2012,rct2,57,34,91,Se,2609.0,601.0,True,16297.0,780.0,True,33314.0,503.0,True,7171.0,585.0,True,5246.0,540.0,True,-4553.0,711.0,True,  91 Se  34    2609#    601#    16297#    780#    33314#    503#     7171#    585#     5246#    540#    -4553#    711#  
2012,rct2,56,35,91,Br,5178.31,4.88,False,12596.05,329.77,False,25244.58,4.38,False,8595.9,5.14,False,7640.96,4.88,False,-4741.0,196.0,True,  91 Br  35    5178.31    4.88  12596.05  329.77  25244.58    4.38   8595.90    5.14   7640.96    4.88  -4741#    196#  
2012,rct2,55,36,91,Kr,4086.03,2.91,False,14262.64,4.03,False,16922.19,2.89,False,8011.1,3.96,False,4606.05,3.88,False,-1443.37,4.03,False,  91 Kr  36    4086.03    2.91  14262.64    4.03  16922.19    2.89   8011.10    3.96   4606.05    3.88  -1443.37    4.03
2012,rct2,54,37,91,Rb,6451.71,10.15,False,10074.85,8.03,False,8893.45,8.46,False,9501.46,8.1,False,6810.21,8.23,False,-1382.77,8.43,False,  91 Rb  37    6451.71   10.15  10074.85    8.03   8893.45    8.46   9501.46    8.10   6810.21    8.23  -1382.77    8.43
2012,rct2,53,38,91,Sr,5774.81,5.86,False,11576.65,8.52,False,-1443.69,8.38,False,8770.64,7.82,False,3820.64,5.65,False,1685.28,6.22,False,  91 Sr  38    5774.81    5.86  11576.65    8.52  -1443.69    8.38   8770.64    7.82   3820.64    5.65   1685.28    6.22
2012,rct2,52,39,91,Y,7928.33,2.49,False,7691.93,2.85,False,-10365.62,3.49,False,10567.68,2.72,False,6433.53,2.72,False,1903.52,2.58,False,  91 Y   39    7928.33    2.49   7691.93    2.85 -10365.62    3.49  10567.68    2.72   6433.53    2.72   1903.52    2.58
2012,rct2,51,40,91,Zr,7193.92,0.42,False,8690.27,1.69,False,-19656.64,2.87,False,10523.8,1.69,False,1266.65,2.53,False,5671.59,2.03,False,  91 Zr  40    7193.92    0.42   8690.27    1.69 -19656.64    2.87  10523.80    1.69   1266.65    2.53   5671.59    2.03
2012,rct2,50,41,91,Nb,12047.67,4.46,False,5153.99,2.95,False,-27843.0,401.0,True,8948.62,4.27,False,1853.81,6.27,False,3306.58,3.85,False,  91 Nb  41   12047.67    4.46   5153.99    2.95 -27843#    401#     8948.62    4.27   1853.81    6.27   3306.58    3.85
2012,rct2,49,42,91,Mo,10107.14,7.15,False,6835.46,7.15,False,-35932.0,503.0,True,9127.49,24.44,False,-1168.67,57.12,False,7066.02,8.27,False,  91 Mo  42   10107.14    7.15   6835.46    7.15 -35932#    503#     9127.49   24.44  -1168.67   57.12   7066.02    8.27
2012,rct2,48,43,91,Tc,13332.88,2.58,False,3102.34,4.25,False,,,False,9739.49,4.57,False,1564.35,4.49,False,5836.13,56.83,False,  91 Tc  43   13332.88    2.58   3102.34    4.25      *              9739.49    4.57   1564.35    4.49   5836.13   56.83
2012,rct2,47,44,91,Ru,11427.04,4.34,False,4803.8,2.45,False,,,False,9866.14,4.42,False,-1694.15,149.06,False,10093.43,4.42,False,  91 Ru  44   11427.04    4.34   4803.80    2.45      *              9866.14    4.42  -1694.15  149.06  10093.43    4.42
2012,rct2,46,45,91,Rh,14908.0,566.0,True,1201.0,401.0,True,,,False,10022.0,499.0,True,467.0,499.0,True,8532.0,427.0,True,  91 Rh  45   14908#    566#     1201#    401#        *             10022#    499#      467#    499#     8532#    427#  
2012,rct2,45,46,91,Pd,,,False,1607.0,643.0,True,,,False,10464.0,618.0,True,,,False,13769.0,585.0,True,  91 Pd  46       *              1607#    643#        *             10464#    618#        *             13769#    585#  
2012,rct2,59,33,92,As,2156.0,918.0,True,,,False,43791.0,699.0,True,8950.0,988.0,True,7612.0,921.0,True,,,False,0 92 As  33    2156#    918#        *             43791#    699#     8950#    988#     7612#    921#        *           
2012,rct2,58,34,92,Se,4457.0,780.0,True,17116.0,843.0,True,36144.0,596.0,True,5317.0,843.0,True,4939.0,667.0,True,-7348.0,846.0,True,  92 Se  34    4457#    780#    17116#    843#    36144#    596#     5317#    843#     4939#    667#    -7348#    846#  
2012,rct2,57,35,92,Br,3196.83,7.58,False,13184.0,503.0,True,28584.25,11.39,False,10278.22,329.82,False,7623.64,7.67,False,-3788.0,298.0,True,  92 Br  35    3196.83    7.58  13184#    503#    28584.25   11.39  10278.22  329.82   7623.64    7.67  -3788#    298#  
2012,rct2,56,36,92,Kr,5866.67,3.51,False,14951.0,4.46,False,19690.31,3.26,False,5941.78,4.31,False,4369.0,4.24,False,-4130.53,4.61,False,  92 Kr  36    5866.67    3.51  14951.00    4.46  19690.31    3.26   5941.78    4.31   4369.00    4.24  -4130.53    4.61
2012,rct2,55,37,92,Rb,5098.72,9.82,False,11087.53,6.52,False,11681.22,6.52,False,10897.53,6.41,False,6627.32,6.49,False,-851.86,6.94,False,  92 Rb  37    5098.72    9.82  11087.53    6.52  11681.22    6.52  10897.53    6.41   6627.32    6.49   -851.86    6.94
2012,rct2,54,38,92,Sr,7286.3,6.51,False,12411.24,8.51,False,3940.44,3.51,False,7208.14,7.35,False,3708.9,6.45,False,-685.21,4.04,False,  92 Sr  38    7286.30    6.51  12411.24    8.51   3940.44    3.51   7208.14    7.35   3708.90    6.45   -685.21    4.04
2012,rct2,53,39,92,Y,6536.49,9.33,False,8453.62,10.62,False,-5891.36,9.71,False,11842.67,9.39,False,6255.75,9.26,False,2541.59,10.7,False,  92 Y   39    6536.49    9.33   8453.62   10.62  -5891.36    9.71  11842.67    9.39   6255.75    9.26   2541.59   10.70
2012,rct2,52,40,92,Zr,8634.79,0.11,False,9396.72,1.84,False,-14158.43,3.28,False,8746.04,1.69,False,4113.58,1.69,False,3395.52,2.03,False,  92 Zr  40    8634.79    0.11   9396.72    1.84 -14158.43    3.28   8746.04    1.69   4113.58    1.69   3395.52    2.03
2012,rct2,51,41,92,Nb,7886.49,3.43,False,5846.56,1.79,False,-23454.66,4.99,False,13030.62,1.84,False,3286.7,3.58,False,6901.81,2.43,False,  92 Nb  41    7886.49    3.43   5846.56    1.79 -23454.66    4.99  13030.62    1.84   3286.70    3.58   6901.81    2.43
2012,rct2,50,42,92,Mo,12670.43,6.27,False,7458.22,3.5,False,-31738.0,503.0,True,6565.2,3.62,False,-1318.38,23.65,False,3714.96,3.54,False,  92 Mo  42   12670.43    6.27   7458.22    3.50 -31738#    503#     6565.20    3.62  -1318.38   23.65   3714.96    3.54
2012,rct2,49,43,92,Tc,11010.76,3.9,False,4005.95,6.97,False,,,False,11958.0,4.7,False,953.3,4.99,False,7346.1,23.84,False,  92 Tc  43   11010.76    3.90   4005.95    6.97      *             11958.00    4.70    953.30    4.99   7346.10   23.84
2012,rct2,48,44,92,Ru,14133.0,3.51,False,5603.92,3.6,False,,,False,7134.29,2.9,False,-2042.3,4.69,False,6360.14,4.76,False,  92 Ru  44   14133.00    3.51   5603.92    3.60      *              7134.29    2.90  -2042.30    4.69   6360.14    4.76
2012,rct2,47,45,92,Rh,12275.0,401.0,True,2048.54,4.91,False,,,False,12595.51,5.75,False,-28.0,298.0,True,10042.16,5.81,False,  92 Rh  45   12275#    401#     2048.54    4.91      *             12595.51    5.75    -28#    298#    10042.16    5.81
2012,rct2,46,46,92,Pd,16865.0,711.0,True,3563.0,643.0,True,,,False,7600.0,643.0,True,-4176.0,618.0,True,8683.0,585.0,True,  92 Pd  46   16865#    711#     3563#    643#        *              7600#    643#    -4176#    618#     8683#    585#  
2012,rct2,59,34,93,Se,2063.0,999.0,True,17023.0,1063.0,True,39370.0,801.0,True,6892.0,999.0,True,5479.0,999.0,True,-5848.0,1063.0,True,0 93 Se  34    2063#    999#    17023#   1063#    39370#    801#     6892#    999#     5479#    999#    -5848#   1063#  
2012,rct2,58,35,93,Br,4808.85,449.96,False,13536.0,747.0,True,31257.32,450.04,False,8078.0,675.0,True,7693.93,557.81,False,-5994.0,747.0,True,  93 Br  35    4808.85  449.96  13536#    747#    31257.32  450.04   8078#    675#     7693.93  557.81  -5994#    747#  
2012,rct2,57,36,93,Kr,3437.99,3.69,False,15192.16,7.16,False,22986.69,3.1,False,7682.11,4.35,False,4728.36,4.19,False,-2689.38,329.76,False,  93 Kr  36    3437.99    3.69  15192.16    7.16  22986.69    3.10   7682.11    4.35   4728.36    4.19  -2689.38  329.76
2012,rct2,56,37,93,Rb,5918.75,9.94,False,11139.6,8.28,False,14593.03,8.03,False,9064.82,8.14,False,7203.35,8.05,False,-2973.25,8.52,False,  93 Rb  37    5918.75    9.94  11139.60    8.28  14593.03    8.03   9064.82    8.14   7203.35    8.05  -2973.25    8.52
2012,rct2,55,38,93,Sr,5289.84,8.29,False,12602.36,9.72,False,6720.4,7.6,False,8370.02,10.75,False,4142.87,9.97,False,519.74,7.78,False,  93 Sr  38    5289.84    8.29  12602.36    9.72   6720.40    7.60   8370.02   10.75   4142.87    9.97    519.74    7.78
2012,rct2,54,39,93,Y,7481.92,13.91,False,8649.24,11.11,False,-622.3,10.65,False,10135.56,11.82,False,6585.32,10.71,False,783.47,12.35,False,  93 Y   39    7481.92   13.91   8649.24   11.11   -622.30   10.65  10135.56   11.82   6585.32   10.71    783.47   12.35
2012,rct2,53,40,93,Zr,6734.37,0.45,False,9594.6,9.16,False,-9905.97,2.75,False,9940.0,1.9,False,4236.23,1.74,False,4472.64,2.22,False,  93 Zr  40    6734.37    0.45   9594.60    9.16  -9905.97    2.75   9940.00    1.90   4236.23    1.74   4472.64    2.22
2012,rct2,52,41,93,Nb,8830.56,2.02,False,6042.32,1.58,False,-18201.18,3.2,False,11393.98,1.58,False,6424.63,1.62,False,4928.28,2.21,False,  93 Nb  41    8830.56    2.02   6042.32    1.58 -18201.18    3.20  11393.98    1.58   6424.63    1.62   4928.28    2.21
2012,rct2,51,42,93,Mo,8069.81,0.09,False,7641.55,2.49,False,-27667.0,400.0,True,10543.06,3.5,False,719.96,3.62,False,7613.64,1.98,False,  93 Mo  42    8069.81    0.09   7641.55    2.49 -27667#    400#    10543.06    3.50    719.96    3.62   7613.64    1.98
2012,rct2,50,43,93,Tc,12750.98,3.35,False,4086.5,1.0,False,-37338.0,503.0,True,9314.16,6.35,False,1431.58,3.75,False,4703.27,3.76,False,  93 Tc  43   12750.98    3.35   4086.50    1.00 -37338#    503#     9314.16    6.35   1431.58    3.75   4703.27    3.76
2012,rct2,49,44,93,Ru,10986.83,3.41,False,5579.99,3.73,False,,,False,9480.35,3.14,False,-1627.97,2.3,False,8602.58,4.09,False,  93 Ru  44   10986.83    3.41   5579.99    3.73      *              9480.35    3.14  -1627.97    2.30   8602.58    4.09
2012,rct2,48,45,93,Rh,14084.03,5.11,False,1999.57,3.78,False,,,False,9938.52,3.44,False,736.05,4.56,False,7359.29,2.82,False,  93 Rh  45   14084.03    5.11   1999.57    3.78      *              9938.52    3.44    736.05    4.56   7359.29    2.82
2012,rct2,47,46,93,Pd,12141.0,643.0,True,3430.0,400.0,True,,,False,10367.0,566.0,True,-2317.0,566.0,True,11390.0,400.0,True,  93 Pd  46   12141#    643#     3430#    400#        *             10367#    566#    -2317#    566#    11390#    400#  
2012,rct2,46,47,93,Ag,,,False,-1514.0,711.0,True,,,False,10720.0,711.0,True,,,False,11338.0,643.0,True,  93 Ag  47       *             -1514#    711#        *             10720#    711#        *             11338#    643#  
2012,rct2,60,34,94,Se,4159.0,1133.0,True,,,False,42042.0,801.0,True,4889.0,1063.0,True,4957.0,999.0,True,,,False,0 94 Se  34    4159#   1133#        *             42042#    801#     4889#   1063#     4957#    999#        *           
2012,rct2,59,35,94,Br,2700.0,602.0,True,14173.0,896.0,True,34753.0,401.0,True,9835.0,718.0,True,7603.0,643.0,True,-5056.0,718.0,True,  94 Br  35    2700#    602#    14173#    896#    34753#    401#     9835#    718#     7603#    643#    -5056#    718#  
2012,rct2,58,36,94,Kr,5283.09,12.37,False,15666.4,450.07,False,25923.13,12.25,False,5595.84,13.84,False,4623.58,12.62,False,-5363.0,503.0,True,  94 Kr  36    5283.09   12.37  15666.40  450.07  25923.13   12.25   5595.84   13.84   4623.58   12.62  -5363#    503#  
2012,rct2,57,37,94,Rb,4014.15,8.09,False,11715.77,3.23,False,17806.42,2.73,False,10917.34,3.38,False,7275.23,3.02,False,-1809.09,4.08,False,  94 Rb  37    4014.15    8.09  11715.77    3.23  17806.42    2.73  10917.34    3.38   7275.23    3.02  -1809.09    4.08
2012,rct2,56,38,94,Sr,6831.15,7.74,False,13514.77,8.01,False,9567.09,1.72,False,6637.58,6.35,False,3763.43,7.98,False,-2225.38,2.79,False,  94 Sr  38    6831.15    7.74  13514.77    8.01   9567.09    1.72   6637.58    6.35   3763.43    7.98  -2225.38    2.79
2012,rct2,55,39,94,Y,6196.5,12.34,False,9555.9,9.93,False,1804.25,7.64,False,11225.36,7.31,False,6163.62,8.5,False,1038.68,10.12,False,  94 Y   39    6196.50   12.34   9555.90    9.93   1804.25    7.64  11225.36    7.31   6163.62    8.50   1038.68   10.12
2012,rct2,54,40,94,Zr,8219.54,1.9,False,10332.22,10.62,False,-4687.31,3.66,False,8256.96,9.25,False,3945.03,2.66,False,2027.91,5.74,False,  94 Zr  40    8219.54    1.90  10332.22   10.62  -4687.31    3.66   8256.96    9.25   3945.03    2.66   2027.91    5.74
2012,rct2,53,41,94,Nb,7227.54,0.08,False,6535.49,1.55,False,-13461.59,3.84,False,12801.23,1.58,False,6391.01,1.58,False,5629.07,2.42,False,  94 Nb  41    7227.54    0.08   6535.49    1.55 -13461.59    3.84  12801.23    1.58   6391.01    1.58   5629.07    2.42
2012,rct2,52,42,94,Mo,9677.84,0.9,False,8488.83,1.81,False,-22311.8,4.28,False,8751.71,2.39,False,3089.79,3.42,False,5129.72,1.82,False,  94 Mo  42    9677.84    0.90   8488.83    1.81 -22311.80    4.28   8751.71    2.39   3089.79    3.42   5129.72    1.82
2012,rct2,51,43,94,Tc,8623.06,4.28,False,4639.75,4.17,False,-31746.0,640.0,True,13361.54,4.17,False,2915.67,7.46,False,8127.88,5.32,False,  94 Tc  43    8623.06    4.28   4639.75    4.17 -31746#    640#    13361.54    4.17   2915.67    7.46   8127.88    5.32
2012,rct2,50,44,94,Ru,13438.2,3.76,False,6267.2,3.39,False,,,False,7052.91,4.42,False,-1733.28,3.93,False,5271.52,6.99,False,  94 Ru  44   13438.20    3.76   6267.20    3.39      *              7052.91    4.42  -1733.28    3.93   5271.52    6.99
2012,rct2,49,45,94,Rh,11967.13,4.28,False,2979.87,3.96,False,,,False,12104.39,4.34,False,195.96,4.05,False,8725.04,4.13,False,  94 Rh  45   11967.13    4.28   2979.87    3.96      *             12104.39    4.34    195.96    4.05   8725.04    4.13
2012,rct2,48,46,94,Pd,15033.0,400.0,True,4378.22,5.05,False,,,False,7608.85,6.14,False,-2441.0,401.0,True,7784.87,4.84,False,  94 Pd  46   15033#    400#     4378.22    5.05      *              7608.85    6.14  -2441#    401#     7784.87    4.84
2012,rct2,47,47,94,Ag,14215.0,814.0,True,560.0,500.0,True,,,False,13370.0,814.0,True,-1270.0,814.0,True,12031.0,755.0,True,  94 Ag  47   14215#    814#      560#    500#        *             13370#    814#    -1270#    814#    12031#    755#  
2012,rct2,61,34,95,Se,1728.0,1132.0,True,,,False,44662.0,800.0,True,,,False,5386.0,1062.0,True,,,False,0 95 Se  34    1728#   1132#        *             44662#    800#        *              5386#   1062#        *           
2012,rct2,60,35,95,Br,4243.0,446.0,True,14257.0,825.0,True,37440.0,196.0,True,7656.0,825.0,True,7817.0,627.0,True,-7143.0,725.0,True,  95 Br  35    4243#    446#    14257#    825#    37440#    196#     7656#    825#     7817#    627#    -7143#    725#  
2012,rct2,59,36,95,Kr,2882.46,22.22,False,15849.0,401.0,True,29502.64,18.72,False,7522.23,450.3,False,4937.95,19.8,False,-3789.0,596.0,True,  95 Kr  36    2882.46   22.22  15849#    401#    29502.64   18.72   7522.23  450.30   4937.95   19.80  -3789#    596#  
2012,rct2,58,37,95,Rb,5402.41,20.27,False,11835.08,23.56,False,20891.18,20.22,False,8952.92,20.37,False,7739.49,20.39,False,-4014.68,21.29,False,  95 Rb  37    5402.41   20.27  11835.08   23.56  20891.18   20.22   8952.92   20.37   7739.49   20.39  -4014.68   21.29
2012,rct2,57,38,95,Sr,4347.82,6.12,False,13848.43,6.22,False,12588.37,5.89,False,8208.51,9.78,False,4514.33,8.49,False,-706.53,6.48,False,  95 Sr  38    4347.82    6.12  13848.43    6.22  12588.37    5.89   8208.51    9.78   4514.33    8.49   -706.53    6.48
2012,rct2,56,39,95,Y,6929.79,9.32,False,9654.54,7.08,False,4808.79,8.56,False,9585.4,10.21,False,6520.13,7.69,False,-792.39,9.21,False,  95 Y   39    6929.79    9.32   9654.54    7.08   4808.79    8.56   9585.40   10.21   6520.13    7.69   -792.39    9.21
2012,rct2,55,40,95,Zr,6461.97,0.87,False,10597.69,6.46,False,-2205.06,9.67,False,9276.91,10.63,False,4019.55,9.25,False,2852.24,3.85,False,  95 Zr  40    6461.97    0.87  10597.69    6.46  -2205.06    9.67   9276.91   10.63   4019.55    9.25   2852.24    3.85
2012,rct2,54,41,95,Nb,8487.17,1.86,False,6803.13,1.87,False,-8444.45,3.94,False,11048.43,1.85,False,6538.63,1.86,False,3678.4,9.22,False,  95 Nb  41    8487.17    1.86   6803.13    1.87  -8444.45    3.94  11048.43    1.85   6538.63    1.86   3678.40    9.22
2012,rct2,53,42,95,Mo,7369.1,0.1,False,8630.39,1.81,False,-17745.96,3.03,False,10213.17,1.81,False,3607.18,2.39,False,6395.41,1.82,False,  95 Mo  42    7369.10    0.10   8630.39    1.81 -17745.96    3.03  10213.17    1.81   3607.18    2.39   6395.41    1.82
2012,rct2,52,43,95,Tc,9934.33,6.51,False,4896.23,5.08,False,-26423.0,401.0,True,11497.02,5.16,False,5651.78,5.16,False,6080.04,5.61,False,  95 Tc  43    9934.33    6.51   4896.23    5.08 -26423#    401#    11497.02    5.16   5651.78    5.16   6080.04    5.61
2012,rct2,51,44,95,Ru,8944.22,10.02,False,6588.37,10.34,False,-36826.0,503.0,True,10859.67,9.6,False,333.25,10.0,False,8997.73,9.54,False,  95 Ru  44    8944.22   10.02   6588.37   10.34 -36826#    503#    10859.67    9.60    333.25   10.00   8997.73    9.54
2012,rct2,50,45,95,Rh,13504.31,5.15,False,3045.99,5.0,False,,,False,9586.91,4.4,False,824.65,4.74,False,6231.49,4.97,False,  95 Rh  45   13504.31    5.15   3045.99    5.00      *              9586.91    4.40    824.65    4.74   6231.49    4.97
2012,rct2,49,46,95,Pd,11934.94,5.25,False,4346.02,4.56,False,,,False,9757.94,4.03,False,-2101.52,5.34,False,9982.94,4.09,False,  95 Pd  46   11934.94    5.25   4346.02    4.56      *              9757.94    4.03  -2101.52    5.34   9982.94    4.09
2012,rct2,48,47,95,Ag,15257.0,755.0,True,785.0,401.0,True,,,False,10254.0,566.0,True,337.0,643.0,True,9049.0,401.0,True,  95 Ag  47   15257#    755#      785#    401#        *             10254#    566#      337#    643#     9049#    401#  
2012,rct2,47,48,95,Cd,,,False,1509.0,814.0,True,,,False,10348.0,711.0,True,,,False,14086.0,711.0,True,  95 Cd  48       *              1509#    814#        *             10348#    711#        *             14086#    711#  
2012,rct2,61,35,96,Br,2464.0,357.0,True,14992.0,854.0,True,40178.0,298.0,True,9351.0,855.0,True,7416.0,855.0,True,,,False,0 96 Br  35    2464#    357#    14992#    854#    40178#    298#     9351#    855#     7416#    855#        *           
2012,rct2,60,36,96,Kr,4992.08,27.7,False,16598.0,197.0,True,32364.93,20.59,False,5230.0,401.0,True,4754.71,450.38,False,-6718.0,801.0,True,  96 Kr  36    4992.08   27.70  16598#    197#    32364.93   20.59   5230#    401#     4754.71  450.38  -6718#    801#  
2012,rct2,59,37,96,Rb,3531.8,20.38,False,12484.42,18.93,False,24252.47,4.66,False,10704.22,12.57,False,7645.69,4.19,False,-2737.62,449.92,False,  96 Rb  37    3531.80   20.38  12484.42   18.93  24252.47    4.66  10704.22   12.57   7645.69    4.19  -2737.62  449.92
2012,rct2,58,38,96,Sr,5878.92,10.32,False,14324.94,21.95,False,15863.77,8.69,False,6343.74,8.92,False,4554.15,11.69,False,-3147.46,9.05,False,  96 Sr  38    5878.92   10.32  14324.94   21.95  15863.77    8.69   6343.74    8.92   4554.15   11.69  -3147.46    9.05
2012,rct2,57,39,96,Y,5201.59,9.19,False,10508.31,8.47,False,7478.79,8.19,False,11214.96,6.59,False,6608.38,9.88,False,-75.24,10.1,False,  96 Y   39    5201.59    9.19  10508.31    8.47   7478.79    8.19  11214.96    6.59   6608.38    9.88    -75.24   10.10
2012,rct2,56,40,96,Zr,7854.37,2.07,False,11522.26,6.91,False,634.51,1.98,False,7619.04,6.6,False,3647.1,10.71,False,287.71,7.81,False,  96 Zr  40    7854.37    2.07  11522.26    6.91    634.51    1.98   7619.04    6.60   3647.10   10.71    287.71    7.81
2012,rct2,55,41,96,Nb,6893.09,3.24,False,7234.24,3.66,False,-5920.36,10.5,False,12374.88,3.7,False,6379.91,3.68,False,4267.23,11.05,False,  96 Nb  41    6893.09    3.24   7234.24    3.66  -5920.36   10.50  12374.88    3.70   6379.91    3.68   4267.23   11.05
2012,rct2,54,42,96,Mo,9154.32,0.05,False,9297.54,0.5,False,-12611.47,4.19,False,8286.39,1.81,False,3283.41,1.81,False,3975.46,1.81,False,  96 Mo  42    9154.32    0.05   9297.54    0.50 -12611.47    4.19   8286.39    1.81   3283.41    1.81   3975.46    1.81
2012,rct2,53,43,96,Tc,7871.6,7.23,False,5398.73,5.15,False,-21308.75,90.23,False,13303.26,5.15,False,5849.99,5.22,False,7039.0,5.45,False,  96 Tc  43    7871.60    7.23   5398.73    5.15 -21308.75   90.23  13303.26    5.15   5849.99    5.22   7039.00    5.45
2012,rct2,52,44,96,Ru,10693.94,9.5,False,7347.99,5.08,False,-30506.0,401.0,True,8788.78,4.07,False,2390.29,1.35,False,6373.6,0.9,False,  96 Ru  44   10693.94    9.50   7347.99    5.08 -30506#    401#     8788.78    4.07   2390.29    1.35   6373.60    0.90
2012,rct2,51,45,96,Rh,9417.18,10.74,False,3518.94,13.79,False,,,False,13607.93,10.49,False,2394.3,10.22,False,9565.29,10.09,False,  96 Rh  45    9417.18   10.74   3518.94   13.79      *             13607.93   10.49   2394.30   10.22   9565.29   10.09
2012,rct2,50,46,96,Pd,14288.81,5.17,False,5130.52,5.73,False,,,False,7436.26,5.4,False,-2306.3,4.97,False,6680.96,4.69,False,  96 Pd  46   14288.81    5.17   5130.52    5.73      *              7436.26    5.40  -2306.30    4.97   6680.96    4.69
2012,rct2,49,47,96,Ag,12986.0,411.0,True,1835.94,90.14,False,,,False,12300.22,90.19,False,-508.0,410.0,True,10146.57,90.12,False,  96 Ag  47   12986#    411#     1835.94   90.14      *             12300.22   90.19   -508#    410#    10146.57   90.12
2012,rct2,48,48,96,Cd,17014.0,643.0,True,3265.0,566.0,True,,,False,7549.0,755.0,True,-4442.0,643.0,True,9213.0,566.0,True,  96 Cd  48   17014#    643#     3265#    566#        *              7549#    755#    -4442#    643#     9213#    566#  
2012,rct2,62,35,97,Br,3963.0,499.0,True,,,False,42072.0,401.0,True,7115.0,895.0,True,7612.0,896.0,True,,,False,0 97 Br  35    3963#    499#        *             42072#    401#     7115#    895#     7612#    896#        *           
2012,rct2,61,36,97,Kr,2415.13,132.01,False,16549.0,325.0,True,35524.93,130.42,False,7058.0,235.0,True,5040.0,421.0,True,-4974.0,812.0,True,  97 Kr  36    2415.13  132.01  16549#    325#    35524.93  130.42   7058#    235#     5040#    421#    -4974#    812#  
2012,rct2,60,37,97,Rb,5236.08,3.86,False,12728.41,20.58,False,27088.97,2.6,False,8350.6,18.73,False,7692.71,12.26,False,-5273.0,401.0,True,  97 Rb  37    5236.08    3.86  12728.41   20.58  27088.97    2.60   8350.60   18.73   7692.71   12.26  -5273#    401#  
2012,rct2,59,38,97,Sr,3723.68,9.27,False,14516.82,4.77,False,18961.35,3.42,False,8022.47,20.49,False,4844.63,3.95,False,-1588.04,12.58,False,  97 Sr  38    3723.68    9.27  14516.82    4.77  18961.35    3.42   8022.47   20.49   4844.63    3.95  -1588.04   12.58
2012,rct2,58,39,97,Y,5856.9,9.05,False,10486.29,10.8,False,11091.67,7.93,False,9705.88,8.94,False,7582.62,7.18,False,-1917.99,7.28,False,  97 Y   39    5856.90    9.05  10486.29   10.80  11091.67    7.93   9705.88    8.94   7582.62    7.18  -1917.99    7.28
2012,rct2,57,40,97,Zr,5575.12,0.4,False,11895.79,6.07,False,3170.89,3.39,False,8973.71,6.91,False,4268.48,6.6,False,1543.73,2.58,False,  97 Zr  40    5575.12    0.40  11895.79    6.07   3170.89    3.39   8973.71    6.91   4268.48    6.60   1543.73    2.58
2012,rct2,56,41,97,Nb,8072.58,3.64,False,7452.45,1.75,False,-3011.79,35.5,False,10764.28,2.19,False,6526.87,2.27,False,2391.16,6.61,False,  97 Nb  41    8072.58    3.64   7452.45    1.75  -3011.79   35.50  10764.28    2.19   6526.87    2.27   2391.16    6.61
2012,rct2,55,42,97,Mo,6821.25,0.21,False,9225.7,3.21,False,-9737.72,4.87,False,9952.3,0.54,False,3689.7,1.82,False,5373.74,1.86,False,  97 Mo  42    6821.25    0.21   9225.70    3.21  -9737.72    4.87   9952.30    0.54   3689.70    1.82   5373.74    1.86
2012,rct2,54,43,97,Tc,9469.78,6.36,False,5714.2,3.74,False,-16393.01,110.17,False,11202.58,3.75,False,6058.05,3.75,False,4796.76,4.16,False,  97 Tc  43    9469.78    6.36   5714.20    3.74 -16393.01  110.17  11202.58    3.75   6058.05    3.75   4796.76    4.16
2012,rct2,53,44,97,Ru,8111.5,2.76,False,7587.89,5.84,False,-25665.0,298.0,True,10611.61,5.78,False,2901.85,4.92,False,7939.94,2.76,False,  97 Ru  44    8111.50    2.76   7587.89    5.84 -25665#    298#    10611.61    5.78   2901.85    4.92   7939.94    2.76
2012,rct2,52,45,97,Rh,10981.15,36.85,False,3806.15,35.46,False,-35407.0,504.0,True,11571.0,36.71,False,4851.34,35.6,False,7207.19,35.7,False,  97 Rh  45   10981.15   36.85   3806.15   35.46 -35407#    504#    11571.00   36.71   4851.34   35.60   7207.19   35.70
2012,rct2,51,46,97,Pd,9695.0,6.42,False,5408.34,11.12,False,,,False,11245.57,6.21,False,-34.17,5.91,False,10424.15,5.77,False,  97 Pd  46    9695.00    6.42   5408.34   11.12      *             11245.57    6.21    -34.17    5.91  10424.15    5.77
2012,rct2,50,47,97,Ag,14385.52,142.26,False,1932.65,110.19,False,,,False,9849.63,110.15,False,139.26,110.19,False,7728.17,110.16,False,  97 Ag  47   14385.52  142.26   1932.65  110.19      *              9849.63  110.15    139.26  110.19   7728.17  110.16
2012,rct2,49,48,97,Cd,12952.0,499.0,True,3231.0,311.0,True,,,False,9854.0,499.0,True,-3179.0,706.0,True,11293.0,298.0,True,  97 Cd  48   12952#    499#     3231#    311#        *              9854#    499#    -3179#    706#    11293#    298#  
2012,rct2,48,49,97,In,,,False,-1094.0,643.0,True,,,False,10152.0,711.0,True,,,False,10868.0,814.0,True,  97 In  49       *             -1094#    643#        *             10152#    711#        *             10868#    814#  
2012,rct2,63,35,98,Br,2464.0,566.0,True,,,False,43853.0,401.0,True,,,False,6876.0,895.0,True,,,False,0 98 Br  35    2464#    566#        *             43853#    401#        *              6876#    895#        *           
2012,rct2,62,36,98,Kr,4959.0,325.0,True,17545.0,499.0,True,36981.0,298.0,True,4563.0,422.0,True,4324.0,357.0,True,-8205.0,854.0,True,  98 Kr  36    4959#    325#    17545#    499#    36981#    298#     4563#    422#     4324#    357#    -8205#    854#  
2012,rct2,61,37,98,Rb,3870.53,3.94,False,14183.81,130.45,False,29212.03,6.39,False,9472.15,20.78,False,6704.63,18.95,False,-4901.0,196.0,True,  98 Rb  37    3870.53    3.94  14183.81  130.45  29212.03    6.39   9472.15   20.78   6704.63   18.95  -4901#    196#  
2012,rct2,60,38,98,Sr,5915.08,5.0,False,15195.83,4.16,False,21688.87,3.72,False,5639.19,4.99,False,4331.96,20.54,False,-4620.66,18.99,False,  98 Sr  38    5915.08    5.00  15195.83    4.16  21688.87    3.72   5639.19    4.99   4331.96   20.54  -4620.66   18.99
2012,rct2,59,39,98,Y,4244.73,10.38,False,11007.35,8.78,False,14130.54,8.83,False,11340.07,11.59,False,7685.72,9.88,False,-760.31,21.75,False,  98 Y   39    4244.73   10.38  11007.35    8.78  14130.54    8.83  11340.07   11.59   7685.72    9.88   -760.31   21.75
2012,rct2,58,40,98,Zr,6415.41,8.44,False,12454.31,10.78,False,6932.25,10.82,False,7759.89,10.4,False,4782.86,10.91,False,-523.86,10.31,False,  98 Zr  40    6415.41    8.44  12454.31   10.78   6932.25   10.82   7759.89   10.40   4782.86   10.91   -523.86   10.31
2012,rct2,57,41,98,Nb,5993.59,5.3,False,7870.92,5.02,False,-355.25,13.07,False,12625.05,5.0,False,6995.25,5.41,False,3327.36,8.53,False,  98 Nb  41    5993.59    5.30   7870.92    5.02   -355.25   13.07  12625.05    5.00   6995.25    5.41   3327.36    8.53
2012,rct2,56,42,98,Mo,8642.6,0.07,False,9795.72,1.72,False,-6793.87,4.76,False,8202.79,3.21,False,3534.27,0.54,False,3193.12,1.79,False,  98 Mo  42    8642.60    0.07   9795.72    1.72  -6793.87    4.76   8202.79    3.21   3534.27    0.54   3193.12    1.79
2012,rct2,55,43,98,Tc,7283.59,5.04,False,6176.54,3.38,False,-13364.71,33.08,False,13073.31,3.38,False,6143.55,3.38,False,6000.33,3.42,False,  98 Tc  43    7283.59    5.04   6176.54    3.38 -13364.71   33.08  13073.31    3.38   6143.55    3.38   6000.33    3.42
2012,rct2,54,44,98,Ru,10176.78,7.04,False,8294.88,7.48,False,-20588.35,52.2,False,8306.43,8.27,False,2659.4,8.23,False,5132.26,6.48,False,  98 Ru  44   10176.78    7.04   8294.88    7.48 -20588.35   52.20   8306.43    8.27   2659.40    8.23   5132.26    6.48
2012,rct2,53,45,98,Rh,8650.13,37.41,False,4344.78,12.23,False,-29279.0,196.0,True,13614.82,11.91,False,5145.44,15.24,False,8491.4,12.95,False,  98 Rh  45    8650.13   37.41   4344.78   12.23 -29279#    196#    13614.82   11.91   5145.44   15.24   8491.40   12.95
2012,rct2,52,46,98,Pd,11586.45,6.78,False,6013.64,35.78,False,,,False,9076.3,11.08,False,1883.69,6.13,False,7781.92,10.63,False,  98 Pd  46   11586.45    6.78   6013.64   35.78      *              9076.30   11.08   1883.69    6.13   7781.92   10.63
2012,rct2,51,47,98,Ag,10311.89,114.92,False,2549.54,33.26,False,,,False,13826.55,33.18,False,1762.31,33.05,False,10920.59,33.14,False,  98 Ag  47   10311.89  114.92   2549.54   33.26      *             13826.55   33.18   1762.31   33.05  10920.59   33.14
2012,rct2,50,48,98,Cd,15254.0,303.0,True,4099.54,121.68,False,,,False,7586.03,103.91,False,-3175.0,404.0,True,7974.65,51.89,False,  98 Cd  48   15254#    303#     4099.54  121.68      *              7586.03  103.91  -3175#    404#     7974.65   51.89
2012,rct2,49,49,98,In,14778.0,540.0,True,731.0,357.0,True,,,False,12387.0,446.0,True,-2402.0,540.0,True,11347.0,446.0,True,  98 In  49   14778#    540#      731#    357#        *             12387#    446#    -2402#    540#    11347#    446#  
2012,rct2,63,36,99,Kr,2520.0,585.0,True,17601.0,643.0,True,38865.0,503.0,True,6007.0,643.0,True,4268.0,585.0,True,,,False,0 99 Kr  36    2520#    585#    17601#    643#    38865#    503#     6007#    643#     4268#    585#        *           
2012,rct2,62,37,99,Rb,4958.39,111.85,False,14183.0,318.0,True,31126.39,112.45,False,6928.89,171.77,False,6738.33,113.66,False,-7396.0,318.0,True,  99 Rb  37    4958.39  111.85  14183#    318#    31126.39  112.45   6928.89  171.77   6738.33  113.66  -7396#    318#  
2012,rct2,61,38,99,Sr,4157.28,5.1,False,15482.58,4.96,False,23457.03,3.58,False,6717.98,4.04,False,3706.47,4.89,False,-3785.86,20.8,False,  99 Sr  38    4157.28    5.10  15482.58    4.96  23457.03    3.58   6717.98    4.04   3706.47    4.89  -3785.86   20.80
2012,rct2,60,39,99,Y,6426.43,10.32,False,11518.7,7.76,False,16671.07,6.97,False,8637.32,7.64,False,7138.21,10.74,False,-3654.94,7.69,False,  99 Y   39    6426.43   10.32  11518.70    7.76  16671.07    6.97   8637.32    7.64   7138.21   10.74  -3654.94    7.69
2012,rct2,59,40,99,Zr,4403.23,13.49,False,12612.81,13.17,False,9997.41,10.63,False,9213.56,12.48,False,5581.22,12.15,False,951.83,13.5,False,  99 Zr  40    4403.23   13.49  12612.81   13.17   9997.41   10.63   9213.56   12.48   5581.22   12.15    951.83   13.50
2012,rct2,58,41,99,Nb,6872.75,13.19,False,8328.25,14.84,False,3246.2,13.74,False,11327.43,12.2,False,7976.87,12.21,False,1656.2,13.63,False,  99 Nb  41    6872.75   13.19   8328.25   14.84   3246.20   13.74  11327.43   12.20   7976.87   12.21   1656.20   13.63
2012,rct2,57,42,99,Mo,5925.44,0.15,False,9727.58,5.38,False,-3787.73,4.99,False,10349.92,1.73,False,4501.91,3.21,False,5122.04,1.98,False,  99 Mo  42    5925.44    0.15   9727.58    5.38  -3787.73    4.99  10349.92    1.73   4501.91    3.21   5122.04    1.98
2012,rct2,56,43,99,Tc,8966.97,3.36,False,6500.9,0.9,False,-10614.3,6.34,False,10927.59,0.9,False,6330.91,0.92,False,3926.45,3.33,False,  99 Tc  43    8966.97    3.36   6500.90    0.90 -10614.30    6.34  10927.59    0.90   6330.91    0.92   3926.45    3.33
2012,rct2,55,44,99,Ru,7468.39,6.54,False,8479.68,3.49,False,-17690.72,1.9,False,10307.82,3.9,False,3062.6,5.26,False,6818.19,1.09,False,  99 Ru  44    7468.39    6.54   8479.68    3.49 -17690.72    1.90  10307.82    3.90   3062.60    5.26   6818.19    1.09
2012,rct2,54,45,99,Rh,10474.2,13.69,False,4642.2,9.35,False,-24202.0,196.0,True,11252.12,7.3,False,5365.18,6.76,False,5888.79,8.5,False,  99 Rh  45   10474.20   13.69   4642.20    9.35 -24202#    196#    11252.12    7.30   5365.18    6.76   5888.79    8.50
2012,rct2,53,46,99,Pd,8931.58,6.89,False,6295.1,12.91,False,-34237.0,503.0,True,11125.87,35.81,False,2369.29,11.17,False,9544.29,4.98,False,  99 Pd  46    8931.58    6.89   6295.10   12.91 -34237#    503#    11125.87   35.81   2369.29   11.17   9544.29    4.98
2012,rct2,52,47,99,Ag,11717.38,33.5,False,2680.47,7.86,False,,,False,11804.18,7.92,False,4333.74,7.55,False,8620.4,11.81,False,  99 Ag  47   11717.38   33.50   2680.47    7.86      *             11804.18    7.92   4333.74    7.55   8620.40   11.81
2012,rct2,51,48,99,Cd,10366.02,51.82,False,4153.68,32.95,False,,,False,11605.53,110.12,False,-555.43,90.1,False,11897.44,4.5,False,  99 Cd  48   10366.02   51.82   4153.68   32.95      *             11605.53  110.12   -555.43   90.10  11897.44    4.50
2012,rct2,50,49,99,In,15551.0,277.0,True,1029.0,202.0,True,,,False,9789.0,357.0,True,-939.0,446.0,True,8782.0,215.0,True,  99 In  49   15551#    277#     1029#    202#        *              9789#    357#     -939#    446#     8782#    215#  
2012,rct2,49,50,99,Sn,,,False,1337.0,540.0,True,,,False,9956.0,711.0,True,,,False,13275.0,643.0,True,  99 Sn  50       *              1337#    540#        *              9956#    711#        *             13275#    643#  
2012,rct2,64,36,100,Kr,4364.0,643.0,True,,,False,41330.0,401.0,True,4107.0,566.0,True,3867.0,566.0,True,,,False,0100 Kr  36    4364#    643#        *             41330#    401#     4107#    566#     3867#    566#        *           
2012,rct2,63,37,100,Rb,3413.0,225.0,True,15076.0,540.0,True,33257.0,196.0,True,8475.0,357.0,True,5741.0,235.0,True,-6845.0,446.0,True, 100 Rb  37    3413#    225#    15076#    540#    33257#    196#     8475#    357#     5741#    235#    -6845#    446#  
2012,rct2,62,38,100,Sr,5389.52,10.07,False,15913.71,112.2,False,26359.33,9.59,False,5198.99,10.14,False,3553.03,9.73,False,-6760.25,130.76,False, 100 Sr  38    5389.52   10.07  15913.71  112.20  26359.33    9.59   5198.99   10.14   3553.03    9.73  -6760.25  130.76
2012,rct2,61,39,100,Y,4748.95,12.99,False,12110.36,11.82,False,18686.53,11.44,False,9803.45,11.89,False,6112.94,11.81,False,-3167.81,11.52,False, 100 Y   39    4748.95   12.99  12110.36   11.82  18686.53   11.44   9803.45   11.89   6112.94   11.81  -3167.81   11.52
2012,rct2,60,40,100,Zr,6828.86,13.29,False,13015.24,10.5,False,12841.87,8.35,False,6629.42,11.37,False,4609.26,10.56,False,-2153.36,8.91,False, 100 Zr  40    6828.86   13.29  13015.24   10.50  12841.87    8.35   6629.42   11.37   4609.26   10.56  -2153.36    8.91
2012,rct2,59,41,100,Nb,5542.86,14.59,False,9467.88,13.2,False,5784.88,19.92,False,12199.99,11.62,False,8009.14,7.98,False,1970.25,10.42,False, 100 Nb  41    5542.86   14.59   9467.88   13.20   5784.88   19.92  12199.99   11.62   8009.14    7.98   1970.25   10.42
2012,rct2,58,42,100,Mo,8291.83,1.09,False,11146.66,12.0,False,-962.25,17.69,False,8051.69,5.47,False,4282.66,2.02,False,2405.34,2.22,False, 100 Mo  42    8291.83    1.09  11146.66   12.00   -962.25   17.69   8051.69    5.47   4282.66    2.02   2405.34    2.22
2012,rct2,57,43,100,Tc,6764.4,1.0,False,7339.86,1.34,False,-7881.9,5.19,False,12805.79,1.34,False,6387.75,1.35,False,5234.63,2.18,False, 100 Tc  43    6764.40    1.00   7339.86    1.34  -7881.90    5.19  12805.79    1.34   6387.75    1.35   5234.63    2.18
2012,rct2,56,44,100,Ru,9673.32,0.03,False,9186.04,1.13,False,-15029.25,1.98,False,7918.09,3.49,False,2859.06,3.9,False,3966.11,1.09,False, 100 Ru  44    9673.32    0.03   9186.04    1.13 -15029.25    1.98   7918.09    3.49   2859.06    3.90   3966.11    1.09
2012,rct2,55,45,100,Rh,8081.54,19.32,False,5255.35,18.12,False,-21275.24,183.42,False,13347.35,19.26,False,5395.14,18.35,False,7277.04,18.53,False, 100 Rh  45    8081.54   19.32   5255.35   18.12 -21275.24  183.42  13347.35   19.26   5395.14   18.35   7277.04   18.53
2012,rct2,54,46,100,Pd,11117.3,18.38,False,6938.2,18.91,False,-27944.25,302.04,False,8658.69,21.33,False,2233.13,39.63,False,6538.48,17.91,False, 100 Pd  46   11117.30   18.38   6938.20   18.91 -27944.25  302.04   8658.69   21.33   2233.13   39.63   6538.48   17.91
2012,rct2,53,47,100,Ag,9496.8,8.02,False,3245.69,7.07,False,,,False,13893.82,6.89,False,4531.94,6.96,False,10104.75,35.82,False, 100 Ag  47    9496.80    8.02   3245.69    7.07      *             13893.82    6.89   4531.94    6.96  10104.75   35.82
2012,rct2,52,48,100,Cd,12334.79,2.31,False,4771.09,6.49,False,,,False,9582.62,32.95,False,1495.3,110.12,False,9257.65,5.13,False, 100 Cd  48   12334.79    2.31   4771.09    6.49      *              9582.62   32.95   1495.30  110.12   9257.65    5.13
2012,rct2,51,49,100,In,11008.0,268.0,True,1670.82,182.53,False,,,False,14034.25,189.73,False,1005.0,350.0,True,12159.27,213.16,False, 100 In  49   11008#    268#     1670.82  182.53      *             14034.25  189.73   1005#    350#    12159.27  213.16
2012,rct2,50,50,100,Sn,17410.0,586.0,True,3196.0,359.0,True,,,False,7324.0,359.0,True,-5229.0,586.0,True,8817.0,424.0,True, 100 Sn  50   17410#    586#     3196#    359#        *              7324#    359#    -5229#    586#     8817#    424#  
2012,rct2,65,36,101,Kr,2147.0,643.0,True,,,False,44043.0,503.0,True,,,False,4184.0,643.0,True,,,False,0101 Kr  36    2147#    643#        *             44043#    503#        *              4184#    643#        *           
2012,rct2,64,37,101,Rb,4337.0,291.0,True,15049.0,455.0,True,36076.0,216.0,True,6658.0,547.0,True,6363.0,368.0,True,-8718.0,455.0,True, 101 Rb  37    4337#    291#    15049#    455#    36076#    216#     6658#    547#     6363#    368#    -8718#    455#  
2012,rct2,63,38,101,Sr,3803.16,80.85,False,16304.0,211.0,True,27954.41,80.35,False,6354.22,137.67,False,3620.39,80.41,False,-5604.0,309.0,True, 101 Sr  38    3803.16   80.85  16304#    211#    27954.41   80.35   6354.22  137.67   3620.39   80.41  -5604#    309#  
2012,rct2,62,39,101,Y,5804.98,13.23,False,12525.82,11.7,False,21274.06,25.13,False,8155.75,8.05,False,6223.04,8.17,False,-5102.26,8.14,False, 101 Y   39    5804.98   13.23  12525.82   11.70  21274.06   25.13   8155.75    8.05   6223.04    8.17  -5102.26    8.14
2012,rct2,61,40,101,Zr,4860.1,11.65,False,13126.39,13.95,False,14783.83,8.56,False,8195.76,10.64,False,3993.89,11.5,False,-1098.37,9.21,False, 101 Zr  40    4860.10   11.65  13126.39   13.95  14783.83    8.56   8195.76   10.64   3993.89   11.50  -1098.37    9.21
2012,rct2,60,41,101,Nb,7155.97,9.09,False,9794.99,9.15,False,8522.84,7.0,False,9447.24,11.26,False,7268.58,9.5,False,-941.0,9.03,False, 101 Nb  41    7155.97    9.09   9794.99    9.15   8522.84    7.00   9447.24   11.26   7268.58    9.50   -941.00    9.03
2012,rct2,59,42,101,Mo,5398.24,0.07,False,11002.04,8.29,False,1914.25,4.7,False,9526.2,12.0,False,4878.02,5.47,False,3422.51,8.73,False, 101 Mo  42    5398.24    0.07  11002.04    8.29   1914.25    4.70   9526.20   12.00   4878.02    5.47   3422.51    8.73
2012,rct2,58,43,101,Tc,8392.51,24.05,False,7440.55,24.0,False,-5006.68,24.51,False,10338.72,24.03,False,6637.84,24.03,False,2835.71,24.62,False, 101 Tc  43    8392.51   24.05   7440.55   24.00  -5006.68   24.51  10338.72   24.03   6637.84   24.03   2835.71   24.62
2012,rct2,57,44,101,Ru,6802.05,0.24,False,9223.69,1.53,False,-12118.12,1.84,False,10083.01,1.16,False,3340.6,3.5,False,5806.67,1.11,False, 101 Ru  44    6802.05    0.24   9223.69    1.53 -12118.12    1.84  10083.01    1.16   3340.60    3.50   5806.67    1.11
2012,rct2,56,45,101,Rh,9893.93,19.06,False,5475.95,5.92,False,-18797.0,298.0,True,10921.82,5.92,False,5677.99,8.72,False,4666.7,6.75,False, 101 Rh  45    9893.93   19.06   5475.95    5.92 -18797#    298#    10921.82    5.92   5677.99    8.72   4666.70    6.75
2012,rct2,55,46,101,Pd,8274.75,18.27,False,7131.41,18.71,False,-25125.03,300.04,False,10858.14,8.16,False,2608.51,12.77,False,8440.51,7.94,False, 101 Pd  46    8274.75   18.27   7131.41   18.71 -25125.03  300.04  10858.14    8.16   2608.51   12.77   8440.51    7.94
2012,rct2,54,47,101,Ag,11267.73,6.96,False,3396.12,18.34,False,,,False,11557.67,6.96,False,4850.66,6.77,False,7487.14,12.85,False, 101 Ag  47   11267.73    6.96   3396.12   18.34      *             11557.67    6.96   4850.66    6.77   7487.14   12.85
2012,rct2,53,48,101,Cd,9713.18,2.24,False,4987.47,5.22,False,,,False,11586.82,6.44,False,2094.01,32.94,False,11130.92,4.97,False, 101 Cd  48    9713.18    2.24   4987.47    5.22      *             11586.82    6.44   2094.01   32.94  11130.92    4.97
2012,rct2,52,49,101,In,12372.0,350.0,True,1708.0,298.0,True,,,False,12028.0,298.0,True,3887.0,303.0,True,10099.0,300.0,True, 101 In  49   12372#    350#     1708#    298#        *             12028#    298#     3887#    303#    10099#    300#  
2012,rct2,51,50,101,Sn,11093.97,425.34,False,3281.62,351.16,False,,,False,11781.0,358.0,True,-1545.0,358.0,True,12977.19,304.44,False, 101 Sn  50   11093.97  425.34   3281.62  351.16      *             11781#    358#    -1545#    358#    12977.19  304.44
2012,rct2,65,37,102,Rb,2966.0,368.0,True,15868.0,585.0,True,38604.0,298.0,True,8056.0,499.0,True,5917.0,585.0,True,,,False,0102 Rb  37    2966#    368#    15868#    585#    38604#    298#     8056#    499#     5917#    585#        *           
2012,rct2,64,38,102,Sr,4867.69,106.63,False,16835.0,227.0,True,31212.1,70.63,False,4899.0,208.0,True,3711.09,131.97,False,-7952.0,508.0,True, 102 Sr  38    4867.69  106.63  16835#    227#    31212.10   70.63   4899#    208#     3711.09  131.97  -7952#    508#  
2012,rct2,63,39,102,Y,4177.69,8.43,False,12900.34,80.44,False,23397.22,10.05,False,9367.59,10.37,False,6202.63,5.42,False,-4321.56,111.88,False, 102 Y   39    4177.69    8.43  12900.34   80.44  23397.22   10.05   9367.59   10.37   6202.63    5.42  -4321.56  111.88
2012,rct2,62,40,102,Zr,6494.33,12.09,False,13815.74,11.26,False,17509.14,9.06,False,6450.37,14.2,False,3925.99,10.97,False,-3435.42,9.57,False, 102 Zr  40    6494.33   12.09  13815.74   11.26  17509.14    9.06   6450.37   14.20   3925.99   10.97  -3435.42    9.57
2012,rct2,61,41,102,Nb,5493.93,5.05,False,10428.82,8.71,False,10469.83,5.7,False,10782.18,8.54,False,6177.88,10.82,False,-8.5,7.07,False, 102 Nb  41    5493.93    5.05  10428.82    8.71  10469.83    5.70  10782.18    8.54   6177.88   10.82     -8.50    7.07
2012,rct2,60,42,102,Mo,8125.38,8.52,False,11971.44,9.3,False,4360.53,8.86,False,6943.68,11.52,False,3625.39,14.72,False,-299.63,13.39,False, 102 Mo  42    8125.38    8.52  11971.44    9.30   4360.53    8.86   6943.68   11.52   3625.39   14.72   -299.63   13.39
2012,rct2,59,43,102,Tc,6300.85,25.69,False,8343.16,9.17,False,-2324.05,12.3,False,12329.7,9.17,False,6262.44,9.2,False,3407.61,15.1,False, 102 Tc  43    6300.85   25.69   8343.16    9.17  -2324.05   12.30  12329.70    9.17   6262.44    9.20   3407.61   15.10
2012,rct2,58,44,102,Ru,9219.64,0.05,False,10050.81,24.0,False,-9443.37,1.98,False,7627.76,1.53,False,3087.93,1.16,False,2512.47,1.11,False, 102 Ru  44    9219.64    0.05  10050.81   24.00  -9443.37    1.98   7627.76    1.53   3087.93    1.16   2512.47    1.11
2012,rct2,57,45,102,Rh,7440.92,7.43,False,6114.82,4.56,False,-16086.68,6.55,False,13154.22,4.57,False,5705.47,4.57,False,6192.75,4.7,False, 102 Rh  45    7440.92    7.43   6114.82    4.56 -16086.68    6.55  13154.22    4.57   5705.47    4.57   6192.75    4.70
2012,rct2,56,46,102,Pd,10571.66,5.22,False,7809.14,6.31,False,-22997.25,100.14,False,8368.03,18.29,False,2511.05,7.12,False,5337.24,2.43,False, 102 Pd  46   10571.66    5.22   7809.14    6.31 -22997.25  100.14   8368.03   18.29   2511.05    7.12   5337.24    2.43
2012,rct2,55,47,102,Ag,8983.48,9.5,False,4104.85,9.38,False,,,False,13691.5,19.49,False,4798.76,9.58,False,8977.86,10.6,False, 102 Ag  47    8983.48    9.50   4104.85    9.38      *             13691.50   19.49   4798.76    9.58   8977.86   10.60
2012,rct2,54,48,102,Cd,11894.4,2.23,False,5614.13,5.12,False,,,False,9189.23,5.27,False,1916.99,6.48,False,8168.11,5.26,False, 102 Cd  48   11894.40    2.23   5614.13    5.12      *              9189.23    5.27   1916.99    6.48   8168.11    5.26
2012,rct2,53,49,102,In,10151.0,298.0,True,2146.26,4.83,False,,,False,14211.66,4.89,False,4101.43,4.85,False,11665.13,7.77,False, 102 In  49   10151#    298#     2146.26    4.83      *             14211.66    4.89   4101.43    4.85  11665.13    7.77
2012,rct2,52,50,102,Sn,12699.44,316.27,False,3609.0,314.0,True,,,False,10090.03,208.17,False,1306.0,220.0,True,10643.78,100.12,False, 102 Sn  50   12699.44  316.27   3609#    314#        *             10090.03  208.17   1306#    220#    10643.78  100.12
2012,rct2,66,37,103,Rb,3973.0,499.0,True,,,False,41417.0,401.0,True,6230.0,643.0,True,6308.0,566.0,True,,,False,0103 Rb  37    3973#    499#        *             41417#    401#     6230#    643#     6308#    566#        *           
2012,rct2,65,38,103,Sr,3135.0,208.0,True,17004.0,357.0,True,33544.0,196.0,True,6100.0,291.0,True,3988.0,277.0,True,-6724.0,446.0,True, 103 Sr  38    3135#    208#    17004#    357#    33544#    196#     6100#    291#     3988#    277#    -6724#    446#  
2012,rct2,64,39,103,Y,5355.72,11.87,False,13388.37,71.0,False,26144.12,14.9,False,7815.03,81.12,False,6236.44,14.71,False,-6265.0,196.0,True, 103 Y   39    5355.72   11.87  13388.37   71.00  26144.12   14.90   7815.03   81.12   6236.44   14.71  -6265#    196#  
2012,rct2,63,40,103,Zr,4299.0,12.72,False,13937.05,10.3,False,19442.19,9.51,False,7956.35,11.63,False,4375.94,14.49,False,-2344.9,13.11,False, 103 Zr  40    4299.00   12.72  13937.05   10.30  19442.19    9.51   7956.35   11.63   4375.94   14.49  -2344.90   13.11
2012,rct2,62,41,103,Nb,6785.82,5.2,False,10720.31,9.87,False,13002.95,4.48,False,8856.46,9.41,False,6220.93,9.23,False,-2045.37,12.06,False, 103 Nb  41    6785.82    5.20  10720.31    9.87  13002.95    4.48   8856.46    9.41   6220.93    9.23  -2045.37   12.06
2012,rct2,61,42,103,Mo,5467.64,12.42,False,11945.15,9.56,False,6518.25,9.79,False,8632.01,10.22,False,3700.61,12.19,False,1061.59,12.31,False, 103 Mo  42    5467.64   12.42  11945.15    9.56   6518.25    9.79   8632.01   10.22   3700.61   12.19   1061.59   12.31
2012,rct2,60,43,103,Tc,8102.62,13.05,False,8320.4,12.97,False,198.4,10.55,False,9625.32,9.82,False,6451.65,9.82,False,847.85,12.82,False, 103 Tc  43    8102.62   13.05   8320.40   12.97    198.40   10.55   9625.32    9.82   6451.65    9.82    847.85   12.82
2012,rct2,59,44,103,Ru,6232.05,0.15,False,9982.02,9.17,False,-6611.64,2.09,False,9788.23,24.0,False,3620.28,1.54,False,4572.24,0.33,False, 103 Ru  44    6232.05    0.15   9982.02    9.17  -6611.64    2.09   9788.23   24.00   3620.28    1.54   4572.24    0.33
2012,rct2,58,45,103,Rh,9318.94,4.54,False,6214.12,2.19,False,-13398.54,9.44,False,10637.33,2.19,False,6059.85,2.2,False,3638.21,2.66,False, 103 Rh  45    9318.94    4.54   6214.12    2.19 -13398.54    9.44  10637.33    2.19   6059.85    2.20   3638.21    2.66
2012,rct2,57,46,103,Pd,7625.35,0.77,False,7993.58,4.53,False,-20515.52,70.64,False,10636.6,6.27,False,2967.24,18.27,False,7385.21,2.32,False, 103 Pd  46    7625.35    0.77   7993.58    4.53 -20515.52   70.64  10636.60    6.27   2967.24   18.27   7385.21    2.32
2012,rct2,56,47,103,Ag,10625.07,9.03,False,4158.26,4.66,False,-28622.0,298.0,True,11341.17,6.0,False,5290.99,18.11,False,6434.33,18.55,False, 103 Ag  47   10625.07    9.03   4158.26    4.66 -28622#    298#    11341.17    6.00   5290.99   18.11   6434.33   18.55
2012,rct2,55,48,103,Cd,9063.78,2.44,False,5694.43,8.36,False,,,False,11393.18,5.16,False,2350.02,5.31,False,10221.63,17.78,False, 103 Cd  48    9063.78    2.44   5694.43    8.36      *             11393.18    5.16   2350.02    5.31  10221.63   17.78
2012,rct2,54,49,103,In,12007.09,10.22,False,2258.95,9.28,False,,,False,11917.75,9.25,False,4429.14,9.28,False,9154.85,10.41,False, 103 In  49   12007.09   10.22   2258.95    9.28      *             11917.75    9.25   4429.14    9.28   9154.85   10.41
2012,rct2,53,50,103,Sn,10107.09,122.49,False,3564.74,70.74,False,,,False,12355.0,306.0,True,2207.51,195.7,False,12871.48,70.61,False, 103 Sn  50   10107.09  122.49   3564.74   70.74      *             12355#    306#     2207.51  195.70  12871.48   70.61
2012,rct2,52,51,103,Sb,,,False,-1466.0,314.0,True,,,False,14838.0,423.0,True,5969.0,424.0,True,13781.0,350.0,True, 103 Sb  51       *             -1466#    314#        *             14838#    423#     5969#    424#    13781#    350#  
2012,rct2,66,38,104,Sr,4755.0,357.0,True,17787.0,499.0,True,36250.0,298.0,True,4311.0,422.0,True,3570.0,368.0,True,-9332.0,585.0,True,0104 Sr  38    4755#    357#    17787#    499#    36250#    298#     4311#    422#     3570#    368#    -9332#    585#  
2012,rct2,65,39,104,Y,3677.0,401.0,True,13931.0,446.0,True,28443.0,401.0,True,9005.0,407.0,True,6362.0,409.0,True,-5606.0,455.0,True, 104 Y   39    3677#    401#    13931#    446#    28443#    401#     9005#    407#     6362#    409#    -5606#    455#  
2012,rct2,64,40,104,Zr,5980.1,13.11,False,14561.44,14.72,False,22363.5,9.89,False,6153.94,10.39,False,4200.82,11.7,False,-4521.84,80.85,False, 104 Zr  40    5980.10   13.11  14561.44   14.72  22363.50    9.89   6153.94   10.39   4200.82   11.70  -4521.84   80.85
2012,rct2,63,41,104,Nb,4871.4,5.31,False,11292.71,9.61,False,15130.51,4.19,False,10479.39,9.16,False,6209.62,8.77,False,-1111.79,7.58,False, 104 Nb  41    4871.40    5.31  11292.71    9.61  15130.51    4.19  10479.39    9.16   6209.62    8.77  -1111.79    7.58
2012,rct2,62,42,104,Mo,7460.45,12.82,False,12619.78,10.0,False,9039.06,9.24,False,6665.49,9.26,False,3396.13,9.93,False,-1538.76,12.21,False, 104 Mo  42    7460.45   12.82  12619.78   10.00   9039.06    9.24   6665.49    9.26   3396.13    9.93  -1538.76   12.21
2012,rct2,61,43,104,Tc,5976.61,26.72,False,8829.37,26.55,False,2609.14,25.28,False,11774.08,26.24,False,5873.27,24.94,False,2027.21,25.22,False, 104 Tc  43    5976.61   26.72   8829.37   26.55   2609.14   25.28  11774.08   26.24   5873.27   24.94   2027.21   25.22
2012,rct2,60,44,104,Ru,8901.41,2.52,False,10780.82,9.49,False,-4125.5,3.06,False,7187.66,8.96,False,3111.38,24.13,False,1069.07,2.53,False, 104 Ru  44    8901.41    2.52  10780.82    9.49  -4125.50    3.06   7187.66    8.96   3111.38   24.13   1069.07    2.53
2012,rct2,59,45,104,Rh,6998.96,0.08,False,6981.03,2.19,False,-10773.03,6.27,False,12858.02,2.19,False,5862.94,2.19,False,5031.77,24.1,False, 104 Rh  45    6998.96    0.08   6981.03    2.19 -10773.03    6.27  12858.02    2.19   5862.94    2.19   5031.77   24.10
2012,rct2,58,46,104,Pd,9981.26,2.86,False,8655.89,2.76,False,-17767.93,5.9,False,8096.26,4.86,False,2879.91,6.01,False,4206.0,1.69,False, 104 Pd  46    9981.26    2.86   8655.89    2.76 -17767.93    5.90   8096.26    4.86   2879.91    6.01   4206.00    1.69
2012,rct2,57,47,104,Ag,8387.35,5.71,False,4920.26,4.92,False,-25945.78,122.48,False,13525.48,4.97,False,5178.39,6.25,False,7940.91,7.22,False, 104 Ag  47    8387.35    5.71   4920.26    4.92 -25945.78  122.48  13525.48    4.97   5178.39    6.25   7940.91    7.22
2012,rct2,56,48,104,Cd,11387.56,2.45,False,6456.92,4.2,False,,,False,8989.1,8.34,False,2230.19,5.12,False,7108.82,4.9,False, 104 Cd  48   11387.56    2.45   6456.92    4.20      *              8989.10    8.34   2230.19    5.12   7108.82    4.90
2012,rct2,55,49,104,In,9624.47,10.8,False,2819.64,6.05,False,,,False,14187.68,6.01,False,4517.85,5.96,False,10798.11,7.53,False, 104 In  49    9624.47   10.80   2819.64    6.05      *             14187.68    6.01   4517.85    5.96  10798.11    7.53
2012,rct2,54,50,104,Sn,12728.84,70.83,False,4286.5,10.78,False,,,False,9777.51,7.35,False,1851.0,298.0,True,9855.82,5.94,False, 104 Sn  50   12728.84   70.83   4286.50   10.78      *              9777.51    7.35   1851#    298#     9855.82    5.94
2012,rct2,53,51,104,Sb,11063.0,322.0,True,-510.0,100.0,False,,,False,16474.01,158.13,False,5999.14,324.02,False,15090.0,322.0,True, 104 Sb  51   11063#    322#     -510.00  100.00      *             16474.01  158.13   5999.14  324.02  15090#    322#  
2012,rct2,67,38,105,Sr,2576.0,585.0,True,,,False,38733.0,503.0,True,5709.0,643.0,True,3961.0,585.0,True,,,False,0105 Sr  38    2576#    585#        *             38733#    503#     5709#    643#     3961#    585#        *           
2012,rct2,66,39,105,Y,4830.0,643.0,True,14005.0,585.0,True,31471.0,504.0,True,7311.0,540.0,True,6400.0,508.0,True,-7469.0,585.0,True, 105 Y   39    4830#    643#    14005#    585#    31471#    504#     7311#    540#     6400#    508#    -7469#    585#  
2012,rct2,65,40,105,Zr,3812.05,15.28,False,14696.0,401.0,True,24461.55,12.56,False,7697.61,16.64,False,4566.46,12.96,False,-3466.19,71.19,False, 105 Zr  40    3812.05   15.28  14696#    401#    24461.55   12.56   7697.61   16.64   4566.46   12.96  -3466.19   71.19
2012,rct2,64,41,105,Nb,6158.05,5.38,False,11470.65,10.41,False,17938.64,4.8,False,8620.34,10.33,False,6545.9,9.91,False,-3092.14,5.82,False, 105 Nb  41    6158.05    5.38  11470.65   10.41  17938.64    4.80   8620.34   10.33   6545.90    9.91  -3092.14    5.82
2012,rct2,63,42,105,Mo,5058.64,12.7,False,12807.02,9.45,False,11074.52,9.37,False,8392.67,10.14,False,3831.42,9.4,False,-103.07,12.6,False, 105 Mo  42    5058.64   12.70  12807.02    9.45  11074.52    9.37   8392.67   10.14   3831.42    9.40   -103.07   12.60
2012,rct2,62,43,105,Tc,7857.08,43.14,False,9226.0,36.38,False,4777.88,35.58,False,9384.64,36.46,False,6141.57,36.23,False,-335.95,35.36,False, 105 Tc  43    7857.08   43.14   9226.00   36.38   4777.88   35.58   9384.64   36.46   6141.57   36.23   -335.95   35.36
2012,rct2,61,44,105,Ru,5910.1,0.11,False,10714.3,24.98,False,-1598.68,2.92,False,9380.18,9.49,False,3502.13,8.96,False,3284.35,8.85,False, 105 Ru  44    5910.10    0.11  10714.30   24.98  -1598.68    2.92   9380.18    9.49   3502.13    8.96   3284.35    8.85
2012,rct2,60,45,105,Rh,8966.18,3.43,False,7045.79,2.88,False,-8209.98,10.55,False,10123.89,2.64,False,6116.41,2.64,False,2366.44,9.33,False, 105 Rh  45    8966.18    3.43   7045.79    2.88  -8209.98   10.55  10123.89    2.64   6116.41    2.64   2366.44    9.33
2012,rct2,59,46,105,Pd,7094.1,0.7,False,8751.04,2.67,False,-15079.77,4.13,False,10321.1,2.67,False,3226.72,4.81,False,6331.54,1.54,False, 105 Pd  46    7094.10    0.70   8751.04    2.67 -15079.77    4.13  10321.10    2.67   3226.72    4.81   6331.54    1.54
2012,rct2,58,47,105,Ag,10025.82,6.19,False,4964.82,4.72,False,-23054.74,22.01,False,11125.01,5.21,False,5724.22,5.25,False,5356.0,6.53,False, 105 Ag  47   10025.82    6.19   4964.82    4.72 -23054.74   22.01  11125.01    5.21   5724.22    5.25   5356.00    6.53
2012,rct2,57,48,105,Cd,8436.92,2.18,False,6506.49,4.44,False,-31522.33,300.02,False,11177.26,4.09,False,2776.75,8.29,False,9243.56,2.98,False, 105 Cd  48    8436.92    2.18   6506.49    4.44 -31522.33  300.02  11177.26    4.09   2776.75    8.29   9243.56    2.98
2012,rct2,56,49,105,In,11529.22,11.76,False,2961.31,10.38,False,,,False,11722.23,10.4,False,4883.02,10.38,False,8252.36,13.11,False, 105 In  49   11529.22   11.76   2961.31   10.38      *             11722.23   10.40   4883.02   10.38   8252.36   13.11
2012,rct2,55,50,105,Sn,9782.26,6.98,False,4444.29,7.01,False,,,False,12002.34,9.95,False,2219.81,6.07,False,11967.95,4.31,False, 105 Sn  50    9782.26    6.98   4444.29    7.01      *             12002.34    9.95   2219.81    6.07  11967.95    4.31
2012,rct2,54,51,105,Sb,12916.86,124.29,False,-321.98,22.19,False,,,False,13664.23,73.8,False,5781.71,102.4,False,12324.06,22.02,False, 105 Sb  51   12916.86  124.29   -321.98   22.19      *             13664.23   73.80   5781.71  102.40  12324.06   22.02
2012,rct2,53,52,105,Te,,,False,929.94,324.03,False,,,False,14078.0,423.0,True,,,False,17768.64,316.28,False, 105 Te  52       *               929.94  324.03      *             14078#    423#        *             17768.64  316.28
2012,rct2,68,38,106,Sr,4251.0,783.0,True,,,False,41350.0,600.0,True,,,False,3682.0,721.0,True,,,False,0106 Sr  38    4251#    783#        *             41350#    600#        *              3682#    721#        *           
2012,rct2,67,39,106,Y,3302.0,711.0,True,14732.0,711.0,True,33722.0,503.0,True,8764.0,585.0,True,6233.0,540.0,True,-6798.0,643.0,True, 106 Y   39    3302#    711#    14732#    711#    33722#    503#     8764#    585#     6233#    540#    -6798#    643#  
2012,rct2,66,40,106,Zr,5508.0,196.0,True,15374.0,540.0,True,27415.0,196.0,True,5867.0,446.0,True,4414.0,196.0,True,-5839.0,277.0,True, 106 Zr  40    5508#    196#    15374#    540#    27415#    196#     5867#    446#     4414#    196#    -5839#    277#  
2012,rct2,65,41,106,Nb,4359.09,5.73,False,12017.69,13.01,False,20162.11,6.82,False,10241.35,10.45,False,6485.82,10.36,False,-2095.52,11.98,False, 106 Nb  41    4359.09    5.73  12017.69   13.01  20162.11    6.82  10241.35   10.45   6485.82   10.36  -2095.52   11.98
2012,rct2,64,42,106,Mo,6868.9,12.86,False,13517.88,10.25,False,13766.59,9.45,False,6395.17,9.52,False,3748.34,10.22,False,-2672.97,12.98,False, 106 Mo  42    6868.90   12.86  13517.88   10.25  13766.59    9.45   6395.17    9.52   3748.34   10.22  -2672.97   12.98
2012,rct2,63,43,106,Tc,5553.75,37.32,False,9721.12,15.38,False,7166.88,12.55,False,11291.34,15.28,False,6055.45,15.48,False,896.12,12.88,False, 106 Tc  43    5553.75   37.32   9721.12   15.38   7166.88   12.55  11291.34   15.28   6055.45   15.48    896.12   12.88
2012,rct2,62,44,106,Ru,8461.19,5.49,False,11318.41,35.66,False,809.63,5.34,False,6895.61,25.48,False,3143.56,10.96,False,290.8,10.89,False, 106 Ru  44    8461.19    5.49  11318.41   35.66    809.63    5.34   6895.61   25.48   3143.56   10.96    290.80   10.89
2012,rct2,61,45,106,Rh,6582.56,5.69,False,7718.24,5.49,False,-5753.78,13.3,False,12442.75,5.49,False,5765.9,5.45,False,3886.5,10.96,False, 106 Rh  45    6582.56    5.69   7718.24    5.49  -5753.78   13.30  12442.75    5.49   5765.90    5.45   3886.50   10.96
2012,rct2,60,46,106,Pd,9560.96,0.28,False,9345.82,2.36,False,-12553.72,5.21,False,7759.09,2.66,False,2984.7,2.66,False,3002.63,1.52,False, 106 Pd  46    9560.96    0.28   9345.82    2.36 -12553.72    5.21   7759.09    2.66   2984.70    2.66   3002.63    1.52
2012,rct2,59,47,106,Ag,7942.75,5.44,False,5813.47,2.83,False,-20468.97,8.04,False,13163.52,2.91,False,5406.83,3.93,False,6732.19,3.86,False, 106 Ag  47    7942.75    5.44   5813.47    2.83 -20468.97    8.04  13163.52    2.91   5406.83    3.93   6732.19    3.86
2012,rct2,58,48,106,Cd,10869.49,1.77,False,7350.16,4.66,False,-28913.33,100.55,False,8695.11,4.07,False,2532.33,4.0,False,5999.42,2.76,False, 106 Cd  48   10869.49    1.77   7350.16    4.66 -28913.33  100.55   8695.11    4.07   2532.33    4.00   5999.42    2.76
2012,rct2,57,49,106,In,9038.76,15.95,False,3563.14,12.3,False,,,False,14071.03,12.34,False,4908.04,12.36,False,9838.68,12.82,False, 106 In  49    9038.76   15.95   3563.14   12.30      *             14071.03   12.34   4908.04   12.36   9838.68   12.82
2012,rct2,56,50,106,Sn,12087.01,6.46,False,5002.08,11.44,False,,,False,9539.79,7.7,False,2139.89,10.45,False,8944.72,5.4,False, 106 Sn  50   12087.01    6.46   5002.08   11.44      *              9539.79    7.70   2139.89   10.45   8944.72    5.40
2012,rct2,55,51,106,Sb,10528.52,22.79,False,424.28,8.44,False,,,False,15864.56,9.41,False,5360.28,70.98,False,13802.63,11.78,False, 106 Sb  51   10528.52   22.79    424.28    8.44      *             15864.56    9.41   5360.28   70.98  13802.63   11.78
2012,rct2,54,52,106,Te,13478.5,316.42,False,1491.57,102.82,False,,,False,11662.66,158.4,False,2824.0,315.0,True,14397.23,122.85,False, 106 Te  52   13478.50  316.42   1491.57  102.82      *             11662.66  158.40   2824#    315#    14397.23  122.85
2012,rct2,69,38,107,Sr,2181.0,922.0,True,,,False,43658.0,700.0,True,,,False,,,False,,,False,0107 Sr  38    2181#    922#        *             43658#    700#        *                 *                 *           
2012,rct2,68,39,107,Y,4383.0,711.0,True,14863.0,783.0,True,36384.0,503.0,True,6957.0,711.0,True,6606.0,585.0,True,,,False, 107 Y   39    4383#    711#    14863#    783#    36384#    503#     6957#    711#     6606#    585#        *           
2012,rct2,67,40,107,Zr,3432.0,357.0,True,15505.0,585.0,True,29592.0,298.0,True,7264.0,585.0,True,4659.0,499.0,True,-4516.0,422.0,True, 107 Zr  40    3432#    357#    15505#    585#    29592#    298#     7264#    585#     4659#    499#    -4516#    422#  
2012,rct2,66,41,107,Nb,5591.73,9.0,False,12101.0,196.0,True,23143.75,14.51,False,8461.67,14.72,False,6874.18,12.51,False,-4010.0,401.0,True, 107 Nb  41    5591.73    9.00  12101#    196#    23143.75   14.51   8461.67   14.72   6874.18   12.51  -4010#    401#  
2012,rct2,65,42,107,Mo,4488.41,12.98,False,13647.2,10.38,False,15814.61,9.55,False,8064.81,10.34,False,4131.33,9.61,False,-1181.28,13.11,False, 107 Mo  42    4488.41   12.98  13647.20   10.38  15814.61    9.55   8064.81   10.34   4131.33    9.61  -1181.28   13.11
2012,rct2,64,43,107,Tc,7043.84,14.83,False,9896.05,12.79,False,9658.69,8.99,False,9306.14,12.72,False,6472.07,12.6,False,-1276.32,9.34,False, 107 Tc  43    7043.84   14.83   9896.05   12.79   9658.69    8.99   9306.14   12.72   6472.07   12.60  -1276.32    9.34
2012,rct2,63,44,107,Ru,5609.43,9.95,False,11374.09,14.83,False,3129.75,8.85,False,9143.25,36.26,False,3510.74,26.33,False,2141.82,12.6,False, 107 Ru  44    5609.43    9.95  11374.09   14.83   3129.75    8.85   9143.25   36.26   3510.74   26.33   2141.82   12.60
2012,rct2,62,45,107,Rh,8573.38,13.2,False,7830.44,13.2,False,-3299.61,16.4,False,9779.47,12.32,False,6093.93,12.32,False,1289.73,27.69,False, 107 Rh  45    8573.38   13.20   7830.44   13.20  -3299.61   16.40   9779.47   12.32   6093.93   12.32   1289.73   27.69
2012,rct2,61,46,107,Pd,6536.43,0.5,False,9299.7,5.36,False,-9860.29,5.44,False,10188.84,2.41,False,3447.23,2.7,False,5367.62,2.69,False, 107 Pd  46    6536.43    0.50   9299.70    5.36  -9860.29    5.44  10188.84    2.41   3447.23    2.70   5367.62    2.69
2012,rct2,60,47,107,Ag,9535.65,3.56,False,5788.16,2.33,False,-17753.37,4.78,False,10721.97,2.34,False,5852.44,2.45,False,4195.5,3.4,False, 107 Ag  47    9535.65    3.56   5788.16    2.33 -17753.37    4.78  10721.97    2.34   5852.44    2.45   4195.50    3.40
2012,rct2,59,48,107,Cd,7929.55,1.94,False,7336.96,3.39,False,-26453.92,70.78,False,10791.39,4.82,False,2990.13,4.51,False,8051.13,2.08,False, 107 Cd  48    7929.55    1.94   7336.96    3.39 -26453.92   70.78  10791.39    4.82   2990.13    4.51   8051.13    2.08
2012,rct2,58,49,107,In,11027.55,16.52,False,3721.2,11.17,False,-33990.0,298.0,True,11480.4,11.21,False,5268.04,11.25,False,7198.48,11.89,False, 107 In  49   11027.55   16.52   3721.20   11.17 -33990#    298#    11480.40   11.21   5268.04   11.25   7198.48   11.89
2012,rct2,57,50,107,Sn,9229.86,7.36,False,5193.19,13.33,False,,,False,11839.15,11.54,False,2534.49,7.85,False,11102.41,5.57,False, 107 Sn  50    9229.86    7.36   5193.19   13.33      *             11839.15   11.54   2534.49    7.85  11102.41    5.57
2012,rct2,56,51,107,Sb,12251.25,8.53,False,588.51,6.57,False,,,False,13395.57,5.74,False,5837.87,7.09,False,11175.84,7.11,False, 107 Sb  51   12251.25    8.53    588.51    6.57      *             13395.57    5.74   5837.87    7.09  11175.84    7.11
2012,rct2,55,52,107,Te,10388.96,122.95,False,1352.01,71.16,False,,,False,14190.57,73.97,False,3498.27,100.12,False,16737.11,71.0,False, 107 Te  52   10388.96  122.95   1352.01   71.16      *             14190.57   73.97   3498.27  100.12  16737.11   71.00
2012,rct2,54,53,107,I,,,False,-1356.0,315.0,True,,,False,13948.0,423.0,True,,,False,15243.0,322.0,True, 107 I   53       *             -1356#    315#        *             13948#    423#        *             15243#    322#  
2012,rct2,69,39,108,Y,3004.0,780.0,True,15686.0,919.0,True,38624.0,596.0,True,8204.0,846.0,True,6177.0,780.0,True,,,False,0108 Y   39    3004#    780#    15686#    919#    38624#    596#     8204#    846#     6177#    780#        *           
2012,rct2,68,40,108,Zr,5156.0,499.0,True,16278.0,643.0,True,32306.0,401.0,True,5411.0,643.0,True,4333.0,643.0,True,-7096.0,643.0,True, 108 Zr  40    5156#    499#    16278#    643#    32306#    401#     5411#    643#     4333#    643#    -7096#    643#  
2012,rct2,67,41,108,Nb,3897.18,11.55,False,12566.0,298.0,True,25485.96,16.2,False,10073.0,196.0,True,6789.05,14.8,False,-3077.0,503.0,True, 108 Nb  41    3897.18   11.55  12566#    298#    25485.96   16.20  10073#    196#     6789.05   14.80  -3077#    503#  
2012,rct2,66,42,108,Mo,6275.76,13.04,False,14331.22,12.46,False,18762.01,9.55,False,6148.14,10.38,False,4013.62,10.35,False,-3644.98,15.22,False, 108 Mo  42    6275.76   13.04  14331.22   12.46  18762.01    9.55   6148.14   10.38   4013.62   10.35  -3644.98   15.22
2012,rct2,65,43,108,Tc,5244.16,11.79,False,10651.81,12.92,False,11685.94,9.08,False,10930.88,12.85,False,6286.54,12.78,False,-362.43,9.65,False, 108 Tc  43    5244.16   11.79  10651.81   12.92  11685.94    9.08  10930.88   12.85   6286.54   12.78   -362.43    9.65
2012,rct2,64,44,108,Ru,7870.14,11.72,False,12200.39,11.72,False,5593.23,8.77,False,6826.87,14.83,False,3497.68,36.27,False,-669.68,12.72,False, 108 Ru  44    7870.14   11.72  12200.39   11.72   5593.23    8.77   6826.87   14.83   3497.68   36.27   -669.68   12.72
2012,rct2,63,45,108,Rh,6239.38,18.47,False,8460.39,16.48,False,-911.98,16.45,False,12001.27,15.0,False,5764.65,14.23,False,2907.43,37.96,False, 108 Rh  45    6239.38   18.47   8460.39   16.48   -911.98   16.45  12001.27   15.00   5764.65   14.23   2907.43   37.96
2012,rct2,62,46,108,Pd,9223.16,1.64,False,9949.48,12.0,False,-7454.42,5.49,False,7548.23,5.51,False,3190.24,2.74,False,2054.56,2.8,False, 108 Pd  46    9223.16    1.64   9949.48   12.00  -7454.42    5.49   7548.23    5.51   3190.24    2.74   2054.56    2.80
2012,rct2,61,47,108,Ag,7271.41,0.17,False,6523.14,2.32,False,-15161.36,5.99,False,13011.52,2.33,False,5675.13,2.35,False,5890.26,3.29,False, 108 Ag  47    7271.41    0.17   6523.14    2.32 -15161.36    5.99  13011.52    2.33   5675.13    2.35   5890.26    3.29
2012,rct2,60,48,108,Cd,10333.62,2.01,False,8134.93,2.63,False,-23470.88,5.53,False,8400.52,3.22,False,2682.33,4.68,False,4811.61,1.6,False, 108 Cd  48   10333.62    2.01   8134.93    2.63 -23470.88    5.53   8400.52    3.22   2682.33    4.68   4811.61    1.60
2012,rct2,59,49,108,In,8627.01,14.09,False,4418.66,8.8,False,-31473.41,132.51,False,13722.88,8.71,False,5077.95,8.75,False,8597.29,9.76,False, 108 In  49    8627.01   14.09   4418.66    8.80 -31473.41  132.51  13722.88    8.71   5077.95    8.75   8597.29    9.76
2012,rct2,58,50,108,Sn,11629.03,7.56,False,5794.67,12.36,False,,,False,9248.88,13.36,False,2434.68,11.57,False,7910.3,5.56,False, 108 Sn  50   11629.03    7.56   5794.67   12.36      *              9248.88   13.36   2434.68   11.57   7910.30    5.56
2012,rct2,57,51,108,Sb,9863.42,6.89,False,1222.07,7.64,False,,,False,15619.16,7.49,False,5756.71,6.78,False,12841.64,11.63,False, 108 Sb  51    9863.42    6.89   1222.07    7.64      *             15619.16    7.49   5756.71    6.78  12841.64   11.63
2012,rct2,56,52,108,Te,13316.66,70.97,False,2417.42,6.82,False,,,False,11402.43,9.21,False,3098.47,20.85,False,13202.72,6.71,False, 108 Te  52   13316.66   70.97   2417.42    6.82      *             11402.43    9.21   3098.47   20.85  13202.72    6.71
2012,rct2,55,53,108,I,11144.0,326.0,True,-600.83,111.91,False,,,False,16282.97,166.11,False,5029.04,327.86,False,17015.96,133.97,False, 108 I   53   11144#    326#     -600.83  111.91      *             16282.97  166.11   5029.04  327.86  17015.96  133.97
2012,rct2,70,39,109,Y,3975.0,919.0,True,,,False,41080.0,700.0,True,6410.0,989.0,True,6454.0,922.0,True,,,False,0109 Y   39    3975#    919#        *             41080#    700#     6410#    989#     6454#    922#        *           
2012,rct2,69,40,109,Zr,2911.0,643.0,True,16185.0,780.0,True,34544.0,503.0,True,6882.0,711.0,True,4724.0,711.0,True,-5756.0,783.0,True, 109 Zr  40    2911#    643#    16185#    780#    34544#    503#     6882#    711#     4724#    711#    -5756#    783#  
2012,rct2,68,41,109,Nb,5145.28,525.43,False,12556.0,661.0,True,28379.99,525.38,False,8360.0,604.0,True,7152.0,561.0,True,-4920.0,727.0,True, 109 Nb  41    5145.28  525.43  12556#    661#    28379.99  525.38   8360#    604#     7152#    561#    -4920#    727#  
2012,rct2,67,42,109,Mo,3981.43,14.49,False,14415.47,14.06,False,20934.17,11.45,False,7758.44,13.97,False,4391.27,12.16,False,-2118.0,196.0,True, 109 Mo  42    3981.43   14.49  14415.47   14.06  20934.17   11.45   7758.44   13.97   4391.27   12.16  -2118#    196#  
2012,rct2,66,43,109,Tc,6431.3,12.53,False,10807.35,13.55,False,14439.16,9.78,False,8987.99,13.55,False,6724.15,13.48,False,-2434.64,10.51,False, 109 Tc  43    6431.30   12.53  10807.35   13.55  14439.16    9.78   8987.99   13.55   6724.15   13.48  -2434.64   10.51
2012,rct2,65,44,109,Ru,5148.35,11.92,False,12104.58,11.99,False,7768.01,9.11,False,8722.36,11.92,False,3903.09,15.0,False,1050.87,12.98,False, 109 Ru  44    5148.35   11.92  12104.58   11.99   7768.01    9.11   8722.36   11.92   3903.09   15.00   1050.87   12.98
2012,rct2,64,45,109,Rh,8039.32,14.55,False,8629.58,9.6,False,1488.01,5.72,False,9571.38,9.59,False,6186.51,6.75,False,421.86,12.9,False, 109 Rh  45    8039.32   14.55   8629.58    9.60   1488.01    5.72   9571.38    9.59   6186.51    6.75    421.86   12.90
2012,rct2,63,46,109,Pd,6153.59,0.15,False,9863.68,14.04,False,-4975.72,8.03,False,9968.03,12.0,False,3619.21,5.51,False,4362.15,5.51,False, 109 Pd  46    6153.59    0.15   9863.68   14.04  -4975.72    8.03   9968.03   12.00   3619.21    5.51   4362.15    5.51
2012,rct2,62,47,109,Ag,9184.51,2.72,False,6484.49,1.41,False,-12468.83,5.42,False,10363.44,1.78,False,6051.58,1.71,False,3288.31,5.55,False, 109 Ag  47    9184.51    2.72   6484.49    1.41 -12468.83    5.42  10363.44    1.78   6051.58    1.71   3288.31    5.55
2012,rct2,61,48,109,Cd,7323.13,1.83,False,8186.65,2.84,False,-20788.97,4.64,False,10613.04,2.84,False,3301.95,3.39,False,7049.44,1.89,False, 109 Cd  48    7323.13    1.83   8186.65    2.84 -20788.97    4.64  10613.04    2.84   3301.95    3.39   7049.44    1.89
2012,rct2,60,49,109,In,10439.31,9.45,False,4524.35,3.96,False,-28814.75,7.0,False,11213.12,4.36,False,5508.14,4.17,False,6100.73,5.03,False, 109 In  49   10439.31    9.45   4524.35    3.96 -28814.75    7.00  11213.12    4.36   5508.14    4.17   6100.73    5.03
2012,rct2,59,50,109,Sn,8632.29,9.61,False,5799.94,11.75,False,-36461.29,300.21,False,11644.14,13.68,False,2841.15,14.59,False,10147.5,8.03,False, 109 Sn  50    8632.29    9.61   5799.94   11.75 -36461.29  300.21  11644.14   13.68   2841.15   14.59  10147.50    8.03
2012,rct2,58,51,109,Sb,11877.04,7.61,False,1470.08,7.53,False,,,False,12971.98,7.48,False,5966.68,7.32,False,10003.36,13.31,False, 109 Sb  51   11877.04    7.61   1470.08    7.53      *             12971.98    7.48   5966.68    7.32  10003.36   13.31
2012,rct2,57,52,109,Te,10005.04,6.96,False,2559.03,7.03,False,,,False,13648.64,6.03,False,3621.96,8.65,False,15284.69,6.72,False, 109 Te  52   10005.04    6.96   2559.03    7.03      *             13648.64    6.03   3621.96    8.65  15284.69    6.72
2012,rct2,56,53,109,I,13097.97,132.35,False,-819.52,1.86,False,,,False,13573.95,71.0,False,5409.56,100.7,False,14446.51,9.39,False, 109 I   53   13097.97  132.35   -819.52    1.86      *             13573.95   71.00   5409.56  100.70  14446.51    9.39
2012,rct2,55,54,109,Xe,,,False,812.07,327.94,False,,,False,14115.0,423.0,True,,,False,17695.46,316.5,False, 109 Xe  54       *               812.07  327.94      *             14115#    423#        *             17695.46  316.50
2012,rct2,70,40,110,Zr,4765.0,780.0,True,16975.0,919.0,True,37185.0,596.0,True,5122.0,843.0,True,4342.0,780.0,True,-8340.0,919.0,True,0110 Zr  40    4765#    780#    16975#    919#    37185#    596#     5122#    843#     4342#    780#    -8340#    919#  
2012,rct2,69,41,110,Nb,3587.0,561.0,True,13232.0,540.0,True,30693.0,196.0,True,9928.0,446.0,True,6997.0,357.0,True,-4125.0,540.0,True, 110 Nb  41    3587#    561#    13232#    540#    30693#    196#     9928#    446#     6997#    357#    -4125#    540#  
2012,rct2,68,42,110,Mo,5947.96,26.67,False,15218.15,525.93,False,23782.41,24.33,False,5707.66,25.68,False,4035.04,25.63,False,-4634.0,299.0,True, 110 Mo  42    5947.96   26.67  15218.15  525.93  23782.41   24.33   5707.66   25.68   4035.04   25.63  -4634#    299#  
2012,rct2,67,43,110,Tc,4823.03,13.04,False,11648.95,14.84,False,16425.32,9.61,False,10440.71,13.43,False,6389.52,13.43,False,-1665.94,12.43,False, 110 Tc  43    4823.03   13.04  11648.95   14.84  16425.32    9.61  10440.71   13.43   6389.52   13.43  -1665.94   12.43
2012,rct2,66,44,110,Ru,7405.54,12.11,False,13078.82,12.65,False,10278.19,8.96,False,6560.98,11.98,False,3541.38,11.91,False,-1866.27,13.03,False, 110 Ru  44    7405.54   12.11  13078.82   12.65  10278.19    8.96   6560.98   11.98   3541.38   11.91  -1866.27   13.03
2012,rct2,65,45,110,Rh,5900.37,18.25,False,9381.6,19.9,False,3641.79,21.22,False,11541.15,19.78,False,5895.58,19.77,False,1565.33,19.77,False, 110 Rh  45    5900.37   18.25   9381.60   19.90   3641.79   21.22  11541.15   19.78   5895.58   19.77   1565.33   19.77
2012,rct2,64,46,110,Pd,8796.21,1.28,False,10620.57,4.03,False,-2489.54,13.79,False,7411.2,14.01,False,3396.38,12.07,False,1175.37,8.72,False, 110 Pd  46    8796.21    1.28  10620.57    4.03  -2489.54   13.79   7411.20   14.01   3396.38   12.07   1175.37    8.72
2012,rct2,63,47,110,Ag,6809.19,0.1,False,7140.1,1.41,False,-10008.03,6.1,False,12777.41,1.41,False,5778.81,1.78,False,5052.5,12.08,False, 110 Ag  47    6809.19    0.10   7140.10    1.41 -10008.03    6.10  12777.41    1.41   5778.81    1.78   5052.50   12.08
2012,rct2,62,48,110,Cd,9915.72,1.61,False,8917.85,1.29,False,-18118.94,6.6,False,7968.73,2.45,False,2921.89,2.45,False,3670.15,1.33,False, 110 Cd  48    9915.72    1.61   8917.85    1.29 -18118.94    6.60   7968.73    2.45   2921.89    2.45   3670.15    1.33
2012,rct2,61,49,110,In,8054.15,12.25,False,5255.37,11.66,False,-26006.59,51.86,False,13492.59,11.61,False,5383.54,11.68,False,7582.23,11.8,False, 110 In  49    8054.15   12.25   5255.37   11.66 -26006.59   51.86  13492.59   11.61   5383.54   11.68   7582.23   11.80
2012,rct2,60,50,110,Sn,11282.39,15.91,False,6643.02,14.35,False,-33923.4,102.04,False,8988.76,16.26,False,2586.32,17.71,False,6794.67,13.88,False, 110 Sn  50   11282.39   15.91   6643.02   14.35 -33923.40  102.04   8988.76   16.26   2586.32   17.71   6794.67   13.88
2012,rct2,59,51,110,Sb,9270.0,7.95,False,2107.79,9.94,False,,,False,15331.02,8.03,False,5926.55,7.98,False,11760.92,12.62,False, 110 Sb  51    9270.00    7.95   2107.79    9.94      *             15331.02    8.03   5926.55    7.98  11760.92   12.62
2012,rct2,58,52,110,Te,12585.75,7.9,False,3267.74,8.42,False,,,False,10926.31,8.57,False,3287.45,7.77,False,11928.81,8.45,False, 110 Te  52   12585.75    7.90   3267.74    8.42      *             10926.31    8.57   3287.45    7.77  11928.81    8.45
2012,rct2,57,53,110,I,10862.31,50.87,False,37.76,50.74,False,,,False,16028.3,50.84,False,4936.21,86.97,False,15835.45,50.72,False, 110 I   53   10862.31   50.87     37.76   50.74      *             16028.30   50.84   4936.21   86.97  15835.45   50.72
2012,rct2,56,54,110,Xe,13820.28,316.68,False,1534.37,101.27,False,,,False,11438.75,166.45,False,2520.0,315.0,True,14264.15,123.41,False, 110 Xe  54   13820.28  316.68   1534.37  101.27      *             11438.75  166.45   2520#    315#    14264.15  123.41
2012,rct2,71,40,111,Zr,2745.0,919.0,True,,,False,39223.0,700.0,True,6351.0,989.0,True,4601.0,919.0,True,,,False,0111 Zr  40    2745#    919#        *             39223#    700#     6351#    989#     4601#    919#        *           
2012,rct2,70,41,111,Nb,4811.0,357.0,True,13278.0,667.0,True,33429.0,298.0,True,8028.0,585.0,True,7342.0,499.0,True,-5932.0,667.0,True, 111 Nb  41    4811#    357#    13278#    667#    33429#    298#     8028#    585#     7342#    499#    -5932#    667#  
2012,rct2,69,42,111,Mo,3459.88,27.39,False,15091.0,196.0,True,26048.84,12.62,False,7393.06,525.51,False,4472.35,15.05,False,-2938.0,401.0,True, 111 Mo  42    3459.88   27.39  15091#    196#    26048.84   12.62   7393.06  525.51   4472.35   15.05  -2938#    401#  
2012,rct2,68,43,111,Tc,6061.41,13.72,False,11762.39,26.53,False,19193.74,10.71,False,8360.74,15.56,False,6603.87,14.22,False,-3830.17,13.42,False, 111 Tc  43    6061.41   13.72  11762.39   26.53  19193.74   10.71   8360.74   15.56   6603.87   14.22  -3830.17   13.42
2012,rct2,67,44,111,Ru,4783.93,12.65,False,13039.71,13.04,False,12469.9,9.72,False,8208.35,13.17,False,4001.62,12.53,False,-374.43,13.56,False, 111 Ru  44    4783.93   12.65  13039.71   13.04  12469.90    9.72   8208.35   13.17   4001.62   12.53   -374.43   13.56
2012,rct2,66,45,111,Rh,7547.0,19.08,False,9523.05,11.27,False,6086.24,7.69,False,9142.5,11.29,False,6218.72,11.07,False,-737.51,11.14,False, 111 Rh  45    7547.00   19.08   9523.05   11.27   6086.24    7.69   9142.50   11.29   6218.72   11.07   -737.51   11.14
2012,rct2,65,46,111,Pd,5726.3,0.4,False,10446.5,17.8,False,-46.99,5.38,False,9724.22,4.05,False,3909.47,14.02,False,3319.21,8.74,False, 111 Pd  46    5726.30    0.40  10446.50   17.80    -46.99    5.38   9724.22    4.05   3909.47   14.02   3319.21    8.74
2012,rct2,64,47,111,Ag,8829.84,1.92,False,7173.72,1.52,False,-7379.54,8.98,False,10101.16,1.86,False,6172.14,1.86,False,2462.04,14.07,False, 111 Ag  47    8829.84    1.92   7173.72    1.52  -7379.54    8.98  10101.16    1.86   6172.14    1.86   2462.04   14.07
2012,rct2,63,48,111,Cd,6975.63,0.17,False,9084.29,1.3,False,-15665.6,6.45,False,10177.61,1.3,False,3217.66,2.45,False,5917.68,1.2,False, 111 Cd  48    6975.63    0.17   9084.29    1.30 -15665.60    6.45  10177.61    1.30   3217.66    2.45   5917.68    1.20
2012,rct2,62,49,111,In,9991.45,12.07,False,5331.11,3.5,False,-23437.09,5.91,False,10824.27,3.7,False,5725.7,3.74,False,4862.19,4.25,False, 111 In  49    9991.45   12.07   5331.11    3.50 -23437.09    5.91  10824.27    3.70   5725.70    3.74   4862.19    4.25
2012,rct2,61,50,111,Sn,8168.85,14.78,False,6757.72,12.72,False,-31546.98,86.81,False,11259.22,6.72,False,3044.48,10.17,False,8959.43,5.47,False, 111 Sn  50    8168.85   14.78   6757.72   12.72 -31546.98   86.81  11259.22    6.72   3044.48   10.17   8959.43    5.47
2012,rct2,60,51,111,Sb,11458.32,10.67,False,2283.72,16.37,False,,,False,12504.98,11.9,False,6097.26,10.36,False,8929.61,12.37,False, 111 Sb  51   11458.32   10.67   2283.72   16.37      *             12504.98   11.90   6097.26   10.36   8929.61   12.37
2012,rct2,59,52,111,Te,9428.97,9.19,False,3426.71,8.77,False,,,False,13374.38,8.31,False,3721.91,8.46,False,14128.87,8.38,False, 111 Te  52    9428.97    9.19   3426.71    8.77      *             13374.38    8.31   3721.91    8.46  14128.87    8.38
2012,rct2,58,53,111,I,12560.95,50.78,False,12.96,8.11,False,,,False,13472.39,6.47,False,5691.92,7.2,False,13137.92,7.27,False, 111 I   53   12560.95   50.78     12.96    8.11      *             13472.39    6.47   5691.92    7.20  13137.92    7.27
2012,rct2,57,54,111,Xe,10545.27,133.15,False,1217.33,100.32,False,,,False,13991.45,86.83,False,3118.05,122.57,False,17035.54,86.82,False, 111 Xe  54   10545.27  133.15   1217.33  100.32      *             13991.45   86.83   3118.05  122.57  17035.54   86.82
2012,rct2,72,40,112,Zr,4322.0,989.0,True,,,False,41818.0,700.0,True,,,False,4254.0,989.0,True,,,False,0112 Zr  40    4322#    989#        *             41818#    700#        *              4254#    989#        *           
2012,rct2,71,41,112,Nb,3470.0,422.0,True,14003.0,760.0,True,35459.0,301.0,True,9323.0,667.0,True,6783.0,585.0,True,-5427.0,760.0,True, 112 Nb  41    3470#    422#    14003#    760#    35459#    301#     9323#    667#     6783#    585#    -5427#    760#  
2012,rct2,70,42,112,Mo,5598.0,196.0,True,15877.0,357.0,True,28858.0,196.0,True,5383.0,277.0,True,4020.0,561.0,True,-5625.0,540.0,True, 112 Mo  42    5598#    196#    15877#    357#    28858#    196#     5383#    277#     4020#    561#    -5625#    540#  
2012,rct2,69,43,112,Tc,4303.84,11.93,False,12606.35,13.73,False,21328.66,6.12,False,10004.86,24.96,False,6281.47,12.7,False,-2988.72,525.39,False, 112 Tc  43    4303.84   11.93  12606.35   13.73  21328.66    6.12  10004.86   24.96   6281.47   12.70  -2988.72  525.39
2012,rct2,68,44,112,Ru,6916.84,13.11,False,13895.15,13.79,False,14947.09,9.64,False,6114.54,12.98,False,3516.07,13.11,False,-3309.84,14.91,False, 112 Ru  44    6916.84   13.11  13895.15   13.79  14947.09    9.64   6114.54   12.98   3516.07   13.11  -3309.84   14.91
2012,rct2,67,45,112,Rh,5499.54,44.6,False,10238.67,45.14,False,8258.19,44.29,False,11048.5,44.98,False,5867.52,44.99,False,194.24,45.14,False, 112 Rh  45    5499.54   44.60  10238.67   45.14   8258.19   44.29  11048.50   44.98   5867.52   44.99    194.24   45.14
2012,rct2,66,46,112,Pd,8406.64,6.58,False,11306.14,9.41,False,2334.16,6.56,False,7217.95,18.97,False,3542.15,7.66,False,60.92,11.11,False, 112 Pd  46    8406.64    6.58  11306.14    9.41   2334.16    6.56   7217.95   18.97   3542.15    7.66     60.92   11.11
2012,rct2,65,47,112,Ag,6438.76,2.86,False,7886.18,2.55,False,-4984.75,17.99,False,12458.62,2.52,False,5886.97,2.67,False,4062.61,4.72,False, 112 Ag  47    6438.76    2.86   7886.18    2.55  -4984.75   17.99  12458.62    2.52   5886.97    2.67   4062.61    4.72
2012,rct2,64,48,112,Cd,9394.04,0.29,False,9648.5,1.44,False,-13008.3,8.4,False,7592.76,1.31,False,3008.13,1.31,False,2677.23,1.21,False, 112 Cd  48    9394.04    0.29   9648.50    1.44 -13008.30    8.40   7592.76    1.31   3008.13    1.31   2677.23    1.21
2012,rct2,63,49,112,In,7671.49,5.52,False,6026.96,4.25,False,-20927.74,11.1,False,13068.5,4.26,False,5377.35,4.54,False,6375.21,4.44,False, 112 In  49    7671.49    5.52   6026.96    4.25 -20927.74   11.10  13068.50    4.26   5377.35    4.54   6375.21    4.44
2012,rct2,62,50,112,Sn,10787.79,5.33,False,7554.06,3.53,False,-28629.57,8.3,False,8525.58,11.55,False,2696.0,4.09,False,5494.77,1.62,False, 112 Sn  50   10787.79    5.33   7554.06    3.53 -28629.57    8.30   8525.58   11.55   2696.00    4.09   5494.77    1.62
2012,rct2,61,51,112,Sb,8833.55,19.9,False,2948.42,18.62,False,-35311.68,88.56,False,14953.83,22.53,False,5896.0,19.52,False,10535.37,18.28,False, 112 Sb  51    8833.55   19.90   2948.42   18.62 -35311.68   88.56  14953.83   22.53   5896.00   19.52  10535.37   18.28
2012,rct2,60,52,112,Te,12051.35,10.56,False,4019.74,12.19,False,,,False,10593.03,10.29,False,3547.6,9.9,False,10709.81,11.56,False, 112 Te  52   12051.35   10.56   4019.74   12.19      *             10593.03   10.29   3547.60    9.90  10709.81   11.56
2012,rct2,59,53,112,I,10180.84,11.3,False,764.82,12.1,False,,,False,15877.3,12.17,False,5516.12,11.14,False,14834.13,11.52,False, 112 I   53   10180.84   11.30    764.82   12.10      *             15877.30   12.17   5516.12   11.14  14834.13   11.52
2012,rct2,58,54,112,Xe,13705.2,87.04,False,2361.58,9.55,False,,,False,11148.56,51.23,False,2510.82,6.54,False,13335.37,9.37,False, 112 Xe  54   13705.20   87.04   2361.58    9.55      *             11148.56   51.23   2510.82    6.54  13335.37    9.37
2012,rct2,57,55,112,Cs,,,False,-816.29,4.07,False,,,False,16342.11,133.22,False,4746.4,312.39,False,17032.3,86.93,False, 112 Cs  55       *              -816.29    4.07      *             16342.11  133.22   4746.40  312.39  17032.30   86.93
2012,rct2,72,41,113,Nb,4308.0,499.0,True,13989.0,806.0,True,38257.0,401.0,True,7760.0,806.0,True,7239.0,718.0,True,,,False,0113 Nb  41    4308#    499#    13989#    806#    38257#    401#     7760#    806#     7239#    718#        *           
2012,rct2,71,42,113,Mo,3377.0,357.0,True,15784.0,422.0,True,30822.0,298.0,True,6817.0,422.0,True,4231.0,357.0,True,-4237.0,667.0,True, 113 Mo  42    3377#    357#    15784#    422#    30822#    298#     6817#    422#     4231#    357#    -4237#    667#  
2012,rct2,70,43,113,Tc,5627.8,6.55,False,12637.0,196.0,True,24215.25,16.98,False,7836.94,13.03,False,6601.63,24.55,False,-5029.0,196.0,True, 113 Tc  43    5627.80    6.55  12637#    196#    24215.25   16.98   7836.94   13.03   6601.63   24.55  -5029#    196#  
2012,rct2,69,44,113,Ru,4312.96,37.56,False,13904.27,36.88,False,17172.9,36.47,False,7862.99,37.82,False,4026.14,37.53,False,-1674.84,43.83,False, 113 Ru  44    4312.96   37.56  13904.27   36.88  17172.90   36.47   7862.99   37.82   4026.14   37.53  -1674.84   43.83
2012,rct2,68,45,113,Rh,7106.18,44.65,False,10428.0,11.97,False,10598.08,7.18,False,8726.24,12.04,False,6166.89,11.44,False,-2088.9,11.89,False, 113 Rh  45    7106.18   44.65  10428.00   11.97  10598.08    7.18   8726.24   12.04   6166.89   11.44  -2088.90   11.89
2012,rct2,67,46,113,Pd,5340.79,9.48,False,11147.39,44.62,False,4736.94,7.13,False,9424.16,9.68,False,4101.73,19.11,False,2125.68,11.32,False, 113 Pd  46    5340.79    9.48  11147.39   44.62   4736.94    7.13   9424.16    9.68   4101.73   19.11   2125.68   11.32
2012,rct2,66,47,113,Ag,8514.39,16.82,False,7993.93,17.89,False,-2609.71,23.93,False,9670.53,16.66,False,6168.79,16.66,False,1448.59,24.37,False, 113 Ag  47    8514.39   16.82   7993.93   17.89  -2609.71   23.93   9670.53   16.66   6168.79   16.66   1448.59   24.37
2012,rct2,65,48,113,Cd,6538.76,0.52,False,9748.5,2.46,False,-10696.22,27.95,False,9883.83,1.52,False,3278.57,1.33,False,4934.68,0.72,False, 113 Cd  48    6538.76    0.52   9748.50    2.46 -10696.22   27.95   9883.83    1.52   3278.57    1.33   4934.68    0.72
2012,rct2,64,49,113,In,9446.07,4.34,False,6078.99,0.92,False,-18246.31,8.06,False,10598.06,0.93,False,5847.0,0.94,False,3738.34,1.53,False, 113 In  49    9446.07    4.34   6078.99    0.92 -18246.31    8.06  10598.06    0.93   5847.00    0.94   3738.34    1.53
2012,rct2,63,50,113,Sn,7743.57,1.58,False,7626.14,4.53,False,-26124.61,7.03,False,10773.47,3.81,False,3006.58,11.66,False,7666.93,1.61,False, 113 Sn  50    7743.57    1.58   7626.14    4.53 -26124.61    7.03  10773.47    3.81   3006.58   11.66   7666.93    1.61
2012,rct2,62,51,113,Sb,10889.43,24.77,False,3050.06,17.19,False,-32653.16,19.26,False,12233.25,18.0,False,6288.96,22.04,False,7700.09,20.71,False, 113 Sb  51   10889.43   24.77   3050.06   17.19 -32653.16   19.26  12233.25   18.00   6288.96   22.04   7700.09   20.71
2012,rct2,61,52,113,Te,8850.84,29.18,False,4037.04,33.15,False,,,False,13200.51,29.31,False,3966.76,28.57,False,13141.36,31.16,False, 113 Te  52    8850.84   29.18   4037.04   33.15      *             13200.51   29.31   3966.76   28.57  13141.36   31.16
2012,rct2,60,53,113,I,12127.49,13.01,False,840.97,11.6,False,,,False,13178.78,10.27,False,5974.37,10.36,False,11976.63,9.99,False, 113 I   53   12127.49   13.01    840.97   11.60      *             13178.78   10.27   5974.37   10.36  11976.63    9.99
2012,rct2,59,54,113,Xe,10248.53,10.74,False,2429.27,12.32,False,,,False,13460.98,8.33,False,3124.6,51.01,False,15672.59,9.49,False, 113 Xe  54   10248.53   10.74   2429.27   12.32      *             13460.98    8.33   3124.60   51.01  15672.59    9.49
2012,rct2,58,55,113,Cs,13547.96,87.17,False,-973.53,2.56,False,,,False,13339.42,87.08,False,5018.72,101.48,False,14346.66,51.29,False, 113 Cs  55   13547.96   87.17   -973.53    2.56      *             13339.42   87.08   5018.72  101.48  14346.66   51.29
2012,rct2,73,41,114,Nb,2948.0,643.0,True,,,False,40326.0,508.0,True,9134.0,862.0,True,7036.0,862.0,True,,,False,0114 Nb  41    2948#    643#        *             40326#    508#     9134#    862#     7036#    862#        *           
2012,rct2,72,42,114,Mo,5109.0,422.0,True,16585.0,499.0,True,33684.0,298.0,True,5178.0,422.0,True,3933.0,422.0,True,-6601.0,760.0,True, 114 Mo  42    5109#    422#    16585#    499#    33684#    298#     5178#    422#     3933#    422#    -6601#    760#  
2012,rct2,71,43,114,Tc,4027.0,101.0,True,13288.0,315.0,True,26163.0,101.0,True,9407.0,220.0,True,6034.0,102.0,True,-4246.0,315.0,True, 114 Tc  43    4027#    101#    13288#    315#    26163#    101#     9407#    220#     6034#    102#    -4246#    315#  
2012,rct2,70,44,114,Ru,6422.99,36.64,False,14699.45,4.88,False,19792.82,3.57,False,5743.84,6.65,False,3664.57,11.18,False,-4637.95,13.08,False, 114 Ru  44    6422.99   36.64  14699.45    4.88  19792.82    3.57   5743.84    6.65   3664.57   11.18  -4637.95   13.08
2012,rct2,69,45,114,Rh,5016.99,71.91,False,11132.04,80.32,False,12854.98,71.57,False,10626.1,72.2,False,5933.82,72.22,False,-1044.49,72.34,False, 114 Rh  45    5016.99   71.91  11132.04   80.32  12854.98   71.57  10626.10   72.20   5933.82   72.22  -1044.49   72.34
2012,rct2,68,46,114,Pd,7971.17,9.75,False,12012.38,9.88,False,7066.18,7.01,False,6952.54,44.62,False,3677.56,9.68,False,-1061.57,11.93,False, 114 Pd  46    7971.17    9.75  12012.38    9.88   7066.18    7.01   6952.54   44.62   3677.56    9.68  -1061.57   11.93
2012,rct2,67,47,114,Ag,5975.33,17.26,False,8628.47,8.31,False,-435.15,22.31,False,12101.84,7.98,False,5919.77,4.63,False,3020.26,8.23,False, 114 Ag  47    5975.33   17.26   8628.47    8.31   -435.15   22.31  12101.84    7.98   5919.77    4.63   3020.26    8.23
2012,rct2,66,48,114,Cd,9042.91,0.14,False,10277.02,16.64,False,-8126.27,27.95,False,7279.68,2.45,False,3065.49,1.52,False,1618.07,0.82,False, 114 Cd  48    9042.91    0.14  10277.02   16.64  -8126.27   27.95   7279.68    2.45   3065.49    1.52   1618.07    0.82
2012,rct2,65,49,114,In,7273.89,0.27,False,6814.12,0.82,False,-15772.0,298.0,True,12718.21,0.94,False,5548.74,0.95,False,5294.28,1.71,False, 114 In  49    7273.89    0.27   6814.12    0.82 -15772#    298#    12718.21    0.94   5548.74    0.95   5294.28    1.71
2012,rct2,64,50,114,Sn,10300.41,1.75,False,8480.49,0.67,False,-23471.45,11.22,False,8144.54,4.37,False,2697.62,3.48,False,4342.14,1.05,False, 114 Sn  50   10300.41    1.75   8480.49    0.67 -23471.45   11.22   8144.54    4.37   2697.62    3.48   4342.14    1.05
2012,rct2,63,51,114,Sb,8149.89,27.8,False,3456.38,21.9,False,-29813.38,74.38,False,14871.15,21.85,False,6307.93,22.49,False,9541.66,22.11,False, 114 Sb  51    8149.89   27.80   3456.38   21.90 -29813.38   74.38  14871.15   21.85   6307.93   22.49   9541.66   22.11
2012,rct2,62,52,114,Te,11612.86,39.52,False,4760.46,32.81,False,-35929.06,112.79,False,10421.2,33.15,False,3812.22,29.31,False,9697.35,28.45,False, 114 Te  52   11612.86   39.52   4760.46   32.81 -35929.06  112.79  10421.20   33.15   3812.22   29.31   9697.35   28.45
2012,rct2,61,53,114,I,9748.0,298.0,True,1738.0,299.0,True,,,False,15482.0,298.0,True,5655.0,298.0,True,13687.0,298.0,True, 114 I   53    9748#    298#     1738#    299#        *             15482#    298#     5655#    298#    13687#    298#  
2012,rct2,60,54,114,Xe,12953.57,13.1,False,3255.35,13.75,False,,,False,10688.25,15.16,False,2731.97,12.15,False,12147.99,12.89,False, 114 Xe  54   12953.57   13.10   3255.35   13.75      *             10688.25   15.16   2731.97   12.15  12147.99   12.89
2012,rct2,59,55,114,Cs,10989.66,71.63,False,-232.4,71.43,False,,,False,16054.97,71.58,False,4574.33,112.09,False,15917.95,71.26,False, 114 Cs  55   10989.66   71.63   -232.40   71.43      *             16054.97   71.58   4574.33  112.09  15917.95   71.26
2012,rct2,58,56,114,Ba,,,False,1484.56,109.62,False,,,False,11038.58,139.52,False,,,False,14079.43,139.46,False, 114 Ba  56       *              1484.56  109.62      *             11038.58  139.52      *             14079.43  139.46
2012,rct2,74,41,115,Nb,4038.0,711.0,True,,,False,42875.0,503.0,True,,,False,7320.0,862.0,True,,,False,0115 Nb  41    4038#    711#        *             42875#    503#        *              7320#    862#        *           
2012,rct2,73,42,115,Mo,3013.0,499.0,True,16650.0,643.0,True,35678.0,401.0,True,6473.0,566.0,True,4389.0,499.0,True,-5292.0,806.0,True, 115 Mo  42    3013#    499#    16650#    643#    35678#    401#     6473#    566#     4389#    499#    -5292#    806#  
2012,rct2,72,43,115,Tc,5212.0,220.0,True,13390.0,357.0,True,29074.0,196.0,True,7572.0,357.0,True,6420.0,277.0,True,-5988.0,357.0,True, 115 Tc  43    5212#    220#    13390#    357#    29074#    196#     7572#    357#     6420#    277#    -5988#    357#  
2012,rct2,71,44,115,Ru,4153.13,66.44,False,14825.0,121.0,True,21780.55,66.36,False,7218.51,66.44,False,3815.27,66.59,False,-3194.0,207.0,True, 115 Ru  44    4153.13   66.44  14825#    121#    21780.55   66.36   7218.51   66.44   3815.27   66.59  -3194#    207#  
2012,rct2,70,45,115,Rh,6587.17,71.93,False,11296.22,8.03,False,15307.07,7.31,False,8351.88,37.19,False,6263.49,12.08,False,-3327.82,9.22,False, 115 Rh  45    6587.17   71.93  11296.22    8.03  15307.07    7.31   8351.88   37.19   6263.49   12.08  -3327.82    9.22
2012,rct2,69,46,115,Pd,5006.75,15.18,False,12002.13,72.83,False,9607.25,13.55,False,9051.97,15.26,False,4170.36,46.11,False,848.53,16.61,False, 115 Pd  46    5006.75   15.18  12002.13   72.83   9607.25   13.55   9051.97   15.26   4170.36   46.11    848.53   16.61
2012,rct2,68,47,115,Ag,8123.18,18.83,False,8780.48,19.54,False,2020.74,24.3,False,9319.45,19.54,False,6203.22,19.4,False,396.63,47.72,False, 115 Ag  47    8123.18   18.83   8780.48   19.54   2020.74   24.30   9319.45   19.54   6203.22   19.40    396.63   47.72
2012,rct2,67,48,115,Cd,6140.86,0.59,False,10442.56,4.62,False,-6021.63,27.95,False,9653.21,16.65,False,3363.38,2.52,False,3883.84,6.58,False, 115 Cd  48    6140.86    0.59  10442.56    4.62  -6021.63   27.95   9653.21   16.65   3363.38    2.52   3883.84    6.58
2012,rct2,66,49,115,In,9039.26,0.87,False,6810.47,0.4,False,-13198.55,28.88,False,10217.71,0.42,False,5903.52,0.55,False,2693.78,2.42,False, 115 In  49    9039.26    0.87   6810.47    0.40 -13198.55   28.88  10217.71    0.42   5903.52    0.55   2693.78    2.42
2012,rct2,65,50,115,Sn,7547.81,0.97,False,8754.41,0.87,False,-21377.09,12.11,False,10042.79,0.85,False,2821.29,4.28,False,6188.37,0.55,False, 115 Sn  50    7547.81    0.97   8754.41    0.87 -21377.09   12.11  10042.79    0.85   2821.29    4.28   6188.37    0.55
2012,rct2,64,51,115,Sb,10579.08,27.09,False,3735.04,16.05,False,-27304.0,299.0,True,12035.64,16.11,False,6516.64,16.04,False,6634.07,16.59,False, 115 Sb  51   10579.08   27.09   3735.04   16.05 -27304#    299#    12035.64   16.11   6516.64   16.04   6634.07   16.59
2012,rct2,63,52,115,Te,8245.51,39.52,False,4856.08,35.47,False,-33038.0,504.0,True,13065.12,32.81,False,4400.26,33.15,False,12239.63,27.95,False, 115 Te  52    8245.51   39.52   4856.08   35.47 -33038#    504#    13065.12   32.81   4400.26   33.15  12239.63   27.95
2012,rct2,62,53,115,I,11613.0,299.0,True,1738.2,40.18,False,,,False,12720.04,40.18,False,6093.77,30.07,False,10907.57,33.94,False, 115 I   53   11613#    299#     1738.20   40.18      *             12720.04   40.18   6093.77   30.07  10907.57   33.94
2012,rct2,61,54,115,Xe,9642.18,16.48,False,3149.0,298.0,True,,,False,13173.57,14.52,False,3270.64,15.86,False,14557.16,14.73,False, 115 Xe  54    9642.18   16.48   3149#    298#        *             13173.57   14.52   3270.64   15.86  14557.16   14.73
2012,rct2,60,55,115,Cs,13089.0,306.0,True,-97.0,298.0,True,,,False,13215.0,298.0,True,5191.0,298.0,True,13010.0,298.0,True, 115 Cs  55   13089#    306#      -97#    298#        *             13215#    298#     5191#    298#    13010#    298#  
2012,rct2,59,56,115,Ba,11136.0,515.0,True,1631.0,508.0,True,,,False,13450.0,503.0,True,2127.0,510.0,True,16648.0,503.0,True, 115 Ba  56   11136#    515#     1631#    508#        *             13450#    503#     2127#    510#    16648#    503#  
2012,rct2,74,42,116,Mo,4822.0,641.0,True,17435.0,709.0,True,38332.0,500.0,True,4598.0,709.0,True,3875.0,641.0,True,,,False,0116 Mo  42    4822#    641#    17435#    709#    38332#    500#     4598#    709#     3875#    641#        *           
2012,rct2,73,43,116,Tc,3619.0,357.0,True,13996.0,499.0,True,31087.0,298.0,True,9062.0,422.0,True,6177.0,422.0,True,-5299.0,499.0,True, 116 Tc  43    3619#    357#    13996#    499#    31087#    298#     9062#    422#     6177#    422#    -5299#    499#  
2012,rct2,72,44,116,Ru,5836.39,66.46,False,15450.0,196.0,True,24643.65,3.73,False,5410.0,101.0,True,3606.69,5.01,False,-5653.0,298.0,True, 116 Ru  44    5836.39   66.46  15450#    196#    24643.65    3.73   5410#    101#     3606.69    5.01  -5653#    298#  
2012,rct2,71,45,116,Rh,4581.07,71.05,False,11724.16,96.94,False,17510.72,70.68,False,10193.8,70.76,False,5995.38,79.53,False,-2281.08,70.76,False, 116 Rh  45    4581.07   71.05  11724.16   96.94  17510.72   70.68  10193.80   70.76   5995.38   79.53  -2281.08   70.76
2012,rct2,70,46,116,Pd,7476.58,15.26,False,12891.54,10.14,False,11694.15,7.13,False,6592.38,71.91,False,3799.95,10.01,False,-2315.1,37.16,False, 116 Pd  46    7476.58   15.26  12891.54   10.14  11694.15    7.13   6592.38   71.91   3799.95   10.01  -2315.10   37.16
2012,rct2,69,47,116,Ag,5631.31,18.56,False,9405.04,13.93,False,4279.0,6.11,False,11659.31,7.67,False,5912.7,7.67,False,1871.49,7.84,False, 116 Ag  47    5631.31   18.56   9405.04   13.93   4279.00    6.11  11659.31    7.67   5912.70    7.67   1871.49    7.84
2012,rct2,68,48,116,Cd,8699.48,0.7,False,11018.87,18.27,False,-3443.6,27.95,False,6929.05,4.57,False,3178.29,16.65,False,525.15,6.95,False, 116 Cd  48    8699.48    0.70  11018.87   18.27  -3443.60   27.95   6929.05    4.57   3178.29   16.65    525.15    6.95
2012,rct2,67,49,116,In,6784.72,0.22,False,7454.33,0.75,False,-10757.51,96.59,False,12475.9,0.46,False,5657.56,0.47,False,4423.44,16.65,False, 116 In  49    6784.72    0.22   7454.33    0.75 -10757.51   96.59  12475.90    0.46   5657.56    0.47   4423.44   16.65
2012,rct2,66,50,116,Sn,9563.48,0.09,False,9278.62,0.1,False,-18479.27,13.04,False,7753.21,0.87,False,2703.88,0.85,False,3163.66,0.41,False, 116 Sn  50    9563.48    0.09   9278.62    0.10 -18479.27   13.04   7753.21    0.87   2703.88    0.85   3163.66    0.41
2012,rct2,65,51,116,Sb,7889.57,16.84,False,4076.79,5.17,False,-24759.0,100.0,True,14446.49,5.26,False,6370.64,5.42,False,8190.57,5.24,False, 116 Sb  51    7889.57   16.84   4076.79    5.17 -24759#    100#    14446.49    5.26   6370.64    5.42   8190.57    5.24
2012,rct2,64,52,116,Te,11277.52,39.52,False,5554.53,32.21,False,-30572.0,299.0,True,9937.49,35.47,False,4012.17,32.81,False,8705.68,27.99,False, 116 Te  52   11277.52   39.52   5554.53   32.21 -30572#    299#     9937.49   35.47   4012.17   32.81   8705.68   27.99
2012,rct2,63,53,116,I,9225.76,100.82,False,2718.45,100.55,False,-36790.0,238.0,True,15107.14,100.55,False,5718.85,100.55,False,12571.24,98.11,False, 116 I   53    9225.76  100.82   2718.45  100.55 -36790#    238#    15107.14  100.55   5718.85  100.55  12571.24   98.11
2012,rct2,62,54,116,Xe,12461.29,17.8,False,3997.9,31.68,False,,,False,10460.0,298.0,True,2936.84,15.3,False,10946.71,30.84,False, 116 Xe  54   12461.29   17.80   3997.90   31.68      *             10460#    298#     2936.84   15.30  10946.71   30.84
2012,rct2,61,55,116,Cs,10434.0,315.0,True,695.0,101.0,True,,,False,15734.0,101.0,True,5005.0,101.0,True,14703.0,101.0,True, 116 Cs  55   10434#    315#      695#    101#        *             15734#    101#     5005#    101#    14703#    101#  
2012,rct2,60,56,116,Ba,13744.0,585.0,True,2287.0,422.0,True,,,False,10696.0,306.0,True,1931.0,298.0,True,13153.0,298.0,True, 116 Ba  56   13744#    585#     2287#    422#        *             10696#    306#     1931#    298#    13153#    298#  
2012,rct2,59,57,116,La,,,False,-1033.0,548.0,True,,,False,15968.0,244.0,True,,,False,16708.0,218.0,True, 116 La  57       *             -1033#    548#        *             15968#    244#        *             16708#    218#  
2012,rct2,75,42,117,Mo,2741.0,707.0,True,,,False,40255.0,500.0,True,5895.0,709.0,True,4082.0,709.0,True,,,False,0117 Mo  42    2741#    707#        *             40255#    500#     5895#    709#     4082#    709#        *           
2012,rct2,74,43,117,Tc,4997.0,499.0,True,14171.0,641.0,True,33800.0,401.0,True,7078.0,566.0,True,6289.0,499.0,True,-7348.0,643.0,True, 117 Tc  43    4997#    499#    14171#    641#    33800#    401#     7078#    566#     6289#    499#    -7348#    643#  
2012,rct2,73,44,117,Ru,3522.08,585.46,False,15353.0,657.0,True,26898.79,585.44,False,7099.0,617.0,True,4112.0,594.0,True,-4066.0,657.0,True, 117 Ru  44    3522.08  585.46  15353#    657#    26898.79  585.44   7099#    617#     4112#    594#    -4066#    657#  
2012,rct2,72,45,117,Rh,6229.88,71.23,False,12117.65,9.64,False,20045.48,10.14,False,8117.05,66.93,False,6188.49,9.5,False,-4483.0,101.0,True, 117 Rh  45    6229.88   71.23  12117.65    9.64  20045.48   10.14   8117.05   66.93   6188.49    9.50  -4483#    101#  
2012,rct2,71,46,117,Pd,4664.15,10.1,False,12974.63,71.05,False,13973.1,7.27,False,8515.4,10.22,False,4152.79,71.92,False,-556.26,7.99,False, 117 Pd  46    4664.15   10.10  12974.63   71.05  13973.10    7.27   8515.40   10.22   4152.79   71.92   -556.26    7.99
2012,rct2,70,47,117,Ag,7710.71,13.96,False,9639.17,15.32,False,6457.51,15.98,False,8955.34,19.17,False,6173.16,15.24,False,-822.23,72.84,False, 117 Ag  47    7710.71   13.96   9639.17   15.32   6457.51   15.98   8955.34   19.17   6173.16   15.24   -822.23   72.84
2012,rct2,69,48,117,Cd,5777.23,1.0,False,11164.78,3.41,False,-1323.04,13.49,False,9275.0,18.3,False,3376.39,4.68,False,2719.09,7.02,False, 117 Cd  48    5777.23    1.00  11164.78    3.41  -1323.04   13.49   9275.00   18.30   3376.39    4.68   2719.09    7.02
2012,rct2,68,49,117,In,8764.64,4.89,False,7519.49,4.88,False,-8506.99,26.65,False,9852.12,4.93,False,5935.82,4.9,False,1634.13,6.68,False, 117 In  49    8764.64    4.89   7519.49    4.88  -8506.99   26.65   9852.12    4.93   5935.82    4.90   1634.13    6.68
2012,rct2,67,50,117,Sn,6943.1,0.47,False,9437.01,0.53,False,-16212.45,10.39,False,9849.37,0.48,False,3034.67,0.99,False,5263.46,0.62,False, 117 Sn  50    6943.10    0.47   9437.01    0.53 -16212.45   10.39   9849.37    0.48   3034.67    0.99   5263.46    0.62
2012,rct2,66,51,117,Sb,9889.23,9.89,False,4402.54,8.44,False,-22146.47,62.98,False,12105.07,8.44,False,6781.83,8.49,False,5575.23,8.48,False, 117 Sb  51    9889.23    9.89   4402.54    8.44 -22146.47   62.98  12105.07    8.44   6781.83    8.49   5575.23    8.48
2012,rct2,65,52,117,Te,7897.78,31.02,False,5562.74,14.41,False,-27473.74,192.97,False,12618.78,20.93,False,4264.27,25.65,False,11108.31,13.49,False, 117 Te  52    7897.78   31.02   5562.74   14.41 -27473.74  192.97  12618.78   20.93   4264.27   25.65  11108.31   13.49
2012,rct2,64,53,117,I,11015.16,100.08,False,2456.09,38.3,False,-33848.0,299.0,True,12337.49,38.3,False,6316.55,38.3,False,9705.97,34.11,False, 117 I   53   11015.16  100.08   2456.09   38.30 -33848#    299#    12337.49   38.30   6316.55   38.30   9705.97   34.11
2012,rct2,63,54,117,Xe,9209.93,16.67,False,3982.07,97.15,False,,,False,12863.27,30.68,False,3475.0,298.0,True,13349.63,29.81,False, 117 Xe  54    9209.93   16.67   3982.07   97.15      *             12863.27   30.68   3475#    298#    13349.63   29.81
2012,rct2,62,55,117,Cs,12502.0,118.0,True,735.34,63.76,False,,,False,12874.46,63.57,False,5456.85,63.4,False,11950.0,305.0,True, 117 Cs  55   12502#    118#      735.34   63.76      *             12874.46   63.57   5456.85   63.40  11950#    305#  
2012,rct2,61,56,117,Ba,10996.0,355.0,True,2848.0,217.0,True,,,False,12789.0,355.0,True,1924.63,205.21,False,15110.6,192.82,False, 117 Ba  56   10996#    355#     2848#    217#        *             12789#    355#     1924.63  205.21  15110.60  192.82
2012,rct2,60,57,117,La,13957.0,369.0,True,-820.1,3.0,False,,,False,13147.0,585.0,True,4235.0,317.0,True,13740.0,306.0,True, 117 La  57   13957#    369#     -820.10    3.00      *             13147#    585#     4235#    317#    13740#    306#  
2012,rct2,75,43,118,Tc,3479.0,566.0,True,14909.0,641.0,True,35764.0,401.0,True,8421.0,641.0,True,5823.0,566.0,True,-6789.0,643.0,True,0118 Tc  43    3479#    566#    14909#    641#    35764#    401#     8421#    641#     5823#    566#    -6789#    643#  
2012,rct2,74,44,118,Ru,5811.0,657.0,True,16166.0,499.0,True,29443.0,299.0,True,4908.0,422.0,True,3513.0,357.0,True,-6864.0,499.0,True, 118 Ru  44    5811#    657#    16166#    499#    29443#    299#     4908#    422#     3513#    357#    -6864#    499#  
2012,rct2,73,45,118,Rh,4061.41,25.78,False,12656.98,585.95,False,22340.57,25.44,False,9892.04,24.52,False,6280.21,70.63,False,-3333.0,197.0,True, 118 Rh  45    4061.41   25.78  12656.98  585.95  22340.57   25.44   9892.04   24.52   6280.21   70.63  -3333#    197#  
2012,rct2,72,46,118,Pd,7035.52,7.61,False,13780.26,9.18,False,16264.0,2.53,False,6060.95,70.72,False,3704.45,7.66,False,-3438.64,66.39,False, 118 Pd  46    7035.52    7.61  13780.26    9.18  16264.00    2.53   6060.95   70.72   3704.45    7.66  -3438.64   66.39
2012,rct2,71,47,118,Ag,5443.06,13.8,False,10418.08,7.68,False,8442.45,3.93,False,10988.86,7.56,False,5736.85,13.78,False,321.89,7.73,False, 118 Ag  47    5443.06   13.80  10418.08    7.68   8442.45    3.93  10988.86    7.56   5736.85   13.78    321.89    7.73
2012,rct2,70,48,118,Cd,8354.57,20.02,False,11808.64,24.17,False,995.06,27.24,False,6551.74,20.26,False,3145.0,27.09,False,-628.74,24.16,False, 118 Cd  48    8354.57   20.02  11808.64   24.17    995.06   27.24   6551.74   20.26   3145.00   27.09   -628.74   24.16
2012,rct2,69,49,118,In,6356.49,6.02,False,8098.76,7.82,False,-6257.2,21.23,False,12195.11,7.75,False,5720.19,7.78,False,3400.81,19.84,False, 118 In  49    6356.49    6.02   8098.76    7.82  -6257.20   21.23  12195.11    7.75   5720.19    7.78   3400.81   19.84
2012,rct2,68,50,118,Sn,9326.42,0.13,False,9998.78,4.86,False,-13573.83,10.39,False,7307.67,0.55,False,2747.51,0.5,False,2077.9,0.86,False, 118 Sn  50    9326.42    0.13   9998.78    4.86 -13573.83   10.39   7307.67    0.55   2747.51    0.50   2077.90    0.86
2012,rct2,67,51,118,Sb,7428.0,8.95,False,4887.43,2.98,False,-19586.88,13.1,False,14240.56,3.01,False,6901.64,3.02,False,7186.5,3.02,False, 118 Sb  51    7428.00    8.95   4887.43    2.98 -19586.88   13.10  14240.56    3.01   6901.64    3.02   7186.50    3.02
2012,rct2,66,52,118,Te,10672.67,22.87,False,6346.19,20.32,False,-25343.0,196.0,True,9835.68,19.17,False,4170.68,24.47,False,7983.45,18.49,False, 118 Te  52   10672.67   22.87   6346.19   20.32 -25343#    196#     9835.68   19.17   4170.68   24.47   7983.45   18.49
2012,rct2,65,53,118,I,8606.29,32.81,False,3164.59,23.91,False,-31350.0,299.0,True,15008.72,34.23,False,5955.77,34.23,False,11678.76,25.44,False, 118 I   53    8606.29   32.81   3164.59   23.91 -31350#    299#    15008.72   34.23   5955.77   34.23  11678.76   25.44
2012,rct2,64,54,118,Xe,11965.04,14.68,False,4931.95,28.18,False,,,False,10123.99,97.15,False,3122.8,30.68,False,9630.1,29.81,False, 118 Xe  54   11965.04   14.68   4931.95   28.18      *             10123.99   97.15   3122.80   30.68   9630.10   29.81
2012,rct2,63,55,118,Cs,9987.59,63.7,False,1513.0,16.44,False,,,False,15348.16,18.24,False,5111.44,17.59,False,13574.83,31.57,False, 118 Cs  55    9987.59   63.70   1513.00   16.44      *             15348.16   18.24   5111.44   17.59  13574.83   31.57
2012,rct2,62,56,118,Ba,12804.0,274.0,True,3150.0,205.0,True,,,False,10419.0,220.0,True,2209.0,357.0,True,11949.0,196.0,True, 118 Ba  56   12804#    274#     3150#    205#        *             10419#    220#     2209#    357#    11949#    196#  
2012,rct2,61,57,118,La,11104.0,422.0,True,-712.0,355.0,True,,,False,15787.0,422.0,True,4268.0,585.0,True,15725.0,422.0,True, 118 La  57   11104#    422#     -712#    355#        *             15787#    422#     4268#    585#    15725#    422#  
2012,rct2,76,43,119,Tc,4653.0,643.0,True,,,False,38275.0,503.0,True,6510.0,709.0,True,5993.0,709.0,True,,,False,0119 Tc  43    4653#    643#        *             38275#    503#     6510#    709#     5993#    709#        *           
2012,rct2,75,44,119,Ru,3377.0,422.0,True,16064.0,499.0,True,31413.0,300.0,True,6528.0,499.0,True,3756.0,422.0,True,-5418.0,582.0,True, 119 Ru  44    3377#    422#    16064#    499#    31413#    300#     6528#    499#     3756#    422#    -5418#    582#  
2012,rct2,74,45,119,Rh,6006.43,25.96,False,12853.0,298.0,True,24876.71,11.84,False,7407.69,585.52,False,6110.17,10.03,False,-5721.0,298.0,True, 119 Rh  45    6006.43   25.96  12853#    298#    24876.71   11.84   7407.69  585.52   6110.17   10.03  -5721#    298#  
2012,rct2,73,46,119,Pd,4090.56,8.56,False,13809.42,25.57,False,18656.94,8.27,False,8200.27,12.06,False,4194.96,71.15,False,-1692.81,9.05,False, 119 Pd  46    4090.56    8.56  13809.42   25.57  18656.94    8.27   8200.27   12.06   4194.96   71.15  -1692.81    9.05
2012,rct2,72,47,119,Ag,7163.3,14.92,False,10545.86,14.91,False,10828.45,16.6,False,8489.72,16.39,False,6050.13,16.34,False,-2260.34,72.19,False, 119 Ag  47    7163.30   14.92  10545.86   14.91  10828.45   16.60   8489.72   16.39   6050.13   16.34  -2260.34   72.19
2012,rct2,71,48,119,Cd,5346.71,42.67,False,11712.3,37.78,False,3204.1,38.53,False,8915.74,40.06,False,3429.59,37.84,False,1501.13,38.36,False, 119 Cd  48    5346.71   42.67  11712.30   37.78   3204.10   38.53   8915.74   40.06   3429.59   37.84   1501.13   38.36
2012,rct2,70,49,119,In,8542.57,8.38,False,8286.75,21.29,False,-3933.97,28.88,False,9429.77,7.38,False,5877.11,7.31,False,489.55,8.0,False, 119 In  49    8542.57    8.38   8286.75   21.29  -3933.97   28.88   9429.77    7.38   5877.11    7.31    489.55    8.00
2012,rct2,69,50,119,Sn,6483.49,0.55,False,10125.78,7.72,False,-11270.65,10.4,False,9588.82,4.89,False,3048.74,0.76,False,4293.89,0.73,False, 119 Sn  50    6483.49    0.55  10125.78    7.72 -11270.65   10.40   9588.82    4.89   3048.74    0.76   4293.89    0.73
2012,rct2,68,51,119,Sb,9549.29,8.24,False,5110.3,7.69,False,-17169.17,15.93,False,11634.37,7.69,False,6915.83,7.7,False,4421.93,7.7,False, 119 Sb  51    9549.29    8.24   5110.30    7.69 -17169.17   15.93  11634.37    7.69   6915.83    7.70   4421.93    7.70
2012,rct2,67,52,119,Te,7555.75,20.13,False,6473.94,8.48,False,-22591.13,200.43,False,12169.15,11.59,False,4504.49,9.49,False,9991.18,7.96,False, 119 Te  52    7555.75   20.13   6473.94    8.48 -22591.13  200.43  12169.15   11.59   4504.49    9.49   9991.18    7.96
2012,rct2,66,53,119,I,10865.8,34.23,False,3357.72,33.51,False,-28798.0,299.0,True,12040.7,31.02,False,6367.49,39.52,False,8702.53,28.42,False, 119 I   53   10865.80   34.23   3357.72   33.51 -28798#    299#    12040.70   31.02   6367.49   39.52   8702.53   28.42
2012,rct2,65,54,119,Xe,8786.67,14.68,False,5112.34,22.32,False,-34744.0,503.0,True,12352.47,28.18,False,3561.88,97.15,False,12120.95,29.81,False, 119 Xe  54    8786.67   14.68   5112.34   22.32 -34744#    503#    12352.47   28.18   3561.88   97.15  12120.95   29.81
2012,rct2,64,55,119,Cs,11967.0,18.89,False,1514.97,17.38,False,,,False,12591.09,17.38,False,5605.73,19.09,False,10833.59,97.59,False, 119 Cs  55   11967.00   18.89   1514.97   17.38      *             12591.09   17.38   5605.73   19.09  10833.59   97.59
2012,rct2,63,56,119,Ba,10307.0,280.0,True,3469.69,200.67,False,,,False,12613.81,209.77,False,2337.0,224.0,True,14103.04,200.69,False, 119 Ba  56   10307#    280#     3469.69  200.67      *             12613.81  209.77   2337#    224#    14103.04  200.69
2012,rct2,62,57,119,La,13418.0,422.0,True,-98.0,357.0,True,,,False,13365.0,355.0,True,4594.0,422.0,True,12742.0,315.0,True, 119 La  57   13418#    422#      -98#    357#        *             13365#    355#     4594#    422#    12742#    315#  
2012,rct2,61,58,119,Ce,,,False,1719.0,585.0,True,,,False,13249.0,585.0,True,1516.0,548.0,True,16293.0,585.0,True, 119 Ce  58       *              1719#    585#        *             13249#    585#     1516#    548#    16293#    585#  
2012,rct2,77,43,120,Tc,3218.0,711.0,True,,,False,40134.0,503.0,True,,,False,5516.0,709.0,True,,,False,0120 Tc  43    3218#    711#        *             40134#    503#        *              5516#    709#        *           
2012,rct2,76,44,120,Ru,5519.0,499.0,True,16930.0,643.0,True,33945.0,401.0,True,4488.0,566.0,True,3234.0,566.0,True,-8196.0,641.0,True, 120 Ru  44    5519#    499#    16930#    643#    33945#    401#     4488#    566#     3234#    566#    -8196#    641#  
2012,rct2,75,45,120,Rh,4063.0,196.0,True,13539.0,357.0,True,26914.0,200.0,True,9155.0,357.0,True,5569.0,617.0,True,-4786.0,446.0,True, 120 Rh  45    4063#    196#    13539#    357#    26914#    200#     9155#    357#     5569#    617#    -4786#    446#  
2012,rct2,74,46,120,Pd,6943.4,8.49,False,14746.39,9.59,False,20818.38,2.22,False,5318.28,24.32,False,3481.44,9.12,False,-5114.13,585.45,False, 120 Pd  46    6943.40    8.49  14746.39    9.59  20818.38    2.22   5318.28   24.32   3481.44    9.12  -5114.13  585.45
2012,rct2,73,47,120,Ag,5077.05,15.37,False,11532.35,9.38,False,12766.48,8.47,False,10448.19,5.12,False,5637.24,8.52,False,-1107.51,9.95,False, 120 Ag  47    5077.05   15.37  11532.35    9.38  12766.48    8.47  10448.19    5.12   5637.24    8.52  -1107.51    9.95
2012,rct2,72,48,120,Cd,8051.55,37.88,False,12600.55,15.17,False,5410.83,4.86,False,6307.24,4.5,False,3088.75,14.07,False,-1886.27,8.15,False, 120 Cd  48    8051.55   37.88  12600.55   15.17   5410.83    4.86   6307.24    4.50   3088.75   14.07  -1886.27    8.15
2012,rct2,71,49,120,In,6100.41,40.65,False,9040.44,54.97,False,-1975.4,42.84,False,11683.94,44.73,False,5553.93,40.02,False,2099.86,42.25,False, 120 In  49    6100.41   40.65   9040.44   54.97  -1975.40   42.84  11683.94   44.73   5553.93   40.02   2099.86   42.25
2012,rct2,70,50,120,Sn,9104.84,1.1,False,10688.06,7.25,False,-8926.17,11.85,False,6840.47,7.8,False,2708.54,4.96,False,966.28,1.35,False, 120 Sn  50    9104.84    1.10  10688.06    7.25  -8926.17   11.85   6840.47    7.80   2708.54    4.96    966.28    1.35
2012,rct2,69,51,120,Sb,7015.08,10.54,False,5641.89,7.22,False,-14529.34,12.3,False,13945.71,7.21,False,6843.85,7.21,False,6171.49,8.69,False, 120 Sb  51    7015.08   10.54   5641.89    7.22 -14529.34   12.30  13945.71    7.21   6843.85    7.21   6171.49    8.69
2012,rct2,68,52,120,Te,10258.29,8.54,False,7182.94,8.31,False,-20479.55,300.18,False,9338.87,4.33,False,4135.43,8.99,False,6676.0,3.15,False, 120 Te  52   10258.29    8.54   7182.94    8.31 -20479.55  300.18   9338.87    4.33   4135.43    8.99   6676.00    3.15
2012,rct2,67,53,120,I,8058.97,31.87,False,3860.94,17.26,False,-26066.0,298.0,True,14654.4,23.6,False,6206.29,20.39,False,10532.78,17.49,False, 120 I   53    8058.97   31.87   3860.94   17.26 -26066#    298#    14654.40   23.60   6206.29   20.39  10532.78   17.49
2012,rct2,66,54,120,Xe,11449.33,15.73,False,5695.86,30.34,False,-32375.0,503.0,True,9509.43,23.02,False,3127.71,28.74,False,8569.4,17.91,False, 120 Xe  54   11449.33   15.73   5695.86   30.34 -32375#    503#     9509.43   23.02   3127.71   28.74   8569.40   17.91
2012,rct2,65,55,120,Cs,9654.9,17.14,False,2383.2,14.39,False,,,False,14901.22,14.39,False,5160.75,14.39,False,12193.84,28.03,False, 120 Cs  55    9654.90   17.14   2383.20   14.39      *             14901.22   14.39   5160.75   14.39  12193.84   28.03
2012,rct2,64,56,120,Ba,12369.87,360.84,False,3872.56,300.49,False,,,False,10231.53,300.44,False,2468.51,306.59,False,10943.1,300.34,False, 120 Ba  56   12369.87  360.84   3872.56  300.49      *             10231.53  300.44   2468.51  306.59  10943.10  300.34
2012,rct2,63,57,120,La,10791.0,422.0,True,386.0,359.0,True,,,False,15378.0,357.0,True,4798.0,355.0,True,14452.0,305.0,True, 120 La  57   10791#    422#      386#    359#        *             15378#    357#     4798#    355#    14452#    305#  
2012,rct2,62,58,120,Ce,13819.0,711.0,True,2119.0,585.0,True,,,False,10534.0,585.0,True,1655.0,585.0,True,13470.0,539.0,True, 120 Ce  58   13819#    711#     2119#    585#        *             10534#    585#     1655#    585#    13470#    539#  
2012,rct2,77,44,121,Ru,3106.0,566.0,True,16818.0,643.0,True,36027.0,401.0,True,6035.0,643.0,True,3607.0,566.0,True,,,False,0121 Ru  44    3106#    566#    16818#    643#    36027#    401#     6035#    643#     3607#    566#        *           
2012,rct2,76,45,121,Rh,5687.0,357.0,True,13707.0,499.0,True,29406.0,299.0,True,6845.0,422.0,True,5693.0,422.0,True,-6994.0,499.0,True, 121 Rh  45    5687#    357#    13707#    499#    29406#    299#     6845#    422#     5693#    422#    -6994#    499#  
2012,rct2,75,46,121,Pd,3973.44,4.06,False,14657.0,196.0,True,23015.16,3.49,False,7351.27,9.9,False,3569.41,24.47,False,-3277.0,298.0,True, 121 Pd  46    3973.44    4.06  14657#    196#    23015.16    3.49   7351.27    9.90   3569.41   24.47  -3277#    298#  
2012,rct2,74,47,121,Ag,6822.64,12.91,False,11411.58,12.32,False,15195.75,12.43,False,7716.11,14.65,False,5850.12,12.36,False,-3868.74,27.09,False, 121 Ag  47    6822.64   12.91  11411.58   12.32  15195.75   12.43   7716.11   14.65   5850.12   12.36  -3868.74   27.09
2012,rct2,73,48,121,Cd,5187.79,4.2,False,12711.29,4.87,False,7470.44,25.94,False,8282.75,14.83,False,3344.02,3.18,False,-38.54,3.16,False, 121 Cd  48    5187.79    4.20  12711.29    4.87   7470.44   25.94   8282.75   14.83   3344.02    3.18    -38.54    3.16
2012,rct2,72,49,121,In,8178.91,48.49,False,9167.8,27.67,False,415.46,27.92,False,8851.74,46.61,False,5729.59,33.94,False,-635.99,27.53,False, 121 In  49    8178.91   48.49   9167.80   27.67    415.46   27.92   8851.74   46.61   5729.59   33.94   -635.99   27.53
2012,rct2,71,50,121,Sn,6170.21,0.34,False,10757.87,40.0,False,-6716.5,10.29,False,9212.82,7.26,False,2894.82,7.8,False,3150.64,20.02,False, 121 Sn  50    6170.21    0.34  10757.87   40.00  -6716.50   10.29   9212.82    7.26   2894.82    7.80   3150.64   20.02
2012,rct2,70,51,121,Sb,9251.91,7.7,False,5788.96,2.88,False,-12496.24,14.56,False,11177.29,2.89,False,6918.37,2.84,False,3276.08,8.24,False, 121 Sb  51    9251.91    7.70   5788.96    2.88 -12496.24   14.56  11177.29    2.89   6918.37    2.84   3276.08    8.24
2012,rct2,69,52,121,Te,7247.4,25.89,False,7415.26,26.84,False,-17799.43,144.24,False,11640.75,26.98,False,4316.03,26.04,False,8755.02,25.87,False, 121 Te  52    7247.40   25.89   7415.26   26.84 -17799.43  144.24  11640.75   26.98   4316.03   26.04   8755.02   25.87
2012,rct2,68,53,121,I,10569.77,15.63,False,4172.42,4.39,False,-23981.0,298.0,True,11640.38,9.6,False,6309.19,18.74,False,7391.01,6.16,False, 121 I   53   10569.77   15.63   4172.42    4.39 -23981#    298#    11640.38    9.60   6309.19   18.74   7391.01    6.16
2012,rct2,67,54,121,Xe,8379.88,15.64,False,6016.77,18.43,False,-29712.0,401.0,True,11995.35,29.76,False,3354.12,22.26,False,10862.2,21.13,False, 121 Xe  54    8379.88   15.64   6016.77   18.43 -29712#    401#    11995.35   29.76   3354.12   22.26  10862.20   21.13
2012,rct2,66,55,121,Cs,11285.01,17.42,False,2218.88,18.54,False,-35483.0,503.0,True,12402.89,17.66,False,5840.78,17.66,False,9515.12,24.39,False, 121 Cs  55   11285.01   17.42   2218.88   18.54 -35483#    503#    12402.89   17.66   5840.78   17.66   9515.12   24.39
2012,rct2,65,56,121,Ba,9927.52,332.02,False,4145.17,142.25,False,,,False,12271.02,142.58,False,2528.59,142.47,False,12980.62,142.28,False, 121 Ba  56    9927.52  332.02   4145.17  142.25      *             12271.02  142.58   2528.59  142.47  12980.62  142.28
2012,rct2,64,57,121,La,12654.0,422.0,True,671.0,423.0,True,,,False,13031.0,359.0,True,4948.0,357.0,True,11785.0,298.0,True, 121 La  57   12654#    422#      671#    423#        *             13031#    359#     4948#    357#    11785#    298#  
2012,rct2,63,58,121,Ce,11043.0,643.0,True,2371.0,499.0,True,,,False,12909.0,499.0,True,1716.0,499.0,True,15231.0,446.0,True, 121 Ce  58   11043#    643#     2371#    499#        *             12909#    499#     1716#    499#    15231#    446#  
2012,rct2,62,59,121,Pr,,,False,-889.6,10.0,False,,,False,13142.0,711.0,True,,,False,13648.0,585.0,True, 121 Pr  59       *              -889.60   10.00      *             13142#    711#        *             13648#    585#  
2012,rct2,78,44,122,Ru,5435.0,643.0,True,,,False,38201.0,503.0,True,3818.0,711.0,True,2824.0,711.0,True,,,False,0122 Ru  44    5435#    643#        *             38201#    503#     3818#    711#     2824#    711#        *           
2012,rct2,77,45,122,Rh,3814.0,422.0,True,14415.0,499.0,True,31400.0,302.0,True,8550.0,499.0,True,5255.0,422.0,True,-6156.0,585.0,True, 122 Rh  45    3814#    422#    14415#    499#    31400#    302#     8550#    499#     5255#    422#    -6156#    585#  
2012,rct2,76,46,122,Pd,6505.15,19.85,False,15475.0,299.0,True,25325.39,19.71,False,4909.0,197.0,True,3070.69,21.67,False,-6406.0,299.0,True, 122 Pd  46    6505.15   19.85  15475#    299#    25325.39   19.71   4909#    197#     3070.69   21.67  -6406#    299#  
2012,rct2,75,47,122,Ag,4774.6,40.07,False,12212.75,38.34,False,17227.52,38.29,False,9884.91,38.26,False,5166.07,39.07,False,-2636.91,39.31,False, 122 Ag  47    4774.60   40.07  12212.75   38.34  17227.52   38.29   9884.91   38.26   5166.07   39.07  -2636.91   39.31
2012,rct2,74,48,122,Cd,7609.86,3.01,False,13498.52,12.33,False,9702.07,2.75,False,5749.93,5.03,False,2897.45,14.88,False,-3557.85,8.56,False, 122 Cd  48    7609.86    3.01  13498.52   12.33   9702.07    2.75   5749.93    5.03   2897.45   14.88  -3557.85    8.56
2012,rct2,73,49,122,In,5808.09,56.97,False,9788.1,50.1,False,2507.49,50.32,False,11095.21,50.2,False,5268.22,62.66,False,719.22,52.17,False, 122 In  49    5808.09   56.97   9788.10   50.10   2507.49   50.32  11095.21   50.20   5268.22   62.66    719.22   52.17
2012,rct2,72,50,122,Sn,8815.38,2.33,False,11394.33,27.31,False,-4586.57,11.37,False,6497.85,40.07,False,2622.01,7.62,False,-318.03,37.77,False, 122 Sn  50    8815.38    2.33  11394.33   27.31  -4586.57   11.37   6497.85   40.07   2622.01    7.62   -318.03   37.77
2012,rct2,71,51,122,Sb,6806.37,0.13,False,6425.11,2.9,False,-10188.87,33.8,False,13475.77,2.88,False,6595.49,2.89,False,5012.28,7.8,False, 122 Sb  51    6806.37    0.13   6425.11    2.90 -10188.87   33.80  13475.77    2.88   6595.49    2.89   5012.28    7.80
2012,rct2,70,52,122,Te,9841.49,25.82,False,8004.84,2.42,False,-15705.5,27.99,False,8814.35,7.33,False,4023.83,7.85,False,5397.02,1.67,False, 122 Te  52    9841.49   25.82   8004.84    2.42 -15705.50   27.99   8814.35    7.33   4023.83    7.85   5397.02    1.67
2012,rct2,69,53,122,I,7900.12,7.18,False,4825.14,26.3,False,-21537.0,298.0,True,13998.55,5.69,False,5964.83,9.52,False,9040.18,9.3,False, 122 I   53    7900.12    7.18   4825.14   26.30 -21537#    298#    13998.55    5.69   5964.83    9.52   9040.18    9.30
2012,rct2,68,54,122,Xe,10945.31,15.11,False,6392.31,12.34,False,-27481.0,401.0,True,9109.02,18.92,False,3274.61,30.07,False,7472.64,13.67,False, 122 Xe  54   10945.31   15.11   6392.31   12.34 -27481#    401#     9109.02   18.92   3274.61   30.07   7472.64   13.67
2012,rct2,67,55,122,Cs,9113.74,36.59,False,2952.74,35.21,False,-33200.0,504.0,True,14738.47,35.7,False,5513.71,35.25,False,11267.17,43.77,False, 122 Cs  55    9113.74   36.59   2952.74   35.21 -33200#    504#    14738.47   35.70   5513.71   35.25  11267.17   43.77
2012,rct2,66,56,122,Ba,11935.42,144.62,False,4795.58,31.39,False,,,False,9990.5,29.67,False,2560.16,31.23,False,9831.87,29.81,False, 122 Ba  56   11935.42  144.62   4795.58   31.39      *              9990.50   29.67   2560.16   31.23   9831.87   29.81
2012,rct2,65,57,122,La,10344.0,422.0,True,1087.0,330.0,True,,,False,15056.0,423.0,True,4911.0,359.0,True,13408.0,298.0,True, 122 La  57   10344#    422#     1087#    330#        *             15056#    423#     4911#    359#    13408#    298#  
2012,rct2,64,58,122,Ce,13176.0,566.0,True,2892.0,499.0,True,,,False,10525.0,499.0,True,1958.0,499.0,True,12363.0,448.0,True, 122 Ce  58   13176#    566#     2892#    499#        *             10525#    499#     1958#    499#    12363#    448#  
2012,rct2,63,59,122,Pr,11397.0,711.0,True,-536.0,643.0,True,,,False,15564.0,711.0,True,3970.0,711.0,True,15669.0,585.0,True, 122 Pr  59   11397#    711#     -536#    643#        *             15564#    711#     3970#    711#    15669#    585#  
2012,rct2,79,44,123,Ru,3023.0,711.0,True,,,False,40052.0,503.0,True,,,False,3020.0,711.0,True,,,False,0123 Ru  44    3023#    711#        *             40052#    503#        *              3020#    711#        *           
2012,rct2,78,45,123,Rh,5407.0,499.0,True,14387.0,643.0,True,33922.0,401.0,True,6249.0,566.0,True,5367.0,566.0,True,-8345.0,643.0,True, 123 Rh  45    5407#    499#    14387#    643#    33922#    401#     6249#    566#     5367#    566#    -8345#    643#  
2012,rct2,77,46,123,Pd,3872.0,197.0,True,15533.0,357.0,True,27400.0,196.0,True,6724.0,357.0,True,3262.0,277.0,True,-4758.0,446.0,True, 123 Pd  46    3872#    197#    15533#    357#    27400#    196#     6724#    357#     3262#    277#    -4758#    446#  
2012,rct2,76,47,123,Ag,6513.29,49.03,False,12220.89,36.44,False,19676.75,30.81,False,7345.06,30.92,False,5596.18,30.82,False,-5087.0,198.0,True, 123 Ag  47    6513.29   49.03  12220.89   36.44  19676.75   30.81   7345.06   30.92   5596.18   30.82  -5087#    198#  
2012,rct2,75,48,123,Cd,4873.12,3.54,False,13597.04,38.29,False,11757.96,3.09,False,7699.45,12.41,False,3101.38,5.22,False,-1487.57,3.54,False, 123 Cd  48    4873.12    3.54  13597.04   38.29  11757.96    3.09   7699.45   12.41   3101.38    5.22  -1487.57    3.54
2012,rct2,74,49,123,In,7928.82,53.8,False,10107.05,19.96,False,4513.26,20.16,False,8354.18,19.92,False,5390.95,20.17,False,-2132.55,20.33,False, 123 In  49    7928.82   53.80  10107.05   19.96   4513.26   20.16   8354.18   19.92   5390.95   20.17  -2132.55   20.33
2012,rct2,73,50,123,Sn,5946.16,1.15,False,11532.41,50.01,False,-2567.7,9.82,False,8730.6,27.33,False,2776.26,40.07,False,1787.36,4.44,False, 123 Sn  50    5946.16    1.15  11532.41   50.01  -2567.70    9.82   8730.60   27.33   2776.26   40.07   1787.36    4.44
2012,rct2,72,51,123,Sb,8962.52,2.56,False,6572.25,2.98,False,-8181.18,12.29,False,10683.47,2.25,False,6737.82,2.23,False,2150.17,40.06,False, 123 Sb  51    8962.52    2.56   6572.25    2.98  -8181.18   12.29  10683.47    2.25   6737.82    2.23   2150.17   40.06
2012,rct2,71,52,123,Te,6929.01,0.08,False,8127.48,2.41,False,-13517.18,12.2,False,11137.25,2.42,False,4109.9,7.33,False,7572.86,1.67,False, 123 Te  52    6929.01    0.08   8127.48    2.41 -13517.18   12.20  11137.25    2.42   4109.90    7.33   7572.86    1.67
2012,rct2,70,53,123,I,9934.59,6.07,False,4918.24,3.44,False,-19293.0,196.0,True,11311.36,26.05,False,6288.53,4.39,False,6120.67,8.09,False, 123 I   53    9934.59    6.07   4918.24    3.44 -19293#    196#    11311.36   26.05   6288.53    4.39   6120.67    8.09
2012,rct2,69,54,123,Xe,7965.03,14.64,False,6457.22,10.79,False,-24962.0,298.0,True,11713.75,10.87,False,3368.55,18.0,False,9765.89,9.95,False, 123 Xe  54    7965.03   14.64   6457.22   10.79 -24962#    298#    11713.75   10.87   3368.55   18.00   9765.89    9.95
2012,rct2,68,55,123,Cs,10970.2,35.8,False,2977.64,16.43,False,-30706.0,401.0,True,12148.15,15.86,False,5992.83,16.92,False,8355.94,19.53,False, 123 Cs  55   10970.20   35.80   2977.64   16.43 -30706#    401#    12148.15   15.86   5992.83   16.92   8355.94   19.53
2012,rct2,67,56,123,Ba,9117.33,30.46,False,4799.16,35.8,False,,,False,12158.18,18.73,False,3097.74,15.69,False,12163.87,16.92,False, 123 Ba  56    9117.33   30.46   4799.16   35.80      *             12158.18   18.73   3097.74   15.69  12163.87   16.92
2012,rct2,66,57,123,La,12179.0,357.0,True,1331.0,198.0,True,,,False,12805.0,242.0,True,5102.0,358.0,True,10884.0,196.0,True, 123 La  57   12179#    357#     1331#    198#        *             12805#    242#     5102#    358#    10884#    196#  
2012,rct2,65,58,123,Ce,10484.0,499.0,True,3032.0,422.0,True,,,False,12695.0,422.0,True,2265.0,422.0,True,14249.0,423.0,True, 123 Ce  58   10484#    499#     3032#    422#        *             12695#    422#     2265#    422#    14249#    423#  
2012,rct2,64,59,123,Pr,13465.0,643.0,True,-247.0,566.0,True,,,False,13142.0,566.0,True,4324.0,643.0,True,12996.0,499.0,True, 123 Pr  59   13465#    643#     -247#    566#        *             13142#    566#     4324#    643#    12996#    499#  
2012,rct2,80,44,124,Ru,5128.0,780.0,True,,,False,42283.0,596.0,True,,,False,,,False,,,False,0124 Ru  44    5128#    780#        *             42283#    596#        *                 *                 *           
2012,rct2,79,45,124,Rh,3731.0,566.0,True,15095.0,643.0,True,35702.0,402.0,True,7954.0,643.0,True,4743.0,566.0,True,,,False, 124 Rh  45    3731#    566#    15095#    643#    35702#    402#     7954#    643#     4743#    566#        *           
2012,rct2,78,46,124,Pd,6208.0,357.0,True,16334.0,499.0,True,29681.0,298.0,True,4330.0,422.0,True,2740.0,422.0,True,-7860.0,499.0,True, 124 Pd  46    6208#    357#    16334#    499#    29681#    298#     4330#    422#     2740#    422#    -7860#    499#  
2012,rct2,77,47,124,Ag,4723.37,253.37,False,13072.0,319.0,True,21420.87,251.51,False,9126.83,252.26,False,4846.25,251.53,False,-4124.0,390.0,True, 124 Ag  47    4723.37  253.37  13072#    319#    21420.87  251.51   9126.83  252.26   4846.25  251.53  -4124#    390#  
2012,rct2,76,48,124,Cd,7358.81,4.03,False,14442.56,30.88,False,13823.63,3.35,False,5115.24,38.31,False,2565.2,12.47,False,-4872.94,4.5,False, 124 Cd  48    7358.81    4.03  14442.56   30.88  13823.63    3.35   5115.24   38.31   2565.20   12.47  -4872.94    4.50
2012,rct2,75,49,124,In,5511.08,36.43,False,10745.01,30.69,False,6495.5,30.66,False,10452.96,30.66,False,5067.66,30.63,False,-821.0,32.88,False, 124 In  49    5511.08   36.43  10745.01   30.69   6495.50   30.66  10452.96   30.66   5067.66   30.63   -821.00   32.88
2012,rct2,74,50,124,Sn,8489.16,2.4,False,12092.75,19.83,False,-573.18,2.02,False,6049.52,50.06,False,2466.0,27.41,False,-1514.01,2.19,False, 124 Sn  50    8489.16    2.40  12092.75   19.83   -573.18    2.02   6049.52   50.06   2466.00   27.41  -1514.01    2.19
2012,rct2,73,51,124,Sb,6467.5,0.06,False,7093.58,2.98,False,-5889.67,8.57,False,13031.35,2.98,False,6440.54,2.25,False,3861.58,27.47,False, 124 Sb  51    6467.50    0.06   7093.58    2.98  -5889.67    8.57  13031.35    2.98   6440.54    2.25   3861.58   27.47
2012,rct2,72,52,124,Te,9424.48,0.09,False,8589.45,1.56,False,-11435.53,12.59,False,8519.13,2.41,False,3937.33,2.42,False,4318.59,1.7,False, 124 Te  52    9424.48    0.09   8589.45    1.56 -11435.53   12.59   8519.13    2.41   3937.33    2.42   4318.59    1.70
2012,rct2,71,53,124,I,7493.32,3.92,False,5482.55,1.86,False,-17107.11,56.72,False,13659.53,1.86,False,6042.61,25.89,False,7879.26,3.05,False, 124 I   53    7493.32    3.92   5482.55    1.86 -17107.11   56.72  13659.53    1.86   6042.61   25.89   7879.26    3.05
2012,rct2,70,54,124,Xe,10483.68,9.69,False,7006.31,4.05,False,-22745.0,298.0,True,9130.19,5.45,False,3454.64,5.59,False,6529.62,25.91,False, 124 Xe  54   10483.68    9.69   7006.31    4.05 -22745#    298#     9130.19    5.45   3454.64    5.59   6529.62   25.91
2012,rct2,69,55,124,Cs,8759.01,14.68,False,3771.61,12.65,False,-28580.0,401.0,True,14334.45,13.87,False,5613.71,13.19,False,10166.71,9.89,False, 124 Cs  55    8759.01   14.68   3771.61   12.65 -28580#    401#    14334.45   13.87   5613.71   13.19  10166.71    9.89
2012,rct2,68,56,124,Ba,11506.14,17.4,False,5335.1,17.4,False,-34564.0,503.0,True,9765.79,35.93,False,2876.61,18.98,False,9037.61,16.16,False, 124 Ba  56   11506.14   17.40   5335.10   17.40 -34564#    503#     9765.79   35.93   2876.61   18.98   9037.61   16.16
2012,rct2,67,57,124,La,9679.0,204.0,True,1892.63,57.95,False,,,False,15061.14,63.18,False,5350.28,152.8,False,12490.12,58.44,False, 124 La  57    9679#    204#     1892.63   57.95      *             15061.14   63.18   5350.28  152.80  12490.12   58.44
2012,rct2,66,58,124,Ce,12701.0,422.0,True,3554.0,357.0,True,,,False,10338.0,422.0,True,2219.0,422.0,True,11475.0,330.0,True, 124 Ce  58   12701#    422#     3554#    357#        *             10338#    422#     2219#    422#    11475#    330#  
2012,rct2,65,59,124,Pr,10884.0,566.0,True,154.0,499.0,True,,,False,15433.0,566.0,True,4482.0,566.0,True,14766.0,499.0,True, 124 Pr  59   10884#    566#      154#    499#        *             15433#    566#     4482#    566#    14766#    499#  
2012,rct2,64,60,124,Nd,,,False,1476.0,643.0,True,,,False,11130.0,711.0,True,1958.0,711.0,True,13890.0,643.0,True, 124 Nd  60       *              1476#    643#        *             11130#    711#     1958#    711#    13890#    643#  
2012,rct2,80,45,125,Rh,5109.0,643.0,True,15076.0,780.0,True,38271.0,504.0,True,5867.0,711.0,True,5069.0,711.0,True,,,False,0125 Rh  45    5109#    643#    15076#    780#    38271#    504#     5867#    711#     5069#    711#        *           
2012,rct2,79,46,125,Pd,3740.0,499.0,True,16343.0,566.0,True,31674.0,401.0,True,5997.0,566.0,True,2815.0,499.0,True,-6165.0,643.0,True, 125 Pd  46    3740#    499#    16343#    566#    31674#    401#     5997#    566#     2815#    499#    -6165#    643#  
2012,rct2,78,47,125,Ag,6101.42,650.04,False,12965.0,669.0,True,24026.02,599.42,False,6897.0,631.0,True,5249.98,599.74,False,-6411.0,669.0,True, 125 Ag  47    6101.42  650.04  12965#    669#    24026.02  599.42   6897#    631#     5249.98  599.74  -6411#    669#  
2012,rct2,77,48,125,Cd,4717.74,4.16,False,14436.93,251.52,False,15674.86,3.25,False,6910.79,30.87,False,2622.07,38.3,False,-3085.53,19.77,False, 125 Cd  48    4717.74    4.16  14436.93  251.52  15674.86    3.25   6910.79   30.87   2622.07   38.30  -3085.53   19.77
2012,rct2,76,49,125,In,7677.94,40.8,False,11064.14,27.19,False,8360.35,27.05,False,7648.15,27.16,False,4999.59,27.12,False,-3724.33,46.78,False, 125 In  49    7677.94   40.80  11064.14   27.19   8360.35   27.05   7648.15   27.16   4999.59   27.12  -3724.33   46.78
2012,rct2,75,50,125,Sn,5733.5,0.2,False,12315.17,30.58,False,1296.59,2.07,False,8244.84,19.83,False,2540.59,50.06,False,362.35,2.52,False, 125 Sn  50    5733.50    0.20  12315.17   30.58   1296.59    2.07   8244.84   19.83   2540.59   50.06    362.35    2.52
2012,rct2,74,51,125,Sb,8706.57,2.63,False,7310.99,2.6,False,-4168.42,8.15,False,10270.94,3.41,False,6549.34,3.41,False,963.1,50.12,False, 125 Sb  51    8706.57    2.63   7310.99    2.60  -4168.42    8.15  10270.94    3.41   6549.34    3.41    963.10   50.12
2012,rct2,73,52,125,Te,6568.97,0.03,False,8690.92,1.56,False,-9353.99,11.09,False,10912.68,1.56,False,4174.72,2.41,False,6564.99,2.67,False, 125 Te  52    6568.97    0.03   8690.92    1.56  -9353.99   11.09  10912.68    1.56   4174.72    2.41   6564.99    2.67
2012,rct2,72,53,125,I,9542.79,1.86,False,5600.85,0.07,False,-15077.7,26.04,False,11045.76,0.12,False,6341.31,0.14,False,5142.84,2.41,False, 125 I   53    9542.79    1.86   5600.85    0.07 -15077.70   26.04  11045.76    0.12   6341.31    0.14   5142.84    2.41
2012,rct2,71,54,125,Xe,7603.28,0.4,False,7116.27,2.88,False,-20535.0,196.0,True,11461.5,4.07,False,3751.48,5.46,False,8767.83,2.2,False, 125 Xe  54    7603.28    0.40   7116.27    2.88 -20535#    196#    11461.50    4.07   3751.48    5.46   8767.83    2.20
2012,rct2,70,55,125,Cs,10427.82,11.35,False,3715.76,7.83,False,-26056.0,298.0,True,11871.66,12.28,False,6131.19,13.54,False,7639.0,9.33,False, 125 Cs  55   10427.82   11.35   3715.76    7.83 -26056#    298#    11871.66   12.28   6131.19   13.54   7639.00    9.33
2012,rct2,69,56,125,Ba,8650.51,16.64,False,5226.6,13.78,False,-32070.0,401.0,True,12085.49,16.35,False,3339.85,35.43,False,11332.41,15.63,False, 125 Ba  56    8650.51   16.64   5226.60   13.78 -32070#    401#    12085.49   16.35   3339.85   35.43  11332.41   15.63
2012,rct2,68,57,125,La,11572.19,62.35,False,1958.68,28.84,False,,,False,12606.27,28.68,False,5713.51,38.17,False,10031.68,42.55,False, 125 La  57   11572.19   62.35   1958.68   28.84      *             12606.27   28.68   5713.51   38.17  10031.68   42.55
2012,rct2,67,58,125,Ce,9813.0,357.0,True,3688.0,204.0,True,,,False,12704.0,277.0,True,2750.0,357.0,True,13598.0,198.0,True, 125 Ce  58    9813#    357#     3688#    204#        *             12704#    277#     2750#    357#    13598#    198#  
2012,rct2,66,59,125,Pr,12952.0,499.0,True,405.0,422.0,True,,,False,12965.0,422.0,True,4706.0,499.0,True,12158.0,422.0,True, 125 Pr  59   12952#    499#      405#    422#        *             12965#    422#     4706#    499#    12158#    422#  
2012,rct2,65,60,125,Nd,11145.0,643.0,True,1737.0,566.0,True,,,False,13449.0,566.0,True,2209.0,643.0,True,15921.0,566.0,True, 125 Nd  60   11145#    643#     1737#    566#        *             13449#    566#     2209#    643#    15921#    566#  
2012,rct2,81,45,126,Rh,3628.0,711.0,True,,,False,40010.0,504.0,True,7367.0,780.0,True,4464.0,711.0,True,,,False,0126 Rh  45    3628#    711#        *             40010#    504#     7367#    780#     4464#    711#        *           
2012,rct2,80,46,126,Pd,5864.0,643.0,True,17098.0,711.0,True,34001.0,503.0,True,3864.0,643.0,True,2358.0,643.0,True,-9006.0,711.0,True, 126 Pd  46    5864#    643#    17098#    711#    34001#    503#     3864#    643#     2358#    643#    -9006#    711#  
2012,rct2,79,47,126,Ag,4621.0,631.0,True,13847.0,446.0,True,25613.0,198.0,True,8485.0,357.0,True,4501.0,277.0,True,-5625.0,446.0,True, 126 Ag  47    4621#    631#    13847#    446#    25613#    198#     8485#    357#     4501#    277#    -5625#    446#  
2012,rct2,78,48,126,Cd,6980.02,3.8,False,15315.53,599.42,False,17808.53,2.9,False,4654.14,251.52,False,2155.33,30.84,False,-6194.0,196.0,True, 126 Cd  48    6980.02    3.80  15315.53  599.42  17808.53    2.90   4654.14  251.52   2155.33   30.84  -6194#    196#  
2012,rct2,77,49,126,In,5367.41,38.14,False,11713.81,27.08,False,10138.37,27.18,False,9639.55,27.09,False,4505.31,27.06,False,-2578.45,40.86,False, 126 In  49    5367.41   38.14  11713.81   27.08  10138.37   27.18   9639.55   27.09   4505.31   27.06  -2578.45   40.86
2012,rct2,76,50,126,Sn,8190.18,10.4,False,12827.42,28.94,False,3130.28,11.04,False,5565.74,32.3,False,2279.22,22.39,False,-2954.7,10.79,False, 126 Sn  50    8190.18   10.40  12827.42   28.94   3130.28   11.04   5565.74   32.30   2279.22   22.39  -2954.70   10.79
2012,rct2,75,51,126,Sb,6208.35,31.86,False,7785.84,31.75,False,-2042.83,33.43,False,12551.76,31.75,False,6287.16,31.84,False,2683.57,37.43,False, 126 Sb  51    6208.35   31.86   7785.84   31.75  -2042.83   33.43  12551.76   31.75   6287.16   31.84   2683.57   37.43
2012,rct2,74,52,126,Te,9113.69,0.08,False,9098.04,2.12,False,-7395.43,12.59,False,8266.48,1.56,False,4023.55,1.56,False,3397.46,2.67,False, 126 Te  52    9113.69    0.08   9098.04    2.12  -7395.43   12.59   8266.48    1.56   4023.55    1.56   3397.46    2.67
2012,rct2,73,53,126,I,7145.43,3.68,False,6177.32,3.68,False,-12937.83,90.59,False,13324.81,3.68,False,6124.89,3.68,False,6959.92,3.99,False, 126 I   53    7145.43    3.68   6177.32    3.68 -12937.83   90.59  13324.81    3.68   6124.89    3.68   6959.92    3.99
2012,rct2,72,54,126,Xe,10023.87,4.03,False,7597.35,3.89,False,-18325.01,28.17,False,8930.96,4.31,False,3662.2,5.18,False,5672.97,3.89,False, 126 Xe  54   10023.87    4.03   7597.35    3.89 -18325.01   28.17   8930.96    4.31   3662.20    5.18   5672.97    3.89
2012,rct2,71,55,126,Cs,8333.93,12.97,False,4446.41,10.57,False,-24027.0,196.0,True,14021.4,10.56,False,5762.29,14.11,False,9239.66,11.06,False, 126 Cs  55    8333.93   12.97   4446.41   10.57 -24027#    196#    14021.40   10.56   5762.29   14.11   9239.66   11.06
2012,rct2,70,56,126,Ba,11072.25,16.64,False,5871.03,14.7,False,-29677.0,298.0,True,9772.24,15.0,False,3237.8,17.4,False,8225.19,15.72,False, 126 Ba  56   11072.25   16.64   5871.03   14.70 -29677#    298#     9772.24   15.00   3237.80   17.40   8225.19   15.72
2012,rct2,69,57,126,La,9285.3,94.17,False,2593.47,91.17,False,-35776.0,511.0,True,14827.11,91.37,False,5545.54,91.31,False,11716.58,91.31,False, 126 La  57    9285.30   94.17   2593.47   91.17 -35776#    511#    14827.11   91.37   5545.54   91.31  11716.58   91.31
2012,rct2,68,58,126,Ce,12234.0,198.0,True,4350.04,38.17,False,,,False,10148.86,63.18,False,2695.0,198.0,True,10480.8,30.46,False, 126 Ce  58   12234#    198#     4350.04   38.17      *             10148.86   63.18   2695#    198#    10480.80   30.46
2012,rct2,67,59,126,Pr,10363.0,357.0,True,955.0,277.0,True,,,False,15303.0,357.0,True,4827.0,357.0,True,13974.0,277.0,True, 126 Pr  59   10363#    357#      955#    277#        *             15303#    357#     4827#    357#    13974#    277#  
2012,rct2,66,60,126,Nd,13465.0,499.0,True,2250.0,422.0,True,,,False,10869.0,499.0,True,2209.0,499.0,True,12940.0,422.0,True, 126 Nd  60   13465#    499#     2250#    422#        *             10869#    499#     2209#    499#    12940#    422#  
2012,rct2,65,61,126,Pm,,,False,-1113.0,643.0,True,,,False,16039.0,711.0,True,,,False,16787.0,643.0,True, 126 Pm  61       *             -1113#    643#        *             16039#    711#        *             16787#    643#  
2012,rct2,81,46,127,Pd,3498.0,711.0,True,16967.0,711.0,True,36030.0,503.0,True,5476.0,711.0,True,2591.0,643.0,True,-7376.0,780.0,True,0127 Pd  46    3498#    711#    16967#    711#    36030#    503#     5476#    711#     2591#    643#    -7376#    780#  
2012,rct2,80,47,127,Ag,5873.0,277.0,True,13856.0,540.0,True,28118.0,196.0,True,6351.0,446.0,True,4836.0,357.0,True,-7767.0,446.0,True, 127 Ag  47    5873#    277#    13856#    540#    28118#    196#     6351#    446#     4836#    357#    -7767#    446#  
2012,rct2,79,48,127,Cd,4305.03,13.04,False,15000.0,196.0,True,19791.15,12.89,False,6450.53,599.55,False,2573.67,251.83,False,-4290.0,298.0,True, 127 Cd  48    4305.03   13.04  15000#    196#    19791.15   12.89   6450.53  599.55   2573.67  251.83  -4290#    298#  
2012,rct2,78,49,127,In,7196.69,34.26,False,11930.47,21.33,False,12085.6,21.49,False,7160.6,21.38,False,4667.43,21.4,False,-5051.76,252.39,False, 127 In  49    7196.69   34.26  11930.47   21.33  12085.60   21.49   7160.60   21.38   4667.43   21.40  -5051.76  252.39
2012,rct2,77,50,127,Sn,5527.26,14.5,False,12987.27,28.74,False,4850.32,10.85,False,7716.42,28.83,False,2263.04,32.18,False,-1123.16,10.5,False, 127 Sn  50    5527.26   14.50  12987.27   28.74   4850.32   10.85   7716.42   28.83   2263.04   32.18  -1123.16   10.50
2012,rct2,76,51,127,Sb,8377.51,32.16,False,7973.16,11.6,False,-459.33,7.54,False,9907.75,5.13,False,6398.82,5.13,False,-182.86,30.99,False, 127 Sb  51    8377.51   32.16   7973.16   11.60   -459.33    7.54   9907.75    5.13   6398.82    5.13   -182.86   30.99
2012,rct2,75,52,127,Te,6287.65,0.18,False,9177.34,31.79,False,-5463.72,11.46,False,10685.4,2.13,False,4203.4,1.57,False,5598.98,1.52,False, 127 Te  52    6287.65    0.18   9177.34   31.79  -5463.72   11.46  10685.40    2.13   4203.40    1.57   5598.98    1.52
2012,rct2,74,53,127,I,9143.91,2.74,False,6207.54,3.57,False,-11087.79,26.25,False,10749.87,3.57,False,6405.46,3.57,False,4283.51,3.89,False, 127 I   53    9143.91    2.74   6207.54    3.57 -11087.79   26.25  10749.87    3.57   6405.46    3.57   4283.51    3.89
2012,rct2,73,54,127,Xe,7247.3,5.45,False,7699.21,3.4,False,-16342.21,29.17,False,11226.45,4.05,False,3908.22,4.46,False,7850.16,4.05,False, 127 Xe  54    7247.30    5.45   7699.21    3.40 -16342.21   29.17  11226.45    4.05   3908.22    4.46   7850.16    4.05
2012,rct2,72,55,127,Cs,9961.01,11.8,False,4383.55,6.63,False,-21697.0,196.0,True,11663.67,5.87,False,6284.96,5.85,False,6771.97,6.02,False, 127 Cs  55    9961.01   11.80   4383.55    6.63 -21697#    196#    11663.67    5.87   6284.96    5.85   6771.97    6.02
2012,rct2,71,56,127,Ba,8219.36,16.89,False,5756.46,15.4,False,-27282.0,298.0,True,11980.7,13.75,False,3777.45,14.07,False,10489.51,11.5,False, 127 Ba  56    8219.36   16.89   5756.46   15.40 -27282#    298#    11980.70   13.75   3777.45   14.07  10489.51   11.50
2012,rct2,70,57,127,La,10993.96,94.17,False,2515.18,28.85,False,-33110.0,401.0,True,12483.66,28.23,False,6057.72,28.85,False,9481.63,27.29,False, 127 La  57   10993.96   94.17   2515.18   28.85 -33110#    401#    12483.66   28.23   6057.72   28.85   9481.63   27.29
2012,rct2,69,58,127,Ce,9230.1,40.18,False,4294.84,95.0,False,,,False,12490.95,38.85,False,3143.33,63.6,False,12756.84,31.46,False, 127 Ce  58    9230.10   40.18   4294.84   95.00      *             12490.95   38.85   3143.33   63.60  12756.84   31.46
2012,rct2,68,59,127,Pr,12291.0,277.0,True,1012.0,198.0,True,,,False,12825.0,277.0,True,5237.0,357.0,True,11362.0,204.0,True, 127 Pr  59   12291#    277#     1012#    198#        *             12825#    277#     5237#    357#    11362#    204#  
2012,rct2,67,60,127,Nd,10614.0,422.0,True,2501.0,357.0,True,,,False,13207.0,422.0,True,2479.0,499.0,True,15027.0,422.0,True, 127 Nd  60   10614#    422#     2501#    357#        *             13207#    422#     2479#    499#    15027#    422#  
2012,rct2,66,61,127,Pm,13660.0,643.0,True,-917.0,499.0,True,,,False,13524.0,566.0,True,4603.0,643.0,True,14011.0,566.0,True, 127 Pm  61   13660#    643#     -917#    499#        *             13524#    566#     4603#    643#    14011#    566#  
2012,rct2,82,46,128,Pd,5500.0,780.0,True,,,False,38492.0,596.0,True,3604.0,780.0,True,2200.0,780.0,True,,,False,0128 Pd  46    5500#    780#        *             38492#    596#     3604#    780#     2200#    780#        *           
2012,rct2,81,47,128,Ag,4392.0,357.0,True,14750.0,585.0,True,29728.0,299.0,True,7823.0,585.0,True,4184.0,499.0,True,-7050.0,585.0,True, 128 Ag  47    4392#    357#    14750#    585#    29728#    299#     7823#    585#     4184#    499#    -7050#    585#  
2012,rct2,80,48,128,Cd,6822.69,14.71,False,15949.0,196.0,True,21751.86,7.3,False,4249.0,196.0,True,1852.4,599.46,False,-7373.0,401.0,True, 128 Cd  48    6822.69   14.71  15949#    196#    21751.86    7.30   4249#    196#     1852.40  599.46  -7373#    401#  
2012,rct2,79,49,128,In,5318.97,154.93,False,12944.41,154.01,False,13592.76,153.52,False,8821.66,153.5,False,4066.2,153.51,False,-4269.31,618.75,False, 128 In  49    5318.97  154.93  12944.41  154.01  13592.76  153.52   8821.66  153.50   4066.20  153.51  -4269.31  618.75
2012,rct2,78,50,128,Sn,7962.11,20.32,False,13752.69,27.58,False,6498.26,17.68,False,5121.71,32.2,False,1978.87,32.28,False,-4367.53,17.89,False, 128 Sn  50    7962.11   20.32  13752.69   27.58   6498.26   17.68   5121.71   32.20   1978.87   32.28  -4367.53   17.89
2012,rct2,77,51,128,Sb,6002.14,19.79,False,8448.04,21.6,False,1301.26,19.87,False,12095.79,21.79,False,6130.17,19.15,False,1492.94,33.1,False, 128 Sb  51    6002.14   19.79   8448.04   21.60   1301.26   19.87  12095.79   21.79   6130.17   19.15   1492.94   33.10
2012,rct2,76,52,128,Te,8783.4,1.69,False,9583.24,5.18,False,-3614.84,5.32,False,8110.35,31.78,False,4126.57,2.7,False,2549.08,1.33,False, 128 Te  52    8783.40    1.69   9583.24    5.18  -3614.84    5.32   8110.35   31.78   4126.57    2.70   2549.08    1.33
2012,rct2,75,53,128,I,6826.13,0.05,False,6746.02,3.58,False,-9113.28,54.57,False,13037.43,3.57,False,6148.3,3.57,False,6163.95,4.16,False, 128 I   53    6826.13    0.05   6746.02    3.58  -9113.28   54.57  13037.43    3.57   6148.30    3.57   6163.95    4.16
2012,rct2,74,54,128,Xe,9610.05,4.2,False,8165.35,3.75,False,-14326.36,27.96,False,8761.83,3.91,False,3840.96,1.8,False,4809.08,1.8,False, 128 Xe  54    9610.05    4.20   8165.35    3.75 -14326.36   27.96   8761.83    3.91   3840.96    1.80   4809.08    1.80
2012,rct2,73,55,128,Cs,7762.73,7.79,False,4898.99,6.8,False,-19600.81,30.3,False,13924.81,6.52,False,6125.5,5.75,False,8552.02,5.64,False, 128 Cs  55    7762.73    7.79   4898.99    6.80 -19600.81   30.30  13924.81    6.52   6125.50    5.75   8552.02    5.64
2012,rct2,72,56,128,Ba,10632.28,12.51,False,6427.73,7.66,False,-25065.0,196.0,True,9682.35,11.65,False,3572.99,9.36,False,7460.51,5.57,False, 128 Ba  56   10632.28   12.51   6427.73    7.66 -25065#    196#     9682.35   11.65   3572.99    9.36   7460.51    5.57
2012,rct2,71,57,128,La,8800.64,60.34,False,3096.46,55.62,False,-30840.0,303.0,True,14755.28,55.86,False,5907.59,55.55,False,11108.81,55.0,False, 128 La  57    8800.64   60.34   3096.46   55.62 -30840#    303#    14755.28   55.86   5907.59   55.55  11108.81   55.00
2012,rct2,70,58,128,Ce,11625.9,40.18,False,4926.78,38.17,False,-36802.0,504.0,True,10150.36,94.72,False,3089.62,38.17,False,9781.45,30.03,False, 128 Ce  58   11625.90   40.18   4926.78   38.17 -36802#    504#    10150.36   94.72   3089.62   38.17   9781.45   30.03
2012,rct2,69,59,128,Pr,9859.0,198.0,True,1640.39,41.5,False,,,False,15200.61,40.86,False,5191.0,198.0,True,13075.13,39.55,False, 128 Pr  59    9859#    198#     1640.39   41.50      *             15200.61   40.86   5191#    198#    13075.13   39.55
2012,rct2,68,60,128,Nd,12850.0,357.0,True,3060.0,277.0,True,,,False,10720.0,277.0,True,2582.0,357.0,True,11990.0,277.0,True, 128 Nd  60   12850#    357#     3060#    277#        *             10720#    277#     2582#    357#    11990#    277#  
2012,rct2,67,61,128,Pm,11071.0,499.0,True,-461.0,422.0,True,,,False,15918.0,422.0,True,4678.0,499.0,True,15893.0,422.0,True, 128 Pm  61   11071#    499#     -461#    422#        *             15918#    422#     4678#    499#    15893#    422#  
2012,rct2,66,62,128,Sm,,,False,1234.0,643.0,True,,,False,11177.0,711.0,True,,,False,14514.0,643.0,True, 128 Sm  62       *              1234#    643#        *             11177#    711#        *             14514#    643#  
2012,rct2,82,47,129,Ag,5379.0,422.0,True,14629.0,667.0,True,32419.0,299.0,True,5942.0,585.0,True,4668.0,585.0,True,-8801.0,585.0,True,0129 Ag  47    5379#    422#    14629#    667#    32419#    299#     5942#    585#     4668#    585#    -8801#    585#  
2012,rct2,81,48,129,Cd,4339.0,196.0,True,15896.0,357.0,True,23496.0,196.0,True,5783.0,277.0,True,2135.0,277.0,True,-5848.0,540.0,True, 129 Cd  48    4339#    196#    15896#    357#    23496#    196#     5783#    277#     2135#    277#    -5848#    540#  
2012,rct2,80,49,129,In,6763.26,153.5,False,12884.97,7.73,False,15669.25,4.16,False,6363.43,13.08,False,4282.96,3.66,False,-6412.0,196.0,True, 129 In  49    6763.26  153.50  12884.97    7.73  15669.25    4.16   6363.43   13.08   4282.96    3.66  -6412#    196#  
2012,rct2,79,50,129,Sn,5316.4,26.22,False,13750.12,154.7,False,8088.95,19.38,False,7002.0,28.71,False,2029.88,33.17,False,-2703.9,19.54,False, 129 Sn  50    5316.40   26.22  13750.12  154.70   8088.95   19.38   7002.00   28.71   2029.88   33.17  -2703.90   19.54
2012,rct2,78,51,129,Sb,8070.35,28.56,False,8556.29,27.6,False,2869.92,21.71,False,9552.7,23.49,False,6250.0,23.66,False,-1210.01,34.29,False, 129 Sb  51    8070.35   28.56   8556.29   27.60   2869.92   21.71   9552.70   23.49   6250.00   23.66  -1210.01   34.29
2012,rct2,77,52,129,Te,6082.41,0.08,False,9663.5,19.12,False,-1941.55,10.61,False,10405.45,5.18,False,4252.5,31.78,False,4656.85,10.48,False, 129 Te  52    6082.41    0.08   9663.50   19.12  -1941.55   10.61  10405.45    5.18   4252.50   31.78   4656.85   10.48
2012,rct2,76,53,129,I,8839.75,4.82,False,6802.37,3.14,False,-7182.53,21.58,False,10485.32,3.49,False,6422.24,3.49,False,3532.55,31.92,False, 129 I   53    8839.75    4.82   6802.37    3.14  -7182.53   21.58  10485.32    3.49   6422.24    3.49   3532.55   31.92
2012,rct2,75,54,129,Xe,6907.1,1.06,False,8246.32,3.65,False,-12408.56,27.94,False,10998.64,3.65,False,4079.3,3.81,False,7015.67,1.51,False, 129 Xe  54    6907.10    1.06   8246.32    3.65 -12408.56   27.94  10998.64    3.65   4079.30    3.81   7015.67    1.51
2012,rct2,74,55,129,Cs,9639.01,7.1,False,4927.95,4.68,False,-17725.69,30.15,False,11533.1,6.14,False,6510.37,5.8,False,6058.45,5.94,False, 129 Cs  55    9639.01    7.10   4927.95    4.68 -17725.69   30.15  11533.10    6.14   6510.37    5.80   6058.45    5.94
2012,rct2,73,56,129,Ba,7755.7,11.26,False,6420.69,11.9,False,-22748.0,202.0,True,11887.67,11.96,False,4151.22,14.84,False,9728.68,11.17,False, 129 Ba  56    7755.70   11.26   6420.69   11.90 -22748#    202#    11887.67   11.96   4151.22   14.84   9728.68   11.17
2012,rct2,72,57,129,La,10770.5,58.48,False,3234.68,21.86,False,-28444.0,299.0,True,12204.14,24.18,False,6209.34,24.74,False,8672.24,23.75,False, 129 La  57   10770.50   58.48   3234.68   21.86 -28444#    299#    12204.14   24.18   6209.34   24.74   8672.24   23.75
2012,rct2,71,58,129,Ce,8824.9,39.52,False,4951.04,61.2,False,-34147.0,504.0,True,12319.42,38.17,False,3550.03,94.72,False,12028.81,30.61,False, 129 Ce  58    8824.90   39.52   4951.04   61.20 -34147#    504#    12319.42   38.17   3550.03   94.72  12028.81   30.61
2012,rct2,70,59,129,Pr,11514.12,42.15,False,1528.61,40.86,False,,,False,12916.58,41.5,False,5911.05,40.86,False,10846.31,95.29,False, 129 Pr  59   11514.12   42.15   1528.61   40.86      *             12916.58   41.50   5911.05   40.86  10846.31   95.29
2012,rct2,69,60,129,Nd,10072.0,281.0,True,3273.0,204.0,True,,,False,12939.0,281.0,True,2873.0,281.0,True,14152.0,204.0,True, 129 Nd  60   10072#    281#     3273#    204#        *             12939#    281#     2873#    281#    14152#    204#  
2012,rct2,68,61,129,Pm,13167.0,422.0,True,-144.0,357.0,True,,,False,13366.0,422.0,True,4976.0,422.0,True,13089.0,357.0,True, 129 Pm  61   13167#    422#     -144#    357#        *             13366#    422#     4976#    422#    13089#    357#  
2012,rct2,67,62,129,Sm,11481.0,711.0,True,1644.0,585.0,True,,,False,13356.0,643.0,True,1921.0,711.0,True,16498.0,585.0,True, 129 Sm  62   11481#    711#     1644#    585#        *             13356#    643#     1921#    711#    16498#    585#  
2012,rct2,83,47,130,Ag,1781.0,447.0,True,,,False,36367.0,334.0,True,9661.0,683.0,True,6385.0,604.0,True,,,False,0130 Ag  47    1781#    447#        *             36367#    334#     9661#    683#     6385#    604#        *           
2012,rct2,82,48,130,Cd,6096.0,256.0,True,16613.0,340.0,True,25819.09,164.46,False,4079.0,340.0,True,1912.0,256.0,True,-8446.0,529.0,True, 130 Cd  48    6096#    256#    16613#    340#    25819.09  164.46   4079#    340#     1912#    256#    -8446#    529#  
2012,rct2,81,49,130,In,5117.29,38.15,False,13664.0,199.0,True,17052.29,38.19,False,8068.84,38.74,False,3470.71,40.15,False,-5656.0,199.0,True, 130 In  49    5117.29   38.15  13664#    199#    17052.29   38.19   8068.84   38.74   3470.71   40.15  -5656#    199#  
2012,rct2,80,50,130,Sn,7597.08,19.5,False,14583.94,3.43,False,9747.6,2.13,False,4723.9,153.49,False,1629.49,21.29,False,-5995.95,12.98,False, 130 Sn  50    7597.08   19.50  14583.94    3.43   9747.60    2.13   4723.90  153.49   1629.49   21.29  -5995.95   12.98
2012,rct2,79,51,130,Sb,5728.25,25.57,False,8968.13,24.05,False,4613.48,16.51,False,11786.56,22.69,False,6049.02,17.44,False,258.43,25.53,False, 130 Sb  51    5728.25   25.57   8968.13   24.05   4613.48   16.51  11786.56   22.69   6049.02   17.44    258.43   25.53
2012,rct2,78,52,130,Te,8419.43,0.87,False,10012.58,21.23,False,-91.21,2.58,False,7988.16,19.12,False,4210.58,5.13,False,1764.68,10.06,False, 130 Te  52    8419.43    0.87  10012.58   21.23    -91.21    2.58   7988.16   19.12   4210.58    5.13   1764.68   10.06
2012,rct2,77,53,130,I,6500.33,0.04,False,7220.29,3.14,False,-5308.79,26.14,False,12768.4,3.14,False,6209.56,3.49,False,5409.72,6.02,False, 130 I   53    6500.33    0.04   7220.29    3.14  -5308.79   26.14  12768.40    3.14   6209.56    3.49   5409.72    6.02
2012,rct2,76,54,130,Xe,9255.72,0.01,False,8662.29,3.17,False,-10457.56,27.94,False,8569.05,3.65,False,3967.49,3.65,False,4047.6,1.52,False, 130 Xe  54    9255.72    0.01   8662.29    3.17 -10457.56   27.94   8569.05    3.65   3967.49    3.65   4047.60    1.52
2012,rct2,75,55,130,Cs,7471.81,9.52,False,5492.66,8.36,False,-15724.29,64.81,False,13671.34,8.42,False,6285.86,9.31,False,7730.55,9.12,False, 130 Cs  55    7471.81    9.52   5492.66    8.36 -15724.29   64.81  13671.34    8.42   6285.86    9.31   7730.55    9.12
2012,rct2,74,56,130,Ba,10269.76,10.58,False,7051.45,5.18,False,-20665.5,28.06,False,9380.64,6.02,False,3842.47,6.14,False,6706.21,4.85,False, 130 Ba  56   10269.76   10.58   7051.45    5.18 -20665.50   28.06   9380.64    6.02   3842.47    6.14   6706.21    4.85
2012,rct2,73,57,130,La,8374.07,33.6,False,3853.05,28.02,False,-26231.0,197.0,True,14462.35,26.47,False,6054.63,28.32,False,10259.19,26.54,False, 130 La  57    8374.07   33.60   3853.05   28.02 -26231#    197#    14462.35   26.47   6054.63   28.32  10259.19   26.54
2012,rct2,72,58,130,Ce,11206.73,39.52,False,5387.26,35.17,False,-31917.0,402.0,True,9913.33,61.2,False,3337.26,38.17,False,9041.44,30.16,False, 130 Ce  58   11206.73   39.52   5387.26   35.17 -31917#    402#     9913.33   61.20   3337.26   38.17   9041.44   30.16
2012,rct2,71,59,130,Pr,9473.22,70.85,False,2176.93,70.09,False,-37352.0,507.0,True,15069.27,70.09,False,5667.93,70.46,False,12367.05,69.33,False, 130 Pr  59    9473.22   70.85   2176.93   70.09 -37352#    507#    15069.27   70.09   5667.93   70.46  12367.05   69.33
2012,rct2,70,60,130,Nd,12353.0,204.0,True,4111.64,40.86,False,,,False,10445.33,40.86,False,2811.0,198.0,True,11029.51,40.18,False, 130 Nd  60   12353#    204#     4111.64   40.86      *             10445.33   40.86   2811#    198#    11029.51   40.18
2012,rct2,69,61,130,Pm,10586.0,357.0,True,370.0,281.0,True,,,False,15629.0,277.0,True,5004.0,357.0,True,14794.0,277.0,True, 130 Pm  61   10586#    357#      370#    281#        *             15629#    277#     5004#    357#    14794#    277#  
2012,rct2,68,62,130,Sm,13437.0,643.0,True,1914.0,499.0,True,,,False,10990.0,499.0,True,2144.0,566.0,True,13676.0,499.0,True, 130 Sm  62   13437#    643#     1914#    499#        *             10990#    499#     2144#    566#    13676#    499#  
2012,rct2,67,63,130,Eu,,,False,-1028.0,15.0,False,,,False,15619.0,712.0,True,,,False,16609.0,643.0,True, 130 Eu  63       *             -1028.00   15.00      *             15619#    712#        *             16609#    643#  
2012,rct2,83,48,131,Cd,1868.0,256.0,True,16700.0,387.0,True,29880.0,196.0,True,7590.0,357.0,True,4436.0,357.0,True,-4814.0,627.0,True,0131 Cd  48    1868#    256#    16700#    387#    29880#    196#     7590#    357#     4436#    357#    -4814#    627#  
2012,rct2,82,49,131,In,6213.04,38.15,False,13780.69,164.49,False,19417.2,2.75,False,6194.0,196.0,True,4080.36,7.72,False,-7477.0,298.0,True, 131 In  49    6213.04   38.15  13780.69  164.49  19417.20    2.75   6194#    196#     4080.36    7.72  -7477#    298#  
2012,rct2,81,50,131,Sn,5210.58,6.43,False,14677.24,38.54,False,11141.5,6.08,False,6276.57,6.64,False,1737.88,153.6,False,-4383.84,9.45,False, 131 Sn  50    5210.58    6.43  14677.24   38.54  11141.50    6.08   6276.57    6.64   1737.88  153.60  -4383.84    9.45
2012,rct2,80,51,131,Sb,7766.96,14.4,False,9138.02,2.99,False,6076.97,5.41,False,9336.0,19.49,False,6244.17,17.79,False,-2189.55,153.49,False, 131 Sb  51    7766.96   14.40   9138.02    2.99   6076.97    5.41   9336.00   19.49   6244.17   17.79  -2189.55  153.49
2012,rct2,79,52,131,Te,5929.38,0.06,False,10213.71,14.24,False,1472.91,2.59,False,10129.13,21.23,False,4283.35,19.12,False,3797.41,17.66,False, 131 Te  52    5929.38    0.06  10213.71   14.24   1472.91    2.59  10129.13   21.23   4283.35   19.12   3797.41   17.66
2012,rct2,78,53,131,I,8577.95,3.23,False,7378.81,0.64,False,-3673.53,27.95,False,10272.86,1.08,False,6415.02,1.08,False,2833.92,19.13,False, 131 I   53    8577.95    3.23   7378.81    0.64  -3673.53   27.95  10272.86    1.08   6415.02    1.08   2833.92   19.13
2012,rct2,77,54,131,Xe,6604.49,0.22,False,8766.45,3.18,False,-8705.19,32.8,False,10804.32,3.18,False,4189.13,3.65,False,6226.52,0.89,False, 131 Xe  54    6604.49    0.22   8766.45    3.18  -8705.19   32.80  10804.32    3.18   4189.13    3.65   6226.52    0.89
2012,rct2,76,55,131,Cs,9230.45,9.73,False,5467.39,4.98,False,-13758.22,47.26,False,11347.98,4.98,False,6665.45,5.09,False,5326.23,6.17,False, 131 Cs  55    9230.45    9.73   5467.39    4.98 -13758.22   47.26  11347.98    4.98   6665.45    5.09   5326.23    6.17
2012,rct2,75,56,131,Ba,7493.5,0.3,False,7073.15,8.75,False,-18915.89,27.64,False,11526.14,5.19,False,4111.7,6.03,False,8822.76,2.8,False, 131 Ba  56    7493.50    0.30   7073.15    8.75 -18915.89   27.64  11526.14    5.19   4111.70    6.03   8822.76    2.80
2012,rct2,74,57,131,La,10213.21,38.13,False,3796.49,28.06,False,-23846.0,198.0,True,12004.84,29.88,False,6473.71,28.43,False,7808.71,28.47,False, 131 La  57   10213.21   38.13   3796.49   28.06 -23846#    198#    12004.84   29.88   6473.71   28.43   7808.71   28.47
2012,rct2,73,58,131,Ce,8356.85,43.09,False,5370.04,41.82,False,-29575.0,402.0,True,12326.98,39.14,False,3781.05,63.57,False,11316.87,33.22,False, 131 Ce  58    8356.85   43.09   5370.04   41.82 -29575#    402#    12326.98   39.14   3781.05   63.57  11316.87   33.22
2012,rct2,72,59,131,Pr,11196.52,79.62,False,2166.72,54.68,False,-35031.0,403.0,True,12697.65,54.68,False,6097.32,54.68,False,9971.18,71.92,False, 131 Pr  59   11196.52   79.62   2166.72   54.68 -35031#    403#    12697.65   54.68   6097.32   54.68   9971.18   71.92
2012,rct2,71,60,131,Nd,9243.12,39.22,False,3881.55,69.92,False,,,False,12716.33,40.57,False,3426.78,40.57,False,13412.29,39.22,False, 131 Nd  60    9243.12   39.22   3881.55   69.92      *             12716.33   40.57   3426.78   40.57  13412.29   39.22
2012,rct2,70,61,131,Pm,12598.0,277.0,True,616.0,198.0,True,,,False,13103.0,281.0,True,5255.0,277.0,True,12054.0,198.0,True, 131 Pm  61   12598#    277#      616#    198#        *             13103#    281#     5255#    277#    12054#    198#  
2012,rct2,69,62,131,Sm,10698.0,566.0,True,2026.0,446.0,True,,,False,13459.0,499.0,True,2517.0,499.0,True,15828.0,446.0,True, 131 Sm  62   10698#    566#     2026#    446#        *             13459#    499#     2517#    499#    15828#    446#  
2012,rct2,68,63,131,Eu,13518.0,643.0,True,-947.09,5.27,False,,,False,13581.0,643.0,True,4325.0,643.0,True,14162.0,499.0,True, 131 Eu  63   13518#    643#     -947.09    5.27      *             13581#    643#     4325#    643#    14162#    499#  
2012,rct2,84,48,132,Cd,3004.0,277.0,True,,,False,34925.0,196.0,True,6367.0,387.0,True,6811.0,357.0,True,,,False,0132 Cd  48    3004#    277#        *             34925#    196#     6367#    387#     6811#    357#        *           
2012,rct2,83,49,132,In,2454.65,60.13,False,14367.0,205.0,True,23294.58,60.21,False,9835.75,175.09,False,5964.0,205.0,True,-4552.0,304.0,True, 132 In  49    2454.65   60.13  14367#    205#    23294.58   60.21   9835.75  175.09   5964#    205#    -4552#    304#  
2012,rct2,82,50,132,Sn,7343.1,6.73,False,15807.3,3.94,False,12735.05,2.9,False,4050.75,38.17,False,1158.04,3.96,False,-7388.0,196.0,True, 132 Sn  50    7343.10    6.73  15807.30    3.94  12735.05    2.90   4050.75   38.17   1158.04    3.96  -7388#    196#  
2012,rct2,81,51,132,Sb,5724.98,3.43,False,9652.42,6.65,False,7520.68,3.36,False,11208.09,3.44,False,5835.58,19.57,False,-1151.28,3.82,False, 132 Sb  51    5724.98    3.43   9652.42    6.65   7520.68    3.36  11208.09    3.44   5835.58   19.57  -1151.28    3.82
2012,rct2,80,52,132,Te,8048.49,3.49,False,10495.25,4.07,False,3246.8,3.64,False,7808.89,14.66,False,4305.21,21.52,False,1065.32,19.69,False, 132 Te  52    8048.49    3.49  10495.25    4.07   3246.80    3.64   7808.89   14.66   4305.21   21.52   1065.32   19.69
2012,rct2,79,53,132,I,6332.02,4.12,False,7781.45,4.07,False,-1979.86,36.59,False,12360.26,4.07,False,6165.4,4.16,False,4572.25,21.62,False, 132 I   53    6332.02    4.12   7781.45    4.07  -1979.86   36.59  12360.26    4.07   6165.40    4.16   4572.25   21.62
2012,rct2,78,54,132,Xe,8936.65,0.22,False,9125.15,0.64,False,-6808.0,20.45,False,8368.0,3.17,False,4092.23,3.17,False,3372.28,0.87,False, 132 Xe  54    8936.65    0.22   9125.15    0.64  -6808.00   20.45   8368.00    3.17   4092.23    3.17   3372.28    0.87
2012,rct2,77,55,132,Cs,7168.69,5.36,False,6031.59,2.01,False,-11942.76,56.86,False,13435.02,2.0,False,6403.86,2.0,False,6997.3,3.75,False, 132 Cs  55    7168.69    5.36   6031.59    2.01 -11942.76   56.86  13435.02    2.00   6403.86    2.00   6997.30    3.75
2012,rct2,76,56,132,Ba,9822.39,2.73,False,7665.08,5.08,False,-17009.18,24.23,False,9175.56,8.42,False,3928.32,4.67,False,5907.47,1.06,False, 132 Ba  56    9822.39    2.73   7665.08    5.08 -17009.18   24.23   9175.56    8.42   3928.32    4.67   5907.47    1.06
2012,rct2,75,57,132,La,8025.69,45.86,False,4328.68,36.45,False,-22096.0,153.0,True,14248.91,36.45,False,6203.71,37.86,False,9422.02,36.64,False, 132 La  57    8025.69   45.86   4328.68   36.45 -22096#    153#    14248.91   36.45   6203.71   37.86   9422.02   36.64
2012,rct2,74,58,132,Ce,10833.84,38.66,False,5990.68,34.63,False,-27392.0,299.0,True,9867.21,33.04,False,3717.71,29.54,False,8238.73,22.96,False, 132 Ce  58   10833.84   38.66   5990.68   34.63 -27392#    299#     9867.21   33.04   3717.71   29.54   8238.73   22.96
2012,rct2,73,59,132,Pr,8984.14,73.74,False,2794.01,65.61,False,-32989.0,405.0,True,14920.23,63.32,False,5938.07,63.32,False,11757.53,60.7,False, 132 Pr  59    8984.14   73.74   2794.01   65.61 -32989#    405#    14920.23   63.32   5938.07   63.32  11757.53   60.70
2012,rct2,72,60,132,Nd,11729.09,36.65,False,4414.12,52.86,False,,,False,10460.46,68.68,False,3211.81,38.4,False,10508.09,36.97,False, 132 Nd  60   11729.09   36.65   4414.12   52.86      *             10460.46   68.68   3211.81   38.40  10508.09   36.97
2012,rct2,71,61,132,Pm,9776.0,246.0,True,1149.0,152.0,True,,,False,15679.0,152.0,True,5551.0,251.0,True,13792.0,152.0,True, 132 Pm  61    9776#    246#     1149#    152#        *             15679#    152#     5551#    251#    13792#    152#  
2012,rct2,70,62,132,Sm,13018.0,499.0,True,2445.0,357.0,True,,,False,11028.0,357.0,True,2666.0,422.0,True,12882.0,360.0,True, 132 Sm  62   13018#    499#     2445#    357#        *             11028#    357#     2666#    422#    12882#    360#  
2012,rct2,69,63,132,Eu,11026.0,566.0,True,-619.0,566.0,True,,,False,15992.0,566.0,True,4780.0,643.0,True,16303.0,499.0,True, 132 Eu  63   11026#    566#     -619#    566#        *             15992#    566#     4780#    643#    16303#    499#  
2012,rct2,85,48,133,Cd,1728.0,357.0,True,,,False,39012.0,298.0,True,,,False,6864.0,447.0,True,,,False,0133 Cd  48    1728#    357#        *             39012#    298#        *              6864#    447#        *           
2012,rct2,84,49,133,In,3126.0,205.0,True,14489.0,277.0,True,28423.0,196.0,True,8578.0,277.0,True,8934.0,256.0,True,-5898.0,387.0,True, 133 In  49    3126#    205#    14489#    277#    28423#    196#     8578#    277#     8934#    256#    -5898#    387#  
2012,rct2,83,50,133,Sn,2401.61,3.75,False,15754.27,60.12,False,16769.36,3.38,False,7862.18,3.58,False,3873.71,38.13,False,-3693.95,164.48,False, 133 Sn  50    2401.61    3.75  15754.27   60.12  16769.36    3.38   7862.18    3.58   3873.71   38.13  -3693.95  164.48
2012,rct2,82,51,133,Sb,7358.25,4.17,False,9667.57,4.3,False,9148.42,3.18,False,9060.43,6.85,False,6074.41,3.83,False,-3392.25,38.19,False, 133 Sb  51    7358.25    4.17   9667.57    4.30   9148.42    3.18   9060.43    6.85   6074.41    3.83  -3392.25   38.19
2012,rct2,81,52,133,Te,5815.19,5.02,False,10585.46,4.51,False,4621.53,3.74,False,9760.65,4.18,False,4218.26,14.69,False,2847.2,4.19,False, 133 Te  52    5815.19    5.02  10585.46    4.51   4621.53    3.74   9760.65    4.18   4218.26   14.69   2847.20    4.19
2012,rct2,80,53,133,I,8254.4,6.19,False,7987.36,5.82,False,-392.19,28.33,False,10035.25,4.67,False,6330.43,4.66,False,2046.1,14.99,False, 133 I   53    8254.40    6.19   7987.36    5.82   -392.19   28.33  10035.25    4.67   6330.43    4.66   2046.10   14.99
2012,rct2,79,54,133,Xe,6435.93,2.4,False,9229.05,4.72,False,-5225.36,16.53,False,10510.02,2.48,False,4156.64,3.97,False,5355.78,2.4,False, 133 Xe  54    6435.93    2.40   9229.05    4.72  -5225.36   16.53  10510.02    2.48   4156.64    3.97   5355.78    2.40
2012,rct2,78,55,133,Cs,8986.0,2.0,False,6080.94,0.01,False,-10133.35,12.5,False,11053.51,0.22,False,6673.59,0.01,False,4511.63,3.17,False, 133 Cs  55    8986.00    2.00   6080.94    0.01 -10133.35   12.50  11053.51    0.22   6673.59    0.01   4511.63    3.17
2012,rct2,77,56,133,Ba,7189.92,0.36,False,7686.31,2.23,False,-15221.22,46.59,False,11216.1,5.07,False,4210.21,8.42,False,7973.28,0.99,False, 133 Ba  56    7189.92    0.36   7686.31    2.23 -15221.22   46.59  11216.10    5.07   4210.21    8.42   7973.28    0.99
2012,rct2,76,57,133,La,9842.07,45.86,False,4348.36,27.96,False,-20086.74,57.54,False,11900.35,28.06,False,6631.41,28.06,False,7051.76,29.17,False, 133 La  57    9842.07   45.86   4348.36   27.96 -20086.74   57.54  11900.35   28.06   6631.41   28.06   7051.76   29.17
2012,rct2,75,58,133,Ce,8018.57,26.19,False,5983.55,39.87,False,-25187.0,299.0,True,12061.85,32.38,False,4073.21,30.67,False,10489.92,16.56,False, 133 Ce  58    8018.57   26.19   5983.55   39.87 -25187#    299#    12061.85   32.38   4073.21   30.67  10489.92   16.56
2012,rct2,74,59,133,Pr,10795.41,58.18,False,2755.59,23.97,False,-30702.0,298.0,True,12481.67,35.1,False,6349.38,30.61,False,9336.19,28.8,False, 133 Pr  59   10795.41   58.18   2755.59   23.97 -30702#    298#    12481.67   35.10   6349.38   30.61   9336.19   28.80
2012,rct2,73,60,133,Nd,8977.88,52.49,False,4407.86,73.47,False,-36311.0,505.0,True,12679.09,66.16,False,3707.14,79.37,False,12736.93,54.31,False, 133 Nd  60    8977.88   52.49   4407.86   73.47 -36311#    505#    12679.09   66.16   3707.14   79.37  12736.93   54.31
2012,rct2,72,61,133,Pm,11851.0,157.0,True,1270.81,55.82,False,,,False,13071.19,57.34,False,6052.64,57.54,False,11414.21,81.62,False, 133 Pm  61   11851#    157#     1270.81   55.82      *             13071.19   57.34   6052.64   57.54  11414.21   81.62
2012,rct2,71,62,133,Sm,10223.0,422.0,True,2892.0,333.0,True,,,False,13403.0,357.0,True,3029.0,357.0,True,15012.0,299.0,True, 133 Sm  62   10223#    422#     2892#    333#        *             13403#    357#     3029#    357#    15012#    299#  
2012,rct2,70,63,133,Eu,13083.0,499.0,True,-554.0,422.0,True,,,False,13608.0,499.0,True,5134.0,499.0,True,13806.0,357.0,True, 133 Eu  63   13083#    499#     -554#    422#        *             13608#    499#     5134#    499#    13806#    357#  
2012,rct2,69,64,133,Gd,,,False,1085.0,643.0,True,,,False,13960.0,643.0,True,2667.0,712.0,True,17132.0,643.0,True, 133 Gd  64       *              1085#    643#        *             13960#    643#     2667#    712#    17132#    643#  
2012,rct2,85,49,134,In,2268.0,357.0,True,15030.0,422.0,True,32398.0,298.0,True,9314.0,357.0,True,8534.0,357.0,True,,,False,0134 In  49    2268#    357#    15030#    422#    32398#    298#     9314#    357#     8534#    357#        *           
2012,rct2,84,50,134,Sn,3629.34,3.88,False,16257.0,196.0,True,21692.07,3.17,False,6687.49,60.16,False,6457.41,4.23,False,-5455.0,196.0,True, 134 Sn  50    3629.34    3.88  16257#    196#    21692.07    3.17   6687.49   60.16   6457.41    4.23  -5455#    196#  
2012,rct2,83,51,134,Sb,3169.35,3.61,False,10435.3,2.93,False,12870.61,1.71,False,13234.18,3.36,False,8115.64,6.31,False,-348.56,3.17,False, 134 Sb  51    3169.35    3.61  10435.30    2.93  12870.61    1.71  13234.18    3.36   8115.64    6.31   -348.56    3.17
2012,rct2,82,52,134,Te,7675.25,4.55,False,10902.46,4.22,False,6414.06,2.79,False,7810.38,3.87,False,4309.97,3.48,False,382.53,6.67,False, 134 Te  52    7675.25    4.55  10902.46    4.22   6414.06    2.79   7810.38    3.87   4309.97    3.48    382.53    6.67
2012,rct2,81,53,134,I,6243.85,7.22,False,8416.01,6.59,False,1159.55,20.68,False,11839.89,6.52,False,6015.96,5.51,False,3569.21,5.9,False, 134 I   53    6243.85    7.22   8416.01    6.59   1159.55   20.68  11839.89    6.52   6015.96    5.51   3569.21    5.90
2012,rct2,80,54,134,Xe,8552.05,2.54,False,9526.7,4.74,False,-3291.41,20.4,False,8289.99,4.15,False,4182.54,1.06,False,2733.11,0.84,False, 134 Xe  54    8552.05    2.54   9526.70    4.74  -3291.41   20.40   8289.99    4.15   4182.54    1.06   2733.11    0.84
2012,rct2,79,55,134,Cs,6891.54,0.01,False,6536.55,2.4,False,-8363.16,20.32,False,13098.61,0.02,False,6386.53,0.22,False,6198.03,0.64,False, 134 Cs  55    6891.54    0.01   6536.55    2.40  -8363.16   20.32  13098.61    0.02   6386.53    0.22   6198.03    0.64
2012,rct2,78,56,134,Ba,9467.78,1.03,False,8168.09,0.28,False,-13303.62,11.82,False,8917.0,2.02,False,3972.88,4.98,False,5109.98,0.35,False, 134 Ba  56    9467.78    1.03   8168.09    0.28 -13303.62   11.82   8917.00    2.02   3972.88    4.98   5109.98    0.35
2012,rct2,77,57,134,La,7795.58,34.32,False,4954.03,19.95,False,-18479.9,61.09,False,13927.15,19.96,False,6329.33,20.1,False,8486.63,20.54,False, 134 La  57    7795.58   34.32   4954.03   19.95 -18479.90   61.09  13927.15   19.96   6329.33   20.10   8486.63   20.54
2012,rct2,76,58,134,Ce,10485.99,26.14,False,6627.48,34.59,False,-23457.0,197.0,True,9601.55,41.68,False,3800.42,34.59,False,7497.43,20.55,False, 134 Ce  58   10485.99   26.14   6627.48   34.59 -23457#    197#     9601.55   41.68   3800.42   34.59   7497.43   20.55
2012,rct2,75,59,134,Pr,8661.73,23.85,False,3398.75,26.08,False,-28600.0,299.0,True,14653.78,28.83,False,6044.5,38.58,False,10887.67,34.55,False, 134 Pr  59    8661.73   23.85   3398.75   26.08 -28600#    299#    14653.78   28.83   6044.50   38.58  10887.67   34.55
2012,rct2,74,60,134,Nd,11385.38,48.05,False,4997.82,17.2,False,-34344.0,401.0,True,10277.86,58.04,False,3518.28,48.46,False,9708.41,34.87,False, 134 Nd  60   11385.38   48.05   4997.82   17.20 -34344#    401#    10277.86   58.04   3518.28   48.46   9708.41   34.87
2012,rct2,73,61,134,Pm,9402.42,76.59,False,1695.35,74.19,False,,,False,15397.86,62.62,False,5893.34,63.97,False,13208.31,74.46,False, 134 Pm  61    9402.42   76.59   1695.35   74.19      *             15397.86   62.62   5893.34   63.97  13208.31   74.46
2012,rct2,72,62,134,Sm,12216.0,357.0,True,3257.0,202.0,True,,,False,10962.0,246.0,True,3411.0,277.0,True,12038.0,198.0,True, 134 Sm  62   12216#    357#     3257#    202#        *             10962#    246#     3411#    277#    12038#    198#  
2012,rct2,71,63,134,Eu,10763.0,422.0,True,-14.0,422.0,True,,,False,15862.0,422.0,True,5069.0,499.0,True,15641.0,357.0,True, 134 Eu  63   10763#    422#      -14#    422#        *             15862#    422#     5069#    499#    15641#    357#  
2012,rct2,70,64,134,Gd,13353.0,643.0,True,1355.0,499.0,True,,,False,11633.0,566.0,True,2832.0,566.0,True,14477.0,566.0,True, 134 Gd  64   13353#    643#     1355#    499#        *             11633#    566#     2832#    566#    14477#    566#  
2012,rct2,86,49,135,In,2939.0,499.0,True,,,False,37261.0,401.0,True,8103.0,499.0,True,8599.0,446.0,True,,,False,0135 In  49    2939#    499#        *             37261#    401#     8103#    499#     8599#    446#        *           
2012,rct2,85,50,135,Sn,2271.33,4.49,False,16261.0,298.0,True,25784.52,5.16,False,7542.0,196.0,True,6640.72,60.15,False,-4722.0,196.0,True, 135 Sn  50    2271.33    4.49  16261#    298#    25784.52    5.16   7542#    196#     6640.72   60.15  -4722#    196#  
2012,rct2,84,51,135,Sb,3740.4,3.35,False,10546.37,4.37,False,17892.19,3.05,False,11895.39,3.75,False,11718.34,4.09,False,-1634.31,60.14,False, 135 Sb  51    3740.40    3.35  10546.37    4.37  17892.19    3.05  11895.39    3.75  11718.34    4.09  -1634.31   60.14
2012,rct2,83,52,135,Te,3263.18,3.87,False,10996.29,3.19,False,10122.85,2.72,False,11905.45,4.17,False,6771.77,3.82,False,4462.45,3.96,False, 135 Te  52    3263.18    3.87  10996.29    3.19  10122.85    2.72  11905.45    4.17   6771.77    3.82   4462.45    3.96
2012,rct2,82,53,135,I,7801.17,7.72,False,8541.93,6.07,False,2854.55,10.87,False,9853.91,6.5,False,6263.28,6.43,False,1493.01,6.04,False, 135 I   53    7801.17    7.72   8541.93    6.07   2854.55   10.87   9853.91    6.50   6263.28    6.43   1493.01    6.04
2012,rct2,81,54,135,Xe,6363.78,4.23,False,9646.63,6.9,False,-1800.41,11.07,False,10180.61,6.24,False,4150.78,5.81,False,4417.82,5.42,False, 135 Xe  54    6363.78    4.23   9646.63    6.90  -1800.41   11.07  10180.61    6.24   4150.78    5.81   4417.82    5.42
2012,rct2,80,55,135,Cs,8761.98,1.0,False,6746.48,1.3,False,-6645.95,11.86,False,10772.56,2.6,False,6561.2,1.0,False,3768.08,4.19,False, 135 Cs  55    8761.98    1.00   6746.48    1.30  -6645.95   11.86  10772.56    2.60   6561.20    1.00   3768.08    4.19
2012,rct2,79,56,135,Ba,6971.97,0.1,False,8248.53,0.27,False,-11637.1,19.13,False,10931.02,0.27,False,4169.59,2.02,False,7074.65,0.27,False, 135 Ba  56    6971.97    0.10   8248.53    0.27 -11637.10   19.13  10931.02    0.27   4169.59    2.02   7074.65    0.27
2012,rct2,78,57,135,La,9496.18,22.05,False,4982.42,9.43,False,-16616.58,65.88,False,11620.89,9.49,False,6655.54,9.49,False,6159.14,9.64,False, 135 La  57    9496.18   22.05   4982.42    9.43 -16616.58   65.88  11620.89    9.49   6655.54    9.49   6159.14    9.64
2012,rct2,77,58,135,Ce,7854.78,22.83,False,6686.68,22.42,False,-21759.14,154.97,False,11588.83,29.77,False,3971.33,37.78,False,9465.03,10.32,False, 135 Ce  58    7854.78   22.83   6686.68   22.42 -21759.14  154.97  11588.83   29.77   3971.33   37.78   9465.03   10.32
2012,rct2,76,59,135,Pr,10479.19,23.5,False,3391.94,23.56,False,-26788.0,196.0,True,12193.16,20.18,False,6399.16,23.62,False,8434.17,38.23,False, 135 Pr  59   10479.19   23.50   3391.94   23.56 -26788#    196#    12193.16   20.18   6399.16   23.62   8434.17   38.23
2012,rct2,75,60,135,Nd,8638.49,22.48,False,4974.59,27.9,False,-31921.0,401.0,True,12434.78,22.85,False,3863.93,59.95,False,11903.76,28.0,False, 135 Nd  60    8638.49   22.48   4974.59   27.90 -31921#    401#    12434.78   22.85   3863.93   59.95  11903.76   28.00
2012,rct2,74,61,135,Pm,11359.49,87.1,False,1669.46,66.27,False,-37201.0,406.0,True,13016.25,80.13,False,6262.94,69.55,False,10832.96,86.49,False, 135 Pm  61   11359.49   87.10   1669.46   66.27 -37201#    406#    13016.25   80.13   6262.94   69.55  10832.96   86.49
2012,rct2,73,62,135,Sm,9552.0,249.0,True,3407.44,165.06,False,,,False,13261.24,162.6,False,3634.0,215.0,True,14214.99,156.51,False, 135 Sm  62    9552#    249#     3407.44  165.06      *             13261.24  162.60   3634#    215#    14214.99  156.51
2012,rct2,72,63,135,Eu,12291.0,357.0,True,61.0,277.0,True,,,False,13794.0,357.0,True,5796.0,357.0,True,13126.0,246.0,True, 135 Eu  63   12291#    357#       61#    277#        *             13794#    357#     5796#    357#    13126#    246#  
2012,rct2,71,64,135,Gd,11061.0,566.0,True,1653.0,499.0,True,,,False,13654.0,499.0,True,2796.0,566.0,True,16433.0,499.0,True, 135 Gd  64   11061#    566#     1653#    499#        *             13654#    499#     2796#    566#    16433#    499#  
2012,rct2,70,65,135,Tb,,,False,-1188.0,7.0,False,,,False,13906.0,643.0,True,,,False,15046.0,566.0,True, 135 Tb  65       *             -1188.00    7.00      *             13906#    643#        *             15046#    566#  
2012,rct2,86,50,136,Sn,3338.0,401.0,True,16660.0,566.0,True,30530.0,401.0,True,6473.0,499.0,True,6429.0,446.0,True,-6333.0,499.0,True,0136 Sn  50    3338#    401#    16660#    566#    30530#    401#     6473#    499#     6429#    446#    -6333#    499#  
2012,rct2,85,51,136,Sb,2891.49,6.96,False,11166.53,7.04,False,21829.12,6.61,False,12633.24,7.13,False,11228.46,6.77,False,-1400.0,196.0,True, 136 Sb  51    2891.49    6.96  11166.53    7.04  21829.12    6.61  12633.24    7.13  11228.46    6.77  -1400#    196#  
2012,rct2,84,52,136,Te,4769.26,3.64,False,12025.15,3.78,False,14461.33,2.46,False,10305.54,2.98,False,9360.76,4.01,False,2094.81,3.42,False, 136 Te  52    4769.26    3.64  12025.15    3.78  14461.33    2.46  10305.54    2.98   9360.76    4.01   2094.81    3.42
2012,rct2,83,53,136,I,3827.84,15.19,False,9106.59,14.45,False,6492.0,55.03,False,13701.32,14.46,False,8250.64,14.65,False,5023.43,14.55,False, 136 I   53    3827.84   15.19   9106.59   14.45   6492.00   55.03  13701.32   14.46   8250.64   14.65   5023.43   14.55
2012,rct2,82,54,136,Xe,8083.7,4.15,False,9929.16,5.4,False,79.44,0.38,False,8340.76,5.51,False,4321.47,4.66,False,2149.31,3.61,False, 136 Xe  54    8083.70    4.15   9929.16    5.40     79.44    0.38   8340.76    5.51   4321.47    4.66   2149.31    3.61
2012,rct2,81,55,136,Cs,6828.42,2.12,False,7211.12,4.55,False,-4998.49,11.61,False,12496.2,2.06,False,6168.71,3.05,False,5194.06,5.03,False, 136 Cs  55    6828.42    2.12   7211.12    4.55  -4998.49   11.61  12496.20    2.06   6168.71    3.05   5194.06    5.03
2012,rct2,80,56,136,Ba,9107.74,0.04,False,8594.29,1.03,False,-9687.85,11.82,False,8714.82,0.27,False,4047.85,0.27,False,4402.83,2.42,False, 136 Ba  56    9107.74    0.04   8594.29    1.03  -9687.85   11.82   8714.82    0.27   4047.85    0.27   4402.83    2.42
2012,rct2,79,57,136,La,7465.29,54.0,False,5475.74,53.17,False,-14856.98,89.0,False,13623.38,53.17,False,6380.16,53.18,False,7679.85,53.17,False, 136 La  57    7465.29   54.00   5475.74   53.17 -14856.98   89.00  13623.38   53.17   6380.16   53.18   7679.85   53.17
2012,rct2,78,58,136,Ce,9963.55,10.27,False,7154.05,9.43,False,-19697.7,12.5,False,9420.87,19.93,False,3849.85,27.95,False,6691.4,1.07,False, 136 Ce  58    9963.55   10.27   7154.05    9.43 -19697.70   12.50   9420.87   19.93   3849.85   27.95   6691.40    1.07
2012,rct2,77,59,136,Pr,8475.88,16.46,False,4013.04,15.38,False,-25097.0,196.0,True,14203.27,23.38,False,5941.84,19.97,False,9800.36,30.2,False, 136 Pr  59    8475.88   16.46   4013.04   15.38 -25097#    196#    14203.27   23.38   5941.84   19.97   9800.36   30.20
2012,rct2,76,60,136,Nd,11056.99,22.48,False,5552.4,16.71,False,-30110.0,298.0,True,10039.51,23.5,False,3602.35,17.2,False,8865.33,20.18,False, 136 Nd  60   11056.99   22.48   5552.40   16.71 -30110#    298#    10039.51   23.50   3602.35   17.20   8865.33   20.18
2012,rct2,75,61,136,Pm,9224.89,96.67,False,2255.86,73.89,False,-35122.0,508.0,True,15176.74,72.34,False,6015.93,85.22,False,12403.48,72.45,False, 136 Pm  61    9224.89   96.67   2255.86   73.89 -35122#    508#    15176.74   72.34   6015.93   85.22  12403.48   72.45
2012,rct2,74,62,136,Sm,12024.99,155.13,False,4072.94,66.39,False,,,False,10638.67,59.09,False,3460.81,51.83,False,11167.88,48.22,False, 136 Sm  62   12024.99  155.13   4072.94   66.39      *             10638.67   59.09   3460.81   51.83  11167.88   48.22
2012,rct2,73,63,136,Eu,10167.0,277.0,True,675.0,249.0,True,,,False,15843.0,277.0,True,5851.0,357.0,True,14810.0,202.0,True, 136 Eu  63   10167#    277#      675#    249#        *             15843#    277#     5851#    357#    14810#    202#  
2012,rct2,72,64,136,Gd,12869.0,499.0,True,2231.0,357.0,True,,,False,11549.0,422.0,True,3010.0,422.0,True,13788.0,422.0,True, 136 Gd  64   12869#    499#     2231#    357#        *             11549#    422#     3010#    422#    13788#    422#  
2012,rct2,71,65,136,Tb,11304.0,643.0,True,-945.0,643.0,True,,,False,15955.0,643.0,True,4827.0,711.0,True,16824.0,585.0,True, 136 Tb  65   11304#    643#     -945#    643#        *             15955#    643#     4827#    711#    16824#    585#  
2012,rct2,87,50,137,Sn,1961.0,643.0,True,,,False,32595.0,503.0,True,7451.0,643.0,True,6736.0,585.0,True,,,False,0137 Sn  50    1961#    643#        *             32595#    503#     7451#    643#     6736#    585#        *           
2012,rct2,86,51,137,Sb,3591.65,300.47,False,11420.0,501.0,True,26515.69,300.41,False,11312.92,300.42,False,11266.15,300.42,False,-2723.0,423.0,True, 137 Sb  51    3591.65  300.47  11420#    501#    26515.69  300.41  11312.92  300.42  11266.15  300.42  -2723#    423#  
2012,rct2,85,52,137,Te,2949.74,3.51,False,12083.4,6.82,False,18417.23,2.53,False,11096.21,3.83,False,9580.37,3.04,False,2774.41,4.13,False, 137 Te  52    2949.74    3.51  12083.40    6.82  18417.23    2.53  11096.21    3.83   9580.37    3.04   2774.41    4.13
2012,rct2,84,53,137,I,4882.09,16.49,False,9219.42,8.73,False,10784.65,8.54,False,12082.41,8.81,False,11043.8,8.83,False,3310.69,8.56,False, 137 I   53    4882.09   16.49   9219.42    8.73  10784.65    8.54  12082.41    8.81  11043.80    8.83   3310.69    8.56
2012,rct2,83,54,137,Xe,4025.56,0.1,False,10126.89,14.2,False,3535.41,0.43,False,12116.37,5.4,False,6539.76,5.51,False,5799.0,2.77,False, 137 Xe  54    4025.56    0.10  10126.89   14.20   3535.41    0.43  12116.37    5.40   6539.76    5.51   5799.00    2.77
2012,rct2,82,55,137,Cs,8278.23,1.87,False,7405.64,0.33,False,-3343.99,8.14,False,10581.75,4.16,False,6442.53,0.9,False,3159.68,5.52,False, 137 Cs  55    8278.23    1.87   7405.64    0.33  -3343.99    8.14  10581.75    4.16   6442.53    0.90   3159.68    5.52
2012,rct2,81,56,137,Ba,6905.63,0.07,False,8671.51,1.86,False,-8136.89,11.74,False,10571.17,1.04,False,4033.76,0.28,False,6049.25,0.89,False, 137 Ba  56    6905.63    0.07   8671.51    1.86  -8136.89   11.74  10571.17    1.04   4033.76    0.28   6049.25    0.89
2012,rct2,80,57,137,La,9174.74,53.2,False,5542.74,1.63,False,-13068.06,13.15,False,11420.61,1.63,False,6673.21,1.63,False,5396.65,1.65,False, 137 La  57    9174.74   53.20   5542.74    1.63 -13068.06   13.15  11420.61    1.63   6673.21    1.63   5396.65    1.65
2012,rct2,79,58,137,Ce,7481.53,0.16,False,7170.3,53.17,False,-17892.28,42.4,False,11435.51,9.44,False,4163.9,19.93,False,8677.65,0.33,False, 137 Ce  58    7481.53    0.16   7170.30   53.17 -17892.28   42.40  11435.51    9.44   4163.90   19.93   8677.65    0.33
2012,rct2,78,59,137,Pr,9932.73,14.05,False,3982.22,8.13,False,-23083.0,196.0,True,12125.33,13.1,False,6495.11,21.95,False,7663.22,21.53,False, 137 Pr  59    9932.73   14.05   3982.22    8.13 -23083#    196#    12125.33   13.10   6495.11   21.95   7663.22   21.53
2012,rct2,77,60,137,Nd,8456.6,16.66,False,5533.11,16.4,False,-28371.0,298.0,True,12062.1,16.66,False,3807.48,23.46,False,10894.72,23.52,False, 137 Nd  60    8456.60   16.66   5533.11   16.40 -28371#    298#    12062.10   16.66   3807.48   23.46  10894.72   23.52
2012,rct2,76,61,137,Pm,10963.66,72.55,False,2162.53,17.6,False,-33106.0,503.0,True,12851.57,23.15,False,6437.64,17.6,False,10101.55,24.14,False, 137 Pm  61   10963.66   72.55   2162.53   17.60 -33106#    503#    12851.57   23.15   6437.64   17.60  10101.55   24.14
2012,rct2,75,62,137,Sm,9286.95,44.2,False,4135.0,83.01,False,,,False,12711.21,77.78,False,3576.28,71.64,False,13266.31,44.01,False, 137 Sm  62    9286.95   44.20   4135.00   83.01      *             12711.21   77.78   3576.28   71.64  13266.31   44.01
2012,rct2,74,63,137,Eu,11946.0,277.0,True,597.0,196.0,True,,,False,13449.0,249.0,True,6122.0,277.0,True,12267.0,204.0,True, 137 Eu  63   11946#    277#      597#    196#        *             13449#    249#     6122#    277#    12267#    204#  
2012,rct2,73,64,137,Gd,10195.0,422.0,True,2259.0,357.0,True,,,False,13645.0,357.0,True,3579.0,422.0,True,15809.0,357.0,True, 137 Gd  64   10195#    422#     2259#    357#        *             13645#    357#     3579#    422#    15809#    357#  
2012,rct2,72,65,137,Tb,12980.0,711.0,True,-834.0,585.0,True,,,False,14036.0,643.0,True,5199.0,643.0,True,14607.0,585.0,True, 137 Tb  65   12980#    711#     -834#    585#        *             14036#    643#     5199#    643#    14607#    585#  
2012,rct2,88,50,138,Sn,3144.0,780.0,True,,,False,35111.0,596.0,True,,,False,6531.0,718.0,True,,,False,0138 Sn  50    3144#    780#        *             35111#    596#        *              6531#    718#        *           
2012,rct2,87,51,138,Sb,2580.0,423.0,True,12040.0,585.0,True,28348.0,298.0,True,12071.0,499.0,True,10957.0,298.0,True,-2364.0,499.0,True, 138 Sb  51    2580#    423#    12040#    585#    28348#    298#    12071#    499#    10957#    298#    -2364#    499#  
2012,rct2,86,52,138,Te,4463.29,5.05,False,12955.04,300.44,False,22565.66,4.39,False,9524.41,7.7,False,8857.48,5.24,False,582.45,5.35,False, 138 Te  52    4463.29    5.05  12955.04  300.44  22565.66    4.39   9524.41    7.70   8857.48    5.24    582.45    5.35
2012,rct2,85,53,138,I,3694.96,10.29,False,9964.64,6.47,False,14542.0,6.88,False,13156.72,6.44,False,10612.02,6.55,False,3356.13,6.62,False, 138 I   53    3694.96   10.29   9964.64    6.47  14542.00    6.88  13156.72    6.44  10612.02    6.55   3356.13    6.62
2012,rct2,84,54,138,Xe,5660.15,2.81,False,10904.95,8.84,False,7596.5,10.28,False,10284.05,14.47,False,8680.78,6.09,False,3402.03,3.89,False, 138 Xe  54    5660.15    2.81  10904.95    8.84   7596.50   10.28  10284.05   14.47   8680.78    6.09   3402.03    3.89
2012,rct2,83,55,138,Cs,4412.54,9.16,False,7792.62,9.16,False,244.69,16.78,False,14252.91,9.16,False,8393.77,10.06,False,6548.31,10.63,False, 138 Cs  55    4412.54    9.16   7792.62    9.16    244.69   16.78  14252.91    9.16   8393.77   10.06   6548.31   10.63
2012,rct2,82,56,138,Ba,8611.72,0.04,False,9005.0,0.18,False,-6243.55,11.6,False,8787.86,1.86,False,4184.01,1.04,False,3801.31,4.16,False, 138 Ba  56    8611.72    0.04   9005.00    0.18  -6243.55   11.60   8787.86    1.86   4184.01    1.04   3801.31    4.16
2012,rct2,81,57,138,La,7452.31,3.8,False,6089.41,3.43,False,-11581.41,27.95,False,13076.05,3.43,False,6192.87,3.43,False,6706.32,3.57,False, 138 La  57    7452.31    3.80   6089.41    3.43 -11581.41   27.95  13076.05    3.43   6192.87    3.43   6706.32    3.57
2012,rct2,80,58,138,Ce,9721.25,9.89,False,7716.8,10.02,False,-16070.97,15.41,False,9179.55,54.08,False,3938.83,13.66,False,5928.38,9.89,False, 138 Ce  58    9721.25    9.89   7716.80   10.02 -16070.97   15.41   9179.55   54.08   3938.83   13.66   5928.38    9.89
2012,rct2,79,59,138,Pr,8001.22,16.24,False,4501.9,14.07,False,-21382.07,31.28,False,14087.66,14.07,False,6348.68,17.41,False,9158.17,16.93,False, 138 Pr  59    8001.22   16.24   4501.90   14.07 -21382.07   31.28  14087.66   14.07   6348.68   17.41   9158.17   16.93
2012,rct2,78,60,138,Nd,10505.06,16.5,False,6105.44,14.17,False,-26362.0,196.0,True,10032.92,16.3,False,3781.61,16.56,False,8244.45,15.49,False, 138 Nd  60   10505.06   16.50   6105.44   14.17 -26362#    196#    10032.92   16.30   3781.61   16.56   8244.45   15.49
2012,rct2,77,61,138,Pm,8938.95,30.65,False,2644.89,30.12,False,-31272.0,299.0,True,14969.61,30.15,False,6137.18,33.69,False,11641.78,30.15,False, 138 Pm  61    8938.95   30.65   2644.89   30.12 -31272#    299#    14969.61   30.15   6137.18   33.69  11641.78   30.15
2012,rct2,76,62,138,Sm,11542.55,44.01,False,4713.89,17.6,False,-36567.0,401.0,True,10393.54,72.34,False,3393.22,66.27,False,10362.25,22.48,False, 138 Sm  62   11542.55   44.01   4713.89   17.60 -36567#    401#    10393.54   72.34   3393.22   66.27  10362.25   22.48
2012,rct2,75,63,138,Eu,9702.0,198.0,True,1012.11,50.78,False,,,False,15772.03,30.61,False,5971.6,157.13,False,13923.66,70.94,False, 138 Eu  63    9702#    198#     1012.11   50.78      *             15772.03   30.61   5971.60  157.13  13923.66   70.94
2012,rct2,74,64,138,Gd,12515.0,357.0,True,2827.0,277.0,True,,,False,11298.0,277.0,True,3355.0,277.0,True,12847.0,249.0,True, 138 Gd  64   12515#    357#     2827#    277#        *             11298#    277#     3355#    277#    12847#    249#  
2012,rct2,73,65,138,Tb,10773.0,585.0,True,-256.0,422.0,True,,,False,16132.0,422.0,True,5488.0,499.0,True,16126.0,357.0,True, 138 Tb  65   10773#    585#     -256#    422#        *             16132#    422#     5488#    499#    16126#    357#  
2012,rct2,72,66,138,Dy,,,False,1253.0,643.0,True,,,False,11838.0,643.0,True,2759.0,566.0,True,15008.0,566.0,True, 138 Dy  66       *              1253#    643#        *             11838#    643#     2759#    566#    15008#    566#  
2012,rct2,88,51,139,Sb,3321.0,499.0,True,12217.0,718.0,True,30913.0,401.0,True,10711.0,643.0,True,10975.0,566.0,True,,,False,0139 Sb  51    3321#    499#    12217#    718#    30913#    401#    10711#    643#    10975#    566#        *           
2012,rct2,87,52,139,Te,2580.19,5.63,False,12955.0,298.0,True,24708.9,3.55,False,10535.87,300.43,False,9168.78,7.26,False,1340.0,401.0,True, 139 Te  52    2580.19    5.63  12955#    298#    24708.90    3.55  10535.87  300.43   9168.78    7.26   1340#    401#  
2012,rct2,86,53,139,I,4550.45,29.49,False,10051.8,29.21,False,18769.56,28.97,False,11556.0,28.99,False,10830.83,28.98,False,1697.17,29.56,False, 139 I   53    4550.45   29.49  10051.80   29.21  18769.56   28.97  11556.00   28.99  10830.83   28.98   1697.17   29.56
2012,rct2,85,54,139,Xe,3743.66,3.53,False,10953.65,6.33,False,11305.63,7.61,False,11422.48,8.65,False,8764.96,14.36,False,4427.63,3.25,False, 139 Xe  54    3743.66    3.53  10953.65    6.33  11305.63    7.61  11422.48    8.65   8764.96   14.36   4427.63    3.25
2012,rct2,84,55,139,Cs,5885.41,9.68,False,8017.88,4.21,False,4119.99,8.48,False,12393.06,3.14,False,10592.07,3.14,False,4490.74,14.54,False, 139 Cs  55    5885.41    9.68   8017.88    4.21   4119.99    8.48  12393.06    3.14  10592.07    3.14   4490.74   14.54
2012,rct2,83,56,139,Ba,4723.43,0.04,False,9315.89,9.16,False,-2899.32,27.6,False,12342.66,0.18,False,6289.0,1.86,False,7161.58,0.29,False, 139 Ba  56    4723.43    0.04   9315.89    9.16  -2899.32   27.60  12342.66    0.18   6289.00    1.86   7161.58    0.29
2012,rct2,82,57,139,La,8778.01,2.57,False,6255.7,2.27,False,-9727.98,13.76,False,11203.67,2.27,False,6522.61,2.27,False,4756.73,2.93,False, 139 La  57    8778.01    2.57   6255.70    2.27  -9727.98   13.76  11203.67    2.27   6522.61    2.27   4756.73    2.93
2012,rct2,81,58,139,Ce,7452.78,12.04,False,7717.28,7.41,False,-14569.99,13.11,False,10901.51,7.48,False,3951.33,53.67,False,7583.34,7.3,False, 139 Ce  58    7452.78   12.04   7717.28    7.41 -14569.99   13.11  10901.51    7.48   3951.33   53.67   7583.34    7.30
2012,rct2,80,59,139,Pr,9760.71,15.93,False,4541.37,12.4,False,-19423.09,15.33,False,11808.48,7.88,False,6551.51,7.88,False,6862.75,53.75,False, 139 Pr  59    9760.71   15.93   4541.37   12.40 -19423.09   15.33  11808.48    7.88   6551.51    7.88   6862.75   53.75
2012,rct2,79,60,139,Nd,8067.66,29.94,False,6171.88,30.95,False,-24383.0,198.0,True,11897.99,28.78,False,4189.83,29.88,False,10140.34,27.6,False, 139 Nd  60    8067.66   29.94   6171.88   30.95 -24383#    198#    11897.99   28.78   4189.83   29.88  10140.34   27.60
2012,rct2,78,61,139,Pm,10631.44,30.89,False,2771.27,17.87,False,-29370.0,298.0,True,12794.76,17.96,False,6562.73,18.01,False,9486.22,17.78,False, 139 Pm  61   10631.44   30.89   2771.27   17.87 -29370#    298#    12794.76   17.96   6562.73   18.01   9486.22   17.78
2012,rct2,77,62,139,Sm,8953.77,16.07,False,4728.71,29.8,False,-34739.0,503.0,True,12403.44,16.99,False,3664.34,72.19,False,12465.47,16.07,False, 139 Sm  62    8953.77   16.07   4728.71   29.80 -34739#    503#    12403.44   16.99   3664.34   72.19  12465.47   16.07
2012,rct2,76,63,139,Eu,11719.69,30.88,False,1189.25,17.68,False,,,False,13339.29,44.39,False,6276.9,18.14,False,11428.86,72.57,False, 139 Eu  63   11719.69   30.88   1189.25   17.68      *             13339.29   44.39   6276.90   18.14  11428.86   72.57
2012,rct2,75,64,139,Gd,10046.0,277.0,True,3171.0,198.0,True,,,False,13198.0,277.0,True,3476.0,277.0,True,14826.0,196.0,True, 139 Gd  64   10046#    277#     3171#    198#        *             13198#    277#     3476#    277#    14826#    196#  
2012,rct2,74,65,139,Tb,12533.0,422.0,True,-238.0,357.0,True,,,False,13794.0,422.0,True,5823.0,422.0,True,13760.0,357.0,True, 139 Tb  65   12533#    422#     -238#    357#        *             13794#    422#     5823#    422#    13760#    357#  
2012,rct2,73,66,139,Dy,10782.0,643.0,True,1262.0,585.0,True,,,False,14036.0,711.0,True,3281.0,711.0,True,17094.0,585.0,True, 139 Dy  66   10782#    643#     1262#    585#        *             14036#    711#     3281#    711#    17094#    585#  
2012,rct2,89,51,140,Sb,2222.0,718.0,True,,,False,33112.0,596.0,True,11633.0,843.0,True,10714.0,780.0,True,,,False,0140 Sb  51    2222#    718#        *             33112#    596#    11633#    843#    10714#    780#        *           
2012,rct2,88,52,140,Te,4222.97,28.17,False,13857.0,402.0,True,26913.5,29.05,False,8893.0,299.0,True,8537.46,301.7,False,-922.0,504.0,True, 140 Te  52    4222.97   28.17  13857#    402#    26913.50   29.05   8893#    299#     8537.46  301.70   -922#    504#  
2012,rct2,87,53,140,I,3208.18,183.92,False,10679.79,181.68,False,20722.35,181.66,False,12811.11,181.69,False,10572.39,181.66,False,2080.64,351.05,False, 140 I   53    3208.18  183.92  10679.79  181.68  20722.35  181.66  12811.11  181.69  10572.39  181.66   2080.64  351.05
2012,rct2,86,54,140,Xe,5413.19,3.16,False,11816.39,28.97,False,15092.73,3.19,False,9704.25,6.4,False,8233.86,8.7,False,1964.17,3.43,False, 140 Xe  54    5413.19    3.16  11816.39   28.97  15092.73    3.19   9704.25    6.40   8233.86    8.70   1964.17    3.43
2012,rct2,85,55,140,Cs,4420.51,8.78,False,8694.73,8.48,False,7640.85,10.36,False,13632.71,8.67,False,10197.12,8.2,False,4952.32,11.73,False, 140 Cs  55    4420.51    8.78   8694.73    8.48   7640.85   10.36  13632.71    8.67  10197.12    8.20   4952.32   11.73
2012,rct2,84,56,140,Ba,6427.57,7.95,False,9858.06,8.54,False,983.55,27.2,False,10327.63,12.12,False,8139.65,7.95,False,4759.57,7.94,False, 140 Ba  56    6427.57    7.95   9858.06    8.54    983.55   27.20  10327.63   12.12   8139.65    7.95   4759.57    7.94
2012,rct2,83,57,140,La,5160.98,0.04,False,6693.25,2.27,False,-6109.67,35.47,False,14654.42,2.27,False,8267.26,2.27,False,7873.98,2.28,False, 140 La  57    5160.98    0.04   6693.25    2.27  -6109.67   35.47  14654.42    2.27   8267.26    2.27   7873.98    2.28
2012,rct2,82,58,140,Ce,9200.29,7.18,False,8139.56,1.8,False,-12623.24,12.69,False,9153.52,3.14,False,3925.78,2.73,False,5288.68,2.19,False, 140 Ce  58    9200.29    7.18   8139.56    1.80 -12623.24   12.69   9153.52    3.14   3925.78    2.73   5288.68    2.19
2012,rct2,81,59,140,Pr,7941.36,9.81,False,5029.95,9.36,False,-17705.24,51.93,False,13588.36,11.39,False,6091.68,6.39,False,8096.13,6.59,False, 140 Pr  59    7941.36    9.81   5029.95    9.36 -17705.24   51.93  13588.36   11.39   6091.68    6.39   8096.13    6.59
2012,rct2,80,60,140,Nd,10310.44,37.93,False,6721.61,27.18,False,-22471.5,38.18,False,9588.77,29.57,False,3812.12,27.26,False,7311.43,26.02,False, 140 Nd  60   10310.44   37.93   6721.61   27.18 -22471.50   38.18   9588.77   29.57   3812.12   27.26   7311.43   26.02
2012,rct2,79,61,140,Pm,8779.28,37.91,False,3482.9,44.88,False,-27726.3,801.27,False,14520.54,37.25,False,6240.05,37.29,False,10639.66,36.32,False, 140 Pm  61    8779.28   37.91   3482.90   44.88 -27726.30  801.27  14520.54   37.25   6240.05   37.29  10639.66   36.32
2012,rct2,78,62,140,Sm,11147.03,16.57,False,5244.3,18.47,False,-32626.0,503.0,True,10195.35,30.42,False,3480.97,18.06,False,9775.03,17.14,False, 140 Sm  62   11147.03   16.57   5244.30   18.47 -32626#    503#    10195.35   30.42   3480.97   18.06   9775.03   17.14
2012,rct2,77,63,140,Eu,9659.21,53.19,False,1894.69,52.67,False,-37727.0,506.0,True,15222.63,52.88,False,5904.65,66.73,False,12733.31,53.16,False, 140 Eu  63    9659.21   53.19   1894.69   52.67 -37727#    506#    15222.63   52.88   5904.65   66.73  12733.31   53.16
2012,rct2,76,64,140,Gd,12222.0,198.0,True,3673.2,30.88,False,,,False,10678.2,39.52,False,3200.0,198.0,True,11890.65,50.78,False, 140 Gd  64   12222#    198#     3673.20   30.88      *             10678.20   39.52   3200#    198#    11890.65   50.78
2012,rct2,75,65,140,Tb,10423.0,854.0,True,140.0,824.0,True,,,False,15885.0,824.0,True,5595.0,854.0,True,15283.0,824.0,True, 140 Tb  65   10423#    854#      140#    824#        *             15885#    824#     5595#    854#    15283#    824#  
2012,rct2,74,66,140,Dy,13260.0,711.0,True,1989.0,585.0,True,,,False,11549.0,585.0,True,3001.0,711.0,True,14030.0,585.0,True, 140 Dy  66   13260#    711#     1989#    585#        *             11549#    585#     3001#    711#    14030#    585#  
2012,rct2,73,67,140,Ho,,,False,-1093.9,10.0,False,,,False,16383.0,643.0,True,,,False,17355.0,711.0,True, 140 Ho  67       *             -1093.90   10.00      *             16383#    643#        *             17355#    711#  
2012,rct2,89,52,141,Te,2202.0,402.0,True,13837.0,718.0,True,29246.0,401.0,True,10012.0,566.0,True,8916.0,499.0,True,20.0,718.0,True,0141 Te  52    2202#    402#    13837#    718#    29246#    401#    10012#    566#     8916#    499#       20#    718#  
2012,rct2,88,53,141,I,4380.0,267.0,True,10837.0,198.0,True,23030.0,196.0,True,11011.0,196.0,True,10656.0,196.0,True,281.0,357.0,True, 141 I   53    4380#    267#    10837#    198#    23030#    196#    11011#    196#    10656#    196#      281#    357#  
2012,rct2,87,54,141,Xe,3282.16,3.71,False,11890.38,181.66,False,17238.7,3.62,False,10972.54,29.02,False,8646.65,6.62,False,3145.3,5.24,False, 141 Xe  54    3282.16    3.71  11890.38  181.66  17238.70    3.62  10972.54   29.02   8646.65    6.62   3145.30    5.24
2012,rct2,86,55,141,Cs,5498.13,12.14,False,8779.67,9.41,False,11539.28,9.34,False,11878.24,9.36,False,10359.14,9.54,False,3149.15,10.89,False, 141 Cs  55    5498.13   12.14   8779.67    9.41  11539.28    9.34  11878.24    9.36  10359.14    9.54   3149.15   10.89
2012,rct2,85,56,141,Ba,4533.87,9.48,False,9971.42,9.75,False,4460.63,6.34,False,11679.16,6.17,False,8018.32,10.59,False,5885.85,6.01,False, 141 Ba  56    4533.87    9.48   9971.42    9.75   4460.63    6.34  11679.16    6.17   8018.32   10.59   5885.85    6.01
2012,rct2,84,57,141,La,6687.68,4.31,False,6953.35,8.97,False,-2411.69,14.67,False,12690.17,4.46,False,10191.3,4.46,False,5598.84,10.18,False, 141 La  57    6687.68    4.31   6953.35    8.97  -2411.69   14.67  12690.17    4.46  10191.30    4.46   5598.84   10.18
2012,rct2,83,58,141,Ce,5428.14,0.1,False,8406.73,1.8,False,-9502.14,8.69,False,12503.39,1.8,False,5949.95,3.14,False,8472.26,2.19,False, 141 Ce  58    5428.14    0.10   8406.73    1.80  -9502.14    8.69  12503.39    1.80   5949.95    3.14   8472.26    2.19
2012,rct2,82,59,141,Pr,9396.56,6.09,False,5226.21,1.06,False,-16090.8,12.8,False,11644.59,7.23,False,6416.37,9.73,False,6151.88,3.25,False, 141 Pr  59    9396.56    6.09   5226.21    1.06 -16090.80   12.80  11644.59    7.23   6416.37    9.73   6151.88    3.25
2012,rct2,81,60,141,Nd,8010.95,26.25,False,6791.2,6.71,False,-20969.18,20.07,False,11338.53,8.3,False,3802.38,14.23,False,9021.73,10.13,False, 141 Nd  60    8010.95   26.25   6791.20    6.71 -20969.18   20.07  11338.53    8.30   3802.38   14.23   9021.73   10.13
2012,rct2,80,61,141,Pm,10385.66,38.05,False,3558.12,29.53,False,-25982.08,106.18,False,12202.53,30.94,False,6359.44,18.16,False,8255.22,19.82,False, 141 Pm  61   10385.66   38.05   3558.12   29.53 -25982.08  106.18  12202.53   30.94   6359.44   18.16   8255.22   19.82
2012,rct2,79,62,141,Sm,8549.25,15.15,False,5014.26,36.41,False,-30551.0,298.0,True,12277.55,16.06,False,3870.67,29.03,False,11730.84,14.42,False, 141 Sm  62    8549.25   15.15   5014.26   36.41 -30551#    298#    12277.55   16.06   3870.67   29.03  11730.84   14.42
2012,rct2,78,63,141,Eu,11011.0,53.07,False,1758.66,17.77,False,-35561.0,503.0,True,13165.4,16.68,False,6436.2,17.3,False,10661.26,30.48,False, 141 Eu  63   11011.00   53.07   1758.66   17.77 -35561#    503#    13165.40   16.68   6436.20   17.30  10661.26   30.48
2012,rct2,77,64,141,Gd,9513.27,34.23,False,3527.26,55.2,False,,,False,12884.62,23.74,False,3389.5,34.23,False,13919.94,23.02,False, 141 Gd  64    9513.27   34.23   3527.26   55.20      *             12884.62   23.74   3389.50   34.23  13919.94   23.02
2012,rct2,76,65,141,Tb,12129.88,807.38,False,47.54,108.91,False,,,False,13802.0,222.0,True,5980.0,222.0,True,12855.23,108.91,False, 141 Tb  65   12129.88  807.38     47.54  108.91      *             13802#    222#     5980#    222#    12855.23  108.91
2012,rct2,75,66,141,Dy,10624.0,585.0,True,2189.0,854.0,True,,,False,13459.0,422.0,True,3150.0,422.0,True,15921.0,357.0,True, 141 Dy  66   10624#    585#     2189#    854#        *             13459#    422#     3150#    422#    15921#    357#  
2012,rct2,74,67,141,Ho,13177.0,711.0,True,-1176.78,7.43,False,,,False,13988.0,711.0,True,5431.0,643.0,True,14950.0,585.0,True, 141 Ho  67   13177#    711#    -1176.78    7.43      *             13988#    711#     5431#    643#    14950#    585#  
2012,rct2,90,52,142,Te,3954.0,643.0,True,,,False,31473.0,503.0,True,8280.0,780.0,True,8283.0,643.0,True,,,False,0142 Te  52    3954#    643#        *             31473#    503#     8280#    780#     8283#    643#        *           
2012,rct2,89,53,142,I,2937.0,422.0,True,11572.0,548.0,True,25253.84,374.52,False,12297.54,375.5,False,10299.14,374.48,False,665.0,548.0,True, 142 I   53    2937#    422#    11572#    548#    25253.84  374.52  12297.54  375.50  10299.14  374.48    665#    548#  
2012,rct2,88,54,142,Xe,5103.66,3.95,False,12614.0,196.0,True,19303.09,3.83,False,9077.06,181.66,False,8093.44,29.0,False,621.83,4.45,False, 142 Xe  54    5103.66    3.95  12614#    196#    19303.09    3.83   9077.06  181.66   8093.44   29.00    621.83    4.45
2012,rct2,87,55,142,Cs,4112.0,11.58,False,9609.5,7.9,False,13270.42,7.66,False,13179.43,7.72,False,9990.8,7.66,False,3587.6,29.8,False, 142 Cs  55    4112.00   11.58   9609.50    7.90  13270.42    7.66  13179.43    7.72   9990.80    7.66   3587.60   29.80
2012,rct2,86,56,142,Ba,6181.27,7.96,False,10654.56,10.85,False,8107.15,6.18,False,9918.4,10.12,False,7722.46,6.71,False,3448.24,6.3,False, 142 Ba  56    6181.27    7.96  10654.56   10.85   8107.15    6.18   9918.40   10.12   7722.46    6.71   3448.24    6.30
2012,rct2,85,57,142,La,5160.53,7.41,False,7580.01,8.28,False,1118.24,24.43,False,13957.21,10.11,False,9754.2,6.39,False,6323.72,7.11,False, 142 La  57    5160.53    7.41   7580.01    8.28   1118.24   24.43  13957.21   10.11   9754.20    6.39   6323.72    7.11
2012,rct2,84,58,142,Ce,7168.05,2.42,False,8887.09,4.6,False,-5546.13,3.55,False,10496.32,2.85,False,7559.91,2.85,False,6027.64,2.72,False, 142 Ce  58    7168.05    2.42   8887.09    4.60  -5546.13    3.55  10496.32    2.85   7559.91    2.85   6027.64    2.72
2012,rct2,83,59,142,Pr,5843.15,0.08,False,5641.22,1.06,False,-12474.65,30.17,False,15001.73,1.06,False,8026.01,7.23,False,9086.74,1.99,False, 142 Pr  59    5843.15    0.08   5641.22    1.06 -12474.65   30.17  15001.73    1.06   8026.01    7.23   9086.74    1.99
2012,rct2,82,60,142,Nd,9827.8,3.18,False,7222.44,1.49,False,-18990.37,28.0,False,9452.1,6.23,False,3735.3,7.86,False,6646.72,7.28,False, 142 Nd  60    9827.80    3.18   7222.44    1.49 -18990.37   28.00   9452.10    6.23   3735.30    7.86   6646.72    7.28
2012,rct2,81,61,142,Pm,8690.46,27.42,False,4237.62,23.85,False,-24582.54,700.95,False,13822.52,35.12,False,5736.64,36.31,False,9325.48,24.87,False, 142 Pm  61    8690.46   27.42   4237.62   23.85 -24582.54  700.95  13822.52   35.12   5736.64   36.31   9325.48   24.87
2012,rct2,80,62,142,Sm,11124.06,8.98,False,5752.66,14.36,False,-28867.0,729.0,True,9932.77,35.55,False,3378.06,13.99,False,8674.44,27.78,False, 142 Sm  62   11124.06    8.98   5752.66   14.36 -28867#    729#     9932.77   35.55   3378.06   13.99   8674.44   27.78
2012,rct2,79,63,142,Eu,9459.3,32.71,False,2668.71,31.32,False,-34063.0,504.0,True,14853.13,32.67,False,5930.67,32.09,False,11833.4,33.1,False, 142 Eu  63    9459.30   32.71   2668.71   31.32 -34063#    504#    14853.13   32.67   5930.67   32.09  11833.40   33.10
2012,rct2,78,64,142,Gd,11806.61,34.23,False,4322.87,30.67,False,-39108.0,504.0,True,10737.23,58.63,False,3302.58,30.88,False,11067.11,29.99,False, 142 Gd  64   11806.61   34.23   4322.87   30.67 -39108#    504#    10737.23   58.63   3302.58   30.88  11067.11   29.99
2012,rct2,77,65,142,Tb,10090.0,708.42,False,624.26,700.84,False,,,False,15933.56,701.11,False,5936.0,727.0,True,14484.93,700.68,False, 142 Tb  65   10090.00  708.42    624.26  700.84      *             15933.56  701.11   5936#    727#    14484.93  700.68
2012,rct2,76,66,142,Dy,12808.0,787.0,True,2868.0,736.0,True,,,False,11074.0,1082.0,True,2875.0,787.0,True,13158.0,754.0,True, 142 Dy  66   12808#    787#     2868#    736#        *             11074#   1082#     2875#    787#    13158#    754#  
2012,rct2,75,67,142,Ho,10957.0,711.0,True,-843.0,585.0,True,,,False,16290.0,711.0,True,5255.0,711.0,True,16526.0,585.0,True, 142 Ho  67   10957#    711#     -843#    585#        *             16290#    711#     5255#    711#    16526#    585#  
2012,rct2,74,68,142,Er,,,False,776.0,711.0,True,,,False,12118.0,711.0,True,,,False,15436.0,711.0,True, 142 Er  68       *               776#    711#        *             12118#    711#        *             15436#    711#  
2012,rct2,91,52,143,Te,1979.0,711.0,True,,,False,33659.0,503.0,True,,,False,8525.0,780.0,True,,,False,0143 Te  52    1979#    711#        *             33659#    503#        *              8525#    780#        *           
2012,rct2,90,53,143,I,3928.0,479.0,True,11546.0,585.0,True,27545.0,298.0,True,10571.0,499.0,True,10594.0,299.0,True,-1042.0,667.0,True, 143 I   53    3928#    479#    11546#    585#    27545#    298#    10571#    499#    10594#    299#    -1042#    667#  
2012,rct2,89,54,143,Xe,3044.55,5.38,False,12721.86,374.49,False,21403.34,5.39,False,10412.0,196.0,True,8257.07,181.7,False,1800.25,28.33,False, 143 Xe  54    3044.55    5.38  12721.86  374.49  21403.34    5.39  10412#    196#     8257.07  181.70   1800.25   28.33
2012,rct2,88,55,143,Cs,5227.15,22.83,False,9733.0,22.22,False,15394.36,22.17,False,11234.44,22.25,False,10176.84,22.18,False,1568.63,182.98,False, 143 Cs  55    5227.15   22.83   9733.00   22.22  15394.36   22.17  11234.44   22.25  10176.84   22.18   1568.63  182.98
2012,rct2,87,56,143,Ba,4165.65,9.1,False,10708.2,10.03,False,10065.08,7.16,False,11250.89,11.46,False,7977.32,10.73,False,4695.79,7.3,False, 143 Ba  56    4165.65    9.10  10708.20   10.03  10065.08    7.16  11250.89   11.46   7977.32   10.73   4695.79    7.30
2012,rct2,86,57,143,La,6218.93,9.59,False,7617.67,9.42,False,4789.04,7.93,False,12272.16,9.05,False,9962.85,10.8,False,4525.3,11.0,False, 143 La  57    6218.93    9.59   7617.67    9.42   4789.04    7.93  12272.16    9.05   9962.85   10.80   4525.30   11.00
2012,rct2,85,58,143,Ce,5144.8,0.09,False,8871.36,5.85,False,-2089.51,3.26,False,12039.2,4.6,False,7576.09,2.85,False,7310.41,8.29,False, 143 Ce  58    5144.80    0.09   8871.36    5.85  -2089.51    3.26  12039.20    4.60   7576.09    2.85   7310.41    8.29
2012,rct2,84,59,143,Pr,7351.1,1.92,False,5824.27,1.83,False,-8826.73,11.21,False,13078.78,2.04,False,9875.2,2.04,False,6896.62,2.5,False, 143 Pr  59    7351.10    1.92   5824.27    1.83  -8826.73   11.21  13078.78    2.04   9875.20    2.04   6896.62    2.50
2012,rct2,83,60,143,Nd,6123.57,0.07,False,7502.86,1.49,False,-15770.84,200.31,False,12725.09,1.49,False,5553.09,6.23,False,9723.44,1.69,False, 143 Nd  60    6123.57    0.07   7502.86    1.49 -15770.84  200.31  12725.09    1.49   5553.09    6.23   9723.44    1.69
2012,rct2,82,61,143,Pm,9889.73,23.8,False,4299.56,2.69,False,-22541.29,51.33,False,11943.74,4.16,False,6157.35,26.21,False,7377.1,6.78,False, 143 Pm  61    9889.73   23.80   4299.56    2.69 -22541.29   51.33  11943.74    4.16   6157.35   26.21   7377.10    6.78
2012,rct2,81,62,143,Sm,8601.41,3.61,False,5663.61,23.78,False,-27347.76,13.39,False,11717.02,14.3,False,3555.92,35.52,False,10383.47,26.19,False, 143 Sm  62    8601.41    3.61   5663.61   23.78 -27347.76   13.39  11717.02   14.30   3555.92   35.52  10383.47   26.19
2012,rct2,80,63,143,Eu,10999.01,32.12,False,2543.66,11.48,False,-32194.0,401.0,True,12403.37,13.93,False,6078.69,16.64,False,9613.67,37.06,False, 143 Eu  63   10999.01   32.12   2543.66   11.48 -32194#    401#    12403.37   13.93   6078.69   16.64   9613.67   37.06
2012,rct2,79,64,143,Gd,9343.1,202.24,False,4206.66,202.56,False,-37138.0,448.0,True,12405.13,200.7,False,3618.69,206.83,False,12871.04,200.69,False, 143 Gd  64    9343.10  202.24   4206.66  202.56 -37138#    448#    12405.13  200.70   3618.69  206.83  12871.04  200.69
2012,rct2,78,65,143,Tb,11930.99,702.43,False,748.64,58.36,False,,,False,13515.85,54.91,False,6227.14,58.36,False,12213.15,72.67,False, 143 Tb  65   11930.99  702.43    748.64   58.36      *             13515.85   54.91   6227.14   58.36  12213.15   72.67
2012,rct2,77,66,143,Dy,10121.0,729.0,True,2898.4,700.68,False,,,False,13082.7,106.06,False,3177.39,800.59,False,15259.73,30.84,False, 143 Dy  66   10121#    729#     2898.40  700.68      *             13082.70  106.06   3177.39  800.59  15259.73   30.84
2012,rct2,76,67,143,Ho,12869.0,643.0,True,-783.0,831.0,True,,,False,14046.0,499.0,True,5647.0,643.0,True,14081.0,895.0,True, 143 Ho  67   12869#    643#     -783#    831#        *             14046#    499#     5647#    643#    14081#    895#  
2012,rct2,75,68,143,Er,11313.0,643.0,True,1132.0,643.0,True,,,False,13982.0,643.0,True,3030.0,643.0,True,17383.0,643.0,True, 143 Er  68   11313#    643#     1132#    643#        *             13982#    643#     3030#    643#    17383#    643#  
2012,rct2,91,53,144,I,2725.0,499.0,True,12291.0,643.0,True,29570.0,401.0,True,11801.0,643.0,True,10071.0,566.0,True,,,False,0144 I   53    2725#    499#    12291#    643#    29570#    401#    11801#    643#    10071#    566#        *           
2012,rct2,90,54,144,Xe,4740.74,7.06,False,13535.0,298.0,True,23559.48,6.16,False,8608.5,374.5,False,7896.0,196.0,True,-739.0,401.0,True, 144 Xe  54    4740.74    7.06  13535#    298#    23559.48    6.16   8608.50  374.50   7896#    196#     -739#    401#  
2012,rct2,89,55,144,Cs,3668.16,31.13,False,10356.6,25.67,False,17479.91,25.43,False,12669.94,25.39,False,9790.85,25.41,False,2280.0,197.0,True, 144 Cs  55    3668.16   31.13  10356.60   25.67  17479.91   25.43  12669.94   25.39   9790.85   25.41   2280#    197#  
2012,rct2,88,56,144,Ba,5901.33,9.94,False,11382.38,23.03,False,11980.77,7.4,False,9461.56,10.24,False,7574.12,11.62,False,2076.62,7.73,False, 144 Ba  56    5901.33    9.94  11382.38   23.03  11980.77    7.40   9461.56   10.24   7574.12   11.62   2076.62    7.73
2012,rct2,87,57,144,La,4749.54,14.87,False,8201.56,14.67,False,6566.28,13.32,False,13703.89,14.23,False,9747.18,13.99,False,5273.9,15.83,False, 144 La  57    4749.54   14.87   8201.56   14.67   6566.28   13.32  13703.89   14.23   9747.18   13.99   5273.90   15.83
2012,rct2,86,58,144,Ce,6896.87,3.31,False,9549.31,7.9,False,1533.68,2.66,False,10302.86,6.69,False,7366.9,4.96,False,4947.41,6.14,False, 144 Ce  58    6896.87    3.31   9549.31    7.90   1533.68    2.66  10302.86    6.69   7366.90    4.96   4947.41    6.14
2012,rct2,85,59,144,Pr,5753.7,2.76,False,6433.17,3.21,False,-5131.32,11.1,False,14493.12,3.21,False,9549.64,2.93,False,7830.6,4.89,False, 144 Pr  59    5753.70    2.76   6433.17    3.21  -5131.32   11.10  14493.12    3.21   9549.64    2.93   7830.60    4.89
2012,rct2,84,60,144,Nd,7817.03,0.05,False,7968.79,1.36,False,-11988.35,28.0,False,10751.2,1.49,False,7132.62,1.49,False,7334.55,1.68,False, 144 Nd  60    7817.03    0.05   7968.79    1.36 -11988.35   28.00  10751.20    1.49   7132.62    1.49   7334.55    1.68
2012,rct2,83,61,144,Pm,6526.77,1.53,False,4702.76,2.65,False,-19047.75,28.12,False,15244.76,2.65,False,7641.53,4.13,False,10246.89,3.03,False, 144 Pm  61    6526.77    1.53   4702.76    2.65 -19047.75   28.12  15244.76    2.65   7641.53    4.13  10246.89    3.03
2012,rct2,82,62,144,Sm,10520.06,2.35,False,6293.94,2.72,False,-25395.37,7.43,False,9887.42,23.66,False,3421.53,14.11,False,7874.36,3.27,False, 144 Sm  62   10520.06    2.35   6293.94    2.72 -25395.37    7.43   9887.42   23.66   3421.53   14.11   7874.36    3.27
2012,rct2,81,63,144,Eu,9449.12,15.4,False,3391.37,11.09,False,-31009.59,13.73,False,14078.31,11.17,False,5178.82,13.73,False,10550.22,17.66,False, 144 Eu  63    9449.12   15.40   3391.37   11.09 -31009.59   13.73  14078.31   11.17   5178.82   13.73  10550.22   17.66
2012,rct2,80,64,144,Gd,11599.52,202.24,False,4807.17,30.03,False,-35152.0,198.0,True,10264.91,41.13,False,3030.17,30.67,False,9820.76,29.23,False, 144 Gd  64   11599.52  202.24   4807.17   30.03 -35152#    198#    10264.91   41.13   3030.17   30.67   9820.76   29.23
2012,rct2,79,65,144,Tb,10020.32,58.36,False,1425.85,202.24,False,-40276.0,402.0,True,15302.14,39.52,False,5720.1,34.23,False,13203.84,30.67,False, 144 Tb  65   10020.32   58.36   1425.85  202.24 -40276#    402#    15302.14   39.52   5720.10   34.23  13203.84   30.67
2012,rct2,78,66,144,Dy,12472.46,14.88,False,3439.87,51.73,False,,,False,10700.24,700.59,False,2834.81,105.5,False,12300.54,21.02,False, 144 Dy  66   12472.46   14.88   3439.87   51.73      *             10700.24  700.59   2834.81  105.50  12300.54   21.02
2012,rct2,77,67,144,Ho,10633.0,401.0,True,-270.46,15.55,False,,,False,16221.0,729.0,True,5637.0,298.0,True,15577.73,105.6,False, 144 Ho  67   10633#    401#     -270.46   15.55      *             16221#    729#     5637#    298#    15577.73  105.60
2012,rct2,76,68,144,Er,13586.0,446.0,True,1849.0,446.0,True,,,False,11354.0,540.0,True,2621.0,540.0,True,14421.0,357.0,True, 144 Er  68   13586#    446#     1849#    446#        *             11354#    540#     2621#    540#    14421#    357#  
2012,rct2,75,69,144,Tm,,,False,-1712.0,16.0,False,,,False,16470.0,643.0,True,,,False,17918.0,643.0,True, 144 Tm  69       *             -1712.00   16.00      *             16470#    643#        *             17918#    643#  
2012,rct2,92,53,145,I,3731.0,643.0,True,,,False,31896.0,503.0,True,10049.0,711.0,True,10295.0,711.0,True,,,False,0145 I   53    3731#    643#        *             31896#    503#    10049#    711#    10295#    711#        *           
2012,rct2,91,54,145,Xe,2692.35,12.37,False,13502.0,401.0,True,25573.62,35.71,False,9844.0,298.0,True,8140.71,374.63,False,523.0,503.0,True, 145 Xe  54    2692.35   12.37  13502#    401#    25573.62   35.71   9844#    298#     8140.71  374.63    523#    503#  
2012,rct2,90,55,145,Cs,4856.62,26.3,False,10472.49,12.0,False,19570.02,12.98,False,10857.87,11.72,False,10037.89,11.09,False,360.58,374.62,False, 145 Cs  55    4856.62   26.30  10472.49   12.00  19570.02   12.98  10857.87   11.72  10037.89   11.09    360.58  374.62
2012,rct2,89,56,145,Ba,3820.41,11.11,False,11534.64,26.63,False,13915.66,8.67,False,10868.3,23.63,False,7865.71,11.22,False,3359.86,8.9,False, 145 Ba  56    3820.41   11.11  11534.64   26.63  13915.66    8.67  10868.30   23.63   7865.71   11.22   3359.86    8.90
2012,rct2,88,57,145,La,6056.98,17.83,False,8357.21,14.21,False,8432.01,12.65,False,11812.55,14.09,False,9871.47,13.63,False,3328.92,14.31,False, 145 La  57    6056.98   17.83   8357.21   14.21   8432.01   12.65  11812.55   14.09   9871.47   13.63   3328.92   14.31
2012,rct2,87,58,145,Ce,4706.49,33.99,False,9506.26,36.3,False,3584.29,33.91,False,11815.29,34.68,False,7820.93,34.45,False,6422.19,34.42,False, 145 Ce  58    4706.49   33.99   9506.26   36.30   3584.29   33.91  11815.29   34.68   7820.93   34.45   6422.19   34.42
2012,rct2,86,59,145,Pr,6946.73,7.44,False,6483.03,7.49,False,-1634.28,7.58,False,12691.2,7.35,False,9770.96,7.36,False,6044.4,9.37,False, 145 Pr  59    6946.73    7.44   6483.03    7.49  -1634.28    7.58  12691.20    7.35   9770.96    7.36   6044.40    9.37
2012,rct2,85,60,145,Nd,5755.3,0.23,False,7970.39,2.41,False,-8507.8,19.75,False,12347.0,1.38,False,7220.47,1.5,False,8747.3,2.14,False, 145 Nd  60    5755.30    0.23   7970.39    2.41  -8507.80   19.75  12347.00    1.38   7220.47    1.50   8747.30    2.14
2012,rct2,84,61,145,Pm,7922.71,1.53,False,4808.44,2.53,False,-14965.39,97.53,False,13445.62,2.53,False,9546.62,2.53,False,8167.33,2.93,False, 145 Pm  61    7922.71    1.53   4808.44    2.53 -14965.39   97.53  13445.62    2.53   9546.62    2.53   8167.33    2.93
2012,rct2,83,62,145,Sm,6757.1,0.3,False,6524.27,2.67,False,-22408.63,6.81,False,13020.05,2.72,False,5354.89,23.66,False,10945.06,0.85,False, 145 Sm  62    6757.10    0.30   6524.27    2.67 -22408.63    6.81  13020.05    2.72   5354.89   23.66  10945.06    0.85
2012,rct2,82,63,145,Eu,10443.76,11.17,False,3315.07,2.71,False,-28871.44,8.16,False,12235.97,3.59,False,5859.12,3.82,False,8796.92,23.81,False, 145 Eu  63   10443.76   11.17   3315.07    2.71 -28871.44    8.16  12235.97    3.59   5859.12    3.82   8796.92   23.81
2012,rct2,81,64,145,Gd,9235.85,34.17,False,4593.91,22.44,False,-33848.0,197.0,True,12028.07,22.53,False,3253.62,36.03,False,11708.97,19.95,False, 145 Gd  64    9235.85   34.17   4593.91   22.44 -33848#    197#    12028.07   22.53   3253.62   36.03  11708.97   19.95
2012,rct2,80,65,145,Tb,12005.07,101.4,False,1831.4,101.4,False,-38719.0,219.0,True,12640.18,222.76,False,5521.64,101.4,False,10658.08,102.04,False, 145 Tb  65   12005.07  101.40   1831.40  101.40 -38719#    219#    12640.18  222.76   5521.64  101.40  10658.08  102.04
2012,rct2,79,66,145,Dy,9743.83,9.69,False,3163.39,28.7,False,,,False,12887.39,51.65,False,3180.97,700.59,False,14363.32,28.7,False, 145 Dy  66    9743.83    9.69   3163.39   28.70      *             12887.39   51.65   3180.97  700.59  14363.32   28.70
2012,rct2,78,67,145,Ho,12581.91,11.29,False,-161.01,10.34,False,,,False,13759.64,15.02,False,5863.0,729.0,True,13085.81,700.6,False, 145 Ho  67   12581.91   11.29   -161.01   10.34      *             13759.64   15.02   5863#    729#    13085.81  700.60
2012,rct2,77,68,145,Er,10540.0,277.0,True,1756.0,196.0,True,,,False,13682.0,446.0,True,3038.0,540.0,True,16690.0,754.0,True, 145 Er  68   10540#    277#     1756#    196#        *             13682#    446#     3038#    540#    16690#    754#  
2012,rct2,76,69,145,Tm,13562.0,446.0,True,-1736.1,7.07,False,,,False,14221.0,446.0,True,5133.0,540.0,True,15314.0,540.0,True, 145 Tm  69   13562#    446#    -1736.10    7.07      *             14221#    446#     5133#    540#    15314#    540#  
2012,rct2,92,54,146,Xe,4532.93,26.67,False,14305.0,504.0,True,27680.12,29.2,False,8036.0,401.0,True,7536.0,299.0,True,-2031.0,504.0,True,0146 Xe  54    4532.93   26.67  14305#    504#    27680.12   29.20   8036#    401#     7536#    299#    -2031#    504#  
2012,rct2,91,55,146,Cs,3584.46,40.16,False,11364.6,41.11,False,21111.77,52.45,False,12014.15,39.92,False,9497.97,39.84,False,704.0,301.0,True, 146 Cs  55    3584.46   40.16  11364.60   41.11  21111.77   52.45  12014.15   39.92   9497.97   39.84    704#    301#  
2012,rct2,90,56,146,Ba,5495.44,22.12,False,12173.47,22.75,False,15985.45,20.51,False,9041.01,32.75,False,7597.42,30.3,False,908.97,20.95,False, 146 Ba  56    5495.44   22.12  12173.47   22.75  15985.45   20.51   9041.01   32.75   7597.42   30.30    908.97   20.95
2012,rct2,89,57,146,La,4282.83,35.72,False,8819.63,34.6,False,10407.38,33.84,False,13431.06,34.31,False,9754.29,34.26,False,4273.24,40.24,False, 146 La  57    4282.83   35.72   8819.63   34.60  10407.38   33.84  13431.06   34.31   9754.29   34.26   4273.24   40.24
2012,rct2,88,58,146,Ce,6639.44,37.63,False,10088.72,20.4,False,5361.14,16.62,False,9925.39,20.81,False,7400.42,17.88,False,3948.4,17.71,False, 146 Ce  58    6639.44   37.63  10088.72   20.40   5361.14   16.62   9925.39   20.81   7400.42   17.88   3948.40   17.71
2012,rct2,87,59,146,Pr,5126.22,35.54,False,6902.75,48.59,False,436.69,35.33,False,14461.85,34.93,False,9789.54,34.9,False,7137.11,35.58,False, 146 Pr  59    5126.22   35.54   6902.75   48.59    436.69   35.33  14461.85   34.93   9789.54   34.90   7137.11   35.58
2012,rct2,86,60,146,Nd,7565.23,0.09,False,8588.9,7.04,False,-4840.22,3.92,False,10535.47,2.41,False,7006.33,1.38,False,6326.87,2.14,False, 146 Nd  60    7565.23    0.09   8588.90    7.04  -4840.22    3.92  10535.47    2.41   7006.33    1.38   6326.87    2.14
2012,rct2,85,61,146,Pm,6258.2,4.8,False,5311.34,4.12,False,-11690.8,45.04,False,15004.45,4.12,False,9411.99,4.12,False,9260.23,4.33,False, 146 Pm  61    6258.20    4.80   5311.34    4.12 -11690.80   45.04  15004.45    4.12   9411.99    4.12   9260.23    4.33
2012,rct2,84,62,146,Sm,8416.29,2.86,False,7017.85,3.75,False,-18441.29,7.45,False,11130.53,3.84,False,6828.32,3.86,False,8652.33,2.82,False, 146 Sm  62    8416.29    2.86   7017.85    3.75 -18441.29    7.45  11130.53    3.84   6828.32    3.86   8652.33    2.82
2012,rct2,83,63,146,Eu,7197.19,6.54,False,3755.16,5.96,False,-25879.2,8.97,False,15558.83,5.96,False,7263.34,6.4,False,11489.46,6.51,False, 146 Eu  63    7197.19    6.54   3755.16    5.96 -25879.20    8.97  15558.83    5.96   7263.34    6.40  11489.46    6.51
2012,rct2,82,64,146,Gd,11232.81,20.12,False,5382.96,4.7,False,-31763.52,7.94,False,10244.37,11.49,False,3019.82,11.78,False,9077.57,4.5,False, 146 Gd  64   11232.81   20.12   5382.96    4.70 -31763.52    7.94  10244.37   11.49   3019.82   11.78   9077.57    4.50
2012,rct2,81,65,146,Tb,9532.8,107.31,False,2128.34,48.99,False,-36872.0,201.0,True,14706.9,52.86,False,5331.95,205.27,False,12124.29,46.2,False, 146 Tb  65    9532.80  107.31   2128.34   48.99 -36872#    201#    14706.90   52.86   5331.95  205.27  12124.29   46.20
2012,rct2,80,66,146,Dy,12383.64,9.35,False,3541.96,97.71,False,,,False,10524.07,28.74,False,2728.32,51.67,False,11322.78,200.41,False, 146 Dy  66   12383.64    9.35   3541.96   97.71      *             10524.07   28.74   2728.32   51.67  11322.78  200.41
2012,rct2,79,67,146,Ho,10189.43,9.95,False,284.59,9.27,False,,,False,16042.67,9.74,False,5794.78,14.61,False,14827.37,51.65,False, 146 Ho  67   10189.43    9.95    284.59    9.27      *             16042.67    9.74   5794.78   14.61  14827.37   51.65
2012,rct2,78,68,146,Er,13317.0,196.0,True,2490.88,10.02,False,,,False,10998.31,10.81,False,2590.0,401.0,True,13493.33,14.66,False, 146 Er  68   13317#    196#     2490.88   10.02      *             10998.31   10.81   2590#    401#    13493.33   14.66
2012,rct2,77,69,146,Tm,11380.0,277.0,True,-895.7,5.66,False,,,False,16427.0,277.0,True,5066.0,446.0,True,16803.0,446.0,True, 146 Tm  69   11380#    277#     -895.70    5.66      *             16427#    277#     5066#    446#    16803#    446#  
2012,rct2,93,54,147,Xe,2723.0,197.0,True,,,False,29407.0,196.0,True,9043.0,540.0,True,7537.0,446.0,True,,,False,0147 Xe  54    2723#    197#        *             29407#    196#     9043#    540#     7537#    446#        *           
2012,rct2,92,55,147,Cs,4520.57,65.81,False,11352.23,58.29,False,23425.81,55.34,False,10185.93,54.18,False,9718.14,53.28,False,-1092.0,404.0,True, 147 Cs  55    4520.57   65.81  11352.23   58.29  23425.81   55.34  10185.93   54.18   9718.14   53.28  -1092#    404#  
2012,rct2,91,56,147,Ba,3395.04,28.41,False,11984.05,44.22,False,17882.6,19.83,False,10502.58,22.49,False,7870.53,32.05,False,2254.66,20.45,False, 147 Ba  56    3395.04   28.41  11984.05   44.22  17882.60   19.83  10502.58   22.49   7870.53   32.05   2254.66   20.45
2012,rct2,90,57,147,La,5702.88,35.22,False,9027.06,23.07,False,12363.54,10.86,False,11548.59,13.66,False,9952.75,12.89,False,2238.52,27.43,False, 147 La  57    5702.88   35.22   9027.06   23.07  12363.54   10.86  11548.59   13.66   9952.75   12.89   2238.52   27.43
2012,rct2,89,58,147,Ce,4450.13,18.42,False,10256.02,34.63,False,7252.13,8.74,False,11532.24,14.97,False,7699.83,15.52,False,5399.6,11.19,False, 147 Ce  58    4450.13   18.42  10256.02   34.63   7252.13    8.74  11532.24   14.97   7699.83   15.52   5399.60   11.19
2012,rct2,88,59,147,Pr,6834.6,38.25,False,7097.92,22.75,False,2100.39,16.03,False,12333.74,37.41,False,9851.81,16.07,False,5052.04,20.47,False, 147 Pr  59    6834.60   38.25   7097.92   22.75   2100.39   16.03  12333.74   37.41   9851.81   16.07   5052.04   20.47
2012,rct2,87,60,147,Nd,5292.2,0.09,False,8754.88,34.84,False,-2790.06,1.47,False,12190.0,7.04,False,7467.84,2.41,False,7931.54,2.55,False, 147 Nd  60    5292.20    0.09   8754.88   34.84  -2790.06    1.47  12190.00    7.04   7467.84    2.41   7931.54    2.55
2012,rct2,86,61,147,Pm,7659.05,4.18,False,5405.15,0.92,False,-8299.42,8.15,False,13100.71,0.92,False,9569.98,0.94,False,7354.88,2.58,False, 147 Pm  61    7659.05    4.18   5405.15    0.92  -8299.42    8.15  13100.71    0.92   9569.98    0.94   7354.88    2.58
2012,rct2,85,62,147,Sm,6341.12,2.92,False,7100.77,4.19,False,-15069.97,9.03,False,12712.12,2.66,False,7013.98,2.77,False,10128.25,0.97,False, 147 Sm  62    6341.12    2.92   7100.77    4.19 -15069.97    9.03  12712.12    2.66   7013.98    2.77  10128.25    0.97
2012,rct2,84,63,147,Eu,8498.3,6.37,False,3837.16,3.63,False,-21787.31,5.75,False,13817.64,2.43,False,9285.1,2.42,False,9517.93,3.18,False, 147 Eu  63    8498.30    6.37   3837.16    3.63 -21787.31    5.75  13817.64    2.43   9285.10    2.42   9517.93    3.18
2012,rct2,83,64,147,Gd,7342.36,4.03,False,5528.13,6.08,False,-28748.77,38.26,False,13345.77,2.98,False,5126.58,10.91,False,12255.27,1.23,False, 147 Gd  64    7342.36    4.03   5528.13    6.08 -28748.77   38.26  13345.77    2.98   5126.58   10.91  12255.27    1.23
2012,rct2,82,65,147,Tb,11050.42,45.52,False,1945.95,8.65,False,-34768.11,10.62,False,12892.33,21.28,False,5881.05,29.1,False,10522.99,13.46,False, 147 Tb  65   11050.42   45.52   1945.95    8.65 -34768.11   10.62  12892.33   21.28   5881.05   29.10  10522.99   13.46
2012,rct2,81,66,147,Dy,9712.44,11.1,False,3721.6,45.74,False,,,False,12816.7,97.88,False,3036.2,29.31,False,13209.87,29.31,False, 147 Dy  66    9712.44   11.10   3721.60   45.74      *             12816.70   97.88   3036.20   29.31  13209.87   29.31
2012,rct2,80,67,147,Ho,12590.19,8.27,False,491.15,8.36,False,,,False,13196.31,8.22,False,5677.05,8.74,False,12257.49,28.39,False, 147 Ho  67   12590.19    8.27    491.15    8.36      *             13196.31    8.22   5677.05    8.74  12257.49   28.39
2012,rct2,79,68,147,Er,10357.11,38.78,False,2658.56,38.76,False,,,False,13223.1,38.91,False,2865.76,39.12,False,15608.68,38.86,False, 147 Er  68   10357.11   38.78   2658.56   38.76      *             13223.10   38.91   2865.76   39.12  15608.68   38.86
2012,rct2,78,69,147,Tm,13154.0,196.0,True,-1058.64,3.2,False,,,False,13813.0,196.0,True,5497.0,196.0,True,14281.51,10.89,False, 147 Tm  69   13154#    196#    -1058.64    3.20      *             13813#    196#     5497#    196#    14281.51   10.89
2012,rct2,94,54,148,Xe,4466.0,277.0,True,,,False,31397.0,196.0,True,,,False,6802.0,540.0,True,,,False,0148 Xe  54    4466#    277#        *             31397#    196#        *              6802#    540#        *           
2012,rct2,93,55,148,Cs,3349.59,577.5,False,11979.0,608.0,True,25238.88,575.76,False,11369.27,576.07,False,9060.9,575.67,False,-711.0,764.0,True, 148 Cs  55    3349.59  577.50  11979#    608#    25238.88  575.76  11369.27  576.07   9060.90  575.67   -711#    764#  
2012,rct2,92,56,148,Ba,5401.02,66.1,False,12864.5,82.4,False,19814.07,63.13,False,8686.02,74.46,False,7326.13,63.99,False,-454.01,64.06,False, 148 Ba  56    5401.02   66.10  12864.50   82.40  19814.07   63.13   8686.02   74.46   7326.13   63.99   -454.01   64.06
2012,rct2,91,57,148,La,4101.66,22.22,False,9733.68,27.73,False,14156.34,20.32,False,12942.37,28.22,False,9671.5,21.23,False,2993.47,22.24,False, 148 La  57    4101.66   22.22   9733.68   27.73  14156.34   20.32  12942.37   28.22   9671.50   21.23   2993.47   22.24
2012,rct2,90,58,148,Ce,6455.82,14.1,False,11008.96,15.5,False,8937.68,11.3,False,9359.26,35.37,False,7300.99,16.61,False,2764.2,14.04,False, 148 Ce  58    6455.82   14.10  11008.96   15.50   8937.68   11.30   9359.26   35.37   7300.99   16.61   2764.20   14.04
2012,rct2,89,59,148,Pr,5162.67,21.84,False,7810.45,17.32,False,3764.02,18.06,False,13810.51,22.18,False,9395.64,37.08,False,5946.36,19.41,False, 148 Pr  59    5162.67   21.84   7810.45   17.32   3764.02   18.06  13810.51   22.18   9395.64   37.08   5946.36   19.41
2012,rct2,88,60,148,Nd,7332.5,1.66,False,9252.77,15.95,False,-1138.49,1.84,False,9983.72,34.88,False,7082.07,7.23,False,5305.54,33.93,False, 148 Nd  60    7332.50    1.66   9252.77   15.95  -1138.49    1.84   9983.72   34.88   7082.07    7.23   5305.54   33.93
2012,rct2,87,61,148,Pm,5894.46,5.65,False,6007.41,5.7,False,-6333.79,14.05,False,14771.48,5.7,False,9430.82,5.71,False,8407.15,9.06,False, 148 Pm  61    5894.46    5.65   6007.41    5.70  -6333.79   14.05  14771.48    5.70   9430.82    5.71   8407.15    9.06
2012,rct2,86,62,148,Sm,8141.37,0.28,False,7583.1,0.41,False,-11482.85,9.45,False,10828.95,4.19,False,6795.31,2.67,False,7742.17,0.98,False, 148 Sm  62    8141.37    0.28   7583.10    0.41 -11482.85    9.45  10828.95    4.19   6795.31    2.67   7742.17    0.98
2012,rct2,85,63,148,Eu,6826.3,10.27,False,4322.34,10.05,False,-18308.22,84.43,False,15407.63,10.4,False,9215.91,10.04,False,10614.35,10.28,False, 148 Eu  63    6826.30   10.27   4322.34   10.05 -18308.22   84.43  15407.63   10.40   9215.91   10.04  10614.35   10.28
2012,rct2,84,64,148,Gd,8984.06,1.23,False,6013.89,2.42,False,-24790.33,10.43,False,11558.91,5.96,False,6586.28,2.71,False,10028.31,0.3,False, 148 Gd  64    8984.06    1.23   6013.89    2.42 -24790.33   10.43  11558.91    5.96   6586.28    2.71  10028.31    0.30
2012,rct2,83,65,148,Tb,7860.09,15.15,False,2463.68,12.98,False,-31766.25,16.4,False,16265.06,13.47,False,7256.81,23.47,False,13106.66,13.19,False, 148 Tb  65    7860.09   15.15   2463.68   12.98 -31766.25   16.40  16265.06   13.47   7256.81   23.47  13106.66   13.19
2012,rct2,82,66,148,Dy,11728.5,12.84,False,4399.68,12.34,False,-37654.0,596.0,True,10621.0,45.82,False,3312.77,97.92,False,10717.22,21.75,False, 148 Dy  66   11728.50   12.84   4399.68   12.34 -37654#    596#    10621.00   45.82   3312.77   97.92  10717.22   21.75
2012,rct2,81,67,148,Ho,10305.38,83.98,False,1084.09,84.3,False,,,False,15274.57,84.1,False,5115.5,84.09,False,13957.17,128.57,False, 148 Ho  67   10305.38   83.98   1084.09   84.30      *             15274.57   84.10   5115.50   84.09  13957.17  128.57
2012,rct2,80,68,148,Er,12942.5,39.54,False,3010.87,11.4,False,,,False,10470.04,12.18,False,2505.17,12.67,False,12410.01,12.15,False, 148 Er  68   12942.50   39.54   3010.87   11.40      *             10470.04   12.18   2505.17   12.67  12410.01   12.15
2012,rct2,79,69,148,Tm,10861.94,12.32,False,-553.81,39.54,False,,,False,16267.79,12.25,False,5175.0,196.0,True,16001.48,12.67,False, 148 Tm  69   10861.94   12.32   -553.81   39.54      *             16267.79   12.25   5175#    196#    16001.48   12.67
2012,rct2,78,70,148,Yb,,,False,1514.0,596.0,True,,,False,11403.0,627.0,True,2248.0,627.0,True,14524.0,627.0,True, 148 Yb  70       *              1514#    596#        *             11403#    627#     2248#    627#    14524#    627#  
2012,rct2,94,55,149,Cs,4536.0,608.0,True,12049.0,277.0,True,27278.0,196.0,True,9556.0,277.0,True,9057.0,197.0,True,,,False,0149 Cs  55    4536#    608#    12049#    277#    27278#    196#     9556#    277#     9057#    197#        *           
2012,rct2,93,56,149,Ba,3498.0,206.0,True,13013.0,608.0,True,21355.0,196.0,True,9708.0,203.0,True,7412.0,200.0,True,581.0,197.0,True, 149 Ba  56    3498#    206#    13013#    608#    21355#    196#     9708#    203#     7412#    200#      581#    197#  
2012,rct2,92,57,149,La,5582.5,201.21,False,9915.15,209.96,False,15843.77,200.28,False,10754.92,201.23,False,9584.44,201.3,False,995.44,204.13,False, 149 La  57    5582.50  201.21   9915.15  209.96  15843.77  200.28  10754.92  201.23   9584.44  201.30    995.44  204.13
2012,rct2,91,58,149,Ce,4342.85,15.18,False,11250.15,22.0,False,10465.18,10.39,False,10719.28,14.82,False,7240.97,35.08,False,3916.79,22.85,False, 149 Ce  58    4342.85   15.18  11250.15   22.00  10465.18   10.39  10719.28   14.82   7240.97   35.08   3916.79   22.85
2012,rct2,90,59,149,Pr,6575.32,18.0,False,7929.96,14.93,False,5401.12,10.69,False,11685.32,13.08,False,9459.76,19.06,False,3653.87,34.97,False, 149 Pr  59    6575.32   18.00   7929.96   14.93   5401.12   10.69  11685.32   13.08   9459.76   19.06   3653.87   34.97
2012,rct2,89,60,149,Nd,5038.79,0.07,False,9128.89,15.11,False,751.47,3.57,False,11779.54,15.95,False,7169.5,34.88,False,6906.19,16.47,False, 149 Nd  60    5038.79    0.07   9128.89   15.11    751.47    3.57  11779.54   15.95   7169.50   34.88   6906.19   16.47
2012,rct2,88,61,149,Pm,7269.92,5.88,False,5944.84,2.53,False,-4574.82,4.03,False,12793.76,2.16,False,9726.13,2.16,False,6263.45,34.89,False, 149 Pm  61    7269.92    5.88   5944.84    2.53  -4574.82    4.03  12793.76    2.16   9726.13    2.16   6263.45   34.89
2012,rct2,87,62,149,Sm,5870.35,0.91,False,7558.99,5.57,False,-9435.69,9.4,False,12617.64,0.96,False,7183.16,4.25,False,9437.06,1.23,False, 149 Sm  62    5870.35    0.91   7558.99    5.57  -9435.69    9.40  12617.64    0.96   7183.16    4.25   9437.06    1.23
2012,rct2,86,63,149,Eu,8212.42,10.72,False,4393.39,3.85,False,-14778.04,14.96,False,13536.33,3.85,False,9419.78,4.75,False,8660.13,5.62,False, 149 Eu  63    8212.42   10.72   4393.39    3.85 -14778.04   14.96  13536.33    3.85   9419.78    4.75   8660.13    5.62
2012,rct2,85,64,149,Gd,6928.74,3.15,False,6116.34,10.49,False,-21385.13,28.17,False,13128.46,3.88,False,6854.73,6.7,False,11515.86,4.19,False, 149 Gd  64    6928.74    3.15   6116.34   10.49 -21385.13   28.17  13128.46    3.88   6854.73    6.70  11515.86    4.19
2012,rct2,84,65,149,Tb,9028.9,13.33,False,2508.51,3.35,False,-27606.0,298.0,True,14578.52,3.57,False,9460.73,5.1,False,11274.96,6.83,False, 149 Tb  65    9028.90   13.33   2508.51    3.35 -27606#    298#    14578.52    3.57   9460.73    5.10  11274.96    6.83
2012,rct2,83,66,149,Dy,7917.51,13.14,False,4457.1,15.81,False,-34501.0,503.0,True,13753.91,12.34,False,4928.06,45.8,False,14032.53,10.06,False, 149 Dy  66    7917.51   13.14   4457.10   15.81 -34501#    503#    13753.91   12.34   4928.06   45.80  14032.53   10.06
2012,rct2,82,67,149,Ho,11742.6,85.08,False,1098.19,16.83,False,,,False,13244.4,16.97,False,5756.53,15.96,False,11747.37,47.12,False, 149 Ho  67   11742.60   85.08   1098.19   16.83      *             13244.40   16.97   5756.53   15.96  11747.37   47.12
2012,rct2,81,68,149,Er,10333.94,29.76,False,3039.43,88.37,False,,,False,12726.28,28.39,False,2360.66,28.71,False,14459.7,28.74,False, 149 Er  68   10333.94   29.76   3039.43   88.37      *             12726.28   28.39   2360.66   28.71  14459.70   28.74
2012,rct2,80,69,149,Tm,13189.0,298.0,True,-307.0,298.0,True,,,False,13436.0,301.0,True,5303.0,298.0,True,13002.0,298.0,True, 149 Tm  69   13189#    298#     -307#    298#        *             13436#    301#     5303#    298#    13002#    298#  
2012,rct2,79,70,149,Yb,11071.0,780.0,True,1722.0,503.0,True,,,False,13487.0,503.0,True,2557.0,540.0,True,16770.0,503.0,True, 149 Yb  70   11071#    780#     1722#    503#        *             13487#    503#     2557#    540#    16770#    503#  
2012,rct2,95,55,150,Cs,3125.0,357.0,True,,,False,29485.0,298.0,True,10897.0,357.0,True,8655.0,357.0,True,,,False,0150 Cs  55    3125#    357#        *             29485#    298#    10897#    357#     8655#    357#        *           
2012,rct2,94,56,150,Ba,5305.0,357.0,True,13781.0,357.0,True,23425.0,298.0,True,7753.0,648.0,True,6628.0,303.0,True,-2001.0,357.0,True, 150 Ba  56    5305#    357#    13781#    357#    23425#    298#     7753#    648#     6628#    303#    -2001#    357#  
2012,rct2,93,57,150,La,4235.0,280.0,True,10652.0,277.0,True,17213.0,197.0,True,11921.0,206.0,True,8745.0,197.0,True,1281.0,203.0,True, 150 La  57    4235#    280#    10652#    277#    17213#    197#    11921#    206#     8745#    197#     1281#    203#  
2012,rct2,92,58,150,Ce,6248.25,15.55,False,11915.9,200.6,False,12203.62,11.82,False,8572.69,22.71,False,6695.6,15.86,False,1063.58,22.95,False, 150 Ce  58    6248.25   15.55  11915.90  200.60  12203.62   11.82   8572.69   22.71   6695.60   15.86   1063.58   22.95
2012,rct2,91,59,150,Pr,5332.35,13.37,False,8919.46,13.65,False,6491.42,10.99,False,12808.79,14.37,False,8577.54,12.44,False,4024.39,14.0,False, 150 Pr  59    5332.35   13.37   8919.46   13.65   6491.42   10.99  12808.79   14.37   8577.54   12.44   4024.39   14.00
2012,rct2,90,60,150,Nd,7375.12,2.0,False,9928.69,10.02,False,2084.52,6.03,False,9567.09,15.09,False,6628.99,15.89,False,3981.2,8.73,False, 150 Nd  60    7375.12    2.00   9928.69   10.02   2084.52    6.03   9567.09   15.09   6628.99   15.89   3981.20    8.73
2012,rct2,89,61,150,Pm,5604.1,20.09,False,6510.16,20.1,False,-2490.82,21.32,False,14522.15,20.1,False,9414.22,20.04,False,7493.95,25.54,False, 150 Pm  61    5604.10   20.09   6510.16   20.10  -2490.82   21.32  14522.15   20.10   9414.22   20.04   7493.95   25.54
2012,rct2,88,62,150,Sm,7986.68,0.38,False,8275.76,1.91,False,-7741.04,4.32,False,10525.42,5.58,False,6855.52,0.96,False,6742.57,1.22,False, 150 Sm  62    7986.68    0.38   8275.76    1.91  -7741.04    4.32  10525.42    5.58   6855.52    0.96   6742.57    1.22
2012,rct2,87,63,150,Eu,6422.66,7.22,False,4945.7,6.2,False,-12845.99,15.48,False,15255.05,6.21,False,9338.24,6.21,False,9896.51,6.21,False, 150 Eu  63    6422.66    7.22   4945.70    6.20 -12845.99   15.48  15255.05    6.21   9338.24    6.21   9896.51    6.21
2012,rct2,86,64,150,Gd,8708.17,6.75,False,6612.09,7.07,False,-17932.33,18.23,False,11246.58,11.66,False,6644.85,6.42,False,9148.81,6.03,False, 150 Gd  64    8708.17    6.75   6612.09    7.07 -17932.33   18.23  11246.58   11.66   6644.85    6.42   9148.81    6.03
2012,rct2,85,65,150,Tb,7688.11,8.05,False,3267.87,7.94,False,-24615.0,196.0,True,15874.48,7.33,False,9114.98,7.43,False,12085.15,7.66,False, 150 Tb  65    7688.11    8.05   3267.87    7.94 -24615#    196#    15874.48    7.33   9114.98    7.43  12085.15    7.66
2012,rct2,84,66,150,Dy,9681.34,10.16,False,5109.54,5.29,False,-30671.0,401.0,True,11932.66,13.54,False,6297.14,8.77,False,11693.55,4.28,False, 150 Dy  66    9681.34   10.16   5109.54    5.29 -30671#    401#    11932.66   13.54   6297.14    8.77  11693.55    4.28
2012,rct2,83,67,150,Ho,8354.71,20.24,False,1535.4,16.99,False,-37306.0,503.0,True,16618.19,16.95,False,7114.26,16.71,False,14443.08,16.26,False, 150 Ho  67    8354.71   20.24   1535.40   16.99 -37306#    503#    16618.19   16.95   7114.26   16.71  14443.08   16.26
2012,rct2,82,68,150,Er,12160.98,32.81,False,3457.81,22.47,False,,,False,10870.69,85.58,False,2789.87,17.91,False,12011.16,19.34,False, 150 Er  68   12160.98   32.81   3457.81   22.47      *             10870.69   85.58   2789.87   17.91  12011.16   19.34
2012,rct2,81,69,150,Tm,10680.0,357.0,True,38.0,198.0,True,,,False,15699.0,196.0,True,4981.0,199.0,True,14913.0,196.0,True, 150 Tm  69   10680#    357#       38#    198#        *             15699#    196#     4981#    199#    14913#    196#  
2012,rct2,80,70,150,Yb,13511.0,643.0,True,2045.0,499.0,True,,,False,10837.0,401.0,True,2200.0,401.0,True,13616.0,402.0,True, 150 Yb  70   13511#    643#     2045#    499#        *             10837#    401#     2200#    401#    13616#    402#  
2012,rct2,79,71,150,Lu,,,False,-1269.6,2.31,False,,,False,16270.0,780.0,True,,,False,16981.0,503.0,True, 150 Lu  71       *             -1269.60    2.31      *             16270#    780#        *             16981#    503#  
2012,rct2,96,55,151,Cs,4112.0,499.0,True,,,False,31923.0,401.0,True,,,False,9009.0,446.0,True,,,False,0151 Cs  55    4112#    499#        *             31923#    401#        *              9009#    446#        *           
2012,rct2,95,56,151,Ba,3209.0,422.0,True,13865.0,422.0,True,25551.0,298.0,True,9081.0,357.0,True,6769.0,648.0,True,-744.0,357.0,True, 151 Ba  56    3209#    422#    13865#    422#    25551#    298#     9081#    357#     6769#    648#     -744#    357#  
2012,rct2,94,57,151,La,5417.0,277.0,True,10763.0,357.0,True,19657.0,196.0,True,10003.0,277.0,True,8729.0,206.0,True,-786.0,608.0,True, 151 La  57    5417#    277#    10763#    357#    19657#    196#    10003#    277#     8729#    206#     -786#    608#  
2012,rct2,93,58,151,Ce,4449.52,21.21,False,12131.0,196.0,True,13350.55,17.78,False,9705.67,201.04,False,6347.74,26.31,False,2015.09,65.52,False, 151 Ce  58    4449.52   21.21  12131#    196#    13350.55   17.78   9705.67  201.04   6347.74   26.31   2015.09   65.52
2012,rct2,92,59,151,Pr,6550.39,14.73,False,9221.59,16.51,False,7872.5,11.72,False,10601.25,15.52,False,8482.96,16.16,False,1575.67,22.69,False, 151 Pr  59    6550.39   14.73   9221.59   16.51   7872.50   11.72  10601.25   15.52   8482.96   16.16   1575.67   22.69
2012,rct2,91,60,151,Nd,5334.55,0.1,False,9930.89,9.14,False,3245.64,2.83,False,10807.86,10.02,False,6457.1,15.09,False,5102.47,11.29,False, 151 Nd  60    5334.55    0.10   9930.89    9.14   3245.64    2.83  10807.86   10.02   6457.10   15.09   5102.47   11.29
2012,rct2,90,61,151,Pm,7860.24,20.49,False,6995.28,4.47,False,-1762.44,5.99,False,11700.7,4.9,False,8886.47,4.9,False,4796.37,15.74,False, 151 Pm  61    7860.24   20.49   6995.28    4.47  -1762.44    5.99  11700.70    4.90   8886.47    4.90   4796.37   15.74
2012,rct2,89,62,151,Sm,5596.45,0.11,False,8268.11,20.0,False,-5823.48,3.24,False,12198.89,1.91,False,7153.53,5.58,False,8478.61,1.99,False, 151 Sm  62    5596.45    0.11   8268.11   20.00  -5823.48    3.24  12198.89    1.91   7153.53    5.58   8478.61    1.99
2012,rct2,88,63,151,Eu,7931.47,6.19,False,4890.48,0.54,False,-11029.39,8.37,False,13193.93,0.66,False,9548.14,1.05,False,7859.5,5.61,False, 151 Eu  63    7931.47    6.19   4890.48    0.54 -11029.39    8.37  13193.93    0.66   9548.14    1.05   7859.50    5.61
2012,rct2,87,64,151,Gd,6495.67,6.62,False,6685.1,6.77,False,-15921.67,16.79,False,12963.33,4.67,False,6975.48,10.43,False,10794.51,2.92,False, 151 Gd  64    6495.67    6.62   6685.10    6.77 -15921.67   16.79  12963.33    4.67   6975.48   10.43  10794.51    2.92
2012,rct2,86,65,151,Tb,8588.62,8.33,False,3148.32,7.17,False,-20845.23,20.09,False,14214.6,5.05,False,9510.43,4.09,False,10322.83,10.78,False, 151 Tb  65    8588.62    8.33   3148.32    7.17 -20845.23   20.09  14214.60    5.05   9510.43    4.09  10322.83   10.78
2012,rct2,85,66,151,Dy,7514.0,5.03,False,4935.44,7.89,False,-27209.81,300.51,False,13447.55,4.44,False,6643.22,13.24,False,13163.61,2.92,False, 151 Dy  66    7514.00    5.03   4935.44    7.89 -27209.81  300.51  13447.55    4.44   6643.22   13.24  13163.61    2.92
2012,rct2,84,67,151,Ho,9748.07,16.36,False,1602.12,8.96,False,-33514.0,401.0,True,14787.63,12.47,False,9094.69,12.47,False,12555.1,15.26,False, 151 Ho  67    9748.07   16.36   1602.12    8.96 -33514#    401#    14787.63   12.47   9094.69   12.47  12555.10   15.26
2012,rct2,83,68,151,Er,8506.32,23.81,False,3609.42,21.73,False,,,False,14106.96,21.93,False,4588.93,85.44,False,15233.33,18.91,False, 151 Er  68    8506.32   23.81   3609.42   21.73      *             14106.96   21.93   4588.93   85.44  15233.33   18.91
2012,rct2,82,69,151,Tm,12358.0,197.0,True,235.41,9.53,False,,,False,13674.7,34.17,False,5565.33,22.17,False,12859.84,86.11,False, 151 Tm  69   12358#    197#      235.41    9.53      *             13674.70   34.17   5565.33   22.17  12859.84   86.11
2012,rct2,81,70,151,Yb,10975.0,501.0,True,2340.0,359.0,True,,,False,13051.0,423.0,True,2086.78,300.67,False,15583.08,300.67,False, 151 Yb  70   10975#    501#     2340#    359#        *             13051#    423#     2086.78  300.67  15583.08  300.67
2012,rct2,80,71,151,Lu,13540.0,643.0,True,-1241.14,2.05,False,,,False,13801.0,643.0,True,4955.0,718.0,True,14303.0,401.0,True, 151 Lu  71   13540#    643#    -1241.14    2.05      *             13801#    643#     4955#    718#    14303#    401#  
2012,rct2,96,56,152,Ba,4774.0,499.0,True,14527.0,566.0,True,28055.0,401.0,True,7432.0,499.0,True,6531.0,446.0,True,,,False,0152 Ba  56    4774#    499#    14527#    566#    28055#    401#     7432#    499#     6531#    446#        *           
2012,rct2,95,57,152,La,3880.0,357.0,True,11434.0,422.0,True,21717.0,299.0,True,11428.0,422.0,True,8348.0,357.0,True,-129.0,357.0,True, 152 La  57    3880#    357#    11434#    422#    21717#    299#    11428#    422#     8348#    357#     -129#    357#  
2012,rct2,94,58,152,Ce,5903.0,196.0,True,12617.0,277.0,True,15705.0,196.0,True,8037.0,277.0,True,6027.0,280.0,True,-390.0,277.0,True, 152 Ce  58    5903#    196#    12617#    277#    15705#    196#     8037#    277#     6027#    280#     -390#    277#  
2012,rct2,93,59,152,Pr,5049.91,21.9,False,9821.98,25.63,False,9129.31,18.62,False,11799.59,21.92,False,7775.91,21.18,False,2108.25,201.12,False, 152 Pr  59    5049.91   21.90   9821.98   25.63   9129.31   18.62  11799.59   21.92   7775.91   21.18   2108.25  201.12
2012,rct2,92,60,152,Nd,7277.75,24.46,False,10658.25,27.11,False,4557.54,24.46,False,8862.45,26.1,False,5754.67,26.42,False,2167.57,26.57,False, 152 Nd  60    7277.75   24.46  10658.25   27.11   4557.54   24.46   8862.45   26.10   5754.67   26.42   2167.57   26.57
2012,rct2,91,61,152,Pm,5939.46,26.27,False,7600.19,25.89,False,-537.24,47.65,False,13136.35,25.89,False,7985.8,25.96,False,5432.23,27.75,False, 152 Pm  61    5939.46   26.27   7600.19   25.89   -537.24   47.65  13136.35   25.89   7985.80   25.96   5432.23   27.75
2012,rct2,90,62,152,Sm,8257.69,0.61,False,8665.55,4.52,False,-4644.02,4.61,False,9545.3,20.01,False,6165.77,2.0,False,5259.71,2.05,False, 152 Sm  62    8257.69    0.61   8665.55    4.52  -4644.02    4.61   9545.30   20.01   6165.77    2.00   5259.71    2.05
2012,rct2,89,63,152,Eu,6306.71,0.1,False,5600.74,0.54,False,-9288.34,12.96,False,14873.9,0.55,False,9111.78,0.66,False,8822.71,1.98,False, 152 Eu  63    6306.71    0.10   5600.74    0.54  -9288.34   12.96  14873.90    0.55   9111.78    0.66   8822.71    1.98
2012,rct2,88,64,152,Gd,8589.65,2.85,False,7343.28,0.69,False,-14212.35,9.56,False,10796.34,6.2,False,6598.25,3.81,False,8075.21,0.73,False, 152 Gd  64    8589.65    2.85   7343.28    0.69 -14212.35    9.56  10796.34    6.20   6598.25    3.81   8075.21    0.73
2012,rct2,87,65,152,Tb,7164.66,40.2,False,3817.31,40.1,False,-18945.72,83.77,False,15758.12,40.45,False,9274.51,40.13,False,11370.59,40.18,False, 152 Tb  65    7164.66   40.20   3817.31   40.10 -18945.72   83.77  15758.12   40.45   9274.51   40.13  11370.59   40.18
2012,rct2,86,66,152,Dy,9437.15,5.24,False,5783.97,5.98,False,-23797.26,157.9,False,11698.51,8.53,False,6234.97,5.49,False,10655.2,5.37,False, 152 Dy  66    9437.15    5.24   5783.97    5.98 -23797.26  157.90  11698.51    8.53   6234.97    5.49  10655.20    5.37
2012,rct2,85,67,152,Ho,8047.77,15.31,False,2135.89,13.3,False,-30177.0,196.0,True,16421.2,13.6,False,8964.43,15.87,False,13536.22,13.4,False, 152 Ho  67    8047.77   15.31   2135.89   13.30 -30177#    196#    16421.20   13.60   8964.43   15.87  13536.22   13.40
2012,rct2,84,68,152,Er,10298.97,18.98,False,4160.32,12.57,False,,,False,12162.7,17.02,False,6032.56,16.89,False,12851.87,13.23,False, 152 Er  68   10298.97   18.98   4160.32   12.57      *             12162.70   17.02   6032.56   16.89  12851.87   13.23
2012,rct2,83,69,152,Tm,9064.17,76.17,False,793.26,75.41,False,,,False,16771.51,75.57,False,6835.1,78.72,False,15538.27,75.0,False, 152 Tm  69    9064.17   76.17    793.26   75.41      *             16771.51   75.57   6835.10   78.72  15538.27   75.00
2012,rct2,82,70,152,Yb,12849.69,339.42,False,2831.93,159.05,False,,,False,10881.0,251.0,True,2426.0,337.0,True,13067.34,160.28,False, 152 Yb  70   12849.69  339.42   2831.93  159.05      *             10881#    251#     2426#    337#    13067.34  160.28
2012,rct2,81,71,152,Lu,11385.0,446.0,True,-831.0,359.0,True,,,False,15927.0,446.0,True,4640.0,540.0,True,16107.0,357.0,True, 152 Lu  71   11385#    446#     -831#    359#        *             15927#    446#     4640#    540#    16107#    357#  
2012,rct2,97,56,153,Ba,2902.0,566.0,True,,,False,30406.0,401.0,True,8643.0,566.0,True,6755.0,499.0,True,,,False,0153 Ba  56    2902#    566#        *             30406#    401#     8643#    566#     6755#    499#        *           
2012,rct2,96,57,153,La,4774.0,422.0,True,11434.0,499.0,True,24408.0,298.0,True,9863.0,422.0,True,8879.0,422.0,True,-1778.0,422.0,True, 153 La  57    4774#    422#    11434#    499#    24408#    298#     9863#    422#     8879#    422#    -1778#    422#  
2012,rct2,95,58,153,Ce,4038.0,277.0,True,12775.0,357.0,True,17536.0,196.0,True,9416.0,277.0,True,6224.0,277.0,True,877.0,357.0,True, 153 Ce  58    4038#    277#    12775#    357#    17536#    196#     9416#    277#     6224#    277#      877#    357#  
2012,rct2,94,59,153,Pr,5881.71,22.02,False,9801.0,196.0,True,11797.87,12.01,False,10367.4,21.32,False,8142.45,16.67,False,461.0,196.0,True, 153 Pr  59    5881.71   22.02   9801#    196#    11797.87   12.01  10367.40   21.32   8142.45   16.67    461#    196#  
2012,rct2,93,60,153,Nd,5252.84,24.66,False,10861.18,18.74,False,5551.66,3.19,False,10160.01,11.97,False,5834.18,9.43,False,3162.98,12.02,False, 153 Nd  60    5252.84   24.66  10861.18   18.74   5551.66    3.19  10160.01   11.97   5834.18    9.43   3162.98   12.02
2012,rct2,92,61,153,Pm,7465.38,27.44,False,7787.81,26.1,False,665.35,9.89,False,11005.53,9.14,False,7895.54,9.14,False,3299.21,12.78,False, 153 Pm  61    7465.38   27.44   7787.81   26.10    665.35    9.89  11005.53    9.14   7895.54    9.14   3299.21   12.78
2012,rct2,91,62,153,Sm,5868.4,0.13,False,8594.49,25.89,False,-3416.47,3.92,False,11537.14,4.52,False,5901.47,20.01,False,6766.43,0.66,False, 153 Sm  62    5868.40    0.13   8594.49   25.89  -3416.47    3.92  11537.14    4.52   5901.47   20.01   6766.43    0.66
2012,rct2,90,63,153,Eu,8550.27,0.12,False,5893.33,0.68,False,-8354.03,5.08,False,11920.08,0.55,False,8548.19,0.56,False,5876.54,20.01,False, 153 Eu  63    8550.27    0.12   5893.33    0.68  -8354.03    5.08  11920.08    0.55   8548.19    0.56   5876.54   20.01
2012,rct2,89,64,153,Gd,6246.96,0.13,False,7283.53,0.7,False,-12409.75,9.5,False,12480.85,0.7,False,6773.95,6.2,False,9814.94,0.64,False, 153 Gd  64    6246.96    0.13   7283.53    0.70 -12409.75    9.50  12480.85    0.70   6773.95    6.20   9814.94    0.64
2012,rct2,88,65,153,Tb,8667.97,40.19,False,3895.62,3.85,False,-17323.64,15.0,False,13585.82,4.76,False,9314.72,7.11,False,9125.28,7.26,False, 153 Tb  65    8667.97   40.19   3895.62    3.85 -17323.64   15.00  13585.82    4.76   9314.72    7.11   9125.28    7.26
2012,rct2,87,66,153,Dy,7095.96,5.9,False,5715.26,40.19,False,-21934.0,196.0,True,13191.17,5.55,False,6827.12,8.28,False,12267.42,7.13,False, 153 Dy  66    7095.96    5.90   5715.26   40.19 -21934#    196#    13191.17    5.55   6827.12    8.28  12267.42    7.13
2012,rct2,86,67,153,Ho,9484.57,13.85,False,2183.32,6.53,False,-26589.15,158.22,False,14450.63,5.68,False,9161.19,6.37,False,11739.76,8.8,False, 153 Ho  67    9484.57   13.85   2183.32    6.53 -26589.15  158.22  14450.63    5.68   9161.19    6.37  11739.76    8.80
2012,rct2,85,68,153,Er,8049.56,13.3,False,4162.12,15.92,False,-33170.0,503.0,True,13861.21,12.55,False,6337.71,17.04,False,14483.65,10.25,False, 153 Er  68    8049.56   13.30   4162.12   15.92 -33170#    503#    13861.21   12.55   6337.71   17.04  14483.65   10.25
2012,rct2,84,69,153,Tm,10290.04,75.01,False,784.33,16.91,False,,,False,14987.79,21.95,False,8706.03,22.48,False,13602.94,20.26,False, 153 Tm  69   10290.04   75.01    784.33   16.91      *             14987.79   21.95   8706.03   22.48  13602.94   20.26
2012,rct2,83,70,153,Yb,8959.0,251.0,True,2727.0,209.0,True,,,False,14280.0,197.0,True,4147.0,277.0,True,16270.0,196.0,True, 153 Yb  70    8959#    251#     2727#    209#        *             14280#    197#     4147#    277#    16270#    196#  
2012,rct2,82,71,153,Lu,13072.0,252.0,True,-608.57,9.88,False,,,False,13829.97,339.56,False,5079.0,431.0,True,13714.0,252.0,True, 153 Lu  71   13072#    252#     -608.57    9.88      *             13829.97  339.56   5079#    431#    13714#    252#  
2012,rct2,81,72,153,Hf,,,False,1169.0,540.0,True,,,False,13517.0,643.0,True,2202.0,711.0,True,16983.0,643.0,True, 153 Hf  72       *              1169#    540#        *             13517#    643#     2202#    711#    16983#    643#  
2012,rct2,97,57,154,La,3591.0,499.0,True,12123.0,566.0,True,26732.0,403.0,True,11046.0,566.0,True,8497.0,499.0,True,-1256.0,566.0,True,0154 La  57    3591#    499#    12123#    566#    26732#    403#    11046#    566#     8497#    499#    -1256#    566#  
2012,rct2,96,58,154,Ce,5398.0,357.0,True,13400.0,422.0,True,20105.0,298.0,True,7898.0,422.0,True,6243.0,357.0,True,-1312.0,422.0,True, 154 Ce  58    5398#    357#    13400#    422#    20105#    298#     7898#    422#     6243#    357#    -1312#    422#  
2012,rct2,95,59,154,Pr,4697.26,152.11,False,10460.0,248.0,True,13542.79,151.63,False,11573.0,248.0,True,7894.71,152.67,False,1181.0,248.0,True, 154 Pr  59    4697.26  152.11  10460#    248#    13542.79  151.63  11573#    248#     7894.71  152.67   1181#    248#  
2012,rct2,94,60,154,Nd,6425.45,114.03,False,11404.91,114.61,False,8020.94,113.98,False,8784.47,115.49,False,5959.13,114.58,False,1187.06,115.36,False, 154 Nd  60    6425.45  114.03  11404.91  114.61   8020.94  113.98   8784.47  115.49   5959.13  114.58   1187.06  115.36
2012,rct2,93,61,154,Pm,5915.05,45.64,False,8450.03,44.84,False,1664.36,63.66,False,12368.23,50.98,False,7315.04,44.73,False,3934.55,46.24,False, 154 Pm  61    5915.05   45.64   8450.03   44.84   1664.36   63.66  12368.23   50.98   7315.04   44.73   3934.55   46.24
2012,rct2,92,62,154,Sm,7966.79,0.85,False,9095.91,9.13,False,-2060.85,7.47,False,9509.81,25.9,False,5794.92,4.59,False,4134.19,1.06,False, 154 Sm  62    7966.79    0.85   9095.91    9.13  -2060.85    7.47   9509.81   25.90   5794.92    4.59   4134.19    1.06
2012,rct2,91,63,154,Eu,6442.17,0.24,False,6467.1,0.72,False,-7097.87,8.23,False,13735.59,0.71,False,7702.47,0.59,False,7294.61,4.51,False, 154 Eu  63    6442.17    0.24   6467.10    0.72  -7097.87    8.23  13735.59    0.71   7702.47    0.59   7294.61    4.51
2012,rct2,90,64,154,Gd,8894.73,0.17,False,7627.98,0.71,False,-11100.41,4.99,False,9892.84,0.71,False,5810.69,0.71,False,6516.66,0.65,False, 154 Gd  64    8894.73    0.17   7627.98    0.71 -11100.41    4.99   9892.84    0.71   5810.69    0.71   6516.66    0.65
2012,rct2,89,65,154,Tb,6914.06,45.46,False,4562.73,45.3,False,-15728.52,47.55,False,15261.41,45.3,False,8896.32,45.39,False,10142.69,45.3,False, 154 Tb  65    6914.06   45.46   4562.73   45.30 -15728.52   47.55  15261.41   45.30   8896.32   45.39  10142.69   45.30
2012,rct2,88,66,154,Dy,9322.41,8.34,False,6369.7,8.32,False,-20461.55,18.81,False,11033.42,40.68,False,6093.33,8.38,False,9440.68,7.91,False, 154 Dy  66    9322.41    8.34   6369.70    8.32 -20461.55   18.81  11033.42   40.68   6093.33    8.38   9440.68    7.91
2012,rct2,87,67,154,Ho,7698.34,9.52,False,2785.7,9.04,False,-24924.0,202.0,True,16189.43,9.27,False,8976.85,8.68,False,12630.03,9.08,False, 154 Ho  67    7698.34    9.52   2785.70    9.04 -24924#    202#    16189.43    9.27   8976.85    8.68  12630.03    9.08
2012,rct2,86,68,154,Er,10204.06,10.54,False,4881.61,6.82,False,-29872.0,503.0,True,11704.91,13.82,False,5881.71,9.29,False,11793.59,5.6,False, 154 Er  68   10204.06   10.54   4881.61    6.82 -29872#    503#    11704.91   13.82   5881.71    9.29  11793.59    5.60
2012,rct2,85,69,154,Tm,8509.18,20.43,False,1243.95,17.24,False,,,False,16777.58,17.22,False,8703.18,21.89,False,14841.82,16.57,False, 154 Tm  69    8509.18   20.43   1243.95   17.24      *             16777.58   17.22   8703.18   21.89  14841.82   16.57
2012,rct2,84,70,154,Yb,10795.0,196.0,True,3231.8,22.55,False,,,False,12549.25,75.59,False,5709.65,9.37,False,13980.56,23.87,False, 154 Yb  70   10795#    196#     3231.80   22.55      *             12549.25   75.59   5709.65    9.37  13980.56   23.87
2012,rct2,83,71,154,Lu,9363.0,257.0,True,-204.16,51.6,False,,,False,17317.0,257.0,True,6691.0,362.0,True,16709.0,203.0,True, 154 Lu  71    9363#    257#     -204.16   51.60      *             17317#    257#     6691#    362#    16709#    203#  
2012,rct2,82,72,154,Hf,13502.0,711.0,True,1599.0,527.0,True,,,False,11400.0,540.0,True,2240.0,643.0,True,14456.0,586.0,True, 154 Hf  72   13502#    711#     1599#    527#        *             11400#    540#     2240#    643#    14456#    586#  
2012,rct2,98,57,155,La,4494.0,566.0,True,,,False,28758.0,401.0,True,9453.0,566.0,True,8776.0,566.0,True,,,False,0155 La  57    4494#    566#        *             28758#    401#     9453#    566#     8776#    566#        *           
2012,rct2,97,58,155,Ce,3647.0,499.0,True,13455.0,566.0,True,22265.0,401.0,True,9025.0,499.0,True,6476.0,499.0,True,-185.0,566.0,True, 155 Ce  58    3647#    499#    13455#    566#    22265#    401#     9025#    499#     6476#    499#     -185#    566#  
2012,rct2,96,59,155,Pr,5292.17,152.61,False,10354.0,299.0,True,16401.91,17.29,False,10319.0,196.0,True,8506.0,196.0,True,-232.0,299.0,True, 155 Pr  59    5292.17  152.61  10354#    299#    16401.91   17.29  10319#    196#     8506#    196#     -232#    299#  
2012,rct2,95,60,155,Nd,4670.62,114.36,False,11378.27,151.92,False,9785.55,9.3,False,9995.56,14.99,False,6338.42,20.67,False,2419.0,196.0,True, 155 Nd  60    4670.62  114.36  11378.27  151.92   9785.55    9.30   9995.56   14.99   6338.42   20.67   2419#    196#  
2012,rct2,94,61,155,Pm,6519.9,45.01,False,8544.48,114.09,False,4309.56,10.97,False,11101.17,5.42,False,8072.9,24.96,False,2464.56,19.13,False, 155 Pm  61    6519.90   45.01   8544.48  114.09   4309.56   10.97  11101.17    5.42   8072.90   24.96   2464.56   19.13
2012,rct2,93,62,155,Sm,5806.96,0.27,False,8987.81,44.72,False,-1035.2,9.65,False,11168.23,9.14,False,5927.42,25.9,False,5604.98,24.47,False, 155 Sm  62    5806.96    0.27   8987.81   44.72  -1035.20    9.65  11168.23    9.14   5927.42   25.90   5604.98   24.47
2012,rct2,92,63,155,Eu,8151.29,0.4,False,6651.6,1.16,False,-5778.0,17.49,False,11452.7,0.82,False,7808.87,0.81,False,5082.78,25.89,False, 155 Eu  63    8151.29    0.40   6651.60    1.16  -5778.00   17.49  11452.70    0.82   7808.87    0.81   5082.78   25.89
2012,rct2,91,64,155,Gd,6435.23,0.18,False,7621.04,0.76,False,-9860.27,6.09,False,12007.88,0.73,False,5682.18,0.73,False,8339.12,0.32,False, 155 Gd  64    6435.23    0.18   7621.04    0.76  -9860.27    6.09  12007.88    0.73   5682.18    0.73   8339.12    0.32
2012,rct2,90,65,155,Tb,9165.1,46.34,False,4833.1,9.79,False,-14623.63,13.97,False,12343.27,9.79,False,8320.88,9.79,False,7284.31,9.82,False, 155 Tb  65    9165.10   46.34   4833.10    9.79 -14623.63   13.97  12343.27    9.79   8320.88    9.79   7284.31    9.82
2012,rct2,89,66,155,Dy,6832.61,12.14,False,6288.25,46.31,False,-18652.28,19.24,False,12868.78,10.35,False,6425.38,41.14,False,11197.73,9.61,False, 155 Dy  66    6832.61   12.14   6288.25   46.31 -18652.28   19.24  12868.78   10.35   6425.38   41.14  11197.73    9.61
2012,rct2,88,67,155,Ho,9471.15,19.29,False,2934.45,18.97,False,-23489.07,26.18,False,13814.24,17.9,False,8942.85,18.06,False,10323.54,43.65,False, 155 Ho  67    9471.15   19.29   2934.45   18.97 -23489.07   26.18  13814.24   17.90   8942.85   18.06  10323.54   43.65
2012,rct2,87,68,155,Er,7675.37,7.59,False,4858.63,10.09,False,-27846.0,298.0,True,13514.12,7.65,False,6254.11,14.26,False,13555.37,7.34,False, 155 Er  68    7675.37    7.59   4858.63   10.09 -27846#    298#    13514.12    7.65   6254.11   14.26  13555.37    7.34
2012,rct2,86,69,155,Tm,10269.99,17.44,False,1309.88,10.77,False,-32635.0,503.0,True,14557.15,13.68,False,8732.15,13.69,False,12619.6,16.25,False, 155 Tm  69   10269.99   17.44   1309.88   10.77 -32635#    503#    14557.15   13.68   8732.15   13.69  12619.60   16.25
2012,rct2,85,70,155,Yb,8641.88,23.96,False,3364.49,21.99,False,,,False,14197.42,22.05,False,6131.94,75.44,False,15637.65,19.09,False, 155 Yb  70    8641.88   23.96   3364.49   21.99      *             14197.42   22.05   6131.94   75.44  15637.65   19.09
2012,rct2,84,71,155,Lu,10906.0,203.0,True,-93.07,9.02,False,,,False,15369.0,197.0,True,8634.65,159.02,False,14866.89,76.13,False, 155 Lu  71   10906#    203#      -93.07    9.02      *             15369#    197#     8634.65  159.02  14866.89   76.13
2012,rct2,83,72,155,Hf,9701.0,585.0,True,1937.0,360.0,True,,,False,14771.0,337.0,True,3923.0,357.0,True,17604.0,337.0,True, 155 Hf  72    9701#    585#     1937#    360#        *             14771#    337#     3923#    357#    17604#    337#  
2012,rct2,82,73,155,Ta,,,False,-1453.0,15.0,False,,,False,14022.0,712.0,True,,,False,15078.0,540.0,True, 155 Ta  73       *             -1453.00   15.00      *             14022#    712#        *             15078#    540#  
2012,rct2,98,58,156,Ce,5016.0,566.0,True,13977.0,566.0,True,24493.0,401.0,True,7600.0,566.0,True,6233.0,499.0,True,-2299.0,566.0,True,0156 Ce  58    5016#    566#    13977#    566#    24493#    401#     7600#    566#     6233#    499#    -2299#    566#  
2012,rct2,97,59,156,Pr,4224.0,299.0,True,10931.0,499.0,True,18518.0,298.0,True,11493.0,422.0,True,8320.0,357.0,True,318.0,422.0,True, 156 Pr  59    4224#    299#    10931#    499#    18518#    298#    11493#    422#     8320#    357#      318#    422#  
2012,rct2,96,60,156,Nd,6261.24,200.24,False,12347.34,200.77,False,12060.66,200.04,False,8431.58,251.01,False,5958.89,200.39,False,196.0,280.0,True, 156 Nd  60    6261.24  200.24  12347.34  200.77  12060.66  200.04   8431.58  251.01   5958.89  200.39    196#    280#  
2012,rct2,95,61,156,Pm,5295.03,5.92,False,9168.89,9.82,False,5926.48,5.4,False,12231.58,114.05,False,8030.7,4.5,False,3051.24,12.42,False, 156 Pm  61    5295.03    5.92   9168.89    9.82   5926.48    5.40  12231.58  114.05   8030.70    4.50   3051.24   12.42
2012,rct2,94,62,156,Sm,7243.85,9.25,False,9711.77,10.48,False,1165.63,9.22,False,9839.43,45.67,False,6148.94,12.96,False,3613.96,9.75,False, 156 Sm  62    7243.85    9.25   9711.77   10.48   1165.63    9.22   9839.43   45.67   6148.94   12.96   3613.96    9.75
2012,rct2,93,63,156,Eu,6339.31,5.32,False,7183.95,5.35,False,-4606.81,60.23,False,13080.19,5.35,False,7337.96,5.29,False,6208.85,10.54,False, 156 Eu  63    6339.31    5.32   7183.95    5.35  -4606.81   60.23  13080.19    5.35   7337.96    5.29   6208.85   10.54
2012,rct2,92,64,156,Gd,8536.35,0.07,False,8006.1,0.86,False,-8323.9,24.69,False,9913.71,0.76,False,5696.1,0.74,False,5671.17,0.36,False, 156 Gd  64    8536.35    0.07   8006.10    0.86  -8323.90   24.69   9913.71    0.76   5696.10    0.74   5671.17    0.36
2012,rct2,91,65,156,Tb,6911.95,10.46,False,5309.82,3.68,False,-13261.11,15.1,False,14326.05,3.68,False,7655.89,3.69,False,8922.63,3.75,False, 156 Tb  65    6911.95   10.46   5309.82    3.68 -13261.11   15.10  14326.05    3.68   7655.89    3.69   8922.63    3.75
2012,rct2,90,66,156,Dy,9444.69,9.6,False,6567.84,9.79,False,-17269.88,10.16,False,10338.16,45.3,False,5648.66,3.86,False,7999.99,0.27,False, 156 Dy  66    9444.69    9.60   6567.84    9.79 -17269.88   10.16  10338.16   45.30   5648.66    3.86   7999.99    0.27
2012,rct2,89,67,156,Ho,7510.5,62.49,False,3612.34,60.76,False,-21728.41,95.02,False,15626.15,60.46,False,8528.3,60.13,False,11481.01,60.12,False, 156 Ho  67    7510.50   62.49   3612.34   60.76 -21728.41   95.02  15626.15   60.46   8528.30   60.13  11481.01   60.12
2012,rct2,88,68,156,Er,10072.72,25.41,False,5460.2,30.21,False,-26343.11,159.78,False,11139.74,25.99,False,5665.96,25.18,False,10578.6,24.99,False, 156 Er  68   10072.72   25.41   5460.20   30.21 -26343.11  159.78  11139.74   25.99   5665.96   25.18  10578.60   24.99
2012,rct2,87,69,156,Tm,8274.46,17.63,False,1908.98,15.81,False,-30775.0,298.0,True,16486.75,15.41,False,8507.25,17.33,False,13829.71,15.45,False, 156 Tm  69    8274.46   17.63   1908.98   15.81 -30775#    298#    16486.75   15.41   8507.25   17.33  13829.71   15.45
2012,rct2,86,70,156,Yb,10827.08,19.4,False,3921.58,14.12,False,,,False,11879.52,17.57,False,5594.9,17.2,False,12860.13,13.73,False, 156 Yb  70   10827.08   19.40   3921.58   14.12      *             11879.52   17.57   5594.90   17.20  12860.13   13.73
2012,rct2,85,71,156,Lu,9271.15,76.19,False,536.21,75.51,False,,,False,16893.01,75.66,False,8322.0,209.0,True,15885.78,75.07,False, 156 Lu  71    9271.15   76.19    536.21   75.51      *             16893.01   75.66   8322#    209#    15885.78   75.07
2012,rct2,84,72,156,Hf,11576.0,337.0,True,2606.16,159.07,False,,,False,12559.0,257.0,True,5419.92,9.12,False,14987.0,251.0,True, 156 Hf  72   11576#    337#     2606.16  159.07      *             12559#    257#     5419.92    9.12  14987#    251#  
2012,rct2,83,73,156,Ta,10135.0,585.0,True,-1019.8,4.27,False,,,False,17389.0,585.0,True,6112.0,585.0,True,18016.0,337.0,True, 156 Ta  73   10135#    585#    -1019.80    4.27      *             17389#    585#     6112#    585#    18016#    337#  
2012,rct2,99,58,157,Ce,3209.0,643.0,True,,,False,26670.0,503.0,True,8885.0,643.0,True,6615.0,643.0,True,,,False,0157 Ce  58    3209#    643#        *             26670#    503#     8885#    643#     6615#    643#        *           
2012,rct2,98,59,157,Pr,5044.0,499.0,True,10959.0,566.0,True,20918.0,401.0,True,10096.0,566.0,True,8674.0,499.0,True,-1135.0,566.0,True, 157 Pr  59    5044#    499#    10959#    566#    20918#    401#    10096#    566#     8674#    499#    -1135#    566#  
2012,rct2,97,60,157,Nd,4059.22,201.58,False,12183.0,299.0,True,14361.3,24.97,False,9664.53,30.27,False,6596.93,153.67,False,1535.0,299.0,True, 157 Nd  60    4059.22  201.58  12183#    299#    14361.30   24.97   9664.53   30.27   6596.93  153.67   1535#    299#  
2012,rct2,96,61,157,Pm,6204.72,7.86,False,9112.37,200.15,False,8465.76,7.2,False,10697.49,11.51,False,8251.43,114.21,False,1543.78,151.8,False, 157 Pm  61    6204.72    7.86   9112.37  200.15   8465.76    7.20  10697.49   11.51   8251.43  114.21   1543.78  151.80
2012,rct2,95,62,157,Sm,5386.16,10.35,False,9802.9,5.69,False,2746.08,6.95,False,10973.16,6.44,False,6677.83,44.98,False,4653.25,114.08,False, 157 Sm  62    5386.16   10.35   9802.90    5.69   2746.08    6.95  10973.16    6.44   6677.83   44.98   4653.25  114.08
2012,rct2,94,63,157,Eu,7444.47,6.74,False,7384.56,10.13,False,-2627.73,23.84,False,11442.68,4.3,False,7860.28,4.3,False,4679.43,44.93,False, 157 Eu  63    7444.47    6.74   7384.56   10.13  -2627.73   23.84  11442.68    4.30   7860.28    4.30   4679.43   44.93
2012,rct2,93,64,157,Gd,6359.86,0.15,False,8026.64,5.29,False,-7433.41,25.08,False,11705.14,0.87,False,5778.42,0.77,False,7278.11,0.89,False, 157 Gd  64    6359.86    0.15   8026.64    5.29  -7433.41   25.08  11705.14    0.87   5778.42    0.77   7278.11    0.89
2012,rct2,92,65,157,Tb,8744.0,3.69,False,5517.47,0.33,False,-12026.6,26.26,False,12017.28,0.34,False,7806.62,0.38,False,6620.81,0.83,False, 157 Tb  65    8744.00    3.69   5517.47    0.33 -12026.60   26.26  12017.28    0.34   7806.62    0.38   6620.81    0.83
2012,rct2,91,66,157,Dy,6966.61,5.13,False,6622.51,6.29,False,-15998.12,12.2,False,12536.64,11.05,False,5596.11,45.59,False,9928.11,5.13,False, 157 Dy  66    6966.61    5.13   6622.51    6.29 -15998.12   12.20  12536.64   11.05   5596.11   45.59   9928.11    5.13
2012,rct2,90,67,157,Ho,9423.55,64.44,False,3591.21,23.49,False,-20373.86,27.64,False,13035.2,25.37,False,8427.16,24.61,False,8971.52,51.03,False, 157 Ho  67    9423.55   64.44   3591.21   23.49 -20373.86   27.64  13035.20   25.37   8427.16   24.61   8971.52   51.03
2012,rct2,89,68,157,Er,7250.35,35.12,False,5200.05,65.03,False,-24486.0,197.0,True,13360.54,30.53,False,6113.96,26.36,False,12650.66,26.12,False, 157 Er  68    7250.35   35.12   5200.05   65.03 -24486#    197#    13360.54   30.53   6113.96   26.36  12650.66   26.12
2012,rct2,88,69,157,Tm,9978.51,29.99,False,1814.76,35.97,False,-29092.46,160.32,False,14183.61,26.93,False,8732.81,26.7,False,11549.55,27.48,False, 157 Tm  69    9978.51   29.99   1814.76   35.97 -29092.46  160.32  14183.61   26.93   8732.81   26.70  11549.55   27.48
2012,rct2,87,70,157,Yb,8238.38,14.86,False,3885.5,18.24,False,-33715.0,401.0,True,13911.13,14.81,False,5865.71,18.16,False,14825.82,11.98,False, 157 Yb  70    8238.38   14.86   3885.50   18.24 -33715#    401#    13911.13   14.81   5865.71   18.16  14825.82   11.98
2012,rct2,86,71,157,Lu,10778.1,75.1,False,487.23,17.3,False,,,False,14756.78,22.13,False,8339.47,22.63,False,13616.85,20.52,False, 157 Lu  71   10778.10   75.10    487.23   17.30      *             14756.78   22.13   8339.47   22.63  13616.85   20.52
2012,rct2,85,72,157,Hf,9107.0,251.0,True,2442.0,209.0,True,,,False,14358.0,197.0,True,5675.76,51.51,False,16675.0,196.0,True, 157 Hf  72    9107#    251#     2442#    209#        *             14358#    197#     5675.76   51.51  16675#    196#  
2012,rct2,84,73,157,Ta,11661.0,337.0,True,-934.6,9.67,False,,,False,15430.0,337.0,True,7953.0,527.0,True,15718.0,257.0,True, 157 Ta  73   11661#    337#     -934.60    9.67      *             15430#    337#     7953#    527#    15718#    257#  
2012,rct2,83,74,157,W,,,False,945.0,499.0,True,,,False,14991.0,643.0,True,,,False,18669.0,643.0,True, 157 W   74       *               945#    499#        *             14991#    643#        *             18669#    643#  
2012,rct2,99,59,158,Pr,3861.0,566.0,True,11611.0,643.0,True,22925.0,401.0,True,11251.0,566.0,True,8460.0,566.0,True,-501.0,566.0,True,0158 Pr  59    3861#    566#    11611#    643#    22925#    401#    11251#    566#     8460#    566#     -501#    566#  
2012,rct2,98,60,158,Nd,5664.0,299.0,True,12803.0,499.0,True,16634.0,298.0,True,8224.0,422.0,True,6225.0,299.0,True,-483.0,499.0,True, 158 Nd  60    5664#    299#    12803#    499#    16634#    298#     8224#    422#     6225#    299#     -483#    499#  
2012,rct2,97,61,158,Pm,4863.48,15.15,False,9916.64,28.31,False,10380.75,13.58,False,12095.24,200.48,False,8058.57,16.26,False,1972.46,21.83,False, 158 Pm  61    4863.48   15.15   9916.64   28.31  10380.75   13.58  12095.24  200.48   8058.57   16.26   1972.46   21.83
2012,rct2,96,62,158,Sm,6643.98,6.57,False,10242.17,8.52,False,5155.94,5.67,False,9624.21,6.05,False,6553.74,6.76,False,2679.88,10.36,False, 158 Sm  62    6643.98    6.57  10242.17    8.52   5155.94    5.67   9624.21    6.05   6553.74    6.76   2679.88   10.36
2012,rct2,95,63,158,Eu,5868.18,11.12,False,7866.58,11.15,False,-1068.76,29.03,False,12818.35,13.88,False,7799.06,10.42,False,5331.14,11.27,False, 158 Eu  63    5868.18   11.12   7866.58   11.15  -1068.76   29.03  12818.35   13.88   7799.06   10.42   5331.14   11.27
2012,rct2,94,64,158,Gd,7937.39,0.06,False,8519.57,4.22,False,-5385.08,25.27,False,10107.06,5.29,False,5992.32,0.87,False,5147.68,0.94,False, 158 Gd  64    7937.39    0.06   8519.57    4.22  -5385.08   25.27  10107.06    5.29   5992.32    0.87   5147.68    0.94
2012,rct2,93,65,158,Tb,6778.48,1.02,False,5936.09,0.99,False,-10766.75,25.29,False,13775.15,1.0,False,7463.37,1.0,False,7993.62,1.31,False, 158 Tb  65    6778.48    1.02   5936.09    0.99 -10766.75   25.29  13775.15    1.00   7463.37    1.00   7993.62    1.31
2012,rct2,92,66,158,Dy,9053.84,5.14,False,6932.35,2.49,False,-14395.94,8.36,False,10394.75,4.37,False,5707.36,10.1,False,7309.49,2.48,False, 158 Dy  66    9053.84    5.14   6932.35    2.49 -14395.94    8.36  10394.75    4.37   5707.36   10.10   7309.49    2.48
2012,rct2,91,67,158,Ho,7427.15,35.85,False,4051.74,27.49,False,-18974.1,31.07,False,15052.74,27.12,False,7832.62,28.77,False,10709.46,28.83,False, 158 Ho  67    7427.15   35.85   4051.74   27.49 -18974.10   31.07  15052.74   27.12   7832.62   28.77  10709.46   28.83
2012,rct2,90,68,158,Er,9985.71,35.53,False,5762.21,34.44,False,-23201.3,30.69,False,10885.33,65.11,False,5599.4,30.69,False,9497.56,27.03,False, 158 Er  68    9985.71   35.53   5762.21   34.44 -23201.30   30.69  10885.33   65.11   5599.40   30.69   9497.56   27.03
2012,rct2,89,69,158,Tm,8038.34,36.37,False,2602.75,35.53,False,-27537.0,204.0,True,16218.0,35.26,False,8369.84,25.97,False,12982.36,30.69,False, 158 Tm  69    8038.34   36.37   2602.75   35.53 -27537#    204#    16218.00   35.26   8369.84   25.97  12982.36   30.69
2012,rct2,88,70,158,Yb,10656.03,13.49,False,4563.02,27.42,False,-32315.0,503.0,True,11529.57,16.63,False,5479.67,12.5,False,11845.16,9.86,False, 158 Yb  70   10656.03   13.49   4563.02   27.42 -32315#    503#    11529.57   16.63   5479.67   12.50  11845.16    9.86
2012,rct2,87,71,158,Lu,8826.91,21.02,False,1075.76,18.73,False,,,False,16756.96,18.16,False,8154.44,22.46,False,15059.94,18.03,False, 158 Lu  71    8826.91   21.02   1075.76   18.73      *             16756.96   18.16   8154.44   22.46  15059.94   18.03
2012,rct2,86,72,158,Hf,11271.0,196.0,True,2934.77,22.79,False,,,False,12358.22,75.71,False,5311.63,8.6,False,14046.58,24.12,False, 158 Hf  72   11271#    196#     2934.77   22.79      *             12358.22   75.71   5311.63    8.60  14046.58   24.12
2012,rct2,85,73,158,Ta,9594.0,257.0,True,-447.76,51.33,False,,,False,17412.0,257.0,True,8060.0,360.0,True,17030.0,203.0,True, 158 Ta  73    9594#    257#     -447.76   51.33      *             17412#    257#     8060#    360#    17030#    203#  
2012,rct2,84,74,158,W,12056.0,643.0,True,1340.0,527.0,True,,,False,13070.0,585.0,True,5159.65,15.31,False,16314.0,585.0,True, 158 W   74   12056#    643#     1340#    527#        *             13070#    585#     5159.65   15.31  16314#    585#  
2012,rct2,100,59,159,Pr,4830.0,643.0,True,,,False,24955.0,503.0,True,9630.0,711.0,True,8646.0,643.0,True,,,False,0159 Pr  59    4830#    643#        *             24955#    503#     9630#    711#     8646#    643#        *           
2012,rct2,99,60,159,Nd,3824.0,499.0,True,12766.0,566.0,True,18754.0,401.0,True,9444.0,566.0,True,6625.0,499.0,True,709.0,566.0,True, 159 Nd  60    3824#    499#    12766#    566#    18754#    401#     9444#    566#     6625#    499#      709#    566#  
2012,rct2,98,61,159,Pm,5536.39,16.77,False,9789.0,298.0,True,12977.38,10.19,False,10618.07,26.86,False,8783.42,200.28,False,660.0,298.0,True, 159 Pm  61    5536.39   16.77   9789#    298#    12977.38   10.19  10618.07   26.86   8783.42  200.28    660#    298#  
2012,rct2,97,62,159,Sm,5028.85,7.66,False,10407.54,14.69,False,6958.51,6.27,False,10800.07,9.16,False,6819.92,6.92,False,3912.27,200.12,False, 159 Sm  62    5028.85    7.66  10407.54   14.69   6958.51    6.27  10800.07    9.16   6819.92    6.92   3912.27  200.12
2012,rct2,96,63,159,Eu,6859.01,11.12,False,8081.61,6.52,False,1285.8,5.34,False,11345.5,6.18,False,8183.9,10.23,False,3767.16,5.64,False, 159 Eu  63    6859.01   11.12   8081.61    6.52   1285.80    5.34  11345.50    6.18   8183.90   10.23   3767.16    5.64
2012,rct2,95,64,159,Gd,5943.21,0.08,False,8594.59,10.38,False,-4000.62,3.61,False,11608.32,4.22,False,6388.42,5.29,False,6448.33,9.22,False, 159 Gd  64    5943.21    0.08   8594.59   10.38  -4000.62    3.61  11608.32    4.22   6388.42    5.29   6448.33    9.22
2012,rct2,94,65,159,Tb,8133.02,0.64,False,6131.72,0.76,False,-8961.24,28.0,False,12001.99,0.76,False,7866.7,0.78,False,6199.91,5.34,False, 159 Tb  65    8133.02    0.64   6131.72    0.76  -8961.24   28.00  12001.99    0.76   7866.70    0.78   6199.91    5.34
2012,rct2,93,66,159,Dy,6831.42,2.61,False,6985.29,1.33,False,-13327.5,17.85,False,12307.32,1.37,False,5787.89,3.79,False,9014.42,1.35,False, 159 Dy  66    6831.42    2.61   6985.29    1.33 -13327.50   17.85  12307.32    1.37   5787.89    3.79   9014.42    1.35
2012,rct2,92,67,159,Ho,9213.58,27.26,False,4211.47,3.74,False,-17620.06,37.81,False,12805.78,5.9,False,8063.73,3.01,False,8407.84,4.64,False, 159 Ho  67    9213.58   27.26   4211.47    3.74 -17620.06   37.81  12805.78    5.90   8063.73    3.01   8407.84    4.64
2012,rct2,91,68,159,Er,7327.67,25.52,False,5662.73,27.34,False,-21707.4,17.26,False,12981.21,23.76,False,5782.23,60.11,False,11614.57,3.61,False, 159 Er  68    7327.67   25.52   5662.73   27.34 -21707.40   17.26  12981.21   23.76   5782.23   60.11  11614.57    3.61
2012,rct2,90,69,159,Tm,9938.52,37.64,False,2555.56,37.64,False,-26126.13,34.32,False,13529.83,37.51,False,8504.04,37.26,False,10554.34,66.21,False, 159 Tm  69    9938.52   37.64   2555.56   37.64 -26126.13   34.32  13529.83   37.51   8504.04   37.26  10554.34   66.21
2012,rct2,89,70,159,Yb,7899.85,19.34,False,4424.54,30.9,False,-30351.0,299.0,True,13608.22,31.71,False,5854.28,23.02,False,14018.03,30.42,False, 159 Yb  70    7899.85   19.34   4424.54   30.90 -30351#    299#    13608.22   31.71   5854.28   23.02  14018.03   30.42
2012,rct2,88,71,159,Lu,10567.62,40.59,False,987.35,38.52,False,-34971.0,507.0,True,14427.72,39.27,False,8413.9,38.98,False,12766.78,40.38,False, 159 Lu  71   10567.62   40.59    987.35   38.52 -34971#    507#    14427.72   39.27   8413.90   38.98  12766.78   40.38
2012,rct2,87,72,159,Hf,8821.56,24.26,False,2929.43,22.62,False,,,False,14314.76,22.29,False,5761.22,75.55,False,16052.09,19.59,False, 159 Hf  72    8821.56   24.26   2929.43   22.62      *             14314.76   22.29   5761.22   75.55  16052.09   19.59
2012,rct2,86,73,159,Ta,11349.0,203.0,True,-369.27,9.55,False,,,False,15170.0,197.0,True,8287.06,159.12,False,14952.06,76.31,False, 159 Ta  73   11349#    203#     -369.27    9.55      *             15170#    197#     8287.06  159.12  14952.06   76.31
2012,rct2,85,74,159,W,9864.0,585.0,True,1610.0,360.0,True,,,False,14867.0,337.0,True,5430.61,5.81,False,18026.0,337.0,True, 159 W   74    9864#    585#     1610#    360#        *             14867#    337#     5430.61    5.81  18026#    337#  
2012,rct2,84,75,159,Re,,,False,-1669.0,53.0,True,,,False,15684.0,645.0,True,,,False,16963.0,587.0,True, 159 Re  75       *             -1669#     53#        *             15684#    645#        *             16963#    587#  
2012,rct2,100,60,160,Nd,5398.0,566.0,True,13334.0,643.0,True,20807.0,401.0,True,7907.0,566.0,True,6271.0,566.0,True,-1480.0,643.0,True,0160 Nd  60    5398#    566#    13334#    643#    20807#    401#     7907#    566#     6271#    566#    -1480#    643#  
2012,rct2,99,61,160,Pm,4519.0,298.0,True,10484.0,499.0,True,14834.0,298.0,True,11763.0,422.0,True,8324.0,299.0,True,1185.0,499.0,True, 160 Pm  61    4519#    298#    10484#    499#    14834#    298#    11763#    422#     8324#    299#     1185#    499#  
2012,rct2,98,62,160,Sm,6098.33,8.37,False,10969.48,11.64,False,9436.65,6.22,False,9565.22,14.69,False,6926.31,9.16,False,1873.15,25.61,False, 160 Sm  62    6098.33    8.37  10969.48   11.64   9436.65    6.22   9565.22   14.69   6926.31    9.16   1873.15   25.61
2012,rct2,97,63,160,Eu,5508.9,10.43,False,8561.66,11.18,False,2900.98,17.86,False,12480.58,10.67,False,8061.17,10.46,False,4462.98,11.79,False, 160 Eu  63    5508.90   10.43   8561.66   11.18   2900.98   17.86  12480.58   10.67   8061.17   10.46   4462.98   11.79
2012,rct2,96,64,160,Gd,7451.46,0.74,False,9187.04,4.44,False,-1876.7,24.31,False,10025.05,10.4,False,6381.43,4.31,False,4383.03,4.75,False, 160 Gd  64    7451.46    0.74   9187.04    4.44  -1876.70   24.31  10025.05   10.40   6381.43    4.31   4383.03    4.75
2012,rct2,95,65,160,Tb,6375.21,0.13,False,6563.72,0.78,False,-7533.5,34.31,False,13564.17,0.78,False,7851.34,0.78,False,7269.17,4.29,False, 160 Tb  65    6375.21    0.13   6563.72    0.78  -7533.50   34.31  13564.17    0.78   7851.34    0.78   7269.17    4.29
2012,rct2,94,66,160,Dy,8576.48,1.47,False,7428.75,1.26,False,-11506.52,15.93,False,10509.32,1.4,False,5955.41,1.29,False,6797.8,1.26,False, 160 Dy  66    8576.48    1.47   7428.75    1.26 -11506.52   15.93  10509.32    1.40   5955.41    1.29   6797.80    1.26
2012,rct2,93,67,160,Ho,7124.08,15.31,False,4504.13,15.07,False,-16111.49,58.8,False,14735.54,15.17,False,7906.26,15.86,False,10027.76,15.05,False, 160 Ho  67    7124.08   15.31   4504.13   15.07 -16111.49   58.80  14735.54   15.17   7906.26   15.86  10027.76   15.05
2012,rct2,92,68,160,Er,9575.38,24.57,False,6024.54,24.49,False,-20132.96,26.37,False,10832.98,36.41,False,5630.4,33.74,False,9005.81,24.84,False, 160 Er  68    9575.38   24.57   6024.54   24.49 -20132.96   26.37  10832.98   36.41   5630.40   33.74   9005.81   24.84
2012,rct2,91,69,160,Tm,7802.95,44.21,False,3030.84,34.49,False,-24427.87,81.37,False,15712.59,42.54,False,7951.44,42.43,False,12174.94,41.52,False, 160 Tm  69    7802.95   44.21   3030.84   34.49 -24427.87   81.37  15712.59   42.54   7951.44   42.43  12174.94   41.52
2012,rct2,90,70,160,Yb,10397.46,23.35,False,4883.47,32.17,False,-28787.99,158.74,False,11249.1,29.84,False,5435.33,30.68,False,10870.92,29.67,False, 160 Yb  70   10397.46   23.35   4883.47   32.17 -28787.99  158.74  11249.10   29.84   5435.33   30.68  10870.92   29.67
2012,rct2,89,71,160,Lu,8632.65,68.17,False,1720.15,59.56,False,-33338.0,304.0,True,16451.09,57.39,False,8019.63,57.9,False,14112.64,62.57,False, 160 Lu  71    8632.65   68.17   1720.15   59.56 -33338#    304#    16451.09   57.39   8019.63   57.90  14112.64   62.57
2012,rct2,88,72,160,Hf,11149.83,19.75,False,3511.64,39.06,False,,,False,11991.84,18.33,False,5389.49,17.45,False,13140.64,15.06,False, 160 Hf  72   11149.83   19.75   3511.64   39.06      *             11991.84   18.33   5389.49   17.45  13140.64   15.06
2012,rct2,87,73,160,Ta,9501.2,76.44,False,310.37,75.69,False,,,False,16939.16,75.85,False,7893.0,209.0,True,16228.96,75.24,False, 160 Ta  73    9501.20   76.44    310.37   75.69      *             16939.16   75.85   7893#    209#    16228.96   75.24
2012,rct2,86,74,160,W,11961.0,337.0,True,2221.62,159.19,False,,,False,12500.0,257.0,True,5130.85,8.52,False,15173.0,251.0,True, 160 W   74   11961#    337#     2221.62  159.19      *             12500#    257#     5130.85    8.52  15173#    251#  
2012,rct2,85,75,160,Re,10265.0,587.0,True,-1267.07,7.11,False,,,False,17474.0,585.0,True,7643.0,499.0,True,18359.0,337.0,True, 160 Re  75   10265#    587#    -1267.07    7.11      *             17474#    585#     7643#    499#    18359#    337#  
2012,rct2,101,60,161,Nd,3526.0,643.0,True,,,False,22917.0,503.0,True,9211.0,711.0,True,6606.0,643.0,True,,,False,0161 Nd  60    3526#    643#        *             22917#    503#     9211#    711#     6606#    643#        *           
2012,rct2,100,61,161,Pm,5305.0,422.0,True,10391.0,499.0,True,17225.0,298.0,True,10282.0,499.0,True,8683.0,422.0,True,-259.0,499.0,True, 161 Pm  61    5305#    422#    10391#    499#    17225#    298#    10282#    499#     8683#    422#     -259#    499#  
2012,rct2,99,62,161,Sm,4508.48,9.01,False,10959.0,298.0,True,11382.56,7.07,False,10593.13,12.12,False,7281.31,15.07,False,3029.0,298.0,True, 161 Sm  62    4508.48    9.01  10959#    298#    11382.56    7.07  10593.13   12.12   7281.31   15.07   3029#    298#  
2012,rct2,98,63,161,Eu,6382.38,14.07,False,8845.7,11.95,False,5405.04,10.77,False,11127.06,11.95,False,8322.77,11.47,False,2944.09,16.99,False, 161 Eu  63    6382.38   14.07   8845.70   11.95   5405.04   10.77  11127.06   11.95   8322.77   11.47   2944.09   16.99
2012,rct2,97,64,161,Gd,5635.4,1.0,False,9313.54,9.71,False,-304.71,8.9,False,11248.66,4.55,False,6614.21,10.44,False,5391.61,5.28,False, 161 Gd  64    5635.40    1.00   9313.54    9.71   -304.71    8.90  11248.66    4.55   6614.21   10.44   5391.61    5.28
2012,rct2,96,65,161,Tb,7696.61,0.55,False,6808.87,1.04,False,-5562.11,28.0,False,11810.77,0.96,False,8092.13,0.96,False,5440.75,10.42,False, 161 Tb  65    7696.61    0.55   6808.87    1.04  -5562.11   28.00  11810.77    0.96   8092.13    0.96   5440.75   10.42
2012,rct2,95,66,161,Dy,6454.39,0.08,False,7507.93,1.26,False,-10215.37,15.4,False,12187.95,1.26,False,6279.5,1.4,False,8280.8,1.26,False, 161 Dy  66    6454.39    0.08   7507.93    1.26 -10215.37   15.40  12187.95    1.26   6279.50    1.40   8280.80    1.26
2012,rct2,94,67,161,Ho,8886.43,15.16,False,4814.08,2.17,False,-14634.19,28.09,False,12680.53,2.59,False,8073.68,3.12,False,7919.81,2.54,False, 161 Ho  67    8886.43   15.16   4814.08    2.17 -14634.19   28.09  12680.53    2.59   8073.68    3.12   7919.81    2.54
2012,rct2,93,68,161,Er,7207.38,25.85,False,6107.84,17.36,False,-18884.9,24.25,False,12839.17,9.27,False,5850.16,28.48,False,10852.26,9.03,False, 161 Er  68    7207.38   25.85   6107.84   17.36 -18884.90   24.25  12839.17    9.27   5850.16   28.48  10852.26    9.03
2012,rct2,92,69,161,Tm,9668.0,44.21,False,3123.45,37.0,False,-23197.24,37.81,False,13372.26,28.22,False,8269.16,37.64,False,9934.1,38.97,False, 161 Tm  69    9668.00   44.21   3123.45   37.00 -23197.24   37.81  13372.26   28.22   8269.16   37.64   9934.10   38.97
2012,rct2,91,70,161,Yb,7745.54,21.54,False,4826.07,37.57,False,-27284.0,196.0,True,13442.08,31.92,False,5728.12,29.56,False,13111.08,29.56,False, 161 Yb  70    7745.54   21.54   4826.07   37.57 -27284#    196#    13442.08   31.92   5728.12   29.56  13111.08   29.56
2012,rct2,90,71,161,Lu,10363.72,63.32,False,1686.41,32.17,False,-31671.68,160.48,False,13987.22,33.16,False,8311.93,29.08,False,11787.25,37.64,False, 161 Lu  71   10363.72   63.32   1686.41   32.17 -31671.68  160.48  13987.22   33.16   8311.93   29.08  11787.25   37.64
2012,rct2,89,72,161,Hf,8455.45,24.8,False,3334.43,61.13,False,-36096.0,401.0,True,14104.01,43.9,False,5760.96,27.15,False,15341.22,23.92,False, 161 Hf  72    8455.45   24.80   3334.43   61.13 -36096#    401#    14104.01   43.90   5760.96   27.15  15341.22   23.92
2012,rct2,88,73,161,Ta,10898.63,78.07,False,59.17,23.45,False,,,False,14862.1,30.51,False,8265.1,30.89,False,14157.24,29.62,False, 161 Ta  73   10898.63   78.07     59.17   23.45      *             14862.10   30.51   8265.10   30.89  14157.24   29.62
2012,rct2,87,74,161,W,9250.0,251.0,True,1970.0,209.0,True,,,False,14600.0,197.0,True,5475.04,51.2,False,17193.0,196.0,True, 161 W   74    9250#    251#     1970#    209#        *             14600#    197#     5475.04   51.20  17193#    196#  
2012,rct2,86,75,161,Re,12031.0,337.0,True,-1197.28,5.34,False,,,False,15308.0,337.0,True,7669.0,527.0,True,15922.0,257.0,True, 161 Re  75   12031#    337#    -1197.28    5.34      *             15308#    337#     7669#    527#    15922#    257#  
2012,rct2,85,76,161,Os,,,False,577.0,499.0,True,,,False,15228.0,645.0,True,,,False,19122.0,643.0,True, 161 Os  76       *               577#    499#        *             15228#    645#        *             19122#    643#  
2012,rct2,101,61,162,Pm,4206.0,499.0,True,11071.0,643.0,True,19305.0,402.0,True,11475.0,566.0,True,8301.0,566.0,True,365.0,643.0,True,0162 Pm  61    4206#    499#    11071#    643#    19305#    402#    11475#    566#     8301#    566#      365#    643#  
2012,rct2,100,62,162,Sm,5929.0,196.0,True,11583.0,357.0,True,13651.0,196.0,True,9183.0,357.0,True,6889.0,196.0,True,924.0,446.0,True, 162 Sm  62    5929#    196#    11583#    357#    13651#    196#     9183#    357#     6889#    196#      924#    446#  
2012,rct2,99,63,162,Eu,4974.41,61.04,False,9311.62,60.53,False,7346.22,60.21,False,12250.99,60.44,False,8377.22,60.44,False,3506.07,60.98,False, 162 Eu  63    4974.41   61.04   9311.62   60.53   7346.22   60.21  12250.99   60.44   8377.22   60.44   3506.07   60.98
2012,rct2,98,64,162,Gd,6845.9,3.93,False,9777.06,11.2,False,2053.62,4.02,False,9911.66,10.37,False,6627.33,5.85,False,3574.56,7.25,False, 162 Gd  64    6845.90    3.93   9777.06   11.20   2053.62    4.02   9911.66   10.37   6627.33    5.85   3574.56    7.25
2012,rct2,97,65,162,Tb,6285.14,36.39,False,7458.61,36.4,False,-4198.17,44.73,False,12977.08,36.39,False,7750.19,36.39,False,6014.61,36.65,False, 162 Tb  65    6285.14   36.39   7458.61   36.40  -4198.17   44.73  12977.08   36.39   7750.19   36.39   6014.61   36.65
2012,rct2,96,66,162,Dy,8196.99,0.06,False,8008.32,1.34,False,-8353.67,15.4,False,10366.17,1.26,False,6215.53,1.26,False,6027.01,1.26,False, 162 Dy  66    8196.99    0.06   8008.32    1.34  -8353.67   15.40  10366.17    1.26   6215.53    1.26   6027.01    1.26
2012,rct2,95,67,162,Ho,6915.59,3.61,False,5275.28,3.12,False,-13209.05,75.12,False,14341.42,3.12,False,7989.51,3.42,False,9137.24,3.33,False, 162 Ho  67    6915.59    3.61   5275.28    3.12 -13209.05   75.12  14341.42    3.12   7989.51    3.42   9137.24    3.33
2012,rct2,94,68,162,Er,9204.23,8.74,False,6425.65,2.19,False,-17164.15,9.05,False,10759.02,15.0,False,5859.51,3.07,False,8479.45,1.5,False, 162 Er  68    9204.23    8.74   6425.65    2.19 -17164.15    9.05  10759.02   15.00   5859.51    3.07   8479.45    1.50
2012,rct2,93,69,162,Tm,7649.09,38.25,False,3565.16,27.48,False,-21696.18,58.4,False,15298.55,35.64,False,7947.73,26.3,False,11498.58,26.23,False, 162 Tm  69    7649.09   38.25   3565.16   27.48 -21696.18   58.40  15298.55   35.64   7947.73   26.30  11498.58   26.23
2012,rct2,92,70,162,Yb,10058.69,21.15,False,5216.77,31.92,False,-25826.17,23.44,False,11186.33,37.57,False,5607.95,31.92,False,10380.06,15.78,False, 162 Yb  70   10058.69   21.15   5216.77   31.92 -25826.17   23.44  11186.33   37.57   5607.95   31.92  10380.06   15.78
2012,rct2,91,71,162,Lu,8340.73,80.07,False,2281.6,76.6,False,-30330.0,216.0,True,16043.95,76.71,False,7871.06,77.13,False,13385.05,80.07,False, 162 Lu  71    8340.73   80.07   2281.60   76.60 -30330#    216#    16043.95   76.71   7871.06   77.13  13385.05   80.07
2012,rct2,90,72,162,Hf,10924.98,24.27,False,3895.69,29.36,False,-34666.0,503.0,True,11811.68,57.53,False,5403.6,38.73,False,12316.1,19.77,False, 162 Hf  72   10924.98   24.27   3895.69   29.36 -34666#    503#    11811.68   57.53   5403.60   38.73  12316.10   19.77
2012,rct2,89,73,162,Ta,9150.16,58.11,False,753.88,56.9,False,,,False,16861.77,53.25,False,7936.51,54.88,False,15574.7,64.4,False, 162 Ta  73    9150.16   58.11    753.88   56.90      *             16861.77   53.25   7936.51   54.88  15574.70   64.40
2012,rct2,88,74,162,W,11516.0,196.0,True,2587.84,31.01,False,,,False,12584.63,75.89,False,5307.99,9.15,False,14498.83,24.42,False, 162 W   74   11516#    196#     2587.84   31.01      *             12584.63   75.89   5307.99    9.15  14498.83   24.42
2012,rct2,87,75,162,Re,9682.0,257.0,True,-765.25,50.94,False,,,False,17586.0,257.0,True,7850.0,360.0,True,17589.0,203.0,True, 162 Re  75    9682#    257#     -765.25   50.94      *             17586#    257#     7850#    360#    17589#    203#  
2012,rct2,86,76,162,Os,12355.0,643.0,True,901.0,527.0,True,,,False,13139.0,585.0,True,5098.0,53.0,True,16631.0,585.0,True, 162 Os  76   12355#    643#      901#    527#        *             13139#    585#     5098#     53#    16631#    585#  
2012,rct2,102,61,163,Pm,4951.0,643.0,True,,,False,21346.0,503.0,True,10049.0,711.0,True,8748.0,643.0,True,,,False,0163 Pm  61    4951#    643#        *             21346#    503#    10049#    711#     8748#    643#        *           
2012,rct2,101,62,163,Sm,4262.0,357.0,True,11639.0,499.0,True,15660.0,298.0,True,10226.0,422.0,True,7146.0,422.0,True,2060.0,499.0,True, 163 Sm  62    4262#    357#    11639#    499#    15660#    298#    10226#    422#     7146#    422#     2060#    499#  
2012,rct2,100,63,163,Eu,6015.59,92.67,False,9398.0,208.0,True,9738.44,70.53,False,10743.88,70.83,False,8459.96,70.75,False,2010.0,306.0,True, 163 Eu  63    6015.59   92.67   9398#    208#     9738.44   70.53  10743.88   70.83   8459.96   70.75   2010#    306#  
2012,rct2,99,64,163,Gd,5105.59,9.4,False,9908.24,60.73,False,3852.71,9.77,False,11188.44,13.37,False,7030.63,12.68,False,4567.31,10.29,False, 163 Gd  64    5105.59    9.40   9908.24   60.73   3852.71    9.77  11188.44   13.37   7030.63   12.68   4567.31   10.29
2012,rct2,98,65,163,Tb,6991.44,36.58,False,7604.15,5.66,False,-1867.19,6.78,False,11621.05,4.32,False,8210.21,4.2,False,4532.07,10.48,False, 163 Tb  65    6991.44   36.58   7604.15    5.66  -1867.19    6.78  11621.05    4.32   8210.21    4.20   4532.07   10.48
2012,rct2,97,66,163,Dy,6271.01,0.05,False,7994.18,36.36,False,-7080.61,15.41,False,11791.77,1.34,False,6319.73,1.26,False,7207.47,1.28,False, 163 Dy  66    6271.01    0.05   7994.18   36.36  -7080.61   15.41  11791.77    1.34   6319.73    1.26   7207.47    1.28
2012,rct2,96,67,163,Ho,8407.82,3.12,False,5486.11,0.05,False,-11585.9,28.01,False,12387.99,0.08,False,8158.17,0.11,False,7104.63,1.26,False, 163 Ho  67    8407.82    3.12   5486.11    0.05 -11585.90   28.01  12387.99    0.08   8158.17    0.11   7104.63    1.26
2012,rct2,95,68,163,Er,6904.68,4.58,False,6414.74,5.54,False,-15902.6,25.27,False,12740.76,5.07,False,6078.9,15.68,False,10151.25,4.58,False, 163 Er  68    6904.68    4.58   6414.74    5.54 -15902.60   25.27  12740.76    5.07   6078.90   15.68  10151.25    4.58
2012,rct2,94,69,163,Tm,9322.41,26.62,False,3683.34,5.48,False,-20192.87,38.5,False,13183.52,10.32,False,8200.71,24.93,False,9300.25,15.97,False, 163 Tm  69    9322.41   26.62   3683.34    5.48 -20192.87   38.50  13183.52   10.32   8200.71   24.93   9300.25   15.97
2012,rct2,93,70,163,Yb,7544.06,21.15,False,5111.74,30.27,False,-24390.9,54.96,False,13310.26,31.92,False,5866.83,37.58,False,12411.38,28.75,False, 163 Yb  70    7544.06   21.15   5111.74   30.27 -24390.90   54.96  13310.26   31.92   5866.83   37.58  12411.38   28.75
2012,rct2,92,71,163,Lu,10030.97,80.07,False,2253.88,31.92,False,-28783.97,33.68,False,13758.53,31.92,False,8237.55,32.17,False,11157.02,44.21,False, 163 Lu  71   10030.97   80.07   2253.88   31.92 -28783.97   33.68  13758.53   31.92   8237.55   32.17  11157.02   44.21
2012,rct2,91,72,163,Hf,8166.23,26.37,False,3721.19,79.02,False,-32879.0,303.0,True,14009.18,37.35,False,5870.02,61.99,False,14547.33,29.47,False, 163 Hf  72    8166.23   26.37   3721.19   79.02 -32879#    303#    14009.18   37.35   5870.02   61.99  14547.33   29.47
2012,rct2,90,73,163,Ta,10825.72,64.63,False,654.62,39.12,False,,,False,14491.5,44.24,False,8260.62,39.44,False,13381.63,68.39,False, 163 Ta  73   10825.72   64.63    654.62   39.12      *             14491.50   44.24   8260.62   39.44  13381.63   68.39
2012,rct2,89,74,163,W,8979.34,55.64,False,2417.02,74.24,False,,,False,14503.92,58.58,False,5829.86,90.71,False,16669.32,53.76,False, 163 W   74    8979.34   55.64   2417.02   74.24      *             14503.92   58.58   5829.86   90.71  16669.32   53.76
2012,rct2,88,75,163,Re,11577.0,203.0,True,-703.92,6.3,False,,,False,15259.0,197.0,True,8233.53,159.05,False,15513.11,76.16,False, 163 Re  75   11577#    203#     -703.92    6.30      *             15259#    197#     8233.53  159.05  15513.11   76.16
2012,rct2,87,76,163,Os,9954.0,587.0,True,1173.0,364.0,True,,,False,15216.0,341.0,True,5410.41,50.5,False,18638.0,341.0,True, 163 Os  76    9954#    587#     1173#    364#        *             15216#    341#     5410.41   50.50  18638#    341#  
2012,rct2,102,62,164,Sm,5454.0,422.0,True,12142.0,585.0,True,17864.0,298.0,True,8978.0,499.0,True,6997.0,422.0,True,132.0,585.0,True,0164 Sm  62    5454#    422#    12142#    585#    17864#    298#     8978#    499#     6997#    422#      132#    585#  
2012,rct2,101,63,164,Eu,4766.0,219.0,True,9903.0,363.0,True,11647.0,208.0,True,11906.0,285.0,True,8202.0,208.0,True,2548.0,363.0,True, 164 Eu  63    4766#    219#     9903#    363#    11647#    208#    11906#    285#     8202#    208#     2548#    363#  
2012,rct2,100,64,164,Gd,6531.0,196.0,True,10424.0,208.0,True,6168.0,196.0,True,9631.0,205.0,True,6882.0,196.0,True,2544.0,196.0,True, 164 Gd  64    6531#    196#    10424#    208#     6168#    196#     9631#    205#     6882#    196#     2544#    196#  
2012,rct2,99,65,164,Tb,5553.21,100.08,False,8051.77,100.37,False,-172.94,102.94,False,12913.74,100.08,False,8292.4,100.01,False,5361.24,100.56,False, 164 Tb  65    5553.21  100.08   8051.77  100.37   -172.94  102.94  12913.74  100.08   8292.40  100.01   5361.24  100.56
2012,rct2,98,66,164,Dy,7658.12,0.07,False,8660.86,4.0,False,-4949.08,15.41,False,10418.8,36.36,False,6358.22,1.34,False,5184.75,1.63,False, 164 Dy  66    7658.12    0.07   8660.86    4.00  -4949.08   15.41  10418.80   36.36   6358.22    1.34   5184.75    1.63
2012,rct2,97,67,164,Ho,6674.78,1.43,False,5889.88,1.43,False,-10338.4,28.04,False,13910.21,1.43,False,7937.78,1.43,False,8126.46,1.9,False, 164 Ho  67    6674.78    1.43   5889.88    1.43 -10338.40   28.04  13910.21    1.43   7937.78    1.43   8126.46    1.90
2012,rct2,96,68,164,Er,8846.33,4.58,False,6853.25,0.13,False,-14123.36,15.93,False,10810.03,3.12,False,6119.0,2.18,False,7759.31,0.15,False, 164 Er  68    8846.33    4.58   6853.25    0.13 -14123.36   15.93  10810.03    3.12   6119.00    2.18   7759.31    0.15
2012,rct2,95,69,164,Tm,7247.46,25.04,False,4026.12,24.86,False,-18620.92,37.1,False,15140.29,24.44,False,8160.63,25.95,False,10939.21,24.53,False, 164 Tm  69    7247.46   25.04   4026.12   24.86 -18620.92   37.10  15140.29   24.44   8160.63   25.95  10939.21   24.53
2012,rct2,94,70,164,Yb,9789.64,21.15,False,5578.97,16.36,False,-22789.7,18.67,False,11169.71,30.27,False,5745.19,31.92,False,9829.12,17.72,False, 164 Yb  70    9789.64   21.15   5578.97   16.36 -22789.70   18.67  11169.71   30.27   5745.19   31.92   9829.12   17.72
2012,rct2,93,71,164,Lu,7922.28,39.52,False,2632.09,31.92,False,-27119.4,79.08,False,15894.94,31.92,False,8060.81,31.92,False,12902.74,39.52,False, 164 Lu  71    7922.28   39.52   2632.09   31.92 -27119.40   79.08  15894.94   31.92   8060.81   31.92  12902.74   39.52
2012,rct2,92,72,164,Hf,10625.57,29.4,False,4315.79,32.11,False,-31345.58,158.82,False,11724.34,76.69,False,5608.17,32.11,False,11667.31,22.09,False, 164 Hf  72   10625.57   29.40   4315.79   32.11 -31345.58  158.82  11724.34   76.69   5608.17   32.11  11667.31   22.09
2012,rct2,91,73,164,Ta,8819.41,47.22,False,1307.8,37.35,False,-35746.0,316.0,True,16597.07,29.36,False,7896.65,35.91,False,14925.94,39.52,False, 164 Ta  73    8819.41   47.22   1307.80   37.35 -35746#    316#    16597.07   29.36   7896.65   35.91  14925.94   39.52
2012,rct2,90,74,164,W,11390.84,53.79,False,2982.14,39.49,False,,,False,12263.23,53.29,False,5337.64,23.37,False,13733.92,24.88,False, 164 W   74   11390.84   53.79   2982.14   39.49      *             12263.23   53.29   5337.64   23.37  13733.92   24.88
2012,rct2,89,75,164,Re,9586.85,76.33,False,-96.41,90.86,False,,,False,17188.16,76.07,False,7897.0,209.0,True,16824.89,78.24,False, 164 Re  75    9586.85   76.33    -96.41   90.86      *             17188.16   76.07   7897#    209#    16824.89   78.24
2012,rct2,88,76,164,Os,12159.0,341.0,True,1754.17,159.14,False,,,False,12739.0,257.0,True,5282.07,6.46,False,15729.0,252.0,True, 164 Os  76   12159#    341#     1754.17  159.14      *             12739#    257#     5282.07    6.46  15729#    252#  
2012,rct2,87,77,164,Ir,,,False,-1560.0,112.0,True,,,False,17677.0,593.0,True,7547.0,509.0,True,19001.0,352.0,True, 164 Ir  77       *             -1560#    112#        *             17677#    593#     7547#    509#    19001#    352#  
2012,rct2,103,62,165,Sm,3777.0,499.0,True,,,False,19803.0,401.0,True,10152.0,643.0,True,7426.0,566.0,True,,,False,0165 Sm  62    3777#    499#        *             19803#    401#    10152#    643#     7426#    566#        *           
2012,rct2,102,63,165,Eu,5423.0,383.0,True,9872.0,438.0,True,14212.0,321.0,True,10745.0,438.0,True,8708.0,376.0,True,1330.0,514.0,True, 165 Eu  63    5423#    383#     9872#    438#    14212#    321#    10745#    438#     8708#    376#     1330#    514#  
2012,rct2,101,64,165,Gd,4783.0,357.0,True,10441.0,363.0,True,8035.0,298.0,True,10864.0,306.0,True,7073.0,304.0,True,3690.0,357.0,True, 165 Gd  64    4783#    357#    10441#    363#     8035#    298#    10864#    306#     7073#    304#     3690#    357#  
2012,rct2,100,65,165,Tb,6560.0,220.0,True,8081.0,277.0,True,2363.0,196.0,True,11459.0,196.0,True,8578.0,196.0,True,3775.0,205.0,True, 165 Tb  65    6560#    220#     8081#    277#     2363#    196#    11459#    196#     8578#    196#     3775#    205#  
2012,rct2,99,66,165,Dy,5715.96,0.05,False,8823.61,100.0,False,-3315.92,26.61,False,11694.27,4.0,False,6927.4,36.36,False,6314.69,4.01,False, 165 Dy  66    5715.96    0.05   8823.61  100.00  -3315.92   26.61  11694.27    4.00   6927.40   36.36   6314.69    4.01
2012,rct2,98,67,165,Ho,7988.82,1.15,False,6220.58,0.85,False,-8456.03,26.61,False,12192.39,0.85,False,8145.95,0.85,False,6422.78,36.37,False, 165 Ho  67    7988.82    1.15   6220.58    0.85  -8456.03   26.61  12192.39    0.85   8145.95    0.85   6422.78   36.37
2012,rct2,97,68,165,Er,6650.13,0.58,False,6828.6,1.54,False,-12884.89,28.01,False,12567.71,0.6,False,6384.46,3.17,False,9306.17,0.6,False, 165 Er  68    6650.13    0.58   6828.60    1.54 -12884.89   28.01  12567.71    0.60   6384.46    3.17   9306.17    0.60
2012,rct2,96,69,165,Tm,9096.4,24.48,False,4276.19,1.56,False,-17081.21,14.07,False,12948.57,4.84,False,8268.46,1.59,False,8758.4,3.49,False, 165 Tm  69    9096.40   24.48   4276.19    1.56 -17081.21   14.07  12948.57    4.84   8268.46    1.59   8758.40    3.49
2012,rct2,95,70,165,Yb,7349.12,30.7,False,5680.63,36.05,False,-21434.19,36.44,False,13143.0,27.16,False,6045.16,37.23,False,11684.23,26.61,False, 165 Yb  70    7349.12   30.70   5680.63   36.05 -21434.19   36.44  13143.00   27.16   6045.16   37.23  11684.23   26.61
2012,rct2,94,71,165,Lu,9871.19,38.54,False,2713.64,30.7,False,-25798.57,36.48,False,13567.81,30.7,False,8248.32,30.7,False,10680.64,37.23,False, 165 Lu  71    9871.19   38.54   2713.64   30.70 -25798.57   36.48  13567.81   30.70   8248.32   30.70  10680.64   37.23
2012,rct2,93,72,165,Hf,7888.6,32.11,False,4282.11,39.52,False,-29840.0,204.0,True,13866.71,39.52,False,6060.3,80.07,False,13837.4,31.92,False, 165 Hf  72    7888.60   32.11   4282.11   39.52 -29840#    204#    13866.71   39.52   6060.30   80.07  13837.40   31.92
2012,rct2,92,73,165,Ta,10636.12,31.19,False,1318.35,20.23,False,-34204.0,166.0,True,14127.18,28.39,False,8185.52,16.54,False,12630.55,76.31,False, 165 Ta  73   10636.12   31.19   1318.35   20.23 -34204#    166#    14127.18   28.39   8185.52   16.54  12630.55   76.31
2012,rct2,91,74,165,W,8704.63,27.1,False,2867.37,37.48,False,,,False,14384.32,45.53,False,5783.16,57.9,False,15954.27,26.55,False, 165 W   74    8704.63   27.10   2867.37   37.48      *             14384.32   45.53   5783.16   57.90  15954.27   26.55
2012,rct2,90,75,165,Re,11192.02,78.1,False,-295.23,22.89,False,,,False,14975.48,58.39,False,8220.71,30.66,False,14783.03,57.92,False, 165 Re  75   11192.02   78.10   -295.23   22.89      *             14975.48   58.39   8220.71   30.66  14783.03   57.92
2012,rct2,89,76,165,Os,9394.0,256.0,True,1561.0,215.0,True,,,False,14923.0,203.0,True,5570.27,9.76,False,17852.0,203.0,True, 165 Os  76    9394#    256#     1561#    215#        *             14923#    203#     5570.27    9.76  17852#    203#  
2012,rct2,88,77,165,Ir,12178.0,355.0,True,-1541.0,50.0,True,,,False,15453.0,345.0,True,7724.0,530.0,True,16505.0,261.0,True, 165 Ir  77   12178#    355#    -1541#     50#        *             15453#    345#     7724#    530#    16505#    261#  
2012,rct2,103,63,166,Eu,4314.0,438.0,True,10409.0,499.0,True,16142.0,298.0,True,11884.0,422.0,True,8655.0,422.0,True,1967.0,585.0,True,0166 Eu  63    4314#    438#    10409#    499#    16142#    298#    11884#    422#     8655#    422#     1967#    585#  
2012,rct2,102,64,166,Gd,6115.0,667.0,True,11133.0,677.0,True,10396.0,596.0,True,9515.0,631.0,True,6973.0,600.0,True,1837.0,667.0,True, 166 Gd  64    6115#    667#    11133#    677#    10396#    596#     9515#    631#     6973#    600#     1837#    667#  
2012,rct2,101,65,166,Tb,5389.0,208.0,True,8687.0,306.0,True,4004.42,70.96,False,12601.0,208.0,True,8294.44,70.53,False,4401.78,99.37,False, 166 Tb  65    5389#    208#     8687#    306#     4004.42   70.96  12601#    208#     8294.44   70.53   4401.78   99.37
2012,rct2,100,66,166,Dy,7043.5,0.4,False,9307.0,196.0,True,-988.21,7.11,False,10203.98,100.0,False,6875.34,4.02,False,4376.78,8.64,False, 166 Dy  66    7043.50    0.40   9307#    196#     -988.21    7.11  10203.98  100.00   6875.34    4.02   4376.78    8.64
2012,rct2,99,67,166,Ho,6243.64,0.02,False,6748.27,0.85,False,-7049.61,29.87,False,13606.87,0.85,False,8173.32,0.85,False,7170.58,4.09,False, 166 Ho  67    6243.64    0.02   6748.27    0.85  -7049.61   29.87  13606.87    0.85   8173.32    0.85   7170.58    4.09
2012,rct2,98,68,166,Er,8476.49,1.26,False,7316.27,0.91,False,-11066.59,28.02,False,10766.0,1.46,False,6315.79,1.13,False,7100.69,1.13,False, 166 Er  68    8476.49    1.26   7316.27    0.91 -11066.59   28.02  10766.00    1.46   6315.79    1.13   7100.69    1.13
2012,rct2,97,69,166,Tm,7030.41,11.72,False,4656.47,11.62,False,-15790.13,30.3,False,14764.49,11.6,False,8142.73,12.47,False,10135.8,11.6,False, 166 Tm  69    7030.41   11.72   4656.47   11.62 -15790.13   30.30  14764.49   11.60   8142.73   12.47  10135.80   11.60
2012,rct2,96,70,166,Yb,9371.21,27.52,False,5955.44,7.28,False,-19707.12,11.88,False,11019.26,25.43,False,5996.36,8.96,False,9217.7,8.44,False, 166 Yb  70    9371.21   27.52   5955.44    7.28 -19707.12   11.88  11019.26   25.43   5996.36    8.96   9217.70    8.44
2012,rct2,95,71,166,Lu,7650.06,39.91,False,3014.57,39.91,False,-24127.39,78.21,False,15707.4,33.57,False,8142.32,33.57,False,12353.0,30.36,False, 166 Lu  71    7650.06   39.91   3014.57   39.91 -24127.39   78.21  15707.40   33.57   8142.32   33.57  12353.00   30.36
2012,rct2,94,72,166,Hf,10294.79,39.52,False,4705.71,38.54,False,-28422.19,33.37,False,11494.19,39.52,False,5796.48,39.52,False,11086.67,31.92,False, 166 Hf  72   10294.79   39.52   4705.71   38.54 -28422.19   33.37  11494.19   39.52   5796.48   39.52  11086.67   31.92
2012,rct2,93,73,166,Ta,8321.49,31.19,False,1751.24,39.52,False,-32744.0,204.0,True,16431.26,32.11,False,8030.25,37.35,False,14340.04,39.52,False, 166 Ta  73    8321.49   31.19   1751.24   39.52 -32744#    204#    16431.26   32.11   8030.25   37.35  14340.04   39.52
2012,rct2,92,74,166,W,11098.28,26.73,False,3329.53,16.82,False,-37096.0,503.0,True,12105.45,29.52,False,5510.6,39.23,False,13022.22,26.54,False, 166 W   74   11098.28   26.73   3329.53   16.82 -37096#    503#    12105.45   29.52   5510.60   39.23  13022.22   26.54
2012,rct2,91,75,166,Re,9321.23,76.52,False,321.36,76.5,False,,,False,17045.09,73.07,False,7878.82,89.51,False,16287.52,81.72,False, 166 Re  75    9321.23   76.52    321.36   76.50      *             17045.09   73.07   7878.82   89.51  16287.52   81.72
2012,rct2,90,76,166,Os,11713.0,203.0,True,2082.09,30.96,False,,,False,12796.99,76.19,False,5434.7,4.55,False,15117.96,55.81,False, 166 Os  76   11713#    203#     2082.09   30.96      *             12796.99   76.19   5434.70    4.55  15117.96   55.81
2012,rct2,89,77,166,Ir,9782.0,261.0,True,-1152.0,8.0,False,,,False,17829.0,257.0,True,7895.0,364.0,True,18300.0,203.0,True, 166 Ir  77    9782#    261#    -1152.00    8.00      *             17829#    257#     7895#    364#    18300#    203#  
2012,rct2,88,78,166,Pt,,,False,438.0,530.0,True,,,False,13455.0,593.0,True,,,False,17239.0,587.0,True, 166 Pt  78       *               438#    530#        *             13455#    593#        *             17239#    587#  
2012,rct2,104,63,167,Eu,5025.0,499.0,True,,,False,18398.0,401.0,True,10636.0,566.0,True,9084.0,499.0,True,,,False,0167 Eu  63    5025#    499#        *             18398#    401#    10636#    566#     9084#    499#        *           
2012,rct2,103,64,167,Gd,4355.0,718.0,True,11173.0,499.0,True,12478.0,401.0,True,10584.0,514.0,True,7385.0,451.0,True,2936.0,499.0,True, 167 Gd  64    4355#    718#    11173#    499#    12478#    401#    10584#    514#     7385#    451#     2936#    499#  
2012,rct2,102,65,167,Tb,6115.0,208.0,True,8686.0,627.0,True,6617.0,196.0,True,11270.0,357.0,True,8711.0,277.0,True,3053.0,285.0,True, 167 Tb  65    6115#    208#     8686#    627#     6617#    196#    11270#    357#     8711#    277#     3053#    285#  
2012,rct2,101,66,167,Dy,5418.87,60.24,False,9336.53,92.35,False,659.86,60.36,False,11346.0,205.0,True,7009.68,116.74,False,5489.0,205.0,True, 167 Dy  66    5418.87   60.24   9336.53   92.35    659.86   60.36  11346#    205#     7009.68  116.74   5489#    205#  
2012,rct2,100,67,167,Ho,7281.76,5.29,False,6986.53,5.34,False,-4779.91,32.15,False,12041.07,5.33,False,8549.68,5.33,False,5442.02,100.14,False, 167 Ho  67    7281.76    5.29   6986.53    5.34  -4779.91   32.15  12041.07    5.33   8549.68    5.33   5442.02  100.14
2012,rct2,99,68,167,Er,6436.46,0.18,False,7509.09,0.92,False,-9822.96,28.02,False,12318.36,0.92,False,6554.11,1.47,False,8322.35,1.13,False, 167 Er  68    6436.46    0.18   7509.09    0.92  -9822.96   28.02  12318.36    0.92   6554.11    1.47   8322.35    1.13
2012,rct2,98,69,167,Tm,8727.47,11.65,False,4907.46,1.51,False,-14192.99,28.04,False,12687.15,1.81,False,8261.59,1.75,False,8083.11,2.0,False, 167 Tm  69    8727.47   11.65   4907.46    1.51 -14192.99   28.04  12687.15    1.81   8261.59    1.75   8083.11    2.00
2012,rct2,97,70,167,Yb,7066.94,8.08,False,5991.97,12.23,False,-18491.62,18.78,False,13048.71,4.3,False,6176.88,24.76,False,10997.09,4.13,False, 167 Yb  70    7066.94    8.08   5991.97   12.23 -18491.62   18.78  13048.71    4.30   6176.88   24.76  10997.09    4.13
2012,rct2,96,71,167,Lu,9551.46,43.49,False,3194.82,32.5,False,-22658.0,52.0,True,13505.06,41.32,False,8380.51,35.23,False,10049.0,39.98,False, 167 Lu  71    9551.46   43.49   3194.82   32.50 -22658#     52#    13505.06   41.32   8380.51   35.23  10049.00   39.98
2012,rct2,95,72,167,Hf,7680.09,39.52,False,4735.75,40.86,False,-26965.6,77.87,False,13685.29,38.54,False,6038.67,39.52,False,13196.22,31.92,False, 167 Hf  72    7680.09   39.52   4735.75   40.86 -26965.60   77.87  13685.29   38.54   6038.67   39.52  13196.22   31.92
2012,rct2,94,73,167,Ta,10324.6,39.52,False,1781.05,39.52,False,-31273.34,33.57,False,13995.25,39.52,False,8331.22,32.11,False,11937.71,39.52,False, 167 Ta  73   10324.60   39.52   1781.05   39.52 -31273.34   33.57  13995.25   39.52   8331.22   32.11  11937.71   39.52
2012,rct2,93,74,167,W,8282.44,20.59,False,3290.48,33.38,False,-35294.0,307.0,True,14459.13,22.93,False,6047.57,33.38,False,15365.34,24.16,False, 167 W   74    8282.44   20.59   3290.48   33.38 -35294#    307#    14459.13   22.93   6047.57   33.38  15365.34   24.16
2012,rct2,92,75,167,Re,11020.0,83.0,True,243.0,42.0,True,,,False,14729.0,48.0,True,8249.0,43.0,True,14087.0,50.0,True, 167 Re  75   11020#     83#      243#     42#        *             14729#     48#     8249#     43#    14087#     50#  
2012,rct2,91,76,167,Os,9136.67,74.93,False,1897.53,102.53,False,,,False,14852.33,76.87,False,5884.88,103.71,False,17372.13,73.44,False, 167 Os  76    9136.67   74.93   1897.53  102.53      *             14852.33   76.87   5884.88  103.71  17372.13   73.44
2012,rct2,90,77,167,Ir,11795.0,203.0,True,-1070.11,3.71,False,,,False,15428.0,203.0,True,8258.98,159.12,False,16091.66,76.28,False, 167 Ir  77   11795#    203#    -1070.11    3.71      *             15428#    203#     8258.98  159.12  16091.66   76.28
2012,rct2,89,78,167,Pt,10084.0,589.0,True,740.0,367.0,True,,,False,15549.0,348.0,True,5596.0,123.0,True,19314.0,345.0,True, 167 Pt  78   10084#    589#      740#    367#        *             15549#    348#     5596#    123#    19314#    345#  
2012,rct2,104,64,168,Gd,5621.0,566.0,True,11769.0,566.0,True,14628.0,401.0,True,9276.0,499.0,True,7187.0,514.0,True,1091.0,566.0,True,0168 Gd  64    5621#    566#    11769#    566#    14628#    401#     9276#    499#     7187#    514#     1091#    566#  
2012,rct2,103,65,168,Tb,4867.0,357.0,True,9199.0,499.0,True,8591.0,298.0,True,12518.0,667.0,True,8627.0,422.0,True,3610.0,438.0,True, 168 Tb  65    4867#    357#     9199#    499#     8591#    298#    12518#    667#     8627#    422#     3610#    438#  
2012,rct2,102,66,168,Dy,6700.26,152.4,False,9922.0,241.0,True,3021.46,140.01,False,10034.31,156.54,False,6870.0,241.0,True,3572.0,329.0,True, 168 Dy  66    6700.26  152.40   9922#    241#     3021.46  140.01  10034.31  156.54   6870#    241#     3572#    329#  
2012,rct2,101,67,168,Ho,5850.99,30.45,False,7418.64,67.29,False,-2993.32,49.4,False,13233.58,30.02,False,8414.65,30.02,False,6151.0,198.0,True, 168 Ho  67    5850.99   30.45   7418.64   67.29  -2993.32   49.40  13233.58   30.02   8414.65   30.02   6151#    198#  
2012,rct2,100,68,168,Er,7771.31,0.12,False,7998.64,5.22,False,-7630.16,28.02,False,10790.69,0.92,False,6771.62,0.92,False,6266.99,1.14,False, 168 Er  68    7771.31    0.12   7998.64    5.22  -7630.16   28.02  10790.69    0.92   6771.62    0.92   6266.99    1.14
2012,rct2,99,69,168,Tm,6840.61,1.81,False,5311.6,1.88,False,-12919.44,28.06,False,14323.03,1.89,False,8071.11,2.13,False,9231.33,1.99,False, 168 Tm  69    6840.61    1.81   5311.60    1.88 -12919.44   28.06  14323.03    1.89   8071.11    2.13   9231.33    1.99
2012,rct2,98,70,168,Yb,9061.86,4.04,False,6326.36,1.55,False,-16688.59,13.43,False,11017.27,11.55,False,6211.43,2.01,False,8585.36,1.29,False, 168 Yb  70    9061.86    4.04   6326.36    1.55 -16688.59   13.43  11017.27   11.55   6211.43    2.01   8585.36    1.29
2012,rct2,97,71,168,Lu,7637.58,50.47,False,3765.46,39.46,False,-21272.5,49.94,False,15238.69,39.87,False,8092.05,47.42,False,11507.82,39.3,False, 168 Lu  71    7637.58   50.47   3765.46   39.46 -21272.50   49.94  15238.69   39.87   8092.05   47.42  11507.82   39.30
2012,rct2,96,72,168,Hf,9964.11,39.52,False,5148.4,42.24,False,-25373.66,29.98,False,11371.24,40.86,False,5945.74,38.54,False,10581.23,38.54,False, 168 Hf  72    9964.11   39.52   5148.40   42.24 -25373.66   29.98  11371.24   40.86   5945.74   38.54  10581.23   38.54
2012,rct2,95,73,168,Ta,8114.17,39.52,False,2215.12,39.52,False,-29677.07,79.54,False,16175.88,39.52,False,8105.65,39.52,False,13694.74,38.54,False, 168 Ta  73    8114.17   39.52   2215.12   39.52 -29677.07   79.54  16175.88   39.52   8105.65   39.52  13694.74   38.54
2012,rct2,94,74,168,W,10864.89,22.57,False,3830.76,30.94,False,-33834.78,158.61,False,11915.73,30.94,False,5818.8,18.13,False,12389.06,30.94,False, 168 W   74   10864.89   22.57   3830.76   30.94 -33834.78  158.61  11915.73   30.94   5818.80   18.13  12389.06   30.94
2012,rct2,93,75,168,Re,9024.0,52.0,True,984.57,35.82,False,,,False,16804.08,32.26,False,7930.37,39.67,False,15699.12,33.79,False, 168 Re  75    9024#     52#      984.57   35.82      *             16804.08   32.26   7930.37   39.67  15699.12   33.79
2012,rct2,92,76,168,Os,11556.05,73.49,False,2433.0,43.0,True,,,False,12617.51,73.12,False,5520.84,22.75,False,14520.71,27.23,False, 168 Os  76   11556.05   73.49   2433#     43#        *             12617.51   73.12   5520.84   22.75  14520.71   27.23
2012,rct2,91,77,168,Ir,9710.44,76.76,False,-496.34,104.06,False,,,False,17430.76,76.67,False,7942.0,215.0,True,17573.23,78.56,False, 168 Ir  77    9710.44   76.76   -496.34  104.06      *             17430.76   76.67   7942#    215#    17573.23   78.56
2012,rct2,90,78,168,Pt,12324.0,345.0,True,1269.33,159.15,False,,,False,13007.0,257.0,True,5449.0,50.0,True,16383.0,256.0,True, 168 Pt  78   12324#    345#     1269.33  159.15      *             13007#    257#     5449#     50#    16383#    256#  
2012,rct2,105,64,169,Gd,3861.0,643.0,True,,,False,16770.0,503.0,True,10441.0,643.0,True,7640.0,585.0,True,,,False,0169 Gd  64    3861#    643#        *             16770#    503#    10441#    643#     7640#    585#        *           
2012,rct2,104,65,169,Tb,5677.0,422.0,True,9254.0,499.0,True,10947.0,298.0,True,11195.0,499.0,True,9065.0,667.0,True,2246.0,422.0,True, 169 Tb  65    5677#    422#     9254#    499#    10947#    298#    11195#    499#     9065#    667#     2246#    422#  
2012,rct2,103,66,169,Dy,5108.93,331.66,False,10164.0,423.0,True,4779.51,300.67,False,11040.0,359.0,True,7149.95,308.71,False,4578.0,668.0,True, 169 Dy  66    5108.93  331.66  10164#    423#     4779.51  300.67  11040#    359#     7149.95  308.71   4578#    668#  
2012,rct2,102,67,169,Ho,6808.2,36.09,False,7526.58,141.42,False,-713.49,20.28,False,11844.26,63.44,False,8649.95,20.09,False,4732.3,72.83,False, 169 Ho  67    6808.20   36.09   7526.58  141.42   -713.49   20.28  11844.26   63.44   8649.95   20.09   4732.30   72.83
2012,rct2,101,68,169,Er,6003.25,0.15,False,8150.9,30.0,False,-6205.75,28.02,False,12069.2,5.23,False,7012.01,0.94,False,7307.24,1.22,False, 169 Er  68    6003.25    0.15   8150.90   30.00  -6205.75   28.02  12069.20    5.23   7012.01    0.94   7307.24    1.22
2012,rct2,100,69,169,Tm,8033.61,1.5,False,5573.9,1.14,False,-10985.21,28.02,False,12725.88,1.14,False,8513.98,1.15,False,7441.36,1.3,False, 169 Tm  69    8033.61    1.50   5573.90    1.14 -10985.21   28.02  12725.88    1.14   8513.98    1.15   7441.36    1.30
2012,rct2,99,70,169,Yb,6866.98,0.15,False,6352.72,1.91,False,-15459.38,15.57,False,12877.76,1.56,False,6374.86,11.55,False,10194.87,0.36,False, 169 Yb  70    6866.98    0.15   6352.72    1.91 -15459.38   15.57  12877.76    1.56   6374.86   11.55  10194.87    0.36
2012,rct2,98,71,169,Lu,9088.03,39.36,False,3791.63,3.0,False,-19674.94,11.94,False,13217.61,5.04,False,8375.23,7.62,False,9450.2,11.94,False, 169 Lu  71    9088.03   39.36   3791.63    3.00 -19674.94   11.94  13217.61    5.04   8375.23    7.62   9450.20   11.94
2012,rct2,97,72,169,Hf,7427.65,39.52,False,4938.47,48.22,False,-23993.96,37.61,False,13495.04,42.24,False,6168.15,40.86,False,12524.79,28.88,False, 169 Hf  72    7427.65   39.52   4938.47   48.22 -23993.96   37.61  13495.04   42.24   6168.15   40.86  12524.79   28.88
2012,rct2,96,73,169,Ta,9967.84,39.52,False,2218.85,39.52,False,-28212.61,37.34,False,13888.13,39.52,False,8432.61,39.52,False,11376.95,40.86,False, 169 Ta  73    9967.84   39.52   2218.85   39.52 -28212.61   37.34  13888.13   39.52   8432.61   39.52  11376.95   40.86
2012,rct2,95,74,169,W,8096.18,20.35,False,3812.78,31.92,False,-32405.0,203.0,True,14144.15,31.92,False,6044.11,31.92,False,14587.67,31.92,False, 169 W   74    8096.18   20.35   3812.78   31.92 -32405#    203#    14144.15   31.92   6044.11   31.92  14587.67   31.92
2012,rct2,94,75,169,Re,10685.6,32.85,False,805.28,16.05,False,-36621.0,298.0,True,14400.92,21.51,False,8343.05,14.83,False,13335.01,30.17,False, 169 Re  75   10685.60   32.85    805.28   16.05 -36621#    298#    14400.92   21.51   8343.05   14.83  13335.01   30.17
2012,rct2,93,76,169,Os,8807.36,27.4,False,2217.02,39.79,False,,,False,14831.0,48.0,True,6034.71,76.56,False,16811.63,26.9,False, 169 Os  76    8807.36   27.40   2217.02   39.79      *             14831#     48#     6034.71   76.56  16811.63   26.90
2012,rct2,92,77,169,Ir,11432.29,78.47,False,-620.1,22.45,False,,,False,15135.14,76.78,False,8223.03,30.75,False,15462.17,76.43,False, 169 Ir  77   11432.29   78.47   -620.10   22.45      *             15135.14   76.78   8223.03   30.75  15462.17   76.43
2012,rct2,91,78,169,Pt,9526.0,257.0,True,1085.0,215.0,True,,,False,15276.0,203.0,True,5705.53,9.5,False,18571.0,203.0,True, 169 Pt  78    9526#    257#     1085#    215#        *             15276#    203#     5705.53    9.50  18571#    203#  
2012,rct2,90,79,169,Au,,,False,-1981.0,337.0,True,,,False,15727.0,427.0,True,7868.0,585.0,True,17212.0,360.0,True, 169 Au  79       *             -1981#    337#        *             15727#    427#     7868#    585#    17212#    360#  
2012,rct2,105,65,170,Tb,4466.0,499.0,True,9860.0,643.0,True,13073.0,401.0,True,12350.0,566.0,True,8953.0,566.0,True,2805.0,566.0,True,0170 Tb  65    4466#    499#     9860#    643#    13073#    401#    12350#    566#     8953#    566#     2805#    566#  
2012,rct2,104,66,170,Dy,6137.0,359.0,True,10624.0,357.0,True,7101.0,196.0,True,9770.0,357.0,True,7128.0,277.0,True,2796.0,446.0,True, 170 Dy  66    6137#    359#    10624#    357#     7101#    196#     9770#    357#     7128#    277#     2796#    446#  
2012,rct2,103,67,170,Ho,5512.82,53.85,False,7930.48,304.8,False,1067.94,52.79,False,13031.69,148.66,False,8556.0,78.26,False,5334.0,202.0,True, 170 Ho  67    5512.82   53.85   7930.48  304.80   1067.94   52.79  13031.69  148.66   8556.00   78.26   5334#    202#  
2012,rct2,102,68,170,Er,7257.77,1.52,False,8600.48,20.0,False,-3855.24,28.05,False,10662.42,30.04,False,7036.0,5.0,False,5468.35,60.21,False, 170 Er  68    7257.77    1.52   8600.48   20.00  -3855.24   28.05  10662.42   30.04   7036.00    5.00   5468.35   60.21
2012,rct2,101,69,170,Tm,6591.97,0.17,False,6162.62,1.16,False,-9658.63,28.02,False,13905.22,1.15,False,8358.48,1.15,False,8131.15,5.34,False, 170 Tm  69    6591.97    0.17   6162.62    1.16  -9658.63   28.02  13905.22    1.15   8358.48    1.15   8131.15    5.34
2012,rct2,100,70,170,Yb,8458.95,1.32,False,6778.06,0.82,False,-13474.26,13.36,False,11259.43,1.71,False,6643.38,1.3,False,8172.39,1.28,False, 170 Yb  70    8458.95    1.32   6778.06    0.82 -13474.26   13.36  11259.43    1.71   6643.38    1.30   8172.39    1.28
2012,rct2,99,71,170,Lu,7294.25,17.16,False,4218.9,16.89,False,-18389.28,30.88,False,14985.21,16.89,False,8147.92,17.31,False,10883.42,16.89,False, 170 Lu  71    7294.25   17.16   4218.90   16.89 -18389.28   30.88  14985.21   16.89   8147.92   17.31  10883.42   16.89
2012,rct2,98,72,170,Hf,9608.28,39.52,False,5458.72,28.18,False,-22327.4,29.62,False,11524.34,48.22,False,6111.33,42.24,False,9983.45,28.29,False, 170 Hf  72    9608.28   39.52   5458.72   28.18 -22327.40   29.62  11524.34   48.22   6111.33   42.24   9983.45   28.29
2012,rct2,97,73,170,Ta,7918.55,39.52,False,2709.75,39.52,False,-26778.0,93.0,True,15933.69,39.52,False,8194.15,39.52,False,13009.86,42.24,False, 170 Ta  73    7918.55   39.52   2709.75   39.52 -26778#     93#    15933.69   39.52   8194.15   39.52  13009.86   42.24
2012,rct2,96,74,170,W,10444.07,20.3,False,4289.01,30.9,False,-30985.92,22.73,False,11814.24,30.9,False,5924.64,30.9,False,11823.69,30.9,False, 170 W   74   10444.07   20.30   4289.01   30.90 -30985.92   22.73  11814.24   30.90   5924.64   30.90  11823.69   30.90
2012,rct2,95,75,170,Re,8579.91,28.19,False,1289.01,30.06,False,-35166.0,204.0,True,16685.91,29.01,False,8045.58,31.6,False,15079.71,38.03,False, 170 Re  75    8579.91   28.19   1289.01   30.06 -35166#    204#    16685.91   29.01   8045.58   31.60  15079.71   38.03
2012,rct2,94,76,170,Os,11274.84,27.01,False,2806.26,15.02,False,,,False,12579.24,32.35,False,5780.0,42.0,True,13819.23,20.73,False, 170 Os  76   11274.84   27.01   2806.26   15.02      *             12579.24   32.35   5780#     42#    13819.23   20.73
2012,rct2,93,77,170,Ir,9353.0,92.0,True,-74.0,92.0,True,,,False,17338.0,89.0,True,8006.0,115.0,True,17129.0,98.0,True, 170 Ir  77    9353#     92#      -74#     92#        *             17338#     89#     8006#    115#    17129#     98#  
2012,rct2,92,78,170,Pt,11863.0,203.0,True,1515.7,30.91,False,,,False,13123.1,76.73,False,5637.22,4.28,False,15844.0,75.0,False, 170 Pt  78   11863#    203#     1515.70   30.91      *             13123.10   76.73   5637.22    4.28  15844.00   75.00
2012,rct2,91,79,170,Au,10035.0,360.0,True,-1471.7,12.0,False,,,False,18017.0,257.0,True,7917.0,367.0,True,18972.0,203.0,True, 170 Au  79   10035#    360#    -1471.70   12.00      *             18017#    257#     7917#    367#    18972#    203#  
2012,rct2,106,65,171,Tb,5379.0,643.0,True,,,False,15180.0,503.0,True,10832.0,711.0,True,9196.0,643.0,True,,,False,0171 Tb  65    5379#    643#        *             15180#    503#    10832#    711#     9196#    643#        *           
2012,rct2,105,66,171,Dy,4597.0,357.0,True,10754.0,499.0,True,9119.0,298.0,True,10851.0,422.0,True,7398.0,422.0,True,3821.0,499.0,True, 171 Dy  66    4597#    357#    10754#    499#     9119#    298#    10851#    422#     7398#    422#     3821#    499#  
2012,rct2,104,67,171,Ho,6351.61,602.08,False,8145.0,631.0,True,3310.59,600.01,False,11789.0,671.12,False,8904.64,616.12,False,3850.0,670.0,True, 171 Ho  67    6351.61  602.08   8145#    631#     3310.59  600.01  11789.00  671.12   8904.64  616.12   3850#    670#  
2012,rct2,103,68,171,Er,5681.61,0.35,False,8769.27,50.0,False,-2288.05,28.98,False,11789.0,20.0,False,7205.37,30.04,False,6486.99,140.0,False, 171 Er  68    5681.61    0.35   8769.27   50.00  -2288.05   28.98  11789.00   20.00   7205.37   30.04   6486.99  140.00
2012,rct2,102,69,171,Tm,7486.49,1.3,False,6391.34,1.27,False,-7491.19,28.03,False,12421.98,1.61,False,8643.3,1.6,False,6495.64,30.04,False, 171 Tm  69    7486.49    1.30   6391.34    1.27  -7491.19   28.03  12421.98    1.61   8643.30    1.60   6495.64   30.04
2012,rct2,101,70,171,Yb,6614.62,0.57,False,6800.7,0.91,False,-12221.94,28.02,False,12678.42,0.92,False,6869.37,1.76,False,9329.08,1.3,False, 171 Yb  70    6614.62    0.57   6800.70    0.91 -12221.94   28.02  12678.42    0.92   6869.37    1.76   9329.08    1.30
2012,rct2,100,71,171,Lu,8594.26,16.95,False,4354.22,1.89,False,-16579.7,28.06,False,13257.93,2.21,False,8615.51,2.2,False,9129.77,2.52,False, 171 Lu  71    8594.26   16.95   4354.22    1.89 -16579.70   28.06  13257.93    2.21   8615.51    2.20   9129.77    2.52
2012,rct2,99,72,171,Hf,7248.81,40.18,False,5413.28,33.49,False,-21128.12,33.93,False,13363.56,29.1,False,6500.1,48.77,False,11796.5,28.95,False, 171 Hf  72    7248.81   40.18   5413.28   33.49 -21128.12   33.93  13363.56   29.10   6500.10   48.77  11796.50   28.95
2012,rct2,98,73,171,Ta,9653.93,39.52,False,2755.39,39.52,False,-25303.34,47.74,False,13707.42,39.52,False,8504.33,39.52,False,10993.52,48.22,False, 171 Ta  73    9653.93   39.52   2755.39   39.52 -25303.34   47.74  13707.42   39.52   8504.33   39.52  10993.52   48.22
2012,rct2,97,74,171,W,7866.94,30.9,False,4237.4,39.52,False,-29616.15,77.93,False,13915.15,39.52,False,6171.87,39.52,False,13920.86,39.52,False, 171 W   74    7866.94   30.90   4237.40   39.52 -29616.15   77.93  13915.15   39.52   6171.87   39.52  13920.86   39.52
2012,rct2,96,75,171,Re,10403.84,38.03,False,1248.78,30.9,False,-33682.63,34.92,False,14378.24,31.92,False,8506.63,30.94,False,12790.03,39.52,False, 171 Re  75   10403.84   38.03   1248.78   30.90 -33682.63   34.92  14378.24   31.92   8506.63   30.94  12790.03   39.52
2012,rct2,95,76,171,Os,8448.09,20.34,False,2674.44,31.35,False,-37591.0,307.0,True,14816.74,21.14,False,6355.71,35.6,False,16236.03,22.22,False, 171 Os  76    8448.09   20.34   2674.44   31.35 -37591#    307#    14816.74   21.14   6355.71   35.60  16236.03   22.22
2012,rct2,94,77,171,Ir,11129.0,97.0,True,-220.55,39.93,False,,,False,15016.8,46.16,False,8434.01,40.19,False,15024.35,49.47,False, 171 Ir  77   11129#     97#     -220.55   39.93      *             15016.80   46.16   8434.01   40.19  15024.35   49.47
2012,rct2,93,78,171,Pt,9236.71,75.06,False,1399.0,115.0,True,,,False,15318.68,76.85,False,6110.96,104.1,False,18163.35,73.55,False, 171 Pt  78    9236.71   75.06   1399#    115#        *             15318.68   76.85   6110.96  104.10  18163.35   73.55
2012,rct2,92,79,171,Au,11887.0,203.0,True,-1447.93,9.8,False,,,False,15656.0,203.0,True,8354.48,159.44,False,16795.59,77.36,False, 171 Au  79   11887#    203#    -1447.93    9.80      *             15656#    203#     8354.48  159.44  16795.59   77.36
2012,rct2,91,80,171,Hg,,,False,249.0,368.0,True,,,False,15787.0,428.0,True,,,False,19992.0,345.0,True, 171 Hg  80       *               249#    368#        *             15787#    428#        *             19992#    345#  
2012,rct2,106,66,172,Dy,5892.0,422.0,True,11266.0,585.0,True,11247.0,298.0,True,9425.0,499.0,True,7183.0,422.0,True,1790.0,585.0,True,0172 Dy  66    5892#    422#    11266#    585#    11247#    298#     9425#    499#     7183#    422#     1790#    585#  
2012,rct2,105,67,172,Ho,5036.0,631.0,True,8584.0,357.0,True,5254.0,196.0,True,12891.0,277.0,True,8978.0,359.0,True,4491.0,357.0,True, 172 Ho  67    5036#    631#     8584#    357#     5254#    196#    12891#    277#     8978#    359#     4491#    357#  
2012,rct2,104,68,172,Er,6835.99,3.79,False,9253.64,600.01,False,-81.84,24.82,False,10465.84,50.14,False,7177.58,20.35,False,4759.92,300.69,False, 172 Er  68    6835.99    3.79   9253.64  600.01    -81.84   24.82  10465.84   50.14   7177.58   20.35   4759.92  300.69
2012,rct2,103,69,172,Tm,6234.74,5.48,False,6944.47,5.42,False,-6044.91,28.54,False,13445.01,5.41,False,8411.81,5.54,False,7069.1,20.72,False, 172 Tm  69    6234.74    5.48   6944.47    5.42  -6044.91   28.54  13445.01    5.41   8411.81    5.54   7069.10   20.72
2012,rct2,102,70,172,Yb,8019.47,0.14,False,7333.68,0.98,False,-10158.99,28.02,False,11250.92,0.92,False,6883.52,0.92,False,7312.86,1.31,False, 172 Yb  70    8019.47    0.14   7333.68    0.98 -10158.99   28.02  11250.92    0.92   6883.52    0.92   7312.86    1.31
2012,rct2,101,71,172,Lu,6979.47,2.66,False,4719.08,2.36,False,-15211.82,39.67,False,14737.4,2.43,False,8503.02,2.62,False,10183.91,2.5,False, 172 Lu  71    6979.47    2.66   4719.08    2.36 -15211.82   39.67  14737.40    2.43   8503.02    2.62  10183.91    2.50
2012,rct2,100,72,172,Hf,9042.2,37.82,False,5861.22,24.56,False,-19158.6,27.57,False,11615.61,29.74,False,6545.93,24.7,False,9621.28,24.51,False, 172 Hf  72    9042.20   37.82   5861.22   24.56 -19158.60   27.57  11615.61   29.74   6545.93   24.70   9621.28   24.51
2012,rct2,99,73,172,Ta,7681.02,39.52,False,3187.6,40.18,False,-23950.61,42.79,False,15634.68,39.52,False,8250.97,39.52,False,12400.53,28.18,False, 172 Ta  73    7681.02   39.52   3187.60   40.18 -23950.61   42.79  15634.68   39.52   8250.97   39.52  12400.53   28.18
2012,rct2,98,74,172,W,10082.41,39.52,False,4665.88,39.52,False,-27999.71,30.23,False,11751.28,39.52,False,6057.3,39.52,False,11266.1,39.52,False, 172 W   74   10082.41   39.52   4665.88   39.52 -27999.71   30.23  11751.28   39.52   6057.30   39.52  11266.10   39.52
2012,rct2,97,75,172,Re,8347.35,48.44,False,1729.19,48.44,False,-32157.61,84.95,False,16474.96,41.71,False,8255.46,42.47,False,14410.52,48.44,False, 172 Re  75    8347.35   48.44   1729.19   48.44 -32157.61   84.95  16474.96   41.71   8255.46   42.47  14410.52   48.44
2012,rct2,96,76,172,Os,11011.72,21.93,False,3282.32,30.73,False,-36134.19,158.69,False,12384.93,28.79,False,6029.59,15.45,False,13320.49,20.04,False, 172 Os  76   11011.72   21.93   3282.32   30.73 -36134.19  158.69  12384.93   28.79   6029.59   15.45  13320.49   20.04
2012,rct2,95,77,172,Ir,9033.75,50.47,False,365.11,36.98,False,,,False,17257.89,33.86,False,8207.62,41.03,False,16676.2,34.34,False, 172 Ir  77    9033.75   50.47    365.11   36.98      *             17257.89   33.86   8207.62   41.03  16676.20   34.34
2012,rct2,94,78,172,Pt,11698.86,73.66,False,1969.52,40.38,False,,,False,12973.0,89.0,True,5844.39,22.1,False,15271.85,27.68,False, 172 Pt  78   11698.86   73.66   1969.52   40.38      *             12973#     89#     5844.39   22.10  15271.85   27.68
2012,rct2,93,79,172,Au,9872.37,78.03,False,-812.27,104.6,False,,,False,17646.65,77.41,False,8008.0,216.0,True,18355.52,79.14,False, 172 Au  79    9872.37   78.03   -812.27  104.60      *             17646.65   77.41   8008#    216#    18355.52   79.14
2012,rct2,92,80,172,Hg,12468.0,345.0,True,830.76,159.56,False,,,False,13353.0,257.0,True,5543.0,337.0,True,17050.0,257.0,True, 172 Hg  80   12468#    345#      830.76  159.56      *             13353#    257#     5543#    337#    17050#    257#  
2012,rct2,107,66,173,Dy,4001.0,499.0,True,,,False,13614.0,401.0,True,10804.0,643.0,True,7649.0,566.0,True,,,False,0173 Dy  66    4001#    499#        *             13614#    401#    10804#    643#     7649#    566#        *           
2012,rct2,106,67,173,Ho,5938.0,357.0,True,8630.0,422.0,True,7532.0,298.0,True,11549.0,422.0,True,9177.0,357.0,True,3020.0,499.0,True, 173 Ho  67    5938#    357#     8630#    422#     7532#    298#    11549#    422#     9177#    357#     3020#    499#  
2012,rct2,105,68,173,Er,5241.0,196.0,True,9459.0,277.0,True,1758.0,198.0,True,11576.0,631.0,True,7449.0,202.0,True,5656.0,277.0,True, 173 Er  68    5241#    196#     9459#    277#     1758#    198#    11576#    631#     7449#    202#     5656#    277#  
2012,rct2,104,69,173,Tm,6950.87,7.13,False,7059.35,6.05,False,-3857.9,28.38,False,12175.76,4.8,False,8718.71,4.79,False,5631.06,50.23,False, 173 Tm  69    6950.87    7.13   7059.35    6.05  -3857.90   28.38  12175.76    4.80   8718.71    4.79   5631.06   50.23
2012,rct2,103,70,173,Yb,6367.37,0.33,False,7466.31,5.52,False,-8824.85,28.02,False,12370.04,1.03,False,7108.12,0.96,False,8203.27,1.6,False, 173 Yb  70    6367.37    0.33   7466.31    5.52  -8824.85   28.02  12370.04    1.03   7108.12    0.96   8203.27    1.60
2012,rct2,102,71,173,Lu,8215.77,2.24,False,4915.38,1.61,False,-13328.72,28.03,False,13136.25,1.61,False,8746.2,1.71,False,8560.11,1.81,False, 173 Lu  71    8215.77    2.24   4915.38    1.61 -13328.72   28.03  13136.25    1.61   8746.20    1.71   8560.11    1.81
2012,rct2,101,72,173,Hf,7080.88,37.12,False,5962.62,28.08,False,-17973.61,31.7,False,13129.0,28.06,False,6759.3,32.69,False,10999.35,28.02,False, 173 Hf  72    7080.88   37.12   5962.62   28.08 -17973.61   31.70  13129.00   28.06   6759.30   32.69  10999.35   28.02
2012,rct2,100,73,173,Ta,9137.88,39.52,False,3283.28,37.12,False,-22128.23,30.04,False,13745.61,40.18,False,8721.37,39.52,False,10556.9,32.69,False, 173 Ta  73    9137.88   39.52   3283.28   37.12 -22128.23   30.04  13745.61   40.18   8721.37   39.52  10556.90   32.69
2012,rct2,99,74,173,W,7701.51,39.52,False,4686.38,39.52,False,-26784.23,62.56,False,13703.7,39.52,False,6274.34,39.52,False,13172.87,39.52,False, 173 W   74    7701.51   39.52   4686.38   39.52 -26784.23   62.56  13703.70   39.52   6274.34   39.52  13172.87   39.52
2012,rct2,98,75,173,Re,10098.87,48.44,False,1745.65,39.52,False,-30737.37,37.01,False,14243.03,39.52,False,8600.66,30.9,False,12230.2,39.52,False, 173 Re  75   10098.87   48.44   1745.65   39.52 -30737.37   37.01  14243.03   39.52   8600.66   30.90  12230.20   39.52
2012,rct2,97,76,173,Os,8265.86,19.67,False,3200.83,42.3,False,-34728.0,203.0,True,14522.91,31.7,False,6343.64,29.82,False,15498.7,19.94,False, 173 Os  76    8265.86   19.67   3200.83   42.30 -34728#    203#    14522.91   31.70   6343.64   29.82  15498.70   19.94
2012,rct2,96,77,173,Ir,10960.25,34.23,False,313.65,15.29,False,,,False,14745.73,20.96,False,8522.2,14.76,False,14295.85,28.05,False, 173 Ir  77   10960.25   34.23    313.65   15.29      *             14745.73   20.96   8522.20   14.76  14295.85   28.05
2012,rct2,95,78,173,Pt,8916.99,57.15,False,1852.75,64.68,False,,,False,15184.59,68.05,False,6281.0,105.0,True,17629.7,56.83,False, 173 Pt  78    8916.99   57.15   1852.75   64.68      *             15184.59   68.05   6281#    105#    17629.70   56.83
2012,rct2,94,79,173,Au,11519.11,78.99,False,-992.01,21.54,False,,,False,15364.25,76.69,False,8352.11,30.52,False,16190.0,92.0,True, 173 Au  79   11519.11   78.99   -992.01   21.54      *             15364.25   76.69   8352.11   30.52  16190#     92#  
2012,rct2,93,80,173,Hg,9672.0,257.0,True,630.0,216.0,True,,,False,15569.0,203.0,True,5906.25,12.8,False,19241.0,203.0,True, 173 Hg  80    9672#    257#      630#    216#        *             15569#    203#     5906.25   12.80  19241#    203#  
2012,rct2,107,67,174,Ho,4411.0,422.0,True,9040.0,499.0,True,9882.0,298.0,True,13030.0,422.0,True,9363.0,422.0,True,3988.0,585.0,True,0174 Ho  67    4411#    422#     9040#    499#     9882#    298#    13030#    422#     9363#    422#     3988#    585#  
2012,rct2,106,68,174,Er,6367.0,357.0,True,9888.0,422.0,True,3897.0,298.0,True,10245.0,357.0,True,7434.0,670.0,True,3886.0,422.0,True, 174 Er  68    6367#    357#     9888#    422#     3897#    298#    10245#    357#     7434#    670#     3886#    422#  
2012,rct2,105,69,174,Tm,5682.42,44.95,False,7500.0,201.0,True,-2124.78,52.77,False,13329.32,44.9,False,8717.9,44.75,False,6300.25,601.67,False, 174 Tm  69    5682.42   44.95   7500#    201#    -2124.78   52.77  13329.32   44.90   8717.90   44.75   6300.25  601.67
2012,rct2,104,70,174,Yb,7464.63,0.06,False,7980.08,4.52,False,-6718.46,28.02,False,11140.15,5.52,False,7129.98,1.04,False,6420.25,1.61,False, 174 Yb  70    7464.63    0.06   7980.08    4.52  -6718.46   28.02  11140.15    5.52   7129.98    1.04   6420.25    1.61
2012,rct2,103,71,174,Lu,6760.87,1.45,False,5308.88,1.61,False,-11899.04,28.03,False,14394.85,1.63,False,8599.95,1.63,False,9285.73,1.9,False, 174 Lu  71    6760.87    1.45   5308.88    1.61 -11899.04   28.03  14394.85    1.63   8599.95    1.63   9285.73    1.90
2012,rct2,102,72,174,Hf,8506.19,28.07,False,6253.04,2.19,False,-15851.57,10.59,False,11602.28,2.8,False,6847.38,2.62,False,9107.77,2.31,False, 174 Hf  72    8506.19   28.07   6253.04    2.19 -15851.57   10.59  11602.28    2.80   6847.38    2.62   9107.77    2.31
2012,rct2,101,73,174,Ta,7415.55,39.52,False,3617.95,39.52,False,-20872.03,39.32,False,15372.27,37.12,False,8554.63,40.18,False,11735.62,28.06,False, 174 Ta  73    7415.55   39.52   3617.95   39.52 -20872.03   39.32  15372.27   37.12   8554.63   40.18  11735.62   28.06
2012,rct2,100,74,174,W,9571.02,39.52,False,5119.52,39.52,False,-24908.64,29.81,False,11813.7,39.52,False,6357.24,39.52,False,10850.66,40.18,False, 174 W   74    9571.02   39.52   5119.52   39.52 -24908.64   29.81  11813.70   39.52   6357.24   39.52  10850.66   40.18
2012,rct2,99,75,174,Re,8190.55,39.52,False,2234.68,39.52,False,-29437.0,93.0,True,16134.9,39.52,False,8277.05,39.52,False,13693.58,39.52,False, 174 Re  75    8190.55   39.52   2234.68   39.52 -29437#     93#    16134.90   39.52   8277.05   39.52  13693.58   39.52
2012,rct2,98,76,174,Os,10628.23,18.13,False,3730.19,29.77,False,-33348.64,22.0,False,12242.03,40.88,False,6119.25,29.77,False,12737.41,29.77,False, 174 Os  76   10628.23   18.13   3730.19   29.77 -33348.64   22.00  12242.03   40.88   6119.25   29.77  12737.41   29.77
2012,rct2,97,77,174,Ir,8671.75,29.78,False,719.54,31.45,False,,,False,17085.7,30.48,False,8298.54,32.91,False,16027.94,39.32,False, 174 Ir  77    8671.75   29.78    719.54   31.45      *             17085.70   30.48   8298.54   32.91  16027.94   39.32
2012,rct2,96,78,174,Pt,11446.61,56.93,False,2339.11,15.15,False,,,False,12771.73,34.03,False,5962.54,40.07,False,14631.18,20.63,False, 174 Pt  78   11446.61   56.93   2339.11   15.15      *             12771.73   34.03   5962.54   40.07  14631.18   20.63
2012,rct2,95,79,174,Au,9490.0,92.0,True,-419.0,105.0,True,,,False,17573.0,90.0,True,8098.0,115.0,True,17828.0,97.0,True, 174 Au  79    9490#     92#     -419#    105#        *             17573#     90#     8098#    115#    17828#     97#  
2012,rct2,94,80,174,Hg,12008.0,203.0,True,1118.92,31.1,False,,,False,13433.06,77.64,False,5785.26,11.5,False,16469.9,75.3,False, 174 Hg  80   12008#    203#     1118.92   31.10      *             13433.06   77.64   5785.26   11.50  16469.90   75.30
2012,rct2,108,67,175,Ho,5584.0,499.0,True,,,False,11965.0,401.0,True,11447.0,566.0,True,9671.0,499.0,True,,,False,0175 Ho  67    5584#    499#        *             11965#    401#    11447#    566#     9671#    499#        *           
2012,rct2,107,68,175,Er,4774.0,499.0,True,10251.0,499.0,True,5832.0,401.0,True,11409.0,499.0,True,7696.0,446.0,True,5004.0,499.0,True, 175 Er  68    4774#    499#    10251#    499#     5832#    401#    11409#    499#     7696#    446#     5004#    499#  
2012,rct2,106,69,175,Tm,6517.36,67.08,False,7651.0,302.0,True,97.06,57.31,False,12053.0,202.0,True,9036.53,50.16,False,4818.0,202.0,True, 175 Tm  69    6517.36   67.08   7651#    302#       97.06   57.31  12053#    202#     9036.53   50.16   4818#    202#  
2012,rct2,105,70,175,Yb,5822.36,0.07,False,8120.01,44.72,False,-5063.79,28.02,False,12268.66,4.52,False,7542.36,5.52,False,7433.88,4.03,False, 175 Yb  70    5822.36    0.07   8120.01   44.72  -5063.79   28.02  12268.66    4.52   7542.36    5.52   7433.88    4.03
2012,rct2,104,71,175,Lu,7666.73,1.0,False,5510.98,1.26,False,-9879.25,28.01,False,13095.48,1.26,False,8952.68,1.29,False,7853.74,5.64,False, 175 Lu  71    7666.73    1.00   5510.98    1.26  -9879.25   28.01  13095.48    1.26   8952.68    1.29   7853.74    5.64
2012,rct2,103,72,175,Hf,6708.5,0.38,False,6200.68,2.19,False,-14378.66,12.07,False,13109.55,2.22,False,7118.35,2.82,False,10418.74,2.33,False, 175 Hf  72    6708.50    0.38   6200.68    2.19 -14378.66   12.07  13109.55    2.22   7118.35    2.82  10418.74    2.33
2012,rct2,102,73,175,Ta,8739.2,39.52,False,3850.96,28.07,False,-19014.2,30.57,False,13713.94,39.52,False,8857.63,37.12,False,9975.89,28.08,False, 175 Ta  73    8739.20   39.52   3850.96   28.07 -19014.20   30.57  13713.94   39.52   8857.63   37.12   9975.89   28.08
2012,rct2,101,74,175,W,7477.02,39.52,False,5181.0,39.52,False,-23932.62,33.22,False,13474.55,39.52,False,6561.24,39.52,False,12415.83,37.12,False, 175 W   74    7477.02   39.52   5181.00   39.52 -23932.62   33.22  13474.55   39.52   6561.24   39.52  12415.83   37.12
2012,rct2,100,75,175,Re,9686.53,39.52,False,2350.19,39.52,False,-27872.83,48.28,False,14149.88,39.52,False,8672.93,39.52,False,11688.07,39.52,False, 175 Re  75    9686.53   39.52   2350.19   39.52 -27872.83   48.28  14149.88   39.52   8672.93   39.52  11688.07   39.52
2012,rct2,99,76,175,Os,8181.41,15.6,False,3721.06,30.32,False,-32132.29,73.84,False,14159.49,30.32,False,6285.19,41.28,False,14638.41,30.32,False, 175 Os  76    8181.41   15.60   3721.06   30.32 -32132.29   73.84  14159.49   30.32   6285.19   41.28  14638.41   30.32
2012,rct2,98,77,175,Ir,10597.02,30.31,False,688.33,16.08,False,,,False,14754.54,19.42,False,8713.24,17.8,False,13778.27,41.46,False, 175 Ir  77   10597.02   30.31    688.33   16.08      *             14754.54   19.42   8713.24   17.80  13778.27   41.46
2012,rct2,97,78,175,Pt,8453.05,20.76,False,2120.41,32.99,False,,,False,15278.93,21.08,False,6543.25,37.05,False,17189.85,22.05,False, 175 Pt  78    8453.05   20.76   2120.41   32.99      *             15278.93   21.08   6543.25   37.05  17189.85   22.05
2012,rct2,96,79,175,Au,11251.0,97.0,True,-614.0,40.72,False,,,False,15238.48,68.44,False,8546.06,41.03,False,15610.29,50.99,False, 175 Au  79   11251#     97#     -614.00   40.72      *             15238.48   68.44   8546.06   41.03  15610.29   50.99
2012,rct2,95,80,175,Hg,9397.77,75.45,False,1026.0,115.0,True,,,False,15554.41,76.83,False,6259.86,104.71,False,18770.99,73.8,False, 175 Hg  80    9397.77   75.45   1026#    115#        *             15554.41   76.83   6259.86  104.71  18770.99   73.80
2012,rct2,108,68,176,Er,6050.0,566.0,True,10717.0,566.0,True,7948.0,401.0,True,9770.0,499.0,True,7584.0,499.0,True,2954.0,566.0,True,0176 Er  68    6050#    566#    10717#    566#     7948#    401#     9770#    499#     7584#    499#     2954#    566#  
2012,rct2,107,69,176,Tm,5129.43,111.81,False,8007.0,413.0,True,1995.68,104.64,False,13291.0,314.0,True,9148.0,220.0,True,5627.0,314.0,True, 176 Tm  69    5129.43  111.81   8007#    413#     1995.68  104.64  13291#    314#     9148#    220#     5627#    314#  
2012,rct2,106,70,176,Yb,6864.43,1.03,False,8467.08,50.01,False,-2848.09,28.04,False,11086.66,44.73,False,7628.8,4.4,False,5811.0,196.0,True, 176 Yb  70    6864.43    1.03   8467.08   50.01  -2848.09   28.04  11086.66   44.73   7628.80    4.40   5811#    196#  
2012,rct2,105,71,176,Lu,6287.98,0.15,False,5976.6,1.26,False,-8321.33,28.01,False,14272.13,1.26,False,9032.07,1.26,False,8516.62,4.69,False, 176 Lu  71    6287.98    0.15   5976.60    1.26  -8321.33   28.01  14272.13    1.26   9032.07    1.26   8516.62    4.69
2012,rct2,104,72,176,Hf,8165.92,1.78,False,6699.86,0.89,False,-12480.5,28.02,False,11704.5,1.34,False,7168.2,1.38,False,8620.19,1.52,False, 176 Hf  72    8165.92    1.78   6699.86    0.89 -12480.50   28.02  11704.50    1.34   7168.20    1.38   8620.19    1.52
2012,rct2,103,73,176,Ta,7028.04,41.54,False,4170.5,30.86,False,-17505.93,36.93,False,15192.09,30.85,False,8910.46,41.54,False,11163.61,30.82,False, 176 Ta  73    7028.04   41.54   4170.50   30.86 -17505.93   36.93  15192.09   30.85   8910.46   41.54  11163.61   30.82
2012,rct2,102,74,176,W,9080.13,39.52,False,5521.93,39.52,False,-21707.87,30.71,False,11809.97,39.52,False,6618.99,39.52,False,10416.58,39.52,False, 176 W   74    9080.13   39.52   5521.93   39.52 -21707.87   30.71  11809.97   39.52   6618.99   39.52  10416.58   39.52
2012,rct2,101,75,176,Re,7845.9,39.52,False,2719.06,39.52,False,-26666.28,43.37,False,15875.01,39.52,False,8528.55,39.52,False,12980.05,39.52,False, 176 Re  75    7845.90   39.52   2719.06   39.52 -26666.28   43.37  15875.01   39.52   8528.55   39.52  12980.05   39.52
2012,rct2,100,76,176,Os,10064.08,30.32,False,4098.6,39.52,False,-30324.66,30.71,False,12285.96,39.52,False,6319.98,39.52,False,12275.84,39.52,False, 176 Os  76   10064.08   30.32   4098.60   39.52 -30324.66   30.71  12285.96   39.52   6319.98   39.52  12275.84   39.52
2012,rct2,99,77,176,Ir,8536.32,23.92,False,1043.23,23.61,False,-34440.72,77.82,False,16846.45,22.89,False,8442.78,25.35,False,15340.82,34.64,False, 176 Ir  77    8536.32   23.92   1043.23   23.61 -34440.72   77.82  16846.45   22.89   8442.78   25.35  15340.82   34.64
2012,rct2,98,78,176,Pt,11304.87,22.02,False,2828.26,17.76,False,,,False,12645.81,30.45,False,6198.63,15.23,False,14150.85,19.64,False, 176 Pt  78   11304.87   22.02   2828.26   17.76      *             12645.81   30.45   6198.63   15.23  14150.85   19.64
2012,rct2,97,79,176,Au,9052.44,51.48,False,-14.6,37.72,False,,,False,17632.65,34.75,False,8410.6,65.06,False,17518.1,34.95,False, 176 Au  79    9052.44   51.48    -14.60   37.72      *             17632.65   34.75   8410.60   65.06  17518.10   34.95
2012,rct2,96,80,176,Hg,11871.7,74.0,False,1646.77,41.38,False,,,False,13173.0,90.0,True,5907.27,20.81,False,15816.27,57.41,False, 176 Hg  80   11871.70   74.00   1646.77   41.38      *             13173#     90#     5907.27   20.81  15816.27   57.41
2012,rct2,95,81,176,Tl,,,False,-1265.2,18.0,False,,,False,17938.53,77.57,False,8155.0,216.0,True,19044.18,78.91,False, 176 Tl  81       *             -1265.20   18.00      *             17938.53   77.57   8155#    216#    19044.18   78.91
2012,rct2,109,68,177,Er,4299.0,643.0,True,,,False,10025.0,503.0,True,11055.0,643.0,True,7696.0,585.0,True,,,False,0177 Er  68    4299#    643#        *             10025#    503#    11055#    643#     7696#    585#        *           
2012,rct2,108,69,177,Tm,6171.0,314.0,True,8127.0,499.0,True,4248.0,298.0,True,11894.0,499.0,True,9345.0,422.0,True,3867.0,422.0,True, 177 Tm  69    6171#    314#     8127#    499#     4248#    298#    11894#    499#     9345#    422#     3867#    422#  
2012,rct2,107,70,177,Yb,5566.4,0.22,False,8904.05,100.0,False,-1283.05,28.04,False,12037.61,50.01,False,7744.82,44.73,False,6611.0,298.0,True, 177 Yb  70    5566.40    0.22   8904.05  100.00  -1283.05   28.04  12037.61   50.01   7744.82   44.73   6611#    298#  
2012,rct2,106,71,177,Lu,7072.9,0.16,False,6185.08,1.61,False,-6116.63,28.01,False,13021.59,1.27,False,9423.8,1.27,False,7126.15,44.74,False, 177 Lu  71    7072.90    0.16   6185.08    1.61  -6116.63   28.01  13021.59    1.27   9423.80    1.27   7126.15   44.74
2012,rct2,105,72,177,Hf,6375.92,1.02,False,6787.79,0.8,False,-10933.79,15.83,False,12995.32,0.81,False,7553.15,1.29,False,9708.91,1.46,False, 177 Hf  72    6375.92    1.02   6787.79    0.80 -10933.79   15.83  12995.32    0.81   7553.15    1.29   9708.91    1.46
2012,rct2,104,73,177,Ta,8422.98,30.94,False,4427.57,3.17,False,-15669.62,20.08,False,13477.61,3.6,False,8993.67,3.58,False,9501.5,3.27,False, 177 Ta  73    8422.98   30.94   4427.57    3.17 -15669.62   20.08  13477.61    3.60   8993.67    3.58   9501.50    3.27
2012,rct2,103,74,177,W,7131.44,39.52,False,5625.32,41.54,False,-20331.29,31.71,False,13417.73,39.52,False,6903.1,39.52,False,11791.34,28.07,False, 177 W   74    7131.44   39.52   5625.32   41.54 -20331.29   31.71  13417.73   39.52   6903.10   39.52  11791.34   28.07
2012,rct2,102,75,177,Re,9277.6,39.52,False,2916.54,39.52,False,-24724.12,29.85,False,14074.43,39.52,False,8821.97,39.52,False,11118.0,39.52,False, 177 Re  75    9277.60   39.52   2916.54   39.52 -24724.12   29.85  14074.43   39.52   8821.97   39.52  11118.00   39.52
2012,rct2,101,76,177,Os,7922.62,32.06,False,4175.33,32.06,False,-29166.65,76.68,False,14049.87,32.06,False,6587.9,32.06,False,13924.24,32.06,False, 177 Os  76    7922.62   32.06   4175.33   32.06 -29166.65   76.68  14049.87   32.06   6587.90   32.06  13924.24   32.06
2012,rct2,100,77,177,Ir,10259.29,28.45,False,1238.45,34.23,False,-32722.76,30.46,False,14768.57,23.0,False,8811.72,22.26,False,13272.08,34.23,False, 177 Ir  77   10259.29   28.45   1238.45   34.23 -32722.76   30.46  14768.57   23.00   8811.72   22.26  13272.08   34.23
2012,rct2,99,78,177,Pt,8508.02,19.66,False,2799.96,25.37,False,,,False,14734.81,19.44,False,6362.36,31.46,False,16271.05,18.16,False, 177 Pt  78    8508.02   19.66   2799.96   25.37      *             14734.81   19.44   6362.36   31.46  16271.05   18.16
2012,rct2,98,79,177,Au,11219.76,34.79,False,-99.71,14.82,False,,,False,14865.94,20.81,False,8637.45,14.77,False,14970.09,29.59,False, 177 Au  79   11219.76   34.79    -99.71   14.82      *             14865.94   20.81   8637.45   14.77  14970.09   29.59
2012,rct2,97,80,177,Hg,9080.63,76.13,False,1674.96,82.06,False,,,False,15343.69,84.75,False,6317.0,116.0,True,18182.25,75.77,False, 177 Hg  80    9080.63   76.13   1674.96   82.06      *             15343.69   84.75   6317#    116#    18182.25   75.77
2012,rct2,96,81,177,Tl,11977.26,78.58,False,-1159.65,19.54,False,,,False,15359.04,76.49,False,8185.84,30.27,False,16557.0,92.0,True, 177 Tl  81   11977.26   78.58  -1159.65   19.54      *             15359.04   76.49   8185.84   30.27  16557#     92#  
2012,rct2,109,69,178,Tm,4718.0,499.0,True,8546.0,643.0,True,6485.0,404.0,True,13226.0,566.0,True,9400.0,566.0,True,4734.0,566.0,True,0178 Tm  69    4718#    499#     8546#    643#     6485#    404#    13226#    566#     9400#    566#     4734#    566#  
2012,rct2,108,70,178,Yb,6780.4,10.0,False,9514.0,298.0,True,715.52,18.22,False,10386.64,100.5,False,7481.78,51.0,False,4604.0,401.0,True, 178 Yb  70    6780.40   10.00   9514#    298#      715.52   18.22  10386.64  100.50   7481.78   51.00   4604#    401#  
2012,rct2,107,71,178,Lu,6025.3,1.89,False,6643.97,2.49,False,-4686.33,28.07,False,13860.72,2.48,False,9220.86,2.28,False,7618.2,50.05,False, 178 Lu  71    6025.30    1.89   6643.97    2.49  -4686.33   28.07  13860.72    2.48   9220.86    2.28   7618.20   50.05
2012,rct2,106,72,178,Hf,7625.95,0.18,False,7340.85,0.8,False,-8893.71,13.76,False,11657.35,0.81,False,7593.93,0.82,False,7905.31,1.46,False, 178 Hf  72    7625.95    0.18   7340.85    0.80  -8893.71   13.76  11657.35    0.81   7593.93    0.82   7905.31    1.46
2012,rct2,105,73,178,Ta,6955.0,52.0,True,5007.0,52.0,True,-14349.0,56.0,True,14689.0,52.0,True,8747.0,52.0,True,10213.0,52.0,True, 178 Ta  73    6955#     52#     5007#     52#   -14349#     56#    14689#     52#     8747#     52#    10213#     52#  
2012,rct2,104,74,178,W,8778.97,31.84,False,5981.31,15.43,False,-18412.12,18.31,False,11666.8,34.31,False,6863.32,31.84,False,9720.86,15.26,False, 178 W   74    8778.97   31.84   5981.31   15.43 -18412.12   18.31  11666.80   34.31   6863.32   31.84   9720.86   15.26
2012,rct2,103,75,178,Re,7455.6,39.52,False,3240.7,39.52,False,-23327.33,63.61,False,15698.96,39.52,False,8843.4,39.52,False,12401.6,39.52,False, 178 Re  75    7455.60   39.52   3240.70   39.52 -23327.33   63.61  15698.96   39.52   8843.40   39.52  12401.60   39.52
2012,rct2,102,76,178,Os,9666.04,20.81,False,4563.77,31.09,False,-27227.7,17.4,False,12229.73,31.09,False,6608.4,31.09,False,11735.23,31.09,False, 178 Os  76    9666.04   20.81   4563.77   31.09 -27227.70   17.40  12229.73   31.09   6608.40   31.09  11735.23   31.09
2012,rct2,101,77,178,Ir,8275.78,27.94,False,1591.61,25.25,False,-31458.0,104.0,True,16556.86,34.23,False,8717.35,23.0,False,14682.82,34.23,False, 178 Ir  77    8275.78   27.94   1591.61   25.25 -31458#    104#    16556.86   34.23   8717.35   23.00  14682.82   34.23
2012,rct2,100,78,178,Pt,10698.14,18.09,False,3238.81,22.21,False,-35566.04,26.2,False,12572.99,22.84,False,6261.23,16.0,False,13754.32,15.53,False, 178 Pt  78   10698.14   18.09   3238.81   22.21 -35566.04   26.20  12572.99   22.84   6261.23   16.00  13754.32   15.53
2012,rct2,99,79,178,Au,8852.39,58.1,False,244.66,59.08,False,,,False,17318.41,58.54,False,8238.11,59.9,False,16714.72,58.47,False, 178 Au  79    8852.39   58.10    244.66   59.08      *             17318.41   58.54   8238.11   59.90  16714.72   58.47
2012,rct2,98,80,178,Hg,11604.99,75.83,False,2060.19,15.07,False,,,False,12791.15,34.88,False,5963.27,40.83,False,15030.32,20.97,False, 178 Hg  80   11604.99   75.83   2060.19   15.07      *             12791.15   34.88   5963.27   40.83  15030.32   20.97
2012,rct2,97,81,178,Tl,9540.0,105.0,True,-700.0,127.0,True,,,False,17690.0,103.0,True,8043.0,125.0,True,18268.0,109.0,True, 178 Tl  81    9540#    105#     -700#    127#        *             17690#    103#     8043#    125#    18268#    109#  
2012,rct2,96,82,178,Pb,,,False,395.53,33.49,False,,,False,13698.31,78.88,False,,,False,17188.07,76.8,False, 178 Pb  82       *               395.53   33.49      *             13698.31   78.88      *             17188.07   76.80
2012,rct2,110,69,179,Tm,5556.0,643.0,True,,,False,8759.0,503.0,True,11968.0,711.0,True,9894.0,643.0,True,,,False,0179 Tm  69    5556#    643#        *              8759#    503#    11968#    711#     9894#    643#        *           
2012,rct2,109,70,179,Yb,4915.0,196.0,True,9711.0,446.0,True,2760.0,196.0,True,11642.0,357.0,True,7696.0,220.0,True,5740.0,446.0,True, 179 Yb  70    4915#    196#     9711#    446#     2760#    196#    11642#    357#     7696#    220#     5740#    446#  
2012,rct2,108,71,179,Lu,6792.45,5.35,False,6656.03,11.3,False,-2476.09,25.19,False,12634.67,5.26,False,9292.83,5.25,False,5955.18,100.14,False, 179 Lu  71    6792.45    5.35   6656.03   11.30  -2476.09   25.19  12634.67    5.26   9292.83    5.25   5955.18  100.14
2012,rct2,107,72,179,Hf,6098.99,0.08,False,7414.54,2.05,False,-7446.05,16.61,False,12631.26,0.8,False,7782.92,0.81,False,8670.74,1.76,False, 179 Hf  72    6098.99    0.08   7414.54    2.05  -7446.05   16.61  12631.26    0.80   7782.92    0.81   8670.74    1.76
2012,rct2,106,73,179,Ta,7830.0,52.0,True,5211.07,0.42,False,-12280.47,9.92,False,13234.07,0.45,False,9082.72,1.1,False,8670.85,0.91,False, 179 Ta  73    7830#     52#     5211.07    0.42 -12280.47    9.92  13234.07    0.45   9082.72    1.10   8670.85    0.91
2012,rct2,105,74,179,W,6959.36,20.97,False,5986.0,54.0,True,-17029.49,16.65,False,13130.43,14.82,False,6932.01,34.04,False,10927.43,14.55,False, 179 W   74    6959.36   20.97   5986#     54#   -17029.49   16.65  13130.43   14.82   6932.01   34.04  10927.43   14.55
2012,rct2,104,75,179,Re,9002.69,37.26,False,3464.42,28.95,False,-21596.24,27.28,False,13827.71,37.26,False,8920.83,37.26,False,10426.95,39.4,False, 179 Re  75    9002.69   37.26   3464.42   28.95 -21596.24   27.28  13827.71   37.26   8920.83   37.26  10426.95   39.40
2012,rct2,103,76,179,Os,7546.65,21.4,False,4654.82,32.45,False,-26095.29,31.86,False,13960.68,32.45,False,6907.64,32.45,False,13268.71,32.45,False, 179 Os  76    7546.65   21.40   4654.82   32.45 -26095.29   31.86  13960.68   32.45   6907.64   32.45  13268.71   32.45
2012,rct2,102,77,179,Ir,9898.74,22.03,False,1824.31,16.75,False,-29798.98,40.85,False,14580.74,18.49,False,8882.69,29.59,False,12629.98,29.59,False, 179 Ir  77    9898.74   22.03   1824.31   16.75 -29798.98   40.85  14580.74   18.49   8882.69   29.59  12629.98   29.59
2012,rct2,101,78,179,Pt,8341.98,12.88,False,3305.01,21.31,False,-34318.25,76.01,False,14490.3,21.31,False,6455.57,21.96,False,15476.41,29.06,False, 179 Pt  78    8341.98   12.88   3305.01   21.31 -34318.25   76.01  14490.30   21.31   6455.57   21.96  15476.41   29.06
2012,rct2,100,79,179,Au,10733.78,58.33,False,280.29,15.48,False,,,False,15092.66,19.01,False,8809.2,17.28,False,14517.27,23.57,False, 179 Au  79   10733.78   58.33    280.29   15.48      *             15092.66   19.01   8809.20   17.28  14517.27   23.57
2012,rct2,99,80,179,Hg,8679.06,29.32,False,1886.86,63.31,False,,,False,15331.85,29.21,False,6336.65,42.93,False,17656.12,30.07,False, 179 Hg  80    8679.06   29.32   1886.86   63.31      *             15331.85   29.21   6336.65   42.93  17656.12   30.07
2012,rct2,98,81,179,Tl,11558.0,109.0,True,-746.96,41.12,False,,,False,15213.07,84.9,False,8357.0,41.67,False,15762.67,51.71,False, 179 Tl  81   11558#    109#     -746.96   41.12      *             15213.07   84.90   8357.00   41.67  15762.67   51.71
2012,rct2,97,82,179,Pb,9589.77,79.36,False,445.0,127.0,True,,,False,16085.79,79.07,False,6333.1,26.91,False,19470.0,76.66,False, 179 Pb  82    9589.77   79.36    445#    127#        *             16085.79   79.07   6333.10   26.91  19470.00   76.66
2012,rct2,110,70,180,Yb,6134.0,357.0,True,10288.0,585.0,True,5039.0,298.0,True,10226.0,499.0,True,7733.0,422.0,True,3905.0,585.0,True,0180 Yb  70    6134#    357#    10288#    585#     5039#    298#    10226#    499#     7733#    422#     3905#    585#  
2012,rct2,109,71,180,Lu,5689.19,70.89,False,7430.0,208.0,True,-841.44,73.9,False,13725.87,71.44,False,9170.04,70.73,False,6437.0,306.0,True, 180 Lu  71    5689.19   70.89   7430#    208#     -841.44   73.90  13725.87   71.44   9170.04   70.73   6437#    306#  
2012,rct2,108,72,180,Hf,7387.76,0.15,False,8009.85,5.06,False,-5419.84,16.35,False,11268.79,2.06,False,7468.06,0.81,False,6849.38,1.78,False, 180 Hf  72    7387.76    0.15   8009.85    5.06  -5419.84   16.35  11268.79    2.06   7468.06    0.81   6849.38    1.78
2012,rct2,107,73,180,Ta,6647.74,2.61,False,5759.81,2.59,False,-10958.67,21.83,False,14212.29,2.59,False,8810.9,2.6,False,9096.01,2.63,False, 180 Ta  73    6647.74    2.61   5759.81    2.59 -10958.67   21.83  14212.29    2.59   8810.90    2.60   9096.01    2.63
2012,rct2,106,74,180,W,8412.47,14.51,False,6567.76,0.52,False,-15203.05,11.14,False,11673.0,52.0,True,6942.53,3.02,False,8890.88,0.37,False, 180 W   74    8412.47   14.51   6567.76    0.52 -15203.05   11.14  11673#     52#     6942.53    3.02   8890.88    0.37
2012,rct2,105,75,180,Re,7323.85,32.63,False,3828.91,25.91,False,-20243.07,29.3,False,15282.83,26.27,False,8728.42,35.19,False,11526.08,21.68,False, 180 Re  75    7323.85   32.63   3828.91   25.91 -20243.07   29.30  15282.83   26.27   8728.42   35.19  11526.08   21.68
2012,rct2,104,76,180,Os,9413.97,23.15,False,5066.1,29.51,False,-24111.58,20.58,False,12002.31,32.32,False,6771.28,32.32,False,10986.18,32.32,False, 180 Os  76    9413.97   23.15   5066.10   29.51 -24111.58   20.58  12002.31   32.32   6771.28   32.32  10986.18   32.32
2012,rct2,103,77,180,Ir,7969.53,23.79,False,2247.2,27.27,False,-28715.24,63.8,False,16277.25,25.63,False,8835.78,26.8,False,13938.05,35.38,False, 180 Ir  77    7969.53   23.79   2247.20   27.27 -28715.24   63.80  16277.25   25.63   8835.78   26.80  13938.05   35.38
2012,rct2,102,78,180,Pt,10238.9,13.55,False,3645.17,14.67,False,-32505.72,17.69,False,12527.18,22.6,False,6475.96,22.6,False,13160.14,19.17,False, 180 Pt  78   10238.90   13.55   3645.17   14.67 -32505.72   17.69  12527.18   22.60   6475.96   22.60  13160.14   19.17
2012,rct2,101,79,180,Au,8677.03,23.18,False,615.33,21.55,False,,,False,17113.78,22.44,False,8640.2,25.01,False,16099.53,28.13,False, 180 Au  79    8677.03   23.18    615.33   21.55      *             17113.78   22.44   8640.20   25.01  16099.53   28.13
2012,rct2,100,80,180,Hg,11397.68,30.04,False,2550.76,17.23,False,,,False,12786.56,58.53,False,6158.73,14.73,False,14766.47,19.61,False, 180 Hg  80   11397.68   30.04   2550.76   17.23      *             12786.56   58.53   6158.73   14.73  14766.47   19.61
2012,rct2,99,81,180,Tl,9053.27,71.93,False,-372.75,65.9,False,,,False,17764.78,60.96,False,8384.36,96.09,False,17929.16,60.91,False, 180 Tl  81    9053.27   71.93   -372.75   65.90      *             17764.78   60.96   8384.36   96.09  17929.16   60.91
2012,rct2,98,82,180,Pb,12051.43,76.85,False,938.43,42.03,False,,,False,13575.0,103.0,True,6258.93,20.3,False,16499.21,76.32,False, 180 Pb  82   12051.43   76.85    938.43   42.03      *             13575#    103#     6258.93   20.30  16499.21   76.32
2012,rct2,111,70,181,Yb,4560.0,422.0,True,,,False,7165.0,298.0,True,11223.0,585.0,True,7891.0,499.0,True,,,False,0181 Yb  70    4560#    422#        *              7165#    298#    11223#    585#     7891#    499#        *           
2012,rct2,110,71,181,Lu,6189.93,174.29,False,7486.0,338.0,True,1723.57,159.78,False,12451.0,252.0,True,9760.5,159.61,False,4965.0,431.0,True, 181 Lu  71    6189.93  174.29   7486#    338#     1723.57  159.78  12451#    252#     9760.50  159.61   4965#    431#  
2012,rct2,109,72,181,Hf,5694.8,0.07,False,8015.45,70.71,False,-3855.31,25.41,False,12366.45,5.06,False,7798.56,2.06,False,7934.98,10.16,False, 181 Hf  72    5694.80    0.07   8015.45   70.71  -3855.31   25.41  12366.45    5.06   7798.56    2.06   7934.98   10.16
2012,rct2,108,73,181,Ta,7576.75,1.34,False,5948.81,2.23,False,-8970.0,25.69,False,12734.53,2.22,False,8860.1,2.22,False,7544.55,2.95,False, 181 Ta  73    7576.75    1.34   5948.81    2.23  -8970.00   25.69  12734.53    2.22   8860.10    2.22   7544.55    2.95
2012,rct2,107,74,181,W,6686.21,4.88,False,6606.23,4.73,False,-13879.08,15.6,False,12817.13,4.89,False,7211.0,52.0,True,9830.63,4.88,False, 181 W   74    6686.21    4.88   6606.23    4.73 -13879.08   15.60  12817.13    4.89   7211#     52#     9830.63    4.88
2012,rct2,106,75,181,Re,8754.94,24.82,False,4171.38,12.71,False,-18649.79,23.61,False,13487.24,19.28,False,8752.46,19.76,False,9726.0,54.0,True, 181 Re  75    8754.94   24.82   4171.38   12.71 -18649.79   23.61  13487.24   19.28   8752.46   19.76   9726#     54#  
2012,rct2,105,76,181,Os,7259.33,30.1,False,5001.58,33.16,False,-22888.84,29.64,False,13745.67,35.34,False,6967.54,37.72,False,12505.82,29.57,False, 181 Os  76    7259.33   30.10   5001.58   33.16 -22888.84   29.64  13745.67   35.34   6967.54   37.72  12505.82   29.57
2012,rct2,104,77,181,Ir,9565.42,33.58,False,2398.65,30.34,False,-26672.89,27.2,False,14258.47,30.48,False,8936.39,29.03,False,11828.22,37.92,False, 181 Ir  77    9565.42   33.58   2398.65   30.34 -26672.89   27.20  14258.47   30.48   8936.39   29.03  11828.22   37.92
2012,rct2,103,78,181,Pt,8010.18,18.48,False,3685.82,26.31,False,-31256.95,76.86,False,14415.74,17.77,False,6741.56,24.73,False,14815.99,20.17,False, 181 Pt  78    8010.18   18.48   3685.82   26.31 -31256.95   76.86  14415.74   17.77   6741.56   24.73  14815.99   20.17
2012,rct2,102,79,181,Au,10348.21,28.28,False,724.65,22.79,False,,,False,15107.54,21.51,False,8990.13,22.4,False,14027.1,28.1,False, 181 Au  79   10348.21   28.28    724.65   22.79      *             15107.54   21.51   8990.13   22.40  14027.10   28.10
2012,rct2,101,80,181,Hg,8482.07,19.91,False,2355.8,25.24,False,,,False,15038.26,19.32,False,6529.05,59.18,False,16982.54,18.42,False, 181 Hg  80    8482.07   19.91   2355.80   25.24      *             15038.26   19.32   6529.05   59.18  16982.54   18.42
2012,rct2,100,81,181,Tl,11607.78,60.69,False,-162.65,13.71,False,,,False,14836.07,28.74,False,8381.57,14.13,False,15173.78,57.86,False, 181 Tl  81   11607.78   60.69   -162.65   13.71      *             14836.07   28.74   8381.57   14.13  15173.78   57.86
2012,rct2,99,82,181,Pb,9258.95,76.67,False,1144.1,96.37,False,,,False,15873.72,85.21,False,6540.0,127.0,True,18845.24,76.18,False, 181 Pb  82    9258.95   76.67   1144.10   96.37      *             15873.72   85.21   6540#    127#    18845.24   76.18
2012,rct2,111,71,182,Lu,5154.0,252.0,True,8081.0,357.0,True,3568.0,221.0,True,13431.0,357.0,True,9522.0,277.0,True,5367.0,540.0,True,0182 Lu  71    5154#    252#     8081#    357#     3568#    221#    13431#    357#     9522#    277#     5367#    540#  
2012,rct2,110,72,182,Hf,6718.0,6.0,False,8543.52,159.41,False,-1442.89,22.64,False,11337.64,70.96,False,7873.01,7.85,False,6132.0,196.0,True, 182 Hf  72    6718.00    6.00   8543.52  159.41  -1442.89   22.64  11337.64   70.96   7873.01    7.85   6132#    196#  
2012,rct2,109,73,182,Ta,6062.94,0.11,False,6316.94,2.23,False,-7381.57,21.05,False,14059.35,2.23,False,8896.16,2.22,False,8274.07,5.49,False, 182 Ta  73    6062.94    0.11   6316.94    2.23  -7381.57   21.05  14059.35    2.23   8896.16    2.22   8274.07    5.49
2012,rct2,108,74,182,W,8065.58,4.68,False,7095.06,1.7,False,-12079.5,13.12,False,11399.29,2.16,False,6976.11,1.97,False,7864.04,1.94,False, 182 W   74    8065.58    4.68   7095.06    1.70 -12079.50   13.12  11399.29    2.16   6976.11    1.97   7864.04    1.94
2012,rct2,107,75,182,Re,6998.05,102.75,False,4483.23,102.09,False,-17146.95,103.98,False,14901.66,102.0,False,8713.76,103.02,False,10558.46,102.0,False, 182 Re  75    6998.05  102.75   4483.23  102.09 -17146.95  103.98  14901.66  102.00   8713.76  103.02  10558.46  102.00
2012,rct2,106,76,182,Os,9130.43,33.39,False,5377.07,25.12,False,-21032.36,23.85,False,11939.09,30.5,False,6839.81,32.86,False,10334.74,26.2,False, 182 Os  76    9130.43   33.39   5377.07   25.12 -21032.36   23.85  11939.09   30.50   6839.81   32.86  10334.74   26.20
2012,rct2,105,77,182,Ir,7651.36,33.11,False,2790.69,32.89,False,-25743.57,62.69,False,16021.08,26.52,False,8831.67,26.68,False,13179.55,32.35,False, 182 Ir  77    7651.36   33.11   2790.69   32.89 -25743.57   62.69  16021.08   26.52   8831.67   26.68  13179.55   32.35
2012,rct2,104,78,182,Pt,9865.15,19.81,False,3985.55,28.78,False,-29342.66,17.85,False,12520.12,25.35,False,6775.15,16.32,False,12497.49,21.06,False, 182 Pt  78    9865.15   19.81   3985.55   28.78 -29342.66   17.85  12520.12   25.35   6775.15   16.32  12497.49   21.06
2012,rct2,103,79,182,Au,8500.9,28.45,False,1215.36,25.13,False,,,False,16845.55,23.04,False,8831.21,21.77,False,15424.94,22.48,False, 182 Au  79    8500.90   28.45   1215.36   25.13      *             16845.55   23.04   8831.21   21.77  15424.94   22.48
2012,rct2,102,80,182,Hg,10986.91,18.23,False,2994.5,22.25,False,,,False,12728.38,22.28,False,6275.92,15.25,False,14337.61,12.61,False, 182 Hg  80   10986.91   18.23   2994.50   22.25      *             12728.38   22.28   6275.92   15.25  14337.61   12.61
2012,rct2,101,81,182,Tl,8580.68,59.78,False,-64.05,61.05,False,,,False,17653.07,60.42,False,8479.96,65.06,False,17326.88,60.23,False, 182 Tl  81    8580.68   59.78    -64.05   61.05      *             17653.07   60.42   8479.96   65.06  17326.88   60.23
2012,rct2,100,82,182,Pb,11779.45,76.38,False,1315.78,15.17,False,,,False,13147.54,61.21,False,6318.83,41.49,False,15744.86,29.83,False, 182 Pb  82   11779.45   76.38   1315.78   15.17      *             13147.54   61.21   6318.83   41.49  15744.86   29.83
2012,rct2,112,71,183,Lu,5907.0,216.0,True,,,False,6095.1,91.64,False,12083.0,312.0,True,9748.0,312.0,True,,,False,0183 Lu  71    5907#    216#        *              6095.10   91.64  12083#    312#     9748#    312#        *           
2012,rct2,111,72,183,Hf,5305.47,30.68,False,8695.0,198.0,True,377.93,58.13,False,12222.1,162.1,False,8256.74,76.84,False,6960.0,300.0,True, 183 Hf  72    5305.47   30.68   8695#    198#      377.93   58.13  12222.10  162.10   8256.74   76.84   6960#    300#  
2012,rct2,110,73,183,Ta,6934.18,0.2,False,6533.12,6.4,False,-5092.8,24.47,False,12819.97,2.24,False,9349.74,2.24,False,7029.08,70.75,False, 183 Ta  73    6934.18    0.20   6533.12    6.40  -5092.80   24.47  12819.97    2.24   9349.74    2.24   7029.08   70.75
2012,rct2,109,74,183,W,6190.81,0.05,False,7222.93,1.7,False,-10594.87,15.56,False,12785.22,1.7,False,7433.04,2.16,False,9060.98,1.94,False, 183 W   74    6190.81    0.05   7222.93    1.70 -10594.87   15.56  12785.22    1.70   7433.04    2.16   9060.98    1.94
2012,rct2,108,75,183,Re,8434.81,102.29,False,4852.47,8.0,False,-15622.08,12.36,False,13153.05,9.27,False,8691.41,8.23,False,8771.38,8.29,False, 183 Re  75    8434.81  102.29   4852.47    8.00 -15622.08   12.36  13153.05    9.27   8691.41    8.23   8771.38    8.29
2012,rct2,107,76,183,Os,7126.29,54.3,False,5505.3,113.48,False,-19859.51,50.26,False,13567.74,51.33,False,7037.37,54.16,False,11620.92,49.8,False, 183 Os  76    7126.29   54.30   5505.30  113.48 -19859.51   50.26  13567.74   51.33   7037.37   54.16  11620.92   49.80
2012,rct2,106,77,183,Ir,9222.95,32.17,False,2883.21,32.68,False,-23616.05,26.12,False,14057.46,35.18,False,9022.69,29.31,False,11280.45,32.45,False, 183 Ir  77    9222.95   32.17   2883.21   32.68 -23616.05   26.12  14057.46   35.18   9022.69   29.31  11280.45   32.45
2012,rct2,105,78,183,Pt,7675.45,20.31,False,4009.64,26.09,False,-28201.25,32.13,False,14410.09,29.97,False,7069.23,26.69,False,14236.0,22.47,False, 183 Pt  78    7675.45   20.31   4009.64   26.09 -28201.25   32.13  14410.09   29.97   7069.23   26.69  14236.00   22.47
2012,rct2,104,79,183,Au,9959.68,22.33,False,1309.89,16.11,False,,,False,14896.05,17.58,False,9110.44,14.44,False,13434.8,23.65,False, 183 Au  79    9959.68   22.33   1309.89   16.11      *             14896.05   17.58   9110.44   14.44  13434.80   23.65
2012,rct2,103,80,183,Hg,8299.13,12.07,False,2792.73,21.46,False,,,False,14777.46,21.2,False,6653.82,21.23,False,16277.38,13.05,False, 183 Hg  80    8299.13   12.07   2792.73   21.46      *             14777.46   21.20   6653.82   21.23  16277.38   13.05
2012,rct2,102,81,183,Tl,11350.47,59.81,False,299.52,13.53,False,,,False,14784.67,17.99,False,8527.16,15.72,False,14653.43,22.09,False, 183 Tl  81   11350.47   59.81    299.52   13.53      *             14784.67   17.99   8527.16   15.72  14653.43   22.09
2012,rct2,101,82,183,Pb,8816.86,30.64,False,1551.96,65.44,False,,,False,15938.46,29.58,False,6555.25,66.27,False,18325.68,30.84,False, 183 Pb  82    8816.86   30.64   1551.96   65.44      *             15938.46   29.58   6555.25   66.27  18325.68   30.84
2012,rct2,113,71,184,Lu,4767.0,312.0,True,,,False,7813.0,298.0,True,,,False,9540.0,422.0,True,,,False,0184 Lu  71    4767#    312#        *              7813#    298#        *              9540#    422#        *           
2012,rct2,112,72,184,Hf,6286.76,49.79,False,9074.42,99.55,False,2755.09,39.71,False,11089.0,200.0,True,8159.91,164.16,False,5233.0,301.0,True, 184 Hf  72    6286.76   49.79   9074.42   99.55   2755.09   39.71  11089#    200#     8159.91  164.16   5233#    301#  
2012,rct2,111,73,184,Ta,5616.76,26.06,False,6844.42,39.74,False,-3230.71,38.18,False,13921.21,26.76,False,9427.78,26.07,False,7602.25,161.4,False, 184 Ta  73    5616.76   26.06   6844.42   39.74  -3230.71   38.18  13921.21   26.76   9427.78   26.07   7602.25  161.40
2012,rct2,110,74,184,W,7411.66,0.25,False,7700.42,1.73,False,-8368.73,15.42,False,11436.5,1.72,False,7598.13,1.72,False,7344.12,1.96,False, 184 W   74    7411.66    0.25   7700.42    1.73  -8368.73   15.42  11436.50    1.72   7598.13    1.72   7344.12    1.96
2012,rct2,109,75,184,Re,6484.82,9.08,False,5146.48,4.28,False,-13906.01,22.7,False,14733.8,4.28,False,8892.79,6.35,False,9863.31,4.61,False, 184 Re  75    6484.82    9.08   5146.48    4.28 -13906.01   22.70  14733.80    4.28   8892.79    6.35   9863.31    4.61
2012,rct2,108,76,184,Os,8663.92,49.78,False,5734.4,8.07,False,-17907.96,10.15,False,11901.88,101.99,False,7128.39,12.53,False,9643.21,4.8,False, 184 Os  76    8663.92   49.78   5734.40    8.07 -17907.96   10.15  11901.88  101.99   7128.39   12.53   9643.21    4.80
2012,rct2,107,77,184,Ir,7478.86,37.1,False,3235.78,57.07,False,-22737.63,34.41,False,15709.03,35.41,False,8803.17,37.72,False,12556.53,30.65,False, 184 Ir  77    7478.86   37.10   3235.78   57.07 -22737.63   34.41  15709.03   35.41   8803.17   37.72  12556.53   30.65
2012,rct2,106,78,184,Pt,9637.8,21.87,False,4424.49,28.85,False,-26287.31,20.02,False,12423.65,26.02,False,6996.86,29.9,False,11857.53,29.65,False, 184 Pt  78    9637.80   21.87   4424.49   28.85 -26287.31   20.02  12423.65   26.02   6996.86   29.90  11857.53   29.65
2012,rct2,105,79,184,Au,8200.9,24.17,False,1835.33,27.16,False,-31506.14,81.22,False,16560.31,25.84,False,8919.72,26.78,False,14799.32,33.95,False, 184 Au  79    8200.90   24.17   1835.33   27.16 -31506.14   81.22  16560.31   25.84   8919.72   26.78  14799.32   33.95
2012,rct2,104,80,184,Hg,10615.46,12.29,False,3448.52,13.76,False,,,False,12662.9,22.62,False,6386.56,22.37,False,13672.1,17.95,False, 184 Hg  80   10615.46   12.29   3448.52   13.76      *             12662.90   22.62   6386.56   22.37  13672.10   17.95
2012,rct2,103,81,184,Tl,8357.27,22.15,False,357.66,21.3,False,,,False,17414.3,22.35,False,8651.96,25.3,False,16644.37,28.33,False, 184 Tl  81    8357.27   22.15    357.66   21.30      *             17414.30   22.35   8651.96   25.30  16644.37   28.33
2012,rct2,102,82,184,Pb,11551.75,30.91,False,1753.23,15.85,False,,,False,12967.39,60.45,False,6611.28,13.76,False,15256.0,20.01,False, 184 Pb  82   11551.75   30.91   1753.23   15.85      *             12967.39   60.45   6611.28   13.76  15256.00   20.01
2012,rct2,101,83,184,Bi,,,False,-1469.55,83.02,False,,,False,18723.79,79.04,False,9168.9,108.57,False,19632.58,78.63,False, 184 Bi  83       *             -1469.55   83.02      *             18723.79   79.04   9168.90  108.57  19632.58   78.63
2012,rct2,114,71,185,Lu,5547.0,422.0,True,,,False,9935.0,298.0,True,,,False,,,False,,,False,0185 Lu  71    5547#    422#        *              9935#    298#        *                 *                 *           
2012,rct2,113,72,185,Hf,4889.56,99.55,False,9197.0,312.0,True,4490.04,91.3,False,12107.12,129.1,False,8424.0,216.0,True,,,False, 185 Hf  72    4889.56   99.55   9197#    312#     4490.04   91.30  12107.12  129.10   8424#    216#        *           
2012,rct2,112,73,185,Ta,6626.21,29.6,False,7183.86,42.14,False,-1060.89,31.33,False,12600.47,33.21,False,9519.57,15.49,False,6130.0,196.0,True, 185 Ta  73    6626.21   29.60   7183.86   42.14  -1060.89   31.33  12600.47   33.21   9519.57   15.49   6130#    196#  
2012,rct2,111,74,185,W,5753.71,0.3,False,7837.36,26.0,False,-6701.81,25.85,False,12616.97,1.76,False,7907.36,1.75,False,8308.41,6.32,False, 185 W   74    5753.71    0.30   7837.36   26.00  -6701.81   25.85  12616.97    1.76   7907.36    1.75   8308.41    6.32
2012,rct2,110,75,185,Re,7669.21,4.14,False,5404.03,0.88,False,-11955.8,26.06,False,13255.4,0.92,False,9289.16,0.92,False,8257.04,1.93,False, 185 Re  75    7669.21    4.14   5404.03    0.88 -11955.80   26.06  13255.40    0.92   9289.16    0.92   8257.04    1.93
2012,rct2,109,76,185,Os,6624.52,0.28,False,5874.09,4.16,False,-16634.29,15.59,False,13712.18,8.06,False,7501.93,101.99,False,11084.27,1.02,False, 185 Os  76    6624.52    0.28   5874.09    4.16 -16634.29   15.59  13712.18    8.06   7501.93  101.99  11084.27    1.02
2012,rct2,108,77,185,Ir,8796.02,39.52,False,3367.88,27.98,False,-20577.68,34.76,False,14039.3,57.07,False,9137.58,35.41,False,10758.56,105.74,False, 185 Ir  77    8796.02   39.52   3367.88   27.98 -20577.68   34.76  14039.30   57.07   9137.58   35.41  10758.56  105.74
2012,rct2,107,78,185,Pt,7420.63,30.07,False,4366.26,38.06,False,-25146.93,30.48,False,14225.98,35.53,False,7227.59,33.27,False,13567.34,33.77,False, 185 Pt  78    7420.63   30.07   4366.26   38.06 -25146.93   30.48  14225.98   35.53   7227.59   33.27  13567.34   33.77
2012,rct2,106,79,185,Au,9619.42,34.26,False,1816.95,30.24,False,-29631.0,85.0,True,14616.34,30.31,False,9165.46,29.14,False,12831.27,33.42,False, 185 Au  79    9619.42   34.26   1816.95   30.24 -29631#     85#    14616.34   30.31   9165.46   29.14  12831.27   33.42
2012,rct2,105,80,185,Hg,7898.19,18.51,False,3145.81,27.16,False,,,False,14724.38,18.15,False,6989.27,25.53,False,15639.06,20.32,False, 185 Hg  80    7898.19   18.51   3145.81   27.16      *             14724.38   18.15   6989.27   25.53  15639.06   20.32
2012,rct2,104,81,185,Tl,10955.97,28.82,False,698.16,22.99,False,,,False,14757.46,21.85,False,8682.9,22.88,False,14189.3,28.95,False, 185 Tl  81   10955.97   28.82    698.16   22.99      *             14757.46   21.85   8682.90   22.88  14189.30   28.95
2012,rct2,103,82,185,Pb,8561.0,20.63,False,1956.96,25.79,False,,,False,15756.86,18.67,False,6630.95,61.25,False,17681.91,18.9,False, 185 Pb  82    8561.00   20.63   1956.96   25.79      *             15756.86   18.67   6630.95   61.25  17681.91   18.90
2012,rct2,102,83,185,Bi,11495.0,113.0,True,-1527.0,81.0,True,,,False,16046.0,86.0,True,9454.0,82.0,True,16719.0,100.0,True, 185 Bi  83   11495#    113#    -1527#     81#        *             16046#     86#     9454#     82#    16719#    100#  
2012,rct2,114,72,186,Hf,6175.73,106.55,False,9825.0,303.0,True,6578.17,54.98,False,10699.0,303.0,True,8155.95,106.55,False,,,False,0186 Hf  72    6175.73  106.55   9825#    303#     6578.17   54.98  10699#    303#     8155.95  106.55      *           
2012,rct2,113,73,186,Ta,5284.68,61.66,False,7578.98,109.25,False,564.96,62.25,False,13602.56,71.96,False,9540.36,67.12,False,6752.71,109.25,False, 186 Ta  73    5284.68   61.66   7578.98  109.25    564.96   62.25  13602.56   71.96   9540.36   67.12   6752.71  109.25
2012,rct2,112,74,186,W,7192.18,1.27,False,8403.33,14.2,False,-4646.33,21.8,False,11041.56,26.03,False,7649.36,2.15,False,6421.71,30.08,False, 186 W   74    7192.18    1.27   8403.33   14.20  -4646.33   21.80  11041.56   26.03   7649.36    2.15   6421.71   30.08
2012,rct2,111,75,186,Re,6179.35,0.18,False,5829.67,0.87,False,-10215.8,21.0,False,14487.71,0.9,False,9300.62,0.93,False,9011.87,1.95,False, 186 Re  75    6179.35    0.18   5829.67    0.87 -10215.80   21.00  14487.71    0.90   9300.62    0.93   9011.87    1.95
2012,rct2,110,76,186,Os,8263.85,1.1,False,6468.74,1.01,False,-14463.52,11.75,False,11933.15,4.46,False,7672.89,8.1,False,9011.23,1.24,False, 186 Os  76    8263.85    1.10   6468.74    1.01 -14463.52   11.75  11933.15    4.46   7672.89    8.10   9011.23    1.24
2012,rct2,109,77,186,Ir,6910.53,32.47,False,3653.9,16.58,False,-19288.16,27.8,False,15792.68,16.58,False,9353.33,52.43,False,12282.84,18.38,False, 186 Ir  77    6910.53   32.47   3653.90   16.58 -19288.16   27.80  15792.68   16.58   9353.33   52.43  12282.84   18.38
2012,rct2,108,78,186,Pt,9247.65,33.77,False,4817.89,35.41,False,-23182.57,24.54,False,12457.18,35.41,False,7202.89,32.68,False,11445.97,54.3,False, 186 Pt  78    9247.65   33.77   4817.89   35.41 -23182.57   24.54  12457.18   35.41   7202.89   32.68  11445.97   54.30
2012,rct2,107,79,186,Au,7919.36,33.42,False,2315.68,33.27,False,-28588.46,63.83,False,16334.79,26.02,False,8921.55,26.09,False,14134.86,32.17,False, 186 Au  79    7919.36   33.42   2315.68   33.27 -28588.46   63.83  16334.79   26.02   8921.55   26.09  14134.86   32.17
2012,rct2,106,80,186,Hg,10434.63,19.42,False,3961.02,28.52,False,-32631.14,34.97,False,12490.66,25.14,False,6514.32,14.96,False,12879.89,19.41,False, 186 Hg  80   10434.63   19.42   3961.02   28.52 -32631.14   34.97  12490.66   25.14   6514.32   14.96  12879.89   19.41
2012,rct2,105,81,186,Tl,8200.06,30.45,False,1000.03,27.22,False,,,False,17172.87,24.52,False,8781.97,23.45,False,15948.92,24.24,False, 186 Tl  81    8200.06   30.45   1000.03   27.22      *             17172.87   24.52   8781.97   23.45  15948.92   24.24
2012,rct2,104,82,186,Pb,11212.01,19.76,False,2213.0,23.59,False,,,False,12902.13,23.08,False,6769.42,14.71,False,14769.03,13.38,False, 186 Pb  82   11212.01   19.76   2213.00   23.59      *             12902.13   23.08   6769.42   14.71  14769.03   13.38
2012,rct2,103,83,186,Bi,8962.0,101.0,True,-1125.85,62.42,False,,,False,18635.94,61.63,False,9308.76,66.53,False,19107.27,61.0,False, 186 Bi  83    8962#    101#    -1125.85   62.42      *             18635.94   61.63   9308.76   66.53  19107.27   61.00
2012,rct2,102,84,186,Po,,,False,961.0,88.0,True,,,False,13615.66,84.78,False,,,False,17309.77,43.35,False, 186 Po  84       *               961#     88#        *             13615.66   84.78      *             17309.77   43.35
2012,rct2,115,72,187,Hf,4464.0,303.0,True,,,False,8404.0,298.0,True,11782.0,422.0,True,8460.0,422.0,True,,,False,0187 Hf  72    4464#    303#        *              8404#    298#    11782#    422#     8460#    422#        *           
2012,rct2,114,73,187,Ta,6361.72,89.31,False,7764.96,85.99,False,2649.17,71.8,False,12130.4,112.73,False,9465.41,77.14,False,5158.0,305.0,True, 187 Ta  73    6361.72   89.31   7764.96   85.99   2649.17   71.80  12130.40  112.73   9465.41   77.14   5158#    305#  
2012,rct2,113,74,187,W,5466.79,0.05,False,8585.45,60.0,False,-3221.23,24.1,False,12200.97,14.2,False,7799.33,26.03,False,7241.68,39.72,False, 187 W   74    5466.79    0.05   8585.45   60.00  -3221.23   24.10  12200.97   14.20   7799.33   26.03   7241.68   39.72
2012,rct2,112,75,187,Re,7359.21,1.07,False,5996.71,1.19,False,-8190.71,22.36,False,12882.21,1.23,False,9353.07,1.23,False,7269.42,26.03,False, 187 Re  75    7359.21    1.07   5996.71    1.19  -8190.71   22.36  12882.21    1.23   9353.07    1.23   7269.42   26.03
2012,rct2,111,76,187,Os,6289.95,0.6,False,6579.33,1.07,False,-13103.33,13.99,False,13312.41,1.07,False,7867.76,4.53,False,10132.95,1.23,False, 187 Os  76    6289.95    0.60   6579.33    1.07 -13103.33   13.99  13312.41    1.07   7867.76    4.53  10132.95    1.23
2012,rct2,110,77,187,Ir,8445.92,32.47,False,3835.96,27.98,False,-17106.28,29.11,False,13971.28,27.98,False,9571.33,27.98,False,10321.75,28.28,False, 187 Ir  77    8445.92   32.47   3835.96   27.98 -17106.28   29.11  13971.28   27.98   9571.33   27.98  10321.75   28.28
2012,rct2,109,78,187,Pt,6891.89,32.42,False,4799.25,29.18,False,-21698.15,24.58,False,14361.31,36.87,False,7789.86,36.87,False,13217.99,24.09,False, 187 Pt  78    6891.89   32.42   4799.25   29.18 -21698.15   24.58  14361.31   36.87   7789.86   36.87  13217.99   24.09
2012,rct2,108,79,187,Au,9384.3,30.61,False,2452.33,31.15,False,-26644.48,24.45,False,14371.11,34.13,False,9175.05,27.11,False,12229.41,35.76,False, 187 Au  79    9384.30   30.61   2452.33   31.15 -26644.48   24.45  14371.11   34.13   9175.05   27.11  12229.41   35.76
2012,rct2,107,80,187,Hg,7650.14,18.12,False,3691.8,25.16,False,-30950.4,34.78,False,14459.94,29.51,False,7065.09,26.26,False,14867.55,20.74,False, 187 Hg  80    7650.14   18.12   3691.80   25.16 -30950.40   34.78  14459.94   29.51   7065.09   26.26  14867.55   20.74
2012,rct2,106,81,187,Tl,10627.8,23.8,False,1193.2,14.23,False,,,False,14443.27,17.55,False,8769.64,12.96,False,13522.02,23.72,False, 187 Tl  81   10627.80   23.80   1193.20   14.23      *             14443.27   17.55   8769.64   12.96  13522.02   23.72
2012,rct2,105,82,187,Pb,8376.32,12.45,False,2389.26,22.93,False,,,False,15481.77,21.29,False,6750.37,20.72,False,17008.18,11.27,False, 187 Pb  82    8376.32   12.45   2389.26   22.93      *             15481.77   21.29   6750.37   20.72  17008.18   11.27
2012,rct2,104,83,187,Bi,11328.28,61.11,False,-1009.57,15.14,False,,,False,15868.66,19.02,False,9532.22,16.25,False,16136.27,22.44,False, 187 Bi  83   11328.28   61.11  -1009.57   15.14      *             15868.66   19.02   9532.22   16.25  16136.27   22.44
2012,rct2,103,84,187,Po,9330.87,45.87,False,1329.86,68.2,False,,,False,15779.0,87.0,True,6509.35,84.36,False,19530.65,34.36,False, 187 Po  84    9330.87   45.87   1329.86   68.20      *             15779#     87#     6509.35   84.36  19530.65   34.36
2012,rct2,116,72,188,Hf,6134.0,422.0,True,,,False,10260.0,298.0,True,,,False,7873.0,422.0,True,,,False,0188 Hf  72    6134#    422#        *             10260#    298#        *              7873#    422#        *           
2012,rct2,115,73,188,Ta,4783.14,93.53,False,8084.0,305.0,True,4739.35,66.82,False,13522.99,85.99,False,9571.83,112.73,False,5922.0,305.0,True, 188 Ta  73    4783.14   93.53   8084#    305#     4739.35   66.82  13522.99   85.99   9571.83  112.73   5922#    305#  
2012,rct2,114,74,188,W,6834.91,3.23,False,9058.64,66.22,False,-840.87,6.32,False,10650.73,60.09,False,7590.62,14.51,False,5296.33,91.35,False, 188 W   74    6834.91    3.23   9058.64   66.22   -840.87    6.32  10650.73   60.09   7590.62   14.51   5296.33   91.35
2012,rct2,113,75,188,Re,5871.65,0.04,False,6401.56,1.19,False,-6742.04,15.46,False,14202.73,1.19,False,9235.12,1.23,False,8023.97,14.2,False, 188 Re  75    5871.65    0.04   6401.56    1.19  -6742.04   15.46  14202.73    1.19   9235.12    1.23   8023.97   14.20
2012,rct2,112,76,188,Os,7989.58,0.15,False,7209.7,0.15,False,-10928.02,11.38,False,11502.18,1.08,False,7547.4,1.08,False,7897.08,1.23,False, 188 Os  76    7989.58    0.15   7209.70    0.15 -10928.02   11.38  11502.18    1.08   7547.40    1.08   7897.08    1.23
2012,rct2,111,77,188,Ir,6873.33,29.54,False,4419.34,9.5,False,-16014.98,31.4,False,15361.8,9.5,False,9322.52,9.49,False,11117.63,9.49,False, 188 Ir  77    6873.33   29.54   4419.34    9.50 -16014.98   31.40  15361.80    9.50   9322.52    9.49  11117.63    9.49
2012,rct2,110,78,188,Pt,9215.27,24.7,False,5568.6,28.51,False,-20014.01,12.03,False,12056.57,17.46,False,7370.6,28.51,False,10627.24,5.51,False, 188 Pt  78    9215.27   24.70   5568.60   28.51 -20014.01   12.03  12056.57   17.46   7370.60   28.51  10627.24    5.51
2012,rct2,109,79,188,Au,7320.31,27.1,False,2880.75,28.55,False,-25092.17,25.79,False,16298.45,26.64,False,9275.36,30.07,False,13705.12,31.9,False, 188 Au  79    7320.31   27.10   2880.75   28.55 -25092.17   25.79  16298.45   26.64   9275.36   30.07  13705.12   31.90
2012,rct2,108,80,188,Hg,10164.89,17.89,False,4472.38,25.0,False,-29666.86,22.93,False,12214.41,23.81,False,6519.62,28.37,False,12123.29,28.19,False, 188 Hg  80   10164.89   17.89   4472.38   25.00 -29666.86   22.93  12214.41   23.81   6519.62   28.37  12123.29   28.19
2012,rct2,107,81,188,Tl,7964.63,31.0,False,1507.69,32.98,False,,,False,16913.27,32.09,False,8703.21,33.7,False,15176.81,39.64,False, 188 Tl  81    7964.63   31.00   1507.69   32.98      *             16913.27   32.09   8703.21   33.70  15176.81   39.64
2012,rct2,106,82,188,Pb,10899.41,11.78,False,2660.87,13.4,False,,,False,12782.42,24.75,False,6806.93,23.24,False,14006.96,18.82,False, 188 Pb  82   10899.41   11.78   2660.87   13.40      *             12782.42   24.75   6806.93   23.24  14006.96   18.82
2012,rct2,105,83,188,Bi,8872.63,22.98,False,-513.27,21.31,False,,,False,18208.04,23.61,False,9220.6,26.26,False,18219.61,29.25,False, 188 Bi  83    8872.63   22.98   -513.27   21.31      *             18208.04   23.61   9220.60   26.26  18219.61   29.25
2012,rct2,104,84,188,Po,11448.43,37.62,False,1450.01,22.34,False,,,False,13292.8,63.51,False,6555.0,83.0,True,16643.22,25.7,False, 188 Po  84   11448.43   37.62   1450.01   22.34      *             13292.80   63.51   6555#     83#    16643.22   25.70
2012,rct2,117,72,189,Hf,4355.0,422.0,True,,,False,11826.0,298.0,True,,,False,,,False,,,False,0189 Hf  72    4355#    422#        *             11826#    298#        *                 *                 *           
2012,rct2,116,73,189,Ta,6288.0,305.0,True,8239.0,422.0,True,6628.0,298.0,True,11698.0,422.0,True,9459.0,303.0,True,,,False, 189 Ta  73    6288#    305#     8239#    422#     6628#    298#    11698#    422#     9459#    303#        *           
2012,rct2,115,74,189,W,5018.98,41.12,False,9294.48,77.81,False,867.89,42.5,False,11993.47,77.81,False,7856.32,72.68,False,6453.08,68.56,False, 189 W   74    5018.98   41.12   9294.48   77.81    867.89   42.50  11993.47   77.81   7856.32   72.68   6453.08   68.56
2012,rct2,114,75,189,Re,7033.16,8.18,False,6599.81,8.72,False,-4398.76,21.74,False,12636.37,8.27,False,9394.14,8.27,False,6275.49,60.57,False, 189 Re  75    7033.16    8.18   6599.81    8.72  -4398.76   21.74  12636.37    8.27   9394.14    8.27   6275.49   60.57
2012,rct2,113,76,189,Os,5920.51,0.5,False,7258.56,0.52,False,-9362.23,31.59,False,12940.89,0.52,False,7806.24,1.18,False,9168.74,1.29,False, 189 Os  76    5920.51    0.50   7258.56    0.52  -9362.23   31.59  12940.89    0.52   7806.24    1.18   9168.74    1.29
2012,rct2,112,77,189,Ir,8176.64,15.72,False,4606.4,12.7,False,-13854.52,16.79,False,13475.11,12.7,False,9409.73,12.71,False,9120.35,12.74,False, 189 Ir  77    8176.64   15.72   4606.40   12.70 -13854.52   16.79  13475.11   12.70   9409.73   12.71   9120.35   12.74
2012,rct2,111,78,189,Pt,6727.74,11.82,False,5423.01,14.25,False,-18607.26,36.25,False,13774.75,30.12,False,7553.4,19.98,False,12163.36,11.16,False, 189 Pt  78    6727.74   11.82   5423.01   14.25 -18607.26   36.25  13774.75   30.12   7553.40   19.98  12163.36   11.16
2012,rct2,110,79,189,Au,9376.44,25.3,False,3041.92,20.86,False,-23517.15,28.95,False,13813.9,31.33,False,9146.57,29.6,False,11239.22,26.01,False, 189 Au  79    9376.44   25.30   3041.92   20.86 -23517.15   28.95  13813.90   31.33   9146.57   29.60  11239.22   26.01
2012,rct2,109,80,189,Hg,7486.3,33.5,False,4638.37,35.1,False,-28204.24,38.5,False,14112.41,38.64,False,6952.67,37.88,False,13884.64,38.32,False, 189 Hg  80    7486.30   33.50   4638.37   35.10 -28204.24   38.50  14112.41   38.64   6952.67   37.88  13884.64   38.32
2012,rct2,108,81,189,Tl,10337.1,31.83,False,1679.9,15.68,False,,,False,14226.3,17.66,False,8800.73,15.95,False,12759.07,23.63,False, 189 Tl  81   10337.10   31.83   1679.90   15.68      *             14226.30   17.66   8800.73   15.95  12759.07   23.63
2012,rct2,107,82,189,Pb,8134.49,36.07,False,2830.73,45.63,False,,,False,15275.73,35.42,False,6872.5,41.08,False,16307.1,36.38,False, 189 Pb  82    8134.49   36.07   2830.73   45.63      *             15275.73   35.42   6872.50   41.08  16307.10   36.38
2012,rct2,106,83,189,Bi,10951.46,29.38,False,-461.22,23.4,False,,,False,15632.9,21.46,False,9481.15,23.75,False,15468.21,30.57,False, 189 Bi  83   10951.46   29.38   -461.22   23.40      *             15632.90   21.46   9481.15   23.75  15468.21   30.57
2012,rct2,105,84,189,Po,8948.92,29.76,False,1526.3,30.25,False,,,False,15672.17,24.22,False,6568.45,64.2,False,18906.31,24.81,False, 189 Po  84    8948.92   29.76   1526.30   30.25      *             15672.17   24.22   6568.45   64.20  18906.31   24.81
2012,rct2,117,73,190,Ta,4755.0,357.0,True,8640.0,357.0,True,8243.0,196.0,True,13077.0,357.0,True,9168.0,357.0,True,,,False,0190 Ta  73    4755#    357#     8640#    357#     8243#    196#    13077#    357#     9168#    357#        *           
2012,rct2,116,74,190,W,6834.68,56.49,False,9841.0,301.0,True,2944.34,39.31,False,9941.94,76.72,False,7383.36,76.72,False,4082.0,301.0,True, 190 W   74    6834.68   56.49   9841#    301#     2944.34   39.31   9941.94   76.72   7383.36   76.72   4082#    301#  
2012,rct2,115,75,190,Re,5725.59,71.02,False,7306.43,81.58,False,-2751.75,72.35,False,13745.69,70.61,False,9135.35,70.55,False,6911.61,96.7,False, 190 Re  75    5725.59   71.02   7306.43   81.58  -2751.75   72.35  13745.69   70.61   9135.35   70.55   6911.61   96.70
2012,rct2,114,76,190,Os,7792.3,0.19,False,8017.69,8.16,False,-7339.27,15.99,False,11020.24,0.55,False,7373.16,0.55,False,6843.24,1.31,False, 190 Os  76    7792.30    0.19   8017.69    8.16  -7339.27   15.99  11020.24    0.55   7373.16    0.55   6843.24    1.31
2012,rct2,113,77,190,Ir,6370.23,12.66,False,5056.13,1.24,False,-12376.0,50.0,True,15094.46,1.33,False,9329.44,1.33,False,10109.32,1.33,False, 190 Ir  77    6370.23   12.66   5056.13    1.24 -12376#     50#    15094.46    1.33   9329.44    1.33  10109.32    1.33
2012,rct2,112,78,190,Pt,8911.13,10.11,False,6157.5,13.14,False,-16908.75,13.81,False,11736.95,10.44,False,7088.19,28.55,False,9542.17,5.69,False, 190 Pt  78    8911.13   10.11   6157.50   13.14 -16908.75   13.81  11736.95   10.44   7088.19   28.55   9542.17    5.69
2012,rct2,111,79,190,Au,7372.6,25.74,False,3686.78,18.09,False,-22284.29,27.77,False,15656.57,16.43,False,8665.87,28.94,False,12312.54,32.25,False, 190 Au  79    7372.60   25.74   3686.78   18.09 -22284.29   27.77  15656.57   16.43   8665.87   28.94  12312.54   32.25
2012,rct2,110,80,190,Hg,9815.25,35.33,False,5077.19,25.62,False,-26806.38,20.81,False,11617.47,22.12,False,6521.72,27.4,False,10961.28,28.84,False, 190 Hg  80    9815.25   35.33   5077.19   25.62 -26806.38   20.81  11617.47   22.12   6521.72   27.40  10961.28   28.84
2012,rct2,109,81,190,Tl,7848.0,52.0,True,2042.0,59.0,True,,,False,16543.0,52.0,True,8602.0,52.0,True,14295.0,55.0,True, 190 Tl  81    7848#     52#     2042#     59#        *             16543#     52#     8602#     52#    14295#     55#  
2012,rct2,108,82,190,Pb,10609.64,36.67,False,3103.28,16.59,False,,,False,12630.72,32.42,False,6890.66,14.94,False,13347.59,18.69,False, 190 Pb  82   10609.64   36.67   3103.28   16.59      *             12630.72   32.42   6890.66   14.94  13347.59   18.69
2012,rct2,107,83,190,Bi,8605.46,30.77,False,9.75,41.23,False,,,False,17926.85,25.0,False,9252.01,23.2,False,17490.55,24.06,False, 190 Bi  83    8605.46   30.77      9.75   41.23      *             17926.85   25.00   9252.01   23.20  17490.55   24.06
2012,rct2,106,84,190,Po,11213.12,25.84,False,1787.95,24.82,False,,,False,13331.68,24.69,False,6683.62,16.78,False,16069.52,14.39,False, 190 Po  84   11213.12   25.84   1787.95   24.82      *             13331.68   24.69   6683.62   16.78  16069.52   14.39
2012,rct2,118,73,191,Ta,6050.0,357.0,True,,,False,10219.0,298.0,True,11381.0,422.0,True,9251.0,422.0,True,,,False,0191 Ta  73    6050#    357#        *             10219#    298#    11381#    422#     9251#    422#        *           
2012,rct2,117,74,191,W,4866.6,59.25,False,9952.0,201.0,True,4525.28,44.99,False,11364.0,301.0,True,7299.91,79.83,False,5349.0,301.0,True, 191 W   74    4866.60   59.25   9952#    201#     4525.28   44.99  11364#    301#     7299.91   79.83   5349#    301#  
2012,rct2,116,75,191,Re,6788.38,71.29,False,7260.13,40.23,False,-540.92,38.41,False,11976.29,42.28,False,9181.88,10.69,False,4906.38,66.94,False, 191 Re  75    6788.38   71.29   7260.13   40.23   -540.92   38.41  11976.29   42.28   9181.88   10.69   4906.38   66.94
2012,rct2,115,76,191,Os,5758.74,0.11,False,8050.84,70.55,False,-5803.95,22.63,False,12294.66,8.17,False,7486.07,0.56,False,7919.42,3.05,False, 191 Os  76    5758.74    0.11   8050.84   70.55  -5803.95   22.63  12294.66    8.17   7486.07    0.56   7919.42    3.05
2012,rct2,114,77,191,Ir,8026.53,0.4,False,5290.37,1.16,False,-10427.99,7.6,False,12988.43,1.17,False,9292.49,1.26,False,7954.44,1.27,False, 191 Ir  77    8026.53    0.40   5290.37    1.16 -10427.99    7.60  12988.43    1.17   9292.49    1.26   7954.44    1.27
2012,rct2,113,78,191,Pt,6447.53,6.47,False,6234.8,3.94,False,-15465.68,38.51,False,13466.06,13.18,False,7513.99,10.39,False,11084.22,4.38,False, 191 Pt  78    6447.53    6.47   6234.80    3.94 -15465.68   38.51  13466.06   13.18   7513.99   10.39  11084.22    4.38
2012,rct2,112,79,191,Au,8999.22,40.28,False,3774.87,37.39,False,-20571.4,37.8,False,13385.09,38.6,False,8881.92,37.42,False,10186.65,38.21,False, 191 Au  79    8999.22   40.28   3774.87   37.39 -20571.40   37.80  13385.09   38.60   8881.92   37.42  10186.65   38.21
2012,rct2,111,80,191,Hg,7294.06,27.6,False,4998.64,27.72,False,-25524.15,23.68,False,13699.85,30.23,False,6547.98,27.33,False,12882.5,23.27,False, 191 Hg  80    7294.06   27.60   4998.64   27.72 -25524.15   23.68  13699.85   30.23   6547.98   27.33  12882.50   23.27
2012,rct2,110,81,191,Tl,9975.0,51.0,True,2201.65,17.53,False,-30146.6,17.7,False,14054.19,32.4,False,8792.46,13.46,False,11640.39,17.06,False, 191 Tl  81    9975#     51#     2201.65   17.53 -30146.60   17.70  14054.19   32.40   8792.46   13.46  11640.39   17.06
2012,rct2,109,82,191,Pb,7890.61,40.19,False,3145.0,63.0,True,,,False,15077.21,39.71,False,6964.68,48.51,False,15621.88,39.82,False, 191 Pb  82    7890.61   40.19   3145#     63#        *             15077.21   39.71   6964.68   48.51  15621.88   39.82
2012,rct2,108,83,191,Bi,10712.11,23.84,False,112.22,14.58,False,,,False,15349.23,35.27,False,9439.31,13.0,False,14743.06,30.83,False, 191 Bi  83   10712.11   23.84    112.22   14.58      *             15349.23   35.27   9439.31   13.00  14743.06   30.83
2012,rct2,107,84,191,Po,8576.29,15.22,False,1758.78,23.72,False,,,False,15706.85,22.03,False,6979.96,21.88,False,18392.64,12.77,False, 191 Po  84    8576.29   15.22   1758.78   23.72      *             15706.85   22.03   6979.96   21.88  18392.64   12.77
2012,rct2,106,85,191,At,,,False,-1138.57,20.99,False,,,False,15996.55,27.31,False,9272.2,25.66,False,16694.82,26.22,False, 191 At  85       *             -1138.57   20.99      *             15996.55   27.31   9272.20   25.66  16694.82   26.22
2012,rct2,119,73,192,Ta,4737.0,499.0,True,,,False,11681.0,401.0,True,,,False,8869.0,499.0,True,,,False,0192 Ta  73    4737#    499#        *             11681#    401#        *              8869#    499#        *           
2012,rct2,118,74,192,W,6545.0,201.0,True,10447.0,357.0,True,6643.0,196.0,True,9574.0,277.0,True,7044.0,357.0,True,3159.0,357.0,True, 192 W   74    6545#    201#    10447#    357#     6643#    196#     9574#    277#     7044#    357#     3159#    357#  
2012,rct2,117,75,192,Re,5308.09,77.08,False,7701.62,88.51,False,1187.01,78.02,False,13502.88,85.71,False,8892.77,86.68,False,5887.0,308.0,True, 192 Re  75    5308.09   77.08   7701.62   88.51   1187.01   78.02  13502.88   85.71   8892.77   86.68   5887#    308#  
2012,rct2,116,76,192,Os,7558.4,2.22,False,8820.86,10.0,False,-3872.88,15.78,False,10461.85,70.59,False,6960.83,8.46,False,5379.99,41.08,False, 192 Os  76    7558.40    2.22   8820.86   10.00  -3872.88   15.78  10461.85   70.59   6960.83    8.46   5379.99   41.08
2012,rct2,115,77,192,Ir,6198.13,0.11,False,5729.76,1.16,False,-8965.4,31.73,False,14582.6,1.16,False,9014.87,1.17,False,8789.47,8.25,False, 192 Ir  77    6198.13    0.11   5729.76    1.16  -8965.40   31.73  14582.60    1.16   9014.87    1.17   8789.47    8.25
2012,rct2,114,78,192,Pt,8662.04,3.17,False,6870.31,2.35,False,-13726.74,12.74,False,11174.25,2.38,False,7028.58,12.79,False,8342.69,2.6,False, 192 Pt  78    8662.04    3.17   6870.31    2.35 -13726.74   12.74  11174.25    2.38   7028.58   12.79   8342.69    2.60
2012,rct2,113,79,192,Au,7036.01,40.16,False,4363.35,15.94,False,-19240.35,34.24,False,15260.21,16.57,False,8573.65,19.17,False,11327.27,20.18,False, 192 Au  79    7036.01   40.16   4363.35   15.94 -19240.35   34.24  15260.21   16.57   8573.65   19.17  11327.27   20.18
2012,rct2,112,80,192,Hg,9489.48,27.39,False,5488.9,40.18,False,-23940.54,19.07,False,11582.97,22.37,False,6434.94,25.39,False,10120.76,19.17,False, 192 Hg  80    9489.48   27.39   5488.90   40.18 -23940.54   19.07  11582.97   22.37   6434.94   25.39  10120.76   19.17
2012,rct2,111,81,192,Tl,7660.71,32.51,False,2568.31,38.9,False,-28808.04,45.64,False,16208.73,35.44,False,8618.04,44.71,False,13356.11,37.5,False, 192 Tl  81    7660.71   32.51   2568.31   38.90 -28808.04   45.64  16208.73   35.44   8618.04   44.71  13356.11   37.50
2012,rct2,110,82,192,Pb,10400.98,40.15,False,3571.56,14.4,False,,,False,12525.0,52.0,True,6900.8,16.49,False,12707.2,33.89,False, 192 Pb  82   10400.98   40.15   3571.56   14.40      *             12525#     52#     6900.80   16.49  12707.20   33.89
2012,rct2,109,83,192,Bi,8367.06,31.23,False,588.68,48.76,False,,,False,17591.81,32.8,False,9206.73,45.9,False,16713.1,32.22,False, 192 Bi  83    8367.06   31.23    588.68   48.76      *             17591.81   32.80   9206.73   45.90  16713.10   32.22
2012,rct2,108,84,192,Po,11073.09,13.18,False,2119.77,13.4,False,,,False,13239.22,25.21,False,6858.33,23.63,False,15454.03,36.21,False, 192 Po  84   11073.09   13.18   2119.77   13.40      *             13239.22   25.21   6858.33   23.63  15454.03   36.21
2012,rct2,107,85,192,At,8999.27,36.6,False,-715.59,33.62,False,,,False,18210.39,35.52,False,9221.84,39.58,False,18647.0,38.92,False, 192 At  85    8999.27   36.60   -715.59   33.62      *             18210.39   35.52   9221.84   39.58  18647.00   38.92
2012,rct2,119,74,193,W,4709.0,277.0,True,10419.0,446.0,True,8195.0,196.0,True,10916.0,357.0,True,7090.0,277.0,True,,,False,0193 W   74    4709#    277#    10419#    446#     8195#    196#    10916#    357#     7090#    277#        *           
2012,rct2,118,75,193,Re,6717.86,85.4,False,7875.0,199.0,True,3170.57,39.17,False,11651.62,58.8,False,9009.59,54.5,False,3924.0,199.0,True, 193 Re  75    6717.86   85.40   7875#    199#     3170.57   39.17  11651.62   58.80   9009.59   54.50   3924#    199#  
2012,rct2,117,76,193,Os,5583.42,0.2,False,9096.19,76.43,False,-2333.2,15.74,False,11666.82,10.0,False,7103.0,70.59,False,6631.25,38.97,False, 193 Os  76    5583.42    0.20   9096.19   76.43  -2333.20   15.74  11666.82   10.00   7103.00   70.59   6631.25   38.97
2012,rct2,116,77,193,Ir,7771.99,0.2,False,5943.34,2.4,False,-7061.11,6.98,False,12569.35,1.17,False,9035.18,1.18,False,6743.07,70.56,False, 193 Ir  77    7771.99    0.20   5943.34    2.40  -7061.11    6.98  12569.35    1.17   9035.18    1.18   6743.07   70.56
2012,rct2,115,78,193,Pt,6260.83,2.37,False,6933.02,0.36,False,-12287.2,49.62,False,12939.95,0.38,False,7137.99,0.55,False,9874.15,1.21,False, 193 Pt  78    6260.83    2.37   6933.02    0.36 -12287.20   49.62  12939.95    0.38   7137.99    0.55   9874.15    1.21
2012,rct2,114,79,193,Au,8701.41,18.11,False,4402.73,9.18,False,-17533.1,12.96,False,13006.33,10.02,False,8783.36,10.45,False,8996.09,8.89,False, 193 Au  79    8701.41   18.11   4402.73    9.18 -17533.10   12.96  13006.33   10.02   8783.36   10.45   8996.09    8.89
2012,rct2,113,80,193,Hg,7123.1,21.94,False,5575.99,22.21,False,-22703.32,37.97,False,13459.1,40.17,False,6684.44,22.35,False,11908.79,16.57,False, 193 Hg  80    7123.10   21.94   5575.99   22.21 -22703.32   37.97  13459.10   40.17   6684.44   22.35  11908.79   16.57
2012,rct2,112,81,193,Tl,9676.28,32.37,False,2755.11,16.93,False,-27409.6,22.65,False,13826.5,23.57,False,8757.01,17.27,False,11052.43,17.44,False, 193 Tl  81    9676.28   32.37   2755.11   16.93 -27409.60   22.65  13826.50   23.57   8757.01   17.27  11052.43   17.44
2012,rct2,111,82,193,Pb,7700.37,51.1,False,3611.21,58.83,False,-31237.41,55.57,False,14799.17,50.12,False,7049.0,71.0,True,14822.08,52.07,False, 193 Pb  82    7700.37   51.10   3611.21   58.83 -31237.41   55.57  14799.17   50.12   7049#     71#    14822.08   52.07
2012,rct2,110,83,193,Bi,10408.66,31.81,False,596.37,15.68,False,,,False,15073.75,39.38,False,9407.71,15.79,False,14153.0,51.0,True, 193 Bi  83   10408.66   31.81    596.37   15.68      *             15073.75   39.38   9407.71   15.79  14153#     51#  
2012,rct2,109,84,193,Po,8360.31,36.4,False,2113.01,46.05,False,,,False,15591.02,35.46,False,7103.48,41.4,False,17703.36,36.85,False, 193 Po  84    8360.31   36.40   2113.01   46.05      *             15591.02   35.46   7103.48   41.40  17703.36   36.85
2012,rct2,108,85,193,At,11074.72,39.35,False,-713.95,24.32,False,,,False,15711.96,22.77,False,9360.24,25.48,False,16177.74,31.31,False, 193 At  85   11074.72   39.35   -713.95   24.32      *             15711.96   22.77   9360.24   25.48  16177.74   31.31
2012,rct2,107,86,193,Rn,,,False,1181.84,41.36,False,,,False,15889.98,29.83,False,,,False,19253.12,28.49,False, 193 Rn  86       *              1181.84   41.36      *             15889.98   29.83      *             19253.12   28.49
2012,rct2,120,74,194,W,6311.0,357.0,True,,,False,10236.0,298.0,True,9342.0,499.0,True,6830.0,422.0,True,,,False,0194 W   74    6311#    357#        *             10236#    298#     9342#    499#     6830#    422#        *           
2012,rct2,119,75,194,Re,5073.0,199.0,True,8239.0,277.0,True,4976.0,196.0,True,13123.0,277.0,True,8803.0,201.0,True,4901.0,357.0,True, 194 Re  75    5073#    199#     8239#    277#     4976#    196#    13123#    277#     8803#    201#     4901#    357#  
2012,rct2,118,76,194,Os,7112.46,3.13,False,9490.8,38.29,False,-253.25,4.01,False,9862.44,76.43,False,6778.92,10.48,False,4385.38,44.8,False, 194 Os  76    7112.46    3.13   9490.80   38.29   -253.25    4.01   9862.44   76.43   6778.92   10.48   4385.38   44.80
2012,rct2,117,77,194,Ir,6066.79,0.11,False,6426.72,2.41,False,-5596.3,14.11,False,14060.96,2.4,False,8727.12,1.18,False,7464.66,10.28,False, 194 Ir  77    6066.79    0.11   6426.72    2.41  -5596.30   14.11  14060.96    2.40   8727.12    1.18   7464.66   10.28
2012,rct2,116,78,194,Pt,8352.19,2.11,False,7513.22,2.09,False,-10555.13,17.46,False,10785.89,2.09,False,6812.33,2.08,False,7280.7,1.8,False, 194 Pt  78    8352.19    2.11   7513.22    2.09 -10555.13   17.46  10785.89    2.09   6812.33    2.08   7280.70    1.80
2012,rct2,115,79,194,Au,6878.54,8.9,False,5020.43,2.88,False,-16177.0,51.0,True,14789.83,3.67,False,8352.35,5.44,False,10144.08,2.86,False, 194 Au  79    6878.54    8.90   5020.43    2.88 -16177#     51#    14789.83    3.67   8352.35    5.44  10144.08    2.86
2012,rct2,114,80,194,Hg,9192.41,15.77,False,6066.99,9.15,False,-21179.37,13.23,False,11302.69,16.16,False,6491.25,37.17,False,9163.91,5.74,False, 194 Hg  80    9192.41   15.77   6066.99    9.15 -21179.37   13.23  11302.69   16.16   6491.25   37.17   9163.91    5.74
2012,rct2,113,81,194,Tl,7531.6,15.5,False,3163.61,20.87,False,-26225.96,30.54,False,15784.38,20.9,False,8519.47,26.56,False,12520.05,39.6,False, 194 Tl  81    7531.60   15.50   3163.61   20.87 -26225.96   30.54  15784.38   20.90   8519.47   26.56  12520.05   39.60
2012,rct2,112,82,194,Pb,10084.26,52.56,False,4019.19,18.69,False,-29930.89,24.26,False,12375.62,36.16,False,6939.47,18.93,False,12031.88,28.51,False, 194 Pb  82   10084.26   52.56   4019.19   18.69 -29930.89   24.26  12375.62   36.16   6939.47   18.93  12031.88   28.51
2012,rct2,111,83,194,Bi,8235.0,52.0,True,1131.0,71.0,True,,,False,17240.0,52.0,True,9064.0,63.0,True,15893.0,51.0,True, 194 Bi  83    8235#     52#     1131#     71#        *             17240#     52#     9064#     63#    15893#     51#  
2012,rct2,110,84,194,Po,10716.37,36.99,False,2420.71,16.1,False,,,False,13241.72,32.95,False,7099.22,14.93,False,14877.6,40.32,False, 194 Po  84   10716.37   36.99   2420.71   16.10      *             13241.72   32.95   7099.22   14.93  14877.60   40.32
2012,rct2,109,85,194,At,8715.24,34.72,False,-359.02,44.03,False,,,False,18069.81,29.34,False,9221.28,28.07,False,18174.61,28.17,False, 194 At  85    8715.24   34.72   -359.02   44.03      *             18069.81   29.34   9221.28   28.07  18174.61   28.17
2012,rct2,108,86,194,Rn,11390.78,30.27,False,1497.9,27.45,False,,,False,13498.47,36.96,False,6723.76,23.34,False,16438.62,18.33,False, 194 Rn  86   11390.78   30.27   1497.90   27.45      *             13498.47   36.96   6723.76   23.34  16438.62   18.33
2012,rct2,120,75,195,Re,6413.0,357.0,True,8342.0,422.0,True,6991.0,298.0,True,11419.0,357.0,True,8935.0,357.0,True,3225.0,499.0,True,0195 Re  75    6413#    357#     8342#    422#     6991#    298#    11419#    357#     8935#    357#     3225#    499#  
2012,rct2,119,76,195,Os,5145.72,60.61,False,9564.0,205.0,True,1488.02,64.82,False,11434.58,71.59,False,6941.29,97.47,False,5784.0,205.0,True, 195 Os  76    5145.72   60.61   9564#    205#     1488.02   64.82  11434.58   71.59   6941.29   97.47   5784#    205#  
2012,rct2,118,77,195,Ir,7231.86,0.06,False,6546.11,2.0,False,-3539.25,11.26,False,12412.52,2.41,False,9053.67,2.4,False,5540.89,76.41,False, 195 Ir  77    7231.86    0.06   6546.11    2.00  -3539.25   11.26  12412.52    2.41   9053.67    2.40   5540.89   76.41
2012,rct2,117,78,195,Pt,6105.06,0.12,False,7551.48,2.09,False,-9083.19,23.39,False,12452.82,2.09,False,6905.4,2.08,False,8734.04,2.85,False, 195 Pt  78    6105.06    0.12   7551.48    2.09  -9083.19   23.39  12452.82    2.09   6905.40    2.08   8734.04    2.85
2012,rct2,116,79,195,Au,8427.64,2.37,False,5095.88,1.01,False,-14543.93,5.46,False,12623.02,2.33,False,8586.75,3.27,False,7914.57,2.31,False, 195 Au  79    8427.64    2.37   5095.88    1.01 -14543.93    5.46  12623.02    2.33   8586.75    3.27   7914.57    2.31
2012,rct2,115,80,195,Hg,6886.99,23.32,False,6075.43,23.24,False,-19938.62,44.74,False,13117.12,24.71,False,6640.27,28.08,False,10938.96,23.34,False, 195 Hg  80    6886.99   23.32   6075.43   23.24 -19938.62   44.74  13117.12   24.71   6640.27   28.08  10938.96   23.34
2012,rct2,114,81,195,Tl,9288.91,17.84,False,3260.11,11.46,False,-24679.26,14.35,False,13618.57,19.06,False,8720.04,19.08,False,10267.15,19.39,False, 195 Tl  81    9288.91   17.84   3260.11   11.46 -24679.26   14.35  13618.57   19.06   8720.04   19.08  10267.15   19.39
2012,rct2,113,82,195,Pb,7577.0,29.16,False,4064.6,27.23,False,-28763.37,55.65,False,14474.9,24.31,False,7023.19,39.36,False,13944.35,28.06,False, 195 Pb  82    7577.00   29.16   4064.60   27.23 -28763.37   55.65  14474.90   24.31   7023.19   39.36  13944.35   28.06
2012,rct2,112,83,195,Bi,10061.0,51.0,True,1107.08,18.22,False,,,False,14879.75,49.86,False,9403.95,13.46,False,13493.1,32.11,False, 195 Bi  83   10061#     51#     1107.08   18.22      *             14879.75   49.86   9403.95   13.46  13493.10   32.11
2012,rct2,111,84,195,Po,8127.74,40.41,False,2314.0,64.0,True,,,False,15522.64,39.48,False,7338.54,48.84,False,17150.84,40.25,False, 195 Po  84    8127.74   40.41   2314#     64#        *             15522.64   39.48   7338.54   48.84  17150.84   40.25
2012,rct2,110,85,195,At,10835.61,28.64,False,-239.78,15.8,False,,,False,15594.51,35.83,False,9458.76,14.37,False,15706.06,31.66,False, 195 At  85   10835.61   28.64   -239.78   15.80      *             15594.51   35.83   9458.76   14.37  15706.06   31.66
2012,rct2,109,86,195,Rn,8744.52,53.25,False,1527.18,57.34,False,,,False,15828.67,54.94,False,6978.51,60.25,False,18767.19,51.71,False, 195 Rn  86    8744.52   53.25   1527.18   57.34      *             15828.67   54.94   6978.51   60.25  18767.19   51.71
2012,rct2,121,75,196,Re,5035.0,422.0,True,,,False,8598.0,298.0,True,12695.0,422.0,True,8609.0,357.0,True,,,False,0196 Re  75    5035#    422#        *              8598#    298#    12695#    422#     8609#    357#        *           
2012,rct2,120,76,196,Os,6838.52,72.6,False,9989.0,301.0,True,3547.97,40.16,False,9669.0,200.0,True,6820.62,55.35,False,3654.0,200.0,True, 196 Os  76    6838.52   72.60   9989#    301#     3547.97   40.16   9669#    200#     6820.62   55.35   3654#    200#  
2012,rct2,119,77,196,Ir,5814.88,38.47,False,7215.28,71.71,False,-1941.31,40.29,False,13710.1,38.52,False,8822.2,38.52,False,6443.87,54.17,False, 196 Ir  77    5814.88   38.47   7215.28   71.71  -1941.31   40.29  13710.10   38.52   8822.20   38.52   6443.87   54.17
2012,rct2,118,78,196,Pt,7921.93,0.13,False,8241.55,2.09,False,-7286.28,14.3,False,10597.68,2.09,False,6755.46,2.09,False,6395.53,2.85,False, 196 Pt  78    7921.93    0.13   8241.55    2.09  -7286.28   14.30  10597.68    2.09   6755.46    2.09   6395.53    2.85
2012,rct2,117,79,196,Au,6641.77,3.15,False,5632.6,2.99,False,-13130.9,24.61,False,14333.44,2.99,False,8205.82,3.54,False,9044.79,3.53,False, 196 Au  79    6641.77    3.15   5632.60    2.99 -13130.90   24.61  14333.44    2.99   8205.82    3.54   9044.79    3.53
2012,rct2,116,80,196,Hg,8898.47,23.33,False,6546.26,3.17,False,-18344.23,12.95,False,11097.2,3.59,False,6443.22,9.14,False,8301.33,3.52,False, 196 Hg  80    8898.47   23.33   6546.26    3.17 -18344.23   12.95  11097.20    3.59   6443.22    9.14   8301.33    3.52
2012,rct2,115,81,196,Tl,7412.82,16.42,False,3785.94,26.12,False,-23583.96,32.88,False,15398.16,12.45,False,8430.31,19.68,False,11555.74,14.9,False, 196 Tl  81    7412.82   16.42   3785.94   26.12 -23583.96   32.88  15398.16   12.45   8430.31   19.68  11555.74   14.90
2012,rct2,114,82,196,Pb,9718.84,27.38,False,4494.52,18.06,False,-27331.68,20.25,False,12287.66,19.97,False,6980.63,15.77,False,11348.61,21.05,False, 196 Pb  82    9718.84   27.38   4494.52   18.06 -27331.68   20.25  12287.66   19.97   6980.63   15.77  11348.61   21.05
2012,rct2,113,83,196,Bi,8054.8,24.99,False,1584.89,33.8,False,,,False,16909.21,30.02,False,9049.51,55.27,False,15114.58,25.33,False, 196 Bi  83    8054.80   24.99   1584.89   33.80      *             16909.21   30.02   9049.51   55.27  15114.58   25.33
2012,rct2,112,84,196,Po,10492.86,40.32,False,2745.96,13.68,False,,,False,13264.0,52.0,True,7254.35,15.86,False,14358.36,51.16,False, 196 Po  84   10492.86   40.32   2745.96   13.68      *             13264#     52#     7254.35   15.86  14358.36   51.16
2012,rct2,111,85,196,At,8508.12,31.9,False,140.6,49.0,False,,,False,17802.75,33.19,False,9310.95,46.22,False,17606.6,32.05,False, 196 At  85    8508.12   31.90    140.60   49.00      *             17802.75   33.19   9310.95   46.22  17606.60   32.05
2012,rct2,110,86,196,Rn,11150.53,52.52,False,1842.1,17.05,False,,,False,13393.38,30.74,False,6902.7,26.0,False,15976.97,37.54,False, 196 Rn  86   11150.53   52.52   1842.10   17.05      *             13393.38   30.74   6902.70   26.00  15976.97   37.54
2012,rct2,122,75,197,Re,6031.0,422.0,True,,,False,10639.0,298.0,True,,,False,8888.0,422.0,True,,,False,0197 Re  75    6031#    422#        *             10639#    298#        *              8888#    422#        *           
2012,rct2,121,76,197,Os,5101.0,200.0,True,10056.0,357.0,True,5232.0,196.0,True,10981.0,357.0,True,6792.0,277.0,True,4864.0,357.0,True, 197 Os  76    5101#    200#    10056#    357#     5232#    196#    10981#    357#     6792#    277#     4864#    357#  
2012,rct2,120,77,197,Ir,6899.22,43.36,False,7275.97,44.72,False,74.08,25.93,False,11956.6,63.8,False,9035.45,20.3,False,4617.0,197.0,True, 197 Ir  77    6899.22   43.36   7275.97   44.72     74.08   25.93  11956.60   63.80   9035.45   20.30   4617#    197#  
2012,rct2,119,78,197,Pt,5846.35,0.27,False,8273.02,38.41,False,-5673.24,5.66,False,11983.19,2.08,False,6975.89,2.08,False,7661.64,2.88,False, 197 Pt  78    5846.35    0.27   8273.02   38.41  -5673.24    5.66  11983.19    2.08   6975.89    2.08   7661.64    2.88
2012,rct2,118,79,197,Au,8072.36,2.94,False,5783.03,0.65,False,-11453.94,8.36,False,12366.13,0.66,False,8485.64,0.67,False,7039.22,2.01,False, 197 Au  79    8072.36    2.94   5783.03    0.65 -11453.94    8.36  12366.13    0.66   8485.64    0.67   7039.22    2.01
2012,rct2,117,80,197,Hg,6785.59,1.48,False,6690.08,3.41,False,-17182.97,49.78,False,12739.25,3.41,False,6536.17,3.8,False,9867.93,3.26,False, 197 Hg  80    6785.59    1.48   6690.08    3.41 -17182.97   49.78  12739.25    3.41   6536.17    3.80   9867.93    3.26
2012,rct2,116,81,197,Tl,8914.6,20.36,False,3802.08,16.63,False,-21995.64,53.48,False,13370.55,28.33,False,8708.12,16.62,False,9519.68,16.51,False, 197 Tl  81    8914.60   20.36   3802.08   16.63 -21995.64   53.48  13370.55   28.33   8708.12   16.62   9519.68   16.51
2012,rct2,115,82,197,Pb,7459.39,15.33,False,4541.09,13.34,False,-26224.77,35.83,False,14117.19,12.42,False,7052.84,15.05,False,13081.64,6.29,False, 197 Pb  82    7459.39   15.33   4541.09   13.34 -26224.77   35.83  14117.19   12.42   7052.84   15.05  13081.64    6.29
2012,rct2,114,83,197,Bi,9749.32,25.81,False,1615.36,16.53,False,,,False,14736.89,24.81,False,9384.45,19.33,False,12896.86,16.27,False, 197 Bi  83    9749.32   25.81   1615.36   16.53      *             14736.89   24.81   9384.45   19.33  12896.86   16.27
2012,rct2,113,84,197,Po,7946.85,51.26,False,2638.01,55.36,False,,,False,15378.28,49.96,False,7542.0,71.0,True,16495.77,52.65,False, 197 Po  84    7946.85   51.26   2638.01   55.36      *             15378.28   49.96   7542#     71#    16495.77   52.65
2012,rct2,112,85,197,At,10502.92,59.39,False,150.67,52.46,False,,,False,15427.57,63.71,False,9524.4,52.53,False,15338.0,72.0,True, 197 At  85   10502.92   59.39    150.67   52.46      *             15427.57   63.71   9524.40   52.53  15338#     72#  
2012,rct2,111,86,197,Rn,8566.29,38.21,False,1900.28,46.77,False,,,False,15662.7,36.54,False,7051.65,44.6,False,18127.04,37.67,False, 197 Rn  86    8566.29   38.21   1900.28   46.77      *             15662.70   36.54   7051.65   44.60  18127.04   37.67
2012,rct2,123,75,198,Re,4709.0,499.0,True,,,False,12443.0,401.0,True,,,False,,,False,,,False,0198 Re  75    4709#    499#        *             12443#    401#        *                 *                 *           
2012,rct2,122,76,198,Os,6600.0,277.0,True,10624.0,357.0,True,7118.0,196.0,True,9416.0,357.0,True,6606.0,357.0,True,,,False, 198 Os  76    6600#    277#    10624#    357#     7118#    196#     9416#    357#     6606#    357#        *           
2012,rct2,121,77,198,Ir,5627.0,197.0,True,7801.0,277.0,True,1674.0,211.0,True,13169.0,200.0,True,8555.0,205.0,True,5404.0,357.0,True, 198 Ir  77    5627#    197#     7801#    277#     1674#    211#    13169#    200#     8555#    205#     5404#    357#  
2012,rct2,120,78,198,Pt,7555.05,2.07,False,8928.86,20.0,False,-3855.6,14.73,False,10243.02,38.47,False,6652.7,2.87,False,5252.31,60.59,False, 198 Pt  78    7555.05    2.07   8928.86   20.00  -3855.60   14.73  10243.02   38.47   6652.70    2.87   5252.31   60.59
2012,rct2,119,79,198,Au,6512.34,0.09,False,6449.01,0.6,False,-10212.51,27.95,False,13775.73,0.65,False,8078.36,0.67,False,7758.74,2.01,False, 198 Au  79    6512.34    0.09   6449.01    0.60 -10212.51   27.95  13775.73    0.65   8078.36    0.67   7758.74    2.01
2012,rct2,118,80,198,Hg,8485.13,3.19,False,7102.84,0.54,False,-15481.92,17.43,False,10895.89,2.96,False,6478.69,1.31,False,7487.86,0.85,False, 198 Hg  80    8485.13    3.19   7102.84    0.54 -15481.92   17.43  10895.89    2.96   6478.69    1.31   7487.86    0.85
2012,rct2,117,81,198,Tl,7226.29,81.66,False,4242.78,80.06,False,-20774.0,95.0,True,15042.72,80.05,False,8368.82,83.28,False,10721.03,80.01,False, 198 Tl  81    7226.29   81.66   4242.78   80.06 -20774#     95#    15042.72   80.05   8368.82   83.28  10721.03   80.01
2012,rct2,116,82,198,Pb,9372.7,15.61,False,4999.18,21.89,False,-24819.73,19.77,False,12157.31,18.95,False,6969.05,18.3,False,10595.93,27.31,False, 198 Pb  82    9372.70   15.61   4999.18   21.89 -24819.73   19.77  12157.31   18.95   6969.05   18.30  10595.93   27.31
2012,rct2,115,83,198,Bi,7753.77,29.16,False,1909.75,28.5,False,,,False,16701.96,31.38,False,9207.68,36.43,False,14432.0,30.07,False, 198 Bi  83    7753.77   29.16   1909.75   28.50      *             16701.96   31.38   9207.68   36.43  14432.00   30.07
2012,rct2,114,84,198,Po,10186.17,52.65,False,3074.86,19.32,False,,,False,13246.91,30.01,False,7416.68,18.21,False,13886.59,29.15,False, 198 Po  84   10186.17   52.65   3074.86   19.32      *             13246.91   30.01   7416.68   18.21  13886.59   29.15
2012,rct2,113,85,198,At,8448.0,72.0,True,652.0,71.0,True,,,False,17472.0,52.0,True,9204.0,64.0,True,16951.0,51.0,True, 198 At  85    8448#     72#      652#     71#        *             17472#     52#     9204#     64#    16951#     51#  
2012,rct2,112,86,198,Rn,10777.74,37.85,False,2175.1,52.66,False,,,False,13393.08,33.39,False,7109.52,16.22,False,15477.04,40.58,False, 198 Rn  86   10777.74   37.85   2175.10   52.66      *             13393.08   33.39   7109.52   16.22  15477.04   40.58
2012,rct2,123,76,199,Os,4718.0,277.0,True,10633.0,446.0,True,9063.0,196.0,True,10729.0,357.0,True,6923.0,357.0,True,,,False,0199 Os  76    4718#    277#    10633#    446#     9063#    196#    10729#    357#     6923#    357#        *           
2012,rct2,122,77,199,Ir,6651.0,200.0,True,7852.0,200.0,True,3659.19,49.66,False,11619.0,200.0,True,8742.65,57.28,False,3788.0,301.0,True, 199 Ir  77    6651#    200#     7852#    200#     3659.19   49.66  11619#    200#     8742.65   57.28   3788#    301#  
2012,rct2,121,78,199,Pt,5556.0,0.5,False,8858.0,196.0,True,-2158.7,10.24,False,11586.23,20.01,False,6911.58,38.47,False,6534.82,40.0,False, 199 Pt  78    5556.00    0.50   8858#    196#    -2158.70   10.24  11586.23   20.01   6911.58   38.47   6534.82   40.00
2012,rct2,120,79,199,Au,7584.27,0.06,False,6478.23,2.07,False,-8297.5,10.59,False,12037.81,0.6,False,8416.02,0.66,False,5989.35,38.42,False, 199 Au  79    7584.27    0.06   6478.23    2.07  -8297.50   10.59  12037.81    0.60   8416.02    0.66   5989.35   38.42
2012,rct2,119,80,199,Hg,6662.86,0.54,False,7253.37,0.65,False,-14332.41,23.45,False,12305.39,0.66,False,6457.59,2.98,False,8746.93,0.92,False, 199 Hg  80    6662.86    0.54   7253.37    0.65 -14332.41   23.45  12305.39    0.66   6457.59    2.98   8746.93    0.92
2012,rct2,118,81,199,Tl,8635.86,84.74,False,4393.52,27.95,False,-19235.96,28.46,False,13192.45,28.13,False,8631.43,28.1,False,8726.94,28.1,False, 199 Tl  81    8635.86   84.74   4393.52   27.95 -19235.96   28.46  13192.45   28.13   8631.43   28.10   8726.94   28.10
2012,rct2,117,82,199,Pb,7252.9,17.67,False,5025.8,80.62,False,-23731.84,63.77,False,13819.01,19.18,False,7128.97,15.7,False,12241.49,10.42,False, 199 Pb  82    7252.90   17.67   5025.80   80.62 -23731.84   63.77  13819.01   19.18   7128.97   15.70  12241.49   10.42
2012,rct2,116,83,199,Bi,9499.29,29.88,False,2036.34,17.99,False,-27558.79,43.14,False,14662.06,11.96,False,9427.24,17.74,False,12345.54,16.07,False, 199 Bi  83    9499.29   29.88   2036.34   17.99 -27558.79   43.14  14662.06   11.96   9427.24   17.74  12345.54   16.07
2012,rct2,115,84,199,Po,7812.38,29.21,False,3133.47,36.48,False,,,False,15183.85,24.88,False,7659.1,33.86,False,15793.06,27.45,False, 199 Po  84    7812.38   29.21   3133.47   36.48      *             15183.85   24.88   7659.10   33.86  15793.06   27.45
2012,rct2,114,85,199,At,10173.0,51.0,True,639.48,18.24,False,,,False,15245.44,49.97,False,9523.16,13.72,False,14832.0,25.01,False, 199 At  85   10173#     51#      639.48   18.24      *             15245.44   49.97   9523.16   13.72  14832.00   25.01
2012,rct2,113,86,199,Rn,8340.8,64.39,False,2067.0,81.0,True,,,False,15555.2,80.99,False,7276.84,70.01,False,17629.1,64.23,False, 199 Rn  86    8340.80   64.39   2067#     81#        *             15555.20   80.99   7276.84   70.01  17629.10   64.23
2012,rct2,112,87,199,Fr,,,False,-702.72,43.93,False,,,False,15996.08,54.79,False,9654.35,44.24,False,16320.37,51.81,False, 199 Fr  87       *              -702.72   43.93      *             15996.08   54.79   9654.35   44.24  16320.37   51.81
2012,rct2,124,76,200,Os,6367.0,357.0,True,,,False,10725.0,298.0,True,9071.0,499.0,True,6587.0,422.0,True,,,False,0200 Os  76    6367#    357#        *             10725#    298#     9071#    499#     6587#    422#        *           
2012,rct2,123,77,200,Ir,5282.0,200.0,True,8416.0,277.0,True,5437.0,196.0,True,12937.0,277.0,True,8562.0,277.0,True,4538.0,357.0,True, 200 Ir  77    5282#    200#     8416#    277#     5437#    196#    12937#    277#     8562#    277#     4538#    357#  
2012,rct2,122,78,200,Pt,7281.8,20.01,False,9489.62,45.62,False,-350.32,22.9,False,9931.0,197.0,True,6529.0,28.28,False,4354.0,197.0,True, 200 Pt  78    7281.80   20.01   9489.62   45.62   -350.32   22.90   9931#    197#     6529.00   28.28   4354#    197#  
2012,rct2,121,79,200,Au,6216.55,26.72,False,7138.78,26.81,False,-6869.51,34.81,False,13376.31,26.8,False,8045.82,26.73,False,6672.01,33.44,False, 200 Au  79    6216.55   26.72   7138.78   26.81  -6869.51   34.81  13376.31   26.80   8045.82   26.73   6672.01   33.44
2012,rct2,120,80,200,Hg,8028.52,0.11,False,7697.61,0.65,False,-12549.27,14.39,False,10789.21,0.65,False,6501.44,0.66,False,6564.76,0.88,False, 200 Hg  80    8028.52    0.11   7697.61    0.65 -12549.27   14.39  10789.21    0.65   6501.44    0.66   6564.76    0.88
2012,rct2,119,81,200,Tl,7059.47,28.53,False,4790.13,5.74,False,-18059.58,25.13,False,14618.1,5.76,False,8357.54,6.57,False,9739.83,5.77,False, 200 Tl  81    7059.47   28.53   4790.13    5.74 -18059.58   25.13  14618.10    5.76   8357.54    6.57   9739.83    5.77
2012,rct2,118,82,200,Pb,9090.17,14.82,False,5480.11,30.01,False,-22236.19,16.79,False,11955.12,80.75,False,6953.4,19.66,False,9936.91,11.4,False, 200 Pb  82    9090.17   14.82   5480.11   30.01 -22236.19   16.79  11955.12   80.75   6953.40   19.66   9936.91   11.40
2012,rct2,117,83,200,Bi,7644.54,24.69,False,2427.97,24.45,False,-26505.5,62.71,False,16390.22,26.65,False,9242.09,23.0,False,13615.6,27.67,False, 200 Bi  83    7644.54   24.69   2427.97   24.45 -26505.50   62.71  16390.22   26.65   9242.09   23.00  13615.60   27.67
2012,rct2,116,84,200,Po,9811.65,27.51,False,3445.83,17.84,False,,,False,13125.97,31.43,False,7596.77,16.63,False,13440.79,15.44,False, 200 Po  84    9811.65   27.51   3445.83   17.84      *             13125.97   31.43   7596.77   16.63  13440.79   15.44
2012,rct2,115,85,200,At,8235.85,25.05,False,1062.96,33.88,False,,,False,17195.76,30.04,False,9234.15,55.38,False,16345.46,25.85,False, 200 At  85    8235.85   25.05   1062.96   33.88      *             17195.76   30.04   9234.15   55.38  16345.46   25.85
2012,rct2,114,86,200,Rn,10585.82,64.27,False,2479.87,13.88,False,,,False,13418.0,52.0,True,7193.95,52.5,False,14990.13,51.3,False, 200 Rn  86   10585.82   64.27   2479.87   13.88      *             13418#     52#     7193.95   52.50  14990.13   51.30
2012,rct2,113,87,200,Fr,8697.83,72.0,False,-345.69,86.03,False,,,False,18075.99,60.12,False,9522.81,68.46,False,18125.45,77.64,False, 200 Fr  87    8697.83   72.00   -345.69   86.03      *             18075.99   60.12   9522.81   68.46  18125.45   77.64
2012,rct2,125,76,201,Os,4532.0,422.0,True,,,False,12423.0,298.0,True,,,False,6764.0,499.0,True,,,False,0201 Os  76    4532#    422#        *             12423#    298#        *              6764#    499#        *           
2012,rct2,124,77,201,Ir,6357.0,277.0,True,8407.0,357.0,True,7282.0,196.0,True,11298.0,277.0,True,8804.0,277.0,True,2889.0,446.0,True, 201 Ir  77    6357#    277#     8407#    357#     7282#    196#    11298#    277#     8804#    277#     2889#    446#  
2012,rct2,123,78,201,Pt,5211.35,53.99,False,9419.0,202.0,True,1518.52,54.57,False,11370.13,64.78,False,6944.0,202.0,True,5742.0,202.0,True, 201 Pt  78    5211.35   53.99   9419#    202#     1518.52   54.57  11370.13   64.78   6944#    202#     5742#    202#  
2012,rct2,122,79,201,Au,7232.02,26.91,False,7089.0,20.37,False,-4986.22,15.55,False,11700.29,3.88,False,8368.86,3.85,False,5067.0,196.0,True, 201 Au  79    7232.02   26.91   7089.00   20.37  -4986.22   15.55  11700.29    3.88   8368.86    3.85   5067#    196#  
2012,rct2,121,80,201,Hg,6230.45,0.55,False,7711.51,26.72,False,-11137.84,5.88,False,12143.03,0.83,False,6783.32,0.83,False,7889.36,2.23,False, 201 Hg  80    6230.45    0.55   7711.51   26.72 -11137.84    5.88  12143.03    0.83   6783.32    0.83   7889.36    2.23
2012,rct2,120,81,201,Tl,8202.7,15.45,False,4964.31,14.34,False,-16389.58,16.51,False,13078.26,14.34,False,8639.97,14.35,False,8049.46,14.35,False, 201 Tl  81    8202.70   15.45   4964.31   14.34 -16389.58   16.51  13078.26   14.34   8639.97   14.35   8049.46   14.35
2012,rct2,119,82,201,Pb,7080.18,24.23,False,5500.82,22.38,False,-21186.92,54.23,False,13510.8,35.34,False,7099.5,82.87,False,11341.85,21.64,False, 201 Pb  82    7080.18   24.23   5500.82   22.38 -21186.92   54.23  13510.80   35.34   7099.50   82.87  11341.85   21.64
2012,rct2,118,83,201,Bi,9115.3,27.01,False,2453.1,18.72,False,-25016.37,72.97,False,14527.82,18.22,False,9499.48,21.05,False,11726.59,81.44,False, 201 Bi  83    9115.30   27.01   2453.10   18.72 -25016.37   72.97  14527.82   18.22   9499.48   21.05  11726.59   81.44
2012,rct2,117,84,201,Po,7641.88,15.54,False,3443.18,23.07,False,-28366.0,106.0,True,14983.38,12.08,False,7708.66,28.55,False,15171.61,15.7,False, 201 Po  84    7641.88   15.54   3443.18   23.07 -28366#    106#    14983.38   12.08   7708.66   28.55  15171.61   15.70
2012,rct2,116,85,201,At,9872.7,25.8,False,1124.01,16.56,False,,,False,15135.43,24.83,False,9547.62,19.26,False,14226.53,29.12,False, 201 At  85    9872.70   25.80   1124.01   16.56      *             15135.43   24.83   9547.62   19.26  14226.53   29.12
2012,rct2,115,86,201,Rn,8129.46,51.35,False,2373.48,55.42,False,,,False,15461.76,50.02,False,7513.0,71.0,True,17046.84,52.7,False, 201 Rn  86    8129.46   51.35   2373.48   55.42      *             15461.76   50.02   7513#     71#    17046.84   52.70
2012,rct2,114,87,201,Fr,10604.43,92.34,False,-327.08,72.5,False,,,False,15812.35,95.18,False,9696.12,72.61,False,15969.0,88.0,True, 201 Fr  87   10604.43   92.34   -327.08   72.50      *             15812.35   95.18   9696.12   72.61  15969#     88#  
2012,rct2,113,88,201,Ra,,,False,1583.0,121.0,True,,,False,15790.0,114.0,True,,,False,18718.0,107.0,True, 201 Ra  88       *              1583#    121#        *             15790#    114#        *             18718#    107#  
2012,rct2,126,76,202,Os,5920.0,499.0,True,,,False,14258.0,401.0,True,,,False,,,False,,,False,0202 Os  76    5920#    499#        *             14258#    401#        *                 *                 *           
2012,rct2,125,77,202,Ir,4951.0,357.0,True,8826.0,422.0,True,9210.0,298.0,True,12714.0,422.0,True,8571.0,357.0,True,,,False, 202 Ir  77    4951#    357#     8826#    422#     9210#    298#    12714#    422#     8571#    357#        *           
2012,rct2,124,78,202,Pt,7022.56,56.06,False,10084.0,197.0,True,3248.1,25.43,False,9629.0,197.0,True,6572.13,48.15,False,3438.0,197.0,True, 202 Pt  78    7022.56   56.06  10084#    197#     3248.10   25.43   9629#    197#     6572.13   48.15   3438#    197#  
2012,rct2,123,79,202,Au,6023.41,23.51,False,7901.07,55.25,False,-3612.2,27.92,False,12958.68,30.77,False,7901.45,23.39,False,5693.63,47.2,False, 202 Au  79    6023.41   23.51   7901.07   55.25  -3612.20   27.92  12958.68   30.77   7901.45   23.39   5693.63   47.20
2012,rct2,122,80,202,Hg,7754.09,0.2,False,8233.58,3.14,False,-9421.37,14.66,False,10605.49,26.72,False,6613.51,0.83,False,5691.28,2.28,False, 202 Hg  80    7754.09    0.20   8233.58    3.14  -9421.37   14.66  10605.49   26.72   6613.51    0.83   5691.28    2.28
2012,rct2,121,81,202,Tl,6878.79,20.2,False,5612.65,14.29,False,-15395.6,31.41,False,14227.99,14.29,False,8424.04,14.29,False,8754.94,14.3,False, 202 Tl  81    6878.79   20.20   5612.65   14.29 -15395.60   31.41  14227.99   14.29   8424.04   14.29   8754.94   14.30
2012,rct2,120,82,202,Pb,8752.14,21.96,False,6050.26,14.81,False,-19665.94,17.91,False,11818.14,6.87,False,6983.23,28.2,False,9252.57,3.78,False, 202 Pb  82    8752.14   21.96   6050.26   14.81 -19665.94   17.91  11818.14    6.87   6983.23   28.20   9252.57    3.78
2012,rct2,119,83,202,Bi,7397.43,21.57,False,2770.35,26.56,False,-23833.0,53.0,True,16220.56,18.88,False,9354.96,18.36,False,12965.02,31.91,False, 202 Bi  83    7397.43   21.57   2770.35   26.56 -23833#     53#    16220.56   18.88   9354.96   18.36  12965.02   31.91
2012,rct2,118,84,202,Po,9470.56,15.79,False,3798.44,21.12,False,-27015.27,28.47,False,13157.35,26.7,False,7737.38,18.07,False,12953.95,17.75,False, 202 Po  84    9470.56   15.79   3798.44   21.12 -27015.27   28.47  13157.35   26.70   7737.38   18.07  12953.95   17.75
2012,rct2,117,85,202,At,7872.76,29.15,False,1354.89,28.58,False,,,False,17074.32,31.46,False,9487.23,36.5,False,15853.05,29.91,False, 202 At  85    7872.76   29.15   1354.89   28.58      *             17074.32   31.46   9487.23   36.50  15853.05   29.91
2012,rct2,116,86,202,Rn,10273.12,52.73,False,2773.9,19.34,False,,,False,13424.49,30.09,False,7413.2,18.33,False,14586.1,29.27,False, 202 Rn  86   10273.12   52.73   2773.90   19.34      *             13424.49   30.09   7413.20   18.33  14586.10   29.27
2012,rct2,115,87,202,Fr,8581.0,88.0,True,124.0,71.0,True,,,False,17817.0,52.0,True,9456.0,81.0,True,17562.0,51.0,True, 202 Fr  87    8581#     88#      124#     71#        *             17817#     52#     9456#     81#    17562#     51#  
2012,rct2,114,88,202,Ra,10821.0,109.0,True,1799.54,75.43,False,,,False,13667.13,63.49,False,7193.86,48.43,False,16237.38,67.55,False, 202 Ra  88   10821#    109#     1799.54   75.43      *             13667.13   63.49   7193.86   48.43  16237.38   67.55
2012,rct2,126,77,203,Ir,5985.0,499.0,True,8891.0,566.0,True,11071.0,401.0,True,11260.0,499.0,True,8953.0,499.0,True,,,False,0203 Ir  77    5985#    499#     8891#    566#    11071#    401#    11260#    499#     8953#    499#        *           
2012,rct2,125,78,203,Pt,5006.0,197.0,True,10139.0,357.0,True,5159.0,196.0,True,10981.0,277.0,True,6848.0,277.0,True,4799.0,357.0,True, 203 Pt  78    5006#    197#    10139#    357#     5159#    196#    10981#    277#     6848#    277#     4799#    357#  
2012,rct2,124,79,203,Au,6861.82,23.49,False,7740.33,25.34,False,-1619.25,13.15,False,11308.21,50.19,False,8321.42,20.35,False,4114.0,196.0,True, 203 Au  79    6861.82   23.49   7740.33   25.34  -1619.25   13.15  11308.21   50.19   8321.42   20.35   4114#    196#  
2012,rct2,123,80,203,Hg,5994.61,1.62,False,8204.78,23.35,False,-7958.03,8.82,False,11842.9,3.52,False,6835.45,26.77,False,6978.47,20.18,False, 203 Hg  80    5994.61    1.62   8204.78   23.35  -7958.03    8.82  11842.90    3.52   6835.45   26.77   6978.47   20.18
2012,rct2,122,81,203,Tl,7845.75,14.28,False,5704.32,1.16,False,-13598.32,10.62,False,12612.69,1.17,False,8606.8,1.25,False,7125.74,26.75,False, 203 Tl  81    7845.75   14.28   5704.32    1.16 -13598.32   10.62  12612.69    1.17   8606.80    1.25   7125.74   26.75
2012,rct2,121,82,203,Pb,6917.1,7.54,False,6088.57,15.67,False,-18626.73,24.44,False,13103.73,15.69,False,7125.6,8.72,False,10363.99,6.57,False, 203 Pb  82    6917.10    7.54   6088.57   15.67 -18626.73   24.44  13103.73   15.69   7125.60    8.72  10363.99    6.57
2012,rct2,120,83,203,Bi,8854.78,19.99,False,2872.99,13.32,False,-22400.52,14.22,False,14445.97,25.13,False,9590.35,16.81,False,11169.72,14.02,False, 203 Bi  83    8854.78   19.99   2872.99   13.32 -22400.52   14.22  14445.97   25.13   9590.35   16.81  11169.72   14.02
2012,rct2,119,84,203,Po,7457.95,17.03,False,3858.96,17.67,False,-25977.64,80.88,False,14814.71,17.52,False,7923.97,23.93,False,14586.17,13.95,False, 203 Po  84    7457.95   17.03   3858.96   17.67 -25977.64   80.88  14814.71   17.52   7923.97   23.93  14586.17   13.95
2012,rct2,118,85,203,At,9643.04,29.91,False,1527.37,18.07,False,,,False,15073.16,12.09,False,9655.85,17.84,False,13854.55,24.69,False, 203 At  85    9643.04   29.91   1527.37   18.07      *             15073.16   12.09   9655.85   17.84  13854.55   24.69
2012,rct2,117,86,203,Rn,7956.31,29.34,False,2857.44,36.56,False,,,False,15340.88,24.92,False,7692.75,33.95,False,16441.44,27.59,False, 203 Rn  86    7956.31   29.34   2857.44   36.56      *             15340.88   24.92   7692.75   33.95  16441.44   27.59
2012,rct2,116,87,203,Fr,10287.0,51.0,True,138.4,18.6,False,,,False,15659.57,50.12,False,9754.68,14.23,False,15510.66,25.25,False, 203 Fr  87   10287#     51#      138.40   18.60      *             15659.57   50.12   9754.68   14.23  15510.66   25.25
2012,rct2,115,88,203,Ra,8495.58,84.04,False,1714.0,95.0,True,,,False,15775.97,107.51,False,7396.11,99.5,False,18327.62,81.43,False, 203 Ra  88    8495.58   84.04   1714#     95#        *             15775.97  107.51   7396.11   99.50  18327.62   81.43
2012,rct2,127,77,204,Ir,3069.0,566.0,True,,,False,14658.0,401.0,True,14111.0,566.0,True,10416.0,499.0,True,,,False,0204 Ir  77    3069#    566#        *             14658#    401#    14111#    566#    10416#    499#        *           
2012,rct2,126,78,204,Pt,6367.0,277.0,True,10521.0,446.0,True,7187.0,196.0,True,9565.0,357.0,True,6839.0,277.0,True,2964.0,357.0,True, 204 Pt  78    6367#    277#    10521#    446#     7187#    196#     9565#    357#     6839#    277#     2964#    357#  
2012,rct2,125,79,204,Au,5578.0,200.0,True,8313.0,280.0,True,-5.0,200.0,True,12753.0,202.0,True,7955.0,206.0,True,4893.0,280.0,True, 204 Au  79    5578#    200#     8313#    280#       -5#    200#    12753#    202#     7955#    206#     4893#    280#  
2012,rct2,124,80,204,Hg,7492.73,1.71,False,8835.68,3.04,False,-6349.4,11.03,False,10373.59,23.29,False,6574.74,3.22,False,4697.09,50.1,False, 204 Hg  80    7492.73    1.71   8835.68    3.04  -6349.40   11.03  10373.59   23.29   6574.74    3.22   4697.09   50.10
2012,rct2,123,81,204,Tl,6656.09,0.29,False,6365.8,1.25,False,-12470.19,22.31,False,13710.68,1.14,False,8181.16,1.15,False,7701.67,3.33,False, 204 Tl  81    6656.09    0.29   6365.80    1.25 -12470.19   22.31  13710.68    1.14   8181.16    1.15   7701.67    3.33
2012,rct2,122,82,204,Pb,8394.68,6.46,False,6637.49,0.34,False,-17126.39,14.46,False,11587.85,14.28,False,6933.62,14.3,False,8199.76,1.14,False, 204 Pb  82    8394.68    6.46   6637.49    0.34 -17126.39   14.46  11587.85   14.28   6933.62   14.30   8199.76    1.14
2012,rct2,121,83,204,Bi,7192.65,15.73,False,3148.54,11.28,False,-21252.96,26.25,False,16005.45,9.92,False,9477.88,23.5,False,12179.76,17.03,False, 204 Bi  83    7192.65   15.73   3148.54   11.28 -21252.96   26.25  16005.45    9.92   9477.88   23.50  12179.76   17.03
2012,rct2,120,84,204,Po,9101.36,14.01,False,4105.53,16.87,False,-24387.94,18.16,False,13110.78,18.93,False,7937.91,18.77,False,12565.0,24.26,False, 204 Po  84    9101.36   14.01   4105.53   16.87 -24387.94   18.16  13110.78   18.93   7937.91   18.77  12565.00   24.26
2012,rct2,119,85,204,At,7784.22,24.66,False,1853.64,23.9,False,,,False,16759.5,26.68,False,9513.51,23.03,False,15185.63,26.99,False, 204 At  85    7784.22   24.66   1853.64   23.90      *             16759.50   26.68   9513.51   23.03  15185.63   26.99
2012,rct2,118,86,204,Rn,9895.01,27.65,False,3109.42,17.94,False,,,False,13318.64,31.52,False,7670.44,16.66,False,14188.31,15.64,False, 204 Rn  86    9895.01   27.65   3109.42   17.94      *             13318.64   31.52   7670.44   16.66  14188.31   15.64
2012,rct2,117,87,204,Fr,8340.21,25.37,False,522.3,34.04,False,,,False,17592.48,30.2,False,9543.93,55.48,False,17043.15,25.92,False, 204 Fr  87    8340.21   25.37    522.30   34.04      *             17592.48   30.20   9543.93   55.48  17043.15   25.92
2012,rct2,116,88,204,Ra,10691.06,81.71,False,2118.12,15.77,False,,,False,13666.0,53.0,True,7309.48,72.82,False,15766.02,51.8,False, 204 Ra  88   10691.06   81.71   2118.12   15.77      *             13666#     53#     7309.48   72.82  15766.02   51.80
2012,rct2,127,78,205,Pt,3116.0,357.0,True,10568.0,499.0,True,10803.0,298.0,True,12434.0,499.0,True,8674.0,422.0,True,5767.0,499.0,True,0205 Pt  78    3116#    357#    10568#    499#    10803#    298#    12434#    499#     8674#    422#     5767#    499#  
2012,rct2,126,79,205,Au,6191.0,280.0,True,8137.0,277.0,True,2295.0,196.0,True,11568.0,277.0,True,8787.0,197.0,True,3653.0,357.0,True, 205 Au  79    6191#    280#     8137#    277#     2295#    196#    11568#    277#     8787#    197#     3653#    357#  
2012,rct2,125,80,205,Hg,5668.59,3.63,False,8926.0,200.0,True,-4778.26,20.64,False,11566.82,4.73,False,6929.57,23.57,False,6051.06,25.42,False, 205 Hg  80    5668.59    3.63   8926#    200#    -4778.26   20.64  11566.82    4.73   6929.57   23.57   6051.06   25.42
2012,rct2,124,81,205,Tl,7546.05,0.48,False,6419.12,1.36,False,-10850.1,15.15,False,12159.25,1.33,False,8389.2,1.22,False,6179.03,23.33,False, 205 Tl  81    7546.05    0.48   6419.12    1.36 -10850.10   15.15  12159.25    1.33   8389.20    1.22   6179.03   23.33
2012,rct2,123,82,205,Pb,6731.66,0.11,False,6713.07,0.21,False,-16055.87,50.36,False,12701.93,0.35,False,7080.75,14.28,False,9222.18,1.12,False, 205 Pb  82    6731.66    0.11   6713.07    0.21 -16055.87   50.36  12701.93    0.35   7080.75   14.28   9222.18    1.12
2012,rct2,122,83,205,Bi,8489.9,10.51,False,3243.76,5.11,False,-19754.35,9.35,False,14432.65,8.23,False,9740.12,6.33,False,10568.65,15.14,False, 205 Bi  83    8489.90   10.51   3243.76    5.11 -19754.35    9.35  14432.65    8.23   9740.12    6.33  10568.65   15.14
2012,rct2,121,84,205,Po,7239.72,23.1,False,4152.6,22.3,False,-23348.04,73.39,False,14725.84,24.0,False,8095.62,25.5,False,14077.41,20.66,False, 205 Po  84    7239.72   23.10   4152.60   22.30 -23348.04   73.39  14725.84   24.00   8095.62   25.50  14077.41   20.66
2012,rct2,120,85,205,At,9166.14,26.93,False,1918.42,18.69,False,,,False,15051.31,17.43,False,9817.93,21.05,False,13416.92,21.5,False, 205 At  85    9166.14   26.93   1918.42   18.69      *             15051.31   17.43   9817.93   21.05  13416.92   21.50
2012,rct2,119,86,205,Rn,7802.19,52.39,False,3127.39,55.05,False,,,False,15159.48,51.44,False,7741.01,57.59,False,15856.68,52.44,False, 205 Rn  86    7802.19   52.39   3127.39   55.05      *             15159.48   51.44   7741.01   57.59  15856.68   52.44
2012,rct2,118,87,205,Fr,9988.52,25.8,False,615.81,16.48,False,,,False,15560.27,24.8,False,9828.53,19.19,False,14927.39,29.05,False, 205 Fr  87    9988.52   25.80    615.81   16.48      *             15560.27   24.80   9828.53   19.19  14927.39   29.05
2012,rct2,117,88,205,Ra,8279.62,71.99,False,2057.53,74.69,False,,,False,15673.36,70.8,False,7611.0,87.0,True,17759.52,72.67,False, 205 Ra  88    8279.62   71.99   2057.53   74.69      *             15673.36   70.80   7611#     87#    17759.52   72.67
2012,rct2,128,78,206,Pt,4737.0,422.0,True,,,False,14153.0,298.0,True,10767.0,499.0,True,9922.0,499.0,True,,,False,0206 Pt  78    4737#    422#        *             14153#    298#    10767#    499#     9922#    499#        *           
2012,rct2,127,79,206,Au,3516.0,357.0,True,8537.0,422.0,True,5813.0,298.0,True,14418.0,357.0,True,10276.0,357.0,True,6121.0,499.0,True, 206 Au  79    3516#    357#     8537#    422#     5813#    298#    14418#    357#    10276#    357#     6121#    499#  
2012,rct2,126,80,206,Hg,6729.05,20.74,False,9465.0,197.0,True,-2756.84,20.82,False,10416.0,201.0,True,7062.34,20.67,False,4328.0,197.0,True, 206 Hg  80    6729.05   20.74   9465#    197#    -2756.84   20.82  10416#    201#     7062.34   20.67   4328#    197#  
2012,rct2,125,81,206,Tl,6503.81,0.39,False,7254.35,3.75,False,-9823.86,15.11,False,13148.16,1.4,False,7880.0,1.38,False,6537.04,3.28,False, 206 Tl  81    6503.81    0.39   7254.35    3.75  -9823.86   15.11  13148.16    1.40   7880.00    1.38   6537.04    3.28
2012,rct2,124,82,206,Pb,8086.66,0.06,False,7253.68,0.51,False,-14669.67,14.72,False,11271.36,0.21,False,6839.84,0.36,False,7130.13,1.27,False, 206 Pb  82    8086.66    0.06   7253.68    0.51 -14669.67   14.72  11271.36    0.21   6839.84    0.36   7130.13    1.27
2012,rct2,123,83,206,Bi,7034.92,9.11,False,3547.01,7.55,False,-18785.27,29.21,False,15792.42,7.55,False,9622.3,9.93,False,11379.49,7.55,False, 206 Bi  83    7034.92    9.11   3547.01    7.55 -18785.27   29.21  15792.42    7.55   9622.30    9.93  11379.49    7.55
2012,rct2,122,84,206,Po,8750.47,20.7,False,4413.17,6.46,False,-21754.17,18.44,False,13168.02,10.01,False,8199.93,13.39,False,12244.05,7.65,False, 206 Po  84    8750.47   20.70   4413.17    6.46 -21754.17   18.44  13168.02   10.01   8199.93   13.39  12244.05    7.65
2012,rct2,121,85,206,At,7530.05,21.26,False,2208.75,25.29,False,-25891.0,73.0,True,16622.62,18.65,False,9745.83,17.37,False,14741.65,19.73,False, 206 At  85    7530.05   21.26   2208.75   25.29 -25891#     73#    16622.62   18.65   9745.83   17.37  14741.65   19.73
2012,rct2,120,86,206,Rn,9472.86,52.46,False,3434.11,21.11,False,,,False,13470.84,26.73,False,7911.18,18.15,False,13841.77,17.11,False, 206 Rn  86    9472.86   52.46   3434.11   21.11      *             13470.84   26.73   7911.18   18.15  13841.77   17.11
2012,rct2,119,87,206,Fr,8003.99,29.26,False,817.61,57.7,False,,,False,17451.29,31.71,False,9780.84,36.73,False,16566.44,30.11,False, 206 Fr  87    8003.99   29.26    817.61   57.70      *             17451.29   31.71   9780.84   36.73  16566.44   30.11
2012,rct2,118,88,206,Ra,10344.34,72.79,False,2413.35,19.64,False,,,False,13669.23,30.48,False,7553.58,19.06,False,15371.49,29.64,False, 206 Ra  88   10344.34   72.79   2413.35   19.64      *             13669.23   30.48   7553.58   19.06  15371.49   29.64
2012,rct2,117,89,206,Ac,,,False,-334.0,100.0,True,,,False,18125.0,73.0,True,9659.0,107.0,True,18232.0,72.0,True, 206 Ac  89       *              -334#    100#        *             18125#     73#     9659#    107#    18232#     72#  
2012,rct2,128,79,207,Au,4662.0,422.0,True,8463.0,422.0,True,9249.0,298.0,True,12872.0,422.0,True,11981.0,357.0,True,4529.0,499.0,True,0207 Au  79    4662#    422#     8463#    422#     9249#    298#    12872#    422#    11981#    357#     4529#    499#  
2012,rct2,127,80,207,Hg,3613.56,36.15,False,9562.0,300.0,True,657.86,30.55,False,12993.0,198.0,True,9027.0,202.0,True,7081.0,198.0,True, 207 Hg  80    3613.56   36.15   9562#    300#      657.86   30.55  12993#    198#     9027#    202#     7081#    198#  
2012,rct2,126,81,207,Tl,6851.88,5.45,False,7377.17,21.12,False,-7806.5,13.54,False,11964.87,6.53,False,8520.85,5.5,False,5263.0,200.0,True, 207 Tl  81    6851.88    5.45   7377.17   21.12  -7806.50   13.54  11964.87    6.53   8520.85    5.50   5263#    200#  
2012,rct2,125,82,207,Pb,6737.78,0.1,False,7487.65,0.62,False,-13816.81,8.59,False,12079.63,0.51,False,6758.15,0.23,False,7885.08,1.27,False, 207 Pb  82    6737.78    0.10   7487.65    0.62 -13816.81    8.59  12079.63    0.51   6758.15    0.23   7885.08    1.27
2012,rct2,124,83,207,Bi,8097.67,7.84,False,3558.02,2.12,False,-17209.78,17.67,False,14426.41,2.12,False,9919.31,2.12,False,9937.91,2.12,False, 207 Bi  83    8097.67    7.84   3558.02    2.12 -17209.78   17.67  14426.41    2.12   9919.31    2.12   9937.91    2.12
2012,rct2,123,84,207,Po,7028.26,7.74,False,4406.51,10.0,False,-20684.19,55.66,False,14629.66,8.32,False,8364.33,11.35,False,13610.47,6.56,False, 207 Po  84    7028.26    7.74   4406.51   10.00 -20684.19   55.66  14629.66    8.32   8364.33   11.35  13610.47    6.56
2012,rct2,122,85,207,At,8869.24,19.49,False,2327.52,13.03,False,-24373.0,51.89,False,14993.11,23.81,False,9977.95,16.59,False,13065.07,15.43,False, 207 At  85    8869.24   19.49   2327.52   13.03 -24373.00   51.89  14993.11   23.81   9977.95   16.59  13065.07   15.43
2012,rct2,121,86,207,Rn,7590.63,17.03,False,3494.7,17.29,False,,,False,15046.35,17.35,False,8104.77,23.84,False,15352.49,13.92,False, 207 Rn  86    7590.63   17.03   3494.70   17.29      *             15046.35   17.35   8104.77   23.84  15352.49   13.92
2012,rct2,120,87,207,Fr,9673.16,33.19,False,1017.91,22.9,False,,,False,15580.32,53.3,False,10002.69,22.73,False,14677.5,28.33,False, 207 Fr  87    9673.16   33.19   1017.91   22.90      *             15580.32   53.30  10002.69   22.73  14677.50   28.33
2012,rct2,119,88,207,Ra,8098.23,58.12,False,2507.59,62.04,False,,,False,15559.51,55.81,False,7795.56,60.49,False,17168.27,57.14,False, 207 Ra  88    8098.23   58.12   2507.59   62.04      *             15559.51   55.81   7795.56   60.49  17168.27   57.14
2012,rct2,118,89,207,Ac,10387.0,87.0,True,-291.32,53.51,False,,,False,16018.07,86.67,False,9963.02,52.43,False,16185.11,56.07,False, 207 Ac  89   10387#     87#     -291.32   53.51      *             16018.07   86.67   9963.02   52.43  16185.11   56.07
2012,rct2,129,79,208,Au,3367.0,422.0,True,,,False,12768.0,298.0,True,14241.0,422.0,True,11729.0,422.0,True,,,False,0208 Au  79    3367#    422#        *             12768#    298#    14241#    422#    11729#    422#        *           
2012,rct2,128,80,208,Hg,4849.28,42.82,False,9749.0,300.0,True,4203.75,30.79,False,11660.0,300.0,True,10368.0,198.0,True,5347.0,300.0,True, 208 Hg  80    4849.28   42.82   9749#    300#     4203.75   30.79  11660#    300#    10368#    198#     5347#    300#  
2012,rct2,127,81,208,Tl,3787.11,5.6,False,7550.72,29.87,False,-4279.56,9.12,False,14906.81,20.48,False,10402.33,4.04,False,7667.0,196.0,True, 208 Tl  81    3787.11    5.60   7550.72   29.87  -4279.56    9.12  14906.81   20.48  10402.33    4.04   7667#    196#  
2012,rct2,126,82,208,Pb,7367.87,0.05,False,8003.64,5.43,False,-12092.85,11.08,False,11215.58,0.62,False,6936.33,0.52,False,6185.8,3.71,False, 208 Pb  82    7367.87    0.05   8003.64    5.43 -12092.85   11.08  11215.58    0.62   6936.33    0.52   6185.80    3.71
2012,rct2,125,83,208,Bi,6886.92,2.71,False,3707.16,2.01,False,-16203.9,11.63,False,15626.16,2.01,False,9764.06,2.01,False,10597.04,2.01,False, 208 Bi  83    6886.92    2.71   3707.16    2.01 -16203.90   11.63  15626.16    2.01   9764.06    2.01  10597.04    2.01
2012,rct2,124,84,208,Po,8395.17,6.69,False,4704.01,2.49,False,-19184.15,15.39,False,13269.41,7.66,False,8459.06,5.28,False,11946.97,1.31,False, 208 Po  84    8395.17    6.69   4704.01    2.49 -19184.15   15.39  13269.41    7.66   8459.06    5.28  11946.97    1.31
2012,rct2,123,85,208,At,7314.04,15.28,False,2613.3,11.14,False,-23228.76,56.43,False,16429.54,9.77,False,9903.63,22.19,False,14240.93,10.28,False, 208 At  85    7314.04   15.28   2613.30   11.14 -23228.76   56.43  16429.54    9.77   9903.63   22.19  14240.93   10.28
2012,rct2,122,86,208,Rn,9091.83,14.02,False,3717.29,16.67,False,-26329.23,35.61,False,13484.57,18.73,False,8179.08,18.76,False,13500.38,23.16,False, 208 Rn  86    9091.83   14.02   3717.29   16.67 -26329.23   35.61  13484.57   18.73   8179.08   18.76  13500.38   23.16
2012,rct2,121,87,208,Fr,7892.79,20.89,False,1320.07,14.21,False,,,False,17160.39,18.65,False,9912.09,51.61,False,15950.84,18.94,False, 208 Fr  87    7892.79   20.89   1320.07   14.21      *             17160.39   18.65   9912.09   51.61  15950.84   18.94
2012,rct2,120,88,208,Ra,9895.22,57.36,False,2729.64,23.3,False,,,False,13668.29,32.12,False,7888.86,17.25,False,15075.25,52.64,False, 208 Ra  88    9895.22   57.36   2729.64   23.30      *             13668.29   32.12   7888.86   17.25  15075.25   52.64
2012,rct2,119,89,208,Ac,8458.28,75.12,False,68.73,78.48,False,,,False,17904.13,58.56,False,9784.36,89.88,False,17715.35,56.27,False, 208 Ac  89    8458.28   75.12     68.73   78.48      *             17904.13   58.56   9784.36   89.88  17715.35   56.27
2012,rct2,118,90,208,Th,,,False,1761.07,60.7,False,,,False,13923.0,79.0,True,,,False,16481.57,78.22,False, 208 Th  90       *              1761.07   60.70      *             13923#     79#        *             16481.57   78.22
2012,rct2,130,79,209,Au,4438.0,499.0,True,,,False,15790.0,401.0,True,,,False,12027.0,499.0,True,,,False,0209 Au  79    4438#    499#        *             15790#    401#        *             12027#    499#        *           
2012,rct2,129,80,209,Hg,3450.0,152.0,True,9832.0,333.0,True,7721.0,149.0,True,12872.0,333.0,True,10434.0,333.0,True,6634.0,333.0,True, 209 Hg  80    3450#    152#     9832#    333#     7721#    149#    12872#    333#    10434#    333#     6634#    333#  
2012,rct2,128,81,209,Tl,4959.8,8.09,False,7661.24,31.77,False,-755.31,9.48,False,13560.58,30.87,False,12171.58,21.92,False,6223.0,298.0,True, 209 Tl  81    4959.80    8.09   7661.24   31.77   -755.31    9.48  13560.58   30.87  12171.58   21.92   6223#    298#  
2012,rct2,127,82,209,Pb,3937.37,1.34,False,8153.9,2.17,False,-8685.3,20.48,False,14130.09,5.58,False,9502.78,1.36,False,8977.48,20.43,False, 209 Pb  82    3937.37    1.34   8153.90    2.17  -8685.30   20.48  14130.09    5.58   9502.78    1.36   8977.48   20.43
2012,rct2,126,83,209,Bi,7459.76,1.86,False,3799.05,0.78,False,-14490.19,14.73,False,14904.18,0.77,False,10390.97,0.77,False,9641.09,0.78,False, 209 Bi  83    7459.76    1.86   3799.05    0.78 -14490.19   14.73  14904.18    0.77  10390.97    0.77   9641.09    0.78
2012,rct2,125,84,209,Po,6967.74,1.89,False,4784.83,2.43,False,-18219.67,50.45,False,14399.35,2.52,False,8526.24,7.67,False,13065.89,1.36,False, 209 Po  84    6967.74    1.89   4784.83    2.43 -18219.67   50.45  14399.35    2.52   8526.24    7.67  13065.89    1.36
2012,rct2,124,85,209,At,8484.05,10.28,False,2702.18,5.28,False,-21726.68,50.87,False,14973.75,8.32,False,10170.05,6.46,False,12791.8,9.12,False, 209 At  85    8484.05   10.28   2702.18    5.28 -21726.68   50.87  14973.75    8.32  10170.05    6.46  12791.80    9.12
2012,rct2,123,86,209,Rn,7344.92,23.25,False,3748.17,22.28,False,-25465.61,88.83,False,15008.89,23.89,False,8364.22,25.37,False,14905.94,20.8,False, 209 Rn  86    7344.92   23.25   3748.17   22.28 -25465.61   88.83  15008.89   23.89   8364.22   25.37  14905.94   20.80
2012,rct2,122,87,209,Fr,9173.46,18.59,False,1401.7,18.41,False,,,False,15577.56,16.97,False,10211.49,20.8,False,14307.43,20.95,False, 209 Fr  87    9173.46   18.59   1401.70   18.41      *             15577.56   16.97  10211.49   20.80  14307.43   20.95
2012,rct2,121,88,209,Ra,7932.21,52.71,False,2769.06,51.68,False,,,False,15409.24,53.37,False,7960.64,57.76,False,16615.9,52.53,False, 209 Ra  88    7932.21   52.71   2769.06   51.68      *             15409.24   53.37   7960.64   57.76  16615.90   52.53
2012,rct2,120,89,209,Ac,9986.14,75.27,False,159.65,52.89,False,,,False,16016.23,74.93,False,10142.56,53.72,False,15733.21,57.93,False, 209 Ac  89    9986.14   75.27    159.65   52.89      *             16016.23   74.93  10142.56   53.72  15733.21   57.93
2012,rct2,119,90,209,Th,8208.53,92.84,False,1511.32,102.85,False,,,False,16101.5,100.06,False,7939.0,112.0,True,18617.38,88.3,False, 209 Th  90    8208.53   92.84   1511.32  102.85      *             16101.50  100.06   7939#    112#    18617.38   88.30
2012,rct2,131,79,210,Au,3274.0,566.0,True,,,False,17120.0,401.0,True,,,False,,,False,,,False,0210 Au  79    3274#    566#        *             17120#    401#        *                 *                 *           
2012,rct2,130,80,210,Hg,4792.0,246.0,True,10186.0,446.0,True,10587.0,196.0,True,11447.0,357.0,True,10304.0,357.0,True,,,False, 210 Hg  80    4792#    246#    10186#    446#    10587#    196#    11447#    357#    10304#    357#        *           
2012,rct2,129,81,210,Tl,3679.69,14.03,False,7891.0,149.0,True,2725.61,13.86,False,14730.16,32.86,False,12105.45,31.99,False,7206.0,298.0,True, 210 Tl  81    3679.69   14.03   7891#    149#     2725.61   13.86  14730.16   32.86  12105.45   31.99   7206#    298#  
2012,rct2,128,82,210,Pb,5185.18,1.25,False,8379.28,8.06,False,-5123.45,4.73,False,12732.02,1.93,False,11169.48,5.5,False,7405.86,29.85,False, 210 Pb  82    5185.18    1.25   8379.28    8.06  -5123.45    4.73  12732.02    1.93  11169.48    5.50   7405.86   29.85
2012,rct2,127,83,210,Bi,4604.63,0.08,False,4466.32,1.15,False,-11458.96,15.21,False,17667.41,0.77,False,12524.11,0.77,False,11888.34,5.47,False, 210 Bi  83    4604.63    0.08   4466.32    1.15 -11458.96   15.21  17667.41    0.77  12524.11    0.77  11888.34    5.47
2012,rct2,126,84,210,Po,7658.44,1.36,False,4983.52,0.77,False,-16413.01,15.08,False,13627.82,2.01,False,8965.47,2.12,False,12145.23,0.12,False, 210 Po  84    7658.44    1.36   4983.52    0.77 -16413.01   15.08  13627.82    2.01   8965.47    2.12  12145.23    0.12
2012,rct2,125,85,210,At,7160.61,9.17,False,2895.06,7.73,False,-20761.28,57.92,False,16208.3,7.72,False,10037.7,10.05,False,13728.86,7.9,False, 210 At  85    7160.61    9.17   2895.06    7.73 -20761.28   57.92  16208.30    7.72  10037.70   10.05  13728.86    7.90
2012,rct2,124,86,210,Rn,8747.03,20.91,False,4011.14,6.81,False,-23664.17,19.44,False,13575.9,10.01,False,8486.43,13.21,False,13187.17,8.04,False, 210 Rn  86    8747.03   20.91   4011.14    6.81 -23664.17   19.44  13575.90   10.01   8486.43   13.21  13187.17    8.04
2012,rct2,123,87,210,Fr,7635.87,21.02,False,1692.65,25.43,False,,,False,17033.53,18.81,False,10166.26,17.38,False,15540.8,19.57,False, 210 Fr  87    7635.87   21.02   1692.65   25.43      *             17033.53   18.81  10166.26   17.38  15540.80   19.57
2012,rct2,122,88,210,Ra,9465.1,52.63,False,3060.7,21.06,False,,,False,13836.93,18.93,False,8168.71,23.13,False,14741.43,17.35,False, 210 Ra  88    9465.10   52.63   3060.70   21.06      *             13836.93   18.93   8168.71   23.13  14741.43   17.35
2012,rct2,121,89,210,Ac,8126.01,76.53,False,353.44,76.4,False,,,False,17785.44,59.43,False,10114.79,79.68,False,17280.36,60.01,False, 210 Ac  89    8126.01   76.53    353.44   76.40      *             17785.44   59.43  10114.79   79.68  17280.36   60.01
2012,rct2,120,90,210,Th,10548.47,88.49,False,2073.65,54.03,False,,,False,14011.31,58.84,False,7777.59,53.82,False,16167.14,58.41,False, 210 Th  90   10548.47   88.49   2073.65   54.03      *             14011.31   58.84   7777.59   53.82  16167.14   58.41
2012,rct2,131,80,211,Hg,3330.0,277.0,True,10242.0,446.0,True,11808.0,196.0,True,12555.0,446.0,True,10341.0,357.0,True,,,False,0211 Hg  80    3330#    277#    10242#    446#    11808#    196#    12555#    446#    10341#    357#        *           
2012,rct2,130,81,211,Tl,4903.27,43.5,False,8002.0,200.0,True,5568.83,42.01,False,13277.0,155.0,True,12051.46,51.98,False,5670.0,301.0,True, 211 Tl  81    4903.27   43.50   8002#    200#     5568.83   42.01  13277#    155#    12051.46   51.98   5670#    301#  
2012,rct2,129,82,211,Pb,3834.64,2.83,False,8534.22,11.8,False,-1736.29,7.24,False,13857.18,8.02,False,11121.95,2.8,False,8420.51,30.85,False, 211 Pb  82    3834.64    2.83   8534.22   11.80  -1736.29    7.24  13857.18    8.02  11121.95    2.80   8420.51   30.85
2012,rct2,128,83,211,Bi,5138.01,5.48,False,4419.15,5.5,False,-7718.34,13.16,False,16466.77,5.58,False,14753.97,5.43,False,10537.43,5.6,False, 211 Bi  83    5138.01    5.48   4419.15    5.50  -7718.34   13.16  16466.77    5.58  14753.97    5.43  10537.43    5.60
2012,rct2,127,84,211,Po,4550.75,0.52,False,4929.63,0.93,False,-13264.15,8.03,False,16536.83,0.93,False,11301.64,2.08,False,14962.35,0.51,False, 211 Po  84    4550.75    0.52   4929.63    0.93 -13264.15    8.03  16536.83    0.93  11301.64    2.08  14962.35    0.51
2012,rct2,126,85,211,At,7746.49,8.01,False,2983.1,2.49,False,-18849.05,53.05,False,15429.55,2.83,False,10686.38,2.81,False,12869.28,3.01,False, 211 At  85    7746.49    8.01   2983.10    2.49 -18849.05   53.05  15429.55    2.83  10686.38    2.81  12869.28    3.01
2012,rct2,125,86,211,Rn,7221.79,8.17,False,4072.32,10.15,False,-22661.72,74.84,False,14838.16,8.44,False,8578.67,11.23,False,14360.54,6.84,False, 211 Rn  86    7221.79    8.17   4072.32   10.15 -22661.72   74.84  14838.16    8.44   8578.67   11.23  14360.54    6.84
2012,rct2,124,87,211,Fr,8878.63,19.31,False,1824.25,12.82,False,,,False,15499.81,23.68,False,10379.46,16.37,False,13976.21,14.94,False, 211 Fr  87    8878.63   19.31   1824.25   12.82      *             15499.81   23.68  10379.46   16.37  13976.21   14.94
2012,rct2,123,88,211,Ra,7699.61,17.07,False,3124.44,17.11,False,,,False,15310.79,16.69,False,8361.89,13.87,False,16133.65,13.67,False, 211 Ra  88    7699.61   17.07   3124.44   17.11      *             15310.79   16.69   8361.89   13.87  16133.65   13.67
2012,rct2,122,89,211,Ac,9658.73,78.11,False,547.07,55.09,False,,,False,16058.93,73.13,False,10351.28,55.16,False,15514.43,54.19,False, 211 Ac  89    9658.73   78.11    547.07   55.09      *             16058.93   73.13  10351.28   55.16  15514.43   54.19
2012,rct2,121,90,211,Th,8224.24,76.89,False,2171.89,94.07,False,,,False,15773.2,90.08,False,8011.63,93.05,False,17838.12,76.09,False, 211 Th  90    8224.24   76.89   2171.89   94.07      *             15773.20   90.08   8011.63   93.05  17838.12   76.09
2012,rct2,132,80,212,Hg,4690.0,357.0,True,,,False,13126.0,298.0,True,11139.0,499.0,True,10090.0,499.0,True,,,False,0212 Hg  80    4690#    357#        *             13126#    298#    11139#    499#    10090#    499#        *           
2012,rct2,131,81,212,Tl,3544.0,205.0,True,8216.0,280.0,True,7077.0,200.0,True,14525.0,280.0,True,11957.0,250.0,True,6564.0,448.0,True, 212 Tl  81    3544#    205#     8216#    280#     7077#    200#    14525#    280#    11957#    250#     6564#    448#  
2012,rct2,130,82,212,Pb,5127.26,2.48,False,8758.21,41.97,False,1112.0,3.62,False,12409.61,11.69,False,10954.49,8.03,False,6743.0,149.0,True, 212 Pb  82    5127.26    2.48   8758.21   41.97   1112.00    3.62  12409.61   11.69  10954.49    8.03   6743#    149#  
2012,rct2,129,83,212,Bi,4330.17,5.6,False,4914.68,2.8,False,-4601.23,8.98,False,17321.77,1.93,False,14361.16,2.17,False,11167.06,8.09,False, 212 Bi  83    4330.17    5.60   4914.68    2.80  -4601.23    8.98  17321.77    1.93  14361.16    2.17  11167.06    8.09
2012,rct2,128,84,212,Po,6008.23,0.52,False,5799.85,5.43,False,-10170.37,11.21,False,15133.23,0.78,False,12753.16,0.78,False,12891.48,1.35,False, 212 Po  84    6008.23    0.52   5799.85    5.43 -10170.37   11.21  15133.23    0.78  12753.16    0.78  12891.48    1.35
2012,rct2,127,85,212,At,5052.28,3.07,False,3484.63,2.16,False,-15905.71,51.34,False,18035.71,2.1,False,12601.84,2.5,False,15276.76,1.96,False, 212 At  85    5052.28    3.07   3484.63    2.16 -15905.71   51.34  18035.71    2.10  12601.84    2.50  15276.76    1.96
2012,rct2,126,86,212,Rn,7975.55,7.33,False,4301.38,3.84,False,-20757.11,16.26,False,14023.22,8.15,False,9087.17,5.89,False,13352.73,3.23,False, 212 Rn  86    7975.55    7.33   4301.38    3.84 -20757.11   16.26  14023.22    8.15   9087.17    5.89  13352.73    3.23
2012,rct2,125,87,212,Fr,7447.28,14.85,False,2049.74,11.11,False,-25129.23,75.38,False,16799.56,9.88,False,10277.1,22.22,False,15012.98,10.15,False, 212 Fr  87    7447.28   14.85   2049.74   11.11 -25129.23   75.38  16799.56    9.88  10277.10   22.22  15012.98   10.15
2012,rct2,124,88,212,Ra,9102.01,13.78,False,3347.83,16.45,False,,,False,13844.64,18.88,False,8433.34,18.49,False,14376.55,23.31,False, 212 Ra  88    9102.01   13.78   3347.83   16.45      *             13844.64   18.88   8433.34   18.49  14376.55   23.31
2012,rct2,123,89,212,Ac,7995.61,73.73,False,843.07,51.89,False,,,False,17528.41,53.46,False,10287.88,71.91,False,16692.28,53.35,False, 212 Ac  89    7995.61   73.73    843.07   51.89      *             17528.41   53.46  10287.88   71.91  16692.28   53.35
2012,rct2,122,90,212,Th,9880.16,76.23,False,2393.32,55.35,False,,,False,14019.05,59.6,False,8117.61,53.09,False,15890.17,52.9,False, 212 Th  90    9880.16   76.23   2393.32   55.35      *             14019.05   59.60   8117.61   53.09  15890.17   52.90
2012,rct2,121,91,212,Pa,,,False,-417.77,105.63,False,,,False,18264.62,77.22,False,9940.72,114.36,False,18415.54,90.37,False, 212 Pa  91       *              -417.77  105.63      *             18264.62   77.22   9940.72  114.36  18415.54   90.37
2012,rct2,133,80,213,Hg,3162.0,422.0,True,,,False,14319.0,298.0,True,,,False,10202.0,499.0,True,,,False,0213 Hg  80    3162#    422#        *             14319#    298#        *             10202#    499#        *           
2012,rct2,132,81,213,Tl,4737.0,202.0,True,8262.0,299.0,True,8362.97,27.46,False,13119.0,197.0,True,12013.0,197.0,True,5101.0,401.0,True, 213 Tl  81    4737#    202#     8262#    299#     8362.97   27.46  13119#    197#    12013#    197#     5101#    401#  
2012,rct2,131,82,213,Pb,3725.72,6.64,False,8940.0,200.0,True,2496.24,8.71,False,13587.16,42.45,False,10908.46,13.31,False,7810.0,196.0,True, 213 Pb  82    3725.72    6.64   8940#    200#     2496.24    8.71  13587.16   42.45  10908.46   13.31   7810#    196#  
2012,rct2,130,83,213,Bi,5184.58,5.3,False,4972.01,5.21,False,-1677.6,7.23,False,15971.83,5.19,False,14361.76,5.25,False,9662.17,12.62,False, 213 Bi  83    5184.58    5.30   4972.01    5.21  -1677.60    7.23  15971.83    5.19  14361.76    5.25   9662.17   12.62
2012,rct2,129,84,213,Po,4355.36,2.86,False,5825.04,3.31,False,-7011.01,20.76,False,15915.88,6.11,False,13002.44,2.78,False,13721.3,2.83,False, 213 Po  84    4355.36    2.86   5825.04    3.31  -7011.01   20.76  15915.88    6.11  13002.44    2.78  13721.30    2.83
2012,rct2,128,85,213,At,6022.69,5.09,False,3499.09,4.77,False,-12735.42,52.34,False,16563.77,4.79,False,14237.59,4.77,False,13858.71,4.7,False, 213 At  85    6022.69    5.09   3499.09    4.77 -12735.42   52.34  16563.77    4.79  14237.59    4.77  13858.71    4.70
2012,rct2,127,86,213,Rn,5109.96,6.27,False,4359.07,5.93,False,-17815.9,71.23,False,16659.75,6.07,False,11137.83,9.41,False,15901.21,5.54,False, 213 Rn  86    5109.96    6.27   4359.07    5.93 -17815.90   71.23  16659.75    6.07  11137.83    9.41  15901.21    5.54
2012,rct2,126,87,213,Fr,8108.21,10.14,False,2182.41,5.89,False,-23215.81,71.32,False,15913.14,8.44,False,10915.91,6.8,False,14065.38,9.16,False, 213 Fr  87    8108.21   10.14   2182.41    5.89 -23215.81   71.32  15913.14    8.44  10915.91    6.80  14065.38    9.16
2012,rct2,125,88,213,Ra,7514.71,23.42,False,3415.25,22.34,False,,,False,15208.56,23.79,False,8554.49,25.53,False,15608.87,21.03,False, 213 Ra  88    7514.71   23.42   3415.25   22.34      *             15208.56   23.79   8554.49   25.53  15608.87   21.03
2012,rct2,124,89,213,Ac,9192.98,73.11,False,934.03,53.31,False,,,False,16035.05,52.71,False,10560.0,54.25,False,15135.17,54.24,False, 213 Ac  89    9192.98   73.11    934.03   53.31      *             16035.05   52.71  10560.00   54.25  15135.17   54.24
2012,rct2,123,90,213,Th,8051.17,72.79,False,2448.88,87.59,False,,,False,15626.6,88.59,False,8192.44,91.3,False,17304.1,72.6,False, 213 Th  90    8051.17   72.79   2448.88   87.59      *             15626.60   88.59   8192.44   91.30  17304.10   72.60
2012,rct2,122,91,213,Pa,10021.64,103.28,False,-276.29,72.93,False,,,False,16467.23,103.03,False,10467.55,73.61,False,16519.91,91.41,False, 213 Pa  91   10021.64  103.28   -276.29   72.93      *             16467.23  103.03  10467.55   73.61  16519.91   91.41
2012,rct2,134,80,214,Hg,4560.0,499.0,True,,,False,15648.0,401.0,True,,,False,,,False,,,False,0214 Hg  80    4560#    499#        *             15648#    401#        *                 *                 *           
2012,rct2,133,81,214,Tl,3391.0,197.0,True,8491.0,357.0,True,9844.0,196.0,True,14418.0,357.0,True,11953.0,277.0,True,,,False, 214 Tl  81    3391#    197#     8491#    357#     9844#    196#    14418#    357#    11953#    277#        *           
2012,rct2,132,82,214,Pb,5050.46,6.66,False,9253.57,27.11,False,4138.59,9.43,False,12081.0,200.0,True,10761.27,41.98,False,6090.0,196.0,True, 214 Pb  82    5050.46    6.66   9253.57   27.11   4138.59    9.43  12081#    200#    10761.27   41.98   6090#    196#  
2012,rct2,131,83,214,Bi,4040.87,12.26,False,5287.16,12.97,False,-241.64,14.08,False,17058.21,11.3,False,14155.52,11.42,False,10524.57,43.39,False, 214 Bi  83    4040.87   12.26   5287.16   12.97   -241.64   14.08  17058.21   11.30  14155.52   11.42  10524.57   43.39
2012,rct2,130,84,214,Po,5887.84,2.83,False,6528.3,5.25,False,-4562.5,5.4,False,14358.22,1.94,False,12252.61,5.5,False,11668.1,2.83,False, 214 Po  84    5887.84    2.83   6528.30    5.25  -4562.50    5.40  14358.22    1.94  12252.61    5.50  11668.10    2.83
2012,rct2,129,85,214,At,4871.55,6.22,False,4015.29,4.94,False,-9823.93,15.95,False,17700.45,4.15,False,13916.78,4.18,False,14125.16,6.83,False, 214 At  85    4871.55    6.22   4015.29    4.94  -9823.93   15.95  17700.45    4.15  13916.78    4.18  14125.16    6.83
2012,rct2,128,86,214,Rn,6692.81,10.67,False,5029.19,10.29,False,-15031.71,18.43,False,15019.22,9.35,False,12191.51,9.45,False,13759.15,9.13,False, 214 Rn  86    6692.81   10.67   5029.19   10.29 -15031.71   18.43  15019.22    9.35  12191.51    9.45  13759.15    9.13
2012,rct2,127,87,214,Fr,5476.83,9.97,False,2549.28,10.19,False,-20443.64,76.61,False,18411.85,9.05,False,12660.87,10.88,False,16335.03,8.91,False, 214 Fr  87    5476.83    9.97   2549.28   10.19 -20443.64   76.61  18411.85    9.05  12660.87   10.88  16335.03    8.91
2012,rct2,126,88,214,Ra,8336.36,21.19,False,3643.4,7.28,False,,,False,14319.48,10.21,False,9096.77,13.08,False,14494.31,8.57,False, 214 Ra  88    8336.36   21.19   3643.40    7.28      *             14319.48   10.21   9096.77   13.08  14494.31    8.57
2012,rct2,125,89,214,Ac,7783.05,54.3,False,1202.37,25.65,False,,,False,17354.01,19.05,False,10476.56,17.29,False,16230.75,19.47,False, 214 Ac  89    7783.05   54.30   1202.37   25.65      *             17354.01   19.05  10476.56   17.29  16230.75   19.47
2012,rct2,124,90,214,Th,9477.0,72.8,False,2732.9,54.52,False,,,False,14145.21,53.74,False,8374.17,55.36,False,15526.71,17.9,False, 214 Th  90    9477.00   72.80   2732.90   54.52      *             14145.21   53.74   8374.17   55.36  15526.71   17.90
2012,rct2,123,91,214,Pa,8249.01,104.19,False,-78.46,104.1,False,,,False,18098.38,77.8,False,10442.79,106.53,False,17929.63,92.74,False, 214 Pa  91    8249.01  104.19    -78.46  104.10      *             18098.38   77.80  10442.79  106.53  17929.63   92.74
2012,rct2,135,80,215,Hg,3041.0,566.0,True,,,False,16748.0,401.0,True,,,False,,,False,,,False,0215 Hg  80    3041#    566#        *             16748#    401#        *                 *                 *           
2012,rct2,134,81,215,Tl,4625.0,357.0,True,8556.0,499.0,True,11166.0,298.0,True,12956.0,422.0,True,12018.0,422.0,True,,,False, 215 Tl  81    4625#    357#     8556#    499#    11166#    298#    12956#    422#    12018#    422#        *           
2012,rct2,133,82,215,Pb,3474.0,101.0,True,9337.0,220.0,True,5585.0,102.0,True,13343.0,105.0,True,10831.0,224.0,True,7306.0,315.0,True, 215 Pb  82    3474#    101#     9337#    220#     5585#    102#    13343#    105#    10831#    224#     7306#    315#  
2012,rct2,132,83,215,Bi,5222.91,18.66,False,5459.6,15.09,False,1330.16,16.5,False,15561.03,16.33,False,14059.88,15.06,False,8846.0,201.0,True, 215 Bi  83    5222.91   18.66   5459.60   15.09   1330.16   16.50  15561.03   16.33  14059.88   15.06   8846#    201#  
2012,rct2,131,84,215,Po,4141.84,2.72,False,6629.27,11.39,False,-3074.19,7.96,False,15400.95,5.13,False,12440.94,2.69,False,12653.51,2.35,False, 215 Po  84    4141.84    2.72   6629.27   11.39  -3074.19    7.96  15400.95    5.13  12440.94    2.69  12653.51    2.35
2012,rct2,130,85,215,At,5946.78,7.95,False,4074.23,6.85,False,-7285.83,14.14,False,16109.02,7.35,False,13978.23,6.79,False,12508.55,6.93,False, 215 At  85    5946.78    7.95   4074.23    6.85  -7285.83   14.14  16109.02    7.35  13978.23    6.79  12508.55    6.93
2012,rct2,129,86,215,Rn,4920.13,11.86,False,5077.77,8.65,False,-12089.75,11.71,False,16121.77,8.96,False,12323.65,7.87,False,14847.25,7.59,False, 215 Rn  86    4920.13   11.86   5077.77    8.65 -12089.75   11.71  16121.77    8.96  12323.65    7.87  14847.25    7.59
2012,rct2,128,87,215,Fr,6794.7,11.04,False,2651.17,11.48,False,-17550.36,73.19,False,16727.11,8.91,False,13841.72,7.57,False,14592.61,7.2,False, 215 Fr  87    6794.70   11.04   2651.17   11.48 -17550.36   73.19  16727.11    8.91  13841.72    7.57  14592.61    7.20
2012,rct2,127,88,215,Ra,5630.16,9.22,False,3796.72,11.4,False,,,False,16797.54,9.1,False,10913.89,11.62,False,16839.7,8.08,False, 215 Ra  88    5630.16    9.22   3796.72   11.40      *             16797.54    9.10  10913.89   11.62  16839.70    8.08
2012,rct2,126,89,215,Ac,8484.88,19.73,False,1350.9,13.46,False,,,False,16383.84,24.0,False,11093.7,16.76,False,15193.15,15.19,False, 215 Ac  89    8484.88   19.73   1350.90   13.46      *             16383.84   24.00  11093.70   16.76  15193.15   15.19
2012,rct2,125,90,215,Th,7862.09,18.33,False,2811.94,17.73,False,,,False,15476.1,52.86,False,8507.69,52.04,False,16766.63,14.33,False, 215 Th  90    7862.09   18.33   2811.94   17.73      *             15476.10   52.86   8507.69   52.04  16766.63   14.33
2012,rct2,124,91,215,Pa,9687.98,105.36,False,132.52,74.59,False,,,False,16461.58,101.72,False,10634.97,74.59,False,16237.26,89.09,False, 215 Pa  91    9687.98  105.36    132.52   74.59      *             16461.58  101.72  10634.97   74.59  16237.26   89.09
2012,rct2,136,80,216,Hg,4420.0,566.0,True,,,False,18075.0,401.0,True,,,False,,,False,,,False,0216 Hg  80    4420#    566#        *             18075#    401#        *                 *                 *           
2012,rct2,135,81,216,Tl,3265.0,422.0,True,8779.0,499.0,True,12460.0,298.0,True,14250.0,499.0,True,11915.0,422.0,True,,,False, 216 Tl  81    3265#    422#     8779#    499#    12460#    298#    14250#    499#    11915#    422#        *           
2012,rct2,134,82,216,Pb,5008.0,220.0,True,9720.0,357.0,True,7227.0,196.0,True,11726.0,277.0,True,10560.0,197.0,True,5460.0,357.0,True, 216 Pb  82    5008#    220#     9720#    357#     7227#    196#    11726#    277#    10560#    197#     5460#    357#  
2012,rct2,133,83,216,Bi,3845.91,18.63,False,5831.0,102.0,True,2902.65,11.94,False,16765.58,11.42,False,13939.69,13.02,False,9736.58,29.23,False, 216 Bi  83    3845.91   18.63   5831#    102#     2902.65   11.94  16765.58   11.42  13939.69   13.02   9736.58   29.23
2012,rct2,132,84,216,Po,5747.2,2.32,False,7153.57,15.06,False,-1507.38,8.92,False,13694.62,11.29,False,11878.32,5.19,False,10632.03,6.63,False, 216 Po  84    5747.20    2.32   7153.57   15.06  -1507.38    8.92  13694.62   11.29  11878.32    5.19  10632.03    6.63
2012,rct2,131,85,216,At,4558.93,7.57,False,4491.31,4.07,False,-5886.97,11.42,False,17437.94,3.62,False,13774.66,4.51,False,13134.21,6.12,False, 216 At  85    4558.93    7.57   4491.31    4.07  -5886.97   11.42  17437.94    3.62  13774.66    4.51  13134.21    6.12
2012,rct2,130,86,216,Rn,6649.89,9.6,False,5780.87,8.98,False,-10045.37,13.35,False,14343.44,7.2,False,11696.45,7.57,False,12552.72,6.54,False, 216 Rn  86    6649.89    9.60   5780.87    8.98 -10045.37   13.35  14343.44    7.20  11696.45    7.57  12552.72    6.54
2012,rct2,129,87,216,Fr,5418.4,7.98,False,3149.43,8.59,False,-14828.5,53.6,False,18001.53,9.96,False,13533.28,6.84,False,15196.9,6.14,False, 216 Fr  87    5418.40    7.98   3149.43    8.59 -14828.50   53.60  18001.53    9.96  13533.28    6.84  15196.90    6.14
2012,rct2,128,88,216,Ra,7314.01,11.48,False,4316.03,11.12,False,,,False,14960.37,12.18,False,11708.1,10.06,False,14635.65,10.28,False, 216 Ra  88    7314.01   11.48   4316.03   11.12      *             14960.37   12.18  11708.10   10.06  14635.65   10.28
2012,rct2,127,89,216,Ac,5957.78,16.47,False,1678.52,13.25,False,,,False,18762.41,12.03,False,12650.62,23.23,False,17343.58,11.98,False, 216 Ac  89    5957.78   16.47   1678.52   13.25      *             18762.41   12.03  12650.62   23.23  17343.58   11.98
2012,rct2,126,90,216,Th,8694.27,14.95,False,3021.33,17.29,False,,,False,14564.88,19.52,False,9006.4,53.48,False,15587.07,23.8,False, 216 Th  90    8694.27   14.95   3021.33   17.29      *             14564.88   19.52   9006.40   53.48  15587.07   23.80
2012,rct2,125,91,216,Pa,8140.26,90.34,False,410.69,54.16,False,,,False,17798.31,55.79,False,10545.88,88.86,False,17289.98,74.64,False, 216 Pa  91    8140.26   90.34    410.69   54.16      *             17798.31   55.79  10545.88   88.86  17289.98   74.64
2012,rct2,136,81,217,Tl,4476.0,499.0,True,8835.0,566.0,True,13917.0,401.0,True,12816.0,566.0,True,11999.0,566.0,True,,,False,0217 Tl  81    4476#    499#     8835#    566#    13917#    401#    12816#    566#    11999#    566#        *           
2012,rct2,135,82,217,Pb,3311.0,357.0,True,9767.0,422.0,True,8581.0,298.0,True,13040.0,422.0,True,10639.0,357.0,True,6708.0,499.0,True, 217 Pb  82    3311#    357#     9767#    422#     8581#    298#    13040#    422#    10639#    357#     6708#    499#  
2012,rct2,134,83,217,Bi,5215.35,20.93,False,6039.0,196.0,True,4415.02,18.87,False,15024.0,103.0,True,13774.8,17.85,False,7912.0,196.0,True, 217 Bi  83    5215.35   20.93   6039#    196#     4415.02   18.87  15024#    103#    13774.80   17.85   7912#    196#  
2012,rct2,133,84,217,Po,3969.97,6.2,False,7277.63,12.81,False,-2.39,10.52,False,14947.55,16.16,False,11949.21,12.75,False,11712.52,6.23,False, 217 Po  84    3969.97    6.20   7277.63   12.81     -2.39   10.52  14947.55   16.16  11949.21   12.75  11712.52    6.23
2012,rct2,132,85,217,At,5932.92,6.05,False,4677.03,5.11,False,-4307.83,12.46,False,15646.86,5.04,False,13729.59,5.17,False,11242.16,12.23,False, 217 At  85    5932.92    6.05   4677.03    5.11  -4307.83   12.46  15646.86    5.04  13729.59    5.17  11242.16   12.23
2012,rct2,131,86,217,Rn,4665.63,7.15,False,5887.57,5.35,False,-8559.2,21.34,False,15624.59,7.89,False,11902.38,5.72,False,13774.93,4.04,False, 217 Rn  86    4665.63    7.15   5887.57    5.35  -8559.20   21.34  15624.59    7.89  11902.38    5.72  13774.93    4.04
2012,rct2,130,87,217,Fr,6727.71,7.51,False,3227.26,8.72,False,-12755.02,52.7,False,16193.94,9.95,False,13498.38,11.16,False,13340.74,7.58,False, 217 Fr  87    6727.71    7.51   3227.26    8.72 -12755.02   52.70  16193.94    9.95  13498.38   11.16  13340.74    7.58
2012,rct2,129,88,217,Ra,5474.96,12.09,False,4372.59,9.35,False,-17084.0,101.0,True,16280.1,10.95,False,11709.97,12.02,False,15853.5,12.42,False, 217 Ra  88    5474.96   12.09   4372.59    9.35 -17084#    101#    16280.10   10.95  11709.97   12.02  15853.50   12.42
2012,rct2,128,89,217,Ac,7512.06,15.72,False,1876.57,14.31,False,,,False,16880.51,13.66,False,13474.92,12.52,False,15308.36,14.25,False, 217 Ac  89    7512.06   15.72   1876.57   14.31      *             16880.51   13.66  13474.92   12.52  15308.36   14.25
2012,rct2,127,90,217,Th,6151.79,24.14,False,3215.34,23.57,False,,,False,16897.97,24.33,False,10637.65,25.97,False,17771.63,21.57,False, 217 Th  90    6151.79   24.14   3215.34   23.57      *             16897.97   24.33  10637.65   25.97  17771.63   21.57
2012,rct2,126,91,217,Pa,8801.19,74.77,False,517.61,53.67,False,,,False,16859.22,53.05,False,11221.69,54.71,False,16271.84,54.48,False, 217 Pa  91    8801.19   74.77    517.61   53.67      *             16859.22   53.05  11221.69   54.71  16271.84   54.48
2012,rct2,125,92,217,U,,,False,2117.0,114.0,True,,,False,15813.0,124.0,True,8350.0,126.0,True,17905.0,101.0,True, 217 U   92       *              2117#    114#        *             15813#    124#     8350#    126#    17905#    101#  
2012,rct2,137,81,218,Tl,3293.0,566.0,True,,,False,14993.0,401.0,True,13943.0,566.0,True,11748.0,566.0,True,,,False,0218 Tl  81    3293#    566#        *             14993#    401#    13943#    566#    11748#    566#        *           
2012,rct2,136,82,218,Pb,4858.0,422.0,True,10149.0,499.0,True,10236.0,298.0,True,11447.0,422.0,True,10406.0,422.0,True,4892.0,499.0,True, 218 Pb  82    4858#    422#    10149#    499#    10236#    298#    11447#    422#    10406#    422#     4892#    499#  
2012,rct2,135,83,218,Bi,3585.24,32.29,False,6313.0,299.0,True,6156.57,27.43,False,16447.0,197.0,True,13664.0,105.0,True,8951.0,299.0,True, 218 Bi  83    3585.24   32.29   6313#    299#     6156.57   27.43  16447#    197#    13664#    105#     8951#    299#  
2012,rct2,134,84,218,Po,5597.84,6.23,False,7660.13,17.85,False,1707.35,11.37,False,13195.62,11.42,False,11574.28,15.09,False,9589.0,101.0,True, 218 Po  84    5597.84    6.23   7660.13   17.85   1707.35   11.37  13195.62   11.42  11574.28   15.09   9589#    101#  
2012,rct2,133,85,218,At,4368.16,12.59,False,5075.21,13.1,False,-2745.04,52.03,False,17025.9,11.69,False,13503.27,11.78,False,12096.91,18.9,False, 218 At  85    4368.16   12.59   5075.21   13.10  -2745.04   52.03  17025.90   11.69  13503.27   11.78  12096.91   18.90
2012,rct2,132,86,218,Rn,6512.4,4.44,False,6467.05,5.47,False,-7148.98,10.75,False,13671.12,4.04,False,11336.76,7.08,False,11404.38,3.24,False, 218 Rn  86    6512.40    4.44   6467.05    5.47  -7148.98   10.75  13671.12    4.04  11336.76    7.08  11404.38    3.24
2012,rct2,131,87,218,Fr,5326.79,7.85,False,3888.43,6.07,False,-11624.98,18.94,False,17517.04,7.48,False,13091.72,8.88,False,13960.73,8.21,False, 218 Fr  87    5326.79    7.85   3888.43    6.07 -11624.98   18.94  17517.04    7.48  13091.72    8.88  13960.73    8.21
2012,rct2,130,88,218,Ra,7307.58,13.96,False,4952.46,12.84,False,-15260.52,21.32,False,14390.92,11.82,False,11197.09,13.12,False,13466.05,13.46,False, 218 Ra  88    7307.58   13.96   4952.46   12.84 -15260.52   21.32  14390.92   11.82  11197.09   13.12  13466.05   13.46
2012,rct2,129,89,218,Ac,5930.96,51.99,False,2332.57,51.42,False,,,False,18263.56,51.46,False,13174.12,51.28,False,16172.1,51.2,False, 218 Ac  89    5930.96   51.99   2332.57   51.42      *             18263.56   51.46  13174.12   51.28  16172.10   51.20
2012,rct2,128,90,218,Th,7922.62,23.42,False,3625.91,15.49,False,,,False,14933.13,15.09,False,11199.91,16.26,False,15479.17,12.96,False, 218 Th  90    7922.62   23.42   3625.91   15.49      *             14933.13   15.09  11199.91   16.26  15479.17   12.96
2012,rct2,127,91,218,Pa,6456.84,55.39,False,822.65,27.83,False,,,False,19096.65,21.93,False,12626.94,20.36,False,18299.88,22.12,False, 218 Pa  91    6456.84   55.39    822.65   27.83      *             19096.65   21.93  12626.94   20.36  18299.88   22.12
2012,rct2,126,92,218,U,9131.0,102.0,True,2446.96,55.38,False,,,False,14822.94,56.45,False,8907.25,75.09,False,16636.82,20.26,False, 218 U   92    9131#    102#     2446.96   55.38      *             14822.94   56.45   8907.25   75.09  16636.82   20.26
2012,rct2,137,82,219,Pb,3246.0,499.0,True,10102.0,566.0,True,11448.0,401.0,True,12676.0,566.0,True,10425.0,499.0,True,6066.0,566.0,True,0219 Pb  82    3246#    499#    10102#    566#    11448#    401#    12676#    566#    10425#    499#     6066#    566#  
2012,rct2,136,83,219,Bi,5005.0,197.0,True,6460.0,357.0,True,7664.0,196.0,True,14753.0,357.0,True,13667.0,277.0,True,7211.0,357.0,True, 219 Bi  83    5005#    197#     6460#    357#     7664#    196#    14753#    357#    13667#    277#     7211#    357#  
2012,rct2,135,84,219,Po,3748.76,16.01,False,7823.65,31.31,False,3286.79,17.87,False,14662.2,23.75,False,11671.42,19.38,False,10848.0,196.0,True, 219 Po  84    3748.76   16.01   7823.65   31.31   3286.79   17.87  14662.20   23.75  11671.42   19.38  10848#    196#  
2012,rct2,134,85,219,At,5773.21,12.14,False,5250.58,3.83,False,-1172.64,50.63,False,15222.67,6.94,False,13477.27,3.73,False,10169.6,11.83,False, 219 At  85    5773.21   12.14   5250.58    3.83  -1172.64   50.63  15222.67    6.94  13477.27    3.73  10169.60   11.83
2012,rct2,133,86,219,Rn,4458.26,3.23,False,6557.15,11.78,False,-5642.17,50.63,False,15145.78,5.03,False,11437.43,4.06,False,12693.32,2.3,False, 219 Rn  86    4458.26    3.23   6557.15   11.78  -5642.17   50.63  15145.78    5.03  11437.43    4.06  12693.32    2.30
2012,rct2,132,87,219,Fr,6512.21,8.41,False,3888.23,7.31,False,-9921.9,51.99,False,15670.46,8.1,False,13229.4,9.17,False,12007.46,7.79,False, 219 Fr  87    6512.21    8.41   3888.23    7.31  -9921.90   51.99  15670.46    8.10  13229.40    9.17  12007.46    7.79
2012,rct2,131,88,219,Ra,5328.2,13.8,False,4953.87,9.39,False,-13891.97,51.44,False,15790.43,10.41,False,11287.28,9.11,False,14787.73,10.08,False, 219 Ra  88    5328.20   13.80   4953.87    9.39 -13891.97   51.44  15790.43   10.41  11287.28    9.11  14787.73   10.08
2012,rct2,130,89,219,Ac,7345.6,71.57,False,2370.59,51.69,False,-17707.0,202.0,True,16392.92,51.18,False,13142.53,51.22,False,14244.9,50.63,False, 219 Ac  89    7345.60   71.57   2370.59   51.69 -17707#    202#    16392.92   51.18  13142.53   51.22  14244.90   50.63
2012,rct2,129,90,219,Th,5965.07,51.65,False,3660.02,71.62,False,,,False,16480.12,51.83,False,11192.62,51.73,False,16828.11,51.3,False, 219 Th  90    5965.07   51.65   3660.02   71.62      *             16480.12   51.83  11192.62   51.73  16828.11   51.30
2012,rct2,128,91,219,Pa,8215.28,54.67,False,1115.31,52.58,False,,,False,17033.16,55.61,False,13105.93,52.91,False,16042.38,52.64,False, 219 Pa  91    8215.28   54.67   1115.31   52.58      *             17033.16   55.61  13105.93   52.91  16042.38   52.64
2012,rct2,127,92,219,U,6696.75,53.95,False,2686.88,53.98,False,,,False,16927.38,72.9,False,10350.76,73.71,False,18634.34,52.19,False, 219 U   92    6696.75   53.95   2686.88   53.98      *             16927.38   72.90  10350.76   73.71  18634.34   52.19
2012,rct2,126,93,219,Np,,,False,-76.0,196.0,True,,,False,17016.0,220.0,True,,,False,17123.0,203.0,True, 219 Np  93       *               -76#    196#        *             17016#    220#        *             17123#    203#  
2012,rct2,138,82,220,Pb,4681.0,566.0,True,,,False,13056.0,401.0,True,11288.0,566.0,True,10220.0,566.0,True,,,False,0220 Pb  82    4681#    566#        *             13056#    401#    11288#    566#    10220#    566#        *           
2012,rct2,137,83,220,Bi,3535.0,357.0,True,6749.0,499.0,True,9336.0,298.0,True,16076.0,422.0,True,13443.0,422.0,True,8152.0,499.0,True, 220 Bi  83    3535#    357#     6749#    499#     9336#    298#    16076#    422#    13443#    422#     8152#    499#  
2012,rct2,136,84,220,Po,5489.22,23.75,False,8308.0,196.0,True,4992.93,19.53,False,12758.23,32.29,False,11397.55,25.03,False,8670.0,299.0,True, 220 Po  84    5489.22   23.75   8308#    196#     4992.93   19.53  12758.23   32.29  11397.55   25.03   8670#    299#  
2012,rct2,135,85,220,At,4092.76,14.5,False,5594.58,21.12,False,631.69,15.27,False,16727.75,14.17,False,13354.47,15.31,False,11292.19,22.55,False, 220 At  85    4092.76   14.50   5594.58   21.12    631.69   15.27  16727.75   14.17  13354.47   15.31  11292.19   22.55
2012,rct2,134,86,220,Rn,6288.65,2.3,False,7072.6,3.73,False,-4055.74,22.24,False,13225.29,11.69,False,11081.69,5.11,False,10374.64,6.2,False, 220 Rn  86    6288.65    2.30   7072.60    3.73  -4055.74   22.24  13225.29   11.69  11081.69    5.11  10374.64    6.20
2012,rct2,133,87,220,Fr,5206.72,8.01,False,4636.69,4.46,False,-8735.0,51.0,True,16976.14,4.45,False,12688.31,5.66,False,12733.65,6.33,False, 220 Fr  87    5206.72    8.01   4636.69    4.46  -8735#     51#    16976.14    4.45  12688.31    5.66  12733.65    6.33
2012,rct2,132,88,220,Ra,7195.35,11.55,False,5637.02,10.77,False,-12663.0,101.0,True,13921.87,9.38,False,10819.65,10.39,False,12258.01,9.11,False, 220 Ra  88    7195.35   11.55   5637.02   10.77 -12663#    101#    13921.87    9.38  10819.65   10.39  12258.01    9.11
2012,rct2,131,89,220,Ac,5897.09,50.83,False,2939.48,10.16,False,-16567.0,196.0,True,17803.41,12.64,False,12720.39,10.37,False,15075.52,8.75,False, 220 Ac  89    5897.09   50.83   2939.48   10.16 -16567#    196#    17803.41   12.64  12720.39   10.37  15075.52    8.75
2012,rct2,130,90,220,Th,7875.08,55.2,False,4189.5,55.12,False,,,False,14535.99,55.35,False,10829.6,24.9,False,14427.99,23.69,False, 220 Th  90    7875.08   55.20   4189.50   55.12      *             14535.99   55.35  10829.60   24.90  14427.99   23.69
2012,rct2,129,91,220,Pa,6393.0,73.0,True,1544.0,72.0,True,,,False,18562.0,52.0,True,12864.0,55.0,True,17161.0,52.0,True, 220 Pa  91    6393#     73#     1544#     72#        *             18562#     52#    12864#     55#    17161#     52#  
2012,rct2,128,92,220,U,8424.0,113.0,True,2896.0,113.0,True,,,False,14960.0,102.0,True,10728.0,113.0,True,16362.0,103.0,True, 220 U   92    8424#    113#     2896#    113#        *             14960#    102#    10728#    113#    16362#    103#  
2012,rct2,127,93,220,Np,7037.0,277.0,True,265.0,202.0,True,,,False,19110.0,196.0,True,12203.0,220.0,True,18887.0,202.0,True, 220 Np  93    7037#    277#      265#    202#        *             19110#    196#    12203#    220#    18887#    202#  
2012,rct2,138,83,221,Bi,4792.0,422.0,True,6860.0,499.0,True,10819.0,298.0,True,14530.0,499.0,True,13508.0,422.0,True,6652.0,499.0,True,0221 Bi  83    4792#    422#     6860#    499#    10819#    298#    14530#    499#    13508#    422#     6652#    499#  
2012,rct2,137,84,221,Po,3561.02,26.38,False,8334.0,299.0,True,6809.52,20.11,False,14202.0,197.0,True,11421.77,33.35,False,9967.0,299.0,True, 221 Po  84    3561.02   26.38   8334#    299#     6809.52   20.11  14202#    197#    11421.77   33.35   9967#    299#  
2012,rct2,136,85,221,At,5664.34,19.76,False,5769.7,22.55,False,2259.26,52.33,False,14812.17,21.12,False,13287.98,14.17,False,9213.09,30.41,False, 221 At  85    5664.34   19.76   5769.70   22.55   2259.26   52.33  14812.17   21.12  13287.98   14.17   9213.09   30.41
2012,rct2,135,86,221,Rn,4212.19,5.82,False,7192.02,15.16,False,-2465.66,11.0,False,14786.3,6.61,False,11237.66,12.93,False,11760.29,5.86,False, 221 Rn  86    4212.19    5.82   7192.02   15.16  -2465.66   11.00  14786.30    6.61  11237.66   12.93  11760.29    5.86
2012,rct2,134,87,221,Fr,6275.9,6.24,False,4623.94,5.0,False,-7097.78,51.52,False,15158.51,4.91,False,12924.81,5.37,False,10825.92,12.55,False, 221 Fr  87    6275.90    6.24   4623.94    5.00  -7097.78   51.52  15158.51    4.91  12924.81    5.37  10825.92   12.55
2012,rct2,133,88,221,Ra,5377.62,9.32,False,5807.92,5.99,False,-11519.0,102.0,True,15056.46,8.33,False,10768.82,6.37,False,13392.79,4.85,False, 221 Ra  88    5377.62    9.32   5807.92    5.99 -11519#    102#    15056.46    8.33  10768.82    6.37  13392.79    4.85
2012,rct2,132,89,221,Ac,7291.91,50.76,False,3036.04,51.07,False,-15322.0,202.0,True,15839.7,51.07,False,12736.06,51.62,False,13110.39,50.61,False, 221 Ac  89    7291.91   50.76   3036.04   51.07 -15322#    202#    15839.70   51.07  12736.06   51.62  13110.39   50.61
2012,rct2,131,90,221,Th,5802.27,24.0,False,4094.67,11.06,False,,,False,16079.32,51.33,False,10958.29,51.57,False,15933.3,14.48,False, 221 Th  90    5802.27   24.00   4094.67   11.06      *             16079.32   51.33  10958.29   51.57  15933.30   14.48
2012,rct2,130,91,221,Pa,7913.0,72.0,True,1581.9,55.86,False,,,False,16614.11,72.02,False,12873.61,52.34,False,15178.66,72.13,False, 221 Pa  91    7913#     72#     1581.90   55.86      *             16614.11   72.02  12873.61   52.34  15178.66   72.13
2012,rct2,129,92,221,U,6522.0,143.0,True,3024.0,114.0,True,,,False,16653.0,114.0,True,10663.0,104.0,True,17763.0,103.0,True, 221 U   92    6522#    143#     3024#    114#        *             16653#    114#    10663#    104#    17763#    103#  
2012,rct2,128,93,221,Np,8537.0,277.0,True,377.0,220.0,True,,,False,17269.0,202.0,True,12797.0,196.0,True,16807.0,196.0,True, 221 Np  93    8537#    277#      377#    220#        *             17269#    202#    12797#    196#    16807#    196#  
2012,rct2,139,83,222,Bi,3498.0,422.0,True,,,False,12322.0,299.0,True,15713.0,499.0,True,13257.0,499.0,True,,,False,0222 Bi  83    3498#    422#        *             12322#    299#    15713#    499#    13257#    499#        *           
2012,rct2,138,84,222,Po,5358.81,44.58,False,8900.0,301.0,True,8164.69,40.31,False,12378.0,301.0,True,11068.0,200.0,True,7854.0,403.0,True, 222 Po  84    5358.81   44.58   8900#    301#     8164.69   40.31  12378#    301#    11068#    200#     7854#    403#  
2012,rct2,137,85,222,At,3901.02,21.12,False,6109.7,25.17,False,4331.28,16.67,False,16400.37,23.75,False,13135.72,22.39,False,10317.0,196.0,True, 222 At  85    3901.02   21.12   6109.70   25.17   4331.28   16.67  16400.37   23.75  13135.72   22.39  10317#    196#  
2012,rct2,136,86,222,Rn,6169.98,5.85,False,7697.67,14.16,False,-829.29,12.46,False,12709.09,14.16,False,10840.89,3.82,False,9339.07,16.0,False, 222 Rn  86    6169.98    5.85   7697.67   14.16   -829.29   12.46  12709.09   14.16  10840.89    3.82   9339.07   16.00
2012,rct2,135,87,222,Fr,5000.15,21.69,False,5411.9,21.89,False,-5805.0,76.0,True,16447.0,21.18,False,12382.92,21.24,False,11598.97,21.44,False, 222 Fr  87    5000.15   21.69   5411.90   21.89  -5805#     76#    16447.00   21.18  12382.92   21.24  11598.97   21.44
2012,rct2,134,88,222,Ra,6713.98,6.28,False,6245.99,6.57,False,-9900.0,101.0,True,13549.2,5.9,False,10567.05,8.27,False,11137.08,4.93,False, 222 Ra  88    6713.98    6.28   6245.99    6.57  -9900#    101#    13549.20    5.90  10567.05    8.27  11137.08    4.93
2012,rct2,133,89,222,Ac,5973.03,50.65,False,3631.46,6.69,False,-14397.0,196.0,True,17062.02,9.59,False,12091.24,9.61,False,13649.57,8.65,False, 222 Ac  89    5973.03   50.65   3631.46    6.69 -14397#    196#    17062.02    9.59  12091.24    9.61  13649.57    8.65
2012,rct2,132,90,222,Th,7806.35,15.35,False,4609.12,51.87,False,,,False,14170.06,13.63,False,10497.54,51.94,False,13455.15,14.71,False, 222 Th  90    7806.35   15.35   4609.12   51.87      *             14170.06   13.63  10497.54   51.94  13455.15   14.71
2012,rct2,131,91,222,Pa,6293.0,89.0,True,2072.0,73.0,True,,,False,18197.0,76.0,True,12546.0,88.0,True,16232.0,88.0,True, 222 Pa  91    6293#     89#     2072#     73#        *             18197#     76#    12546#     88#    16232#     88#  
2012,rct2,130,92,222,U,8333.0,143.0,True,3444.0,113.0,True,,,False,14714.0,113.0,True,10545.0,113.0,True,15395.0,113.0,True, 222 U   92    8333#    143#     3444#    113#        *             14714#    113#    10545#    113#    15395#    113#  
2012,rct2,129,93,222,Np,6898.0,277.0,True,753.0,221.0,True,,,False,18796.0,220.0,True,12596.0,202.0,True,18125.0,202.0,True, 222 Np  93    6898#    277#      753#    221#        *             18796#    220#    12596#    202#    18125#    202#  
2012,rct2,140,83,223,Bi,4606.0,499.0,True,,,False,13753.0,401.0,True,,,False,13331.0,566.0,True,,,False,0223 Bi  83    4606#    499#        *             13753#    401#        *             13331#    566#        *           
2012,rct2,139,84,223,Po,3479.0,200.0,True,8882.0,357.0,True,9844.0,196.0,True,13692.0,357.0,True,11124.0,357.0,True,9056.0,446.0,True, 223 Po  84    3479#    200#     8882#    357#     9844#    196#    13692#    357#    11124#    357#     9056#    446#  
2012,rct2,138,85,223,At,5596.34,21.12,False,6347.23,42.42,False,5601.31,15.7,False,14365.06,24.04,False,13028.6,22.55,False,8256.0,298.0,True, 223 At  85    5596.34   21.12   6347.23   42.42   5601.31   15.70  14365.06   24.04  13028.60   22.55   8256#    298#  
2012,rct2,137,86,223,Rn,4055.61,8.16,False,7852.26,17.66,False,1003.62,12.09,False,14317.82,16.01,False,10878.05,16.01,False,10772.68,19.35,False, 223 Rn  86    4055.61    8.16   7852.26   17.66   1003.62   12.09  14317.82   16.01  10878.05   16.01  10772.68   19.35
2012,rct2,136,87,223,Fr,6037.1,21.22,False,5279.02,2.29,False,-3937.05,71.1,False,14622.09,5.86,False,12634.47,2.14,False,9654.63,14.17,False, 223 Fr  87    6037.10   21.22   5279.02    2.29  -3937.05   71.10  14622.09    5.86  12634.47    2.14   9654.63   14.17
2012,rct2,135,88,223,Ra,5158.09,4.92,False,6403.92,21.24,False,-8604.08,71.16,False,14667.01,4.91,False,10615.68,4.46,False,12267.64,2.29,False, 223 Ra  88    5158.09    4.92   6403.92   21.24  -8604.08   71.16  14667.01    4.91  10615.68    4.46  12267.64    2.29
2012,rct2,134,89,223,Ac,6866.37,8.71,False,3783.85,8.33,False,-12773.0,196.0,True,15573.27,8.39,False,12420.22,10.81,False,11989.92,8.07,False, 223 Ac  89    6866.37    8.71   3783.85    8.33 -12773#    196#    15573.27    8.39  12420.22   10.81  11989.92    8.07
2012,rct2,133,90,223,Th,5888.52,15.27,False,4524.6,10.44,False,,,False,15573.46,51.23,False,10506.11,10.95,False,14761.98,12.25,False, 223 Th  90    5888.52   15.27   4524.60   10.44      *             15573.46   51.23  10506.11   10.95  14761.98   12.25
2012,rct2,132,91,223,Pa,7905.0,102.0,True,2171.26,72.1,False,,,False,16093.48,71.66,False,12515.78,74.42,False,14223.37,71.3,False, 223 Pa  91    7905#    102#     2171.26   72.10      *             16093.48   71.66  12515.78   74.42  14223.37   71.30
2012,rct2,131,92,223,U,6454.0,123.0,True,3605.0,102.0,True,,,False,16173.32,87.67,False,10485.0,88.0,True,16815.98,74.48,False, 223 U   92    6454#    123#     3605#    102#        *             16173.32   87.67  10485#     88#    16815.98   74.48
2012,rct2,130,93,223,Np,8490.0,277.0,True,911.0,220.0,True,,,False,16827.0,221.0,True,12530.0,220.0,True,16028.0,202.0,True, 223 Np  93    8490#    277#      911#    220#        *             16827#    221#    12530#    220#    16028#    202#  
2012,rct2,141,83,224,Bi,3442.0,566.0,True,,,False,14971.0,401.0,True,,,False,,,False,,,False,0224 Bi  83    3442#    566#        *             14971#    401#        *                 *                 *           
2012,rct2,140,84,224,Po,5240.0,277.0,True,9515.0,446.0,True,11083.0,196.0,True,11950.0,357.0,True,10677.0,357.0,True,,,False, 224 Po  84    5240#    277#     9515#    446#    11083#    196#    11950#    357#    10677#    357#        *           
2012,rct2,139,85,224,At,3788.31,26.36,False,6656.0,197.0,True,7476.02,22.74,False,15935.56,45.87,False,12801.32,29.71,False,9260.0,299.0,True, 224 At  85    3788.31   26.36   6656#    197#     7476.02   22.74  15935.56   45.87  12801.32   29.71   9260#    299#  
2012,rct2,138,86,224,Rn,6015.96,12.55,False,8271.88,17.07,False,2451.15,14.11,False,12202.88,18.63,False,10526.43,17.07,False,8317.74,21.89,False, 224 Rn  86    6015.96   12.55   8271.88   17.07   2451.15   14.11  12202.88   18.63  10526.43   17.07   8317.74   21.89
2012,rct2,137,87,224,Fr,4660.2,13.26,False,5883.61,15.21,False,-2067.56,15.1,False,16131.87,13.25,False,12186.46,14.31,False,10658.77,19.11,False, 224 Fr  87    4660.20   13.26   5883.61   15.21  -2067.56   15.10  16131.87   13.25  12186.46   14.31  10658.77   19.11
2012,rct2,136,88,224,Ra,6478.8,2.28,False,6845.62,2.14,False,-6886.72,25.37,False,13188.37,21.18,False,10412.78,5.0,False,10001.04,5.82,False, 224 Ra  88    6478.80    2.28   6845.62    2.14  -6886.72   25.37  13188.37   21.18  10412.78    5.00  10001.04    5.82
2012,rct2,135,89,224,Ac,5663.02,8.1,False,4288.78,4.51,False,-11641.0,196.0,True,16624.23,5.94,False,12134.82,6.03,False,12602.8,6.28,False, 224 Ac  89    5663.02    8.10   4288.78    4.51 -11641#    196#    16624.23    5.94  12134.82    6.03  12602.80    6.28
2012,rct2,134,90,224,Th,7463.49,13.59,False,5121.72,12.31,False,,,False,14083.0,11.25,False,10334.54,51.41,False,12676.11,11.02,False, 224 Th  90    7463.49   13.59   5121.72   12.31      *             14083.00   11.25  10334.54   51.41  12676.11   11.02
2012,rct2,133,91,224,Pa,6529.69,71.44,False,2812.43,11.83,False,,,False,17370.14,14.34,False,11788.35,11.93,False,14985.59,50.96,False, 224 Pa  91    6529.69   71.44   2812.43   11.83      *             17370.14   14.34  11788.35   11.93  14985.59   50.96
2012,rct2,132,92,224,U,8196.16,75.47,False,3895.96,75.42,False,,,False,14270.0,77.0,True,10201.72,57.18,False,14422.09,26.93,False, 224 U   92    8196.16   75.47   3895.96   75.42      *             14270#     77#    10201.72   57.18  14422.09   26.93
2012,rct2,131,93,224,Np,6795.0,277.0,True,1252.0,208.0,True,,,False,18365.0,220.0,True,12257.0,221.0,True,17146.0,202.0,True, 224 Np  93    6795#    277#     1252#    208#        *             18365#    220#    12257#    221#    17146#    202#  
2012,rct2,141,84,225,Po,3451.0,357.0,True,9525.0,499.0,True,12536.0,298.0,True,13105.0,499.0,True,10723.0,422.0,True,,,False,0225 Po  84    3451#    357#     9525#    499#    12536#    298#    13105#    499#    10723#    422#        *           
2012,rct2,140,85,225,At,5388.0,299.0,True,6805.0,357.0,True,8756.0,298.0,True,14027.0,357.0,True,12772.0,301.0,True,7370.0,422.0,True, 225 At  85    5388#    299#     6805#    357#     8756#    298#    14027#    357#    12772#    301#     7370#    422#  
2012,rct2,139,86,225,Rn,3982.27,14.85,False,8465.84,24.98,False,4223.59,12.26,False,13816.94,17.87,False,10445.17,19.36,False,9694.28,41.57,False, 225 Rn  86    3982.27   14.85   8465.84   24.98   4223.59   12.26  13816.94   17.87  10445.17   19.36   9694.28   41.57
2012,rct2,138,87,225,Fr,6045.61,17.7,False,5913.27,15.48,False,-520.08,72.01,False,14141.87,14.3,False,12310.82,12.15,False,8514.18,19.85,False, 225 Fr  87    6045.61   17.70   5913.27   15.48   -520.08   72.01  14141.87   14.30  12310.82   12.15   8514.18   19.85
2012,rct2,137,88,225,Ra,4904.34,2.83,False,7089.76,13.37,False,-5383.56,12.14,False,14321.13,2.9,False,10508.6,21.29,False,11266.67,2.89,False, 225 Ra  88    4904.34    2.83   7089.76   13.37  -5383.56   12.14  14321.13    2.90  10508.60   21.29  11266.67    2.89
2012,rct2,136,89,225,Ac,6667.72,6.18,False,4477.7,4.87,False,-9949.2,71.78,False,15114.59,4.77,False,12181.07,6.48,False,10935.23,21.67,False, 225 Ac  89    6667.72    6.18   4477.70    4.87  -9949.20   71.78  15114.59    4.77  12181.07    6.48  10935.23   21.67
2012,rct2,135,90,225,Th,5754.71,11.22,False,5213.42,6.39,False,,,False,15194.66,8.66,False,10552.86,7.02,False,13635.38,6.63,False, 225 Th  90    5754.71   11.22   5213.42    6.39      *             15194.66    8.66  10552.86    7.02  13635.38    6.63
2012,rct2,134,91,225,Pa,7593.09,71.39,False,2942.04,71.71,False,,,False,15665.57,71.59,False,12001.62,72.05,False,13365.53,71.17,False, 225 Pa  91    7593.09   71.39   2942.04   71.71      *             15665.57   71.59  12001.62   72.05  13365.53   71.17
2012,rct2,133,92,225,U,6407.49,27.89,False,3773.76,13.95,False,,,False,15767.64,72.02,False,10087.0,73.0,True,15820.95,16.97,False, 225 U   92    6407.49   27.89   3773.76   13.95      *             15767.64   72.02  10087#     73#    15820.95   16.97
2012,rct2,132,93,225,Np,8359.0,208.0,True,1415.22,75.96,False,,,False,16459.71,100.93,False,12230.0,123.0,True,15079.0,102.0,True, 225 Np  93    8359#    208#     1415.22   75.96      *             16459.71  100.93  12230#    123#    15079#    102#  
2012,rct2,142,84,226,Po,5053.0,499.0,True,,,False,13879.0,401.0,True,11493.0,566.0,True,10276.0,566.0,True,,,False,0226 Po  84    5053#    499#        *             13879#    401#    11493#    566#    10276#    566#        *           
2012,rct2,141,85,226,At,3852.0,422.0,True,7205.0,422.0,True,10304.0,298.0,True,15415.0,357.0,True,12400.0,357.0,True,8124.0,499.0,True, 226 At  85    3852#    422#     7205#    422#    10304#    298#    15415#    357#    12400#    357#     8124#    499#  
2012,rct2,140,86,226,Rn,5858.27,15.29,False,8936.0,298.0,True,5549.84,11.48,False,11746.98,24.69,False,10183.24,17.46,False,7315.0,196.0,True, 226 Rn  86    5858.27   15.29   8936#    298#     5549.84   11.48  11746.98   24.69  10183.24   17.46   7315#    196#  
2012,rct2,139,87,226,Fr,4351.57,17.03,False,6282.56,16.45,False,1507.08,16.65,False,15806.26,15.59,False,12014.87,14.42,False,9758.95,18.49,False, 226 Fr  87    4351.57   17.03   6282.56   16.45   1507.08   16.65  15806.26   15.59  12014.87   14.42   9758.95   18.49
2012,rct2,138,88,226,Ra,6396.05,2.88,False,7440.2,12.15,False,-3659.63,13.2,False,12585.28,13.24,False,10149.65,2.28,False,8926.23,8.16,False, 226 Ra  88    6396.05    2.88   7440.20   12.15  -3659.63   13.20  12585.28   13.24  10149.65    2.28   8926.23    8.16
2012,rct2,137,89,226,Ac,5399.42,5.51,False,4972.79,3.8,False,-8467.0,88.0,True,16193.97,3.13,False,11939.73,3.46,False,11572.91,3.36,False, 226 Ac  89    5399.42    5.51   4972.79    3.80  -8467#     88#    16193.97    3.13  11939.73    3.46  11572.91    3.36
2012,rct2,136,90,226,Th,7184.52,6.74,False,5730.21,6.56,False,,,False,13673.16,6.04,False,10234.71,8.4,False,11608.95,5.02,False, 226 Th  90    7184.52    6.74   5730.21    6.56      *             13673.16    6.04  10234.71    8.40  11608.95    5.02
2012,rct2,135,91,226,Pa,6378.72,71.9,False,3566.05,12.37,False,,,False,16750.33,15.17,False,11511.41,14.58,False,13853.18,13.4,False, 226 Pa  91    6378.72   71.90   3566.05   12.37      *             16750.33   15.17  11511.41   14.58  13853.18   13.40
2012,rct2,134,92,226,U,8119.99,17.52,False,4300.65,72.18,False,,,False,14177.35,14.99,False,9872.22,72.23,False,13589.48,15.88,False, 226 U   92    8119.99   17.52   4300.65   72.18      *             14177.35   14.99   9872.22   72.23  13589.48   15.88
2012,rct2,133,93,226,Np,6882.0,114.0,True,1890.0,89.0,True,,,False,17774.0,92.0,True,11802.0,113.0,True,16103.0,113.0,True, 226 Np  93    6882#    114#     1890#     89#        *             17774#     92#    11802#    113#    16103#    113#  
2012,rct2,143,84,227,Po,3339.0,566.0,True,,,False,15101.0,401.0,True,,,False,10378.0,566.0,True,,,False,0227 Po  84    3339#    566#        *             15101#    401#        *             10378#    566#        *           
2012,rct2,142,85,227,At,5202.0,422.0,True,7354.0,499.0,True,11632.0,298.0,True,13664.0,422.0,True,12437.0,357.0,True,6364.0,499.0,True, 227 At  85    5202#    422#     7354#    499#    11632#    298#    13664#    422#    12437#    357#     6364#    499#  
2012,rct2,141,86,227,Rn,3932.68,17.56,False,9017.0,298.0,True,7079.51,14.31,False,13202.0,298.0,True,10038.87,26.43,False,8622.0,196.0,True, 227 Rn  86    3932.68   17.56   9017#    298#     7079.51   14.31  13202#    298#    10038.87   26.43   8622#    196#  
2012,rct2,140,87,227,Fr,5926.09,17.8,False,6350.38,16.73,False,2853.77,15.02,False,13862.45,17.15,False,12104.74,16.32,False,7621.17,25.88,False, 227 Fr  87    5926.09   17.80   6350.38   16.73   2853.77   15.02  13862.45   17.15  12104.74   16.32   7621.17   25.88
2012,rct2,139,88,227,Ra,4561.43,0.27,False,7650.06,12.33,False,-1842.89,16.99,False,14069.46,12.15,False,10248.42,13.25,False,10380.76,10.09,False, 227 Ra  88    4561.43    0.27   7650.06   12.33  -1842.89   16.99  14069.46   12.15  10248.42   13.25  10380.76   10.09
2012,rct2,138,89,227,Ac,6530.72,3.36,False,5107.46,2.27,False,-6711.27,72.54,False,14567.59,2.9,False,11887.81,2.13,False,9702.39,13.25,False, 227 Ac  89    6530.72    3.36   5107.46    2.27  -6711.27   72.54  14567.59    2.90  11887.81    2.13   9702.39   13.25
2012,rct2,137,90,227,Th,5462.35,5.02,False,5793.14,3.46,False,,,False,14878.53,4.77,False,10435.38,4.51,False,12625.4,2.28,False, 227 Th  90    5462.35    5.02   5793.14    3.46      *             14878.53    4.77  10435.38    4.51  12625.40    2.28
2012,rct2,136,91,227,Pa,7272.78,13.56,False,3654.31,8.67,False,,,False,15232.27,8.91,False,11702.12,12.49,False,12243.42,8.37,False, 227 Pa  91    7272.78   13.56   3654.31    8.67      *             15232.27    8.91  11702.12   12.49  12243.42    8.37
2012,rct2,135,92,227,U,6378.17,21.25,False,4300.09,20.3,False,,,False,15392.28,72.97,False,10023.75,18.42,False,14674.81,19.59,False, 227 U   92    6378.17   21.25   4300.09   20.30      *             15392.28   72.97  10023.75   18.42  14674.81   19.59
2012,rct2,134,93,227,Np,8286.0,114.0,True,2055.81,73.65,False,,,False,15895.3,73.45,False,11712.37,76.78,False,14346.1,72.88,False, 227 Np  93    8286#    114#     2055.81   73.65      *             15895.30   73.45  11712.37   76.78  14346.10   72.88
2012,rct2,143,85,228,At,3870.0,499.0,True,7885.0,566.0,True,12788.0,401.0,True,14847.0,566.0,True,12018.0,499.0,True,,,False,0228 At  85    3870#    499#     7885#    566#    12788#    401#    14847#    566#    12018#    499#        *           
2012,rct2,142,86,228,Rn,5713.69,22.61,False,9529.0,299.0,True,8471.14,17.81,False,11340.0,299.0,True,9713.0,299.0,True,6359.0,299.0,True, 228 Rn  86    5713.69   22.61   9529#    299#     8471.14   17.81  11340#    299#     9713#    299#     6359#    299#  
2012,rct2,141,87,228,Fr,4388.03,18.76,False,6805.73,19.5,False,4444.63,14.18,False,15332.69,17.08,False,11698.99,17.49,False,8621.0,298.0,True, 228 Fr  87    4388.03   18.76   6805.73   19.50   4444.63   14.18  15332.69   17.08  11698.99   17.49   8621#    298#  
2012,rct2,140,88,228,Ra,6308.58,2.33,False,8032.56,13.26,False,-280.16,14.53,False,12112.45,12.34,False,9985.45,12.17,False,8054.46,11.4,False, 228 Ra  88    6308.58    2.33   8032.56   13.26   -280.16   14.53  12112.45   12.34   9985.45   12.17   8054.46   11.40
2012,rct2,139,89,228,Ac,5026.02,2.45,False,5572.04,2.43,False,-4699.68,50.63,False,15937.62,2.41,False,11766.14,2.97,False,10721.99,12.19,False, 228 Ac  89    5026.02    2.45   5572.04    2.43  -4699.68   50.63  15937.62    2.41  11766.14    2.97  10721.99   12.19
2012,rct2,138,90,228,Th,7105.32,2.28,False,6367.73,2.13,False,-9306.76,30.92,False,13172.64,3.12,False,9997.78,4.87,False,10424.42,2.82,False, 228 Th  90    7105.32    2.28   6367.73    2.13  -9306.76   30.92  13172.64    3.12   9997.78    4.87  10424.42    2.82
2012,rct2,137,91,228,Pa,5978.88,8.5,False,4170.84,4.74,False,,,False,16437.9,6.21,False,11477.95,6.56,False,12932.26,6.35,False, 228 Pa  91    5978.88    8.50   4170.84    4.74      *             16437.90    6.21  11477.95    6.56  12932.26    6.35
2012,rct2,136,92,228,U,7871.31,22.08,False,4898.63,16.11,False,,,False,13899.69,18.27,False,9745.53,72.43,False,12558.21,15.15,False, 228 U   92    7871.31   22.08   4898.63   16.11      *             13899.69   18.27   9745.53   72.43  12558.21   15.15
2012,rct2,135,93,228,Np,7037.6,88.38,False,2715.25,53.28,False,,,False,16977.68,52.2,False,11082.26,51.91,False,14901.59,87.16,False, 228 Np  93    7037.60   88.38   2715.25   53.28      *             16977.68   52.20  11082.26   51.91  14901.59   87.16
2012,rct2,134,94,228,Pu,,,False,3772.24,78.79,False,,,False,14013.0,93.0,True,9355.35,77.98,False,14347.62,33.02,False, 228 Pu  94       *              3772.24   78.79      *             14013#     93#     9355.35   77.98  14347.62   33.02
2012,rct2,144,85,229,At,4932.0,566.0,True,,,False,14125.0,401.0,True,13254.0,566.0,True,12139.0,566.0,True,,,False,0229 At  85    4932#    566#        *             14125#    401#    13254#    566#    12139#    566#        *           
2012,rct2,143,86,229,Rn,3952.38,21.97,False,9611.0,401.0,True,9775.62,13.33,False,12590.0,298.0,True,9612.0,298.0,True,7460.0,401.0,True, 229 Rn  86    3952.38   21.97   9611#    401#     9775.62   13.33  12590#    298#     9612#    298#     7460#    401#  
2012,rct2,142,87,229,Fr,5766.03,19.42,False,6858.08,22.53,False,5775.97,14.41,False,13499.33,19.84,False,11791.22,17.46,False,6706.0,298.0,True, 229 Fr  87    5766.03   19.42   6858.08   22.53   5775.97   14.41  13499.33   19.84  11791.22   17.46   6706#    298#  
2012,rct2,141,88,229,Ra,4465.01,14.68,False,8109.54,19.79,False,1337.61,15.66,False,13573.53,19.49,False,9872.01,18.88,False,9447.72,17.88,False, 229 Ra  88    4465.01   14.68   8109.54   19.79   1337.61   15.66  13573.53   19.49   9872.01   18.88   9447.72   17.88
2012,rct2,140,89,229,Ac,6269.49,11.92,False,5532.96,11.9,False,-3081.62,87.63,False,14229.56,11.88,False,11892.69,11.88,False,8804.06,16.81,False, 229 Ac  89    6269.49   11.92   5532.96   11.90  -3081.62   87.63  14229.56   11.88  11892.69   11.88   8804.06   16.81
2012,rct2,139,90,229,Th,5256.86,2.65,False,6598.58,2.8,False,-7806.76,51.44,False,14446.5,2.73,False,10140.35,3.67,False,11563.61,2.71,False, 229 Th  90    5256.86    2.65   6598.58    2.80  -7806.76   51.44  14446.50    2.73  10140.35    3.67  11563.61    2.71
2012,rct2,138,91,229,Pa,7097.38,5.36,False,4162.91,3.4,False,,,False,14802.87,3.08,False,11565.09,5.61,False,11234.3,4.28,False, 229 Pa  91    7097.38    5.36   4162.91    3.40      *             14802.87    3.08  11565.09    5.61  11234.30    4.28
2012,rct2,137,92,229,U,6082.77,15.45,False,5002.52,7.23,False,,,False,15089.69,9.42,False,10041.48,12.74,False,13659.95,7.4,False, 229 U   92    6082.77   15.45   5002.52    7.23      *             15089.69    9.42  10041.48   12.74  13659.95    7.40
2012,rct2,136,93,229,Np,7887.56,100.48,False,2731.5,88.01,False,,,False,15468.29,88.45,False,11314.69,87.81,False,13392.76,87.57,False, 229 Np  93    7887.56  100.48   2731.50   88.01      *             15468.29   88.45  11314.69   87.81  13392.76   87.57
2012,rct2,135,94,229,Pu,6756.86,59.92,False,3491.5,72.07,False,,,False,15541.99,88.85,False,9480.0,102.0,True,15710.74,52.98,False, 229 Pu  94    6756.86   59.92   3491.50   72.07      *             15541.99   88.85   9480#    102#    15710.74   52.98
2012,rct2,144,86,230,Rn,5386.0,196.0,True,10065.0,446.0,True,11183.0,196.0,True,11074.0,446.0,True,9428.0,357.0,True,5414.0,446.0,True,0230 Rn  86    5386#    196#    10065#    446#    11183#    196#    11074#    446#     9428#    357#     5414#    446#  
2012,rct2,143,87,230,Fr,4235.1,21.09,False,7140.8,20.49,False,7335.8,16.13,False,14977.92,23.71,False,11488.8,21.17,False,7674.0,298.0,True, 230 Fr  87    4235.10   21.09   7140.80   20.49   7335.80   16.13  14977.92   23.71  11488.80   21.17   7674#    298#  
2012,rct2,142,88,230,Ra,6103.52,17.77,False,8447.02,17.36,False,2901.31,11.34,False,11858.04,16.97,False,9694.58,16.62,False,7276.87,17.45,False, 230 Ra  88    6103.52   17.77   8447.02   17.36   2901.31   11.34  11858.04   16.97   9694.58   16.62   7276.87   17.45
2012,rct2,141,89,230,Ac,4931.14,19.66,False,5999.1,21.46,False,-1398.1,53.68,False,15606.99,16.02,False,11522.98,16.0,False,9799.0,20.51,False, 230 Ac  89    4931.14   19.66   5999.10   21.46  -1398.10   53.68  15606.99   16.02  11522.98   16.00   9799.00   20.51
2012,rct2,140,90,230,Th,6793.85,2.24,False,7122.94,11.79,False,-6069.76,15.16,False,12678.66,1.88,False,9877.21,1.69,False,9331.19,1.54,False, 230 Th  90    6793.85    2.24   7122.94   11.79  -6069.76   15.16  12678.66    1.88   9877.21    1.69   9331.19    1.54
2012,rct2,139,91,230,Pa,5794.92,4.23,False,4700.97,3.62,False,-10757.0,133.0,True,16113.26,3.06,False,11232.51,3.4,False,11970.09,3.3,False, 230 Pa  91    5794.92    4.23   4700.97    3.62 -10757#    133#    16113.26    3.06  11232.51    3.40  11970.09    3.30
2012,rct2,138,92,230,U,7667.22,7.43,False,5572.36,5.65,False,,,False,13401.36,6.25,False,9647.04,8.69,False,11455.08,5.07,False, 230 U   92    7667.22    7.43   5572.36    5.65      *             13401.36    6.25   9647.04    8.69  11455.08    5.07
2012,rct2,137,93,230,Np,6614.66,100.84,False,3263.38,51.6,False,,,False,16724.94,53.23,False,11078.19,53.96,False,14050.88,51.81,False, 230 Np  93    6614.66  100.84   3263.38   51.60      *             16724.94   53.23  11078.19   53.96  14050.88   51.81
2012,rct2,136,94,230,Pu,8530.85,53.52,False,4134.8,88.13,False,,,False,14048.74,52.75,False,9235.7,74.04,False,13558.06,22.57,False, 230 Pu  94    8530.85   53.52   4134.80   88.13      *             14048.74   52.75   9235.70   74.04  13558.06   22.57
2012,rct2,135,95,230,Am,,,False,1750.0,143.0,True,,,False,17564.0,137.0,True,,,False,16016.0,152.0,True, 230 Am  95       *              1750#    143#        *             17564#    137#        *             16016#    152#  
2012,rct2,145,86,231,Rn,3665.0,357.0,True,,,False,12636.0,298.0,True,12341.0,499.0,True,9633.0,499.0,True,,,False,0231 Rn  86    3665#    357#        *             12636#    298#    12341#    499#     9633#    499#        *           
2012,rct2,144,87,231,Fr,5517.49,29.7,False,7272.0,197.0,True,8638.45,25.25,False,13412.81,28.33,False,11685.0,30.74,False,6026.0,401.0,True, 231 Fr  87    5517.49   29.70   7272#    197#     8638.45   25.25  13412.81   28.33  11685.00   30.74   6026#    401#  
2012,rct2,143,88,231,Ra,4371.14,15.34,False,8583.06,19.46,False,4408.97,11.76,False,13252.93,18.01,False,9711.47,17.64,False,8619.42,21.02,False, 231 Ra  88    4371.14   15.34   8583.06   19.46   4408.97   11.76  13252.93   18.01   9711.47   17.64   8619.42   21.02
2012,rct2,142,89,231,Ac,6146.85,20.51,False,6042.43,16.62,False,137.52,52.21,False,13925.15,19.49,False,11684.71,13.26,False,8040.18,18.76,False, 231 Ac  89    6146.85   20.51   6042.43   16.62    137.52   52.21  13925.15   19.49  11684.71   13.26   8040.18   18.76
2012,rct2,141,90,231,Th,5118.02,0.2,False,7309.81,15.93,False,-4468.27,26.47,False,13830.14,11.79,False,9785.21,1.88,False,10521.75,1.76,False, 231 Th  90    5118.02    0.20   7309.81   15.93  -4468.27   26.47  13830.14   11.79   9785.21    1.88  10521.75    1.76
2012,rct2,140,91,231,Pa,6820.14,3.2,False,4727.26,1.49,False,-9013.0,298.0,True,14549.99,2.61,False,11517.69,1.97,False,10175.97,2.31,False, 231 Pa  91    6820.14    3.20   4727.26    1.49  -9013#    298#    14549.99    2.61  11517.69    1.97  10175.97    2.31
2012,rct2,139,92,231,U,5878.8,5.34,False,5656.23,3.78,False,,,False,14619.94,3.5,False,9747.12,5.03,False,12681.59,2.82,False, 231 U   92    5878.80    5.34   5656.23    3.78      *             14619.94    3.50   9747.12    5.03  12681.59    2.82
2012,rct2,138,93,231,Np,7682.48,72.0,False,3278.64,50.75,False,,,False,15125.23,50.88,False,11267.03,52.53,False,12347.28,50.72,False, 231 Np  93    7682.48   72.00   3278.64   50.75      *             15125.23   50.88  11267.03   52.53  12347.28   50.72
2012,rct2,137,94,231,Pu,6719.51,30.39,False,4239.65,57.67,False,,,False,15216.79,90.77,False,9553.8,57.04,False,14709.86,30.03,False, 231 Pu  94    6719.51   30.39   4239.65   57.67      *             15216.79   90.77   9553.80   57.04  14709.86   30.03
2012,rct2,136,95,231,Am,8565.0,327.0,True,1784.0,298.0,True,,,False,15756.0,302.0,True,11224.0,300.0,True,14489.0,302.0,True, 231 Am  95    8565#    327#     1784#    298#        *             15756#    302#    11224#    300#    14489#    302#  
2012,rct2,145,87,232,Fr,4150.0,157.0,True,7756.0,336.0,True,10038.0,155.0,True,14649.0,249.0,True,11488.0,155.0,True,6809.0,429.0,True,0232 Fr  87    4150#    157#     7756#    336#    10038#    155#    14649#    249#    11488#    155#     6809#    429#  
2012,rct2,144,88,232,Ra,5790.85,14.59,False,8856.42,26.76,False,5886.09,9.4,False,11697.18,18.26,False,9686.65,16.7,False,6780.95,15.93,False, 232 Ra  88    5790.85   14.59   8856.42   26.76   5886.09    9.40  11697.18   18.26   9686.65   16.70   6780.95   15.93
2012,rct2,143,89,232,Ac,4679.75,18.44,False,6351.04,17.3,False,1794.0,101.0,True,15348.92,16.62,False,11469.97,19.49,False,9126.46,19.11,False, 232 Ac  89    4679.75   18.44   6351.04   17.30   1794#    101#    15348.92   16.62  11469.97   19.49   9126.46   19.11
2012,rct2,142,90,232,Th,6440.15,1.07,False,7603.11,13.19,False,-2914.48,17.69,False,12321.14,15.95,False,9614.56,11.82,False,8546.61,14.61,False, 232 Th  90    6440.15    1.07   7603.11   13.19  -2914.48   17.69  12321.14   15.95   9614.56   11.82   8546.61   14.61
2012,rct2,141,91,232,Pa,5549.3,7.68,False,5158.54,7.52,False,-7320.0,298.0,True,15794.53,7.52,False,11225.25,7.89,False,10896.16,13.99,False, 232 Pa  91    5549.30    7.68   5158.54    7.52  -7320#    298#    15794.53    7.52  11225.25    7.89  10896.16   13.99
2012,rct2,140,92,232,U,7267.96,2.82,False,6104.06,1.97,False,-11793.0,202.0,True,13146.9,3.06,False,9576.54,3.4,False,10670.49,2.65,False, 232 U   92    7267.96    2.82   6104.06    1.97 -11793#    202#    13146.90    3.06   9576.54    3.40  10670.49    2.65
2012,rct2,139,93,232,Np,6336.0,112.0,True,3736.0,100.0,True,,,False,16457.0,100.0,True,11014.0,100.0,True,13109.0,100.0,True, 232 Np  93    6336#    112#     3736#    100#        *             16457#    100#    11014#    100#    13109#    100#  
2012,rct2,138,94,232,Pu,7993.94,31.71,False,4551.11,53.51,False,,,False,13837.51,54.2,False,9447.42,88.6,False,12798.69,18.5,False, 232 Pu  94    7993.94   31.71   4551.11   53.51      *             13837.51   54.20   9447.42   88.60  12798.69   18.50
2012,rct2,137,95,232,Am,7242.0,422.0,True,2307.0,299.0,True,,,False,17045.0,298.0,True,10738.0,302.0,True,15134.0,310.0,True, 232 Am  95    7242#    422#     2307#    299#        *             17045#    298#    10738#    302#    15134#    310#  
2012,rct2,136,96,232,Cm,,,False,3324.0,360.0,True,,,False,14183.0,242.0,True,,,False,14657.0,209.0,True, 232 Cm  96       *              3324#    360#        *             14183#    242#        *             14657#    209#  
2012,rct2,146,87,233,Fr,5024.0,336.0,True,,,False,11544.0,298.0,True,13291.0,422.0,True,11850.0,357.0,True,,,False,0233 Fr  87    5024#    336#        *             11544#    298#    13291#    422#    11850#    357#        *           
2012,rct2,145,88,233,Ra,4245.92,18.29,False,8953.0,156.0,True,7402.09,16.06,False,12968.75,29.72,False,9675.83,22.37,False,7921.0,196.0,True, 233 Ra  88    4245.92   18.29   8953#    156#     7402.09   16.06  12968.75   29.72   9675.83   22.37   7921#    196#  
2012,rct2,144,89,233,Ac,5917.7,18.44,False,6477.89,15.93,False,3358.05,52.64,False,13802.35,17.3,False,11655.78,16.62,False,7443.86,20.49,False, 233 Ac  89    5917.70   18.44   6477.89   15.93   3358.05   52.64  13802.35   17.30  11655.78   16.62   7443.86   20.49
2012,rct2,143,90,233,Th,4786.39,0.09,False,7709.75,13.19,False,-1318.47,50.38,False,13681.6,13.19,False,9759.31,15.96,False,9863.74,10.48,False, 233 Th  90    4786.39    0.09   7709.75   13.19  -1318.47   50.38  13681.60   13.19   9759.31   15.96   9863.74   10.48
2012,rct2,142,91,233,Pa,6529.24,7.69,False,5247.64,1.33,False,-5773.0,102.0,True,14383.31,1.3,False,11489.86,1.3,False,9298.07,15.97,False, 233 Pa  91    6529.24    7.69   5247.64    1.33  -5773#    102#    14383.31    1.30  11489.86    1.30   9298.07   15.97
2012,rct2,141,92,233,U,5761.93,2.54,False,6316.69,7.85,False,-10371.7,71.74,False,14205.1,2.49,False,9609.53,3.53,False,11702.41,2.1,False, 233 U   92    5761.93    2.54   6316.69    7.85 -10371.70   71.74  14205.10    2.49   9609.53    3.53  11702.41    2.10
2012,rct2,140,93,233,Np,7482.0,112.0,True,3949.85,50.99,False,,,False,14853.28,50.99,False,11199.05,51.19,False,11421.61,51.05,False, 233 Np  93    7482#    112#     3949.85   50.99      *             14853.28   50.99  11199.05   51.19  11421.61   51.05
2012,rct2,139,94,233,Pu,6382.39,53.31,False,4598.0,112.0,True,,,False,15137.59,71.34,False,9679.68,71.85,False,14083.52,50.55,False, 233 Pu  94    6382.39   53.31   4598#    112#        *             15137.59   71.34   9679.68   71.85  14083.52   50.55
2012,rct2,138,95,233,Am,8076.0,315.0,True,2389.0,103.0,True,,,False,15688.0,105.0,True,11193.0,103.0,True,13673.0,114.0,True, 233 Am  95    8076#    315#     2389#    103#        *             15688#    105#    11193#    103#    13673#    114#  
2012,rct2,137,96,233,Cm,7183.0,215.0,True,3265.0,307.0,True,,,False,15564.0,307.0,True,9224.0,151.0,True,16004.35,73.24,False, 233 Cm  96    7183#    215#     3265#    307#        *             15564#    307#     9224#    151#    16004.35   73.24
2012,rct2,146,88,234,Ra,5500.39,34.58,False,9430.0,300.0,True,8746.44,30.79,False,11618.0,158.0,True,9692.92,39.72,False,6086.0,300.0,True,0234 Ra  88    5500.39   34.58   9430#    300#     8746.44   30.79  11618#    158#     9692.92   39.72   6086#    300#  
2012,rct2,145,89,234,Ac,4538.16,19.11,False,6770.13,21.12,False,4884.52,16.36,False,15055.04,16.7,False,11488.76,18.01,False,8423.19,28.77,False, 234 Ac  89    4538.16   19.11   6770.13   21.12   4884.52   16.36  15055.04   16.70  11488.76   18.01   8423.19   28.77
2012,rct2,144,90,234,Th,6190.51,3.28,False,7982.55,13.5,False,264.56,7.62,False,12170.84,13.5,False,9715.66,13.5,False,8044.37,11.89,False, 234 Th  90    6190.51    3.28   7982.55   13.50    264.56    7.62  12170.84   13.50   9715.66   13.50   8044.37   11.89
2012,rct2,143,91,234,Pa,5221.0,4.61,False,5682.25,4.56,False,-4121.0,159.0,True,15602.45,4.56,False,11386.87,4.53,False,10223.91,13.87,False, 234 Pa  91    5221.00    4.61   5682.25    4.56  -4121#    159#    15602.45    4.56  11386.87    4.53  10223.91   13.87
2012,rct2,142,92,234,U,6844.74,2.05,False,6632.19,1.15,False,-8577.13,18.26,False,12909.66,7.6,False,9584.93,1.5,False,9975.69,0.7,False, 234 U   92    6844.74    2.05   6632.19    1.15  -8577.13   18.26  12909.66    7.60   9584.93    1.50   9975.69    0.70
2012,rct2,141,93,234,Np,6064.63,51.65,False,4252.55,8.57,False,-13387.0,143.0,True,16056.61,8.47,False,11013.22,8.69,False,12177.12,8.46,False, 234 Np  93    6064.63   51.65   4252.55    8.57 -13387#    143#    16056.61    8.47  11013.22    8.69  12177.12    8.46
2012,rct2,140,94,234,Pu,7773.54,50.8,False,4889.07,51.44,False,,,False,13700.0,100.0,True,9588.61,51.0,False,12188.77,7.37,False, 234 Pu  94    7773.54   50.80   4889.07   51.44      *             13700#    100#     9588.61   51.00  12188.77    7.37
2012,rct2,139,95,234,Am,6873.0,188.0,True,2880.0,166.0,True,,,False,16809.0,159.0,True,11040.0,161.0,True,14482.0,166.0,True, 234 Am  95    6873#    188#     2880#    166#        *             16809#    159#    11040#    161#    14482#    166#  
2012,rct2,138,96,234,Cm,8639.31,73.95,False,3828.0,103.0,True,,,False,14167.0,299.0,True,9149.0,299.0,True,14084.55,32.05,False, 234 Cm  96    8639.31   73.95   3828#    103#        *             14167#    299#     9149#    299#    14084.55   32.05
2012,rct2,137,97,234,Bk,,,False,1237.0,159.0,True,,,False,17651.0,247.0,True,,,False,16552.0,330.0,True, 234 Bk  97       *              1237#    159#        *             17651#    247#        *             16552#    330#  
2012,rct2,147,88,235,Ra,3760.0,300.0,True,,,False,10284.0,298.0,True,12881.0,422.0,True,10082.0,336.0,True,,,False,0235 Ra  88    3760#    300#        *             10284#    298#    12881#    422#    10082#    336#        *           
2012,rct2,146,89,235,Ac,5555.35,19.76,False,6825.09,33.77,False,6312.28,14.11,False,13745.61,21.12,False,11724.26,16.7,False,7017.0,155.0,True, 235 Ac  89    5555.35   19.76   6825.09   33.77   6312.28   14.11  13745.61   21.12  11724.26   16.70   7017#    155#  
2012,rct2,145,90,235,Th,4668.02,13.5,False,8112.41,19.11,False,1833.92,24.35,False,13420.52,18.44,False,9727.39,18.44,False,9167.2,15.93,False, 235 Th  90    4668.02   13.50   8112.41   19.11   1833.92   24.35  13420.52   18.44   9727.39   18.44   9167.20   15.93
2012,rct2,144,91,235,Pa,6122.78,14.75,False,5614.52,14.4,False,-2337.35,54.04,False,14266.06,14.11,False,11704.24,14.11,False,8780.88,19.11,False, 235 Pa  91    6122.78   14.75   5614.52   14.40  -2337.35   54.04  14266.06   14.11  11704.24   14.11   8780.88   19.11
2012,rct2,143,92,235,U,5297.49,0.23,False,6708.68,4.48,False,-7090.0,202.0,True,14141.41,1.13,False,9836.74,7.6,False,11118.34,0.89,False, 235 U   92    5297.49    0.23   6708.68    4.48  -7090#    202#    14141.41    1.13   9836.74    7.60  11118.34    0.89
2012,rct2,142,93,235,Np,6983.12,8.37,False,4390.92,0.88,False,-11659.0,401.0,True,14835.43,2.2,False,11298.06,1.77,False,10743.3,7.64,False, 235 Np  93    6983.12    8.37   4390.92    0.88 -11659#    401#    14835.43    2.20  11298.06    1.77  10743.30    7.64
2012,rct2,141,94,235,Pu,6237.37,21.64,False,5061.82,22.13,False,,,False,14944.65,54.9,False,9687.0,102.0,True,13219.36,20.54,False, 235 Pu  94    6237.37   21.64   5061.82   22.13      *             14944.65   54.90   9687#    102#    13219.36   20.54
2012,rct2,140,95,235,Am,7906.0,167.0,True,3012.61,52.64,False,,,False,15284.93,72.51,False,11127.11,55.07,False,12912.0,113.0,True, 235 Am  95    7906#    167#     3012.61   52.64      *             15284.93   72.51  11127.11   55.07  12912#    113#  
2012,rct2,139,96,235,Cm,6785.0,203.0,True,3740.0,257.0,True,,,False,15458.0,226.0,True,9607.0,360.0,True,15294.0,202.0,True, 235 Cm  96    6785#    203#     3740#    257#        *             15458#    226#     9607#    360#    15294#    202#  
2012,rct2,138,97,235,Bk,8711.0,425.0,True,1309.0,401.0,True,,,False,16123.0,407.0,True,11164.0,449.0,True,15082.0,499.0,True, 235 Bk  97    8711#    425#     1309#    401#        *             16123#    407#    11164#    449#    15082#    499#  
2012,rct2,147,89,236,Ac,4207.48,40.67,False,7272.0,301.0,True,7841.55,63.26,False,15038.53,49.03,False,11762.7,41.34,False,7834.0,301.0,True,0236 Ac  89    4207.48   40.67   7272#    301#     7841.55   63.26  15038.53   49.03  11762.70   41.34   7834#    301#  
2012,rct2,146,90,236,Th,5833.87,19.11,False,8390.93,19.76,False,3352.35,14.14,False,12124.81,19.76,False,9811.22,19.11,False,7579.25,21.12,False, 236 Th  90    5833.87   19.11   8390.93   19.76   3352.35   14.14  12124.81   19.76   9811.22   19.11   7579.25   21.12
2012,rct2,145,91,236,Pa,5026.26,19.76,False,5972.77,19.11,False,-708.0,113.0,True,15430.31,14.4,False,11464.36,14.11,False,9672.32,19.11,False, 236 Pa  91    5026.26   19.76   5972.77   19.11   -708#    113#    15430.31   14.40  11464.36   14.11   9672.32   19.11
2012,rct2,144,92,236,U,6545.46,0.26,False,7131.35,14.09,False,-5408.5,18.38,False,12816.96,4.48,False,9820.52,1.11,False,9359.27,0.87,False, 236 U   92    6545.46    0.26   7131.35   14.09  -5408.50   18.38  12816.96    4.48   9820.52    1.11   9359.27    0.87
2012,rct2,143,93,236,Np,5736.75,50.42,False,4830.19,50.41,False,-10163.0,404.0,True,15943.42,50.41,False,11323.24,50.45,False,11535.79,50.43,False, 236 Np  93    5736.75   50.42   4830.19   50.41 -10163#    404#    15943.42   50.41  11323.24   50.45  11535.79   50.43
2012,rct2,142,94,236,Pu,7352.29,20.54,False,5430.99,1.77,False,,,False,13656.98,8.47,False,9816.92,50.99,False,11629.0,2.54,False, 236 Pu  94    7352.29   20.54   5430.99    1.77      *             13656.98    8.47   9816.92   50.99  11629.00    2.54
2012,rct2,141,95,236,Am,6656.0,123.0,True,3431.0,114.0,True,,,False,16403.0,112.0,True,10854.0,123.0,True,13738.0,123.0,True, 236 Am  95    6656#    123#     3431#    114#        *             16403#    112#    10854#    123#    13738#    123#  
2012,rct2,140,96,236,Cm,8227.0,203.0,True,4060.2,55.3,False,,,False,14104.0,160.0,True,9456.0,103.0,True,13449.3,53.56,False, 236 Cm  96    8227#    203#     4060.20   55.30      *             14104#    160#     9456#    103#    13449.30   53.56
2012,rct2,139,97,236,Bk,7233.0,566.0,True,1757.0,448.0,True,,,False,17529.0,401.0,True,11114.0,407.0,True,15925.0,413.0,True, 236 Bk  97    7233#    566#     1757#    448#        *             17529#    401#    11114#    407#    15925#    413#  
2012,rct2,148,89,237,Ac,5014.0,402.0,True,,,False,9405.0,401.0,True,13785.0,499.0,True,12249.0,402.0,True,,,False,0237 Ac  89    5014#    402#        *              9405#    401#    13785#    499#    12249#    402#        *           
2012,rct2,147,90,237,Th,4371.42,21.12,False,8554.87,41.34,False,4861.63,15.99,False,13308.74,21.12,False,9977.96,21.12,False,8708.22,34.58,False, 237 Th  90    4371.42   21.12   8554.87   41.34   4861.63   15.99  13308.74   21.12   9977.96   21.12   8708.22   34.58
2012,rct2,146,91,237,Pa,5877.65,19.11,False,6016.55,19.11,False,957.0,61.0,True,14220.68,18.44,False,11777.22,13.5,False,8332.83,19.11,False, 237 Pa  91    5877.65   19.11   6016.55   19.11    957#     61#    14220.68   18.44  11777.22   13.50   8332.83   19.11
2012,rct2,145,92,237,U,5125.78,0.46,False,7230.87,14.09,False,-3855.38,70.98,False,13813.97,14.09,False,9915.75,4.5,False,10424.01,3.2,False, 237 U   92    5125.78    0.46   7230.87   14.09  -3855.38   70.98  13813.97   14.09   9915.75    4.50  10424.01    3.20
2012,rct2,144,93,237,Np,6577.29,50.42,False,4862.02,0.23,False,-8315.0,224.0,True,14663.62,0.31,False,11590.69,0.38,False,10179.51,4.48,False, 237 Np  93    6577.29   50.42   4862.02    0.23  -8315#    224#    14663.62    0.31  11590.69    0.38  10179.51    4.48
2012,rct2,143,94,237,Pu,5880.7,2.09,False,5574.94,50.43,False,-12843.4,87.43,False,14759.4,1.57,False,10000.85,8.43,False,12593.04,1.34,False, 237 Pu  94    5880.70    2.09   5574.94   50.43 -12843.40   87.43  14759.40    1.57  10000.85    8.43  12593.04    1.34
2012,rct2,142,95,237,Am,7542.0,127.0,True,3621.0,59.0,True,,,False,15098.0,63.0,True,11085.0,60.0,True,12261.0,60.0,True, 237 Am  95    7542#    127#     3621#     59#        *             15098#     63#    11085#     60#    12261#     60#  
2012,rct2,141,96,237,Cm,6678.9,73.27,False,4084.0,132.0,True,,,False,15331.99,88.08,False,9650.0,174.0,True,14543.94,71.28,False, 237 Cm  96    6678.90   73.27   4084#    132#        *             15331.99   88.08   9650#    174#    14543.94   71.28
2012,rct2,140,97,237,Bk,8425.0,459.0,True,1956.0,225.0,True,,,False,15888.0,302.0,True,11328.0,225.0,True,14373.0,275.0,True, 237 Bk  97    8425#    459#     1956#    225#        *             15888#    302#    11328#    225#    14373#    275#  
2012,rct2,139,98,237,Cf,,,False,2894.0,410.0,True,,,False,15944.0,410.0,True,9457.0,167.0,True,16859.31,89.26,False, 237 Cf  98       *              2894#    410#        *             15944#    410#     9457#    167#    16859.31   89.26
2012,rct2,148,90,238,Th,5400.0,284.0,True,8941.0,491.0,True,6461.0,283.0,True,12116.0,286.0,True,10133.0,284.0,True,7068.0,411.0,True,0238 Th  90    5400#    284#     8941#    491#     6461#    283#    12116#    286#    10133#    284#     7068#    411#  
2012,rct2,147,91,238,Pa,4704.9,20.51,False,6350.02,22.39,False,2470.75,53.13,False,15349.65,21.12,False,11740.34,20.51,False,9183.28,21.12,False, 238 Pa  91    4704.90   20.51   6350.02   22.39   2470.75   53.13  15349.65   21.12  11740.34   20.51   9183.28   21.12
2012,rct2,146,92,238,U,6154.26,1.27,False,7507.48,13.18,False,-2135.91,12.37,False,12685.97,14.1,False,9884.27,14.1,False,8937.76,13.18,False, 238 U   92    6154.26    1.27   7507.48   13.18  -2135.91   12.37  12685.97   14.10   9884.27   14.10   8937.76   13.18
2012,rct2,145,93,238,Np,5488.32,0.2,False,5224.56,0.55,False,-6760.0,255.0,True,15720.75,0.3,False,11399.86,0.37,False,10813.97,14.09,False, 238 Np  93    5488.32    0.20   5224.56    0.55  -6760#    255#    15720.75    0.30  11399.86    0.37  10813.97   14.09
2012,rct2,144,94,238,Pu,6999.84,1.34,False,5997.49,0.4,False,-11113.0,298.0,True,13496.31,50.41,False,9984.13,0.9,False,10890.69,0.28,False, 238 Pu  94    6999.84    1.34   5997.49    0.40 -11113#    298#    13496.31   50.41   9984.13    0.90  10890.69    0.28
2012,rct2,143,95,238,Am,6219.0,78.0,True,3959.15,50.71,False,,,False,16231.24,50.71,False,11103.52,54.68,False,13024.82,50.7,False, 238 Am  95    6219#     78#     3959.15   50.71      *             16231.24   50.71  11103.52   54.68  13024.82   50.70
2012,rct2,142,96,238,Cm,7873.72,72.0,False,4415.0,61.0,True,,,False,14114.0,112.0,True,9682.84,53.61,False,12907.6,23.91,False, 238 Cm  96    7873.72   72.00   4415#     61#        *             14114#    112#     9682.84   53.61  12907.60   23.91
2012,rct2,141,97,238,Bk,7043.0,340.0,True,2320.0,265.0,True,,,False,17072.0,256.0,True,11070.0,325.0,True,15236.0,260.0,True, 238 Bk  97    7043#    340#     2320#    265#        *             17072#    256#    11070#    325#    15236#    260#  
2012,rct2,140,98,238,Cf,8731.0,311.0,True,3200.0,373.0,True,,,False,14446.0,499.0,True,9438.0,499.0,True,14913.0,360.0,True, 238 Cf  98    8731#    311#     3200#    373#        *             14446#    499#     9438#    499#    14913#    360#  
2012,rct2,149,90,239,Th,4091.0,491.0,True,,,False,8017.0,401.0,True,13040.0,566.0,True,10250.0,402.0,True,,,False,0239 Th  90    4091#    491#        *              8017#    401#    13040#    566#    10250#    402#        *           
2012,rct2,148,91,239,Pa,5628.0,196.0,True,6578.0,344.0,True,3945.0,196.0,True,14093.0,196.0,True,11946.0,196.0,True,7763.0,199.0,True, 239 Pa  91    5628#    196#     6578#    344#     3945#    196#    14093#    196#    11946#    196#     7763#    199#  
2012,rct2,147,92,239,U,4806.38,0.17,False,7608.96,15.95,False,-574.4,54.05,False,13757.23,13.18,False,10104.15,14.1,False,9965.25,14.1,False, 239 U   92    4806.38    0.17   7608.96   15.95   -574.40   54.05  13757.23   13.18  10104.15   14.10   9965.25   14.10
2012,rct2,146,93,239,Np,6215.19,1.05,False,5285.5,1.55,False,-4939.0,207.0,True,14631.34,1.12,False,11730.13,1.02,False,9625.04,14.12,False, 239 Np  93    6215.19    1.05   5285.50    1.55  -4939#    207#    14631.34    1.12  11730.13    1.02   9625.04   14.12
2012,rct2,145,94,239,Pu,5646.19,0.31,False,6155.36,0.35,False,-9656.0,209.0,True,14427.41,0.29,False,10074.69,50.41,False,11789.96,0.25,False, 239 Pu  94    5646.19    0.31   6155.36    0.35  -9656#    209#    14427.41    0.29  10074.69   50.41  11789.96    0.25
2012,rct2,144,95,239,Am,7102.42,50.71,False,4061.73,1.67,False,-14164.0,298.0,True,15009.53,2.11,False,11353.39,2.27,False,11659.15,50.44,False, 239 Am  95    7102.42   50.71   4061.73    1.67 -14164#    298#    15009.53    2.11  11353.39    2.27  11659.15   50.44
2012,rct2,143,96,239,Cm,6367.9,55.42,False,4563.82,74.09,False,,,False,15288.0,80.0,True,9971.0,124.0,True,13891.99,54.06,False, 239 Cm  96    6367.90   55.42   4563.82   74.09      *             15288#     80#     9971#    124#    13891.99   54.06
2012,rct2,142,97,239,Bk,8036.0,328.0,True,2483.0,207.0,True,,,False,15715.0,219.0,True,11260.0,208.0,True,13856.0,235.0,True, 239 Bk  97    8036#    328#     2483#    207#        *             15715#    219#    11260#    208#    13856#    235#  
2012,rct2,141,98,239,Cf,7103.0,364.0,True,3260.0,330.0,True,,,False,15768.0,307.0,True,9567.0,452.0,True,16037.0,210.0,True, 239 Cf  98    7103#    364#     3260#    330#        *             15768#    307#     9567#    452#    16037#    210#  
2012,rct2,140,99,239,Es,,,False,1011.0,422.0,True,,,False,16330.0,311.0,True,,,False,15660.0,499.0,True, 239 Es  99       *              1011#    422#        *             16330#    311#        *             15660#    499#  
2012,rct2,149,91,240,Pa,4606.0,357.0,True,7093.0,499.0,True,5291.0,298.0,True,14887.0,411.0,True,11711.0,298.0,True,8171.0,499.0,True,0240 Pa  91    4606#    357#     7093#    499#     5291#    298#    14887#    411#    11711#    298#     8171#    499#  
2012,rct2,148,92,240,U,5928.99,5.06,False,7910.0,196.0,True,990.81,5.29,False,12533.14,16.69,False,10052.81,14.07,False,8407.68,16.69,False, 240 U   92    5928.99    5.06   7910#    196#      990.81    5.29  12533.14   16.69  10052.81   14.07   8407.68   16.69
2012,rct2,147,93,240,Np,5066.14,17.1,False,5545.26,17.11,False,-3348.0,151.0,True,15719.45,17.11,False,11789.76,17.08,False,10436.54,21.56,False, 240 Np  93    5066.14   17.10   5545.26   17.11  -3348#    151#    15719.45   17.11  11789.76   17.08  10436.54   21.56
2012,rct2,146,94,240,Pu,6534.2,0.23,False,6474.37,1.02,False,-7863.65,18.76,False,13381.53,0.27,False,10117.77,0.18,False,10381.53,0.48,False, 240 Pu  94    6534.20    0.23   6474.37    1.02  -7863.65   18.76  13381.53    0.27  10117.77    0.18  10381.53    0.48
2012,rct2,145,95,240,Am,5951.53,13.89,False,4367.07,13.79,False,-12687.0,401.0,True,16057.84,13.79,False,11282.56,13.85,False,12284.91,13.79,False, 240 Am  95    5951.53   13.89   4367.07   13.79 -12687#    401#    16057.84   13.79  11282.56   13.85  12284.91   13.79
2012,rct2,144,96,240,Cm,7494.2,54.06,False,4955.6,2.35,False,,,False,14013.08,50.72,False,10019.0,59.0,True,12278.5,2.17,False, 240 Cm  96    7494.20   54.06   4955.60    2.35      *             14013.08   50.72  10019#     59#    12278.50    2.17
2012,rct2,143,97,240,Bk,6657.0,255.0,True,2772.0,159.0,True,,,False,16931.0,151.0,True,11282.0,166.0,True,14741.0,161.0,True, 240 Bk  97    6657#    255#     2772#    159#        *             16931#    151#    11282#    166#    14741#    161#  
2012,rct2,142,98,240,Cf,8326.0,210.0,True,3549.0,208.0,True,,,False,14485.0,256.0,True,9667.0,225.0,True,14389.81,73.37,False, 240 Cf  98    8326#    210#     3549#    208#        *             14485#    256#     9667#    225#    14389.81   73.37
2012,rct2,141,99,240,Es,7429.0,499.0,True,1336.0,452.0,True,,,False,17632.0,499.0,True,11126.0,410.0,True,16657.0,459.0,True, 240 Es  99    7429#    499#     1336#    452#        *             17632#    499#    11126#    410#    16657#    459#  
2012,rct2,150,91,241,Pa,5184.0,499.0,True,,,False,6754.0,401.0,True,13794.0,566.0,True,11928.0,491.0,True,,,False,0241 Pa  91    5184#    499#        *              6754#    401#    13794#    566#    11928#    491#        *           
2012,rct2,149,92,241,U,4591.0,298.0,True,7894.0,422.0,True,2493.0,298.0,True,13570.0,357.0,True,10167.0,298.0,True,9217.0,411.0,True, 241 U   92    4591#    298#     7894#    422#     2493#    298#    13570#    357#    10167#    298#     9217#    411#  
2012,rct2,148,93,241,Np,6127.09,72.74,False,5743.36,70.89,False,-1772.0,212.0,True,14398.74,70.72,False,11816.92,70.72,False,9014.35,72.48,False, 241 Np  93    6127.09   72.74   5743.36   70.89  -1772#    212#    14398.74   70.72  11816.92   70.72   9014.35   72.48
2012,rct2,147,94,241,Pu,5241.52,0.03,False,6649.75,17.08,False,-6370.0,166.0,True,14355.2,1.02,False,10364.57,0.27,False,11294.27,1.17,False, 241 Pu  94    5241.52    0.03   6649.75   17.08  -6370#    166#    14355.20    1.02  10364.57    0.27  11294.27    1.17
2012,rct2,146,95,241,Am,6647.09,13.79,False,4479.96,0.13,False,-10927.0,225.0,True,15056.93,0.27,False,11635.31,0.38,False,11126.14,0.23,False, 241 Am  95    6647.09   13.79   4479.96    0.13 -10927#    225#    15056.93    0.27  11635.31    0.38  11126.14    0.23
2012,rct2,145,96,241,Cm,6093.3,2.1,False,5097.36,13.84,False,-15423.0,298.0,True,15022.2,2.04,False,10144.35,50.7,False,13185.04,1.23,False, 241 Cm  96    6093.30    2.10   5097.36   13.84 -15423#    298#    15022.20    2.04  10144.35   50.70  13185.04    1.23
2012,rct2,144,97,241,Bk,7703.0,250.0,True,2981.0,200.0,True,,,False,15596.0,207.0,True,11453.0,200.0,True,13257.0,206.0,True, 241 Bk  97    7703#    250#     2981#    200#        *             15596#    207#    11453#    200#    13257#    206#  
2012,rct2,143,98,241,Cf,6735.0,167.0,True,3628.0,224.0,True,,,False,15787.0,265.0,True,9975.0,304.0,True,15528.0,166.0,True, 241 Cf  98    6735#    167#     3628#    224#        *             15787#    265#     9975#    304#    15528#    166#  
2012,rct2,142,99,241,Es,8407.0,460.0,True,1417.0,226.0,True,,,False,16328.0,308.0,True,11450.0,374.0,True,15293.0,340.0,True, 241 Es  99    8407#    460#     1417#    226#        *             16328#    308#    11450#    374#    15293#    340#  
2012,rct2,141,100,241,Fm,,,False,2361.0,499.0,True,,,False,16281.0,422.0,True,,,False,17495.0,422.0,True, 241 Fm 100       *              2361#    499#        *             16281#    422#        *             17495#    422#  
2012,rct2,150,92,242,U,5647.0,359.0,True,8358.0,448.0,True,3816.0,201.0,True,12529.0,359.0,True,10148.0,280.0,True,7661.0,448.0,True,0242 U   92    5647#    359#     8358#    448#     3816#    201#    12529#    359#    10148#    280#     7661#    448#  
2012,rct2,149,93,242,Np,4914.72,212.13,False,6067.0,359.0,True,-317.0,283.0,True,15413.01,200.06,False,11708.58,200.0,False,9728.0,280.0,True, 242 Np  93    4914.72  212.13   6067#    359#     -317#    283#    15413.01  200.06  11708.58  200.00   9728#    280#  
2012,rct2,148,94,242,Pu,6309.72,0.69,False,6832.38,70.71,False,-4668.15,13.0,False,13111.62,17.08,False,10270.04,1.22,False,9790.93,1.01,False, 242 Pu  94    6309.72    0.69   6832.38   70.71  -4668.15   13.00  13111.62   17.08  10270.04    1.22   9790.93    1.01
2012,rct2,147,95,242,Am,5537.64,0.1,False,4776.08,0.16,False,-9331.0,256.0,True,16053.5,0.16,False,11743.86,0.28,False,11803.69,1.03,False, 242 Am  95    5537.64    0.10   4776.08    0.16  -9331#    256#    16053.50    0.16  11743.86    0.28  11803.69    1.03
2012,rct2,146,96,242,Cm,6969.48,1.23,False,5419.75,0.39,False,-13594.0,401.0,True,14004.25,13.79,False,10277.28,1.68,False,11861.75,0.32,False, 242 Cm  96    6969.48    1.23   5419.75    0.39 -13594#    401#    14004.25   13.79  10277.28    1.68  11861.75    0.32
2012,rct2,145,97,242,Bk,6369.0,283.0,True,3257.0,200.0,True,,,False,16721.0,200.0,True,11451.0,207.0,True,13990.0,200.0,True, 242 Bk  97    6369#    283#     3257#    200#        *             16721#    200#    11451#    207#    13990#    200#  
2012,rct2,144,98,242,Cf,8012.0,166.0,True,3936.0,200.0,True,,,False,14432.0,151.0,True,10000.0,207.0,True,13884.68,55.57,False, 242 Cf  98    8012#    166#     3936#    200#        *             14432#    151#    10000#    207#    13884.68   55.57
2012,rct2,143,99,242,Es,7133.0,341.0,True,1815.0,305.0,True,,,False,17521.0,257.0,True,11420.0,331.0,True,16197.0,329.0,True, 242 Es  99    7133#    341#     1815#    305#        *             17521#    257#    11420#    331#    16197#    329#  
2012,rct2,142,100,242,Fm,8798.0,499.0,True,2753.0,460.0,True,,,False,14912.0,566.0,True,9708.0,499.0,True,15800.0,452.0,True, 242 Fm 100    8798#    499#     2753#    460#        *             14912#    566#     9708#    499#    15800#    452#  
2012,rct2,151,92,243,U,4292.0,448.0,True,,,False,5217.0,401.0,True,13421.0,566.0,True,10462.0,499.0,True,,,False,0243 U   92    4292#    448#        *              5217#    401#    13421#    566#    10462#    499#        *           
2012,rct2,150,93,243,Np,5613.0,203.0,True,6033.0,203.0,True,1185.0,32.0,True,14390.0,300.0,True,12024.0,32.0,True,8721.0,300.0,True, 243 Np  93    5613#    203#     6033#    203#     1185#     32#    14390#    300#    12024#     32#     8721#    300#  
2012,rct2,149,94,243,Pu,5033.91,2.63,False,6951.57,200.02,False,-3235.0,114.0,True,14204.8,70.76,False,10302.27,17.16,False,10686.01,4.36,False, 243 Pu  94    5033.91    2.63   6951.57  200.02  -3235#    114#    14204.80   70.76  10302.27   17.16  10686.01    4.36
2012,rct2,148,95,243,Am,6364.88,1.42,False,4831.23,1.56,False,-7572.0,207.0,True,14930.14,1.41,False,11913.18,1.41,False,10504.96,17.13,False, 243 Am  95    6364.88    1.42   4831.23    1.56  -7572#    207#    14930.14    1.41  11913.18    1.41  10504.96   17.13
2012,rct2,147,96,243,Cm,5692.95,1.05,False,5575.06,1.04,False,-12180.0,215.0,True,14958.4,1.03,False,10535.87,13.83,False,12703.0,1.03,False, 243 Cm  96    5692.95    1.05   5575.06    1.04 -12180#    215#    14958.40    1.03  10535.87   13.83  12703.00    1.03
2012,rct2,146,97,243,Bk,7115.0,200.0,True,3403.01,4.4,False,,,False,15698.6,4.55,False,11829.87,4.7,False,12825.8,14.47,False, 243 Bk  97    7115#    200#     3403.01    4.40      *             15698.60    4.55  11829.87    4.70  12825.80   14.47
2012,rct2,145,98,243,Cf,6467.0,115.0,True,4033.0,230.0,True,,,False,15669.0,230.0,True,10190.0,188.0,True,14912.0,114.0,True, 243 Cf  98    6467#    115#     4033#    230#        *             15669#    230#    10190#    188#    14912#    114#  
2012,rct2,144,99,243,Es,8124.0,329.0,True,1928.0,207.0,True,,,False,16132.0,265.0,True,11621.0,208.0,True,14729.0,256.0,True, 243 Es  99    8124#    329#     1928#    207#        *             16132#    265#    11621#    208#    14729#    256#  
2012,rct2,143,100,243,Fm,7107.0,455.0,True,2726.0,334.0,True,,,False,16211.0,312.0,True,10029.0,455.0,True,17019.0,216.0,True, 243 Fm 100    7107#    455#     2726#    334#        *             16211#    312#    10029#    455#    17019#    216#  
2012,rct2,151,93,244,Np,4746.0,300.0,True,6488.0,499.0,True,2486.0,298.0,True,15292.0,359.0,True,11869.0,422.0,True,9158.0,499.0,True,0244 Np  93    4746#    300#     6488#    499#     2486#    298#    15292#    359#    11869#    422#     9158#    499#  
2012,rct2,150,94,244,Pu,6020.48,4.25,False,7359.0,32.0,True,-1672.54,5.5,False,13099.05,200.06,False,10408.89,70.88,False,9256.0,298.0,True, 244 Pu  94    6020.48    4.25   7359#     32#    -1672.54    5.50  13099.05  200.06  10408.89   70.88   9256#    298#  
2012,rct2,149,95,244,Am,5366.49,1.73,False,5163.81,2.87,False,-6146.0,181.0,True,15873.37,1.21,False,11788.21,1.0,False,11265.56,70.72,False, 244 Am  95    5366.49    1.73   5163.81    2.87  -6146#    181#    15873.37    1.21  11788.21    1.00  11265.56   70.72
2012,rct2,148,96,244,Cm,6801.26,1.03,False,6011.44,1.41,False,-10512.0,201.0,True,13694.77,0.17,False,10381.7,0.14,False,11143.26,0.06,False, 244 Cm  96    6801.26    1.03   6011.44    1.41 -10512#    201#    13694.77    0.17  10381.70    0.14  11143.26    0.06
2012,rct2,147,97,244,Bk,6047.0,15.01,False,3757.07,14.39,False,,,False,16621.08,14.36,False,11876.16,14.4,False,13425.89,14.36,False, 244 Bk  97    6047.00   15.01   3757.07   14.39      *             16621.08   14.36  11876.16   14.40  13425.89   14.36
2012,rct2,146,98,244,Cf,7583.0,114.0,True,4501.0,5.03,False,,,False,14455.0,200.0,True,10310.0,200.0,True,13422.17,2.77,False, 244 Cf  98    7583#    114#     4501.00    5.03      *             14455#    200#    10310#    200#    13422.17    2.77
2012,rct2,145,99,244,Es,6793.0,275.0,True,2254.0,214.0,True,,,False,17351.0,182.0,True,11564.0,246.0,True,15640.0,270.0,True, 244 Es  99    6793#    275#     2254#    214#        *             17351#    182#    11564#    246#    15640#    270#  
2012,rct2,144,100,244,Fm,8469.0,294.0,True,3071.0,288.0,True,,,False,14875.0,325.0,True,9967.0,302.0,True,15285.0,261.0,True, 244 Fm 100    8469#    294#     3071#    288#        *             14875#    325#     9967#    302#    15285#    261#  
2012,rct2,152,93,245,Np,5323.0,499.0,True,,,False,4134.0,401.0,True,14260.0,566.0,True,12193.0,448.0,True,,,False,0245 Np  93    5323#    499#        *              4134#    401#    14260#    566#    12193#    448#        *           
2012,rct2,151,94,245,Pu,4698.57,13.42,False,7311.0,298.0,True,-207.37,14.45,False,14014.0,34.0,True,10625.05,200.51,False,10205.0,201.0,True, 245 Pu  94    4698.57   13.42   7311#    298#     -207.37   14.45  14014#     34#    10625.05  200.51  10205#    201#  
2012,rct2,150,95,245,Am,6050.18,2.81,False,5193.51,5.56,False,-4465.0,200.0,True,14857.11,3.76,False,12047.76,2.71,False,10130.11,200.02,False, 245 Am  95    6050.18    2.81   5193.51    5.56  -4465#    200#    14857.11    3.76  12047.76    2.71  10130.11  200.02
2012,rct2,149,96,245,Cm,5520.26,1.0,False,6165.21,1.42,False,-9182.0,195.0,True,14539.39,1.73,False,10399.08,1.01,False,11932.72,1.21,False, 245 Cm  96    5520.26    1.00   6165.21    1.42  -9182#    195#    14539.39    1.73  10399.08    1.01  11932.72    1.21
2012,rct2,148,97,245,Bk,6971.37,14.42,False,3927.17,1.41,False,-13457.0,305.0,True,15342.66,1.74,False,11874.28,1.46,False,11992.16,1.41,False, 245 Bk  97    6971.37   14.42   3927.17    1.41 -13457#    305#    15342.66    1.74  11874.28    1.46  11992.16    1.41
2012,rct2,147,98,245,Cf,6163.73,3.31,False,4617.73,14.52,False,,,False,15406.36,4.91,False,10516.0,200.0,True,14227.92,2.2,False, 245 Cf  98    6163.73    3.31   4617.73   14.52      *             15406.36    4.91  10516#    200#    14227.92    2.20
2012,rct2,146,99,245,Es,7730.0,270.0,True,2401.0,200.0,True,,,False,16087.0,230.0,True,11845.0,200.0,True,14279.0,283.0,True, 245 Es  99    7730#    270#     2401#    200#        *             16087#    230#    11845#    200#    14279#    283#  
2012,rct2,145,100,245,Fm,6850.0,280.0,True,3128.0,266.0,True,,,False,16150.0,284.0,True,10250.0,322.0,True,16447.0,195.0,True, 245 Fm 100    6850#    280#     3128#    266#        *             16150#    284#    10250#    322#    16447#    195#  
2012,rct2,144,101,245,Md,,,False,982.0,366.0,True,,,False,16619.0,374.0,True,11737.0,504.0,True,16118.0,398.0,True, 245 Md 101       *               982#    366#        *             16619#    374#    11737#    504#    16118#    398#  
2012,rct2,152,94,246,Pu,5854.92,20.17,False,7843.0,401.0,True,1304.02,15.21,False,12905.0,298.0,True,10383.0,35.0,True,8642.0,401.0,True,0246 Pu  94    5854.92   20.17   7843#    401#     1304.02   15.21  12905#    298#    10383#     35#     8642#    401#  
2012,rct2,151,95,246,Am,4978.0,18.0,True,5473.0,23.0,True,-2907.0,224.0,True,15899.0,18.0,True,12103.0,18.0,True,10765.0,36.0,True, 246 Am  95    4978#     18#     5473#     23#    -2907#    224#    15899#     18#    12103#     18#    10765#     36#  
2012,rct2,150,96,246,Cm,6457.61,1.5,False,6572.65,2.85,False,-7569.91,15.45,False,13448.27,1.5,False,10306.35,1.79,False,10509.03,2.75,False, 246 Cm  96    6457.61    1.50   6572.65    2.85  -7569.91   15.45  13448.27    1.50  10306.35    1.79  10509.03    2.75
2012,rct2,149,97,246,Bk,5918.35,60.03,False,4325.26,60.02,False,-12146.0,266.0,True,16225.57,60.01,False,11648.87,60.02,False,12438.69,60.03,False, 246 Bk  97    5918.35   60.03   4325.26   60.02 -12146#    266#    16225.57   60.01  11648.87   60.02  12438.69   60.03
2012,rct2,148,98,246,Cf,7366.31,2.42,False,5012.67,1.77,False,,,False,14087.05,14.4,False,10264.62,4.51,False,12554.55,1.45,False, 246 Cf  98    7366.31    2.42   5012.67    1.77      *             14087.05   14.40  10264.62    4.51  12554.55    1.45
2012,rct2,147,99,246,Es,6537.0,300.0,True,2774.0,224.0,True,,,False,17134.0,224.0,True,11775.0,251.0,True,14857.0,224.0,True, 246 Es  99    6537#    300#     2774#    224#        *             17134#    224#    11775#    251#    14857#    224#  
2012,rct2,146,100,246,Fm,8070.0,195.0,True,3468.0,201.0,True,,,False,14873.0,182.0,True,10304.0,208.0,True,14844.0,115.0,True, 246 Fm 100    8070#    195#     3468#    201#        *             14873#    182#    10304#    208#    14844#    115#  
2012,rct2,145,101,246,Md,7229.0,401.0,True,1361.0,324.0,True,,,False,17860.0,328.0,True,11615.0,337.0,True,17013.0,332.0,True, 246 Md 101    7229#    401#     1361#    324#        *             17860#    328#    11615#    337#    17013#    332#  
2012,rct2,153,94,247,Pu,4360.0,196.0,True,,,False,3004.0,196.0,True,13869.0,446.0,True,10770.0,357.0,True,,,False,0247 Pu  94    4360#    196#        *              3004#    196#    13869#    446#    10770#    357#        *           
2012,rct2,152,95,247,Am,5912.0,102.0,True,5530.0,101.0,True,-1424.0,102.0,True,14686.0,101.0,True,12212.0,100.0,True,9599.0,314.0,True, 247 Am  95    5912#    102#     5530#    101#    -1424#    102#    14686#    101#    12212#    100#     9599#    314#  
2012,rct2,151,96,247,Cm,5155.47,4.03,False,6750.0,18.0,True,-6139.0,115.0,True,14342.98,4.8,False,10517.37,4.15,False,11374.04,4.82,False, 247 Cm  96    5155.47    4.03   6750#     18#    -6139#    115#    14342.98    4.80  10517.37    4.15  11374.04    4.82
2012,rct2,150,97,247,Bk,6549.09,60.23,False,4416.75,5.31,False,-10447.0,207.0,True,15196.74,5.29,False,11901.04,5.19,False,11256.09,5.29,False, 247 Bk  97    6549.09   60.23   4416.75    5.31 -10447#    207#    15196.74    5.29  11901.04    5.19  11256.09    5.29
2012,rct2,149,98,247,Cf,6059.35,15.47,False,5153.67,61.96,False,,,False,14999.07,15.5,False,10252.27,21.08,False,13296.46,15.44,False, 247 Cf  98    6059.35   15.47   5153.67   61.96      *             14999.07   15.50  10252.27   21.08  13296.46   15.44
2012,rct2,148,99,247,Es,7395.0,224.0,True,2802.44,19.55,False,,,False,15902.34,19.64,False,11963.17,19.65,False,13509.18,24.23,False, 247 Es  99    7395#    224#     2802.44   19.55      *             15902.34   19.64  11963.17   19.65  13509.18   24.23
2012,rct2,147,100,247,Fm,6586.0,116.0,True,3517.0,251.0,True,,,False,16017.0,230.0,True,10511.0,215.0,True,15841.0,115.0,True, 247 Fm 100    6586#    116#     3517#    251#        *             16017#    230#    10511#    215#    15841#    115#  
2012,rct2,146,101,247,Md,8249.0,332.0,True,1540.0,208.0,True,,,False,16461.0,284.0,True,11836.0,289.0,True,15557.0,275.0,True, 247 Md 101    8249#    332#     1540#    208#        *             16461#    284#    11836#    289#    15557#    275#  
2012,rct2,153,95,248,Am,4662.0,224.0,True,5833.0,280.0,True,263.0,207.0,True,15878.0,201.0,True,12248.0,200.0,True,10260.0,448.0,True,0248 Am  95    4662#    224#     5833#    280#      263#    207#    15878#    201#    12248#    200#    10260#    448#  
2012,rct2,152,96,248,Cm,6212.31,4.82,False,7050.0,100.0,True,-4505.26,9.81,False,13109.0,18.0,True,10355.24,5.56,False,9860.3,13.42,False, 248 Cm  96    6212.31    4.82   7050#    100#    -4505.26    9.81  13109#     18#    10355.24    5.56   9860.30   13.42
2012,rct2,151,97,248,Bk,5481.0,71.0,True,4743.0,71.0,True,-9068.0,248.0,True,16173.0,71.0,True,11940.0,71.0,True,11825.0,71.0,True, 248 Bk  97    5481#     71#     4743#     71#    -9068#    248#    16173#     71#    11940#     71#    11825#     71#  
2012,rct2,150,98,248,Cf,6935.26,16.23,False,5539.84,7.21,False,-13381.0,224.0,True,13982.16,60.22,False,10288.37,5.2,False,11881.46,5.1,False, 248 Cf  98    6935.26   16.23   5539.84    7.21 -13381#    224#    13982.16   60.22  10288.37    5.20  11881.46    5.10
2012,rct2,149,99,248,Es,6349.0,56.0,True,3092.0,55.0,True,,,False,16920.0,52.0,True,11778.0,52.0,True,14132.0,52.0,True, 248 Es  99    6349#     56#     3092#     55#        *             16920#     52#    11778#     52#    14132#     52#  
2012,rct2,148,100,248,Fm,7846.0,115.0,True,3968.71,21.24,False,,,False,14707.0,224.0,True,10395.0,200.0,True,14158.19,8.77,False, 248 Fm 100    7846#    115#     3968.71   21.24      *             14707#    224#    10395#    200#    14158.19    8.77
2012,rct2,147,101,248,Md,6860.0,315.0,True,1814.0,264.0,True,,,False,17671.0,238.0,True,11826.0,307.0,True,16428.0,310.0,True, 248 Md 101    6860#    315#     1814#    264#        *             17671#    238#    11826#    307#    16428#    310#  
2012,rct2,146,102,248,No,,,False,2606.0,305.0,True,,,False,15217.0,343.0,True,10212.0,379.0,True,16080.0,297.0,True, 248 No 102       *              2606#    305#        *             15217#    343#    10212#    379#    16080#    297#  
2012,rct2,154,95,249,Am,5531.0,359.0,True,,,False,1927.0,300.0,True,14707.0,357.0,True,12572.0,298.0,True,,,False,0249 Am  95    5531#    359#        *              1927#    300#    14707#    357#    12572#    298#        *           
2012,rct2,153,96,249,Cm,4713.37,0.25,False,7101.0,200.0,True,-2769.13,7.88,False,14308.0,100.0,True,10620.0,18.0,True,11001.85,15.07,False, 249 Cm  96    4713.37    0.25   7101#    200#    -2769.13    7.88  14308#    100#    10620#     18#    11001.85   15.07
2012,rct2,152,97,249,Bk,6302.0,71.0,True,4831.86,5.23,False,-7383.0,201.0,True,15026.93,4.41,False,12096.02,2.14,False,10502.0,18.0,True, 249 Bk  97    6302#     71#     4831.86    5.23  -7383#    201#    15026.93    4.41  12096.02    2.14  10502#     18#  
2012,rct2,151,98,249,Cf,5585.31,5.15,False,5644.0,71.0,True,-12056.0,279.0,True,14945.94,5.34,False,10621.41,60.02,False,12753.76,1.66,False, 249 Cf  98    5585.31    5.15   5644#     71#   -12056#    279#    14945.94    5.34  10621.41   60.02  12753.76    1.66
2012,rct2,150,99,249,Es,7196.0,60.0,True,3352.0,31.0,True,,,False,15783.0,34.0,True,11949.0,30.0,True,12854.0,67.0,True, 249 Es  99    7196#     60#     3352#     31#        *             15783#     34#    11949#     30#    12854#     67#  
2012,rct2,149,100,249,Fm,6449.51,10.47,False,4069.0,53.0,True,,,False,15652.88,20.44,False,10482.0,224.0,True,15075.0,6.26,False, 249 Fm 100    6449.51   10.47   4069#     53#        *             15652.88   20.44  10482#    224#    15075.00    6.26
2012,rct2,148,101,249,Md,7987.0,311.0,True,1954.0,201.0,True,,,False,16271.0,231.0,True,11909.0,201.0,True,14978.0,301.0,True, 249 Md 101    7987#    311#     1954#    201#        *             16271#    231#    11909#    201#    14978#    301#  
2012,rct2,147,102,249,No,6910.0,358.0,True,2656.0,366.0,True,,,False,16556.0,348.0,True,10531.0,381.0,True,17240.0,280.0,True, 249 No 102    6910#    358#     2656#    366#        *             16556#    348#    10531#    381#    17240#    280#  
2012,rct2,154,96,250,Cm,5832.43,10.0,False,7402.0,298.0,True,-1083.07,13.65,False,13138.0,200.0,True,10700.0,101.0,True,9529.0,196.0,True,0250 Cm  96    5832.43   10.00   7402#    298#    -1083.07   13.65  13138#    200#    10700#    101#     9529#    196#  
2012,rct2,153,97,250,Bk,4970.35,4.01,False,5088.85,5.99,False,-5680.0,301.0,True,16268.88,5.98,False,12281.14,5.26,False,11443.0,100.0,True, 250 Bk  97    4970.35    4.01   5088.85    5.99  -5680#    301#    16268.88    5.98  12281.14    5.26  11443#    100#  
2012,rct2,152,98,250,Cf,6625.32,1.67,False,5967.58,2.14,False,-10391.0,201.0,True,13802.0,71.0,True,10545.18,5.31,False,11283.91,4.03,False, 250 Cf  98    6625.32    1.67   5967.58    2.14 -10391#    201#    13802#     71#    10545.18    5.31  11283.91    4.03
2012,rct2,151,99,250,Es,6021.0,104.0,True,3788.0,100.0,True,,,False,16698.0,100.0,True,11987.0,101.0,True,13383.0,100.0,True, 250 Es  99    6021#    104#     3788#    100#        *             16698#    100#    11987#    101#    13383#    100#  
2012,rct2,150,100,250,Fm,7518.49,10.01,False,4392.0,31.0,True,,,False,14483.0,53.0,True,10358.95,21.03,False,13615.86,17.3,False, 250 Fm 100    7518.49   10.01   4392#     31#        *             14483#     53#    10358.95   21.03  13615.86   17.30
2012,rct2,149,101,250,Md,6673.0,362.0,True,2178.0,301.0,True,,,False,17444.0,301.0,True,11822.0,322.0,True,15700.0,302.0,True, 250 Md 101    6673#    362#     2178#    301#        *             17444#    301#    11822#    322#    15700#    302#  
2012,rct2,148,102,250,No,8290.0,344.0,True,2959.0,284.0,True,,,False,15125.0,311.0,True,10490.0,288.0,True,15536.0,231.0,True, 250 No 102    8290#    344#     2959#    284#        *             15125#    311#    10490#    288#    15536#    231#  
2012,rct2,155,96,251,Cm,4412.29,24.98,False,,,False,695.41,27.4,False,14256.0,299.0,True,10950.0,201.0,True,,,False,0251 Cm  96    4412.29   24.98      *               695.41   27.40  14256#    299#    10950#    201#        *           
2012,rct2,154,97,251,Bk,5793.53,11.34,False,5049.94,14.97,False,-3737.5,21.86,False,15188.72,11.14,False,12699.92,11.14,False,10312.0,200.0,True, 251 Bk  97    5793.53   11.34   5049.94   14.97  -3737.50   21.86  15188.72   11.14  12699.92   11.14  10312#    200#  
2012,rct2,153,98,251,Cf,5106.95,4.13,False,6104.18,5.34,False,-8714.0,115.0,True,14996.56,4.5,False,10920.0,71.0,True,12389.27,4.9,False, 251 Cf  98    5106.95    4.13   6104.18    5.34  -8714#    115#    14996.56    4.50  10920#     71#    12389.27    4.90
2012,rct2,152,99,251,Es,6785.0,100.0,True,3947.38,6.1,False,-13215.0,298.0,True,15498.39,6.12,False,12137.64,7.81,False,12079.0,71.0,True, 251 Es  99    6785#    100#     3947.38    6.10 -13215#    298#    15498.39    6.12  12137.64    7.81  12079#     71#  
2012,rct2,151,100,251,Fm,6190.76,17.19,False,4562.0,101.0,True,,,False,15488.0,34.0,True,10517.0,54.0,True,14360.36,16.1,False, 251 Fm 100    6190.76   17.19   4562#    101#        *             15488#     34#    10517#     54#    14360.36   16.10
2012,rct2,150,101,251,Md,7736.0,302.0,True,2395.51,20.55,False,,,False,16157.09,19.94,False,11932.15,20.76,False,14312.0,56.0,True, 251 Md 101    7736#    302#     2395.51   20.55      *             16157.09   19.94  11932.15   20.76  14312#     56#  
2012,rct2,149,102,251,No,6784.0,231.0,True,3070.0,322.0,True,,,False,16328.0,231.0,True,10566.0,264.0,True,16598.0,115.0,True, 251 No 102    6784#    231#     3070#    322#        *             16328#    231#    10566#    264#    16598#    115#  
2012,rct2,148,103,251,Lr,,,False,1124.0,359.0,True,,,False,16657.0,408.0,True,11971.0,373.0,True,16226.0,381.0,True, 251 Lr 103       *              1124#    359#        *             16657#    408#    11971#    373#    16226#    381#  
2012,rct2,156,96,252,Cm,5665.0,299.0,True,,,False,2238.0,298.0,True,,,False,10816.0,422.0,True,,,False,0252 Cm  96    5665#    299#        *              2238#    298#        *             10816#    422#        *           
2012,rct2,155,97,252,Bk,4765.0,200.0,True,5403.0,201.0,True,-1975.0,239.0,True,16256.0,200.0,True,12648.0,200.0,True,11078.0,359.0,True, 252 Bk  97    4765#    200#     5403#    201#    -1975#    239#    16256#    200#    12648#    200#    11078#    359#  
2012,rct2,154,98,252,Cf,6172.4,4.9,False,6483.05,11.14,False,-6836.9,10.51,False,13794.52,5.98,False,11048.73,5.23,False,10930.24,0.25,False, 252 Cf  98    6172.40    4.90   6483.05   11.14  -6836.90   10.51  13794.52    5.98  11048.73    5.23  10930.24    0.25
2012,rct2,153,99,252,Es,5289.62,50.59,False,4130.05,50.24,False,-11443.0,243.0,True,16834.09,50.24,False,12433.34,50.25,False,13091.08,50.27,False, 252 Es  99    5289.62   50.59   4130.05   50.24 -11443#    243#    16834.09   50.24  12433.34   50.25  13091.08   50.27
2012,rct2,152,100,252,Fm,7207.66,16.23,False,4984.94,8.06,False,,,False,14301.0,100.0,True,10505.0,31.0,True,12738.01,5.52,False, 252 Fm 100    7207.66   16.23   4984.94    8.06      *             14301#    100#    10505#     31#    12738.01    5.52
2012,rct2,151,101,252,Md,6528.0,132.0,True,2732.0,131.0,True,,,False,17148.0,131.0,True,11854.0,131.0,True,14980.0,134.0,True, 252 Md 101    6528#    132#     2732#    131#        *             17148#    131#    11854#    131#    14980#    134#  
2012,rct2,150,102,252,No,8050.0,115.0,True,3383.65,21.09,False,,,False,14951.0,301.0,True,10503.0,201.0,True,14998.0,11.14,False, 252 No 102    8050#    115#     3383.65   21.09      *             14951#    301#    10503#    201#    14998.00   11.14
2012,rct2,149,103,252,Lr,7061.0,381.0,True,1401.0,264.0,True,,,False,17885.0,311.0,True,11820.0,367.0,True,17151.0,311.0,True, 252 Lr 103    7061#    381#     1401#    264#        *             17885#    311#    11820#    367#    17151#    311#  
2012,rct2,156,97,253,Bk,5678.0,411.0,True,5416.0,467.0,True,-246.0,360.0,True,14990.0,360.0,True,12802.0,359.0,True,,,False,0253 Bk  97    5678#    411#     5416#    467#     -246#    360#    14990#    360#    12802#    359#        *           
2012,rct2,155,98,253,Cf,4804.29,3.54,False,6522.0,200.0,True,-5057.64,9.17,False,14783.75,11.69,False,11214.8,6.95,False,11958.38,10.61,False, 253 Cf  98    4804.29    3.54   6522#    200#    -5057.64    9.17  14783.75   11.69  11214.80    6.95  11958.38   10.61
2012,rct2,154,99,253,Es,6351.92,50.27,False,4309.57,5.23,False,-9562.0,202.0,True,15589.12,4.5,False,12706.74,2.14,False,11709.51,4.01,False, 253 Es  99    6351.92   50.27   4309.57    5.23  -9562#    202#    15589.12    4.50  12706.74    2.14  11709.51    4.01
2012,rct2,153,100,253,Fm,5539.97,6.14,False,5235.3,50.33,False,-14208.0,410.0,True,15546.18,6.68,False,10986.0,100.0,True,13823.36,3.16,False, 253 Fm 100    5539.97    6.14   5235.30   50.33 -14208#    410#    15546.18    6.68  10986#    100#    13823.36    3.16
2012,rct2,152,101,253,Md,7407.0,134.0,True,2932.0,32.0,True,,,False,15931.0,35.0,True,11965.0,32.0,True,13594.0,105.0,True, 253 Md 101    7407#    134#     2932#     32#        *             15931#     35#    11965#     32#    13594#    105#  
2012,rct2,151,102,253,No,6583.54,11.54,False,3440.0,131.0,True,,,False,16103.9,20.17,False,10592.0,301.0,True,15932.95,10.47,False, 253 No 102    6583.54   11.54   3440#    131#        *             16103.90   20.17  10592#    301#    15932.95   10.47
2012,rct2,150,103,253,Lr,8233.0,312.0,True,1584.0,202.0,True,,,False,16437.0,232.0,True,11877.0,285.0,True,15591.0,362.0,True, 253 Lr 103    8233#    312#     1584#    202#        *             16437#    232#    11877#    285#    15591#    362#  
2012,rct2,149,104,253,Rf,,,False,2470.0,474.0,True,,,False,16540.0,507.0,True,,,False,17640.0,456.0,True, 253 Rf 104       *              2470#    474#        *             16540#    507#        *             17640#    456#  
2012,rct2,157,97,254,Bk,4607.0,467.0,True,,,False,939.0,314.0,True,16048.0,422.0,True,12608.0,299.0,True,,,False,0254 Bk  97    4607#    467#        *               939#    314#    16048#    422#    12608#    299#        *           
2012,rct2,156,98,254,Cf,6031.57,11.76,False,6876.0,359.0,True,-3382.63,15.81,False,13518.0,200.0,True,10976.76,15.81,False,10339.1,25.49,False, 254 Cf  98    6031.57   11.76   6876#    359#    -3382.63   15.81  13518#    200#    10976.76   15.81  10339.10   25.49
2012,rct2,155,99,254,Es,5093.81,4.28,False,4599.1,7.11,False,-7881.0,301.0,True,16667.71,6.17,False,12719.88,5.55,False,12409.23,11.44,False, 254 Es  99    5093.81    4.28   4599.10    7.11  -7881#    301#    16667.71    6.17  12719.88    5.55  12409.23   11.44
2012,rct2,154,100,254,Fm,6515.88,3.67,False,5399.27,2.84,False,-12294.0,283.0,True,14319.91,50.28,False,11254.86,6.38,False,12414.43,4.53,False, 254 Fm 100    6515.88    3.67   5399.27    2.84 -12294#    283#    14319.91   50.28  11254.86    6.38  12414.43    4.53
2012,rct2,153,101,254,Md,5791.0,105.0,True,3184.0,100.0,True,,,False,17348.0,100.0,True,12364.0,101.0,True,14587.0,100.0,True, 254 Md 101    5791#    105#     3184#    100#        *             17348#    100#    12364#    101#    14587#    100#  
2012,rct2,152,102,254,No,7706.58,12.12,False,3739.0,33.0,True,,,False,14925.0,131.0,True,10621.88,21.41,False,14417.14,18.21,False, 254 No 102    7706.58   12.12   3739#     33#        *             14925#    131#    10621.88   21.41  14417.14   18.21
2012,rct2,151,103,254,Lr,6775.0,363.0,True,1776.0,301.0,True,,,False,17712.0,301.0,True,11887.0,322.0,True,16553.0,302.0,True, 254 Lr 103    6775#    363#     1776#    301#        *             17712#    301#    11887#    322#    16553#    302#  
2012,rct2,150,104,254,Rf,8430.0,498.0,True,2667.0,348.0,True,,,False,15171.0,370.0,True,10334.0,411.0,True,15994.0,306.0,True, 254 Rf 104    8430#    498#     2667#    348#        *             15171#    370#    10334#    411#    15994#    306#  
2012,rct2,157,98,255,Cf,4603.0,201.0,True,6872.0,359.0,True,-1997.0,201.0,True,14593.0,411.0,True,11139.0,283.0,True,11401.0,359.0,True,0255 Cf  98    4603#    201#     6872#    359#    -1997#    201#    14593#    411#    11139#    283#    11401#    359#  
2012,rct2,156,99,255,Es,5972.89,11.51,False,4540.42,15.86,False,-5856.72,20.85,False,15499.11,11.77,False,12919.39,11.22,False,11202.0,200.0,True, 255 Es  99    5972.89   11.51   4540.42   15.86  -5856.72   20.85  15499.11   11.77  12919.39   11.22  11202#    200#  
2012,rct2,155,100,255,Fm,5174.71,4.87,False,5480.16,5.83,False,-10530.0,115.0,True,15497.12,4.85,False,11369.77,50.27,False,13412.12,5.22,False, 255 Fm 100    5174.71    4.87   5480.16    5.83 -10530#    115#    15497.12    4.85  11369.77   50.27  13412.12    5.22
2012,rct2,154,101,255,Md,6681.0,100.0,True,3348.98,6.91,False,-14889.0,423.0,True,16206.23,7.19,False,12890.82,8.49,False,13195.49,50.66,False, 255 Md 101    6681#    100#     3348.98    6.91 -14889#    423#    16206.23    7.19  12890.82    8.49  13195.49   50.66
2012,rct2,153,102,255,No,5988.74,17.96,False,3936.0,101.0,True,,,False,16344.0,35.0,True,11161.0,131.0,True,15636.06,15.95,False, 255 No 102    5988.74   17.96   3936#    101#        *             16344#     35#    11161#    131#    15636.06   15.95
2012,rct2,152,103,255,Lr,7997.0,302.0,True,2066.32,20.34,False,,,False,16298.19,19.02,False,11939.21,20.01,False,15083.0,132.0,True, 255 Lr 103    7997#    302#     2066.32   20.34      *             16298.19   19.02  11939.21   20.01  15083#    132#  
2012,rct2,151,104,255,Rf,6939.0,306.0,True,2831.0,322.0,True,,,False,16465.0,232.0,True,10457.0,264.0,True,17105.0,115.0,True, 255 Rf 104    6939#    306#     2831#    322#        *             16465#    232#    10457#    264#    17105#    115#  
2012,rct2,150,105,255,Db,,,False,754.0,509.0,True,,,False,16887.0,589.0,True,,,False,16641.0,485.0,True, 255 Db 105       *               754#    509#        *             16887#    589#        *             16641#    485#  
2012,rct2,158,98,256,Cf,5841.0,373.0,True,,,False,-783.0,315.0,True,13358.0,433.0,True,10976.0,477.0,True,,,False,0256 Cf  98    5841#    373#        *              -783#    315#    13358#    433#    10976#    477#        *           
2012,rct2,157,99,256,Es,4975.0,101.0,True,4912.0,224.0,True,-4559.0,130.0,True,16556.0,101.0,True,12749.0,100.0,True,11905.0,373.0,True, 256 Es  99    4975#    101#     4912#    224#    -4559#    130#    16556#    101#    12749#    100#    11905#    373#  
2012,rct2,156,100,256,Fm,6384.91,7.28,False,5892.19,12.31,False,-8735.32,19.2,False,14206.02,7.99,False,11336.78,7.29,False,11831.49,6.19,False, 256 Fm 100    6384.91    7.28   5892.19   12.31  -8735.32   19.20  14206.02    7.99  11336.78    7.29  11831.49    6.19
2012,rct2,155,101,256,Md,5459.0,123.0,True,3633.0,123.0,True,-13042.0,269.0,True,17263.0,123.0,True,12972.0,123.0,True,14089.0,123.0,True, 256 Md 101    5459#    123#     3633#    123#   -13042#    269#    17263#    123#    12972#    123#    14089#    123#  
2012,rct2,154,102,256,No,7054.62,16.85,False,4309.38,10.09,False,,,False,15080.0,100.0,True,11513.0,32.0,True,14121.41,8.21,False, 256 No 102    7054.62   16.85   4309.38   10.09      *             15080#    100#    11513#     32#    14121.41    8.21
2012,rct2,153,103,256,Lr,6272.02,84.77,False,2349.61,84.23,False,,,False,17732.75,83.51,False,12250.73,83.2,False,16218.0,89.0,True, 256 Lr 103    6272.02   84.77   2349.61   84.23      *             17732.75   83.51  12250.73   83.20  16218#     89#  
2012,rct2,152,104,256,Rf,8179.0,116.0,True,3013.59,25.15,False,,,False,15060.0,302.0,True,10510.0,203.0,True,15509.17,19.12,False, 256 Rf 104    8179#    116#     3013.59   25.15      *             15060#    302#    10510#    203#    15509.17   19.12
2012,rct2,151,105,256,Db,7305.0,486.0,True,1121.0,266.0,True,,,False,18012.0,371.0,True,11806.0,475.0,True,17569.0,314.0,True, 256 Db 105    7305#    486#     1121#    266#        *             18012#    371#    11806#    475#    17569#    314#  
2012,rct2,158,99,257,Es,5855.0,423.0,True,4926.0,517.0,True,-3204.0,413.0,True,15304.0,457.0,True,12926.0,411.0,True,10657.0,508.0,True,0257 Es  99    5855#    423#     4926#    517#    -3204#    413#    15304#    457#    12926#    411#    10657#    508#  
2012,rct2,157,100,257,Fm,4967.94,6.35,False,5886.0,100.0,True,-7276.87,12.46,False,15210.96,11.85,False,11462.65,7.25,False,12895.12,11.85,False, 257 Fm 100    4967.94    6.35   5886#    100#    -7276.87   12.46  15210.96   11.85  11462.65    7.25  12895.12   11.85
2012,rct2,156,101,257,Md,6531.0,123.0,True,3779.18,7.36,False,-11211.0,203.0,True,15907.0,4.95,False,12956.87,3.01,False,12651.41,4.39,False, 257 Md 101    6531#    123#     3779.18    7.36 -11211#    203#    15907.00    4.95  12956.87    3.01  12651.41    4.39
2012,rct2,155,102,257,No,5644.81,10.17,False,4495.0,123.0,True,,,False,16116.9,9.36,False,11660.0,100.0,True,14992.48,7.03,False, 257 No 102    5644.81   10.17   4495#    123#        *             16116.90    9.36  11660#    100#    14992.48    7.03
2012,rct2,154,103,257,Lr,7211.0,94.0,True,2506.0,45.0,True,,,False,16511.0,47.0,True,12746.0,45.0,True,14799.0,109.0,True, 257 Lr 103    7211#     94#     2506#     45#        *             16511#     47#    12746#     45#    14799#    109#  
2012,rct2,153,104,257,Rf,6426.39,20.85,False,3167.96,83.61,False,,,False,16631.12,20.76,False,10859.0,301.0,True,16789.36,14.7,False, 257 Rf 104    6426.39   20.85   3167.96   83.61      *             16631.12   20.76  10859#    301#    16789.36   14.70
2012,rct2,152,105,257,Db,8362.0,314.0,True,1303.0,204.0,True,,,False,16588.0,233.0,True,11874.0,348.0,True,15982.0,363.0,True, 257 Db 105    8362#    314#     1303#    204#        *             16588#    233#    11874#    348#    15982#    363#  
2012,rct2,159,99,258,Es,4773.0,508.0,True,,,False,-2081.0,315.0,True,16372.0,433.0,True,12756.0,359.0,True,,,False,0258 Es  99    4773#    508#        *             -2081#    315#    16372#    433#    12756#    359#        *           
2012,rct2,158,100,258,Fm,6235.0,200.0,True,6266.0,457.0,True,-5915.0,203.0,True,13950.0,224.0,True,11200.0,201.0,True,11263.0,283.0,True, 258 Fm 100    6235#    200#     6266#    457#    -5915#    203#    13950#    224#    11200#    201#    11263#    283#  
2012,rct2,157,101,258,Md,5380.13,4.77,False,4191.36,7.49,False,-10110.0,305.0,True,16911.79,8.2,False,12751.44,6.12,False,13244.17,11.66,False, 258 Md 101    5380.13    4.77   4191.36    7.49 -10110#    305#    16911.79    8.20  12751.44    6.12  13244.17   11.66
2012,rct2,156,102,258,No,6842.0,100.0,True,4807.0,100.0,True,-13764.0,425.0,True,14733.0,158.0,True,11499.0,100.0,True,13325.0,100.0,True, 258 No 102    6842#    100#     4807#    100#   -13764#    425#    14733#    158#    11499#    100#    13325#    100#  
2012,rct2,155,103,258,Lr,5895.0,111.0,True,2756.0,102.0,True,,,False,17671.0,102.0,True,12841.0,103.0,True,15586.0,102.0,True, 258 Lr 103    5895#    111#     2756#    102#        *             17671#    102#    12841#    103#    15586#    102#  
2012,rct2,154,104,258,Rf,7596.67,33.83,False,3554.0,55.0,True,,,False,15306.47,88.89,False,11259.02,36.64,False,15181.43,35.37,False, 258 Rf 104    7596.67   33.83   3554#     55#        *             15306.47   88.89  11259.02   36.64  15181.43   35.37
2012,rct2,153,105,258,Db,6481.0,367.0,True,1358.0,306.0,True,,,False,18287.0,306.0,True,12332.0,326.0,True,17498.0,306.0,True, 258 Db 105    6481#    367#     1358#    306#        *             18287#    306#    12332#    326#    17498#    306#  
2012,rct2,152,106,258,Sg,,,False,2254.0,460.0,True,,,False,15455.0,477.0,True,10374.0,591.0,True,16559.0,428.0,True, 258 Sg 106       *              2254#    460#        *             15455#    477#    10374#    591#    16559#    428#  
2012,rct2,159,100,259,Fm,4793.0,347.0,True,6286.0,411.0,True,-4657.0,292.0,True,15013.0,499.0,True,11382.0,300.0,True,12311.0,423.0,True,0259 Fm 100    4793#    347#     6286#    411#    -4657#    292#    15013#    499#    11382#    300#    12311#    423#  
2012,rct2,158,101,259,Md,6134.0,200.0,True,4090.0,283.0,True,-8366.0,207.0,True,15746.0,200.0,True,13002.0,200.0,True,12085.0,224.0,True, 259 Md 101    6134#    200#     4090#    283#    -8366#    207#    15746#    200#    13002#    200#    12085#    224#  
2012,rct2,157,102,259,No,5439.0,142.0,True,4866.0,100.0,True,-12448.0,154.0,True,15825.0,100.0,True,11518.0,158.0,True,14270.0,100.0,True, 259 No 102    5439#    142#     4866#    100#   -12448#    154#    15825#    100#    11518#    158#    14270#    100#  
2012,rct2,156,103,259,Lr,7002.0,124.0,True,2915.0,123.0,True,,,False,16313.0,71.0,True,12893.0,71.0,True,14043.0,142.0,True, 259 Lr 103    7002#    124#     2915#    123#        *             16313#     71#    12893#     71#    14043#    142#  
2012,rct2,155,104,259,Rf,6051.0,79.0,True,3711.0,125.0,True,,,False,16466.0,85.0,True,11480.0,110.0,True,16185.0,73.0,True, 259 Rf 104    6051#     79#     3711#    125#        *             16466#     85#    11480#    110#    16185#     73#  
2012,rct2,154,105,259,Db,7879.0,310.0,True,1640.22,61.99,False,,,False,16834.21,54.14,False,12632.39,55.97,False,15890.82,98.42,False, 259 Db 105    7879#    310#     1640.22   61.99      *             16834.21   54.14  12632.39   55.97  15890.82   98.42
2012,rct2,153,106,259,Sg,6755.0,429.0,True,2528.0,327.0,True,,,False,17062.0,234.0,True,10924.0,267.0,True,17983.0,118.0,True, 259 Sg 106    6755#    429#     2528#    327#        *             17062#    234#    10924#    267#    17983#    118#  
2012,rct2,160,100,260,Fm,6011.0,582.0,True,,,False,-3383.0,547.0,True,13774.0,590.0,True,11226.0,654.0,True,,,False,0260 Fm 100    6011#    582#        *             -3383#    547#    13774#    590#    11226#    654#        *           
2012,rct2,159,101,260,Md,5145.0,374.0,True,4442.0,424.0,True,-7120.0,330.0,True,16836.0,374.0,True,12826.0,316.0,True,12795.0,519.0,True, 260 Md 101    5145#    374#     4442#    424#    -7120#    330#    16836#    374#    12826#    316#    12795#    519#  
2012,rct2,158,102,260,No,6570.0,224.0,True,5302.0,283.0,True,-10936.0,201.0,True,14635.0,200.0,True,11479.0,200.0,True,12668.0,200.0,True, 260 No 102    6570#    224#     5302#    283#   -10936#    201#    14635#    200#    11479#    200#    12668#    200#  
2012,rct2,157,103,260,Lr,5647.0,143.0,True,3123.0,160.0,True,-15047.0,275.0,True,17509.0,160.0,True,12891.0,124.0,True,14927.0,124.0,True, 260 Lr 103    5647#    143#     3123#    160#   -15047#    275#    17509#    160#    12891#    124#    14927#    124#  
2012,rct2,156,104,260,Rf,7285.0,213.0,True,3993.0,212.0,True,,,False,15076.0,225.0,True,11406.0,205.0,True,14545.0,200.0,True, 260 Rf 104    7285#    213#     3993#    212#        *             15076#    225#    11406#    205#    14545#    200#  
2012,rct2,155,105,260,Db,6390.0,107.0,True,1978.0,118.0,True,,,False,18041.0,98.0,True,12669.0,94.0,True,16712.0,103.0,True, 260 Db 105    6390#    107#     1978#    118#        *             18041#     98#    12669#     94#    16712#    103#  
2012,rct2,154,106,260,Sg,8082.0,118.0,True,2731.88,56.88,False,,,False,15460.0,306.0,True,11204.0,204.0,True,16326.9,23.19,False, 260 Sg 106    8082#    118#     2731.88   56.88      *             15460#    306#    11204#    204#    16326.90   23.19
2012,rct2,153,107,260,Bh,,,False,524.0,271.0,True,,,False,18792.0,480.0,True,,,False,18763.0,318.0,True, 260 Bh 107       *               524#    271#        *             18792#    480#        *             18763#    318#  
2012,rct2,160,101,261,Md,6045.0,655.0,True,4476.0,767.0,True,-5671.0,584.0,True,15584.0,640.0,True,13016.0,607.0,True,11523.0,646.0,True,0261 Md 101    6045#    655#     4476#    767#    -5671#    584#    15584#    640#    13016#    607#    11523#    646#  
2012,rct2,159,102,261,No,5228.0,283.0,True,5386.0,374.0,True,-9551.0,201.0,True,15541.0,283.0,True,11631.0,200.0,True,13675.0,283.0,True, 261 No 102    5228#    283#     5386#    374#    -9551#    201#    15541#    283#    11631#    200#    13675#    283#  
2012,rct2,158,103,261,Lr,6787.0,235.0,True,3339.0,283.0,True,-13573.0,289.0,True,16162.0,224.0,True,12947.0,224.0,True,13520.0,200.0,True, 261 Lr 103    6787#    235#     3339#    283#   -13573#    289#    16162#    224#    12947#    224#    13520#    200#  
2012,rct2,157,104,261,Rf,5898.0,206.0,True,4244.0,134.0,True,,,False,16180.0,87.0,True,11402.0,114.0,True,15489.0,112.0,True, 261 Rf 104    5898#    206#     4244#    134#        *             16180#     87#    11402#    114#    15489#    112#  
2012,rct2,156,105,261,Db,7494.0,144.0,True,2188.0,228.0,True,,,False,16598.0,132.0,True,12772.0,115.0,True,15112.0,150.0,True, 261 Db 105    7494#    144#     2188#    228#        *             16598#    132#    12772#    115#    15112#    150#  
2012,rct2,155,106,261,Sg,6613.2,27.62,False,2955.0,95.0,True,,,False,16726.02,56.18,False,11072.0,306.0,True,17310.37,37.01,False, 261 Sg 106    6613.20   27.62   2955#     95#        *             16726.02   56.18  11072#    306#    17310.37   37.01
2012,rct2,154,107,261,Bh,8261.0,322.0,True,702.0,210.0,True,,,False,17286.0,239.0,True,12755.0,462.0,True,16983.0,370.0,True, 261 Bh 107    8261#    322#      702#    210#        *             17286#    239#    12755#    462#    16983#    370#  
2012,rct2,161,101,262,Md,5023.0,713.0,True,,,False,-4630.0,446.0,True,16572.0,662.0,True,12786.0,509.0,True,,,False,0262 Md 101    5023#    713#        *             -4630#    446#    16572#    662#    12786#    509#        *           
2012,rct2,160,102,262,No,6425.0,412.0,True,5766.0,677.0,True,-8265.0,363.0,True,14260.0,480.0,True,11340.0,413.0,True,12043.0,459.0,True, 262 No 102    6425#    412#     5766#    677#    -8265#    363#    14260#    480#    11340#    413#    12043#    459#  
2012,rct2,159,103,262,Lr,5530.0,283.0,True,3641.0,283.0,True,-12440.0,365.0,True,17202.0,283.0,True,12856.0,224.0,True,14124.0,283.0,True, 262 Lr 103    5530#    283#     3641#    283#   -12440#    365#    17202#    283#    12856#    224#    14124#    283#  
2012,rct2,158,104,262,Rf,6999.0,229.0,True,4457.0,300.0,True,,,False,14828.0,256.0,True,11405.0,235.0,True,13929.0,245.0,True, 262 Rf 104    6999#    229#     4457#    300#        *             14828#    256#    11405#    235#    13929#    245#  
2012,rct2,157,105,262,Db,6064.0,181.0,True,2354.0,152.0,True,,,False,17819.0,246.0,True,12759.0,160.0,True,16051.0,160.0,True, 262 Db 105    6064#    181#     2354#    152#        *             17819#    246#    12759#    160#    16051#    160#  
2012,rct2,156,106,262,Sg,7710.63,40.02,False,3172.0,116.0,True,,,False,15405.0,100.0,True,11239.96,63.83,False,15651.0,81.0,True, 262 Sg 106    7710.63   40.02   3172#    116#        *             15405#    100#    11239.96   63.83  15651#     81#  
2012,rct2,155,107,262,Bh,6663.0,370.0,True,752.0,306.0,True,,,False,18706.0,306.0,True,12848.0,327.0,True,18198.0,310.0,True, 262 Bh 107    6663#    370#      752#    306#        *             18706#    306#    12848#    327#    18198#    310#  
2012,rct2,161,102,263,No,5043.0,608.0,True,5786.0,647.0,True,-7060.0,499.0,True,15263.0,754.0,True,11442.0,583.0,True,13011.0,706.0,True,0263 No 102    5043#    608#     5786#    647#    -7060#    499#    15263#    754#    11442#    583#    13011#    706#  
2012,rct2,160,103,263,Lr,6444.0,347.0,True,3660.0,459.0,True,-10766.0,416.0,True,15986.0,347.0,True,12982.0,347.0,True,12825.0,424.0,True, 263 Lr 103    6444#    347#     3660#    459#   -10766#    416#    15986#    347#    12982#    347#    12825#    424#  
2012,rct2,159,104,263,Rf,5677.0,289.0,True,4604.0,271.0,True,-14929.0,222.0,True,15937.0,271.0,True,11375.0,221.0,True,14822.0,271.0,True, 263 Rf 104    5677#    289#     4604#    271#   -14929#    222#    15937#    271#    11375#    221#    14822#    271#  
2012,rct2,158,105,263,Db,7216.0,221.0,True,2571.0,280.0,True,,,False,16501.0,176.0,True,12827.0,261.0,True,14481.0,209.0,True, 263 Db 105    7216#    221#     2571#    280#        *             16501#    176#    12827#    261#    14481#    209#  
2012,rct2,157,106,263,Sg,6248.0,101.0,True,3356.0,172.0,True,,,False,16651.0,145.0,True,11382.0,133.0,True,16688.0,221.0,True, 263 Sg 106    6248#    101#     3356#    172#        *             16651#    145#    11382#    133#    16688#    221#  
2012,rct2,156,107,263,Bh,8118.0,432.0,True,1160.0,307.0,True,,,False,17201.0,305.0,True,12812.0,305.0,True,16470.0,319.0,True, 263 Bh 107    8118#    432#     1160#    307#        *             17201#    305#    12812#    305#    16470#    319#  
2012,rct2,155,108,263,Hs,,,False,2114.0,331.0,True,,,False,17294.0,244.0,True,11257.0,276.0,True,18816.0,128.0,True, 263 Hs 108       *              2114#    331#        *             17294#    244#    11257#    276#    18816#    128#  
2012,rct2,162,102,264,No,6191.0,812.0,True,,,False,-5773.0,706.0,True,14094.0,773.0,True,11296.0,865.0,True,,,False,0264 No 102    6191#    812#        *             -5773#    706#    14094#    773#    11296#    865#        *           
2012,rct2,161,103,264,Lr,5425.0,520.0,True,4042.0,656.0,True,-9680.0,471.0,True,16986.0,566.0,True,12786.0,480.0,True,13445.0,720.0,True, 264 Lr 103    5425#    520#     4042#    656#    -9680#    471#    16986#    566#    12786#    480#    13445#    720#  
2012,rct2,160,104,264,Rf,6782.0,404.0,True,4942.0,458.0,True,-13487.0,362.0,True,14685.0,412.0,True,11379.0,412.0,True,13268.0,412.0,True, 264 Rf 104    6782#    404#     4942#    458#   -13487#    362#    14685#    412#    11379#    412#    13268#    412#  
2012,rct2,159,105,264,Db,5821.0,289.0,True,2715.0,298.0,True,,,False,17679.0,325.0,True,12904.0,241.0,True,15447.0,309.0,True, 264 Db 105    5821#    289#     2715#    298#        *             17679#    325#    12904#    241#    15447#    309#  
2012,rct2,158,106,264,Sg,7478.0,298.0,True,3617.0,329.0,True,,,False,15237.0,317.0,True,11398.0,304.0,True,15108.0,287.0,True, 264 Sg 106    7478#    298#     3617#    329#        *             15237#    317#    11398#    304#    15108#    287#  
2012,rct2,157,107,264,Bh,6510.0,353.0,True,1422.0,201.0,True,,,False,18401.0,181.0,True,12915.0,178.0,True,17454.0,209.0,True, 264 Bh 107    6510#    353#     1422#    201#        *             18401#    181#    12915#    178#    17454#    209#  
2012,rct2,156,108,264,Hs,8225.0,130.0,True,2221.0,306.0,True,,,False,15732.0,307.0,True,11293.0,211.0,True,17203.87,34.28,False, 264 Hs 108    8225#    130#     2221#    306#        *             15732#    307#    11293#    211#    17203.87   34.28
2012,rct2,162,103,265,Lr,6215.0,748.0,True,4066.0,888.0,True,-8123.0,651.0,True,15814.0,780.0,True,12996.0,706.0,True,12253.0,740.0,True,0265 Lr 103    6215#    748#     4066#    888#    -8123#    651#    15814#    780#    12996#    706#    12253#    740#  
2012,rct2,161,104,265,Rf,5458.0,510.0,True,4976.0,566.0,True,-12211.0,361.0,True,15671.0,458.0,True,11451.0,412.0,True,14235.0,510.0,True, 265 Rf 104    5458#    510#     4976#    566#   -12211#    361#    15671#    458#    11451#    412#    14235#    510#  
2012,rct2,160,105,265,Db,6947.0,325.0,True,2879.0,424.0,True,-16193.0,504.0,True,16410.0,289.0,True,12957.0,316.0,True,14030.0,300.0,True, 265 Db 105    6947#    325#     2879#    424#   -16193#    504#    16410#    289#    12957#    316#    14030#    300#  
2012,rct2,159,106,265,Sg,6058.0,308.0,True,3854.0,265.0,True,,,False,16396.0,208.0,True,11404.0,188.0,True,16050.0,255.0,True, 265 Sg 106    6058#    308#     3854#    265#        *             16396#    208#    11404#    188#    16050#    255#  
2012,rct2,158,107,265,Bh,7772.0,293.0,True,1716.0,367.0,True,,,False,16877.0,252.0,True,12854.0,236.0,True,15746.0,274.0,True, 265 Bh 107    7772#    293#     1716#    367#        *             16877#    252#    12854#    236#    15746#    274#  
2012,rct2,157,108,265,Hs,6733.63,37.51,False,2445.0,179.0,True,,,False,17116.0,306.0,True,11223.0,307.0,True,18180.87,42.82,False, 265 Hs 108    6733.63   37.51   2445#    179#        *             17116#    306#    11223#    307#    18180.87   42.82
2012,rct2,156,109,265,Mt,,,False,173.0,452.0,True,,,False,17673.0,469.0,True,,,False,17783.0,545.0,True, 265 Mt 109       *               173#    452#        *             17673#    469#        *             17783#    545#  
2012,rct2,163,103,266,Lr,4683.0,799.0,True,,,False,-6486.0,543.0,True,17322.0,829.0,True,13356.0,713.0,True,,,False,0266 Lr 103    4683#    799#        *             -6486#    543#    17322#    829#    13356#    713#        *           
2012,rct2,162,104,266,Rf,6685.0,592.0,True,5446.0,767.0,True,-11061.0,471.0,True,14410.0,640.0,True,11210.0,548.0,True,12593.0,678.0,True, 266 Rf 104    6685#    592#     5446#    767#   -11061#    471#    14410#    640#    11210#    548#    12593#    678#  
2012,rct2,161,105,266,Db,5820.0,361.0,True,3241.0,458.0,True,-15225.0,417.0,True,17372.0,458.0,True,12814.0,337.0,True,14654.0,400.0,True, 266 Db 105    5820#    361#     3241#    458#   -15225#    417#    17372#    458#    12814#    337#    14654#    400#  
2012,rct2,160,106,266,Sg,7250.0,274.0,True,4157.0,332.0,True,,,False,14968.0,340.0,True,11371.0,297.0,True,14477.0,306.0,True, 266 Sg 106    7250#    274#     4157#    332#        *             14968#    340#    11371#    297#    14477#    306#  
2012,rct2,159,107,266,Bh,6320.0,285.0,True,1978.0,204.0,True,,,False,18035.0,326.0,True,12782.0,188.0,True,16642.0,234.0,True, 266 Bh 107    6320#    285#     1978#    204#        *             18035#    326#    12782#    188#    16642#    234#  
2012,rct2,158,108,266,Hs,7835.26,45.57,False,2508.0,237.0,True,,,False,15791.0,182.0,True,11506.0,307.0,True,16594.0,102.0,True, 266 Hs 108    7835.26   45.57   2508#    237#        *             15791#    182#    11506#    307#    16594#    102#  
2012,rct2,157,109,266,Mt,6787.0,546.0,True,227.0,308.0,True,,,False,19111.0,308.0,True,13110.0,332.0,True,19114.0,432.0,True, 266 Mt 109    6787#    546#      227#    308#        *             19111#    308#    13110#    332#    19114#    432#  
2012,rct2,163,104,267,Rf,4703.0,742.0,True,5466.0,774.0,True,-9207.0,582.0,True,15923.0,836.0,True,11932.0,721.0,True,14081.0,865.0,True,0267 Rf 104    4703#    742#     5466#    774#    -9207#    582#    15923#    836#    11932#    721#    14081#    865#  
2012,rct2,162,105,267,Db,6734.0,500.0,True,3290.0,625.0,True,-13716.0,650.0,True,16096.0,548.0,True,12862.0,548.0,True,13345.0,600.0,True, 267 Db 105    6734#    500#     3290#    625#   -13716#    650#    16096#    548#    12862#    548#    13345#    600#  
2012,rct2,161,106,267,Sg,5852.0,369.0,True,4189.0,395.0,True,-18081.0,307.0,True,16062.0,355.0,True,11340.0,362.0,True,15407.0,454.0,True, 267 Sg 106    5852#    369#     4189#    395#   -18081#    307#    16062#    355#    11340#    362#    15407#    454#  
2012,rct2,160,107,267,Bh,7413.0,309.0,True,2141.0,359.0,True,,,False,16680.0,290.0,True,12847.0,386.0,True,15051.0,353.0,True, 267 Bh 107    7413#    309#     2141#    359#        *             16680#    290#    12847#    386#    15051#    353#  
2012,rct2,159,108,267,Hs,6556.0,103.0,True,2744.0,189.0,True,,,False,17007.0,253.0,True,11459.0,201.0,True,17515.0,299.0,True, 267 Hs 108    6556#    103#     2744#    189#        *             17007#    253#    11459#    201#    17515#    299#  
2012,rct2,158,109,267,Mt,8244.0,589.0,True,636.0,504.0,True,,,False,17600.0,503.0,True,13091.0,504.0,True,17380.0,533.0,True, 267 Mt 109    8244#    589#      636#    504#        *             17600#    503#    13091#    504#    17380#    533#  
2012,rct2,157,110,267,Ds,,,False,1333.0,336.0,True,,,False,17951.0,471.0,True,,,False,20002.0,140.0,True, 267 Ds 110       *              1333#    336#        *             17951#    471#        *             20002#    140#  
2012,rct2,164,104,268,Rf,6041.0,916.0,True,,,False,-7356.0,768.0,True,14564.0,882.0,True,12106.0,937.0,True,,,False,0268 Rf 104    6041#    916#        *             -7356#    768#    14564#    882#    12106#    937#        *           
2012,rct2,163,105,268,Db,5085.0,671.0,True,3672.0,781.0,True,-12088.0,578.0,True,17696.0,707.0,True,13236.0,640.0,True,14475.0,806.0,True, 268 Db 105    5085#    671#     3672#    781#   -12088#    578#    17696#    707#    13236#    640#    14475#    806#  
2012,rct2,162,106,268,Sg,7107.0,544.0,True,4562.0,625.0,True,-16847.0,558.0,True,14775.0,548.0,True,11179.0,520.0,True,13758.0,592.0,True, 268 Sg 106    7107#    544#     4562#    625#   -16847#    558#    14775#    548#    11179#    520#    13758#    592#  
2012,rct2,161,107,268,Bh,6031.0,463.0,True,2320.0,470.0,True,,,False,17899.0,453.0,True,12874.0,401.0,True,15967.0,442.0,True, 268 Bh 107    6031#    463#     2320#    470#        *             17899#    453#    12874#    401#    15967#    442#  
2012,rct2,160,108,268,Hs,7892.0,299.0,True,3224.0,386.0,True,,,False,15434.0,327.0,True,11339.0,367.0,True,15680.0,309.0,True, 268 Hs 108    7892#    299#     3224#    386#        *             15434#    327#    11339#    367#    15680#    309#  
2012,rct2,159,109,268,Mt,6712.0,554.0,True,791.0,252.0,True,,,False,18724.0,236.0,True,13113.0,234.0,True,18440.0,330.0,True, 268 Mt 109    6712#    554#      791#    252#        *             18724#    236#    13113#    234#    18440#    330#  
2012,rct2,158,110,268,Ds,8342.0,331.0,True,1431.0,586.0,True,,,False,16396.0,430.0,True,11833.0,543.0,True,18394.0,302.0,True, 268 Ds 110    8342#    331#     1431#    586#        *             16396#    430#    11833#    543#    18394#    302#  
2012,rct2,164,105,269,Db,5985.0,860.0,True,3616.0,984.0,True,-10163.0,821.0,True,16414.0,888.0,True,13936.0,824.0,True,13173.0,853.0,True,0269 Db 105    5985#    860#     3616#    984#   -10163#    821#    16414#    888#    13936#    824#    13173#    853#  
2012,rct2,163,106,269,Sg,5058.0,594.0,True,4536.0,642.0,True,-15021.0,365.0,True,16451.0,550.0,True,11941.0,461.0,True,15385.0,594.0,True, 269 Sg 106    5058#    594#     4536#    642#   -15021#    365#    16451#    550#    11941#    461#    15385#    594#  
2012,rct2,162,107,269,Bh,7397.0,534.0,True,2609.0,600.0,True,,,False,16355.0,465.0,True,12727.0,447.0,True,14390.0,469.0,True, 269 Bh 107    7397#    534#     2609#    600#        *             16355#    465#    12727#    447#    14390#    469#  
2012,rct2,161,108,269,Hs,6312.0,310.0,True,3506.0,401.0,True,,,False,16534.0,291.0,True,11346.0,205.0,True,16618.0,275.0,True, 269 Hs 108    6312#    310#     3506#    401#        *             16534#    291#    11346#    205#    16618#    275#  
2012,rct2,160,109,269,Mt,7910.0,519.0,True,809.0,543.0,True,,,False,17370.0,473.0,True,13038.0,465.0,True,16850.0,491.0,True, 269 Mt 109    7910#    519#      809#    543#        *             17370#    473#    13038#    465#    16850#    491#  
2012,rct2,159,110,269,Ds,6884.0,303.0,True,1604.0,235.0,True,,,False,17756.0,504.0,True,11736.0,308.0,True,19344.7,49.89,False, 269 Ds 110    6884#    303#     1604#    235#        *             17756#    504#    11736#    308#    19344.70   49.89
2012,rct2,165,105,270,Db,4863.0,904.0,True,,,False,-8357.0,623.0,True,17592.0,932.0,True,13776.0,830.0,True,,,False,0270 Db 105    4863#    904#        *             -8357#    623#    17592#    932#    13776#    830#        *           
2012,rct2,164,106,270,Sg,6395.0,665.0,True,4946.0,877.0,True,-13188.0,559.0,True,15140.0,768.0,True,12280.0,693.0,True,13693.0,800.0,True, 270 Sg 106    6395#    665#     4946#    877#   -13188#    559#    15140#    768#    12280#    693#    13693#    800#  
2012,rct2,163,107,270,Bh,5326.0,472.0,True,2877.0,464.0,True,,,False,18136.0,550.0,True,13253.0,398.0,True,15798.0,503.0,True, 270 Bh 107    5326#    472#     2877#    464#        *             18136#    550#    13253#    398#    15798#    503#  
2012,rct2,162,108,270,Hs,7571.0,278.0,True,3681.0,449.0,True,,,False,14994.0,455.0,True,11187.0,362.0,True,14898.0,371.0,True, 270 Hs 108    7571#    278#     3681#    449#        *             14994#    455#    11187#    362#    14898#    371#  
2012,rct2,161,109,270,Mt,6669.0,494.0,True,1165.0,211.0,True,,,False,18593.0,331.0,True,12925.0,195.0,True,17594.0,313.0,True, 270 Mt 109    6669#    494#     1165#    211#        *             18593#    331#    12925#    195#    17594#    313#  
2012,rct2,160,110,270,Ds,8227.78,57.42,False,1921.0,466.0,True,,,False,16240.0,238.0,True,11752.0,505.0,True,17673.0,107.0,True, 270 Ds 110    8227.78   57.42   1921#    466#        *             16240#    238#    11752#    505#    17673#    107#  
2012,rct2,165,106,271,Sg,4805.0,808.0,True,4888.0,838.0,True,-11189.0,593.0,True,16321.0,895.0,True,12560.0,789.0,True,14929.0,923.0,True,0271 Sg 106    4805#    808#     4888#    838#   -11189#    593#    16321#    895#    12560#    789#    14929#    923#  
2012,rct2,164,107,271,Bh,6308.0,528.0,True,2790.0,712.0,True,,,False,16886.0,574.0,True,14052.0,645.0,True,14575.0,690.0,True, 271 Bh 107    6308#    528#     2790#    712#        *             16886#    574#    14052#    645#    14575#    690#  
2012,rct2,163,108,271,Hs,5388.0,388.0,True,3743.0,413.0,True,,,False,17002.0,478.0,True,11830.0,484.0,True,16617.0,555.0,True, 271 Hs 108    5388#    388#     3743#    413#        *             17002#    478#    11830#    484#    16617#    555#  
2012,rct2,162,109,271,Mt,7684.0,371.0,True,1277.0,413.0,True,,,False,17222.0,353.0,True,13134.0,435.0,True,15941.0,504.0,True, 271 Mt 109    7684#    371#     1277#    413#        *             17222#    353#    13134#    435#    15941#    504#  
2012,rct2,161,110,271,Ds,6803.0,108.0,True,2056.0,196.0,True,,,False,17347.0,473.0,True,11661.0,252.0,True,18762.0,300.0,True, 271 Ds 110    6803#    108#     2056#    196#        *             17347#    473#    11661#    252#    18762#    300#  
2012,rct2,166,106,272,Sg,6249.0,970.0,True,,,False,-9436.0,877.0,True,14934.0,979.0,True,12296.0,1028.0,True,,,False,0272 Sg 106    6249#    970#        *             -9436#    877#    14934#    979#    12296#   1028#        *           
2012,rct2,165,107,272,Bh,5270.0,699.0,True,3256.0,797.0,True,-13981.0,589.0,True,18011.0,776.0,True,13841.0,652.0,True,15290.0,867.0,True, 272 Bh 107    5270#    699#     3256#    797#   -13981#    589#    18011#    776#    13841#    652#    15290#    867#  
2012,rct2,164,108,272,Hs,6837.0,590.0,True,4272.0,676.0,True,,,False,15491.0,585.0,True,12389.0,632.0,True,14838.0,627.0,True, 272 Hs 108    6837#    590#     4272#    676#        *             15491#    585#    12389#    632#    14838#    627#  
2012,rct2,163,109,272,Mt,5591.0,587.0,True,1480.0,569.0,True,,,False,19203.0,545.0,True,13856.0,501.0,True,17747.0,613.0,True, 272 Mt 109    5591#    587#     1480#    569#        *             19203#    545#    13856#    501#    17747#    613#  
2012,rct2,162,110,272,Ds,8002.0,424.0,True,2374.0,528.0,True,,,False,16013.0,446.0,True,11569.0,620.0,True,17072.0,431.0,True, 272 Ds 110    8002#    424#     2374#    528#        *             16013#    446#    11569#    620#    17072#    431#  
2012,rct2,161,111,272,Rg,,,False,464.0,253.0,True,,,False,18804.0,238.0,True,12801.0,236.0,True,19108.0,519.0,True, 272 Rg 111       *               464#    253#        *             18804#    238#    12801#    236#    19108#    519#  
2012,rct2,167,106,273,Sg,4634.0,923.0,True,,,False,-8365.0,521.0,True,,,False,12525.0,782.0,True,,,False,0273 Sg 106    4634#    923#        *             -8365#    521#        *             12525#    782#        *           
2012,rct2,166,107,273,Bh,6230.0,917.0,True,3236.0,1071.0,True,-12003.0,909.0,True,16586.0,944.0,True,14006.0,927.0,True,13923.0,953.0,True, 273 Bh 107    6230#    917#     3236#   1071#   -12003#    909#    16586#    944#    14006#    927#    13923#    953#  
2012,rct2,165,108,273,Hs,5105.0,629.0,True,4108.0,654.0,True,,,False,16693.0,576.0,True,12610.0,466.0,True,16128.0,667.0,True, 273 Hs 108    5105#    629#     4108#    654#        *             16693#    576#    12610#    466#    16128#    667#  
2012,rct2,164,109,273,Mt,7147.0,682.0,True,1789.0,700.0,True,,,False,17445.0,564.0,True,14281.0,540.0,True,15926.0,559.0,True, 273 Mt 109    7147#    682#     1789#    700#        *             17445#    564#    14281#    540#    15926#    559#  
2012,rct2,163,110,273,Ds,5705.0,434.0,True,2488.0,503.0,True,,,False,17992.0,356.0,True,12533.0,217.0,True,18939.0,283.0,True, 273 Ds 110    5705#    434#     2488#    503#        *             17992#    356#    12533#    217#    18939#    283#  
2012,rct2,162,111,273,Rg,8208.0,576.0,True,669.0,669.0,True,,,False,17400.0,535.0,True,12821.0,529.0,True,17569.0,553.0,True, 273 Rg 111    8208#    576#      669#    669#        *             17400#    535#    12821#    529#    17569#    553#  
2012,rct2,167,107,274,Bh,4991.0,954.0,True,3593.0,784.0,True,-10903.0,627.0,True,17844.0,980.0,True,13820.0,839.0,True,,,False,0274 Bh 107    4991#    954#     3593#    784#   -10903#    627#    17844#    980#    13820#    839#        *           
2012,rct2,166,108,274,Hs,6558.0,697.0,True,4436.0,948.0,True,,,False,15406.0,802.0,True,12360.0,739.0,True,14375.0,832.0,True, 274 Hs 108    6558#    697#     4436#    948#        *             15406#    802#    12360#    739#    14375#    832#  
2012,rct2,165,109,274,Mt,5420.0,596.0,True,2104.0,510.0,True,,,False,18862.0,621.0,True,14249.0,462.0,True,16814.0,567.0,True, 274 Mt 109    5420#    596#     2104#    510#        *             18862#    621#    14249#    462#    16814#    567#  
2012,rct2,164,110,274,Ds,7279.0,412.0,True,2621.0,618.0,True,,,False,16304.0,622.0,True,12937.0,511.0,True,17048.0,490.0,True, 274 Ds 110    7279#    412#     2621#    618#        *             16304#    622#    12937#    511#    17048#    490#  
2012,rct2,163,111,274,Rg,6091.0,556.0,True,1055.0,222.0,True,,,False,19311.0,449.0,True,13534.0,202.0,True,19162.0,375.0,True, 274 Rg 111    6091#    556#     1055#    222#        *             19311#    449#    13534#    202#    19162#    375#  
2012,rct2,168,107,275,Bh,6095.0,847.0,True,,,False,-9566.0,790.0,True,16384.0,780.0,True,13974.0,977.0,True,,,False,0275 Bh 107    6095#    847#        *             -9566#    790#    16384#    780#    13974#    977#        *           
2012,rct2,167,108,275,Hs,4937.0,834.0,True,4382.0,841.0,True,,,False,16698.0,946.0,True,12693.0,799.0,True,15687.0,972.0,True, 275 Hs 108    4937#    834#     4382#    841#        *             16698#    946#    12693#    799#    15687#    972#  
2012,rct2,166,109,275,Mt,6604.0,587.0,True,2150.0,754.0,True,,,False,17363.0,595.0,True,14482.0,692.0,True,15480.0,715.0,True, 275 Mt 109    6604#    587#     2150#    754#        *             17363#    595#    14482#    692#    15480#    715#  
2012,rct2,165,110,275,Ds,5628.0,575.0,True,2829.0,551.0,True,,,False,17822.0,639.0,True,12900.0,643.0,True,18257.0,662.0,True, 275 Ds 110    5628#    575#     2829#    551#        *             17822#    639#    12900#    643#    18257#    662#  
2012,rct2,164,111,275,Rg,7432.0,548.0,True,1207.0,649.0,True,,,False,17584.0,536.0,True,14104.0,663.0,True,17321.0,710.0,True, 275 Rg 111    7432#    548#     1207#    649#        *             17584#    536#    14104#    663#    17321#    710#  
2012,rct2,168,108,276,Hs,6407.0,992.0,True,4694.0,997.0,True,-12067.0,997.0,True,15282.0,1000.0,True,12516.0,1090.0,True,13914.0,944.0,True,0276 Hs 108    6407#    992#     4694#    997#   -12067#    997#    15282#   1000#    12516#   1090#    13914#    944#  
2012,rct2,167,109,276,Mt,5488.0,724.0,True,2701.0,806.0,True,,,False,18433.0,809.0,True,14100.0,663.0,True,16222.0,924.0,True, 276 Mt 109    5488#    724#     2701#    806#        *             18433#    809#    14100#    663#    16222#    924#  
2012,rct2,166,110,276,Ds,7147.0,692.0,True,3372.0,720.0,True,,,False,16095.0,652.0,True,12899.0,728.0,True,16215.0,660.0,True, 276 Ds 110    7147#    692#     3372#    720#        *             16095#    652#    12899#    728#    16215#    660#  
2012,rct2,165,111,276,Rg,5841.0,815.0,True,1420.0,757.0,True,,,False,19023.0,740.0,True,13968.0,643.0,True,18627.0,791.0,True, 276 Rg 111    5841#    815#     1420#    757#        *             19023#    740#    13968#    643#    18627#    791#  
2012,rct2,164,112,276,Cn,,,False,2193.0,790.0,True,,,False,16446.0,622.0,True,12580.0,795.0,True,17616.0,611.0,True, 276 Cn 112       *              2193#    790#        *             16446#    622#    12580#    795#    17616#    611#  
2012,rct2,169,108,277,Hs,4864.0,965.0,True,,,False,-10937.0,560.0,True,16513.0,805.0,True,12643.0,809.0,True,,,False,0277 Hs 108    4864#    965#        *            -10937#    560#    16513#    805#    12643#    809#        *           
2012,rct2,168,109,277,Mt,6512.0,945.0,True,2806.0,1108.0,True,,,False,16858.0,966.0,True,14146.0,969.0,True,14701.0,975.0,True, 277 Mt 109    6512#    945#     2806#   1108#        *             16858#    966#    14146#    969#    14701#    975#  
2012,rct2,167,110,277,Ds,5380.0,669.0,True,3265.0,673.0,True,,,False,17318.0,605.0,True,12939.0,522.0,True,17393.0,705.0,True, 277 Ds 110    5380#    669#     3265#    673#        *             17318#    605#    12939#    522#    17393#    705#  
2012,rct2,166,111,277,Rg,7387.0,846.0,True,1659.0,787.0,True,,,False,17265.0,706.0,True,13861.0,687.0,True,16660.0,667.0,True, 277 Rg 111    7387#    846#     1659#    787#        *             17265#    706#    13861#    687#    16660#    667#  
2012,rct2,165,112,277,Cn,5993.0,613.0,True,2346.0,645.0,True,,,False,17884.0,538.0,True,12677.0,228.0,True,18902.0,415.0,True, 277 Cn 112    5993#    613#     2346#    645#        *             17884#    538#    12677#    228#    18902#    415#  
2012,rct2,169,109,278,Mt,5241.0,995.0,True,3183.0,833.0,True,-13294.0,660.0,True,18024.0,1020.0,True,13842.0,864.0,True,15555.0,870.0,True,0278 Mt 109    5241#    995#     3183#    833#   -13294#    660#    18024#   1020#    13842#    864#    15555#    870#  
2012,rct2,168,110,278,Ds,7023.0,733.0,True,3776.0,989.0,True,,,False,15783.0,834.0,True,12520.0,780.0,True,15307.0,857.0,True, 278 Ds 110    7023#    733#     3776#    989#        *             15783#    834#    12520#    780#    15307#    857#  
2012,rct2,167,111,278,Rg,5813.0,669.0,True,2092.0,524.0,True,,,False,18599.0,654.0,True,13676.0,553.0,True,17451.0,589.0,True, 278 Rg 111    5813#    669#     2092#    524#        *             18599#    654#    13676#    553#    17451#    589#  
2012,rct2,166,112,278,Cn,7592.0,461.0,True,2551.0,715.0,True,,,False,16134.0,766.0,True,12517.0,679.0,True,16938.0,608.0,True, 278 Cn 112    7592#    461#     2551#    715#        *             16134#    766#    12517#    679#    16938#    608#  
2012,rct2,165,113,278,Ed,,,False,827.0,233.0,True,,,False,19251.0,624.0,True,,,False,19282.0,550.0,True, 278 Ed 113       *               827#    233#        *             19251#    624#        *             19282#    550#  
2012,rct2,170,109,279,Mt,6425.0,920.0,True,,,False,-11993.0,966.0,True,16464.0,859.0,True,13824.0,1041.0,True,,,False,0279 Mt 109    6425#    920#        *            -11993#    966#    16464#    859#    13824#   1041#        *           
2012,rct2,169,110,279,Ds,5223.0,865.0,True,3758.0,871.0,True,,,False,17072.0,973.0,True,12785.0,814.0,True,16491.0,998.0,True, 279 Ds 110    5223#    865#     3758#    871#        *             17072#    973#    12785#    814#    16491#    998#  
2012,rct2,168,111,279,Rg,6927.0,591.0,True,1996.0,782.0,True,,,False,17052.0,607.0,True,13896.0,722.0,True,16012.0,726.0,True, 279 Rg 111    6927#    591#     1996#    782#        *             17052#    607#    13896#    722#    16012#    726#  
2012,rct2,167,112,279,Cn,5848.0,640.0,True,2586.0,588.0,True,,,False,17672.0,734.0,True,12510.0,783.0,True,18237.0,720.0,True, 279 Cn 112    5848#    640#     2586#    588#        *             17672#    734#    12510#    783#    18237#    720#  
2012,rct2,166,113,279,Ed,7725.0,723.0,True,960.0,825.0,True,,,False,17519.0,713.0,True,13751.0,918.0,True,17398.0,940.0,True, 279 Ed 113    7725#    723#      960#    825#        *             17519#    713#    13751#    918#    17398#    940#  
2012,rct2,170,110,280,Ds,6941.0,1018.0,True,4274.0,1060.0,True,,,False,15372.0,1039.0,True,12356.0,1126.0,True,14414.0,986.0,True,0280 Ds 110    6941#   1018#     4274#   1060#        *             15372#   1039#    12356#   1126#    14414#    986#  
2012,rct2,169,111,280,Rg,5820.0,734.0,True,2593.0,822.0,True,,,False,18255.0,841.0,True,13456.0,682.0,True,16704.0,952.0,True, 280 Rg 111    5820#    734#     2593#    822#        *             18255#    841#    13456#    682#    16704#    952#  
2012,rct2,168,112,280,Cn,7507.0,747.0,True,3166.0,749.0,True,,,False,15978.0,684.0,True,12389.0,812.0,True,16110.0,698.0,True, 280 Cn 112    7507#    747#     3166#    749#        *             15978#    684#    12389#    812#    16110#    698#  
2012,rct2,167,113,280,Ed,6227.0,988.0,True,1339.0,840.0,True,,,False,18884.0,825.0,True,13517.0,713.0,True,18558.0,899.0,True, 280 Ed 113    6227#    988#     1339#    840#        *             18884#    825#    13517#    713#    18558#    899#  
2012,rct2,171,110,281,Ds,5091.0,992.0,True,,,False,,,False,16706.0,867.0,True,12506.0,841.0,True,,,False,0281 Ds 110    5091#    992#        *                 *             16706#    867#    12506#    841#        *           
2012,rct2,170,111,281,Rg,6934.0,998.0,True,2586.0,1165.0,True,,,False,16544.0,1018.0,True,13546.0,1034.0,True,15011.0,1039.0,True, 281 Rg 111    6934#    998#     2586#   1165#        *             16544#   1018#    13546#   1034#    15011#   1039#  
2012,rct2,169,112,281,Cn,5651.0,700.0,True,2997.0,684.0,True,,,False,17254.0,610.0,True,12551.0,527.0,True,17482.0,735.0,True, 281 Cn 112    5651#    700#     2997#    684#        *             17254#    610#    12551#    527#    17482#    735#  
2012,rct2,168,113,281,Ed,7559.0,988.0,True,1390.0,910.0,True,,,False,17174.0,840.0,True,13550.0,825.0,True,16812.0,785.0,True, 281 Ed 113    7559#    988#     1390#    910#        *             17174#    840#    13550#    825#    16812#    785#  
2012,rct2,171,111,282,Rg,5501.0,1060.0,True,2996.0,866.0,True,,,False,17984.0,1060.0,True,13268.0,895.0,True,15934.0,943.0,True,0282 Rg 111    5501#   1060#     2996#    866#        *             17984#   1060#    13268#    895#    15934#    943#  
2012,rct2,170,112,282,Cn,7372.0,762.0,True,3436.0,1053.0,True,,,False,15702.0,865.0,True,12106.0,807.0,True,15333.0,888.0,True, 282 Cn 112    7372#    762#     3436#   1053#        *             15702#    865#    12106#    807#    15333#    888#  
2012,rct2,169,113,282,Ed,6029.0,786.0,True,1768.0,529.0,True,,,False,18652.0,686.0,True,13369.0,590.0,True,17710.0,593.0,True, 282 Ed 113    6029#    786#     1768#    529#        *             18652#    686#    13369#    590#    17710#    593#  
2012,rct2,172,111,283,Rg,6744.0,990.0,True,,,False,,,False,16330.0,917.0,True,13464.0,1102.0,True,,,False,0283 Rg 111    6744#    990#        *                 *             16330#    917#    13464#   1102#        *           
2012,rct2,171,112,283,Cn,5488.0,895.0,True,3423.0,902.0,True,,,False,17148.0,1024.0,True,12438.0,829.0,True,16786.0,1024.0,True, 283 Cn 112    5488#    895#     3423#    902#        *             17148#   1024#    12438#    829#    16786#   1024#  
2012,rct2,170,113,283,Ed,7235.0,603.0,True,1631.0,815.0,True,,,False,17068.0,620.0,True,13642.0,758.0,True,16296.0,743.0,True, 283 Ed 113    7235#    603#     1631#    815#        *             17068#    620#    13642#    758#    16296#    743#  
2012,rct2,172,112,284,Cn,7246.0,1044.0,True,3924.0,1120.0,True,,,False,15402.0,1078.0,True,12126.0,1182.0,True,14631.0,1012.0,True,0284 Cn 112    7246#   1044#     3924#   1120#        *             15402#   1078#    12126#   1182#    14631#   1012#  
2012,rct2,171,113,284,Ed,6063.0,751.0,True,2206.0,837.0,True,,,False,18377.0,872.0,True,13230.0,693.0,True,17166.0,1004.0,True, 284 Ed 113    6063#    751#     2206#    837#        *             18377#    872#    13230#    693#    17166#   1004#  
2012,rct2,173,112,285,Cn,5313.0,1013.0,True,,,False,,,False,16834.0,918.0,True,12314.0,867.0,True,,,False,0285 Cn 112    5313#   1013#        *                 *             16834#    918#    12314#    867#        *           
2012,rct2,172,113,285,Ed,7140.0,1006.0,True,2099.0,1183.0,True,,,False,16726.0,1025.0,True,13462.0,1054.0,True,15528.0,1061.0,True, 285 Ed 113    7140#   1006#     2099#   1183#        *             16726#   1025#    13462#   1054#    15528#   1061#  
2012,rct2,171,114,285,Fl,,,False,2710.0,721.0,True,,,False,17298.0,651.0,True,12288.0,566.0,True,17892.0,787.0,True, 285 Fl 114       *              2710#    721#        *             17298#    651#    12288#    566#    17892#    787#  
2012,rct2,173,113,286,Ed,5761.0,1062.0,True,2547.0,869.0,True,,,False,18211.0,1079.0,True,13190.0,904.0,True,16511.0,991.0,True,0286 Ed 113    5761#   1062#     2547#    869#        *             18211#   1079#    13190#    904#    16511#    991#  
2012,rct2,172,114,286,Fl,7520.0,788.0,True,3090.0,1055.0,True,,,False,15841.0,872.0,True,12003.0,816.0,True,15860.0,895.0,True, 286 Fl 114    7520#    788#     3090#   1055#        *             15841#    872#    12003#    816#    15860#    895#  
2012,rct2,174,113,287,Ed,6971.0,1011.0,True,,,False,,,False,16553.0,940.0,True,13464.0,1138.0,True,,,False,0287 Ed 113    6971#   1011#        *                 *             16553#    940#    13464#   1138#        *           
2012,rct2,173,114,287,Fl,5698.0,897.0,True,3028.0,905.0,True,,,False,17283.0,1027.0,True,12368.0,838.0,True,17408.0,1045.0,True, 287 Fl 114    5698#    897#     3028#    905#        *             17283#   1027#    12368#    838#    17408#   1045#  
2012,rct2,172,115,287,Ef,,,False,1263.0,818.0,True,,,False,17288.0,654.0,True,,,False,16803.0,753.0,True, 287 Ef 115       *              1263#    818#        *             17288#    654#        *             16803#    753#  
2012,rct2,174,114,288,Fl,7336.0,1045.0,True,3392.0,1138.0,True,,,False,15708.0,1080.0,True,12171.0,1183.0,True,15385.0,1013.0,True,0288 Fl 114    7336#   1045#     3392#   1138#        *             15708#   1080#    12171#   1183#    15385#   1013#  
2012,rct2,173,115,288,Ef,6175.0,755.0,True,1740.0,840.0,True,,,False,18633.0,874.0,True,13338.0,723.0,True,17767.0,1007.0,True, 288 Ef 115    6175#    755#     1740#    840#        *             18633#    874#    13338#    723#    17767#   1007#  
2012,rct2,175,114,289,Fl,5419.0,1015.0,True,,,False,,,False,17260.0,941.0,True,12513.0,870.0,True,,,False,0289 Fl 114    5419#   1015#        *                 *             17260#    941#    12513#    870#        *           
2012,rct2,174,115,289,Ef,7245.0,1008.0,True,1649.0,1184.0,True,,,False,17087.0,1028.0,True,13613.0,1056.0,True,16284.0,1063.0,True, 289 Ef 115    7245#   1008#     1649#   1184#        *             17087#   1028#    13613#   1056#    16284#   1063#  
2012,rct2,173,116,289,Lv,,,False,2238.0,783.0,True,,,False,17658.0,720.0,True,,,False,18620.0,843.0,True, 289 Lv 116       *              2238#    783#        *             17658#    720#        *             18620#    843#  
2012,rct2,175,115,290,Ef,5884.0,1069.0,True,2113.0,877.0,True,,,False,18538.0,1085.0,True,13427.0,912.0,True,17371.0,1017.0,True,0290 Ef 115    5884#   1069#     2113#    877#        *             18538#   1085#    13427#    912#    17371#   1017#  
2012,rct2,174,116,290,Lv,7628.0,847.0,True,2621.0,1059.0,True,,,False,16205.0,878.0,True,12255.0,822.0,True,16690.0,900.0,True, 290 Lv 116    7628#    847#     2621#   1059#        *             16205#    878#    12255#    822#    16690#    900#  
2012,rct2,176,115,291,Ef,7051.0,1060.0,True,,,False,,,False,16907.0,988.0,True,13712.0,1177.0,True,,,False,0291 Ef 115    7051#   1060#        *                 *             16907#    988#    13712#   1177#        *           
2012,rct2,175,116,291,Lv,5800.0,902.0,True,2537.0,913.0,True,,,False,17650.0,1029.0,True,12630.0,841.0,True,18226.0,1046.0,True, 291 Lv 116    5800#    902#     2537#    913#        *             17650#   1029#    12630#    841#    18226#   1046#  
2012,rct2,174,117,291,Eh,,,False,865.0,914.0,True,,,False,17578.0,823.0,True,,,False,17565.0,855.0,True, 291 Eh 117       *               865#    914#        *             17578#    823#        *             17565#    855#  
2012,rct2,176,116,292,Lv,7452.0,1046.0,True,2938.0,1177.0,True,,,False,16082.0,1085.0,True,12423.0,1185.0,True,16193.0,1015.0,True,0292 Lv 116    7452#   1046#     2938#   1177#        *             16082#   1085#    12423#   1185#    16193#   1015#  
2012,rct2,175,117,292,Eh,6275.0,944.0,True,1340.0,931.0,True,,,False,18931.0,964.0,True,13528.0,879.0,True,18535.0,1085.0,True, 292 Eh 117    6275#    944#     1340#    931#        *             18931#    964#    13528#    879#    18535#   1085#  
2012,rct2,177,116,293,Lv,5514.0,1016.0,True,,,False,,,False,17619.0,989.0,True,12793.0,879.0,True,,,False,0293 Lv 116    5514#   1016#        *                 *             17619#    989#    12793#    879#        *           
2012,rct2,176,117,293,Eh,7352.0,1086.0,True,1240.0,1186.0,True,,,False,17379.0,1030.0,True,13804.0,1060.0,True,17067.0,1070.0,True, 293 Eh 117    7352#   1086#     1240#   1186#        *             17379#   1030#    13804#   1060#    17067#   1070#  
2012,rct2,175,118,293,Ei,,,False,1608.0,1011.0,True,,,False,18188.0,963.0,True,,,False,19548.0,984.0,True, 293 Ei 118       *              1608#   1011#        *             18188#    963#        *             19548#    984#  
2012,rct2,177,117,294,Eh,5997.0,1076.0,True,1723.0,886.0,True,,,False,18834.0,1091.0,True,13606.0,920.0,True,18120.0,1066.0,True,0294 Eh 117    5997#   1076#     1723#    886#        *             18834#   1091#    13606#    920#    18120#   1066#  
2012,rct2,176,118,294,Ei,7737.0,986.0,True,1993.0,1062.0,True,,,False,16726.0,966.0,True,12676.0,916.0,True,17611.0,904.0,True, 294 Ei 118    7737#    986#     1993#   1062#        *             16726#    966#    12676#    916#    17611#    904#  
2012,rct2,177,118,295,Ei,5911.0,926.0,True,1906.0,942.0,True,,,False,18167.0,1050.0,True,13040.0,953.0,True,19152.0,1065.0,True,0295 Ei 118    5911#    926#     1906#    942#        *             18167#   1050#    13040#    953#    19152#   1065#  
