vintage,N,Z,A,element,origin,mass_excess_keV,mass_excess_unc_keV,be_per_A_keV,be_per_A_unc_keV,beta_mode,beta_keV,beta_unc_keV,atomic_mass_u,atomic_mass_unc_micro_u,mass_estimated,be_estimated,beta_estimated,atomic_mass_estimated,mass_excess_raw,be_per_A_raw,raw_line,B_total_MeV,B_total_unc_MeV,I,even_N,even_Z
2020,8,8,16,O,,-4737.00217,0.0003,7976.2072,0.0002,B-,-15412.184,5.3642,15.99491461926,0.00032,False,False,False,False,-4737.00217,7976.2072,   0    8    8   16 O         -4737.00217     0.00030    7976.2072     0.0002  B- -15412.1840     5.3642   15 994914.61926     0.00032 ,127.6193152,3.2000000000000003e-06,0.0,1,1
2020,9,8,17,O,,-808.76421,0.00064,7750.7291,0.0002,B-,-2760.4655,0.2479,16.99913175595,0.00069,False,False,False,False,-808.76421,7750.7291,   1    9    8   17 O          -808.76421     0.00064    7750.7291     0.0002  B-  -2760.4655     0.2479   16 999131.75595     0.00069 ,131.76239470000002,3.4e-06,0.058823529411764705,0,1
2020,8,9,17,F,,1951.701,0.248,7542.3284,0.0146,B-,-14548.7507,0.4323,17.002095237,0.266,False,False,False,False,1951.701,7542.3284,  -1    8    9   17 F          1951.701       0.248      7542.3284     0.0146  B- -14548.7507     0.4323   17 002095.237       0.266   ,128.2195828,0.0002482,-0.058823529411764705,1,0
2020,10,8,18,O,,-782.81634,0.00064,7767.0981,0.0002,B-,-1655.9288,0.4633,17.99915961214,0.00069,False,False,False,False,-782.81634,7767.0981,   2   10    8   18 O          -782.81634     0.00064    7767.0981     0.0002  B-  -1655.9288     0.4633   17 999159.61214     0.00069 ,139.8077658,3.6000000000000003e-06,0.1111111111111111,1,1
2020,9,9,18,F,,873.112,0.463,7631.6383,0.0257,B-,-4444.5049,0.5888,18.000937324,0.497,False,False,False,False,873.112,7631.6383,   0    9    9   18 F           873.112       0.463      7631.6383     0.0257  B-  -4444.5049     0.5888   18 000937.324       0.497   ,137.3694894,0.0004626,0.0,0,0
2020,8,10,18,Ne,,5317.617,0.363,7341.2577,0.0202,B-,-19720.3745,93.8819,18.005708696,0.39,False,False,False,False,5317.617,7341.2577,  -2    8   10   18 Ne         5317.617       0.363      7341.2577     0.0202  B- -19720.3745    93.8819   18 005708.696       0.390   ,132.1426386,0.0003636,-0.1111111111111111,1,1
2020,11,8,19,O,-n,3332.858,2.637,7566.4952,0.1388,B-,4820.3029,2.637,19.003577969,2.83,False,False,False,False,3332.858,7566.4952,   3   11    8   19 O    -n    3332.858       2.637      7566.4952     0.1388  B-   4820.3029     2.6370   19 003577.969       2.830   ,143.7634088,0.0026372,0.15789473684210525,0,1
2020,10,9,19,F,,-1487.44512,0.00082,7779.0192,0.0002,B-,-3239.4986,0.1601,18.99840316207,0.00088,False,False,False,False,-1487.44512,7779.0192,   1   10    9   19 F         -1487.44512     0.00082    7779.0192     0.0002  B-  -3239.4986     0.1601   18 998403.16207     0.00088 ,147.8013648,3.8e-06,0.05263157894736842,1,0
2020,9,10,19,Ne,+3n,1752.054,0.16,7567.3431,0.0084,B-,-11177.331,10.5364,19.001880906,0.171,False,False,False,False,1752.054,7567.3431,  -1    9   10   19 Ne  +3n    1752.054       0.160      7567.3431     0.0084  B- -11177.3310    10.5364   19 001880.906       0.171   ,143.7795189,0.0001596,-0.05263157894736842,0,1
2020,8,11,19,Na,,12929.384,10.535,6937.8864,0.5545,B-,-18909.0095,60.9189,19.013880264,11.309,False,False,False,False,12929.384,6937.8864,  -3    8   11   19 Na        12929.384      10.535      6937.8864     0.5545  B- -18909.0095    60.9189   19 013880.264      11.309   ,131.81984160000002,0.0105355,-0.15789473684210525,1,0
2020,12,8,20,O,-nn,3796.172,0.885,7568.5707,0.0442,B-,3813.6349,0.8854,20.004075357,0.95,False,False,False,False,3796.172,7568.5707,   4   12    8   20 O   -nn    3796.172       0.885      7568.5707     0.0442  B-   3813.6349     0.8854   20 004075.357       0.950   ,151.371414,0.0008840000000000001,0.2,1,1
2020,11,9,20,F,-n,-17.463,0.03,7720.1351,0.0015,B-,7024.4689,0.0297,19.999981252,0.031,False,False,False,False,-17.463,7720.1351,   2   11    9   20 F    -n     -17.463       0.030      7720.1351     0.0015  B-   7024.4689     0.0297   19 999981.252       0.031   ,154.40270200000003,2.9999999999999997e-05,0.1,0,0
2020,10,10,20,Ne,,-7041.93217,0.00154,8032.2412,0.0002,B-,-13892.4207,1.109,19.99244017525,0.00165,False,False,False,False,-7041.93217,8032.2412,   0   10   10   20 Ne        -7041.93217     0.00154    8032.2412     0.0002  B- -13892.4207     1.1090   19 992440.17525     0.00165 ,160.64482400000003,4e-06,0.0,1,1
2020,9,11,20,Na,,6850.489,1.109,7298.5028,0.0554,B-,-10627.2054,2.1681,20.007354301,1.19,False,False,False,False,6850.489,7298.5028,  -2    9   11   20 Na         6850.489       1.109      7298.5028     0.0554  B- -10627.2054     2.1681   20 007354.301       1.190   ,145.970056,0.0011079999999999998,-0.1,0,0
2020,8,12,20,Mg,+t,17477.694,1.863,6728.0252,0.0931,B-,,,20.018763075,2.0,False,False,False,False,17477.694,6728.0252,  -4    8   12   20 Mg   +t   17477.694       1.863      6728.0252     0.0931  B-      *                   20 018763.075       2.000   ,134.560504,0.0018620000000000002,-0.2,1,1
2020,13,8,21,O,-3n,8062.034,12.0,7389.3747,0.5714,B-,8109.639,12.1342,21.008654948,12.882,False,False,False,False,8062.034,7389.3747,   5   13    8   21 O   -3n    8062.034      12.000      7389.3747     0.5714  B-   8109.6390    12.1342   21 008654.948      12.882   ,155.1768687,0.0119994,0.23809523809523808,0,1
2020,12,9,21,F,-nn,-47.605,1.8,7738.2934,0.0857,B-,5684.1712,1.8004,20.999948893,1.932,False,False,False,False,-47.605,7738.2934,   3   12    9   21 F   -nn     -47.605       1.800      7738.2934     0.0857  B-   5684.1712     1.8004   20 999948.893       1.932   ,162.5041614,0.0017997,0.14285714285714285,1,0
2020,11,10,21,Ne,,-5731.776,0.038,7971.7136,0.0018,B-,-3546.919,0.0177,20.993846685,0.041,False,False,False,False,-5731.776,7971.7136,   1   11   10   21 Ne        -5731.776       0.038      7971.7136     0.0018  B-  -3546.9190     0.0177   20 993846.685       0.041   ,167.4059856,3.78e-05,0.047619047619047616,0,1
2020,10,11,21,Na,,-2184.857,0.042,7765.5581,0.002,B-,-13088.708,0.7557,20.997654459,0.045,False,False,False,False,-2184.857,7765.5581,  -1   10   11   21 Na        -2184.857       0.042      7765.5581     0.0020  B- -13088.7080     0.7557   20 997654.459       0.045   ,163.07672010000002,4.2000000000000004e-05,-0.047619047619047616,1,0
2020,9,12,21,Mg,x,10903.851,0.755,7105.0317,0.0359,B-,-16186.0,600.0,21.011705764,0.81,False,False,True,False,10903.851,7105.0317,  -3    9   12   21 Mg    x   10903.851       0.755      7105.0317     0.0359  B- -16186#       600#       21 011705.764       0.810   ,149.2056657,0.0007539000000000001,-0.14285714285714285,0,1
2020,14,8,22,O,-4n,9283.032,56.921,7364.8722,2.5873,B-,6489.6562,58.2558,22.009965744,61.107,False,False,False,False,9283.032,7364.8722,   6   14    8   22 O   -4n    9283.032      56.921      7364.8722     2.5873  B-   6489.6562    58.2558   22 009965.744      61.107   ,162.02718839999997,0.0569206,0.2727272727272727,1,1
2020,13,9,22,F,+,2793.376,12.399,7624.2954,0.5636,B-,10818.0916,12.399,22.002998812,13.31,False,False,False,False,2793.376,7624.2954,   4   13    9   22 F     +    2793.376      12.399      7624.2954     0.5636  B-  10818.0916    12.3990   22 002998.812      13.310   ,167.7344988,0.0123992,0.18181818181818182,0,0
2020,12,10,22,Ne,,-8024.716,0.018,8080.4656,0.0008,B-,-2843.3243,0.1325,21.991385113,0.018,False,False,False,False,-8024.716,8080.4656,   2   12   10   22 Ne        -8024.716       0.018      8080.4656     0.0008  B-  -2843.3243     0.1325   21 991385.113       0.018   ,177.7702432,1.76e-05,0.09090909090909091,1,1
2020,11,11,22,Na,,-5181.391,0.132,7915.6624,0.006,B-,-4781.4051,0.1631,21.994437547,0.141,False,False,False,False,-5181.391,7915.6624,   0   11   11   22 Na        -5181.391       0.132      7915.6624     0.0060  B-  -4781.4051     0.1631   21 994437.547       0.141   ,174.1445728,0.000132,0.0,0,0
2020,10,12,22,Mg,,-399.986,0.159,7662.7645,0.0072,B-,-18601.0,401.0,21.999570597,0.17,False,False,True,False,-399.986,7662.7645,  -2   10   12   22 Mg         -399.986       0.159      7662.7645     0.0072  B- -18601#       401#       21 999570.597       0.170   ,168.58081900000002,0.00015839999999999997,-0.09090909090909091,1,1
2020,15,8,23,O,x,14621.371,121.712,7163.4856,5.2918,B-,11336.1072,126.1904,23.015696686,130.663,False,False,False,False,14621.371,7163.4856,   7   15    8   23 O     x   14621.371     121.712      7163.4856     5.2918  B-  11336.1072   126.1904   23 015696.686     130.663   ,164.76016879999997,0.12171140000000001,0.30434782608695654,0,1
2020,14,9,23,F,,3285.263,33.32,7622.3447,1.4487,B-,8439.3084,33.3206,23.003526875,35.77,False,False,False,False,3285.263,7622.3447,   5   14    9   23 F          3285.263      33.320      7622.3447     1.4487  B-   8439.3084    33.3206   23 003526.875      35.770   ,175.3139281,0.033320100000000005,0.21739130434782608,1,0
2020,13,10,23,Ne,-n,-5154.045,0.104,7955.2561,0.0045,B-,4375.8085,0.1044,22.994466905,0.112,False,False,False,False,-5154.045,7955.2561,   3   13   10   23 Ne   -n   -5154.045       0.104      7955.2561     0.0045  B-   4375.8085     0.1044   22 994466.905       0.112   ,182.9708903,0.0001035,0.13043478260869565,0,1
2020,12,11,23,Na,,-9529.85352,0.00181,8111.4936,0.0002,B-,-4056.179,0.0317,22.98976928195,0.00194,False,False,False,False,-9529.85352,8111.4936,   1   12   11   23 Na        -9529.85352     0.00181    8111.4936     0.0002  B-  -4056.1790     0.0317   22 989769.28195     0.00194 ,186.5643528,4.6e-06,0.043478260869565216,1,0
2020,11,12,23,Mg,-,-5473.675,0.032,7901.1229,0.0014,B-,-12221.7457,0.3461,22.994123768,0.034,False,False,False,False,-5473.675,7901.1229,  -1   11   12   23 Mg    -   -5473.675       0.032      7901.1229     0.0014  B- -12221.7457     0.3461   22 994123.768       0.034   ,181.7258267,3.22e-05,-0.043478260869565216,0,1
2020,10,13,23,Al,--,6748.071,0.345,7335.7275,0.015,B-,-17202.0,500.0,23.007244351,0.37,False,False,True,False,6748.071,7335.7275,  -3   10   13   23 Al   --    6748.071       0.345      7335.7275     0.0150  B- -17202#       500#       23 007244.351       0.370   ,168.7217325,0.000345,-0.13043478260869565,1,0
2020,16,8,24,O,x,18500.404,164.874,7039.6855,6.8698,B-,10955.8885,191.6327,24.019861,177.0,False,False,False,False,18500.404,7039.6855,   8   16    8   24 O     x   18500.404     164.874      7039.6855     6.8698  B-  10955.8885   191.6327   24 019861.000     177.000   ,168.952452,0.1648752,0.3333333333333333,1,1
2020,15,9,24,F,x,7544.516,97.67,7463.5831,4.0696,B-,13496.1583,97.6717,24.00809937,104.853,False,False,False,False,7544.516,7463.5831,   6   15    9   24 F     x    7544.516      97.670      7463.5831     4.0696  B-  13496.1583    97.6717   24 008099.370     104.853   ,179.1259944,0.0976704,0.25,0,0
2020,14,10,24,Ne,-nn,-5951.642,0.513,7993.3252,0.0214,B-,2466.2583,0.513,23.993610649,0.55,False,False,False,False,-5951.642,7993.3252,   4   14   10   24 Ne  -nn   -5951.642       0.513      7993.3252     0.0214  B-   2466.2583     0.5130   23 993610.649       0.550   ,191.83980480000002,0.0005135999999999999,0.16666666666666666,1,1
2020,13,11,24,Na,-n,-8417.901,0.017,8063.4882,0.0007,B-,5515.6774,0.021,23.990963012,0.017,False,False,False,False,-8417.901,8063.4882,   2   13   11   24 Na   -n   -8417.901       0.017      8063.4882     0.0007  B-   5515.6774     0.0210   23 990963.012       0.017   ,193.5237168,1.68e-05,0.08333333333333333,0,0
2020,12,12,24,Mg,,-13933.578,0.013,8260.7103,0.0006,B-,-13884.766,0.2282,23.985041689,0.013,False,False,False,False,-13933.578,8260.7103,   0   12   12   24 Mg       -13933.578       0.013      8260.7103     0.0006  B- -13884.7660     0.2282   23 985041.689       0.013   ,198.25704720000002,1.44e-05,0.0,1,1
2020,11,13,24,Al,,-48.812,0.228,7649.5806,0.0095,B-,-10793.9978,19.4734,23.999947598,0.244,False,False,False,False,-48.812,7649.5806,  -2   11   13   24 Al          -48.812       0.228      7649.5806     0.0095  B- -10793.9978    19.4734   23 999947.598       0.244   ,183.5899344,0.00022799999999999999,-0.08333333333333333,0,0
2020,10,14,24,Si,--,10745.186,19.472,7167.2329,0.8113,B-,-23275.0,501.0,24.01153543,20.904,False,False,True,False,10745.186,7167.2329,  -4   10   14   24 Si   --   10745.186      19.472      7167.2329     0.8113  B- -23275#       501#       24 011535.430      20.904   ,172.01358960000002,0.0194712,-0.16666666666666666,1,1
2020,17,8,25,O,-n,27329.03,165.084,6727.8058,6.6034,B-,15994.8633,191.1909,25.029338919,177.225,False,False,False,False,27329.030,6727.8058,   9   17    8   25 O    -n   27329.030     165.084      6727.8058     6.6034  B-  15994.8633   191.1909   25 029338.919     177.225   ,168.195145,0.16508499999999998,0.36,0,1
2020,16,9,25,F,x,11334.167,96.442,7336.3065,3.8577,B-,13369.6698,100.7212,25.012167727,103.535,False,False,False,False,11334.167,7336.3065,   7   16    9   25 F     x   11334.167      96.442      7336.3065     3.8577  B-  13369.6698   100.7212   25 012167.727     103.535   ,183.40766250000001,0.0964425,0.28,1,0
2020,15,10,25,Ne,,-2035.503,29.045,7839.7994,1.1618,B-,7322.3107,29.0701,24.997814797,31.181,False,False,False,False,-2035.503,7839.7994,   5   15   10   25 Ne        -2035.503      29.045      7839.7994     1.1618  B-   7322.3107    29.0701   24 997814.797      31.181   ,195.99498499999999,0.029044999999999998,0.2,0,1
2020,14,11,25,Na,-nn,-9357.814,1.2,8101.3979,0.048,B-,3834.9684,1.2009,24.989953974,1.288,False,False,False,False,-9357.814,8101.3979,   3   14   11   25 Na  -nn   -9357.814       1.200      8101.3979     0.0480  B-   3834.9684     1.2009   24 989953.974       1.288   ,202.53494750000002,0.0012,0.12,1,0
2020,13,12,25,Mg,,-13192.782,0.047,8223.5028,0.0019,B-,-4276.808,0.0447,24.985836966,0.05,False,False,False,False,-13192.782,8223.5028,   1   13   12   25 Mg       -13192.782       0.047      8223.5028     0.0019  B-  -4276.8080     0.0447   24 985836.966       0.050   ,205.58757,4.75e-05,0.04,0,1
2020,12,13,25,Al,,-8915.974,0.065,8021.1366,0.0026,B-,-12743.2956,10.0002,24.990428308,0.069,False,False,False,False,-8915.974,8021.1366,  -1   12   13   25 Al        -8915.974       0.065      8021.1366     0.0026  B- -12743.2956    10.0002   24 990428.308       0.069   ,200.528415,6.500000000000001e-05,-0.04,1,0
2020,11,14,25,Si,+3n,3827.322,10.0,7480.1109,0.4,B-,-16363.0,400.0,25.004108798,10.735,False,False,True,False,3827.322,7480.1109,  -3   11   14   25 Si  +3n    3827.322      10.000      7480.1109     0.4000  B- -16363#       400#       25 004108.798      10.735   ,187.0027725,0.01,-0.12,0,1
2020,18,8,26,O,-nn,34661.041,164.95,6497.479,6.3442,B-,15986.3855,196.6301,26.037210155,177.081,False,False,False,False,34661.041,6497.4790,0 10   18    8   26 O   -nn   34661.041     164.950      6497.4790     6.3442  B-  15986.3855   196.6301   26 037210.155     177.081   ,168.934454,0.1649492,0.38461538461538464,1,1
2020,17,9,26,F,,18674.655,107.027,7082.2497,4.1164,B-,18193.5414,108.6022,26.020048065,114.898,False,False,False,False,18674.655,7082.2497,   8   17    9   26 F         18674.655     107.027      7082.2497     4.1164  B-  18193.5414   108.6022   26 020048.065     114.898   ,184.1384922,0.1070264,0.3076923076923077,0,0
2020,16,10,26,Ne,x,481.114,18.429,7751.911,0.7088,B-,7341.894,18.7585,26.000516496,19.784,False,False,False,False,481.114,7751.9110,   6   16   10   26 Ne    x     481.114      18.429      7751.9110     0.7088  B-   7341.8940    18.7585   26 000516.496      19.784   ,201.54968599999998,0.0184288,0.23076923076923078,1,1
2020,15,11,26,Na,x,-6860.78,3.502,8004.2013,0.1347,B-,9353.7631,3.5018,25.992634649,3.759,False,False,False,False,-6860.780,8004.2013,   4   15   11   26 Na    x   -6860.780       3.502      8004.2013     0.1347  B-   9353.7631     3.5018   25 992634.649       3.759   ,208.1092338,0.0035021999999999996,0.15384615384615385,0,0
2020,14,12,26,Mg,,-16214.544,0.029,8333.8711,0.0011,B-,-4004.4042,0.0629,25.982592972,0.031,False,False,False,False,-16214.544,8333.8711,   2   14   12   26 Mg       -16214.544       0.029      8333.8711     0.0011  B-  -4004.4042     0.0629   25 982592.972       0.031   ,216.6806486,2.86e-05,0.07692307692307693,1,1
2020,13,13,26,Al,,-12210.139,0.066,8149.7653,0.0026,B-,-5069.1361,0.0849,25.986891876,0.071,False,False,False,False,-12210.139,8149.7653,   0   13   13   26 Al       -12210.139       0.066      8149.7653     0.0026  B-  -5069.1361     0.0849   25 986891.876       0.071   ,211.89389780000002,6.759999999999999e-05,0.0,0,0
2020,12,14,26,Si,-,-7141.003,0.108,7924.7083,0.0041,B-,-18114.0,196.0,25.992333818,0.115,False,False,True,False,-7141.003,7924.7083,  -2   12   14   26 Si    -   -7141.003       0.108      7924.7083     0.0041  B- -18114#       196#       25 992333.818       0.115   ,206.04241580000001,0.00010660000000000002,-0.07692307692307693,1,1
2020,18,9,27,F,,25133.478,120.198,6879.6662,4.4518,B-,18082.568,150.6211,27.026981897,129.037,False,False,False,False,25133.478,6879.6662,   9   18    9   27 F         25133.478     120.198      6879.6662     4.4518  B-  18082.5680   150.6211   27 026981.897     129.037   ,185.75098739999999,0.12019860000000002,0.3333333333333333,1,0
2020,17,10,27,Ne,x,7050.91,90.77,7520.4151,3.3619,B-,12568.7005,90.8467,27.007569462,97.445,False,False,False,False,7050.910,7520.4151,   7   17   10   27 Ne    x    7050.910      90.770      7520.4151     3.3619  B-  12568.7005    90.8467   27 007569.462      97.445   ,203.0512077,0.0907713,0.25925925925925924,0,1
2020,16,11,27,Na,++,-5517.791,3.726,7956.9467,0.138,B-,9068.8037,3.7266,26.994076408,4.0,False,False,False,False,-5517.791,7956.9467,   5   16   11   27 Na   ++   -5517.791       3.726      7956.9467     0.1380  B-   9068.8037     3.7266   26 994076.408       4.000   ,214.8375609,0.0037260000000000006,0.18518518518518517,1,0
2020,15,12,27,Mg,,-14586.594,0.047,8263.8525,0.0018,B-,2610.2694,0.0669,26.984340647,0.05,False,False,False,False,-14586.594,8263.8525,   3   15   12   27 Mg       -14586.594       0.047      8263.8525     0.0018  B-   2610.2694     0.0669   26 984340.647       0.050   ,223.1240175,4.8599999999999995e-05,0.1111111111111111,0,1
2020,14,13,27,Al,,-17196.864,0.047,8331.5533,0.0018,B-,-4812.3583,0.0964,26.981538408,0.05,False,False,False,False,-17196.864,8331.5533,   1   14   13   27 Al       -17196.864       0.047      8331.5533     0.0018  B-  -4812.3583     0.0964   26 981538.408       0.050   ,224.95193909999998,4.8599999999999995e-05,0.037037037037037035,1,0
2020,13,14,27,Si,-,-12384.505,0.107,8124.342,0.004,B-,-11725.473,9.0013,26.986704687,0.115,False,False,False,False,-12384.505,8124.3420,  -1   13   14   27 Si    -  -12384.505       0.107      8124.3420     0.0040  B- -11725.4730     9.0013   26 986704.687       0.115   ,219.357234,0.000108,-0.037037037037037035,0,1
2020,12,15,27,P,-p,-659.032,9.001,7661.0894,0.3334,B-,-18150.0,400.0,26.999292499,9.662,False,False,True,False,-659.032,7661.0894,  -3   12   15   27 P    -p    -659.032       9.001      7661.0894     0.3334  B- -18150#       400#       26 999292.499       9.662   ,206.8494138,0.009001799999999999,-0.1111111111111111,1,0
2020,19,9,28,F,-n,33403.796,120.347,6626.8567,4.2981,B-,22104.0579,174.2886,28.035860448,129.198,False,False,False,False,33403.796,6626.8567,  10   19    9   28 F    -n   33403.796     120.347      6626.8567     4.2981  B-  22104.0579   174.2886   28 035860.448     129.198   ,185.5519876,0.1203468,0.35714285714285715,0,0
2020,18,10,28,Ne,x,11299.738,126.068,7388.3463,4.5024,B-,12288.0534,126.4833,28.012130767,135.339,False,False,False,False,11299.738,7388.3463,   8   18   10   28 Ne    x   11299.738     126.068      7388.3463     4.5024  B-  12288.0534   126.4833   28 012130.767     135.339   ,206.87369640000003,0.1260672,0.2857142857142857,1,1
2020,17,11,28,Na,x,-988.315,10.246,7799.2644,0.3659,B-,14031.6303,10.2498,27.998939,11.0,False,False,False,False,-988.315,7799.2644,   6   17   11   28 Na    x    -988.315      10.246      7799.2644     0.3659  B-  14031.6303    10.2498   27 998939.000      11.000   ,218.3794032,0.010245200000000001,0.21428571428571427,0,0
2020,16,12,28,Mg,x,-15019.946,0.261,8272.4531,0.0093,B-,1830.774,0.2653,27.983875426,0.28,False,False,False,False,-15019.946,8272.4531,   4   16   12   28 Mg    x  -15019.946       0.261      8272.4531     0.0093  B-   1830.7740     0.2653   27 983875.426       0.280   ,231.62868680000003,0.0002604,0.14285714285714285,1,1
2020,15,13,28,Al,-n,-16850.719,0.049,8309.8969,0.0018,B-,4642.0776,0.0486,27.981910009,0.052,False,False,False,False,-16850.719,8309.8969,   2   15   13   28 Al   -n  -16850.719       0.049      8309.8969     0.0018  B-   4642.0776     0.0486   27 981910.009       0.052   ,232.67711319999998,5.04e-05,0.07142857142857142,0,0
2020,14,14,28,Si,,-21492.79711,0.00051,8447.7445,0.0002,B-,-14344.9407,1.1473,27.97692653442,0.00055,False,False,False,False,-21492.79711,8447.7445,   0   14   14   28 Si       -21492.79711     0.00051    8447.7445     0.0002  B- -14344.9407     1.1473   27 976926.53442     0.00055 ,236.53684600000003,5.6e-06,0.0,1,1
2020,13,15,28,P,,-7147.856,1.147,7907.4842,0.041,B-,-11221.0593,160.0041,27.99232646,1.231,False,False,False,False,-7147.856,7907.4842,  -2   13   15   28 P         -7147.856       1.147      7907.4842     0.0410  B- -11221.0593   160.0041   27 992326.460       1.231   ,221.4095576,0.0011480000000000001,-0.07142857142857142,0,0
2020,12,16,28,S,--,4073.203,160.0,7478.7911,5.7143,B-,-24197.0,525.0,28.004372762,171.767,False,False,True,False,4073.203,7478.7911,  -4   12   16   28 S    --    4073.203     160.000      7478.7911     5.7143  B- -24197#       525#       28 004372.762     171.767   ,209.4061508,0.1600004,-0.14285714285714285,1,1
2020,20,9,29,F,x,40150.19,525.363,6444.0314,18.116,B-,21750.3873,546.2212,29.043103,564.0,False,False,False,False,40150.190,6444.0314,0 11   20    9   29 F     x   40150.190     525.363      6444.0314    18.1160  B-  21750.3873   546.2212   29 043103.000     564.000   ,186.8769106,0.525364,0.3793103448275862,1,0
2020,19,10,29,Ne,x,18399.803,149.505,7167.0673,5.1553,B-,15719.8092,149.6847,29.019753,160.5,False,False,False,False,18399.803,7167.0673,   9   19   10   29 Ne    x   18399.803     149.505      7167.0673     5.1553  B-  15719.8092   149.6847   29 019753.000     160.500   ,207.8449517,0.14950370000000002,0.3103448275862069,0,1
2020,18,11,29,Na,,2679.994,7.337,7682.1522,0.253,B-,13292.3538,7.3447,29.002877091,7.876,False,False,False,False,2679.994,7682.1522,   7   18   11   29 Na         2679.994       7.337      7682.1522     0.2530  B-  13292.3538     7.3447   29 002877.091       7.876   ,222.7824138,0.007337,0.2413793103448276,1,0
2020,17,12,29,Mg,,-10612.36,0.345,8113.5317,0.0119,B-,7595.4023,0.4873,28.988607163,0.369,False,False,False,False,-10612.360,8113.5317,   5   17   12   29 Mg       -10612.360       0.345      8113.5317     0.0119  B-   7595.4023     0.4873   28 988607.163       0.369   ,235.29241929999998,0.00034510000000000004,0.1724137931034483,0,1
2020,16,13,29,Al,x,-18207.762,0.345,8348.4647,0.0119,B-,3687.3192,0.3447,28.980453164,0.37,False,False,False,False,-18207.762,8348.4647,   3   16   13   29 Al    x  -18207.762       0.345      8348.4647     0.0119  B-   3687.3192     0.3447   28 980453.164       0.370   ,242.10547630000002,0.00034510000000000004,0.10344827586206896,1,0
2020,15,14,29,Si,,-21895.08154,0.00056,8448.6361,0.0002,B-,-4942.2325,0.3589,28.97649466434,0.0006,False,False,False,False,-21895.08154,8448.6361,   1   15   14   29 Si       -21895.08154     0.00056    8448.6361     0.0002  B-  -4942.2325     0.3589   28 976494.66434     0.00060 ,245.01044689999998,5.8e-06,0.034482758620689655,0,1
2020,14,15,29,P,,-16952.849,0.359,8251.2368,0.0124,B-,-13858.4257,13.0459,28.981800368,0.385,False,False,False,False,-16952.849,8251.2368,  -1   14   15   29 P        -16952.849       0.359      8251.2368     0.0124  B- -13858.4257    13.0459   28 981800.368       0.385   ,239.2858672,0.00035959999999999996,-0.034482758620689655,1,0
2020,13,16,29,S,x,-3094.423,13.041,7746.3826,0.4497,B-,-17117.0,189.0,28.996678,14.0,False,False,True,False,-3094.423,7746.3826,  -3   13   16   29 S     x   -3094.423      13.041      7746.3826     0.4497  B- -17117#       189#       28 996678.000      14.000   ,224.6450954,0.0130413,-0.10344827586206896,0,1
2020,20,10,30,Ne,,23280.12,253.25,7034.5317,8.4417,B-,14805.4501,253.2946,30.024992235,271.875,False,False,False,False,23280.120,7034.5317,  10   20   10   30 Ne        23280.120     253.250      7034.5317     8.4417  B-  14805.4501   253.2946   30 024992.235     271.875   ,211.035951,0.25325100000000006,0.3333333333333333,1,1
2020,19,11,30,Na,,8474.67,4.727,7501.9685,0.1576,B-,17356.0423,4.9011,30.009097931,5.074,False,False,False,False,8474.670,7501.9685,   8   19   11   30 Na         8474.670       4.727      7501.9685     0.1576  B-  17356.0423     4.9011   30 009097.931       5.074   ,225.059055,0.0047279999999999996,0.26666666666666666,0,0
2020,18,12,30,Mg,,-8881.373,1.295,8054.425,0.0432,B-,6982.744,2.3287,29.990465454,1.39,False,False,False,False,-8881.373,8054.4250,   6   18   12   30 Mg        -8881.373       1.295      8054.4250     0.0432  B-   6982.7440     2.3287   29 990465.454       1.390   ,241.63275,0.001296,0.2,1,1
2020,17,13,30,Al,,-15864.116,1.936,8261.1049,0.0645,B-,8568.8459,1.9357,29.982969171,2.077,False,False,False,False,-15864.116,8261.1049,   4   17   13   30 Al       -15864.116       1.936      8261.1049     0.0645  B-   8568.8459     1.9357   29 982969.171       2.077   ,247.833147,0.001935,0.13333333333333333,0,0
2020,16,14,30,Si,-n,-24432.962,0.022,8520.6549,0.0008,B-,-4232.1065,0.0615,29.973770137,0.023,False,False,False,False,-24432.962,8520.6549,   2   16   14   30 Si   -n  -24432.962       0.022      8520.6549     0.0008  B-  -4232.1065     0.0615   29 973770.137       0.023   ,255.619647,2.4e-05,0.06666666666666667,1,1
2020,15,15,30,P,-,-20200.856,0.065,8353.5064,0.0022,B-,-6141.6014,0.1956,29.97831349,0.069,False,False,False,False,-20200.856,8353.5064,   0   15   15   30 P     -  -20200.856       0.065      8353.5064     0.0022  B-  -6141.6014     0.1956   29 978313.490       0.069   ,250.60519200000002,6.6e-05,0.0,0,0
2020,14,16,30,S,-,-14059.254,0.206,8122.7081,0.0069,B-,-18733.802,23.8769,29.98490677,0.221,False,False,False,False,-14059.254,8122.7081,  -2   14   16   30 S     -  -14059.254       0.206      8122.7081     0.0069  B- -18733.8020    23.8769   29 984906.770       0.221   ,243.681243,0.000207,-0.06666666666666667,1,1
2020,13,17,30,Cl,-p,4674.548,23.876,7472.1698,0.7959,B-,-17397.0,180.0,30.005018333,25.631,False,False,True,False,4674.548,7472.1698,  -4   13   17   30 Cl   -p    4674.548      23.876      7472.1698     0.7959  B- -17397#       180#       30 005018.333      25.631   ,224.16509399999998,0.023877000000000002,-0.13333333333333333,0,0
2020,21,10,31,Ne,,31181.594,266.195,6813.0902,8.5869,B-,18935.5625,266.5617,31.033474816,285.772,False,False,False,False,31181.594,6813.0902,  11   21   10   31 Ne        31181.594     266.195      6813.0902     8.5869  B-  18935.5625   266.5617   31 033474.816     285.772   ,211.20579619999998,0.2661939,0.3548387096774194,0,1
2020,20,11,31,Na,x,12246.031,13.972,7398.6778,0.4507,B-,15368.1833,14.3065,31.013146654,15.0,False,False,False,False,12246.031,7398.6778,   9   20   11   31 Na    x   12246.031      13.972      7398.6778     0.4507  B-  15368.1833    14.3065   31 013146.654      15.000   ,229.35901180000002,0.0139717,0.2903225806451613,1,0
2020,19,12,31,Mg,x,-3122.152,3.074,7869.1886,0.0992,B-,11828.5569,3.8009,30.996648232,3.3,False,False,False,False,-3122.152,7869.1886,   7   19   12   31 Mg    x   -3122.152       3.074      7869.1886     0.0992  B-  11828.5569     3.8009   30 996648.232       3.300   ,243.9448466,0.0030751999999999997,0.22580645161290322,0,1
2020,18,13,31,Al,x,-14950.709,2.236,8225.518,0.0721,B-,7998.3286,2.236,30.983949754,2.4,False,False,False,False,-14950.709,8225.5180,   5   18   13   31 Al    x  -14950.709       2.236      8225.5180     0.0721  B-   7998.3286     2.2360   30 983949.754       2.400   ,254.99105799999998,0.0022351000000000003,0.16129032258064516,1,0
2020,17,14,31,Si,-n,-22949.037,0.043,8458.2916,0.0014,B-,1491.5071,0.0434,30.975363196,0.046,False,False,False,False,-22949.037,8458.2916,   3   17   14   31 Si   -n  -22949.037       0.043      8458.2916     0.0014  B-   1491.5071     0.0434   30 975363.196       0.046   ,262.20703960000003,4.34e-05,0.0967741935483871,0,1
2020,16,15,31,P,,-24440.54442,0.00075,8481.1677,0.0002,B-,-5398.013,0.2292,30.97376199768,0.0008,False,False,False,False,-24440.54442,8481.1677,   1   16   15   31 P        -24440.54442     0.00075    8481.1677     0.0002  B-  -5398.0130     0.2292   30 973761.99768     0.00080 ,262.9161987,6.200000000000001e-06,0.03225806451612903,1,0
2020,15,16,31,S,,-19042.531,0.229,8281.8013,0.0074,B-,-12007.979,3.4541,30.979557002,0.246,False,False,False,False,-19042.531,8281.8013,  -1   15   16   31 S        -19042.531       0.229      8281.8013     0.0074  B- -12007.9790     3.4541   30 979557.002       0.246   ,256.7358403,0.00022940000000000002,-0.03225806451612903,0,1
2020,14,17,31,Cl,--,-7034.552,3.447,7869.2101,0.1112,B-,-18360.0,200.0,30.992448097,3.7,False,False,True,False,-7034.552,7869.2101,  -3   14   17   31 Cl   --   -7034.552       3.447      7869.2101     0.1112  B- -18360#       200#       30 992448.097       3.700   ,243.9455131,0.0034471999999999997,-0.0967741935483871,1,0
2020,21,11,32,Na,x,18640.152,37.26,7219.8815,1.1644,B-,19469.0523,37.4021,32.020011024,40.0,False,False,False,False,18640.152,7219.8815,  10   21   11   32 Na    x   18640.152      37.260      7219.8815     1.1644  B-  19469.0523    37.4021   32 020011.024      40.000   ,231.03620800000002,0.037260800000000004,0.3125,0,0
2020,20,12,32,Mg,x,-828.901,3.26,7803.8411,0.1019,B-,10270.4677,7.8787,31.999110138,3.5,False,False,False,False,-828.901,7803.8411,   8   20   12   32 Mg    x    -828.901       3.260      7803.8411     0.1019  B-  10270.4677     7.8787   31 999110.138       3.500   ,249.7229152,0.0032608000000000003,0.25,1,1
2020,19,13,32,Al,x,-11099.368,7.173,8100.3449,0.2241,B-,12978.3208,7.1787,31.988084338,7.7,False,False,False,False,-11099.368,8100.3449,   6   19   13   32 Al    x  -11099.368       7.173      8100.3449     0.2241  B-  12978.3208     7.1787   31 988084.338       7.700   ,259.2110368,0.0071712,0.1875,0,0
2020,18,14,32,Si,x,-24077.689,0.298,8481.469,0.0093,B-,227.1872,0.3008,31.974151538,0.32,False,False,False,False,-24077.689,8481.4690,   4   18   14   32 Si    x  -24077.689       0.298      8481.4690     0.0093  B-    227.1872     0.3008   31 974151.538       0.320   ,271.40700799999996,0.00029759999999999997,0.125,1,1
2020,17,15,32,P,-n,-24304.876,0.04,8464.1203,0.0013,B-,1710.6608,0.04,31.973907643,0.042,False,False,False,False,-24304.876,8464.1203,   2   17   15   32 P    -n  -24304.876       0.040      8464.1203     0.0013  B-   1710.6608     0.0400   31 973907.643       0.042   ,270.85184960000004,4.1599999999999995e-05,0.0625,0,0
2020,16,16,32,S,,-26015.53714,0.00131,8493.1301,0.0002,B-,-12680.8313,0.5617,31.97207117354,0.00141,False,False,False,False,-26015.53714,8493.1301,   0   16   16   32 S        -26015.53714     0.00131    8493.1301     0.0002  B- -12680.8313     0.5617   31 972071.17354     0.00141 ,271.7801632,6.4000000000000006e-06,0.0,1,1
2020,15,17,32,Cl,,-13334.706,0.562,8072.4058,0.0176,B-,-11134.3536,1.8568,31.985684605,0.603,False,False,False,False,-13334.706,8072.4058,  -2   15   17   32 Cl       -13334.706       0.562      8072.4058     0.0176  B- -11134.3536     1.8568   31 985684.605       0.603   ,258.3169856,0.0005632,-0.0625,0,0
2020,14,18,32,Ar,x,-2200.352,1.77,7700.0089,0.0553,B-,-24190.0,400.0,31.997637824,1.9,False,False,True,False,-2200.352,7700.0089,  -4   14   18   32 Ar    x   -2200.352       1.770      7700.0089     0.0553  B- -24190#       400#       31 997637.824       1.900   ,246.40028479999998,0.0017696,-0.125,1,1
2020,22,11,33,Na,x,23780.113,449.912,7089.9262,13.6337,B-,18817.24,449.9195,33.025529,483.0,False,False,False,False,23780.113,7089.9262,  11   22   11   33 Na    x   23780.113     449.912      7089.9262    13.6337  B-  18817.2400   449.9195   33 025529.000     483.000   ,233.96756459999997,0.4499120999999999,0.3333333333333333,1,0
2020,21,12,33,Mg,,4962.873,2.663,7636.4382,0.0807,B-,13460.255,7.4767,33.005327862,2.859,False,False,False,False,4962.873,7636.4382,   9   21   12   33 Mg         4962.873       2.663      7636.4382     0.0807  B-  13460.2550     7.4767   33 005327.862       2.859   ,252.00246059999998,0.0026631,0.2727272727272727,0,1
2020,20,13,33,Al,x,-8497.382,6.986,8020.6172,0.2117,B-,12016.946,7.0211,32.990877685,7.5,False,False,False,False,-8497.382,8020.6172,   7   20   13   33 Al    x   -8497.382       6.986      8020.6172     0.2117  B-  12016.9460     7.0211   32 990877.685       7.500   ,264.6803676,0.0069861,0.21212121212121213,1,0
2020,19,14,33,Si,x,-20514.328,0.699,8361.0596,0.0212,B-,5823.0223,1.2947,32.977976964,0.75,False,False,False,False,-20514.328,8361.0596,   5   19   14   33 Si    x  -20514.328       0.699      8361.0596     0.0212  B-   5823.0223     1.2947   32 977976.964       0.750   ,275.9149668,0.0006996,0.15151515151515152,0,1
2020,18,15,33,P,+,-26337.35,1.09,8513.8073,0.033,B-,248.5079,1.09,32.971725692,1.17,False,False,False,False,-26337.350,8513.8073,   3   18   15   33 P     +  -26337.350       1.090      8513.8073     0.0330  B-    248.5079     1.0900   32 971725.692       1.170   ,280.9556409,0.001089,0.09090909090909091,1,0
2020,17,16,33,S,,-26585.8583,0.00134,8497.6304,0.0002,B-,-5582.5182,0.3908,32.97145890862,0.00144,False,False,False,False,-26585.85830,8497.6304,   1   17   16   33 S        -26585.85830     0.00134    8497.6304     0.0002  B-  -5582.5182     0.3908   32 971458.90862     0.00144 ,280.4218032,6.6e-06,0.030303030303030304,0,1
2020,16,17,33,Cl,,-21003.34,0.391,8304.7557,0.0118,B-,-11619.0452,0.5596,32.977451988,0.419,False,False,False,False,-21003.340,8304.7557,  -1   16   17   33 Cl       -21003.340       0.391      8304.7557     0.0118  B- -11619.0452     0.5596   32 977451.988       0.419   ,274.05693809999997,0.0003894,-0.030303030303030304,1,0
2020,15,18,33,Ar,x,-9384.295,0.401,7928.9559,0.0121,B-,-16925.0,200.0,32.989925545,0.43,False,False,True,False,-9384.295,7928.9559,  -3   15   18   33 Ar    x   -9384.295       0.401      7928.9559     0.0121  B- -16925#       200#       32 989925.545       0.430   ,261.6555447,0.0003993,-0.09090909090909091,0,1
2020,23,11,34,Na,x,31680.114,599.416,6886.4377,17.6299,B-,23356.7903,599.4561,34.03401,643.5,False,False,False,False,31680.114,6886.4377,  12   23   11   34 Na    x   31680.114     599.416      6886.4377    17.6299  B-  23356.7903   599.4561   34 034010.000     643.500   ,234.1388818,0.5994166,0.35294117647058826,0,0
2020,22,12,34,Mg,x,8323.324,6.893,7550.3919,0.2027,B-,11320.9428,7.2072,34.008935455,7.4,False,False,False,False,8323.324,7550.3919,  10   22   12   34 Mg    x    8323.324       6.893      7550.3919     0.2027  B-  11320.9428     7.2072   34 008935.455       7.400   ,256.71332459999996,0.0068918,0.29411764705882354,1,1
2020,21,13,34,Al,x,-2997.619,2.105,7860.3506,0.0619,B-,16994.0653,2.2519,33.996781924,2.259,False,False,False,False,-2997.619,7860.3506,   8   21   13   34 Al    x   -2997.619       2.105      7860.3506     0.0619  B-  16994.0653     2.2519   33 996781.924       2.259   ,267.2519204,0.0021046,0.23529411764705882,0,0
2020,20,14,34,Si,x,-19991.684,0.801,8337.1659,0.0236,B-,4557.0175,1.1395,33.978538045,0.86,False,False,False,False,-19991.684,8337.1659,   6   20   14   34 Si    x  -19991.684       0.801      8337.1659     0.0236  B-   4557.0175     1.1395   33 978538.045       0.860   ,283.46364059999996,0.0008024,0.17647058823529413,1,1
2020,19,15,34,P,x,-24548.702,0.81,8448.1856,0.0238,B-,5382.9879,0.8116,33.973645886,0.87,False,False,False,False,-24548.702,8448.1856,   4   19   15   34 P     x  -24548.702       0.810      8448.1856     0.0238  B-   5382.9879     0.8116   33 973645.886       0.870   ,287.2383104,0.0008092,0.11764705882352941,0,0
2020,18,16,34,S,,-29931.689,0.045,8583.4986,0.0013,B-,-5491.6037,0.0378,33.967867011,0.047,False,False,False,False,-29931.689,8583.4986,   2   18   16   34 S        -29931.689       0.045      8583.4986     0.0013  B-  -5491.6037     0.0378   33 967867.011       0.047   ,291.8389524,4.42e-05,0.058823529411764705,1,1
2020,17,17,34,Cl,,-24440.086,0.049,8398.9706,0.0014,B-,-6061.793,0.0631,33.97376249,0.052,False,False,False,False,-24440.086,8398.9706,   0   17   17   34 Cl       -24440.086       0.049      8398.9706     0.0014  B-  -6061.7930     0.0631   33 973762.490       0.052   ,285.56500040000003,4.76e-05,0.0,0,0
2020,16,18,34,Ar,,-18378.293,0.078,8197.6724,0.0023,B-,-17158.0,196.0,33.980270092,0.083,False,False,True,False,-18378.293,8197.6724,  -2   16   18   34 Ar       -18378.293       0.078      8197.6724     0.0023  B- -17158#       196#       33 980270.092       0.083   ,278.7208616,7.819999999999999e-05,-0.058823529411764705,1,1
2020,23,12,35,Mg,x,15639.786,269.668,7356.2338,7.7048,B-,15863.5156,269.7679,35.01679,289.5,False,False,False,False,15639.786,7356.2338,  11   23   12   35 Mg    x   15639.786     269.668      7356.2338     7.7048  B-  15863.5156   269.7679   35 016790.000     289.500   ,257.468183,0.269668,0.3142857142857143,0,1
2020,22,13,35,Al,x,-223.73,7.359,7787.1243,0.2103,B-,14167.7504,36.6047,34.999759816,7.9,False,False,False,False,-223.730,7787.1243,   9   22   13   35 Al    x    -223.730       7.359      7787.1243     0.2103  B-  14167.7504    36.6047   34 999759.816       7.900   ,272.5493505,0.007360499999999999,0.2571428571428571,1,0
2020,21,14,35,Si,2p-n,-14391.48,35.857,8169.5644,1.0245,B-,10466.3291,35.9049,34.984550111,38.494,False,False,False,False,-14391.480,8169.5644,   7   21   14   35 Si 2p-n  -14391.480      35.857      8169.5644     1.0245  B-  10466.3291    35.9049   34 984550.111      38.494   ,285.934754,0.0358575,0.2,0,1
2020,20,15,35,P,+p,-24857.809,1.866,8446.2496,0.0533,B-,3988.4006,1.8667,34.973314045,2.003,False,False,False,False,-24857.809,8446.2496,   5   20   15   35 P    +p  -24857.809       1.866      8446.2496     0.0533  B-   3988.4006     1.8667   34 973314.045       2.003   ,295.61873599999996,0.0018655,0.14285714285714285,1,0
2020,19,16,35,S,,-28846.21,0.04,8537.8511,0.0012,B-,167.3218,0.0257,34.969032321,0.043,False,False,False,False,-28846.210,8537.8511,   3   19   16   35 S        -28846.210       0.040      8537.8511     0.0012  B-    167.3218     0.0257   34 969032.321       0.043   ,298.8247885,4.2e-05,0.08571428571428572,0,1
2020,18,17,35,Cl,,-29013.532,0.035,8520.279,0.001,B-,-5966.2429,0.6794,34.968852694,0.038,False,False,False,False,-29013.532,8520.2790,   1   18   17   35 Cl       -29013.532       0.035      8520.2790     0.0010  B-  -5966.2429     0.6794   34 968852.694       0.038   ,298.209765,3.5000000000000004e-05,0.02857142857142857,1,0
2020,17,18,35,Ar,-,-23047.289,0.68,8327.4621,0.0194,B-,-11874.3955,0.8516,34.975257719,0.73,False,False,False,False,-23047.289,8327.4621,  -1   17   18   35 Ar    -  -23047.289       0.680      8327.4621     0.0194  B- -11874.3955     0.8516   34 975257.719       0.730   ,291.46117350000003,0.000679,-0.02857142857142857,0,1
2020,16,19,35,K,4n,-11172.893,0.512,7965.8409,0.0146,B-,-16363.0,200.0,34.988005406,0.55,False,False,True,False,-11172.893,7965.8409,  -3   16   19   35 K    4n  -11172.893       0.512      7965.8409     0.0146  B- -16363#       200#       34 988005.406       0.550   ,278.8044315,0.0005110000000000001,-0.08571428571428572,1,0
2020,24,12,36,Mg,x,20380.159,690.237,7244.4202,19.1733,B-,14429.7751,706.2429,36.021879,741.0,False,False,False,False,20380.159,7244.4202,  12   24   12   36 Mg    x   20380.159     690.237      7244.4202    19.1733  B-  14429.7751   706.2429   36 021879.000     741.000   ,260.7991272,0.6902388,0.3333333333333333,1,1
2020,23,13,36,Al,x,5950.384,149.505,7623.5154,4.1529,B-,18386.5096,165.851,36.006388,160.5,False,False,False,False,5950.384,7623.5154,  10   23   13   36 Al    x    5950.384     149.505      7623.5154     4.1529  B-  18386.5096   165.8510   36 006388.000     160.500   ,274.4465544,0.1495044,0.2777777777777778,0,0
2020,22,14,36,Si,x,-12436.125,71.797,8112.5199,1.9944,B-,7814.9194,72.9852,35.986649271,77.077,False,False,False,False,-12436.125,8112.5199,   8   22   14   36 Si    x  -12436.125      71.797      8112.5199     1.9944  B-   7814.9194    72.9852   35 986649.271      77.077   ,292.05071640000006,0.0717984,0.2222222222222222,1,1
2020,21,15,36,P,+,-20251.045,13.114,8307.8692,0.3643,B-,10413.0962,13.1124,35.97825961,14.078,False,False,False,False,-20251.045,8307.8692,   6   21   15   36 P     +  -20251.045      13.114      8307.8692     0.3643  B-  10413.0962    13.1124   35 978259.610      14.078   ,299.08329119999996,0.013114800000000001,0.16666666666666666,0,0
2020,20,16,36,S,,-30664.141,0.188,8575.39,0.0052,B-,-1142.1329,0.1893,35.967080692,0.201,False,False,False,False,-30664.141,8575.3900,   4   20   16   36 S        -30664.141       0.188      8575.3900     0.0052  B-  -1142.1329     0.1893   35 967080.692       0.201   ,308.71403999999995,0.00018719999999999997,0.1111111111111111,1,1
2020,19,17,36,Cl,,-29522.008,0.036,8521.9322,0.001,B-,709.5343,0.0449,35.968306822,0.038,False,False,False,False,-29522.008,8521.9322,   2   19   17   36 Cl       -29522.008       0.036      8521.9322     0.0010  B-    709.5343     0.0449   35 968306.822       0.038   ,306.7895592,3.6e-05,0.05555555555555555,0,0
2020,18,18,36,Ar,,-30231.542,0.027,8519.9096,0.0008,B-,-12814.3607,0.3259,35.967545106,0.028,False,False,False,False,-30231.542,8519.9096,   0   18   18   36 Ar       -30231.542       0.027      8519.9096     0.0008  B- -12814.3607     0.3259   35 967545.106       0.028   ,306.7167456,2.8800000000000002e-05,0.0,1,1
2020,17,19,36,K,,-17417.182,0.325,8142.2233,0.009,B-,-10966.0155,40.0013,35.981301887,0.349,False,False,False,False,-17417.182,8142.2233,  -2   17   19   36 K        -17417.182       0.325      8142.2233     0.0090  B- -10966.0155    40.0013   35 981301.887       0.349   ,293.1200388,0.00032399999999999996,-0.05555555555555555,0,0
2020,16,20,36,Ca,4n,-6451.166,40.0,7815.8799,1.1111,B-,-22601.0,303.0,35.993074388,42.941,False,False,True,False,-6451.166,7815.8799,  -4   16   20   36 Ca   4n   -6451.166      40.000      7815.8799     1.1111  B- -22601#       303#       35 993074.388      42.941   ,281.3716764,0.0399996,-0.1111111111111111,1,1
2020,25,12,37,Mg,-n,28211.478,698.947,7055.1115,18.8905,B-,18401.9132,721.8139,37.030286265,750.35,False,False,False,False,28211.478,7055.1115,  13   25   12   37 Mg   -n   28211.478     698.947      7055.1115    18.8905  B-  18401.9132   721.8139   37 030286.265     750.350   ,261.0391255,0.6989485,0.35135135135135137,0,1
2020,24,13,37,Al,x,9809.564,180.244,7531.316,4.8715,B-,16381.0765,213.1678,37.010531,193.5,False,False,False,False,9809.564,7531.3160,  11   24   13   37 Al    x    9809.564     180.244      7531.3160     4.8715  B-  16381.0765   213.1678   37 010531.000     193.500   ,278.658692,0.1802455,0.2972972972972973,1,0
2020,23,14,37,Si,x,-6571.512,113.809,7952.9033,3.0759,B-,12424.5003,119.9691,36.992945191,122.179,False,False,False,False,-6571.512,7952.9033,   9   23   14   37 Si    x   -6571.512     113.809      7952.9033     3.0759  B-  12424.5003   119.9691   36 992945.191     122.179   ,294.25742210000004,0.11380829999999999,0.24324324324324326,0,1
2020,22,15,37,P,p-2n,-18996.012,37.948,8267.5561,1.0256,B-,7900.4135,37.9474,36.979606942,40.738,False,False,False,False,-18996.012,8267.5561,   7   22   15   37 P  p-2n  -18996.012      37.948      8267.5561     1.0256  B-   7900.4135    37.9474   36 979606.942      40.738   ,305.8995757,0.0379472,0.1891891891891892,1,0
2020,21,16,37,S,-n,-26896.426,0.198,8459.9363,0.0054,B-,4865.1258,0.1965,36.9711255,0.212,False,False,False,False,-26896.426,8459.9363,   5   21   16   37 S    -n  -26896.426       0.198      8459.9363     0.0054  B-   4865.1258     0.1965   36 971125.500       0.212   ,313.0176431,0.0001998,0.13513513513513514,0,1
2020,20,17,37,Cl,,-31761.552,0.052,8570.2816,0.0014,B-,-813.8729,0.2,36.965902573,0.055,False,False,False,False,-31761.552,8570.2816,   3   20   17   37 Cl       -31761.552       0.052      8570.2816     0.0014  B-   -813.8729     0.2000   36 965902.573       0.055   ,317.1004192,5.18e-05,0.08108108108108109,1,0
2020,19,18,37,Ar,-,-30947.679,0.207,8527.1406,0.0056,B-,-6147.4775,0.227,36.966776301,0.221,False,False,False,False,-30947.679,8527.1406,   1   19   18   37 Ar    -  -30947.679       0.207      8527.1406     0.0056  B-  -6147.4775     0.2270   36 966776.301       0.221   ,315.5042022,0.0002072,0.02702702702702703,0,1
2020,18,19,37,K,-p,-24800.201,0.094,8339.848,0.0025,B-,-11664.1314,0.6412,36.97337589,0.1,False,False,False,False,-24800.201,8339.8480,  -1   18   19   37 K    -p  -24800.201       0.094      8339.8480     0.0025  B- -11664.1314     0.6412   36 973375.890       0.100   ,308.574376,9.25e-05,-0.02702702702702703,1,0
2020,17,20,37,Ca,x,-13136.07,0.634,8003.4567,0.0171,B-,-16916.0,300.0,36.985897849,0.68,False,False,True,False,-13136.070,8003.4567,  -3   17   20   37 Ca    x  -13136.070       0.634      8003.4567     0.0171  B- -16916#       300#       36 985897.849       0.680   ,296.1278979,0.0006327,-0.08108108108108109,0,1
2020,24,14,38,Si,x,-4170.299,104.793,7892.8297,2.7577,B-,10451.2656,127.4736,37.995523,112.5,False,False,False,False,-4170.299,7892.8297,  10   24   14   38 Si    x   -4170.299     104.793      7892.8297     2.7577  B-  10451.2656   127.4736   37 995523.000     112.500   ,299.9275286,0.1047926,0.2631578947368421,1,1
2020,23,15,38,P,x,-14621.565,72.581,8147.2749,1.91,B-,12239.6512,72.934,37.984303105,77.918,False,False,False,False,-14621.565,8147.2749,   8   23   15   38 P     x  -14621.565      72.581      8147.2749     1.9100  B-  12239.6512    72.9340   37 984303.105      77.918   ,309.5964462,0.07257999999999999,0.21052631578947367,0,0
2020,22,16,38,S,+,-26861.216,7.172,8448.7829,0.1887,B-,2936.9,7.1714,37.9711633,7.699,False,False,False,False,-26861.216,8448.7829,   6   22   16   38 S     +  -26861.216       7.172      8448.7829     0.1887  B-   2936.9000     7.1714   37 971163.300       7.699   ,321.0537502,0.0071706,0.15789473684210525,1,1
2020,21,17,38,Cl,-n,-29798.116,0.098,8505.4817,0.0026,B-,4916.7109,0.2182,37.968010408,0.105,False,False,False,False,-29798.116,8505.4817,   4   21   17   38 Cl   -n  -29798.116       0.098      8505.4817     0.0026  B-   4916.7109     0.2182   37 968010.408       0.105   ,323.2083046,9.88e-05,0.10526315789473684,0,0
2020,20,18,38,Ar,,-34714.827,0.195,8614.2807,0.0051,B-,-5914.0671,0.0448,37.962732102,0.209,False,False,False,False,-34714.827,8614.2807,   2   20   18   38 Ar       -34714.827       0.195      8614.2807     0.0051  B-  -5914.0671     0.0448   37 962732.102       0.209   ,327.3426666,0.00019380000000000002,0.05263157894736842,1,1
2020,19,19,38,K,,-28800.76,0.195,8438.0593,0.0051,B-,-6742.2563,0.0626,37.969081114,0.209,False,False,False,False,-28800.760,8438.0593,   0   19   19   38 K        -28800.760       0.195      8438.0593     0.0051  B-  -6742.2563     0.0626   37 969081.114       0.209   ,320.64625340000003,0.00019380000000000002,0.0,0,0
2020,18,20,38,Ca,,-22058.503,0.194,8240.0434,0.0051,B-,-17809.0,200.0,37.976319223,0.208,False,False,True,False,-22058.503,8240.0434,  -2   18   20   38 Ca       -22058.503       0.194      8240.0434     0.0051  B- -17809#       200#       37 976319.223       0.208   ,313.12164920000004,0.00019380000000000002,-0.05263157894736842,1,1
2020,25,14,39,Si,x,2320.352,135.532,7730.9793,3.4752,B-,15094.9874,176.2324,39.002491,145.5,False,False,False,False,2320.352,7730.9793,  11   25   14   39 Si    x    2320.352     135.532      7730.9793     3.4752  B-  15094.9874   176.2324   39 002491.000     145.500   ,301.5081927,0.1355328,0.28205128205128205,0,1
2020,24,15,39,P,x,-12774.636,112.645,8097.9701,2.8883,B-,10388.0361,123.243,38.986285865,120.929,False,False,False,False,-12774.636,8097.9701,   9   24   15   39 P     x  -12774.636     112.645      8097.9701     2.8883  B-  10388.0361   123.2430   38 986285.865     120.929   ,315.82083389999997,0.11264370000000001,0.23076923076923078,1,0
2020,23,16,39,S,2p-n,-23162.672,50.0,8344.2698,1.2821,B-,6637.5463,50.03,38.97513385,53.677,False,False,False,False,-23162.672,8344.2698,   7   23   16   39 S  2p-n  -23162.672      50.000      8344.2698     1.2821  B-   6637.5463    50.0300   38 975133.850      53.677   ,325.4265222,0.0500019,0.1794871794871795,0,1
2020,22,17,39,Cl,-nn,-29800.218,1.732,8494.4032,0.0444,B-,3441.9774,5.2915,38.968008151,1.859,False,False,False,False,-29800.218,8494.4032,   5   22   17   39 Cl  -nn  -29800.218       1.732      8494.4032     0.0444  B-   3441.9774     5.2915   38 968008.151       1.859   ,331.2817248,0.0017316,0.1282051282051282,1,0
2020,21,18,39,Ar,+,-33242.195,5.0,8562.5988,0.1282,B-,565.0,5.0,38.964313037,5.367,False,False,False,False,-33242.195,8562.5988,   3   21   18   39 Ar    +  -33242.195       5.000      8562.5988     0.1282  B-    565.0000     5.0000   38 964313.037       5.367   ,333.94135320000004,0.0049998,0.07692307692307693,0,1
2020,20,19,39,K,,-33807.19535,0.00456,8557.0258,0.0003,B-,-6524.4888,0.5962,38.96370648482,0.00489,False,False,False,False,-33807.19535,8557.0258,   1   20   19   39 K        -33807.19535     0.00456    8557.0258     0.0003  B-  -6524.4888     0.5962   38 963706.48482     0.00489 ,333.7240062,1.1699999999999998e-05,0.02564102564102564,1,0
2020,19,20,39,Ca,,-27282.707,0.596,8369.6711,0.0153,B-,-13109.9804,24.0074,38.970710811,0.64,False,False,False,False,-27282.707,8369.6711,  -1   19   20   39 Ca       -27282.707       0.596      8369.6711     0.0153  B- -13109.9804    24.0074   38 970710.811       0.640   ,326.4171729,0.0005967,-0.02564102564102564,0,1
2020,18,21,39,Sc,2n-p,-14172.726,24.0,8013.4575,0.6154,B-,-16673.0,202.0,38.984784953,25.765,False,False,True,False,-14172.726,8013.4575,  -3   18   21   39 Sc 2n-p  -14172.726      24.000      8013.4575     0.6154  B- -16673#       202#       38 984784.953      25.765   ,312.52484250000003,0.024000599999999997,-0.07692307692307693,1,0
2020,26,14,40,Si,x,5666.876,121.991,7655.8247,3.0498,B-,13806.0653,147.8912,40.006083641,130.962,False,False,False,False,5666.876,7655.8247,  12   26   14   40 Si    x    5666.876     121.991      7655.8247     3.0498  B-  13806.0653   147.8912   40 006083.641     130.962   ,306.23298800000003,0.12199199999999999,0.3,1,1
2020,25,15,40,P,x,-8139.189,83.607,7981.4177,2.0902,B-,14698.6603,83.7017,39.991262221,89.755,False,False,False,False,-8139.189,7981.4177,  10   25   15   40 P     x   -8139.189      83.607      7981.4177     2.0902  B-  14698.6603    83.7017   39 991262.221      89.755   ,319.256708,0.08360799999999999,0.25,0,0
2020,24,16,40,S,,-22837.85,3.982,8329.3255,0.0996,B-,4719.9687,32.3118,39.975482561,4.274,False,False,False,False,-22837.850,8329.3255,   8   24   16   40 S        -22837.850       3.982      8329.3255     0.0996  B-   4719.9687    32.3118   39 975482.561       4.274   ,333.17302,0.003984,0.2,1,1
2020,23,17,40,Cl,+,-27557.818,32.066,8427.766,0.8016,B-,7482.0816,32.0655,39.970415466,34.423,False,False,False,False,-27557.818,8427.7660,   6   23   17   40 Cl    +  -27557.818      32.066      8427.7660     0.8016  B-   7482.0816    32.0655   39 970415.466      34.423   ,337.11064,0.032064,0.15,0,0
2020,22,18,40,Ar,,-35039.89997,0.00218,8595.2594,0.0002,B-,-1504.4031,0.0559,39.96238312204,0.00234,False,False,False,False,-35039.89997,8595.2594,   4   22   18   40 Ar       -35039.89997     0.00218    8595.2594     0.0002  B-  -1504.4031     0.0559   39 962383.12204     0.00234 ,343.810376,8e-06,0.1,1,1
2020,21,19,40,K,,-33535.497,0.056,8538.0907,0.0014,B-,1310.9051,0.0596,39.963998165,0.06,False,False,False,False,-33535.497,8538.0907,   2   21   19   40 K        -33535.497       0.056      8538.0907     0.0014  B-   1310.9051     0.0596   39 963998.165       0.060   ,341.52362800000003,5.6e-05,0.05,0,0
2020,20,20,40,Ca,,-34846.402,0.02,8551.3046,0.0006,B-,-14323.0493,2.8281,39.96259085,0.022,False,False,False,False,-34846.402,8551.3046,   0   20   20   40 Ca       -34846.402       0.020      8551.3046     0.0006  B- -14323.0493     2.8281   39 962590.850       0.022   ,342.052184,2.3999999999999997e-05,0.0,1,1
2020,19,21,40,Sc,-,-20523.353,2.828,8173.6697,0.0707,B-,-11529.9139,68.3023,39.977967275,3.036,False,False,False,False,-20523.353,8173.6697,  -2   19   21   40 Sc    -  -20523.353       2.828      8173.6697     0.0707  B- -11529.9139    68.3023   39 977967.275       3.036   ,326.946788,0.002828,-0.05,0,0
2020,18,22,40,Ti,,-8993.439,68.244,7865.8632,1.7061,B-,-21463.0,308.0,39.990345146,73.262,False,False,True,False,-8993.439,7865.8632,  -4   18   22   40 Ti        -8993.439      68.244      7865.8632     1.7061  B- -21463#       308#       39 990345.146      73.262   ,314.634528,0.068244,-0.1,1,1
2020,26,15,41,P,x,-4979.767,120.163,7906.5513,2.9308,B-,14028.8125,120.2326,40.994654,129.0,False,False,False,False,-4979.767,7906.5513,  11   26   15   41 P     x   -4979.767     120.163      7906.5513     2.9308  B-  14028.8125   120.2326   40 994654.000     129.000   ,324.16860330000003,0.1201628,0.2682926829268293,1,0
2020,25,16,41,S,x,-19008.58,4.099,8229.6358,0.1,B-,8298.6116,68.8456,40.979593451,4.4,False,False,False,False,-19008.580,8229.6358,   9   25   16   41 S     x  -19008.580       4.099      8229.6358     0.1000  B-   8298.6116    68.8456   40 979593.451       4.400   ,337.41506780000003,0.0041,0.21951219512195122,0,1
2020,24,17,41,Cl,x,-27307.192,68.723,8412.9593,1.6762,B-,5760.318,68.7243,40.970684525,73.777,False,False,False,False,-27307.192,8412.9593,   7   24   17   41 Cl    x  -27307.192      68.723      8412.9593     1.6762  B-   5760.3180    68.7243   40 970684.525      73.777   ,344.9313313,0.0687242,0.17073170731707318,1,0
2020,23,18,41,Ar,-n,-33067.51,0.347,8534.3733,0.0085,B-,2492.0392,0.3473,40.96450057,0.372,False,False,False,False,-33067.510,8534.3733,   5   23   18   41 Ar   -n  -33067.510       0.347      8534.3733     0.0085  B-   2492.0392     0.3473   40 964500.570       0.372   ,349.90930529999997,0.0003485,0.12195121951219512,0,1
2020,22,19,41,K,,-35559.5488,0.00376,8576.0731,0.0003,B-,-421.6406,0.1377,40.96182525611,0.00403,False,False,False,False,-35559.54880,8576.0731,   3   22   19   41 K        -35559.54880     0.00376    8576.0731     0.0003  B-   -421.6406     0.1377   40 961825.25611     0.00403 ,351.6189971,1.2299999999999999e-05,0.07317073170731707,1,0
2020,21,20,41,Ca,,-35137.908,0.138,8546.7075,0.0034,B-,-6495.5482,0.1553,40.962277905,0.147,False,False,False,False,-35137.908,8546.7075,   1   21   20   41 Ca       -35137.908       0.138      8546.7075     0.0034  B-  -6495.5482     0.1553   40 962277.905       0.147   ,350.4150075,0.0001394,0.024390243902439025,0,1
2020,20,21,41,Sc,,-28642.36,0.077,8369.1979,0.0019,B-,-12944.8214,27.9449,40.969251163,0.083,False,False,False,False,-28642.360,8369.1979,  -1   20   21   41 Sc       -28642.360       0.077      8369.1979     0.0019  B- -12944.8214    27.9449   40 969251.163       0.083   ,343.1371139,7.79e-05,-0.024390243902439025,1,0
2020,19,22,41,Ti,x,-15697.539,27.945,8034.3889,0.6816,B-,-16008.0,202.0,40.983148,30.0,False,False,True,False,-15697.539,8034.3889,  -3   19   22   41 Ti    x  -15697.539      27.945      8034.3889     0.6816  B- -16008#       202#       40 983148.000      30.000   ,329.4099449,0.027945599999999998,-0.07317073170731707,0,1
2020,27,15,42,P,x,1091.842,95.009,7765.9122,2.2621,B-,18729.5899,95.0504,42.00117214,101.996,False,False,False,False,1091.842,7765.9122,  12   27   15   42 P     x    1091.842      95.009      7765.9122     2.2621  B-  18729.5899    95.0504   42 001172.140     101.996   ,326.1683124,0.09500820000000001,0.2857142857142857,0,0
2020,26,16,42,S,x,-17637.748,2.794,8193.2275,0.0665,B-,7194.0221,59.6811,41.9810651,3.0,False,False,False,False,-17637.748,8193.2275,  10   26   16   42 S     x  -17637.748       2.794      8193.2275     0.0665  B-   7194.0221    59.6811   41 981065.100       3.000   ,344.11555500000003,0.0027930000000000003,0.23809523809523808,1,1
2020,25,17,42,Cl,x,-24831.77,59.616,8345.8864,1.4194,B-,9590.9082,59.8947,41.973342,64.0,False,False,False,False,-24831.770,8345.8864,   8   25   17   42 Cl    x  -24831.770      59.616      8345.8864     1.4194  B-   9590.9082    59.8947   41 973342.000      64.000   ,350.5272288,0.0596148,0.19047619047619047,0,0
2020,24,18,42,Ar,x,-34422.678,5.775,8555.6141,0.1375,B-,599.3527,5.7763,41.963045737,6.2,False,False,False,False,-34422.678,8555.6141,   6   24   18   42 Ar    x  -34422.678       5.775      8555.6141     0.1375  B-    599.3527     5.7763   41 963045.737       6.200   ,359.3357922,0.005775000000000001,0.14285714285714285,1,1
2020,23,19,42,K,-n,-35022.031,0.106,8551.2571,0.0025,B-,3525.2626,0.1825,41.962402305,0.113,False,False,False,False,-35022.031,8551.2571,   4   23   19   42 K    -n  -35022.031       0.106      8551.2571     0.0025  B-   3525.2626     0.1825   41 962402.305       0.113   ,359.1527982,0.00010499999999999999,0.09523809523809523,0,0
2020,22,20,42,Ca,,-38547.293,0.148,8616.5646,0.0035,B-,-6426.2904,0.0485,41.95861778,0.159,False,False,False,False,-38547.293,8616.5646,   2   22   20   42 Ca       -38547.293       0.148      8616.5646     0.0035  B-  -6426.2904     0.0485   41 958617.780       0.159   ,361.8957132,0.000147,0.047619047619047616,1,1
2020,21,21,42,Sc,,-32121.003,0.154,8444.9303,0.0037,B-,-7016.6496,0.2239,41.965516686,0.165,False,False,False,False,-32121.003,8444.9303,   0   21   21   42 Sc       -32121.003       0.154      8444.9303     0.0037  B-  -7016.6496     0.2239   41 965516.686       0.165   ,354.6870726,0.0001554,0.0,0,0
2020,20,22,42,Ti,,-25104.353,0.269,8259.24,0.0064,B-,-17485.0,196.0,41.973049369,0.289,False,False,True,False,-25104.353,8259.2400,  -2   20   22   42 Ti       -25104.353       0.269      8259.2400     0.0064  B- -17485#       196#       41 973049.369       0.289   ,346.88808,0.00026880000000000003,-0.047619047619047616,1,1
2020,27,16,43,S,x,-12195.461,4.97,8063.8276,0.1156,B-,11964.05,62.0579,42.986907635,5.335,False,False,False,False,-12195.461,8063.8276,  11   27   16   43 S     x  -12195.461       4.970      8063.8276     0.1156  B-  11964.0500    62.0579   42 986907.635       5.335   ,346.7445868,0.0049708,0.2558139534883721,0,1
2020,26,17,43,Cl,x,-24159.51,61.859,8323.8672,1.4386,B-,7850.3002,62.086,42.9740637,66.407,False,False,False,False,-24159.510,8323.8672,   9   26   17   43 Cl    x  -24159.510      61.859      8323.8672     1.4386  B-   7850.3002    62.0860   42 974063.700      66.407   ,357.9262896,0.061859800000000006,0.20930232558139536,1,0
2020,25,18,43,Ar,x,-32009.811,5.31,8488.2382,0.1235,B-,4565.5836,5.3254,42.965636056,5.7,False,False,False,False,-32009.811,8488.2382,   7   25   18   43 Ar    x  -32009.811       5.310      8488.2382     0.1235  B-   4565.5836     5.3254   42 965636.056       5.700   ,364.9942426,0.0053105,0.16279069767441862,0,1
2020,24,19,43,K,-4n,-36575.394,0.41,8576.2204,0.0095,B-,1833.4783,0.4687,42.960734701,0.44,False,False,False,False,-36575.394,8576.2204,   5   24   19   43 K   -4n  -36575.394       0.410      8576.2204     0.0095  B-   1833.4783     0.4687   42 960734.701       0.440   ,368.7774772,0.00040849999999999995,0.11627906976744186,1,0
2020,23,20,43,Ca,,-38408.873,0.227,8600.6653,0.0053,B-,-2220.7227,1.865,42.958766381,0.244,False,False,False,False,-38408.873,8600.6653,   3   23   20   43 Ca       -38408.873       0.227      8600.6653     0.0053  B-  -2220.7227     1.8650   42 958766.381       0.244   ,369.8286079,0.00022789999999999998,0.06976744186046512,0,1
2020,22,21,43,Sc,-p,-36188.15,1.863,8530.8265,0.0433,B-,-6872.5591,6.0147,42.961150425,1.999,False,False,False,False,-36188.150,8530.8265,   1   22   21   43 Sc   -p  -36188.150       1.863      8530.8265     0.0433  B-  -6872.5591     6.0147   42 961150.425       1.999   ,366.82553949999993,0.0018618999999999999,0.023255813953488372,1,0
2020,21,22,43,Ti,,-29315.591,5.719,8352.8054,0.133,B-,-11399.2333,43.2287,42.96852842,6.139,False,False,False,False,-29315.591,8352.8054,  -1   21   22   43 Ti       -29315.591       5.719      8352.8054     0.1330  B- -11399.2333    43.2287   42 968528.420       6.139   ,359.1706322,0.005719,-0.023255813953488372,0,1
2020,20,23,43,V,x,-17916.358,42.849,8069.5129,0.9965,B-,-15946.0,205.0,42.980766,46.0,False,False,True,False,-17916.358,8069.5129,  -3   20   23   43 V     x  -17916.358      42.849      8069.5129     0.9965  B- -15946#       205#       42 980766.000      46.000   ,346.9890547,0.0428495,-0.06976744186046512,1,0
2020,28,16,44,S,x,-9204.236,5.216,7996.0154,0.1186,B-,11274.7373,85.7253,43.990118846,5.6,False,False,False,False,-9204.236,7996.0154,  12   28   16   44 S     x   -9204.236       5.216      7996.0154     0.1186  B-  11274.7373    85.7253   43 990118.846       5.600   ,351.8246776,0.0052184,0.2727272727272727,1,1
2020,27,17,44,Cl,x,-20478.973,85.566,8234.4788,1.9447,B-,12194.2869,85.5811,43.978014918,91.859,False,False,False,False,-20478.973,8234.4788,  10   27   17   44 Cl    x  -20478.973      85.566      8234.4788     1.9447  B-  12194.2869    85.5811   43 978014.918      91.859   ,362.31706720000005,0.0855668,0.22727272727272727,0,0
2020,26,18,44,Ar,x,-32673.26,1.584,8493.8411,0.036,B-,3108.2375,1.6381,43.964923814,1.7,False,False,False,False,-32673.260,8493.8411,   8   26   18   44 Ar    x  -32673.260       1.584      8493.8411     0.0360  B-   3108.2375     1.6381   43 964923.814       1.700   ,373.7290084,0.001584,0.18181818181818182,1,1
2020,25,19,44,K,x,-35781.498,0.419,8546.7023,0.0095,B-,5687.2319,0.5303,43.961586984,0.45,False,False,False,False,-35781.498,8546.7023,   6   25   19   44 K     x  -35781.498       0.419      8546.7023     0.0095  B-   5687.2319     0.5303   43 961586.984       0.450   ,376.0549012,0.00041799999999999997,0.13636363636363635,0,0
2020,24,20,44,Ca,,-41468.73,0.325,8658.1769,0.0074,B-,-3652.6948,1.7565,43.955481489,0.348,False,False,False,False,-41468.730,8658.1769,   4   24   20   44 Ca       -41468.730       0.325      8658.1769     0.0074  B-  -3652.6948     1.7565   43 955481.489       0.348   ,380.95978360000004,0.0003256,0.09090909090909091,1,1
2020,23,21,44,Sc,-p,-37816.035,1.756,8557.3805,0.0399,B-,-267.4488,1.8899,43.959402818,1.884,False,False,False,False,-37816.035,8557.3805,   2   23   21   44 Sc   -p  -37816.035       1.756      8557.3805     0.0399  B-   -267.4488     1.8899   43 959402.818       1.884   ,376.52474199999995,0.0017555999999999997,0.045454545454545456,0,0
2020,22,22,44,Ti,-a,-37548.586,0.7,8533.5215,0.0159,B-,-13740.5071,7.2986,43.959689936,0.751,False,False,False,False,-37548.586,8533.5215,   0   22   22   44 Ti   -a  -37548.586       0.700      8533.5215     0.0159  B- -13740.5071     7.2986   43 959689.936       0.751   ,375.47494600000005,0.0006996,0.0,1,1
2020,21,23,44,V,,-23808.079,7.265,8203.4567,0.1651,B-,-10386.1805,51.7447,43.974440977,7.799,False,False,False,False,-23808.079,8203.4567,  -2   21   23   44 V        -23808.079       7.265      8203.4567     0.1651  B- -10386.1805    51.7447   43 974440.977       7.799   ,360.9520948,0.0072644,-0.045454545454545456,0,0
2020,20,24,44,Cr,x,-13421.899,51.232,7949.6265,1.1644,B-,-20882.0,304.0,43.985591,55.0,False,False,True,False,-13421.899,7949.6265,  -4   20   24   44 Cr    x  -13421.899      51.232      7949.6265     1.1644  B- -20882#       304#       43 985591.000      55.000   ,349.783566,0.051233600000000004,-0.09090909090909091,1,1
2020,28,17,45,Cl,x,-18262.544,136.163,8181.5991,3.0259,B-,11508.2568,136.1643,44.980394353,146.177,False,False,False,False,-18262.544,8181.5991,  11   28   17   45 Cl    x  -18262.544     136.163      8181.5991     3.0259  B-  11508.2568   136.1643   44 980394.353     146.177   ,368.1719595,0.1361655,0.24444444444444444,1,0
2020,27,18,45,Ar,x,-29770.801,0.512,8419.9526,0.0114,B-,6844.8422,0.7311,44.968039731,0.55,False,False,False,False,-29770.801,8419.9526,   9   27   18   45 Ar    x  -29770.801       0.512      8419.9526     0.0114  B-   6844.8422     0.7311   44 968039.731       0.550   ,378.897867,0.000513,0.2,0,1
2020,26,19,45,K,x,-36615.643,0.522,8554.6747,0.0116,B-,4196.5868,0.6369,44.960691491,0.56,False,False,False,False,-36615.643,8554.6747,   7   26   19   45 K     x  -36615.643       0.522      8554.6747     0.0116  B-   4196.5868     0.6369   44 960691.491       0.560   ,384.9603615,0.000522,0.15555555555555556,1,0
2020,25,20,45,Ca,,-40812.23,0.365,8630.5467,0.0081,B-,260.091,0.7377,44.95618627,0.392,False,False,False,False,-40812.230,8630.5467,   5   25   20   45 Ca       -40812.230       0.365      8630.5467     0.0081  B-    260.0910     0.7377   44 956186.270       0.392   ,388.37460150000004,0.00036449999999999997,0.1111111111111111,0,1
2020,24,21,45,Sc,,-41072.321,0.663,8618.941,0.0147,B-,-2062.0551,0.5086,44.955907051,0.712,False,False,False,False,-41072.321,8618.9410,   3   24   21   45 Sc       -41072.321       0.663      8618.9410     0.0147  B-  -2062.0551     0.5086   44 955907.051       0.712   ,387.852345,0.0006615,0.06666666666666667,1,0
2020,23,22,45,Ti,,-39010.266,0.836,8555.7321,0.0186,B-,-7123.8247,0.2142,44.958120758,0.897,False,False,False,False,-39010.266,8555.7321,   1   23   22   45 Ti       -39010.266       0.836      8555.7321     0.0186  B-  -7123.8247     0.2142   44 958120.758       0.897   ,385.0079445,0.000837,0.022222222222222223,0,1
2020,22,23,45,V,,-31886.441,0.863,8380.0394,0.0192,B-,-12371.64,35.4073,44.965768498,0.926,False,False,False,False,-31886.441,8380.0394,  -1   22   23   45 V        -31886.441       0.863      8380.0394     0.0192  B- -12371.6400    35.4073   44 965768.498       0.926   ,377.101773,0.0008639999999999999,-0.022222222222222223,1,0
2020,21,24,45,Cr,x,-19514.801,35.397,8087.7286,0.7866,B-,-14535.0,302.0,44.97905,38.0,False,False,True,False,-19514.801,8087.7286,  -3   21   24   45 Cr    x  -19514.801      35.397      8087.7286     0.7866  B- -14535#       302#       44 979050.000      38.000   ,363.947787,0.035397,-0.06666666666666667,0,1
2020,29,17,46,Cl,x,-13734.949,97.249,8080.7757,2.1141,B-,16036.3062,97.2766,45.985254926,104.4,False,False,False,False,-13734.949,8080.7757,  12   29   17   46 Cl    x  -13734.949      97.249      8080.7757     2.1141  B-  16036.3062    97.2766   45 985254.926     104.400   ,371.7156822,0.0972486,0.2608695652173913,0,0
2020,28,18,46,Ar,x,-29771.255,2.329,8412.3835,0.0506,B-,5642.6746,2.4394,45.968039243999996,2.5,False,False,False,False,-29771.255,8412.3835,  10   28   18   46 Ar    x  -29771.255       2.329      8412.3835     0.0506  B-   5642.6746     2.4394   45 968039.244       2.500   ,386.969641,0.0023276,0.21739130434782608,1,1
2020,27,19,46,K,x,-35413.929,0.727,8518.0428,0.0158,B-,7725.6802,2.349,45.961981584,0.78,False,False,False,False,-35413.929,8518.0428,   8   27   19   46 K     x  -35413.929       0.727      8518.0428     0.0158  B-   7725.6802     2.3490   45 961981.584       0.780   ,391.82996879999996,0.0007268000000000001,0.17391304347826086,0,0
2020,26,20,46,Ca,,-43139.61,2.234,8668.9848,0.0486,B-,-1377.9665,2.3305,45.953687726,2.398,False,False,False,False,-43139.610,8668.9848,   6   26   20   46 Ca       -43139.610       2.234      8668.9848     0.0486  B-  -1377.9665     2.3305   45 953687.726       2.398   ,398.7733008,0.0022356,0.13043478260869565,1,1
2020,25,21,46,Sc,-n,-41761.643,0.671,8622.0215,0.0146,B-,2366.626,0.6666,45.955167034,0.72,False,False,False,False,-41761.643,8622.0215,   4   25   21   46 Sc   -n  -41761.643       0.671      8622.0215     0.0146  B-   2366.6260     0.6666   45 955167.034       0.720   ,396.6129890000001,0.0006716,0.08695652173913043,0,0
2020,24,22,46,Ti,,-44128.269,0.09,8656.4623,0.002,B-,-7052.3723,0.0923,45.952626356,0.097,False,False,False,False,-44128.269,8656.4623,   2   24   22   46 Ti       -44128.269       0.090      8656.4623     0.0020  B-  -7052.3723     0.0923   45 952626.356       0.097   ,398.1972657999999,9.2e-05,0.043478260869565216,1,1
2020,23,23,46,V,,-37075.897,0.134,8486.1423,0.0029,B-,-7604.3264,11.4538,45.960197389,0.143,False,False,False,False,-37075.897,8486.1423,   0   23   23   46 V        -37075.897       0.134      8486.1423     0.0029  B-  -7604.3264    11.4538   45 960197.389       0.143   ,390.36254579999996,0.0001334,0.0,0,0
2020,22,24,46,Cr,,-29471.57,11.453,8303.8233,0.249,B-,-17053.8226,87.3828,45.968360969,12.295,False,False,False,False,-29471.570,8303.8233,  -2   22   24   46 Cr       -29471.570      11.453      8303.8233     0.2490  B- -17053.8226    87.3828   45 968360.969      12.295   ,381.97587180000005,0.011454,-0.043478260869565216,1,1
2020,21,25,46,Mn,x,-12417.748,86.629,7916.0805,1.8832,B-,-13628.0,312.0,45.986669,93.0,False,False,True,False,-12417.748,7916.0805,  -4   21   25   46 Mn    x  -12417.748      86.629      7916.0805     1.8832  B- -13628#       312#       45 986669.000      93.000   ,364.139703,0.0866272,-0.08695652173913043,0,0
2020,29,18,47,Ar,x,-25367.274,1.211,8311.425,0.0258,B-,10344.7078,1.849,46.972767112,1.3,False,False,False,False,-25367.274,8311.4250,  11   29   18   47 Ar    x  -25367.274       1.211      8311.4250     0.0258  B-  10344.7078     1.8490   46 972767.112       1.300   ,390.63697499999995,0.0012125999999999999,0.23404255319148937,0,1
2020,28,19,47,K,x,-35711.982,1.397,8514.8795,0.0297,B-,6632.6837,2.6237,46.961661612,1.5,False,False,False,False,-35711.982,8514.8795,   9   28   19   47 K     x  -35711.982       1.397      8514.8795     0.0297  B-   6632.6837     2.6237   46 961661.612       1.500   ,400.19933649999996,0.0013959,0.19148936170212766,1,0
2020,27,20,47,Ca,,-42344.665,2.221,8639.3548,0.0473,B-,1992.177,1.1849,46.954541134,2.384,False,False,False,False,-42344.665,8639.3548,   7   27   20   47 Ca       -42344.665       2.221      8639.3548     0.0473  B-   1992.1770     1.1849   46 954541.134       2.384   ,406.04967559999994,0.0022231,0.14893617021276595,0,1
2020,26,21,47,Sc,,-44336.842,1.931,8665.0958,0.0411,B-,600.7694,1.9292,46.952402444,2.072,False,False,False,False,-44336.842,8665.0958,   5   26   21   47 Sc       -44336.842       1.931      8665.0958     0.0411  B-    600.7694     1.9292   46 952402.444       2.072   ,407.25950259999996,0.0019317,0.10638297872340426,1,0
2020,25,22,47,Ti,,-44937.612,0.08,8661.2325,0.0017,B-,-2930.5422,0.0879,46.951757491,0.085,False,False,False,False,-44937.612,8661.2325,   3   25   22   47 Ti       -44937.612       0.080      8661.2325     0.0017  B-  -2930.5422     0.0879   46 951757.491       0.085   ,407.0779275,7.99e-05,0.06382978723404255,0,1
2020,24,23,47,V,,-42007.07,0.11,8582.2348,0.0024,B-,-7443.9769,5.1976,46.954903558,0.118,False,False,False,False,-42007.070,8582.2348,   1   24   23   47 V        -42007.070       0.110      8582.2348     0.0024  B-  -7443.9769     5.1976   46 954903.558       0.118   ,403.3650356,0.00011279999999999998,0.02127659574468085,1,0
2020,23,24,47,Cr,,-34563.093,5.197,8407.2067,0.1106,B-,-11996.7167,32.0943,46.962894995,5.578,False,False,False,False,-34563.093,8407.2067,  -1   23   24   47 Cr       -34563.093       5.197      8407.2067     0.1106  B- -11996.7167    32.0943   46 962894.995       5.578   ,395.1387149,0.0051982,-0.02127659574468085,0,1
2020,22,25,47,Mn,x,-22566.376,31.671,8135.3117,0.6738,B-,-15437.0,501.0,46.975774,34.0,False,False,True,False,-22566.376,8135.3117,  -3   22   25   47 Mn    x  -22566.376      31.671      8135.3117     0.6738  B- -15437#       501#       46 975774.000      34.000   ,382.3596499,0.0316686,-0.06382978723404255,1,0
2020,30,18,48,Ar,x,-22354.927,16.767,8243.6656,0.3493,B-,9929.555,16.7847,47.976001,18.0,False,False,False,False,-22354.927,8243.6656,  12   30   18   48 Ar    x  -22354.927      16.767      8243.6656     0.3493  B-   9929.5550    16.7847   47 976001.000      18.000   ,395.6959488,0.0167664,0.25,1,1
2020,29,19,48,K,x,-32284.482,0.773,8434.2324,0.0161,B-,11940.3857,0.7734,47.965341184,0.83,False,False,False,False,-32284.482,8434.2324,  10   29   19   48 K     x  -32284.482       0.773      8434.2324     0.0161  B-  11940.3857     0.7734   47 965341.184       0.830   ,404.8431552,0.0007727999999999999,0.20833333333333334,0,0
2020,28,20,48,Ca,,-44224.868,0.018,8666.6916,0.0004,B-,279.2155,4.9499,47.952522654,0.018,False,False,False,False,-44224.868,8666.6916,   8   28   20   48 Ca       -44224.868       0.018      8666.6916     0.0004  B-    279.2155     4.9499   47 952522.654       0.018   ,416.00119680000006,1.9200000000000003e-05,0.16666666666666666,1,1
2020,27,21,48,Sc,,-44504.083,4.95,8656.2097,0.1031,B-,3988.8685,4.9499,47.952222903,5.313,False,False,False,False,-44504.083,8656.2097,   6   27   21   48 Sc       -44504.083       4.950      8656.2097     0.1031  B-   3988.8685     4.9499   47 952222.903       5.313   ,415.49806559999996,0.004948800000000001,0.125,0,0
2020,26,22,48,Ti,,-48492.952,0.074,8723.0122,0.0016,B-,-4014.9467,0.9691,47.947940677,0.079,False,False,False,False,-48492.952,8723.0122,   4   26   22   48 Ti       -48492.952       0.074      8723.0122     0.0016  B-  -4014.9467     0.9691   47 947940.677       0.079   ,418.7045856,7.680000000000001e-05,0.08333333333333333,1,1
2020,25,23,48,V,,-44478.005,0.972,8623.0686,0.0202,B-,-1656.6918,7.3746,47.9522509,1.043,False,False,False,False,-44478.005,8623.0686,   2   25   23   48 V        -44478.005       0.972      8623.0686     0.0202  B-  -1656.6918     7.3746   47 952250.900       1.043   ,413.90729280000005,0.0009696,0.041666666666666664,0,0
2020,24,24,48,Cr,+nn,-42821.313,7.311,8572.2553,0.1523,B-,-13524.6692,9.9157,47.954029431,7.848,False,False,False,False,-42821.313,8572.2553,   0   24   24   48 Cr  +nn  -42821.313       7.311      8572.2553     0.1523  B- -13524.6692     9.9157   47 954029.431       7.848   ,411.46825440000003,0.0073104,0.0,1,1
2020,23,25,48,Mn,,-29296.644,6.699,8274.1924,0.1396,B-,-11288.0685,92.4609,47.96854876,7.191,False,False,False,False,-29296.644,8274.1924,  -2   23   25   48 Mn       -29296.644       6.699      8274.1924     0.1396  B- -11288.0685    92.4609   47 968548.760       7.191   ,397.1612352,0.0067008,-0.041666666666666664,0,0
2020,22,26,48,Fe,x,-18008.575,92.218,8022.7254,1.9212,B-,-19738.0,509.0,47.980667,99.0,False,False,True,False,-18008.575,8022.7254,  -4   22   26   48 Fe    x  -18008.575      92.218      8022.7254     1.9212  B- -19738#       509#       47 980667.000      99.000   ,385.09081920000006,0.09221760000000001,-0.08333333333333333,1,1
2020,30,19,49,K,x,-29611.496,0.801,8372.2753,0.0164,B-,11688.5069,0.8205,48.968210753,0.86,False,False,False,False,-29611.496,8372.2753,  11   30   19   49 K     x  -29611.496       0.801      8372.2753     0.0164  B-  11688.5069     0.8205   48 968210.753       0.860   ,410.2414897,0.0008036000000000001,0.22448979591836735,1,0
2020,29,20,49,Ca,-n,-41300.003,0.178,8594.85,0.0036,B-,5262.4445,2.2745,48.955662625,0.19,False,False,False,False,-41300.003,8594.8500,   9   29   20   49 Ca   -n  -41300.003       0.178      8594.8500     0.0036  B-   5262.4445     2.2745   48 955662.625       0.190   ,421.14765,0.0001764,0.1836734693877551,0,1
2020,28,21,49,Sc,,-46562.447,2.268,8686.2805,0.0463,B-,2001.5652,2.2684,48.950013159,2.434,False,False,False,False,-46562.447,8686.2805,   7   28   21   49 Sc       -46562.447       2.268      8686.2805     0.0463  B-   2001.5652     2.2684   48 950013.159       2.434   ,425.6277445,0.0022687,0.14285714285714285,1,0
2020,27,22,49,Ti,,-48564.012,0.078,8711.1625,0.0016,B-,-601.8555,0.8203,48.947864391,0.084,False,False,False,False,-48564.012,8711.1625,   5   27   22   49 Ti       -48564.012       0.078      8711.1625     0.0016  B-   -601.8555     0.8203   48 947864.391       0.084   ,426.8469625,7.84e-05,0.10204081632653061,0,1
2020,26,23,49,V,-,-47962.157,0.824,8682.9135,0.0168,B-,-2629.8047,2.3487,48.948510509,0.884,False,False,False,False,-47962.157,8682.9135,   3   26   23   49 V     -  -47962.157       0.824      8682.9135     0.0168  B-  -2629.8047     2.3487   48 948510.509       0.884   ,425.4627615,0.0008232,0.061224489795918366,1,0
2020,25,24,49,Cr,,-45332.352,2.202,8613.2777,0.0449,B-,-7712.4265,0.2329,48.95133372,2.363,False,False,False,False,-45332.352,8613.2777,   1   25   24   49 Cr       -45332.352       2.202      8613.2777     0.0449  B-  -7712.4265     0.2329   48 951333.720       2.363   ,422.0506073,0.0022001,0.02040816326530612,0,1
2020,24,25,49,Mn,,-37619.925,2.214,8439.915,0.0452,B-,-12869.1957,24.3199,48.95961335,2.377,False,False,False,False,-37619.925,8439.9150,  -1   24   25   49 Mn       -37619.925       2.214      8439.9150     0.0452  B- -12869.1957    24.3199   48 959613.350       2.377   ,413.555835,0.0022148,-0.02040816326530612,1,0
2020,23,26,49,Fe,x,-24750.73,24.219,8161.3121,0.4943,B-,-14971.0,501.0,48.973429,26.0,False,False,True,False,-24750.730,8161.3121,  -3   23   26   49 Fe    x  -24750.730      24.219      8161.3121     0.4943  B- -14971#       501#       48 973429.000      26.000   ,399.9042929,0.0242207,-0.061224489795918366,0,1
2020,31,19,50,K,x,-25727.853,7.731,8288.5833,0.1546,B-,13861.3774,7.8919,49.972380015,8.3,False,False,False,False,-25727.853,8288.5833,  12   31   19   50 K     x  -25727.853       7.731      8288.5833     0.1546  B-  13861.3774     7.8919   49 972380.015       8.300   ,414.429165,0.00773,0.24,0,0
2020,30,20,50,Ca,x,-39589.23,1.584,8550.1639,0.0317,B-,4947.8903,2.9723,49.957499215,1.7,False,False,False,False,-39589.230,8550.1639,  10   30   20   50 Ca    x  -39589.230       1.584      8550.1639     0.0317  B-   4947.8903     2.9723   49 957499.215       1.700   ,427.50819499999994,0.001585,0.2,1,1
2020,29,21,50,Sc,,-44537.12,2.515,8633.4747,0.0503,B-,6894.747,2.5166,49.952187437,2.7,False,False,False,False,-44537.120,8633.4747,   8   29   21   50 Sc       -44537.120       2.515      8633.4747     0.0503  B-   6894.7470     2.5166   49 952187.437       2.700   ,431.673735,0.002515,0.16,0,0
2020,28,22,50,Ti,,-51431.867,0.082,8755.7227,0.0017,B-,-2208.6274,0.0579,49.944785622,0.088,False,False,False,False,-51431.867,8755.7227,   6   28   22   50 Ti       -51431.867       0.082      8755.7227     0.0017  B-  -2208.6274     0.0579   49 944785.622       0.088   ,437.786135,8.499999999999999e-05,0.12,1,1
2020,27,23,50,V,,-49223.24,0.093,8695.9032,0.0019,B-,1038.124,0.0551,49.947156681,0.099,False,False,False,False,-49223.240,8695.9032,   4   27   23   50 V        -49223.240       0.093      8695.9032     0.0019  B-   1038.1240     0.0551   49 947156.681       0.099   ,434.79516,9.5e-05,0.08,0,0
2020,26,24,50,Cr,,-50261.364,0.094,8701.0188,0.0019,B-,-7634.4776,0.0672,49.946042209,0.1,False,False,False,False,-50261.364,8701.0188,   2   26   24   50 Cr       -50261.364       0.094      8701.0188     0.0019  B-  -7634.4776     0.0672   49 946042.209       0.100   ,435.05094,9.5e-05,0.04,1,1
2020,25,25,50,Mn,,-42626.886,0.115,8532.6823,0.0023,B-,-8150.4267,8.3842,49.954238157,0.123,False,False,False,False,-42626.886,8532.6823,   0   25   25   50 Mn       -42626.886       0.115      8532.6823     0.0023  B-  -8150.4267     8.3842   49 954238.157       0.123   ,426.634115,0.00011499999999999999,0.0,0,0
2020,24,26,50,Fe,x,-34476.46,8.383,8354.0268,0.1677,B-,-16887.0566,126.0308,49.962988,9.0,False,False,False,False,-34476.460,8354.0268,  -2   24   26   50 Fe    x  -34476.460       8.383      8354.0268     0.1677  B- -16887.0566   126.0308   49 962988.000       9.000   ,417.70133999999996,0.008385,-0.04,1,1
2020,23,27,50,Co,x,-17589.403,125.752,8000.6387,2.515,B-,-14130.0,516.0,49.981117,135.0,False,False,True,False,-17589.403,8000.6387,  -4   23   27   50 Co    x  -17589.403     125.752      8000.6387     2.5150  B- -14130#       516#       49 981117.000     135.000   ,400.031935,0.12575,-0.08,0,0
2020,32,19,51,K,x,-22515.457,13.041,8221.335,0.2557,B-,13816.8529,13.0517,50.975828664,14.0,False,False,False,False,-22515.457,8221.3350,  13   32   19   51 K     x  -22515.457      13.041      8221.3350     0.2557  B-  13816.8529    13.0517   50 975828.664      14.000   ,419.28808499999997,0.013040699999999999,0.2549019607843137,1,0
2020,31,20,51,Ca,x,-36332.31,0.522,8476.9135,0.0102,B-,6918.0432,2.5686,50.960995663,0.56,False,False,False,False,-36332.310,8476.9135,  11   31   20   51 Ca    x  -36332.310       0.522      8476.9135     0.0102  B-   6918.0432     2.5686   50 960995.663       0.560   ,432.3225885,0.0005202,0.21568627450980393,0,1
2020,30,21,51,Sc,,-43250.353,2.515,8597.2213,0.0493,B-,6482.6122,2.5612,50.953568838,2.7,False,False,False,False,-43250.353,8597.2213,   9   30   21   51 Sc       -43250.353       2.515      8597.2213     0.0493  B-   6482.6122     2.5612   50 953568.838       2.700   ,438.4582863,0.0025143,0.17647058823529413,1,0
2020,29,22,51,Ti,,-49732.965,0.484,8708.9912,0.0095,B-,2470.1402,0.482,50.946609468,0.519,False,False,False,False,-49732.965,8708.9912,   7   29   22   51 Ti       -49732.965       0.484      8708.9912     0.0095  B-   2470.1402     0.4820   50 946609.468       0.519   ,444.15855120000003,0.0004845,0.13725490196078433,0,1
2020,28,23,51,V,,-52203.105,0.097,8742.0852,0.0019,B-,-752.3907,0.1494,50.943957664,0.104,False,False,False,False,-52203.105,8742.0852,   5   28   23   51 V        -52203.105       0.097      8742.0852     0.0019  B-   -752.3907     0.1494   50 943957.664       0.104   ,445.8463452,9.69e-05,0.09803921568627451,1,0
2020,27,24,51,Cr,,-51450.715,0.167,8711.9923,0.0033,B-,-3207.4893,0.3256,50.944765388,0.178,False,False,False,False,-51450.715,8711.9923,   3   27   24   51 Cr       -51450.715       0.167      8711.9923     0.0033  B-  -3207.4893     0.3256   50 944765.388       0.178   ,444.3116073,0.0001683,0.058823529411764705,0,1
2020,26,25,51,Mn,,-48243.225,0.304,8633.7602,0.006,B-,-8054.04,1.4309,50.94820877,0.326,False,False,False,False,-48243.225,8633.7602,   1   26   25   51 Mn       -48243.225       0.304      8633.7602     0.0060  B-  -8054.0400     1.4309   50 948208.770       0.326   ,440.3217702,0.000306,0.0196078431372549,1,0
2020,25,26,51,Fe,x,-40189.185,1.398,8460.4977,0.0274,B-,-12847.0389,48.4579,50.956855137,1.501,False,False,False,False,-40189.185,8460.4977,  -1   25   26   51 Fe    x  -40189.185       1.398      8460.4977     0.0274  B- -12847.0389    48.4579   50 956855.137       1.501   ,431.4853827,0.0013974,-0.0196078431372549,0,1
2020,24,27,51,Co,x,-27342.146,48.438,8193.2549,0.9498,B-,-15692.0,503.0,50.970647,52.0,False,False,True,False,-27342.146,8193.2549,  -3   24   27   51 Co    x  -27342.146      48.438      8193.2549     0.9498  B- -15692#       503#       50 970647.000      52.000   ,417.8559999,0.0484398,-0.058823529411764705,1,0
2020,33,19,52,K,x,-17137.628,33.534,8115.0303,0.6449,B-,17128.6431,33.5405,51.981602,36.0,False,False,False,False,-17137.628,8115.0303,  14   33   19   52 K     x  -17137.628      33.534      8115.0303     0.6449  B-  17128.6431    33.5405   51 981602.000      36.000   ,421.98157560000004,0.033534800000000003,0.2692307692307692,0,0
2020,32,20,52,Ca,x,-34266.272,0.671,8429.3821,0.0129,B-,6257.2889,3.1463,51.963213646,0.72,False,False,False,False,-34266.272,8429.3821,  12   32   20   52 Ca    x  -34266.272       0.671      8429.3821     0.0129  B-   6257.2889     3.1463   51 963213.646       0.720   ,438.3278692,0.0006707999999999999,0.23076923076923078,1,1
2020,31,21,52,Sc,,-40523.56,3.074,8534.6695,0.0591,B-,8954.1372,4.1223,51.95649617,3.3,False,False,False,False,-40523.560,8534.6695,  10   31   21   52 Sc       -40523.560       3.074      8534.6695     0.0591  B-   8954.1372     4.1223   51 956496.170       3.300   ,443.802814,0.0030732,0.19230769230769232,0,0
2020,30,22,52,Ti,,-49477.698,2.747,8691.8193,0.0528,B-,1965.334,2.751,51.946883509,2.948,False,False,False,False,-49477.698,8691.8193,   8   30   22   52 Ti       -49477.698       2.747      8691.8193     0.0528  B-   1965.3340     2.7510   51 946883.509       2.948   ,451.97460359999997,0.0027456,0.15384615384615385,1,1
2020,29,23,52,V,-n,-51443.032,0.159,8714.569,0.0031,B-,3976.4763,0.1601,51.944773636,0.17,False,False,False,False,-51443.032,8714.5690,   6   29   23   52 V    -n  -51443.032       0.159      8714.5690     0.0031  B-   3976.4763     0.1601   51 944773.636       0.170   ,453.157588,0.0001612,0.11538461538461539,0,0
2020,28,24,52,Cr,,-55419.508,0.112,8775.9946,0.0022,B-,-4708.1214,0.0633,51.940504714,0.12,False,False,False,False,-55419.508,8775.9946,   4   28   24   52 Cr       -55419.508       0.112      8775.9946     0.0022  B-  -4708.1214     0.0633   51 940504.714       0.120   ,456.3517192,0.0001144,0.07692307692307693,1,1
2020,27,25,52,Mn,-,-50711.387,0.129,8670.4087,0.0025,B-,-2379.2912,0.1534,51.94555909,0.138,False,False,False,False,-50711.387,8670.4087,   2   27   25   52 Mn    -  -50711.387       0.129      8670.4087     0.0025  B-  -2379.2912     0.1534   51 945559.090       0.138   ,450.8612524,0.00013000000000000002,0.038461538461538464,0,0
2020,26,26,52,Fe,--,-48332.095,0.179,8609.6079,0.0035,B-,-13988.1167,5.2831,51.948113364,0.192,False,False,False,False,-48332.095,8609.6079,   0   26   26   52 Fe   --  -48332.095       0.179      8609.6079     0.0035  B- -13988.1167     5.2831   51 948113.364       0.192   ,447.6996108,0.000182,0.0,1,1
2020,25,27,52,Co,,-34343.979,5.282,8325.5606,0.1016,B-,-11784.123,83.071,51.963130224,5.669,False,False,False,False,-34343.979,8325.5606,  -2   25   27   52 Co       -34343.979       5.282      8325.5606     0.1016  B- -11784.1230    83.0710   51 963130.224       5.669   ,432.92915120000004,0.0052832,-0.038461538461538464,0,0
2020,24,28,52,Ni,x,-22559.856,82.903,8083.8977,1.5943,B-,-20680.0,606.0,51.975781,89.0,False,False,True,False,-22559.856,8083.8977,  -4   24   28   52 Ni    x  -22559.856      82.903      8083.8977     1.5943  B- -20680#       606#       51 975781.000      89.000   ,420.3626804,0.0829036,-0.07692307692307693,1,1
2020,34,19,53,K,x,-12295.722,111.779,8022.8488,2.109,B-,17091.9853,120.0471,52.9868,120.0,False,False,False,False,-12295.722,8022.8488,  15   34   19   53 K     x  -12295.722     111.779      8022.8488     2.1090  B-  17091.9853   120.0471   52 986800.000     120.000   ,425.21098639999997,0.111777,0.2830188679245283,1,0
2020,33,20,53,Ca,x,-29387.707,43.78,8330.5778,0.826,B-,9381.8471,47.2223,52.968451,47.0,False,False,False,False,-29387.707,8330.5778,  13   33   20   53 Ca    x  -29387.707      43.780      8330.5778     0.8260  B-   9381.8471    47.2223   52 968451.000      47.000   ,441.5206233999999,0.043778,0.24528301886792453,0,1
2020,32,21,53,Sc,,-38769.555,17.698,8492.8325,0.3339,B-,8111.8785,17.9325,52.958379173,19.0,False,False,False,False,-38769.555,8492.8325,  11   32   21   53 Sc       -38769.555      17.698      8492.8325     0.3339  B-   8111.8785    17.9325   52 958379.173      19.000   ,450.1201225,0.0176967,0.20754716981132076,1,0
2020,31,22,53,Ti,x,-46881.433,2.888,8631.1256,0.0545,B-,4970.2419,4.2386,52.949670714,3.1,False,False,False,False,-46881.433,8631.1256,   9   31   22   53 Ti    x  -46881.433       2.888      8631.1256     0.0545  B-   4970.2419     4.2386   52 949670.714       3.100   ,457.4496568,0.0028885,0.16981132075471697,0,1
2020,30,23,53,V,+p,-51851.675,3.103,8710.1425,0.0585,B-,3435.9426,3.1017,52.94433494,3.331,False,False,False,False,-51851.675,8710.1425,   7   30   23   53 V    +p  -51851.675       3.103      8710.1425     0.0585  B-   3435.9426     3.1017   52 944334.940       3.331   ,461.63755249999997,0.0031005000000000004,0.1320754716981132,1,0
2020,29,24,53,Cr,,-55287.618,0.116,8760.2103,0.0022,B-,-597.2679,0.343,52.940646304,0.124,False,False,False,False,-55287.618,8760.2103,   5   29   24   53 Cr       -55287.618       0.116      8760.2103     0.0022  B-   -597.2679     0.3430   52 940646.304       0.124   ,464.29114590000006,0.00011660000000000002,0.09433962264150944,0,1
2020,28,25,53,Mn,,-54690.35,0.346,8734.1798,0.0065,B-,-3742.8664,1.6971,52.941287497,0.371,False,False,False,False,-54690.350,8734.1798,   3   28   25   53 Mn       -54690.350       0.346      8734.1798     0.0065  B-  -3742.8664     1.6971   52 941287.497       0.371   ,462.9115294,0.00034449999999999997,0.05660377358490566,1,0
2020,27,26,53,Fe,,-50947.483,1.669,8648.7985,0.0315,B-,-8288.1073,0.4431,52.945305629,1.792,False,False,False,False,-50947.483,8648.7985,   1   27   26   53 Fe       -50947.483       1.669      8648.7985     0.0315  B-  -8288.1073     0.4431   52 945305.629       1.792   ,458.3863205,0.0016695,0.018867924528301886,0,1
2020,26,27,53,Co,,-42659.376,1.727,8477.6578,0.0326,B-,-13028.5485,25.2096,52.954203278,1.854,False,False,False,False,-42659.376,8477.6578,  -1   26   27   53 Co       -42659.376       1.727      8477.6578     0.0326  B- -13028.5485    25.2096   52 954203.278       1.854   ,449.3158634,0.0017277999999999998,-0.018867924528301886,1,0
2020,25,28,53,Ni,x,-29630.827,25.15,8217.0749,0.4745,B-,-16491.0,501.0,52.96819,27.0,False,False,True,False,-29630.827,8217.0749,  -3   25   28   53 Ni    x  -29630.827      25.150      8217.0749     0.4745  B- -16491#       501#       52 968190.000      27.000   ,435.50496969999995,0.025148499999999997,-0.05660377358490566,0,1
2020,34,20,54,Ca,x,-25160.587,48.438,8247.4967,0.897,B-,9277.3463,50.4129,53.972989,52.0,False,False,False,False,-25160.587,8247.4967,  14   34   20   54 Ca    x  -25160.587      48.438      8247.4967     0.8970  B-   9277.3463    50.4129   53 972989.000      52.000   ,445.36482179999996,0.048438,0.25925925925925924,1,1
2020,33,21,54,Sc,x,-34437.934,13.973,8404.8115,0.2588,B-,11305.8789,21.1188,53.963029359,15.0,False,False,False,False,-34437.934,8404.8115,  12   33   21   54 Sc    x  -34437.934      13.973      8404.8115     0.2588  B-  11305.8789    21.1188   53 963029.359      15.000   ,453.859821,0.013975199999999998,0.2222222222222222,0,0
2020,32,22,54,Ti,x,-45743.812,15.835,8599.6917,0.2932,B-,4154.4548,19.384,53.950892,17.0,False,False,False,False,-45743.812,8599.6917,  10   32   22   54 Ti    x  -45743.812      15.835      8599.6917     0.2932  B-   4154.4548    19.3840   53 950892.000      17.000   ,464.38335179999996,0.0158328,0.18518518518518517,1,1
2020,31,23,54,V,,-49898.267,11.18,8662.1382,0.207,B-,7037.1118,11.1794,53.946432009,12.001,False,False,False,False,-49898.267,8662.1382,   8   31   23   54 V        -49898.267      11.180      8662.1382     0.2070  B-   7037.1118    11.1794   53 946432.009      12.001   ,467.7554628,0.011177999999999999,0.14814814814814814,0,0
2020,30,24,54,Cr,,-56935.379,0.132,8777.9672,0.0025,B-,-1377.1325,1.0051,53.938877359,0.142,False,False,False,False,-56935.379,8777.9672,   6   30   24   54 Cr       -56935.379       0.132      8777.9672     0.0025  B-  -1377.1325     1.0051   53 938877.359       0.142   ,474.01022879999994,0.000135,0.1111111111111111,1,1
2020,29,25,54,Mn,-p,-55558.247,1.007,8737.9768,0.0186,B-,696.3688,1.0587,53.940355772,1.08,False,False,False,False,-55558.247,8737.9768,   4   29   25   54 Mn   -p  -55558.247       1.007      8737.9768     0.0186  B-    696.3688     1.0587   53 940355.772       1.080   ,471.85074720000006,0.0010044,0.07407407407407407,0,0
2020,28,26,54,Fe,,-56254.615,0.343,8736.3846,0.0064,B-,-8244.5478,0.0893,53.939608189,0.368,False,False,False,False,-56254.615,8736.3846,   2   28   26   54 Fe       -56254.615       0.343      8736.3846     0.0064  B-  -8244.5478     0.0893   53 939608.189       0.368   ,471.7647683999999,0.0003456,0.037037037037037035,1,1
2020,27,27,54,Co,,-48010.068,0.355,8569.2199,0.0066,B-,-8731.7558,4.671,53.948459075,0.38,False,False,False,False,-48010.068,8569.2199,   0   27   27   54 Co       -48010.068       0.355      8569.2199     0.0066  B-  -8731.7558     4.6710   53 948459.075       0.380   ,462.7378746,0.0003564,0.0,0,0
2020,26,28,54,Ni,x,-39278.312,4.657,8393.0328,0.0862,B-,-18038.0,400.0,53.957833,5.0,False,False,True,False,-39278.312,8393.0328,  -2   26   28   54 Ni    x  -39278.312       4.657      8393.0328     0.0862  B- -18038#       400#       53 957833.000       5.000   ,453.2237712000001,0.0046548,-0.037037037037037035,1,1
2020,35,20,55,Ca,x,-18650.375,160.217,8125.926,2.913,B-,12191.7329,171.9435,54.979978,172.0,False,False,False,False,-18650.375,8125.9260,  15   35   20   55 Ca    x  -18650.375     160.217      8125.9260     2.9130  B-  12191.7329   171.9435   54 979978.000     172.000   ,446.92593,0.160215,0.2727272727272727,0,1
2020,34,21,55,Sc,x,-30842.108,62.411,8333.3694,1.1347,B-,10990.3608,68.7671,54.966889637,67.0,False,False,False,False,-30842.108,8333.3694,  13   34   21   55 Sc    x  -30842.108      62.411      8333.3694     1.1347  B-  10990.3608    68.7671   54 966889.637      67.000   ,458.335317,0.062408500000000006,0.23636363636363636,1,0
2020,33,22,55,Ti,x,-41832.469,28.876,8518.9696,0.525,B-,7292.6673,39.5419,54.955091,31.0,False,False,False,False,-41832.469,8518.9696,  11   33   22   55 Ti    x  -41832.469      28.876      8518.9696     0.5250  B-   7292.6673    39.5419   54 955091.000      31.000   ,468.54332800000003,0.028875,0.2,0,1
2020,32,23,55,V,x,-49125.136,27.013,8637.3391,0.4912,B-,5985.1877,27.0143,54.947262,29.0,False,False,False,False,-49125.136,8637.3391,   9   32   23   55 V     x  -49125.136      27.013      8637.3391     0.4912  B-   5985.1877    27.0143   54 947262.000      29.000   ,475.05365049999995,0.027016000000000002,0.16363636363636364,1,0
2020,31,24,55,Cr,-n,-55110.324,0.228,8731.9362,0.0042,B-,2602.2183,0.3219,54.940836637,0.245,False,False,False,False,-55110.324,8731.9362,   7   31   24   55 Cr   -n  -55110.324       0.228      8731.9362     0.0042  B-   2602.2183     0.3219   54 940836.637       0.245   ,480.256491,0.00023099999999999998,0.12727272727272726,0,1
2020,30,25,55,Mn,,-57712.542,0.26,8765.0247,0.0047,B-,-231.1204,0.1786,54.93804304,0.279,False,False,False,False,-57712.542,8765.0247,   5   30   25   55 Mn       -57712.542       0.260      8765.0247     0.0047  B-   -231.1204     0.1786   54 938043.040       0.279   ,482.07635849999997,0.0002585,0.09090909090909091,1,0
2020,29,26,55,Fe,,-57481.422,0.308,8746.5981,0.0056,B-,-3451.4254,0.3241,54.938291158,0.33,False,False,False,False,-57481.422,8746.5981,   3   29   26   55 Fe       -57481.422       0.308      8746.5981     0.0056  B-  -3451.4254     0.3241   54 938291.158       0.330   ,481.06289549999997,0.000308,0.05454545454545454,0,1
2020,28,27,55,Co,,-54029.996,0.405,8669.6204,0.0074,B-,-8694.035,0.5775,54.941996416,0.434,False,False,False,False,-54029.996,8669.6204,   1   28   27   55 Co       -54029.996       0.405      8669.6204     0.0074  B-  -8694.0350     0.5775   54 941996.416       0.434   ,476.829122,0.000407,0.01818181818181818,1,0
2020,27,28,55,Ni,-,-45335.961,0.705,8497.3225,0.0128,B-,-13700.5585,155.5611,54.951329846,0.757,False,False,False,False,-45335.961,8497.3225,  -1   27   28   55 Ni    -  -45335.961       0.705      8497.3225     0.0128  B- -13700.5585   155.5611   54 951329.846       0.757   ,467.3527375,0.0007040000000000001,-0.01818181818181818,0,1
2020,26,29,55,Cu,x,-31635.403,155.56,8233.997,2.8284,B-,-17366.0,429.0,54.966038,167.0,False,False,True,False,-31635.403,8233.9970,  -3   26   29   55 Cu    x  -31635.403     155.560      8233.9970     2.8284  B- -17366#       429#       54 966038.000     167.000   ,452.86983499999997,0.15556199999999998,-0.05454545454545454,1,0
2020,36,20,56,Ca,x,-13510.39,249.64,8033.1654,4.4579,B-,12005.458,360.2029,55.985496,268.0,False,False,False,False,-13510.390,8033.1654,  16   36   20   56 Ca    x  -13510.390     249.640      8033.1654     4.4579  B-  12005.4580   360.2029   55 985496.000     268.000   ,449.8572624,0.24964240000000001,0.2857142857142857,1,1
2020,35,21,56,Sc,x,-25515.848,259.665,8233.5781,4.6369,B-,13907.147,278.3271,55.972607611,278.761,False,False,False,False,-25515.848,8233.5781,  14   35   21   56 Sc    x  -25515.848     259.665      8233.5781     4.6369  B-  13907.1470   278.3271   55 972607.611     278.761   ,461.08037360000003,0.2596664,0.25,0,0
2020,34,22,56,Ti,,-39422.995,100.201,8467.9495,1.7893,B-,6760.4051,188.1842,55.957677675,107.569,False,False,False,False,-39422.995,8467.9495,  12   34   22   56 Ti       -39422.995     100.201      8467.9495     1.7893  B-   6760.4051   188.1842   55 957677.675     107.569   ,474.205172,0.10020079999999999,0.21428571428571427,1,1
2020,33,23,56,V,,-46183.401,175.884,8574.7006,3.1408,B-,9101.727,175.8854,55.950420082,188.819,False,False,False,False,-46183.401,8574.7006,  10   33   23   56 V        -46183.401     175.884      8574.7006     3.1408  B-   9101.7270   175.8854   55 950420.082     188.819   ,480.18323360000005,0.1758848,0.17857142857142858,0,0
2020,32,24,56,Cr,++,-55285.128,0.578,8723.2609,0.0103,B-,1626.5384,0.5524,55.940648977,0.62,False,False,False,False,-55285.128,8723.2609,   8   32   24   56 Cr   ++  -55285.128       0.578      8723.2609     0.0103  B-   1626.5384     0.5524   55 940648.977       0.620   ,488.5026103999999,0.0005767999999999999,0.14285714285714285,1,1
2020,31,25,56,Mn,-n,-56911.666,0.293,8738.3358,0.0052,B-,3695.4973,0.2065,55.938902816,0.314,False,False,False,False,-56911.666,8738.3358,   6   31   25   56 Mn   -n  -56911.666       0.293      8738.3358     0.0052  B-   3695.4973     0.2065   55 938902.816       0.314   ,489.34680480000003,0.00029120000000000003,0.10714285714285714,0,0
2020,30,26,56,Fe,,-60607.163,0.268,8790.3563,0.0048,B-,-4566.6455,0.4104,55.934935537,0.287,False,False,False,False,-60607.163,8790.3563,   4   30   26   56 Fe       -60607.163       0.268      8790.3563     0.0048  B-  -4566.6455     0.4104   55 934935.537       0.287   ,492.25995279999995,0.0002688,0.07142857142857142,1,1
2020,29,27,56,Co,,-56040.518,0.475,8694.8386,0.0085,B-,-2132.8689,0.3735,55.939838032,0.51,False,False,False,False,-56040.518,8694.8386,   2   29   27   56 Co       -56040.518       0.475      8694.8386     0.0085  B-  -2132.8689     0.3735   55 939838.032       0.510   ,486.91096159999995,0.000476,0.03571428571428571,0,0
2020,28,28,56,Ni,,-53907.649,0.399,8642.7811,0.0071,B-,-15277.9163,6.407,55.942127761,0.428,False,False,False,False,-53907.649,8642.7811,   0   28   28   56 Ni       -53907.649       0.399      8642.7811     0.0071  B- -15277.9163     6.4070   55 942127.761       0.428   ,483.99574160000003,0.0003976,0.0,1,1
2020,27,29,56,Cu,x,-38629.733,6.395,8355.9907,0.1142,B-,-13240.0,400.0,55.958529278,6.864,False,False,True,False,-38629.733,8355.9907,  -2   27   29   56 Cu    x  -38629.733       6.395      8355.9907     0.1142  B- -13240#       400#       55 958529.278       6.864   ,467.9354792,0.0063952,-0.03571428571428571,0,0
2020,36,21,57,Sc,x,-21379.653,179.778,8158.1666,3.154,B-,13022.1957,273.3249,56.977047999999996,193.0,False,False,False,False,-21379.653,8158.1666,  15   36   21   57 Sc    x  -21379.653     179.778      8158.1666     3.1540  B-  13022.1957   273.3249   56 977048.000     193.000   ,465.0154962,0.179778,0.2631578947368421,1,0
2020,35,22,57,Ti,x,-34401.848,205.879,8372.9008,3.6119,B-,10033.2148,222.6466,56.963068098,221.02,False,False,False,False,-34401.848,8372.9008,  13   35   22   57 Ti    x  -34401.848     205.879      8372.9008     3.6119  B-  10033.2148   222.6466   56 963068.098     221.020   ,477.25534559999994,0.2058783,0.22807017543859648,0,1
2020,34,23,57,V,x,-44435.063,84.766,8535.1967,1.4871,B-,8089.9214,84.7864,56.952297,91.0,False,False,False,False,-44435.063,8535.1967,  11   34   23   57 V     x  -44435.063      84.766      8535.1967     1.4871  B-   8089.9214    84.7864   56 952297.000      91.000   ,486.5062119,0.0847647,0.19298245614035087,1,0
2020,33,24,57,Cr,x,-52524.985,1.863,8663.3998,0.0327,B-,4961.2946,2.3948,56.943612112,2.0,False,False,False,False,-52524.985,8663.3998,   9   33   24   57 Cr    x  -52524.985       1.863      8663.3998     0.0327  B-   4961.2946     2.3948   56 943612.112       2.000   ,493.81378859999995,0.0018639,0.15789473684210525,0,1
2020,32,25,57,Mn,,-57486.279,1.505,8736.7146,0.0264,B-,2695.7375,1.5219,56.938285944,1.615,False,False,False,False,-57486.279,8736.7146,   7   32   25   57 Mn       -57486.279       1.505      8736.7146     0.0264  B-   2695.7375     1.5219   56 938285.944       1.615   ,497.9927322,0.0015048,0.12280701754385964,1,0
2020,31,26,57,Fe,,-60182.017,0.268,8770.2829,0.0047,B-,-836.3589,0.4493,56.93539195,0.287,False,False,False,False,-60182.017,8770.2829,   5   31   26   57 Fe       -60182.017       0.268      8770.2829     0.0047  B-   -836.3589     0.4493   56 935391.950       0.287   ,499.90612530000004,0.0002679,0.08771929824561403,0,1
2020,30,27,57,Co,,-59345.658,0.516,8741.8845,0.009,B-,-3261.697,0.6417,56.936289819,0.553,False,False,False,False,-59345.658,8741.8845,   3   30   27   57 Co       -59345.658       0.516      8741.8845     0.0090  B-  -3261.6970     0.6417   56 936289.819       0.553   ,498.2874165,0.000513,0.05263157894736842,1,0
2020,29,28,57,Ni,,-56083.961,0.566,8670.9364,0.0099,B-,-8774.9466,0.4393,56.939791394,0.608,False,False,False,False,-56083.961,8670.9364,   1   29   28   57 Ni       -56083.961       0.566      8670.9364     0.0099  B-  -8774.9466     0.4393   56 939791.394       0.608   ,494.2433748,0.0005643,0.017543859649122806,0,1
2020,28,29,57,Cu,,-47309.014,0.501,8503.2646,0.0088,B-,-14759.0,200.0,56.949211686,0.537,False,False,True,False,-47309.014,8503.2646,  -1   28   29   57 Cu       -47309.014       0.501      8503.2646     0.0088  B- -14759#       200#       56 949211.686       0.537   ,484.6860822,0.0005016,-0.017543859649122806,1,0
2020,37,21,58,Sc,x,-15479.569,190.025,8054.9436,3.2763,B-,15438.0995,264.0509,57.983382,204.0,False,False,False,False,-15479.569,8054.9436,  16   37   21   58 Sc    x  -15479.569     190.025      8054.9436     3.2763  B-  15438.0995   264.0509   57 983382.000     204.000   ,467.18672879999997,0.19002539999999998,0.27586206896551724,0,0
2020,36,22,58,Ti,x,-30917.668,183.34,8307.629,3.161,B-,9512.9152,206.8675,57.966808519,196.823,False,False,False,False,-30917.668,8307.6290,  14   36   22   58 Ti    x  -30917.668     183.340      8307.6290     3.1610  B-   9512.9152   206.8675   57 966808.519     196.823   ,481.8424820000001,0.183338,0.2413793103448276,1,1
2020,35,23,58,V,x,-40430.584,95.816,8458.156,1.652,B-,11561.224,95.8625,57.956595985,102.862,False,False,False,False,-40430.584,8458.1560,  12   35   23   58 V     x  -40430.584      95.816      8458.1560     1.6520  B-  11561.2240    95.8625   57 956595.985     102.862   ,490.5730480000001,0.09581599999999998,0.20689655172413793,0,0
2020,34,24,58,Cr,x,-51991.808,2.981,8643.9987,0.0514,B-,3835.7607,4.0227,57.944184501,3.2,False,False,False,False,-51991.808,8643.9987,  10   34   24   58 Cr    x  -51991.808       2.981      8643.9987     0.0514  B-   3835.7607     4.0227   57 944184.501       3.200   ,501.3519246,0.0029812000000000003,0.1724137931034483,1,1
2020,33,25,58,Mn,x,-55827.568,2.701,8696.6438,0.0466,B-,6327.7027,2.7198,57.940066643,2.9,False,False,False,False,-55827.568,8696.6438,   8   33   25   58 Mn    x  -55827.568       2.701      8696.6438     0.0466  B-   6327.7027     2.7198   57 940066.643       2.900   ,504.4053404,0.0027028000000000004,0.13793103448275862,0,0
2020,32,26,58,Fe,,-62155.271,0.316,8792.2534,0.0055,B-,-2307.9785,1.1389,57.933273575,0.339,False,False,False,False,-62155.271,8792.2534,   6   32   26   58 Fe       -62155.271       0.316      8792.2534     0.0055  B-  -2307.9785     1.1389   57 933273.575       0.339   ,509.9506972,0.000319,0.10344827586206896,1,1
2020,31,27,58,Co,,-59847.292,1.153,8738.9719,0.0199,B-,381.5789,1.1071,57.935751292,1.237,False,False,False,False,-59847.292,8738.9719,   4   31   27   58 Co       -59847.292       1.153      8738.9719     0.0199  B-    381.5789     1.1071   57 935751.292       1.237   ,506.8603702,0.0011542000000000002,0.06896551724137931,0,0
2020,30,28,58,Ni,,-60228.871,0.349,8732.0621,0.006,B-,-8561.0204,0.4425,57.93534165,0.374,False,False,False,False,-60228.871,8732.0621,   2   30   28   58 Ni       -60228.871       0.349      8732.0621     0.0060  B-  -8561.0204     0.4425   57 935341.650       0.374   ,506.4596018,0.00034800000000000006,0.034482758620689655,1,1
2020,29,29,58,Cu,,-51667.851,0.564,8570.9696,0.0097,B-,-9368.9796,50.002,57.944532283,0.604,False,False,False,False,-51667.851,8570.9696,   0   29   29   58 Cu       -51667.851       0.564      8570.9696     0.0097  B-  -9368.9796    50.0020   57 944532.283       0.604   ,497.1162368,0.0005626,0.0,0,0
2020,28,30,58,Zn,--,-42298.871,50.001,8395.9467,0.8621,B-,-18759.0,304.0,57.954590296,53.678,False,False,True,False,-42298.871,8395.9467,  -2   28   30   58 Zn   --  -42298.871      50.001      8395.9467     0.8621  B- -18759#       304#       57 954590.296      53.678   ,486.9649086,0.0500018,-0.034482758620689655,1,1
2020,38,21,59,Sc,x,-10829.55,249.64,7976.4073,4.2312,B-,15050.0,390.0,58.988374,268.0,False,False,True,False,-10829.550,7976.4073,  17   38   21   59 Sc    x  -10829.550     249.640      7976.4073     4.2312  B-  15050#       390#       58 988374.000     268.000   ,470.60803070000003,0.24964080000000002,0.288135593220339,1,0
2020,36,23,59,V,x,-37610.617,137.4,8403.8034,2.3288,B-,10505.3137,137.4021,58.959623343,147.505,False,False,False,False,-37610.617,8403.8034,  13   36   23   59 V     x  -37610.617     137.400      8403.8034     2.3288  B-  10505.3137   137.4021   58 959623.343     147.505   ,495.82440060000005,0.1373992,0.22033898305084745,1,0
2020,35,24,59,Cr,x,-48115.931,0.671,8568.5995,0.0114,B-,7409.3977,2.4234,58.948345426,0.72,False,False,False,False,-48115.931,8568.5995,  11   35   24   59 Cr    x  -48115.931       0.671      8568.5995     0.0114  B-   7409.3977     2.4234   58 948345.426       0.720   ,505.5473705,0.0006726,0.1864406779661017,0,1
2020,34,25,59,Mn,x,-55525.328,2.329,8680.9224,0.0395,B-,5139.629,2.352,58.940391111,2.5,False,False,False,False,-55525.328,8680.9224,   9   34   25   59 Mn    x  -55525.328       2.329      8680.9224     0.0395  B-   5139.6290     2.3520   58 940391.111       2.500   ,512.1744216,0.0023305,0.15254237288135594,1,0
2020,33,26,59,Fe,,-60664.957,0.33,8754.7746,0.0056,B-,1564.8804,0.369,58.934873492,0.354,False,False,False,False,-60664.957,8754.7746,   7   33   26   59 Fe       -60664.957       0.330      8754.7746     0.0056  B-   1564.8804     0.3690   58 934873.492       0.354   ,516.5317014,0.00033039999999999995,0.11864406779661017,0,1
2020,32,27,59,Co,,-62229.838,0.397,8768.0379,0.0067,B-,-1073.005,0.1944,58.933193523999996,0.426,False,False,False,False,-62229.838,8768.0379,   5   32   27   59 Co       -62229.838       0.397      8768.0379     0.0067  B-  -1073.0050     0.1944   58 933193.524       0.426   ,517.3142361,0.0003953,0.0847457627118644,1,0
2020,31,28,59,Ni,,-61156.833,0.351,8736.5912,0.006,B-,-4798.3786,0.3973,58.934345442,0.376,False,False,False,False,-61156.833,8736.5912,   3   31   28   59 Ni       -61156.833       0.351      8736.5912     0.0060  B-  -4798.3786     0.3973   58 934345.442       0.376   ,515.4588808000001,0.000354,0.05084745762711865,0,1
2020,30,29,59,Cu,,-56358.454,0.528,8642.0027,0.009,B-,-9142.776,0.6018,58.939496713,0.566,False,False,False,False,-56358.454,8642.0027,   1   30   29   59 Cu       -56358.454       0.528      8642.0027     0.0090  B-  -9142.7760     0.6018   58 939496.713       0.566   ,509.87815929999994,0.0005309999999999999,0.01694915254237288,1,0
2020,29,30,59,Zn,,-47215.678,0.759,8473.7802,0.0129,B-,-13456.0,170.0,58.949311886,0.814,False,False,True,False,-47215.678,8473.7802,  -1   29   30   59 Zn       -47215.678       0.759      8473.7802     0.0129  B- -13456#       170#       58 949311.886       0.814   ,499.95303179999996,0.0007611,-0.01694915254237288,0,1
2020,38,22,60,Ti,x,-22099.698,240.325,8152.7858,4.0054,B-,10987.704,301.4311,59.976275,258.0,False,False,False,False,-22099.698,8152.7858,  16   38   22   60 Ti    x  -22099.698     240.325      8152.7858     4.0054  B-  10987.7040   301.4311   59 976275.000     258.000   ,489.167148,0.24032399999999998,0.26666666666666666,1,1
2020,37,23,60,V,x,-33087.402,181.946,8322.8751,3.0324,B-,13821.0986,181.9496,59.964479215,195.327,False,False,False,False,-33087.402,8322.8751,  14   37   23   60 V     x  -33087.402     181.946      8322.8751     3.0324  B-  13821.0986   181.9496   59 964479.215     195.327   ,499.37250599999993,0.181944,0.23333333333333334,0,0
2020,36,24,60,Cr,x,-46908.5,1.118,8540.1876,0.0186,B-,6059.4457,2.5831,59.949641656,1.2,False,False,False,False,-46908.500,8540.1876,  12   36   24   60 Cr    x  -46908.500       1.118      8540.1876     0.0186  B-   6059.4457     2.5831   59 949641.656       1.200   ,512.411256,0.0011159999999999998,0.2,1,1
2020,35,25,60,Mn,x,-52967.946,2.329,8628.1392,0.0388,B-,8445.2283,4.1261,59.943136574,2.5,False,False,False,False,-52967.946,8628.1392,  10   35   25   60 Mn    x  -52967.946       2.329      8628.1392     0.0388  B-   8445.2283     4.1261   59 943136.574       2.500   ,517.688352,0.002328,0.16666666666666666,0,0
2020,34,26,60,Fe,-nn,-61413.174,3.406,8755.8539,0.0568,B-,237.2633,3.4106,59.934070249,3.656,False,False,False,False,-61413.174,8755.8539,   8   34   26   60 Fe  -nn  -61413.174       3.406      8755.8539     0.0568  B-    237.2633     3.4106   59 934070.249       3.656   ,525.3512340000001,0.0034080000000000004,0.13333333333333333,1,1
2020,33,27,60,Co,-n,-61650.437,0.403,8746.7692,0.0067,B-,2822.8058,0.2124,59.933815536,0.433,False,False,False,False,-61650.437,8746.7692,   6   33   27   60 Co   -n  -61650.437       0.403      8746.7692     0.0067  B-   2822.8058     0.2124   59 933815.536       0.433   ,524.806152,0.000402,0.1,0,0
2020,32,28,60,Ni,,-64473.243,0.353,8780.7769,0.0059,B-,-6127.981,1.5735,59.930785129,0.378,False,False,False,False,-64473.243,8780.7769,   4   32   28   60 Ni       -64473.243       0.353      8780.7769     0.0059  B-  -6127.9810     1.5735   59 930785.129       0.378   ,526.846614,0.000354,0.06666666666666667,1,1
2020,31,29,60,Cu,-,-58345.262,1.613,8665.6047,0.0269,B-,-4170.7922,1.6286,59.937363787,1.731,False,False,False,False,-58345.262,8665.6047,   2   31   29   60 Cu    -  -58345.262       1.613      8665.6047     0.0269  B-  -4170.7922     1.6286   59 937363.787       1.731   ,519.936282,0.0016140000000000002,0.03333333333333333,0,0
2020,30,30,60,Zn,,-54174.47,0.548,8583.0524,0.0091,B-,-14584.0,200.0,59.941841317,0.588,False,False,True,False,-54174.470,8583.0524,   0   30   30   60 Zn       -54174.470       0.548      8583.0524     0.0091  B- -14584#       200#       59 941841.317       0.588   ,514.983144,0.000546,0.0,1,1
2020,38,23,61,V,x,-30177.121,234.92,8271.0417,3.8511,B-,12319.3807,234.9272,60.967603529,252.196,False,False,False,False,-30177.121,8271.0417,  15   38   23   61 V     x  -30177.121     234.920      8271.0417     3.8511  B-  12319.3807   234.9272   60 967603.529     252.196   ,504.5335437,0.23491710000000002,0.2459016393442623,1,0
2020,37,24,61,Cr,x,-42496.502,1.863,8460.1734,0.0305,B-,9245.6277,2.9822,60.95437813,2.0,False,False,False,False,-42496.502,8460.1734,  13   37   24   61 Cr    x  -42496.502       1.863      8460.1734     0.0305  B-   9245.6277     2.9822   60 954378.130       2.000   ,516.0705773999999,0.0018605,0.21311475409836064,0,1
2020,36,25,61,Mn,x,-51742.13,2.329,8598.9157,0.0382,B-,7178.373,3.4965,60.944452541,2.5,False,False,False,False,-51742.130,8598.9157,  11   36   25   61 Mn    x  -51742.130       2.329      8598.9157     0.0382  B-   7178.3730     3.4965   60 944452.541       2.500   ,524.5338576999999,0.0023302,0.18032786885245902,1,0
2020,35,26,61,Fe,x,-58920.503,2.608,8703.7686,0.0428,B-,3977.6759,2.7399,60.936746241,2.8,False,False,False,False,-58920.503,8703.7686,   9   35   26   61 Fe    x  -58920.503       2.608      8703.7686     0.0428  B-   3977.6759     2.7399   60 936746.241       2.800   ,530.9298846,0.0026108,0.14754098360655737,0,1
2020,34,27,61,Co,p2n,-62898.179,0.839,8756.151,0.0138,B-,1323.8504,0.7899,60.932476031,0.901,False,False,False,False,-62898.179,8756.1510,   7   34   27   61 Co  p2n  -62898.179       0.839      8756.1510     0.0138  B-   1323.8504     0.7899   60 932476.031       0.901   ,534.125211,0.0008418,0.11475409836065574,1,0
2020,33,28,61,Ni,,-64222.029,0.355,8765.0281,0.0058,B-,-2237.9663,0.9617,60.931054819,0.381,False,False,False,False,-64222.029,8765.0281,   5   33   28   61 Ni       -64222.029       0.355      8765.0281     0.0058  B-  -2237.9663     0.9617   60 931054.819       0.381   ,534.6667141,0.0003538,0.08196721311475409,0,1
2020,32,29,61,Cu,p2n,-61984.063,0.951,8715.5148,0.0156,B-,-5635.1565,15.9028,60.933457375,1.02,False,False,False,False,-61984.063,8715.5148,   3   32   29   61 Cu  p2n  -61984.063       0.951      8715.5148     0.0156  B-  -5635.1565    15.9028   60 933457.375       1.020   ,531.6464028,0.0009516,0.04918032786885246,1,0
2020,31,30,61,Zn,,-56348.906,15.899,8610.3098,0.2606,B-,-9214.2438,37.6786,60.939506964,17.068,False,False,False,False,-56348.906,8610.3098,   1   31   30   61 Zn       -56348.906      15.899      8610.3098     0.2606  B-  -9214.2438    37.6786   60 939506.964      17.068   ,525.2288978,0.0158966,0.01639344262295082,0,1
2020,30,31,61,Ga,,-47134.662,37.994,8446.4313,0.6228,B-,-13345.0,302.0,60.949398861,40.787,False,False,True,False,-47134.662,8446.4313,  -1   30   31   61 Ga       -47134.662      37.994      8446.4313     0.6228  B- -13345#       302#       60 949398.861      40.787   ,515.2323093,0.0379908,-0.01639344262295082,1,0
2020,39,23,62,V,x,-25213.164,264.287,8187.7565,4.2627,B-,15639.4478,264.3094,61.972932556,283.723,False,False,False,False,-25213.164,8187.7565,  16   39   23   62 V     x  -25213.164     264.287      8187.7565     4.2627  B-  15639.4478   264.3094   61 972932.556     283.723   ,507.64090300000004,0.2642874,0.25806451612903225,0,0
2020,38,24,62,Cr,x,-40852.611,3.447,8427.3871,0.0556,B-,7671.3532,7.3947,61.95614292,3.7,False,False,False,False,-40852.611,8427.3871,  14   38   24   62 Cr    x  -40852.611       3.447      8427.3871     0.0556  B-   7671.3532     7.3947   61 956142.920       3.700   ,522.4980002,0.0034471999999999997,0.22580645161290322,1,1
2020,37,25,62,Mn,IT,-48523.965,6.542,8538.5002,0.1055,B-,10354.092,7.1142,61.947907384,7.023,False,False,False,False,-48523.965,8538.5002,  12   37   25   62 Mn   IT  -48523.965       6.542      8538.5002     0.1055  B-  10354.0920     7.1142   61 947907.384       7.023   ,529.3870124,0.006540999999999999,0.1935483870967742,0,0
2020,36,26,62,Fe,x,-58878.057,2.794,8692.8831,0.0451,B-,2546.3427,18.7834,61.936791809,3.0,False,False,False,False,-58878.057,8692.8831,  10   36   26   62 Fe    x  -58878.057       2.794      8692.8831     0.0451  B-   2546.3427    18.7834   61 936791.809       3.000   ,538.9587521999999,0.0027962000000000004,0.16129032258064516,1,1
2020,35,27,62,Co,+,-61424.399,18.574,8721.3347,0.2996,B-,5322.0404,18.5695,61.934058198,19.94,False,False,False,False,-61424.399,8721.3347,   8   35   27   62 Co    +  -61424.399      18.574      8721.3347     0.2996  B-   5322.0404    18.5695   61 934058.198      19.940   ,540.7227514,0.0185752,0.12903225806451613,0,0
2020,34,28,62,Ni,,-66746.44,0.425,8794.5555,0.0069,B-,-3958.8965,0.4751,61.928344753,0.455,False,False,False,False,-66746.440,8794.5555,   6   34   28   62 Ni       -66746.440       0.425      8794.5555     0.0069  B-  -3958.8965     0.4751   61 928344.753       0.455   ,545.262441,0.0004278,0.0967741935483871,1,1
2020,33,29,62,Cu,-,-62787.543,0.637,8718.0839,0.0103,B-,-1619.4548,0.6507,61.932594803,0.683,False,False,False,False,-62787.543,8718.0839,   4   33   29   62 Cu    -  -62787.543       0.637      8718.0839     0.0103  B-  -1619.4548     0.6507   61 932594.803       0.683   ,540.5212018,0.0006386,0.06451612903225806,0,0
2020,32,30,62,Zn,,-61168.088,0.615,8679.3451,0.0099,B-,-9181.0666,0.3763,61.934333359,0.66,False,False,False,False,-61168.088,8679.3451,   2   32   30   62 Zn       -61168.088       0.615      8679.3451     0.0099  B-  -9181.0666     0.3763   61 934333.359       0.660   ,538.1193962000001,0.0006138000000000001,0.03225806451612903,1,1
2020,31,31,62,Ga,,-51987.022,0.637,8518.6449,0.0103,B-,-9847.0,140.0,61.944189639,0.684,False,False,True,False,-51987.022,8518.6449,   0   31   31   62 Ga       -51987.022       0.637      8518.6449     0.0103  B-  -9847#       140#       61 944189.639       0.684   ,528.1559838,0.0006386,0.0,0,0
2020,40,23,63,V,x,-21740.141,339.995,8130.7809,5.3968,B-,14438.1586,347.672,62.976661,365.0,False,False,False,False,-21740.141,8130.7809,  17   40   23   63 V     x  -21740.141     339.995      8130.7809     5.3968  B-  14438.1586   347.6720   62 976661.000     365.000   ,512.2391967,0.3399984,0.2698412698412698,1,0
2020,39,24,63,Cr,x,-36178.299,72.657,8347.5398,1.1533,B-,10708.7611,72.752,62.961161,78.0,False,False,False,False,-36178.299,8347.5398,  15   39   24   63 Cr    x  -36178.299      72.657      8347.5398     1.1533  B-  10708.7611    72.7520   62 961161.000      78.000   ,525.8950074,0.0726579,0.23809523809523808,0,1
2020,38,25,63,Mn,x,-46887.061,3.726,8505.102,0.0591,B-,8748.5685,5.6915,62.949664672,4.0,False,False,False,False,-46887.061,8505.1020,  13   38   25   63 Mn    x  -46887.061       3.726      8505.1020     0.0591  B-   8748.5685     5.6915   62 949664.672       4.000   ,535.8214260000001,0.0037233,0.20634920634920634,1,0
2020,37,26,63,Fe,,-55635.629,4.302,8631.5499,0.0683,B-,6215.9238,19.0668,62.940272698,4.618,False,False,False,False,-55635.629,8631.5499,  11   37   26   63 Fe       -55635.629       4.302      8631.5499     0.0683  B-   6215.9238    19.0668   62 940272.698       4.618   ,543.7876437,0.0043029,0.1746031746031746,0,1
2020,36,27,63,Co,,-61851.553,18.575,8717.7972,0.2948,B-,3661.3385,18.5704,62.93359963,19.941,False,False,False,False,-61851.553,8717.7972,   9   36   27   63 Co       -61851.553      18.575      8717.7972     0.2948  B-   3661.3385    18.5704   62 933599.630      19.941   ,549.2212236,0.018572400000000003,0.14285714285714285,1,0
2020,35,28,63,Ni,,-65512.891,0.426,8763.4955,0.0068,B-,66.9768,0.0149,62.929669021,0.457,False,False,False,False,-65512.891,8763.4955,   7   35   28   63 Ni       -65512.891       0.426      8763.4955     0.0068  B-     66.9768     0.0149   62 929669.021       0.457   ,552.1002165000001,0.0004284,0.1111111111111111,0,1
2020,34,29,63,Cu,,-65579.868,0.426,8752.1404,0.0068,B-,-3366.4392,1.545,62.929597119,0.457,False,False,False,False,-65579.868,8752.1404,   5   34   29   63 Cu       -65579.868       0.426      8752.1404     0.0068  B-  -3366.4392     1.5450   62 929597.119       0.457   ,551.3848452,0.0004284,0.07936507936507936,1,0
2020,33,30,63,Zn,,-62213.429,1.56,8686.2866,0.0248,B-,-5666.3294,2.033,62.93321114,1.674,False,False,False,False,-62213.429,8686.2866,   3   33   30   63 Zn       -62213.429       1.560      8686.2866     0.0248  B-  -5666.3294     2.0330   62 933211.140       1.674   ,547.2360557999999,0.0015624,0.047619047619047616,0,1
2020,32,31,63,Ga,x,-56547.1,1.304,8583.9267,0.0207,B-,-9625.8787,37.2826,62.939294194,1.4,False,False,False,False,-56547.100,8583.9267,   1   32   31   63 Ga    x  -56547.100       1.304      8583.9267     0.0207  B-  -9625.8787    37.2826   62 939294.194       1.400   ,540.7873821000001,0.0013041,0.015873015873015872,1,0
2020,31,32,63,Ge,x,-46921.221,37.26,8418.7167,0.5914,B-,-13421.0,204.0,62.949628,40.0,False,False,True,False,-46921.221,8418.7167,  -1   31   32   63 Ge    x  -46921.221      37.260      8418.7167     0.5914  B- -13421#       204#       62 949628.000      40.000   ,530.3791521,0.037258200000000005,-0.015873015873015872,0,1
2020,40,24,64,Cr,x,-33639.978,299.941,8303.5626,4.6866,B-,9349.0622,299.962,63.963886,322.0,False,False,False,False,-33639.978,8303.5626,  16   40   24   64 Cr    x  -33639.978     299.941      8303.5626     4.6866  B-   9349.0622   299.9620   63 963886.000     322.000   ,531.4280064,0.2999424,0.25,1,1
2020,39,25,64,Mn,x,-42989.04,3.54,8437.4175,0.0553,B-,11980.5117,6.1402,63.953849369,3.8,False,False,False,False,-42989.040,8437.4175,  14   39   25   64 Mn    x  -42989.040       3.540      8437.4175     0.0553  B-  11980.5117     6.1402   63 953849.369       3.800   ,539.9947199999999,0.0035392,0.21875,0,0
2020,38,26,64,Fe,x,-54969.552,5.017,8612.3888,0.0784,B-,4822.8898,20.6249,63.940987761,5.386,False,False,False,False,-54969.552,8612.3888,  12   38   26   64 Fe    x  -54969.552       5.017      8612.3888     0.0784  B-   4822.8898    20.6249   63 940987.761       5.386   ,551.1928832000001,0.0050176,0.1875,1,1
2020,37,27,64,Co,+,-59792.442,20.005,8675.5223,0.3126,B-,7306.5921,20.0,63.935810176,21.476,False,False,False,False,-59792.442,8675.5223,  10   37   27   64 Co    +  -59792.442      20.005      8675.5223     0.3126  B-   7306.5921    20.0000   63 935810.176      21.476   ,555.2334272,0.0200064,0.15625,0,0
2020,36,28,64,Ni,,-67099.034,0.463,8777.4637,0.0072,B-,-1674.6156,0.2055,63.927966228,0.497,False,False,False,False,-67099.034,8777.4637,   8   36   28   64 Ni       -67099.034       0.463      8777.4637     0.0072  B-  -1674.6156     0.2055   63 927966.228       0.497   ,561.7576768,0.0004608,0.125,1,1
2020,35,29,64,Cu,,-65424.418,0.427,8739.0736,0.0067,B-,579.5996,0.6447,63.929764001,0.458,False,False,False,False,-65424.418,8739.0736,   6   35   29   64 Cu       -65424.418       0.427      8739.0736     0.0067  B-    579.5996     0.6447   63 929764.001       0.458   ,559.3007104,0.0004288,0.09375,0,0
2020,34,30,64,Zn,,-66004.018,0.644,8735.9057,0.0101,B-,-7171.1912,1.4825,63.929141776,0.69,False,False,False,False,-66004.018,8735.9057,   4   34   30   64 Zn       -66004.018       0.644      8735.9057     0.0101  B-  -7171.1912     1.4825   63 929141.776       0.690   ,559.0979648,0.0006464,0.0625,1,1
2020,33,31,64,Ga,,-58832.827,1.429,8611.6317,0.0223,B-,-4517.3237,3.9905,63.936840366,1.533,False,False,False,False,-58832.827,8611.6317,   2   33   31   64 Ga       -58832.827       1.429      8611.6317     0.0223  B-  -4517.3237     3.9905   63 936840.366       1.533   ,551.1444288,0.0014272,0.03125,0,0
2020,32,32,64,Ge,x,-54315.503,3.726,8528.8243,0.0582,B-,-14783.0,203.0,63.941689912,4.0,False,False,True,False,-54315.503,8528.8243,   0   32   32   64 Ge    x  -54315.503       3.726      8528.8243     0.0582  B- -14783#       203#       63 941689.912       4.000   ,545.8447552,0.0037248,0.0,1,1
2020,40,25,65,Mn,x,-40967.344,3.726,8400.6822,0.0573,B-,10250.5576,6.3257,64.956019749,4.0,False,False,False,False,-40967.344,8400.6822,  15   40   25   65 Mn    x  -40967.344       3.726      8400.6822     0.0573  B-  10250.5576     6.3257   64 956019.749       4.000   ,546.044343,0.0037245,0.23076923076923078,1,0
2020,39,26,65,Fe,x,-51217.902,5.112,8546.347,0.0786,B-,7967.3036,5.5198,64.945015323,5.487,False,False,False,False,-51217.902,8546.3470,  13   39   26   65 Fe    x  -51217.902       5.112      8546.3470     0.0786  B-   7967.3036     5.5198   64 945015.323       5.487   ,555.5125549999999,0.005109,0.2,0,1
2020,38,27,65,Co,x,-59185.205,2.083,8656.8848,0.032,B-,5940.5911,2.1379,64.936462071,2.235,False,False,False,False,-59185.205,8656.8848,  11   38   27   65 Co    x  -59185.205       2.083      8656.8848     0.0320  B-   5940.5911     2.1379   64 936462.071       2.235   ,562.697512,0.0020800000000000003,0.16923076923076924,1,0
2020,37,28,65,Ni,-n,-65125.796,0.483,8736.2424,0.0074,B-,2137.8808,0.6997,64.930084585,0.518,False,False,False,False,-65125.796,8736.2424,   9   37   28   65 Ni   -n  -65125.796       0.483      8736.2424     0.0074  B-   2137.8808     0.6997   64 930084.585       0.518   ,567.8557559999999,0.00048100000000000004,0.13846153846153847,0,1
2020,36,29,65,Cu,,-67263.677,0.643,8757.0967,0.0099,B-,-1351.6527,0.3557,64.927789476,0.69,False,False,False,False,-67263.677,8757.0967,   7   36   29   65 Cu       -67263.677       0.643      8757.0967     0.0099  B-  -1351.6527     0.3557   64 927789.476       0.690   ,569.2112855,0.0006435000000000001,0.1076923076923077,1,0
2020,35,30,65,Zn,,-65912.024,0.646,8724.266,0.0099,B-,-3254.538,0.6305,64.929240534,0.693,False,False,False,False,-65912.024,8724.2660,   5   35   30   65 Zn       -65912.024       0.646      8724.2660     0.0099  B-  -3254.5380     0.6305   64 929240.534       0.693   ,567.07729,0.0006435000000000001,0.07692307692307693,0,1
2020,34,31,65,Ga,,-62657.486,0.791,8662.1601,0.0122,B-,-6179.2631,2.3046,64.932734424,0.849,False,False,False,False,-62657.486,8662.1601,   3   34   31   65 Ga       -62657.486       0.791      8662.1601     0.0122  B-  -6179.2631     2.3046   64 932734.424       0.849   ,563.0404064999999,0.0007930000000000001,0.046153846153846156,1,0
2020,33,32,65,Ge,,-56478.223,2.165,8555.0584,0.0333,B-,-9541.167,84.7936,64.939368136,2.323,False,False,False,False,-56478.223,8555.0584,   1   33   32   65 Ge       -56478.223       2.165      8555.0584     0.0333  B-  -9541.1670    84.7936   64 939368.136       2.323   ,556.078796,0.0021645,0.015384615384615385,0,1
2020,32,33,65,As,x,-46937.056,84.766,8396.2351,1.3041,B-,-13917.0,312.0,64.949611,91.0,False,False,True,False,-46937.056,8396.2351,  -1   32   33   65 As    x  -46937.056      84.766      8396.2351     1.3041  B- -13917#       312#       64 949611.000      91.000   ,545.7552815,0.08476650000000001,-0.015384615384615385,1,0
2020,41,25,66,Mn,x,-36750.392,11.178,8331.7986,0.1694,B-,13317.4543,11.9056,65.960546833,12.0,False,False,False,False,-36750.392,8331.7986,  16   41   25   66 Mn    x  -36750.392      11.178      8331.7986     0.1694  B-  13317.4543    11.9056   65 960546.833      12.000   ,549.8987076,0.011180399999999998,0.24242424242424243,0,0
2020,40,26,66,Fe,x,-50067.847,4.099,8521.7245,0.0621,B-,6340.6944,14.5611,65.946249958,4.4,False,False,False,False,-50067.847,8521.7245,  14   40   26   66 Fe    x  -50067.847       4.099      8521.7245     0.0621  B-   6340.6944    14.5611   65 946249.958       4.400   ,562.4338170000001,0.0040986,0.21212121212121213,1,1
2020,39,27,66,Co,x,-56408.541,13.972,8605.9419,0.2117,B-,9597.7522,14.0421,65.939442943,15.0,False,False,False,False,-56408.541,8605.9419,  12   39   27   66 Co    x  -56408.541      13.972      8605.9419     0.2117  B-   9597.7522    14.0421   65 939442.943      15.000   ,567.9921654,0.0139722,0.18181818181818182,0,0
2020,38,28,66,Ni,x,-66006.293,1.397,8739.5086,0.0212,B-,251.9958,1.5405,65.929139333,1.5,False,False,False,False,-66006.293,8739.5086,  10   38   28   66 Ni    x  -66006.293       1.397      8739.5086     0.0212  B-    251.9958     1.5405   65 929139.333       1.500   ,576.8075676,0.0013992,0.15151515151515152,1,1
2020,37,29,66,Cu,,-66258.289,0.649,8731.473,0.0098,B-,2640.9396,0.9255,65.928868804,0.696,False,False,False,False,-66258.289,8731.4730,   8   37   29   66 Cu       -66258.289       0.649      8731.4730     0.0098  B-   2640.9396     0.9255   65 928868.804       0.696   ,576.277218,0.0006467999999999999,0.12121212121212122,0,0
2020,36,30,66,Zn,,-68899.229,0.744,8759.6335,0.0113,B-,-5175.5,0.8,65.926033639,0.798,False,False,False,False,-68899.229,8759.6335,   6   36   30   66 Zn       -68899.229       0.744      8759.6335     0.0113  B-  -5175.5000     0.8000   65 926033.639       0.798   ,578.135811,0.0007457999999999999,0.09090909090909091,1,1
2020,35,31,66,Ga,-,-63723.729,1.092,8669.3631,0.0166,B-,-2116.6879,2.6376,65.931589766,1.172,False,False,False,False,-63723.729,8669.3631,   4   35   31   66 Ga    -  -63723.729       1.092      8669.3631     0.0166  B-  -2116.6879     2.6376   65 931589.766       1.172   ,572.1779646000001,0.0010956,0.06060606060606061,0,0
2020,34,32,66,Ge,x,-61607.041,2.401,8625.4383,0.0364,B-,-9581.957,6.1685,65.933862124,2.577,False,False,False,False,-61607.041,8625.4383,   2   34   32   66 Ge    x  -61607.041       2.401      8625.4383     0.0364  B-  -9581.9570     6.1685   65 933862.124       2.577   ,569.2789277999999,0.0024024000000000003,0.030303030303030304,1,1
2020,33,33,66,As,x,-52025.084,5.682,8468.4034,0.0861,B-,-10365.0,200.0,65.944148778,6.1,False,False,True,False,-52025.084,8468.4034,   0   33   33   66 As    x  -52025.084       5.682      8468.4034     0.0861  B- -10365#       200#       65 944148.778       6.100   ,558.9146244,0.0056825999999999995,0.0,0,0
2020,41,26,67,Fe,x,-45708.416,3.819,8449.9359,0.057,B-,9613.3678,7.49,66.95093,4.1,False,False,False,False,-45708.416,8449.9359,  15   41   26   67 Fe    x  -45708.416       3.819      8449.9359     0.0570  B-   9613.3678     7.4900   66 950930.000       4.100   ,566.1457053,0.003819,0.22388059701492538,0,1
2020,40,27,67,Co,x,-55321.783,6.443,8581.7422,0.0962,B-,8420.9047,7.0607,66.940609625,6.917,False,False,False,False,-55321.783,8581.7422,  13   40   27   67 Co    x  -55321.783       6.443      8581.7422     0.0962  B-   8420.9047     7.0607   66 940609.625       6.917   ,574.9767274000001,0.0064454,0.19402985074626866,1,0
2020,39,28,67,Ni,x,-63742.688,2.888,8695.7505,0.0431,B-,3576.8654,3.0223,66.931569413,3.1,False,False,False,False,-63742.688,8695.7505,  11   39   28   67 Ni    x  -63742.688       2.888      8695.7505     0.0431  B-   3576.8654     3.0223   66 931569.413       3.100   ,582.6152835,0.0028877,0.16417910447761194,0,1
2020,38,29,67,Cu,,-67319.553,0.892,8737.4597,0.0133,B-,560.8226,0.8296,66.92772949,0.957,False,False,False,False,-67319.553,8737.4597,   9   38   29   67 Cu       -67319.553       0.892      8737.4597     0.0133  B-    560.8226     0.8296   66 927729.490       0.957   ,585.4097998999999,0.0008911,0.13432835820895522,1,0
2020,37,30,67,Zn,,-67880.376,0.755,8734.1534,0.0113,B-,-1001.2201,1.1196,66.927127422,0.81,False,False,False,False,-67880.376,8734.1534,   7   37   30   67 Zn       -67880.376       0.755      8734.1534     0.0113  B-  -1001.2201     1.1196   66 927127.422       0.810   ,585.1882777999999,0.0007571,0.1044776119402985,0,1
2020,36,31,67,Ga,,-66879.156,1.176,8707.533,0.0176,B-,-4205.438,4.4066,66.928202276,1.262,False,False,False,False,-66879.156,8707.5330,   5   36   31   67 Ga       -66879.156       1.176      8707.5330     0.0176  B-  -4205.4380     4.4066   66 928202.276       1.262   ,583.404711,0.0011792,0.07462686567164178,1,0
2020,35,32,67,Ge,,-62673.718,4.319,8633.0884,0.0645,B-,-6086.4858,4.3418,66.932716999,4.636,False,False,False,False,-62673.718,8633.0884,   3   35   32   67 Ge       -62673.718       4.319      8633.0884     0.0645  B-  -6086.4858     4.3418   66 932716.999       4.636   ,578.4169228000001,0.004321500000000001,0.04477611940298507,0,1
2020,34,33,67,As,,-56587.232,0.443,8530.5685,0.0066,B-,-10006.9381,67.069,66.93925111,0.475,False,False,False,False,-56587.232,8530.5685,   1   34   33   67 As       -56587.232       0.443      8530.5685     0.0066  B- -10006.9381    67.0690   66 939251.110       0.475   ,571.5480895,0.00044219999999999996,0.014925373134328358,1,0
2020,33,34,67,Se,x,-46580.294,67.068,8369.5344,1.001,B-,-14051.0,307.0,66.949994,72.0,False,False,True,False,-46580.294,8369.5344,  -1   33   34   67 Se    x  -46580.294      67.068      8369.5344     1.0010  B- -14051#       307#       66 949994.000      72.000   ,560.7588048,0.06706699999999999,-0.014925373134328358,0,1
2020,41,27,68,Co,,-51642.591,3.859,8520.1301,0.0567,B-,11821.2318,4.876,67.944559401,4.142,False,False,False,False,-51642.591,8520.1301,  14   41   27   68 Co       -51642.591       3.859      8520.1301     0.0567  B-  11821.2318     4.8760   67 944559.401       4.142   ,579.3688468,0.0038556,0.20588235294117646,0,0
2020,40,28,68,Ni,x,-63463.822,2.981,8682.4667,0.0438,B-,2103.2205,3.3753,67.931868787,3.2,False,False,False,False,-63463.822,8682.4667,  12   40   28   68 Ni    x  -63463.822       2.981      8682.4667     0.0438  B-   2103.2205     3.3753   67 931868.787       3.200   ,590.4077356,0.0029783999999999995,0.17647058823529413,1,1
2020,39,29,68,Cu,x,-65567.043,1.584,8701.8913,0.0233,B-,4440.1115,1.7645,67.929610887,1.7,False,False,False,False,-65567.043,8701.8913,  10   39   29   68 Cu    x  -65567.043       1.584      8701.8913     0.0233  B-   4440.1115     1.7645   67 929610.887       1.700   ,591.7286083999999,0.0015844000000000001,0.14705882352941177,0,0
2020,38,30,68,Zn,,-70007.154,0.778,8755.682,0.0115,B-,-2921.1,1.2,67.924844232,0.835,False,False,False,False,-70007.154,8755.6820,   8   38   30   68 Zn       -70007.154       0.778      8755.6820     0.0115  B-  -2921.1000     1.2000   67 924844.232       0.835   ,595.386376,0.000782,0.11764705882352941,1,1
2020,37,31,68,Ga,-,-67086.054,1.43,8701.2195,0.021,B-,-107.2555,2.3594,67.927980161,1.535,False,False,False,False,-67086.054,8701.2195,   6   37   31   68 Ga    -  -67086.054       1.430      8701.2195     0.0210  B-   -107.2555     2.3594   67 927980.161       1.535   ,591.682926,0.0014280000000000002,0.08823529411764706,0,0
2020,36,32,68,Ge,x,-66978.799,1.876,8688.1371,0.0276,B-,-8084.2715,2.632,67.928095305,2.014,False,False,False,False,-66978.799,8688.1371,   4   36   32   68 Ge    x  -66978.799       1.876      8688.1371     0.0276  B-  -8084.2715     2.6320   67 928095.305       2.014   ,590.7933227999999,0.0018768,0.058823529411764705,1,1
2020,35,33,68,As,,-58894.527,1.846,8557.7457,0.0271,B-,-4705.0786,1.9112,67.936774127,1.981,False,False,False,False,-58894.527,8557.7457,   2   35   33   68 As       -58894.527       1.846      8557.7457     0.0271  B-  -4705.0786     1.9112   67 936774.127       1.981   ,581.9267076,0.0018428,0.029411764705882353,0,0
2020,34,34,68,Se,x,-54189.449,0.496,8477.0482,0.0073,B-,-15398.0,259.0,67.941825236,0.532,False,False,True,False,-54189.449,8477.0482,   0   34   34   68 Se    x  -54189.449       0.496      8477.0482     0.0073  B- -15398#       259#       67 941825.236       0.532   ,576.4392776,0.0004964,0.0,1,1
2020,42,27,69,Co,x,-50385.447,85.697,8495.4062,1.242,B-,9593.2084,85.7784,68.945909,92.0,False,False,False,False,-50385.447,8495.4062,  15   42   27   69 Co    x  -50385.447      85.697      8495.4062     1.2420  B-   9593.2084    85.7784   68 945909.000      92.000   ,586.1830277999999,0.085698,0.21739130434782608,1,0
2020,41,28,69,Ni,x,-59978.656,3.726,8623.0998,0.054,B-,5757.565,3.9793,68.935610267,4.0,False,False,False,False,-59978.656,8623.0998,  13   41   28   69 Ni    x  -59978.656       3.726      8623.0998     0.0540  B-   5757.5650     3.9793   68 935610.267       4.000   ,594.9938861999999,0.003726,0.18840579710144928,0,1
2020,40,29,69,Cu,x,-65736.221,1.397,8695.2044,0.0203,B-,2681.6854,1.6075,68.929429267,1.5,False,False,False,False,-65736.221,8695.2044,  11   40   29   69 Cu    x  -65736.221       1.397      8695.2044     0.0203  B-   2681.6854     1.6075   68 929429.267       1.500   ,599.9691036,0.0014006999999999997,0.15942028985507245,1,0
2020,39,30,69,Zn,-n,-68417.906,0.795,8722.7311,0.0115,B-,909.9134,1.4234,68.92655036,0.853,False,False,False,False,-68417.906,8722.7311,   9   39   30   69 Zn   -n  -68417.906       0.795      8722.7311     0.0115  B-    909.9134     1.4234   68 926550.360       0.853   ,601.8684459000001,0.0007934999999999999,0.13043478260869565,0,1
2020,38,31,69,Ga,,-69327.82,1.197,8724.5798,0.0174,B-,-2227.1455,0.55,68.925573528,1.285,False,False,False,False,-69327.820,8724.5798,   7   38   31   69 Ga       -69327.820       1.197      8724.5798     0.0174  B-  -2227.1455     0.5500   68 925573.528       1.285   ,601.9960061999999,0.0012005999999999998,0.10144927536231885,1,0
2020,37,32,69,Ge,,-67100.674,1.318,8680.964,0.0191,B-,-3988.4927,31.9822,68.927964467,1.414,False,False,False,False,-67100.674,8680.9640,   5   37   32   69 Ge       -67100.674       1.318      8680.9640     0.0191  B-  -3988.4927    31.9822   68 927964.467       1.414   ,598.9865159999999,0.0013178999999999999,0.07246376811594203,0,1
2020,36,33,69,As,,-63112.181,31.999,8611.8214,0.4638,B-,-6677.4672,32.0215,68.932246289,34.352,False,False,False,False,-63112.181,8611.8214,   3   36   33   69 As       -63112.181      31.999      8611.8214     0.4638  B-  -6677.4672    32.0215   68 932246.289      34.352   ,594.2156766,0.0320022,0.043478260869565216,1,0
2020,35,34,69,Se,,-56434.714,1.49,8503.7082,0.0216,B-,-10175.2364,42.0293,68.939414845,1.599,False,False,False,False,-56434.714,8503.7082,   1   35   34   69 Se       -56434.714       1.490      8503.7082     0.0216  B- -10175.2364    42.0293   68 939414.845       1.599   ,586.7558657999999,0.0014904000000000002,0.014492753623188406,0,1
2020,34,35,69,Br,-p,-46259.478,42.003,8344.9026,0.6087,B-,-14119.0,303.0,68.95033841,45.091,False,False,True,False,-46259.478,8344.9026,  -1   34   35   69 Br   -p  -46259.478      42.003      8344.9026     0.6087  B- -14119#       303#       68 950338.410      45.091   ,575.7982794,0.042000300000000004,-0.014492753623188406,1,0
2020,43,27,70,Co,x,-46524.963,10.992,8434.198,0.157,B-,12688.9049,11.1987,69.9500534,11.8,False,False,False,False,-46524.963,8434.1980,  16   43   27   70 Co    x  -46524.963      10.992      8434.1980     0.1570  B-  12688.9049    11.1987   69 950053.400      11.800   ,590.39386,0.01099,0.22857142857142856,0,0
2020,42,28,70,Ni,x,-59213.868,2.144,8604.2917,0.0306,B-,3762.5123,2.4011,69.9364313,2.301,False,False,False,False,-59213.868,8604.2917,  14   42   28   70 Ni    x  -59213.868       2.144      8604.2917     0.0306  B-   3762.5123     2.4011   69 936431.300       2.301   ,602.300419,0.002142,0.2,1,1
2020,41,29,70,Cu,x,-62976.381,1.082,8646.8655,0.0155,B-,6588.3675,2.2018,69.932392078,1.161,False,False,False,False,-62976.381,8646.8655,  12   41   29   70 Cu    x  -62976.381       1.082      8646.8655     0.0155  B-   6588.3675     2.2018   69 932392.078       1.161   ,605.280585,0.001085,0.17142857142857143,0,0
2020,40,30,70,Zn,,-69564.748,1.918,8729.8086,0.0274,B-,-654.5979,1.5737,69.925319175,2.058,False,False,False,False,-69564.748,8729.8086,  10   40   30   70 Zn       -69564.748       1.918      8729.8086     0.0274  B-   -654.5979     1.5737   69 925319.175       2.058   ,611.0866020000001,0.0019180000000000002,0.14285714285714285,1,1
2020,39,31,70,Ga,,-68910.15,1.201,8709.2808,0.0172,B-,1651.8861,1.452,69.926021914,1.289,False,False,False,False,-68910.150,8709.2808,   8   39   31   70 Ga       -68910.150       1.201      8709.2808     0.0172  B-   1651.8861     1.4520   69 926021.914       1.289   ,609.649656,0.001204,0.11428571428571428,0,0
2020,38,32,70,Ge,,-70562.036,0.82,8721.7028,0.0117,B-,-6228.063,1.62,69.924248542,0.88,False,False,False,False,-70562.036,8721.7028,   6   38   32   70 Ge       -70562.036       0.820      8721.7028     0.0117  B-  -6228.0630     1.6200   69 924248.542       0.880   ,610.519196,0.0008190000000000001,0.08571428571428572,1,1
2020,37,33,70,As,x,-64333.973,1.397,8621.5541,0.02,B-,-2404.0737,2.1118,69.930934642,1.5,False,False,False,False,-64333.973,8621.5541,   4   37   33   70 As    x  -64333.973       1.397      8621.5541     0.0200  B-  -2404.0737     2.1118   69 930934.642       1.500   ,603.508787,0.0014000000000000002,0.05714285714285714,0,0
2020,36,34,70,Se,x,-61929.9,1.584,8576.0338,0.0226,B-,-10504.2727,14.9878,69.933515521,1.7,False,False,False,False,-61929.900,8576.0338,   2   36   34   70 Se    x  -61929.900       1.584      8576.0338     0.0226  B- -10504.2727    14.9878   69 933515.521       1.700   ,600.3223659999999,0.0015819999999999999,0.02857142857142857,1,1
2020,35,35,70,Br,x,-51425.627,14.904,8414.7964,0.2129,B-,-10325.0,201.0,69.944792321,16.0,False,False,True,False,-51425.627,8414.7964,   0   35   35   70 Br    x  -51425.627      14.904      8414.7964     0.2129  B- -10325#       201#       69 944792.321      16.000   ,589.0357479999999,0.014903000000000001,0.0,0,0
2020,44,27,71,Co,x,-44369.93,465.03,8398.7344,6.5497,B-,11036.3053,465.0353,70.952366923,499.23,False,False,False,False,-44369.930,8398.7344,  17   44   27   71 Co    x  -44369.930     465.030      8398.7344     6.5497  B-  11036.3053   465.0353   70 952366.923     499.230   ,596.3101424,0.46502869999999996,0.23943661971830985,1,0
2020,43,28,71,Ni,x,-55406.236,2.237,8543.1564,0.0315,B-,7304.8989,2.6879,70.940518962,2.401,False,False,False,False,-55406.236,8543.1564,  15   43   28   71 Ni    x  -55406.236       2.237      8543.1564     0.0315  B-   7304.8989     2.6879   70 940518.962       2.401   ,606.5641043999999,0.0022364999999999998,0.2112676056338028,0,1
2020,42,29,71,Cu,x,-62711.134,1.49,8635.0233,0.021,B-,4617.6517,3.0437,70.932676831,1.6,False,False,False,False,-62711.134,8635.0233,  13   42   29   71 Cu    x  -62711.134       1.490      8635.0233     0.0210  B-   4617.6517     3.0437   70 932676.831       1.600   ,613.0866543000001,0.0014910000000000001,0.18309859154929578,1,0
2020,41,30,71,Zn,,-67328.786,2.654,8689.0417,0.0374,B-,2810.3405,2.7748,70.927719578,2.849,False,False,False,False,-67328.786,8689.0417,  11   41   30   71 Zn       -67328.786       2.654      8689.0417     0.0374  B-   2810.3405     2.7748   70 927719.578       2.849   ,616.9219606999999,0.0026554,0.15492957746478872,0,1
2020,40,31,71,Ga,,-70139.127,0.811,8717.605,0.0114,B-,-232.4698,0.0934,70.924702554,0.87,False,False,False,False,-70139.127,8717.6050,   9   40   31   71 Ga       -70139.127       0.811      8717.6050     0.0114  B-   -232.4698     0.0934   70 924702.554       0.870   ,618.9499549999999,0.0008094,0.1267605633802817,1,0
2020,39,32,71,Ge,,-69906.657,0.815,8703.3118,0.0115,B-,-2013.4,4.0825,70.92495212,0.874,False,False,False,False,-69906.657,8703.3118,   7   39   32   71 Ge       -69906.657       0.815      8703.3118     0.0115  B-  -2013.4000     4.0825   70 924952.120       0.874   ,617.9351377999999,0.0008165,0.09859154929577464,0,1
2020,38,33,71,As,-,-67893.257,4.163,8663.935,0.0586,B-,-4746.742,5.014,70.927113594,4.469,False,False,False,False,-67893.257,8663.9350,   5   38   33   71 As    -  -67893.257       4.163      8663.9350     0.0586  B-  -4746.7420     5.0140   70 927113.594       4.469   ,615.1393850000001,0.0041605999999999995,0.07042253521126761,1,0
2020,37,34,71,Se,x,-63146.515,2.794,8586.0606,0.0394,B-,-6644.0883,6.082,70.932209431,3.0,False,False,False,False,-63146.515,8586.0606,   3   37   34   71 Se    x  -63146.515       2.794      8586.0606     0.0394  B-  -6644.0883     6.0820   70 932209.431       3.000   ,609.6103026000001,0.0027974,0.04225352112676056,0,1
2020,36,35,71,Br,,-56502.426,5.402,8481.4629,0.0761,B-,-10175.2155,128.8452,70.939342153,5.799,False,False,False,False,-56502.426,8481.4629,   1   36   35   71 Br       -56502.426       5.402      8481.4629     0.0761  B- -10175.2155   128.8452   70 939342.153       5.799   ,602.1838659,0.0054031,0.014084507042253521,1,0
2020,35,36,71,Kr,,-46327.211,128.769,8327.131,1.8136,B-,-14037.0,420.0,70.950265695,138.238,False,False,True,False,-46327.211,8327.1310,  -1   35   36   71 Kr       -46327.211     128.769      8327.1310     1.8136  B- -14037#       420#       70 950265.695     138.238   ,591.2263009999999,0.1287656,-0.014084507042253521,0,1
2020,44,28,72,Ni,x,-54226.068,2.237,8520.2118,0.0311,B-,5556.9381,2.6374,71.941785924,2.401,False,False,False,False,-54226.068,8520.2118,  16   44   28   72 Ni    x  -54226.068       2.237      8520.2118     0.0311  B-   5556.9381     2.6374   71 941785.924       2.401   ,613.4552496,0.0022392,0.2222222222222222,1,1
2020,43,29,72,Cu,x,-59783.006,1.397,8586.5256,0.0194,B-,8362.4883,2.5578,71.935820306,1.5,False,False,False,False,-59783.006,8586.5256,  14   43   29   72 Cu    x  -59783.006       1.397      8586.5256     0.0194  B-   8362.4883     2.5578   71 935820.306       1.500   ,618.2298432,0.0013968000000000001,0.19444444444444445,0,0
2020,42,30,72,Zn,x,-68145.495,2.142,8691.8053,0.0298,B-,442.7892,2.2934,71.926842806,2.3,False,False,False,False,-68145.495,8691.8053,  12   42   30   72 Zn    x  -68145.495       2.142      8691.8053     0.0298  B-    442.7892     2.2934   71 926842.806       2.300   ,625.8099816,0.0021456,0.16666666666666666,1,1
2020,41,31,72,Ga,,-68588.284,0.818,8687.0893,0.0114,B-,3997.6263,0.8217,71.926367452,0.878,False,False,False,False,-68588.284,8687.0893,  10   41   31   72 Ga       -68588.284       0.818      8687.0893     0.0114  B-   3997.6263     0.8217   71 926367.452       0.878   ,625.4704295999999,0.0008208,0.1388888888888889,0,0
2020,40,32,72,Ge,,-72585.91,0.076,8731.7459,0.0011,B-,-4356.1019,4.0825,71.922075824,0.081,False,False,False,False,-72585.910,8731.7459,   8   40   32   72 Ge       -72585.910       0.076      8731.7459     0.0011  B-  -4356.1019     4.0825   71 922075.824       0.081   ,628.6857047999999,7.92e-05,0.1111111111111111,1,1
2020,39,33,72,As,-,-68229.808,4.083,8660.3786,0.0567,B-,-361.6194,4.5276,71.926752291,4.383,False,False,False,False,-68229.808,8660.3786,   6   39   33   72 As    -  -68229.808       4.083      8660.3786     0.0567  B-   -361.6194     4.5276   71 926752.291       4.383   ,623.5472592,0.0040824,0.08333333333333333,0,0
2020,38,34,72,Se,x,-67868.189,1.956,8644.4902,0.0272,B-,-8806.4384,2.2083,71.927140506,2.1,False,False,False,False,-67868.189,8644.4902,   4   38   34   72 Se    x  -67868.189       1.956      8644.4902     0.0272  B-  -8806.4384     2.2083   71 927140.506       2.100   ,622.4032944,0.0019584,0.05555555555555555,1,1
2020,37,35,72,Br,x,-59061.75,1.025,8511.3126,0.0142,B-,-5121.1683,8.0761,71.936594606,1.1,False,False,False,False,-59061.750,8511.3126,   2   37   35   72 Br    x  -59061.750       1.025      8511.3126     0.0142  B-  -5121.1683     8.0761   71 936594.606       1.100   ,612.8145072,0.0010224,0.027777777777777776,0,0
2020,36,36,72,Kr,x,-53940.582,8.011,8429.3193,0.1113,B-,-15611.0,500.0,71.942092406,8.6,False,False,True,False,-53940.582,8429.3193,   0   36   36   72 Kr    x  -53940.582       8.011      8429.3193     0.1113  B- -15611#       500#       71 942092.406       8.600   ,606.9109896,0.008013600000000001,0.0,1,1
2020,45,28,73,Ni,x,-50108.159,2.423,8457.6529,0.0332,B-,8879.2856,3.1038,72.946206681,2.601,False,False,False,False,-50108.159,8457.6529,  17   45   28   73 Ni    x  -50108.159       2.423      8457.6529     0.0332  B-   8879.2856     3.1038   72 946206.681       2.601   ,617.4086616999999,0.0024236,0.2328767123287671,0,1
2020,44,29,73,Cu,,-58987.445,1.942,8568.5699,0.0266,B-,6605.9659,2.691,72.936674376,2.084,False,False,False,False,-58987.445,8568.5699,  15   44   29   73 Cu       -58987.445       1.942      8568.5699     0.0266  B-   6605.9659     2.6910   72 936674.376       2.084   ,625.5056027,0.0019418,0.2054794520547945,1,0
2020,43,30,73,Zn,x,-65593.411,1.863,8648.3455,0.0255,B-,4105.9329,2.5064,72.92958258,2.0,False,False,False,False,-65593.411,8648.3455,  13   43   30   73 Zn    x  -65593.411       1.863      8648.3455     0.0255  B-   4105.9329     2.5064   72 929582.580       2.000   ,631.3292215,0.0018614999999999999,0.1780821917808219,0,1
2020,42,31,73,Ga,x,-69699.343,1.677,8693.874,0.023,B-,1598.1889,1.6777,72.92517468,1.8,False,False,False,False,-69699.343,8693.8740,  11   42   31   73 Ga    x  -69699.343       1.677      8693.8740     0.0230  B-   1598.1889     1.6777   72 925174.680       1.800   ,634.6528020000001,0.0016790000000000002,0.1506849315068493,1,0
2020,41,32,73,Ge,,-71297.532,0.057,8705.05,0.0008,B-,-344.7759,3.8528,72.923458954,0.061,False,False,False,False,-71297.532,8705.0500,   9   41   32   73 Ge       -71297.532       0.057      8705.0500     0.0008  B-   -344.7759     3.8528   72 923458.954       0.061   ,635.4686499999999,5.84e-05,0.1232876712328767,0,1
2020,40,33,73,As,,-70952.757,3.853,8689.6099,0.0528,B-,-2725.3604,7.3993,72.923829086,4.136,False,False,False,False,-70952.757,8689.6099,   7   40   33   73 As       -70952.757       3.853      8689.6099     0.0528  B-  -2725.3604     7.3993   72 923829.086       4.136   ,634.3415226999999,0.0038544,0.0958904109589041,1,0
2020,39,34,73,Se,,-68227.396,7.424,8641.5591,0.1017,B-,-4581.6095,10.0278,72.926754881,7.969,False,False,False,False,-68227.396,8641.5591,   5   39   34   73 Se       -68227.396       7.424      8641.5591     0.1017  B-  -4581.6095    10.0278   72 926754.881       7.969   ,630.8338143000001,0.0074241,0.0684931506849315,0,1
2020,38,35,73,Br,,-63645.787,6.741,8568.0803,0.0923,B-,-7094.0287,9.4187,72.931673441,7.237,False,False,False,False,-63645.787,8568.0803,   3   38   35   73 Br       -63645.787       6.741      8568.0803     0.0923  B-  -7094.0287     9.4187   72 931673.441       7.237   ,625.4698619000001,0.0067379,0.0410958904109589,1,0
2020,37,36,73,Kr,x,-56551.758,6.578,8460.1847,0.0901,B-,-10540.1468,41.3212,72.939289193,7.061,False,False,False,False,-56551.758,8460.1847,   1   37   36   73 Kr    x  -56551.758       6.578      8460.1847     0.0901  B- -10540.1468    41.3212   72 939289.193       7.061   ,617.5934831,0.0065773,0.0136986301369863,0,1
2020,36,37,73,Rb,-p,-46011.611,40.794,8305.0821,0.5588,B-,-14061.0,403.0,72.950604506,43.794,False,False,True,False,-46011.611,8305.0821,  -1   36   37   73 Rb   -p  -46011.611      40.794      8305.0821     0.5588  B- -14061#       403#       72 950604.506      43.794   ,606.2709933,0.0407924,-0.0136986301369863,1,0
2020,45,29,74,Cu,x,-56006.213,6.148,8521.5633,0.0831,B-,9750.5077,6.6424,73.93987486,6.6,False,False,False,False,-56006.213,8521.5633,  16   45   29   74 Cu    x  -56006.213       6.148      8521.5633     0.0831  B-   9750.5077     6.6424   73 939874.860       6.600   ,630.5956842,0.006149399999999999,0.21621621621621623,0,0
2020,44,30,74,Zn,x,-65756.72,2.515,8642.7547,0.034,B-,2292.9057,3.9102,73.92940726,2.7,False,False,False,False,-65756.720,8642.7547,  14   44   30   74 Zn    x  -65756.720       2.515      8642.7547     0.0340  B-   2292.9057     3.9102   73 929407.260       2.700   ,639.5638478,0.002516,0.1891891891891892,1,1
2020,43,31,74,Ga,x,-68049.626,2.994,8663.1676,0.0405,B-,5372.8249,2.9941,73.926945725,3.214,False,False,False,False,-68049.626,8663.1676,  12   43   31   74 Ga    x  -68049.626       2.994      8663.1676     0.0405  B-   5372.8249     2.9941   73 926945.725       3.214   ,641.0744024,0.002997,0.16216216216216217,0,0
2020,42,32,74,Ge,,-73422.451,0.013,8725.2011,0.0003,B-,-2562.3871,1.6931,73.92117776,0.013,False,False,False,False,-73422.451,8725.2011,  10   42   32   74 Ge       -73422.451       0.013      8725.2011     0.0003  B-  -2562.3871     1.6931   73 921177.760       0.013   ,645.6648814000001,2.2199999999999998e-05,0.13513513513513514,1,1
2020,41,33,74,As,,-70860.064,1.693,8680.002,0.0229,B-,1353.1467,1.6931,73.923928596,1.817,False,False,False,False,-70860.064,8680.0020,   8   41   33   74 As       -70860.064       1.693      8680.0020     0.0229  B-   1353.1467     1.6931   73 923928.596       1.817   ,642.320148,0.0016946,0.10810810810810811,0,0
2020,40,34,74,Se,,-72213.21,0.015,8687.7155,0.0003,B-,-6925.0492,5.8354,73.922475933,0.015,False,False,False,False,-72213.210,8687.7155,   6   40   34   74 Se       -72213.210       0.015      8687.7155     0.0003  B-  -6925.0492     5.8354   73 922475.933       0.015   ,642.8909470000001,2.2199999999999998e-05,0.08108108108108109,1,1
2020,39,35,74,Br,,-65288.161,5.835,8583.5615,0.0789,B-,-2956.3173,6.173,73.929910279,6.264,False,False,False,False,-65288.161,8583.5615,   4   39   35   74 Br       -65288.161       5.835      8583.5615     0.0789  B-  -2956.3173     6.1730   73 929910.279       6.264   ,635.183551,0.005838599999999999,0.05405405405405406,0,0
2020,38,36,74,Kr,,-62331.844,2.013,8533.039,0.0272,B-,-10415.828,3.424,73.933084016,2.161,False,False,False,False,-62331.844,8533.0390,   2   38   36   74 Kr       -62331.844       2.013      8533.0390     0.0272  B- -10415.8280     3.4240   73 933084.016       2.161   ,631.4448860000001,0.0020128,0.02702702702702703,1,1
2020,37,37,74,Rb,,-51916.016,3.027,8381.7123,0.0409,B-,-11089.0,100.0,73.944265867,3.249,False,False,True,False,-51916.016,8381.7123,   0   37   37   74 Rb       -51916.016       3.027      8381.7123     0.0409  B- -11089#       100#       73 944265.867       3.249   ,620.2467101999999,0.0030266,0.0,0,0
2020,46,29,75,Cu,,-54470.219,0.718,8495.0801,0.0096,B-,8088.6967,2.0837,74.941523817,0.77,False,False,False,False,-54470.219,8495.0801,  17   46   29   75 Cu       -54470.219       0.718      8495.0801     0.0096  B-   8088.6967     2.0837   74 941523.817       0.770   ,637.1310074999999,0.0007199999999999999,0.22666666666666666,1,0
2020,45,30,75,Zn,x,-62558.916,1.956,8592.4981,0.0261,B-,5901.7231,2.0679,74.932840244,2.1,False,False,False,False,-62558.916,8592.4981,  15   45   30   75 Zn    x  -62558.916       1.956      8592.4981     0.0261  B-   5901.7231     2.0679   74 932840.244       2.100   ,644.4373575000001,0.0019575,0.2,0,1
2020,44,31,75,Ga,x,-68460.639,0.671,8660.7565,0.0089,B-,3396.3337,0.6727,74.926504484,0.72,False,False,False,False,-68460.639,8660.7565,  13   44   31   75 Ga    x  -68460.639       0.671      8660.7565     0.0089  B-   3396.3337     0.6727   74 926504.484       0.720   ,649.5567374999999,0.0006675,0.17333333333333334,1,0
2020,43,32,75,Ge,-n,-71856.973,0.052,8695.6096,0.0007,B-,1177.2301,0.8851,74.92285837,0.055,False,False,False,False,-71856.973,8695.6096,  11   43   32   75 Ge   -n  -71856.973       0.052      8695.6096     0.0007  B-   1177.2301     0.8851   74 922858.370       0.055   ,652.17072,5.2499999999999995e-05,0.14666666666666667,0,1
2020,42,33,75,As,,-73034.203,0.884,8700.8748,0.0118,B-,-864.7139,0.8816,74.921594562,0.948,False,False,False,False,-73034.203,8700.8748,   9   42   33   75 As       -73034.203       0.884      8700.8748     0.0118  B-   -864.7139     0.8816   74 921594.562       0.948   ,652.56561,0.000885,0.12,1,0
2020,41,34,75,Se,,-72169.489,0.073,8678.9139,0.001,B-,-3062.4694,4.2855,74.92252287,0.078,False,False,False,False,-72169.489,8678.9139,   7   41   34   75 Se       -72169.489       0.073      8678.9139     0.0010  B-  -3062.4694     4.2855   74 922522.870       0.078   ,650.9185425,7.5e-05,0.09333333333333334,0,1
2020,40,35,75,Br,x,-69107.02,4.285,8627.6497,0.0571,B-,-4783.388,9.1671,74.925810566,4.6,False,False,False,False,-69107.020,8627.6497,   5   40   35   75 Br    x  -69107.020       4.285      8627.6497     0.0571  B-  -4783.3880     9.1671   74 925810.566       4.600   ,647.0737275,0.0042825,0.06666666666666667,1,0
2020,39,36,75,Kr,x,-64323.632,8.104,8553.4399,0.1081,B-,-7104.9299,8.1895,74.930945744,8.7,False,False,False,False,-64323.632,8553.4399,   3   39   36   75 Kr    x  -64323.632       8.104      8553.4399     0.1081  B-  -7104.9299     8.1895   74 930945.744       8.700   ,641.5079924999999,0.0081075,0.04,0,1
2020,38,37,75,Rb,x,-57218.702,1.18,8448.2762,0.0157,B-,-10600.0,220.0,74.9385732,1.266,False,False,False,False,-57218.702,8448.2762,   1   38   37   75 Rb    x  -57218.702       1.180      8448.2762     0.0157  B- -10600.0000   220.0000   74 938573.200       1.266   ,633.620715,0.0011775,0.013333333333333334,1,0
2020,37,38,75,Sr,-,-46618.702,220.003,8296.5116,2.9334,B-,-14799.0,372.0,74.949952767,236.183,False,False,True,False,-46618.702,8296.5116,  -1   37   38   75 Sr    -  -46618.702     220.003      8296.5116     2.9334  B- -14799#       372#       74 949952.767     236.183   ,622.23837,0.220005,-0.013333333333333334,0,1
2020,47,29,76,Cu,x,-50981.627,0.913,8443.6018,0.012,B-,11321.3964,1.7183,75.945268974,0.98,False,False,False,False,-50981.627,8443.6018,  18   47   29   76 Cu    x  -50981.627       0.913      8443.6018     0.0120  B-  11321.3964     1.7183   75 945268.974       0.980   ,641.7137368000001,0.000912,0.23684210526315788,0,0
2020,46,30,76,Zn,,-62303.024,1.456,8582.2735,0.0192,B-,3993.6241,2.4384,75.933114956,1.562,False,False,False,False,-62303.024,8582.2735,  16   46   30   76 Zn       -62303.024       1.456      8582.2735     0.0192  B-   3993.6241     2.4384   75 933114.956       1.562   ,652.252786,0.0014592,0.21052631578947367,1,1
2020,45,31,76,Ga,x,-66296.648,1.956,8624.5272,0.0257,B-,6916.2501,1.9562,75.928827624,2.1,False,False,False,False,-66296.648,8624.5272,  14   45   31   76 Ga    x  -66296.648       1.956      8624.5272     0.0257  B-   6916.2501     1.9562   75 928827.624       2.100   ,655.4640672,0.0019532,0.18421052631578946,0,0
2020,44,32,76,Ge,,-73212.898,0.018,8705.2364,0.0003,B-,-921.5145,0.8864,75.921402725,0.019,False,False,False,False,-73212.898,8705.2364,  12   44   32   76 Ge       -73212.898       0.018      8705.2364     0.0003  B-   -921.5145     0.8864   75 921402.725       0.019   ,661.5979664,2.28e-05,0.15789473684210525,1,1
2020,43,33,76,As,-n,-72291.384,0.886,8682.8172,0.0117,B-,2960.5756,0.8864,75.922392011,0.951,False,False,False,False,-72291.384,8682.8172,  10   43   33   76 As   -n  -72291.384       0.886      8682.8172     0.0117  B-   2960.5756     0.8864   75 922392.011       0.951   ,659.8941072,0.0008892,0.13157894736842105,0,0
2020,42,34,76,Se,,-75251.959,0.016,8711.4781,0.0003,B-,-4962.881,9.3218,75.919213702,0.017,False,False,False,False,-75251.959,8711.4781,   8   42   34   76 Se       -75251.959       0.016      8711.4781     0.0003  B-  -4962.8810     9.3218   75 919213.702       0.017   ,662.0723356,2.28e-05,0.10526315789473684,1,1
2020,41,35,76,Br,-,-70289.078,9.322,8635.883,0.1227,B-,-1275.3724,10.149,75.924541574,10.007,False,False,False,False,-70289.078,8635.8830,   6   41   35   76 Br    -  -70289.078       9.322      8635.8830     0.1227  B-  -1275.3724    10.1490   75 924541.574      10.007   ,656.327108,0.0093252,0.07894736842105263,0,0
2020,40,36,76,Kr,,-69013.706,4.013,8608.8077,0.0528,B-,-8534.6172,4.1214,75.925910743,4.308,False,False,False,False,-69013.706,8608.8077,   4   40   36   76 Kr       -69013.706       4.013      8608.8077     0.0528  B-  -8534.6172     4.1214   75 925910.743       4.308   ,654.2693851999999,0.0040128,0.05263157894736842,1,1
2020,39,37,76,Rb,x,-60479.089,0.938,8486.2161,0.0123,B-,-6231.4432,34.478,75.935073031,1.006,False,False,False,False,-60479.089,8486.2161,   2   39   37   76 Rb    x  -60479.089       0.938      8486.2161     0.0123  B-  -6231.4432    34.4780   75 935073.031       1.006   ,644.9524236,0.0009348,0.02631578947368421,0,0
2020,38,38,76,Sr,x,-54247.645,34.465,8393.9294,0.4535,B-,-15998.0,302.0,75.94176276,37.0,False,False,True,False,-54247.645,8393.9294,   0   38   38   76 Sr    x  -54247.645      34.465      8393.9294     0.4535  B- -15998#       302#       75 941762.760      37.000   ,637.9386344000001,0.034466000000000004,0.0,1,1
2020,48,29,77,Cu,x,-48862.828,1.211,8411.2501,0.0157,B-,9926.375,2.3148,76.947543599,1.3,False,False,False,False,-48862.828,8411.2501,  19   48   29   77 Cu    x  -48862.828       1.211      8411.2501     0.0157  B-   9926.3750     2.3148   76 947543.599       1.300   ,647.6662577,0.0012089,0.24675324675324675,1,0
2020,47,30,77,Zn,,-58789.203,1.973,8530.0037,0.0256,B-,7203.1495,3.1237,76.936887197,2.117,False,False,False,False,-58789.203,8530.0037,  17   47   30   77 Zn       -58789.203       1.973      8530.0037     0.0256  B-   7203.1495     3.1237   76 936887.197       2.117   ,656.8102848999999,0.0019712,0.22077922077922077,0,1
2020,46,31,77,Ga,x,-65992.352,2.422,8613.3907,0.0315,B-,5220.5176,2.4225,76.929154299,2.6,False,False,False,False,-65992.352,8613.3907,  15   46   31   77 Ga    x  -65992.352       2.422      8613.3907     0.0315  B-   5220.5176     2.4225   76 929154.299       2.600   ,663.2310838999999,0.0024255,0.19480519480519481,1,0
2020,45,32,77,Ge,-n,-71212.87,0.053,8671.0293,0.0007,B-,2703.4642,1.6926,76.923549843,0.056,False,False,False,False,-71212.870,8671.0293,  13   45   32   77 Ge   -n  -71212.870       0.053      8671.0293     0.0007  B-   2703.4642     1.6926   76 923549.843       0.056   ,667.6692561,5.3899999999999996e-05,0.16883116883116883,0,1
2020,44,33,77,As,,-73916.334,1.692,8695.9789,0.022,B-,683.1627,1.692,76.920647555,1.816,False,False,False,False,-73916.334,8695.9789,  11   44   33   77 As       -73916.334       1.692      8695.9789     0.0220  B-    683.1627     1.6920   76 920647.555       1.816   ,669.5903753,0.001694,0.14285714285714285,1,0
2020,43,34,77,Se,,-74599.497,0.062,8694.6908,0.0008,B-,-1364.6792,2.8099,76.91991415,0.067,False,False,False,False,-74599.497,8694.6908,   9   43   34   77 Se       -74599.497       0.062      8694.6908     0.0008  B-  -1364.6792     2.8099   76 919914.150       0.067   ,669.4911916,6.16e-05,0.11688311688311688,0,1
2020,42,35,77,Br,-,-73234.818,2.811,8666.8073,0.0365,B-,-3065.3663,3.4244,76.921379193,3.017,False,False,False,False,-73234.818,8666.8073,   7   42   35   77 Br    -  -73234.818       2.811      8666.8073     0.0365  B-  -3065.3663     3.4244   76 921379.193       3.017   ,667.3441621000001,0.0028104999999999996,0.09090909090909091,1,0
2020,41,36,77,Kr,x,-70169.451,1.956,8616.837,0.0254,B-,-5338.9516,2.351,76.924669999,2.1,False,False,False,False,-70169.451,8616.8370,   5   41   36   77 Kr    x  -70169.451       1.956      8616.8370     0.0254  B-  -5338.9516     2.3510   76 924669.999       2.100   ,663.496449,0.0019558,0.06493506493506493,0,1
2020,40,37,77,Rb,x,-64830.5,1.304,8537.3396,0.0169,B-,-7027.0566,8.0244,76.930401599,1.4,False,False,False,False,-64830.500,8537.3396,   3   40   37   77 Rb    x  -64830.500       1.304      8537.3396     0.0169  B-  -7027.0566     8.0244   76 930401.599       1.400   ,657.3751492,0.0013012999999999998,0.03896103896103896,1,0
2020,39,38,77,Sr,x,-57803.443,7.918,8435.9188,0.1028,B-,-11365.0,203.0,76.937945454,8.5,False,False,True,False,-57803.443,8435.9188,   1   39   38   77 Sr    x  -57803.443       7.918      8435.9188     0.1028  B- -11365#       203#       76 937945.454       8.500   ,649.5657476,0.0079156,0.012987012987012988,0,1
2020,49,29,78,Cu,,-44789.474,13.332,8354.6695,0.1709,B-,12693.768,13.4727,77.951916524,14.312,False,False,False,False,-44789.474,8354.6695,  20   49   29   78 Cu       -44789.474      13.332      8354.6695     0.1709  B-  12693.7680    13.4727   77 951916.524      14.312   ,651.664221,0.0133302,0.2564102564102564,0,0
2020,48,30,78,Zn,,-57483.242,1.944,8507.38,0.0249,B-,6220.8433,2.2088,77.938289204,2.086,False,False,False,False,-57483.242,8507.3800,  18   48   30   78 Zn       -57483.242       1.944      8507.3800     0.0249  B-   6220.8433     2.2088   77 938289.204       2.086   ,663.5756399999999,0.0019421999999999998,0.23076923076923078,1,1
2020,47,31,78,Ga,,-63704.085,1.051,8577.1043,0.0135,B-,8157.9729,3.6884,77.931610854,1.127,False,False,False,False,-63704.085,8577.1043,  16   47   31   78 Ga       -63704.085       1.051      8577.1043     0.0135  B-   8157.9729     3.6884   77 931610.854       1.127   ,669.0141354,0.001053,0.20512820512820512,0,0
2020,46,32,78,Ge,-nn,-71862.058,3.536,8671.6636,0.0453,B-,954.9114,10.3987,77.922852911,3.795,False,False,False,False,-71862.058,8671.6636,  14   46   32   78 Ge  -nn  -71862.058       3.536      8671.6636     0.0453  B-    954.9114    10.3987   77 922852.911       3.795   ,676.3897608000001,0.0035334,0.1794871794871795,1,1
2020,45,33,78,As,+pn,-72816.97,9.779,8673.876,0.1254,B-,4208.9819,9.7801,77.921827771,10.498,False,False,False,False,-72816.970,8673.8760,  12   45   33   78 As  +pn  -72816.970       9.779      8673.8760     0.1254  B-   4208.9819     9.7801   77 921827.771      10.498   ,676.562328,0.0097812,0.15384615384615385,0,0
2020,44,34,78,Se,,-77025.952,0.179,8717.8072,0.0023,B-,-3573.7836,3.575,77.917309244,0.191,False,False,False,False,-77025.952,8717.8072,  10   44   34   78 Se       -77025.952       0.179      8717.8072     0.0023  B-  -3573.7836     3.5750   77 917309.244       0.191   ,679.9889615999999,0.0001794,0.1282051282051282,1,1
2020,43,35,78,Br,-,-73452.168,3.58,8661.9594,0.0459,B-,726.1153,3.5845,77.921145858,3.842,False,False,False,False,-73452.168,8661.9594,   8   43   35   78 Br    -  -73452.168       3.580      8661.9594     0.0459  B-    726.1153     3.5845   77 921145.858       3.842   ,675.6328332,0.0035802,0.10256410256410256,0,0
2020,42,36,78,Kr,,-74178.283,0.307,8661.2385,0.0039,B-,-7242.856,3.252,77.920366341,0.329,False,False,False,False,-74178.283,8661.2385,   6   42   36   78 Kr       -74178.283       0.307      8661.2385     0.0039  B-  -7242.8560     3.2520   77 920366.341       0.329   ,675.576603,0.00030419999999999997,0.07692307692307693,1,1
2020,41,37,78,Rb,x,-66935.427,3.237,8558.3512,0.0415,B-,-3761.4779,8.1248,77.928141866,3.475,False,False,False,False,-66935.427,8558.3512,   4   41   37   78 Rb    x  -66935.427       3.237      8558.3512     0.0415  B-  -3761.4779     8.1248   77 928141.866       3.475   ,667.5513936,0.0032370000000000003,0.05128205128205128,0,0
2020,40,38,78,Sr,x,-63173.949,7.452,8500.0971,0.0955,B-,-11001.0,298.0,77.932179979,8.0,False,False,True,False,-63173.949,8500.0971,   2   40   38   78 Sr    x  -63173.949       7.452      8500.0971     0.0955  B- -11001#       298#       77 932179.979       8.000   ,663.0075738,0.007449,0.02564102564102564,1,1
2020,50,29,79,Cu,x,-42408.039,104.979,8320.938,1.3289,B-,11024.2629,105.003,78.9544731,112.7,False,False,False,False,-42408.039,8320.9380,  21   50   29   79 Cu    x  -42408.039     104.979      8320.9380     1.3289  B-  11024.2629   105.0030   78 954473.100     112.700   ,657.354102,0.1049831,0.26582278481012656,1,0
2020,49,30,79,Zn,,-53432.302,2.225,8450.5825,0.0282,B-,9116.0536,2.5295,78.942638067,2.388,False,False,False,False,-53432.302,8450.5825,  19   49   30   79 Zn       -53432.302       2.225      8450.5825     0.0282  B-   9116.0536     2.5295   78 942638.067       2.388   ,667.5960175000001,0.0022278,0.24050632911392406,0,1
2020,48,31,79,Ga,,-62548.355,1.208,8556.0725,0.0153,B-,6978.8242,37.1467,78.932851582,1.296,False,False,False,False,-62548.355,8556.0725,  17   48   31   79 Ga       -62548.355       1.208      8556.0725     0.0153  B-   6978.8242    37.1467   78 932851.582       1.296   ,675.9297275,0.0012086999999999998,0.21518987341772153,1,0
2020,47,32,79,Ge,,-69527.18,37.161,8634.5089,0.4704,B-,4108.9014,37.4361,78.925359506,39.893,False,False,False,False,-69527.180,8634.5089,  15   47   32   79 Ge       -69527.180      37.161      8634.5089     0.4704  B-   4108.9014    37.4361   78 925359.506      39.893   ,682.1262031,0.0371616,0.189873417721519,0,1
2020,46,33,79,As,,-73636.081,5.325,8676.6172,0.0674,B-,2281.3849,5.3284,78.920948419,5.716,False,False,False,False,-73636.081,8676.6172,  13   46   33   79 As       -73636.081       5.325      8676.6172     0.0674  B-   2281.3849     5.3284   78 920948.419       5.716   ,685.4527588000001,0.0053246000000000005,0.16455696202531644,1,0
2020,45,34,79,Se,-n,-75917.466,0.223,8695.5923,0.0028,B-,150.6016,1.0186,78.918499252,0.238,False,False,False,False,-75917.466,8695.5923,  11   45   34   79 Se   -n  -75917.466       0.223      8695.5923     0.0028  B-    150.6016     1.0186   78 918499.252       0.238   ,686.9517917000001,0.0002212,0.13924050632911392,0,1
2020,44,35,79,Br,,-76068.067,1.001,8687.5956,0.0127,B-,-1625.7778,3.3333,78.918337574,1.074,False,False,False,False,-76068.067,8687.5956,   9   44   35   79 Br       -76068.067       1.001      8687.5956     0.0127  B-  -1625.7778     3.3333   78 918337.574       1.074   ,686.3200524,0.0010033,0.11392405063291139,1,0
2020,43,36,79,Kr,-,-74442.29,3.48,8657.113,0.0441,B-,-3639.5114,3.9423,78.920082919,3.736,False,False,False,False,-74442.290,8657.1130,   7   43   36   79 Kr    -  -74442.290       3.480      8657.1130     0.0441  B-  -3639.5114     3.9423   78 920082.919       3.736   ,683.9119269999999,0.0034839000000000003,0.08860759493670886,0,1
2020,42,37,79,Rb,,-70802.778,1.943,8601.1401,0.0246,B-,-5323.114,7.563,78.923990095,2.085,False,False,False,False,-70802.778,8601.1401,   5   42   37   79 Rb       -70802.778       1.943      8601.1401     0.0246  B-  -5323.1140     7.5630   78 923990.095       2.085   ,679.4900679,0.0019434,0.06329113924050633,1,0
2020,41,38,79,Sr,,-65479.664,7.421,8523.8558,0.0939,B-,-7676.7291,80.4515,78.929704692,7.967,False,False,False,False,-65479.664,8523.8558,   3   41   38   79 Sr       -65479.664       7.421      8523.8558     0.0939  B-  -7676.7291    80.4515   78 929704.692       7.967   ,673.3846081999999,0.0074180999999999995,0.0379746835443038,0,1
2020,40,39,79,Y,x,-57802.935,80.108,8416.7788,1.014,B-,-11033.0,310.0,78.937946,86.0,False,False,True,False,-57802.935,8416.7788,   1   40   39   79 Y     x  -57802.935      80.108      8416.7788     1.0140  B- -11033#       310#       78 937946.000      86.000   ,664.9255252,0.080106,0.012658227848101266,1,0
2020,50,30,80,Zn,,-51648.619,2.585,8423.5457,0.0323,B-,7575.0553,3.8774,79.944552929,2.774,False,False,False,False,-51648.619,8423.5457,  20   50   30   80 Zn       -51648.619       2.585      8423.5457     0.0323  B-   7575.0553     3.8774   79 944552.929       2.774   ,673.8836560000001,0.002584,0.25,1,1
2020,49,31,80,Ga,x,-59223.675,2.891,8508.4545,0.0361,B-,10311.6397,3.5409,79.936420773,3.103,False,False,False,False,-59223.675,8508.4545,  18   49   31   80 Ga    x  -59223.675       2.891      8508.4545     0.0361  B-  10311.6397     3.5409   79 936420.773       3.103   ,680.6763599999999,0.002888,0.225,0,0
2020,48,32,80,Ge,x,-69535.314,2.054,8627.5707,0.0257,B-,2679.2869,3.9156,79.925350773,2.205,False,False,False,False,-69535.314,8627.5707,  16   48   32   80 Ge    x  -69535.314       2.054      8627.5707     0.0257  B-   2679.2869     3.9156   79 925350.773       2.205   ,690.205656,0.002056,0.2,1,1
2020,47,33,80,As,x,-72214.601,3.333,8651.2824,0.0417,B-,5544.8861,3.4412,79.92247444,3.578,False,False,False,False,-72214.601,8651.2824,  14   47   33   80 As    x  -72214.601       3.333      8651.2824     0.0417  B-   5544.8861     3.4412   79 922474.440       3.578   ,692.102592,0.0033360000000000004,0.175,0,0
2020,46,34,80,Se,,-77759.487,0.947,8710.8142,0.0118,B-,-1870.4623,0.3095,79.916521761,1.016,False,False,False,False,-77759.487,8710.8142,  12   46   34   80 Se       -77759.487       0.947      8710.8142     0.0118  B-  -1870.4623     0.3095   79 916521.761       1.016   ,696.865136,0.000944,0.15,1,1
2020,45,35,80,Br,,-75889.025,0.993,8677.6541,0.0124,B-,2004.4299,1.1413,79.918529784,1.065,False,False,False,False,-75889.025,8677.6541,  10   45   35   80 Br       -75889.025       0.993      8677.6541     0.0124  B-   2004.4299     1.1413   79 918529.784       1.065   ,694.212328,0.000992,0.125,0,0
2020,44,36,80,Kr,,-77893.455,0.695,8692.9301,0.0087,B-,-5717.9785,1.9883,79.91637794,0.745,False,False,False,False,-77893.455,8692.9301,   8   44   36   80 Kr       -77893.455       0.695      8692.9301     0.0087  B-  -5717.9785     1.9883   79 916377.940       0.745   ,695.434408,0.000696,0.1,1,1
2020,43,37,80,Rb,x,-72175.476,1.863,8611.676,0.0233,B-,-1864.009,3.9331,79.922516442,2.0,False,False,False,False,-72175.476,8611.6760,   6   43   37   80 Rb    x  -72175.476       1.863      8611.6760     0.0233  B-  -1864.0090     3.9331   79 922516.442       2.000   ,688.93408,0.0018640000000000002,0.075,0,0
2020,42,38,80,Sr,x,-70311.467,3.464,8578.5966,0.0433,B-,-9163.305,7.1389,79.924517538,3.718,False,False,False,False,-70311.467,8578.5966,   4   42   38   80 Sr    x  -70311.467       3.464      8578.5966     0.0433  B-  -9163.3050     7.1389   79 924517.538       3.718   ,686.2877280000001,0.003464,0.05,1,1
2020,41,39,80,Y,x,-61148.162,6.242,8454.2759,0.078,B-,-6388.0,300.0,79.93435475,6.701,False,False,True,False,-61148.162,8454.2759,   2   41   39   80 Y     x  -61148.162       6.242      8454.2759     0.0780  B-  -6388#       300#       79 934354.750       6.701   ,676.342072,0.00624,0.025,0,0
2020,51,30,81,Zn,x,-46199.669,5.03,8351.9262,0.0621,B-,11428.2924,5.996,80.950402617,5.4,False,False,False,False,-46199.669,8351.9262,  21   51   30   81 Zn    x  -46199.669       5.030      8351.9262     0.0621  B-  11428.2924     5.9960   80 950402.617       5.400   ,676.5060222,0.0050301,0.25925925925925924,0,1
2020,50,31,81,Ga,x,-57627.962,3.264,8483.3576,0.0403,B-,8663.7335,3.8508,80.938133841,3.503,False,False,False,False,-57627.962,8483.3576,  19   50   31   81 Ga    x  -57627.962       3.264      8483.3576     0.0403  B-   8663.7335     3.8508   80 938133.841       3.503   ,687.1519656,0.0032643000000000004,0.2345679012345679,1,0
2020,49,32,81,Ge,x,-66291.695,2.055,8580.6587,0.0254,B-,6241.6189,3.3436,80.928832941,2.205,False,False,False,False,-66291.695,8580.6587,  17   49   32   81 Ge    x  -66291.695       2.055      8580.6587     0.0254  B-   6241.6189     3.3436   80 928832.941       2.205   ,695.0333547,0.0020574,0.20987654320987653,0,1
2020,48,33,81,As,,-72533.314,2.644,8648.0571,0.0326,B-,3855.705,2.8072,80.922132288,2.838,False,False,False,False,-72533.314,8648.0571,  15   48   33   81 As       -72533.314       2.644      8648.0571     0.0326  B-   3855.7050     2.8072   80 922132.288       2.838   ,700.4926250999999,0.0026405999999999995,0.18518518518518517,1,0
2020,47,34,81,Se,,-76389.019,0.977,8685.9998,0.0121,B-,1588.0317,1.3787,80.917993019,1.049,False,False,False,False,-76389.019,8685.9998,  13   47   34   81 Se       -76389.019       0.977      8685.9998     0.0121  B-   1588.0317     1.3787   80 917993.019       1.049   ,703.5659837999999,0.0009801,0.16049382716049382,0,1
2020,46,35,81,Br,,-77977.051,0.978,8695.9465,0.0121,B-,-280.8517,0.4713,80.916288197,1.049,False,False,False,False,-77977.051,8695.9465,  11   46   35   81 Br       -77977.051       0.978      8695.9465     0.0121  B-   -280.8517     0.4713   80 916288.197       1.049   ,704.3716665000001,0.0009801,0.13580246913580246,1,0
2020,45,36,81,Kr,,-77696.199,1.074,8682.8206,0.0133,B-,-2239.4954,5.0188,80.916589703,1.152,False,False,False,False,-77696.199,8682.8206,   9   45   36   81 Kr       -77696.199       1.074      8682.8206     0.0133  B-  -2239.4954     5.0188   80 916589.703       1.152   ,703.3084685999999,0.0010773,0.1111111111111111,0,1
2020,44,37,81,Rb,,-75456.704,4.904,8645.5139,0.0605,B-,-3928.5695,5.817,80.9189939,5.265,False,False,False,False,-75456.704,8645.5139,   7   44   37   81 Rb       -75456.704       4.904      8645.5139     0.0605  B-  -3928.5695     5.8170   80 918993.900       5.265   ,700.2866259,0.0049005,0.08641975308641975,1,0
2020,43,38,81,Sr,x,-71528.134,3.128,8587.3545,0.0386,B-,-5815.2156,6.2451,80.923211393,3.358,False,False,False,False,-71528.134,8587.3545,   5   43   38   81 Sr    x  -71528.134       3.128      8587.3545     0.0386  B-  -5815.2156     6.2451   80 923211.393       3.358   ,695.5757145,0.0031266,0.06172839506172839,0,1
2020,42,39,81,Y,x,-65712.919,5.405,8505.9031,0.0667,B-,-8188.5003,92.3762,80.929454283,5.802,False,False,False,False,-65712.919,8505.9031,   3   42   39   81 Y     x  -65712.919       5.405      8505.9031     0.0667  B-  -8188.5003    92.3762   80 929454.283       5.802   ,688.9781511,0.005402699999999999,0.037037037037037035,1,0
2020,41,40,81,Zr,x,-57524.418,92.218,8395.1519,1.1385,B-,-11164.0,410.0,80.938245,99.0,False,False,True,False,-57524.418,8395.1519,   1   41   40   81 Zr    x  -57524.418      92.218      8395.1519     1.1385  B- -11164#       410#       80 938245.000      99.000   ,680.0073039,0.09221850000000001,0.012345679012345678,0,1
2020,52,30,82,Zn,x,-42313.96,3.074,8301.1175,0.0375,B-,10616.7652,3.9162,81.954574097,3.3,False,False,False,False,-42313.960,8301.1175,  22   52   30   82 Zn    x  -42313.960       3.074      8301.1175     0.0375  B-  10616.7652     3.9162   81 954574.097       3.300   ,680.691635,0.0030749999999999996,0.2682926829268293,1,1
2020,51,31,82,Ga,x,-52930.725,2.426,8421.0494,0.0296,B-,12484.3497,3.296,81.943176531,2.604,False,False,False,False,-52930.725,8421.0494,  20   51   31   82 Ga    x  -52930.725       2.426      8421.0494     0.0296  B-  12484.3497     3.2960   81 943176.531       2.604   ,690.5260508,0.0024272,0.24390243902439024,0,0
2020,50,32,82,Ge,x,-65415.075,2.24,8563.7567,0.0273,B-,4690.3523,4.3452,81.929774031,2.405,False,False,False,False,-65415.075,8563.7567,  18   50   32   82 Ge    x  -65415.075       2.240      8563.7567     0.0273  B-   4690.3523     4.3452   81 929774.031       2.405   ,702.2280494,0.0022386,0.21951219512195122,1,1
2020,49,33,82,As,x,-70105.427,3.729,8611.4153,0.0455,B-,7488.4677,3.7579,81.924738731,4.003,False,False,False,False,-70105.427,8611.4153,  16   49   33   82 As    x  -70105.427       3.729      8611.4153     0.0455  B-   7488.4677     3.7579   81 924738.731       4.003   ,706.1360546000001,0.003731,0.1951219512195122,0,0
2020,48,34,82,Se,,-77593.895,0.466,8693.1973,0.0057,B-,-95.2184,1.0767,81.916699531,0.5,False,False,False,False,-77593.895,8693.1973,  14   48   34   82 Se       -77593.895       0.466      8693.1973     0.0057  B-    -95.2184     1.0767   81 916699.531       0.500   ,712.8421786,0.00046740000000000003,0.17073170731707318,1,1
2020,47,35,82,Br,,-77498.677,0.971,8682.4953,0.0118,B-,3093.1185,0.9714,81.916801752,1.042,False,False,False,False,-77498.677,8682.4953,  12   47   35   82 Br       -77498.677       0.971      8682.4953     0.0118  B-   3093.1185     0.9714   81 916801.752       1.042   ,711.9646146000001,0.0009676,0.14634146341463414,0,0
2020,46,36,82,Kr,,-80591.79509,0.00551,8710.6754,0.0003,B-,-4403.9824,3.0088,81.91348115368,0.00591,False,False,False,False,-80591.79509,8710.6754,  10   46   36   82 Kr       -80591.79509     0.00551    8710.6754     0.0003  B-  -4403.9824     3.0088   81 913481.15368     0.00591 ,714.2753828,2.4599999999999998e-05,0.12195121951219512,1,1
2020,45,37,82,Rb,IT,-76187.813,3.009,8647.4275,0.0367,B-,-177.7503,6.7048,81.918209023,3.23,False,False,False,False,-76187.813,8647.4275,   8   45   37   82 Rb   IT  -76187.813       3.009      8647.4275     0.0367  B-   -177.7503     6.7048   81 918209.023       3.230   ,709.0890549999999,0.0030094,0.0975609756097561,0,0
2020,44,38,82,Sr,,-76010.062,5.992,8635.719,0.0731,B-,-7945.965,8.1324,81.918399845,6.432,False,False,False,False,-76010.062,8635.7190,   6   44   38   82 Sr       -76010.062       5.992      8635.7190     0.0731  B-  -7945.9650     8.1324   81 918399.845       6.432   ,708.128958,0.0059942,0.07317073170731707,1,1
2020,43,39,82,Y,x,-68064.097,5.499,8529.2762,0.0671,B-,-4450.0341,5.7221,81.926930189,5.902,False,False,False,False,-68064.097,8529.2762,   4   43   39   82 Y     x  -68064.097       5.499      8529.2762     0.0671  B-  -4450.0341     5.7221   81 926930.189       5.902   ,699.4006484,0.0055022000000000005,0.04878048780487805,0,0
2020,42,40,82,Zr,x,-63614.063,1.584,8465.4666,0.0193,B-,-11804.0,300.0,81.931707497,1.7,False,False,True,False,-63614.063,8465.4666,   2   42   40   82 Zr    x  -63614.063       1.584      8465.4666     0.0193  B- -11804#       300#       81 931707.497       1.700   ,694.1682612,0.0015826,0.024390243902439025,1,1
2020,52,31,83,Ga,x,-49257.129,2.612,8372.5756,0.0315,B-,11719.3136,3.5592,82.9471203,2.804,False,False,False,False,-49257.129,8372.5756,  21   52   31   83 Ga    x  -49257.129       2.612      8372.5756     0.0315  B-  11719.3136     3.5592   82 947120.300       2.804   ,694.9237748,0.0026145,0.25301204819277107,1,0
2020,51,32,83,Ge,x,-60976.442,2.427,8504.3462,0.0292,B-,8692.8893,3.6979,82.9345391,2.604,False,False,False,False,-60976.442,8504.3462,  19   51   32   83 Ge    x  -60976.442       2.427      8504.3462     0.0292  B-   8692.8893     3.6979   82 934539.100       2.604   ,705.8607346,0.0024236,0.2289156626506024,0,1
2020,50,33,83,As,x,-69669.331,2.799,8599.654,0.0337,B-,5671.2117,4.129,82.9252069,3.004,False,False,False,False,-69669.331,8599.6540,  17   50   33   83 As    x  -69669.331       2.799      8599.6540     0.0337  B-   5671.2117     4.1290   82 925206.900       3.004   ,713.771282,0.0027971,0.20481927710843373,1,0
2020,49,34,83,Se,-n,-75340.543,3.036,8658.556,0.0366,B-,3673.178,4.8392,82.919118604,3.259,False,False,False,False,-75340.543,8658.5560,  15   49   34   83 Se   -n  -75340.543       3.036      8658.5560     0.0366  B-   3673.1780     4.8392   82 919118.604       3.259   ,718.660148,0.0030378,0.18072289156626506,0,1
2020,48,35,83,Br,,-79013.721,3.795,8693.3852,0.0457,B-,976.9222,3.7947,82.915175285,4.073,False,False,False,False,-79013.721,8693.3852,  13   48   35   83 Br       -79013.721       3.795      8693.3852     0.0457  B-    976.9222     3.7947   82 915175.285       4.073   ,721.5509716,0.0037930999999999998,0.1566265060240964,1,0
2020,47,36,83,Kr,,-79990.643,0.009,8695.7295,0.0003,B-,-920.0039,2.3288,82.914126516,0.009,False,False,False,False,-79990.643,8695.7295,  11   47   36   83 Kr       -79990.643       0.009      8695.7295     0.0003  B-   -920.0039     2.3288   82 914126.516       0.009   ,721.7455484999999,2.49e-05,0.13253012048192772,0,1
2020,46,37,83,Rb,,-79070.639,2.329,8675.2193,0.0281,B-,-2273.0239,6.4245,82.915114181,2.5,False,False,False,False,-79070.639,8675.2193,   9   46   37   83 Rb       -79070.639       2.329      8675.2193     0.0281  B-  -2273.0239     6.4245   82 915114.181       2.500   ,720.0432019000001,0.0023323,0.10843373493975904,1,0
2020,45,38,83,Sr,,-76797.616,6.834,8638.4076,0.0823,B-,-4591.9435,19.8444,82.917554372,7.336,False,False,False,False,-76797.616,8638.4076,   7   45   38   83 Sr       -76797.616       6.834      8638.4076     0.0823  B-  -4591.9435    19.8444   82 917554.372       7.336   ,716.9878308,0.0068309,0.08433734939759036,0,1
2020,44,39,83,Y,x,-72205.672,18.631,8573.6571,0.2245,B-,-6294.0125,19.7074,82.922484026,20.0,False,False,False,False,-72205.672,8573.6571,   5   44   39   83 Y     x  -72205.672      18.631      8573.6571     0.2245  B-  -6294.0125    19.7074   82 922484.026      20.000   ,711.6135393000001,0.0186335,0.060240963855421686,1,0
2020,43,40,83,Zr,x,-65911.659,6.43,8488.3997,0.0775,B-,-8298.7493,162.2075,82.929240926,6.902,False,False,False,False,-65911.659,8488.3997,   3   43   40   83 Zr    x  -65911.659       6.430      8488.3997     0.0775  B-  -8298.7493   162.2075   82 929240.926       6.902   ,704.5371751,0.0064325,0.03614457831325301,0,1
2020,42,41,83,Nb,x,-57612.91,162.08,8378.9889,1.9528,B-,-11273.0,432.0,82.93815,174.0,False,False,True,False,-57612.910,8378.9889,   1   42   41   83 Nb    x  -57612.910     162.080      8378.9889     1.9528  B- -11273#       432#       82 938150.000     174.000   ,695.4560787,0.16208240000000002,0.012048192771084338,1,0
2020,53,31,84,Ga,x,-44094.136,29.808,8307.525,0.3549,B-,14054.2989,29.976,83.952663,32.0,False,False,False,False,-44094.136,8307.5250,  22   53   31   84 Ga    x  -44094.136      29.808      8307.5250     0.3549  B-  14054.2989    29.9760   83 952663.000      32.000   ,697.8321,0.029811599999999997,0.2619047619047619,0,0
2020,52,32,84,Ge,x,-58148.435,3.171,8465.5244,0.0377,B-,7705.1329,4.4789,83.93757509,3.403,False,False,False,False,-58148.435,8465.5244,  20   52   32   84 Ge    x  -58148.435       3.171      8465.5244     0.0377  B-   7705.1329     4.4789   83 937575.090       3.403   ,711.1040496,0.0031668,0.23809523809523808,1,1
2020,51,33,84,As,x,-65853.568,3.171,8547.9385,0.0377,B-,10094.1624,3.7219,83.92930329000001,3.403,False,False,False,False,-65853.568,8547.9385,  18   51   33   84 As    x  -65853.568       3.171      8547.9385     0.0377  B-  10094.1624     3.7219   83 929303.290       3.403   ,718.026834,0.0031668,0.21428571428571427,0,0
2020,50,34,84,Se,,-75947.731,1.961,8658.7935,0.0233,B-,1835.3638,25.7652,83.918466761,2.105,False,False,False,False,-75947.731,8658.7935,  16   50   34   84 Se       -75947.731       1.961      8658.7935     0.0233  B-   1835.3638    25.7652   83 918466.761       2.105   ,727.338654,0.0019572,0.19047619047619047,1,1
2020,49,35,84,Br,,-77783.094,25.73,8671.3294,0.3063,B-,4656.251,25.73,83.916496417,27.622,False,False,False,False,-77783.094,8671.3294,  14   49   35   84 Br       -77783.094      25.730      8671.3294     0.3063  B-   4656.2510    25.7300   83 916496.417      27.622   ,728.3916696,0.0257292,0.16666666666666666,0,0
2020,48,36,84,Kr,,-82439.34527,0.00382,8717.4473,0.0003,B-,-2680.3708,2.194,83.91149772708,0.0041,False,False,False,False,-82439.34527,8717.4473,  12   48   36   84 Kr       -82439.34527     0.00382    8717.4473     0.0003  B-  -2680.3708     2.1940   83 911497.72708     0.00410 ,732.2655732,2.5199999999999996e-05,0.14285714285714285,1,1
2020,47,37,84,Rb,,-79758.975,2.194,8676.2244,0.0261,B-,890.6058,2.3356,83.914375223,2.355,False,False,False,False,-79758.975,8676.2244,  10   47   37   84 Rb       -79758.975       2.194      8676.2244     0.0261  B-    890.6058     2.3356   83 914375.223       2.355   ,728.8028496,0.0021924,0.11904761904761904,0,0
2020,46,38,84,Sr,,-80649.58,1.243,8677.5132,0.0148,B-,-6755.1411,4.4114,83.913419118,1.334,False,False,False,False,-80649.580,8677.5132,   8   46   38   84 Sr       -80649.580       1.243      8677.5132     0.0148  B-  -6755.1411     4.4114   83 913419.118       1.334   ,728.9111088,0.0012432,0.09523809523809523,1,1
2020,45,39,84,Y,,-73894.439,4.299,8587.7812,0.0512,B-,-2472.7471,6.9767,83.92067106,4.615,False,False,False,False,-73894.439,8587.7812,   6   45   39   84 Y        -73894.439       4.299      8587.7812     0.0512  B-  -2472.7471     6.9767   83 920671.060       4.615   ,721.3736207999999,0.0043008000000000005,0.07142857142857142,0,0
2020,44,40,84,Zr,x,-71421.692,5.499,8549.0301,0.0655,B-,-10227.8497,5.5133,83.923325663,5.903,False,False,False,False,-71421.692,8549.0301,   4   44   40   84 Zr    x  -71421.692       5.499      8549.0301     0.0655  B- -10227.8497     5.5133   83 923325.663       5.903   ,718.1185284,0.005502000000000001,0.047619047619047616,1,1
2020,43,41,84,Nb,x,-61193.842,0.401,8417.9563,0.0048,B-,-7024.0,298.0,83.934305711,0.43,False,False,True,False,-61193.842,8417.9563,   2   43   41   84 Nb    x  -61193.842       0.401      8417.9563     0.0048  B-  -7024#       298#       83 934305.711       0.430   ,707.1083292000001,0.00040319999999999993,0.023809523809523808,0,0
2020,54,31,85,Ga,x,-39744.059,37.26,8253.5687,0.4384,B-,13379.3679,37.4459,84.957333,40.0,False,False,False,False,-39744.059,8253.5687,  23   54   31   85 Ga    x  -39744.059      37.260      8253.5687     0.4384  B-  13379.3679    37.4459   84 957333.000      40.000   ,701.5533395,0.037264000000000005,0.27058823529411763,1,0
2020,53,32,85,Ge,x,-53123.427,3.729,8401.7689,0.0439,B-,10065.7253,4.8303,84.942969658,4.003,False,False,False,False,-53123.427,8401.7689,  21   53   32   85 Ge    x  -53123.427       3.729      8401.7689     0.0439  B-  10065.7253     4.8303   84 942969.658       4.003   ,714.1503564999999,0.0037315,0.24705882352941178,0,1
2020,52,33,85,As,x,-63189.152,3.078,8510.9851,0.0362,B-,9224.4929,4.0313,84.932163658,3.304,False,False,False,False,-63189.152,8510.9851,  19   52   33   85 As    x  -63189.152       3.078      8510.9851     0.0362  B-   9224.4929     4.0313   84 932163.658       3.304   ,723.4337335,0.0030770000000000003,0.2235294117647059,1,0
2020,51,34,85,Se,+3p,-72413.645,2.613,8610.3045,0.0307,B-,6161.8335,4.0313,84.922260758,2.804,False,False,False,False,-72413.645,8610.3045,  17   51   34   85 Se  +3p  -72413.645       2.613      8610.3045     0.0307  B-   6161.8335     4.0313   84 922260.758       2.804   ,731.8758825000001,0.0026095000000000003,0.2,0,1
2020,50,35,85,Br,+n2p,-78575.478,3.078,8673.5926,0.0362,B-,2904.8622,3.6705,84.915645758,3.304,False,False,False,False,-78575.478,8673.5926,  15   50   35   85 Br +n2p  -78575.478       3.078      8673.5926     0.0362  B-   2904.8622     3.6705   84 915645.758       3.304   ,737.2553710000001,0.0030770000000000003,0.17647058823529413,1,0
2020,49,36,85,Kr,+,-81480.341,2.0,8698.5633,0.0235,B-,687.0,2.0,84.91252726,2.147,False,False,False,False,-81480.341,8698.5633,  13   49   36   85 Kr    +  -81480.341       2.000      8698.5633     0.0235  B-    687.0000     2.0000   84 912527.260       2.147   ,739.3778805,0.0019975,0.15294117647058825,0,1
2020,48,37,85,Rb,,-82167.34065,0.005,8697.4416,0.0003,B-,-1064.051,2.8132,84.91178973604,0.00537,False,False,False,False,-82167.34065,8697.4416,  11   48   37   85 Rb       -82167.34065     0.00500    8697.4416     0.0003  B-  -1064.0510     2.8132   84 911789.73604     0.00537 ,739.2825359999999,2.55e-05,0.12941176470588237,1,0
2020,47,38,85,Sr,,-81103.29,2.813,8675.7193,0.0331,B-,-3261.1584,19.1729,84.912932041,3.02,False,False,False,False,-81103.290,8675.7193,   9   47   38   85 Sr       -81103.290       2.813      8675.7193     0.0331  B-  -3261.1584    19.1729   84 912932.041       3.020   ,737.4361405000001,0.0028135,0.10588235294117647,0,1
2020,46,39,85,Y,x,-77842.131,18.965,8628.1486,0.2231,B-,-4666.9352,20.0257,84.916433039,20.36,False,False,False,False,-77842.131,8628.1486,   7   46   39   85 Y     x  -77842.131      18.965      8628.1486     0.2231  B-  -4666.9352    20.0257   84 916433.039      20.360   ,733.392631,0.0189635,0.08235294117647059,1,0
2020,45,40,85,Zr,x,-73175.196,6.43,8564.0394,0.0756,B-,-6895.512,7.625,84.921443199,6.902,False,False,False,False,-73175.196,8564.0394,   5   45   40   85 Zr    x  -73175.196       6.430      8564.0394     0.0756  B-  -6895.5120     7.6250   84 921443.199       6.902   ,727.9433489999999,0.006426,0.058823529411764705,0,1
2020,44,41,85,Nb,x,-66279.684,4.099,8473.7117,0.0482,B-,-8769.9238,16.3572,84.928845836,4.4,False,False,False,False,-66279.684,8473.7117,   3   44   41   85 Nb    x  -66279.684       4.099      8473.7117     0.0482  B-  -8769.9238    16.3572   84 928845.836       4.400   ,720.2654945,0.004097000000000001,0.03529411764705882,1,0
2020,43,42,85,Mo,x,-57509.76,15.835,8361.332,0.1863,B-,-11660.0,400.0,84.938260736,17.0,False,False,True,False,-57509.760,8361.3320,   1   43   42   85 Mo    x  -57509.760      15.835      8361.3320     0.1863  B- -11660#       400#       84 938260.736      17.000   ,710.71322,0.0158355,0.011764705882352941,0,1
2020,54,32,86,Ge,x,-49399.927,437.802,8354.63,5.0907,B-,9562.2229,437.8158,85.946967,470.0,False,False,False,False,-49399.927,8354.6300,  22   54   32   86 Ge    x  -49399.927     437.802      8354.6300     5.0907  B-   9562.2229   437.8158   85 946967.000     470.000   ,718.4981799999999,0.43780020000000003,0.2558139534883721,1,1
2020,53,33,86,As,x,-58962.15,3.45,8456.7215,0.0401,B-,11541.0256,4.2666,85.936701532,3.703,False,False,False,False,-58962.150,8456.7215,  20   53   33   86 As    x  -58962.150       3.450      8456.7215     0.0401  B-  11541.0256     4.2666   85 936701.532       3.703   ,727.278049,0.0034486,0.23255813953488372,0,0
2020,52,34,86,Se,x,-70503.175,2.52,8581.8224,0.0293,B-,5129.086,3.9717,85.924311732,2.705,False,False,False,False,-70503.175,8581.8224,  18   52   34   86 Se    x  -70503.175       2.520      8581.8224     0.0293  B-   5129.0860     3.9717   85 924311.732       2.705   ,738.0367263999999,0.0025198,0.20930232558139536,1,1
2020,51,35,86,Br,+pp,-75632.261,3.078,8632.3659,0.0358,B-,7633.4147,3.0779,85.918805432,3.304,False,False,False,False,-75632.261,8632.3659,  16   51   35   86 Br  +pp  -75632.261       3.078      8632.3659     0.0358  B-   7633.4147     3.0779   85 918805.432       3.304   ,742.3834674000001,0.0030787999999999996,0.18604651162790697,0,0
2020,50,36,86,Kr,,-83265.67593,0.00372,8712.0295,0.0003,B-,-518.6734,0.2,85.91061062468,0.00399,False,False,False,False,-83265.67593,8712.0295,  14   50   36   86 Kr       -83265.67593     0.00372    8712.0295     0.0003  B-   -518.6734     0.2000   85 910610.62468     0.00399 ,749.234537,2.5799999999999997e-05,0.16279069767441862,1,1
2020,49,37,86,Rb,-n,-82747.003,0.2,8696.9014,0.0023,B-,1776.0972,0.2001,85.911167443,0.214,False,False,False,False,-82747.003,8696.9014,  12   49   37   86 Rb   -n  -82747.003       0.200      8696.9014     0.0023  B-   1776.0972     0.2001   85 911167.443       0.214   ,747.9335204,0.0001978,0.13953488372093023,0,0
2020,48,38,86,Sr,,-84523.09977,0.00524,8708.4566,0.0003,B-,-5240.0,14.1421,85.90926072473,0.00563,False,False,False,False,-84523.09977,8708.4566,  10   48   38   86 Sr       -84523.09977     0.00524    8708.4566     0.0003  B-  -5240.0000    14.1421   85 909260.72473     0.00563 ,748.9272675999999,2.5799999999999997e-05,0.11627906976744186,1,1
2020,47,39,86,Y,-,-79283.1,14.142,8638.4293,0.1644,B-,-1314.0763,14.5847,85.914886095,15.182,False,False,False,False,-79283.100,8638.4293,   8   47   39   86 Y     -  -79283.100      14.142      8638.4293     0.1644  B-  -1314.0763    14.5847   85 914886.095      15.182   ,742.9049198,0.014138399999999999,0.09302325581395349,0,0
2020,46,40,86,Zr,,-77969.023,3.566,8614.0523,0.0415,B-,-8834.9627,6.5521,85.916296814,3.827,False,False,False,False,-77969.023,8614.0523,   6   46   40   86 Zr       -77969.023       3.566      8614.0523     0.0415  B-  -8834.9627     6.5521   85 916296.814       3.827   ,740.8084977999999,0.0035690000000000006,0.06976744186046512,1,1
2020,45,41,86,Nb,x,-69134.061,5.499,8502.2231,0.0639,B-,-5023.1337,6.2316,85.925781536,5.903,False,False,False,False,-69134.061,8502.2231,   4   45   41   86 Nb    x  -69134.061       5.499      8502.2231     0.0639  B-  -5023.1337     6.2316   85 925781.536       5.903   ,731.1911865999999,0.0054954,0.046511627906976744,0,0
2020,44,42,86,Mo,x,-64110.927,2.932,8434.7175,0.0341,B-,-12541.0,300.0,85.931174092,3.147,False,False,True,False,-64110.927,8434.7175,   2   44   42   86 Mo    x  -64110.927       2.932      8434.7175     0.0341  B- -12541#       300#       85 931174.092       3.147   ,725.385705,0.0029326,0.023255813953488372,1,1
2020,54,33,87,As,x,-55617.914,2.985,8413.8521,0.0343,B-,10808.2192,3.726,86.940291716,3.204,False,False,False,False,-55617.914,8413.8521,  21   54   33   87 As    x  -55617.914       2.985      8413.8521     0.0343  B-  10808.2192     3.7260   86 940291.716       3.204   ,732.0051327,0.0029841,0.2413793103448276,1,0
2020,53,34,87,Se,x,-66426.133,2.241,8529.092,0.0258,B-,7465.5526,3.8766,86.928688616,2.405,False,False,False,False,-66426.133,8529.0920,  19   53   34   87 Se    x  -66426.133       2.241      8529.0920     0.0258  B-   7465.5526     3.8766   86 928688.616       2.405   ,742.031004,0.0022446000000000002,0.21839080459770116,0,1
2020,52,35,87,Br,2p-n,-73891.685,3.171,8605.9105,0.0364,B-,6817.8455,3.1805,86.920674016,3.404,False,False,False,False,-73891.685,8605.9105,  17   52   35   87 Br 2p-n  -73891.685       3.171      8605.9105     0.0364  B-   6817.8455     3.1805   86 920674.016       3.404   ,748.7142134999999,0.0031668000000000004,0.19540229885057472,1,0
2020,51,36,87,Kr,-n,-80709.531,0.246,8675.284,0.0028,B-,3888.2706,0.2463,86.913354759,0.264,False,False,False,False,-80709.531,8675.2840,  15   51   36   87 Kr   -n  -80709.531       0.246      8675.2840     0.0028  B-   3888.2706     0.2463   86 913354.759       0.264   ,754.7497079999999,0.0002436,0.1724137931034483,0,1
2020,50,37,87,Rb,,-84597.802,0.006,8710.9843,0.0003,B-,282.2749,0.0063,86.909180529,0.006,False,False,False,False,-84597.802,8710.9843,  13   50   37   87 Rb       -84597.802       0.006      8710.9843     0.0003  B-    282.2749     0.0063   86 909180.529       0.006   ,757.8556341,2.6099999999999997e-05,0.14942528735632185,1,0
2020,49,38,87,Sr,,-84880.07643,0.00513,8705.2363,0.0003,B-,-1861.6894,1.1278,86.90887749454,0.0055,False,False,False,False,-84880.07643,8705.2363,  11   49   38   87 Sr       -84880.07643     0.00513    8705.2363     0.0003  B-  -1861.6894     1.1278   86 908877.49454     0.00550 ,757.3555581,2.6099999999999997e-05,0.12643678160919541,0,1
2020,48,39,87,Y,-,-83018.387,1.128,8674.8451,0.013,B-,-3671.2405,4.2962,86.9108761,1.21,False,False,False,False,-83018.387,8674.8451,   9   48   39   87 Y     -  -83018.387       1.128      8674.8451     0.0130  B-  -3671.2405     4.2962   86 910876.100       1.210   ,754.7115237,0.001131,0.10344827586206896,1,0
2020,47,40,87,Zr,,-79347.147,4.146,8623.6545,0.0477,B-,-5472.6536,7.9633,86.914817338,4.45,False,False,False,False,-79347.147,8623.6545,   7   47   40   87 Zr       -79347.147       4.146      8623.6545     0.0477  B-  -5472.6536     7.9633   86 914817.338       4.450   ,750.2579415000001,0.0041499,0.08045977011494253,0,1
2020,46,41,87,Nb,x,-73874.493,6.802,8551.7579,0.0782,B-,-6989.6757,7.3781,86.920692473,7.302,False,False,False,False,-73874.493,8551.7579,   5   46   41   87 Nb    x  -73874.493       6.802      8551.7579     0.0782  B-  -6989.6757     7.3781   86 920692.473       7.302   ,744.0029373,0.006803400000000001,0.05747126436781609,1,0
2020,45,42,87,Mo,,-66884.817,2.857,8462.4243,0.0328,B-,-9194.7656,5.0729,86.928196198,3.067,False,False,False,False,-66884.817,8462.4243,   3   45   42   87 Mo       -66884.817       2.857      8462.4243     0.0328  B-  -9194.7656     5.0729   86 928196.198       3.067   ,736.2309141000001,0.0028536,0.034482758620689655,0,1
2020,44,43,87,Tc,x,-57690.052,4.192,8347.7449,0.0482,B-,-11960.0,400.0,86.938067185,4.5,False,False,True,False,-57690.052,8347.7449,   1   44   43   87 Tc    x  -57690.052       4.192      8347.7449     0.0482  B- -11960#       400#       86 938067.185       4.500   ,726.2538063,0.0041934,0.011494252873563218,1,0
2020,54,34,88,Se,x,-63884.203,3.357,8495.0045,0.0382,B-,6831.764,4.6125,87.93141749,3.604,False,False,False,False,-63884.203,8495.0045,  20   54   34   88 Se    x  -63884.203       3.357      8495.0045     0.0382  B-   6831.7640     4.6125   87 931417.490       3.604   ,747.560396,0.0033615999999999997,0.22727272727272727,1,1
2020,53,35,88,Br,++,-70715.967,3.171,8563.7479,0.036,B-,8975.3282,4.1059,87.92408329,3.404,False,False,False,False,-70715.967,8563.7479,  18   53   35   88 Br   ++  -70715.967       3.171      8563.7479     0.0360  B-   8975.3282     4.1059   87 924083.290       3.404   ,753.6098152000001,0.003168,0.20454545454545456,0,0
2020,52,36,88,Kr,x,-79691.295,2.608,8656.8499,0.0296,B-,2917.709,2.613,87.914447879,2.8,False,False,False,False,-79691.295,8656.8499,  16   52   36   88 Kr    x  -79691.295       2.608      8656.8499     0.0296  B-   2917.7090     2.6130   87 914447.879       2.800   ,761.8027912,0.0026048,0.18181818181818182,1,1
2020,51,37,88,Rb,,-82609.004,0.159,8681.1154,0.0018,B-,5312.6243,0.159,87.91131559,0.17,False,False,False,False,-82609.004,8681.1154,  14   51   37   88 Rb       -82609.004       0.159      8681.1154     0.0018  B-   5312.6243     0.1590   87 911315.590       0.170   ,763.9381552,0.00015839999999999997,0.1590909090909091,0,0
2020,50,38,88,Sr,,-87921.62876,0.00561,8732.5958,0.0003,B-,-3622.6,1.5,87.905612253,0.006,False,False,False,False,-87921.62876,8732.5958,  12   50   38   88 Sr       -87921.62876     0.00561    8732.5958     0.0003  B-  -3622.6000     1.5000   87 905612.253       0.006   ,768.4684304,2.6399999999999998e-05,0.13636363636363635,1,1
2020,49,39,88,Y,-,-84299.029,1.5,8682.5396,0.017,B-,-670.1549,5.6076,87.909501274,1.61,False,False,False,False,-84299.029,8682.5396,  10   49   39   88 Y     -  -84299.029       1.500      8682.5396     0.0170  B-   -670.1549     5.6076   87 909501.274       1.610   ,764.0634848,0.001496,0.11363636363636363,0,0
2020,48,40,88,Zr,,-83628.874,5.403,8666.0339,0.0614,B-,-7457.3187,57.8921,87.910220715,5.8,False,False,False,False,-83628.874,8666.0339,   8   48   40   88 Zr       -83628.874       5.403      8666.0339     0.0614  B-  -7457.3187    57.8921   87 910220.715       5.800   ,762.6109832,0.0054032,0.09090909090909091,1,1
2020,47,41,88,Nb,,-76171.555,57.808,8572.4013,0.6569,B-,-3485.0021,57.9345,87.918226476,62.059,False,False,False,False,-76171.555,8572.4013,   6   47   41   88 Nb       -76171.555      57.808      8572.4013     0.6569  B-  -3485.0021    57.9345   87 918226.476      62.059   ,754.3713144,0.0578072,0.06818181818181818,0,0
2020,46,42,88,Mo,x,-72686.553,3.819,8523.9087,0.0434,B-,-11016.2515,5.6021,87.921967779,4.1,False,False,False,False,-72686.553,8523.9087,   4   46   42   88 Mo    x  -72686.553       3.819      8523.9087     0.0434  B- -11016.2515     5.6021   87 921967.779       4.100   ,750.1039656,0.0038192,0.045454545454545456,1,1
2020,45,43,88,Tc,x,-61670.301,4.099,8389.8338,0.0466,B-,-7331.0,300.0,87.933794211,4.4,False,False,True,False,-61670.301,8389.8338,   2   45   43   88 Tc    x  -61670.301       4.099      8389.8338     0.0466  B-  -7331#       300#       87 933794.211       4.400   ,738.3053744000001,0.004100800000000001,0.022727272727272728,0,0
2020,55,34,89,Se,x,-58992.398,3.729,8435.2799,0.0419,B-,9281.873,4.951,88.936669058,4.003,False,False,False,False,-58992.398,8435.2799,  21   55   34   89 Se    x  -58992.398       3.729      8435.2799     0.0419  B-   9281.8730     4.9510   88 936669.058       4.003   ,750.7399110999999,0.0037291,0.23595505617977527,0,1
2020,54,35,89,Br,x,-68274.271,3.264,8530.7802,0.0367,B-,8261.5231,3.9045,88.926704558,3.504,False,False,False,False,-68274.271,8530.7802,  19   54   35   89 Br    x  -68274.271       3.264      8530.7802     0.0367  B-   8261.5231     3.9045   88 926704.558       3.504   ,759.2394377999999,0.0032663,0.21348314606741572,1,0
2020,53,36,89,Kr,x,-76535.795,2.142,8614.8158,0.0241,B-,5176.6042,5.8342,88.917835449,2.3,False,False,False,False,-76535.795,8614.8158,  17   53   36   89 Kr    x  -76535.795       2.142      8614.8158     0.0241  B-   5176.6042     5.8342   88 917835.449       2.300   ,766.7186062000001,0.0021449,0.19101123595505617,0,1
2020,52,37,89,Rb,,-81712.399,5.427,8664.1895,0.061,B-,4496.6278,5.4265,88.912278136,5.825,False,False,False,False,-81712.399,8664.1895,  15   52   37   89 Rb       -81712.399       5.427      8664.1895     0.0610  B-   4496.6278     5.4265   88 912278.136       5.825   ,771.1128655000001,0.005429000000000001,0.16853932584269662,1,0
2020,51,38,89,Sr,,-86209.026,0.092,8705.923,0.0011,B-,1502.1757,0.351,88.907450808,0.098,False,False,False,False,-86209.026,8705.9230,  13   51   38   89 Sr       -86209.026       0.092      8705.9230     0.0011  B-   1502.1757     0.3510   88 907450.808       0.098   ,774.8271470000001,9.79e-05,0.14606741573033707,0,1
2020,50,39,89,Y,,-87711.202,0.339,8714.011,0.0038,B-,-2833.2285,2.7652,88.905838156,0.363,False,False,False,False,-87711.202,8714.0110,  11   50   39   89 Y        -87711.202       0.339      8714.0110     0.0038  B-  -2833.2285     2.7652   88 905838.156       0.363   ,775.5469790000001,0.0003382,0.12359550561797752,1,0
2020,49,40,89,Zr,,-84877.974,2.78,8673.3865,0.0312,B-,-4252.2191,23.7199,88.908879751,2.983,False,False,False,False,-84877.974,8673.3865,   9   49   40   89 Zr       -84877.974       2.780      8673.3865     0.0312  B-  -4252.2191    23.7199   88 908879.751       2.983   ,771.9313985,0.0027768,0.10112359550561797,0,1
2020,48,41,89,Nb,,-80625.755,23.63,8616.8184,0.2655,B-,-5610.8105,23.9513,88.913444696,25.367,False,False,False,False,-80625.755,8616.8184,   7   48   41   89 Nb       -80625.755      23.630      8616.8184     0.2655  B-  -5610.8105    23.9513   88 913444.696      25.367   ,766.8968376,0.0236295,0.07865168539325842,1,0
2020,47,42,89,Mo,x,-75014.944,3.912,8544.9851,0.044,B-,-7620.0875,5.4673,88.919468149,4.2,False,False,False,False,-75014.944,8544.9851,   5   47   42   89 Mo    x  -75014.944       3.912      8544.9851     0.0440  B-  -7620.0875     5.4673   88 919468.149       4.200   ,760.5036739,0.003916,0.056179775280898875,0,1
2020,46,43,89,Tc,x,-67394.857,3.819,8450.5758,0.0429,B-,-9025.4327,24.5181,88.927648649,4.1,False,False,False,False,-67394.857,8450.5758,   3   46   43   89 Tc    x  -67394.857       3.819      8450.5758     0.0429  B-  -9025.4327    24.5181   88 927648.649       4.100   ,752.1012462000001,0.0038181000000000005,0.033707865168539325,1,0
2020,45,44,89,Ru,x,-58369.424,24.219,8340.376,0.2721,B-,-12719.0,361.0,88.937337849,26.0,False,False,True,False,-58369.424,8340.3760,   1   45   44   89 Ru    x  -58369.424      24.219      8340.3760     0.2721  B- -12719#       361#       88 937337.849      26.000   ,742.2934640000001,0.024216900000000003,0.011235955056179775,0,1
2020,56,34,90,Se,x,-55800.223,329.749,8395.7672,3.6639,B-,8200.0834,329.766,89.940096,354.0,False,False,False,False,-55800.223,8395.7672,  22   56   34   90 Se    x  -55800.223     329.749      8395.7672     3.6639  B-   8200.0834   329.7660   89 940096.000     354.000   ,755.619048,0.32975099999999996,0.24444444444444444,1,1
2020,55,35,90,Br,x,-64000.306,3.357,8478.1865,0.0373,B-,10958.9533,3.8396,89.931292848,3.604,False,False,False,False,-64000.306,8478.1865,  20   55   35   90 Br    x  -64000.306       3.357      8478.1865     0.0373  B-  10958.9533     3.8396   89 931292.848       3.604   ,763.036785,0.003357,0.2222222222222222,0,0
2020,54,36,90,Kr,x,-74959.259,1.863,8591.2599,0.0207,B-,4406.3133,6.7158,89.919527929,2.0,False,False,False,False,-74959.259,8591.2599,  18   54   36   90 Kr    x  -74959.259       1.863      8591.2599     0.0207  B-   4406.3133     6.7158   89 919527.929       2.000   ,773.213391,0.001863,0.2,1,1
2020,53,37,90,Rb,,-79365.573,6.452,8631.5262,0.0717,B-,6585.3721,6.4806,89.914797557,6.926,False,False,False,False,-79365.573,8631.5262,  16   53   37   90 Rb       -79365.573       6.452      8631.5262     0.0717  B-   6585.3721     6.4806   89 914797.557       6.926   ,776.837358,0.006453,0.17777777777777778,0,0
2020,52,38,90,Sr,,-85950.945,1.449,8696.0043,0.0161,B-,545.9674,1.406,89.90772787,1.555,False,False,False,False,-85950.945,8696.0043,  14   52   38   90 Sr       -85950.945       1.449      8696.0043     0.0161  B-    545.9674     1.4060   89 907727.870       1.555   ,782.6403870000001,0.001449,0.15555555555555556,1,1
2020,51,39,90,Y,,-86496.912,0.354,8693.3778,0.0039,B-,2275.635,0.3726,89.907141749,0.379,False,False,False,False,-86496.912,8693.3778,  12   51   39   90 Y        -86496.912       0.354      8693.3778     0.0039  B-   2275.6350     0.3726   89 907141.749       0.379   ,782.404002,0.00035099999999999997,0.13333333333333333,0,0
2020,50,40,90,Zr,,-88772.547,0.118,8709.9699,0.0013,B-,-6111.0165,3.3163,89.904698755,0.126,False,False,False,False,-88772.547,8709.9699,  10   50   40   90 Zr       -88772.547       0.118      8709.9699     0.0013  B-  -6111.0165     3.3163   89 904698.755       0.126   ,783.897291,0.000117,0.1111111111111111,1,1
2020,49,41,90,Nb,,-82661.531,3.317,8633.377,0.0369,B-,-2489.0165,3.3163,89.911259201,3.561,False,False,False,False,-82661.531,8633.3770,   8   49   41   90 Nb       -82661.531       3.317      8633.3770     0.0369  B-  -2489.0165     3.3163   89 911259.201       3.561   ,777.0039300000001,0.003321,0.08888888888888889,0,0
2020,48,42,90,Mo,,-80172.514,3.463,8597.0285,0.0385,B-,-9447.8181,3.611,89.91393127,3.717,False,False,False,False,-80172.514,8597.0285,   6   48   42   90 Mo       -80172.514       3.463      8597.0285     0.0385  B-  -9447.8181     3.6110   89 913931.270       3.717   ,773.732565,0.0034649999999999998,0.06666666666666667,1,1
2020,47,43,90,Tc,x,-70724.696,1.025,8483.36,0.0114,B-,-5840.8951,3.8685,89.924073919,1.1,False,False,False,False,-70724.696,8483.3600,   4   47   43   90 Tc    x  -70724.696       1.025      8483.3600     0.0114  B-  -5840.8951     3.8685   89 924073.919       1.100   ,763.5024000000001,0.001026,0.044444444444444446,0,0
2020,46,44,90,Ru,,-64883.801,3.73,8409.7684,0.0414,B-,-13250.0,200.0,89.930344378,4.004,False,False,True,False,-64883.801,8409.7684,   2   46   44   90 Ru       -64883.801       3.730      8409.7684     0.0414  B- -13250#       200#       89 930344.378       4.004   ,756.8791560000001,0.003726,0.022222222222222223,1,1
2020,57,34,91,Se,x,-50580.13,433.145,8334.8382,4.7598,B-,10527.1716,433.1593,90.9457,465.0,False,False,False,False,-50580.130,8334.8382,  23   57   34   91 Se    x  -50580.130     433.145      8334.8382     4.7598  B-  10527.1716   433.1593   90 945700.000     465.000   ,758.4702762,0.4331418,0.25274725274725274,0,1
2020,56,35,91,Br,-n2p,-61107.301,3.543,8441.9242,0.0389,B-,9866.6724,4.1898,90.934398617,3.804,False,False,False,False,-61107.301,8441.9242,  21   56   35   91 Br -n2p  -61107.301       3.543      8441.9242     0.0389  B-   9866.6724     4.1898   90 934398.617       3.804   ,768.2151021999999,0.0035399,0.23076923076923078,1,0
2020,55,36,91,Kr,x,-70973.974,2.236,8541.7519,0.0246,B-,6771.0748,8.1153,90.923806309,2.4,False,False,False,False,-70973.974,8541.7519,  19   55   36   91 Kr    x  -70973.974       2.236      8541.7519     0.0246  B-   6771.0748     8.1153   90 923806.309       2.400   ,777.2994228999999,0.0022386,0.2087912087912088,0,1
2020,54,37,91,Rb,,-77745.049,7.801,8607.5621,0.0857,B-,5906.901,8.8732,90.916537261,8.375,False,False,False,False,-77745.049,8607.5621,  17   54   37   91 Rb       -77745.049       7.801      8607.5621     0.0857  B-   5906.9010     8.8732   90 916537.261       8.375   ,783.2881510999999,0.0077987,0.18681318681318682,1,0
2020,53,38,91,Sr,,-83651.95,5.453,8663.8759,0.0599,B-,2699.3714,5.2468,90.910195942,5.853,False,False,False,False,-83651.950,8663.8759,  15   53   38   91 Sr       -83651.950       5.453      8663.8759     0.0599  B-   2699.3714     5.2468   90 910195.942       5.853   ,788.4127068999999,0.0054509,0.16483516483516483,0,1
2020,52,39,91,Y,,-86351.321,1.843,8684.9421,0.0203,B-,1544.271,1.8403,90.907298048,1.978,False,False,False,False,-86351.321,8684.9421,  13   52   39   91 Y        -86351.321       1.843      8684.9421     0.0203  B-   1544.2710     1.8403   90 907298.048       1.978   ,790.3297311,0.0018472999999999999,0.14285714285714285,1,0
2020,51,40,91,Zr,,-87895.592,0.095,8693.3149,0.0011,B-,-1257.5644,2.9243,90.905640205,0.101,False,False,False,False,-87895.592,8693.3149,  11   51   40   91 Zr       -87895.592       0.095      8693.3149     0.0011  B-  -1257.5644     2.9243   90 905640.205       0.101   ,791.0916558999999,0.00010010000000000001,0.12087912087912088,0,1
2020,50,41,91,Nb,,-86638.028,2.926,8670.8983,0.0322,B-,-4429.1934,6.7439,90.906990256,3.14,False,False,False,False,-86638.028,8670.8983,   9   50   41   91 Nb       -86638.028       2.926      8670.8983     0.0322  B-  -4429.1934     6.7439   90 906990.256       3.140   ,789.0517453000001,0.0029302,0.0989010989010989,1,0
2020,49,42,91,Mo,,-82208.834,6.238,8613.6286,0.0686,B-,-6222.1768,6.6706,90.91174519,6.696,False,False,False,False,-82208.834,8613.6286,   7   49   42   91 Mo       -82208.834       6.238      8613.6286     0.0686  B-  -6222.1768     6.6706   90 911745.190       6.696   ,783.8402026,0.006242599999999999,0.07692307692307693,0,1
2020,48,43,91,Tc,,-75986.657,2.363,8536.6558,0.026,B-,-7746.8246,3.2422,90.918424972,2.536,False,False,False,False,-75986.657,8536.6558,   5   48   43   91 Tc       -75986.657       2.363      8536.6558     0.0260  B-  -7746.8246     3.2422   90 918424.972       2.536   ,776.8356778000001,0.002366,0.054945054945054944,1,0
2020,47,44,91,Ru,,-68239.833,2.221,8442.9287,0.0244,B-,-9670.0,298.0,90.92674153,2.384,False,False,True,False,-68239.833,8442.9287,   3   47   44   91 Ru       -68239.833       2.221      8442.9287     0.0244  B-  -9670#       298#       90 926741.530       2.384   ,768.3065117,0.0022204,0.03296703296703297,0,1
2020,57,35,92,Br,x,-56232.812,6.709,8384.9123,0.0729,B-,12536.5161,7.2322,91.939631595,7.202,False,False,False,False,-56232.812,8384.9123,  22   57   35   92 Br    x  -56232.812       6.709      8384.9123     0.0729  B-  12536.5161     7.2322   91 939631.595       7.202   ,771.4119316,0.006706800000000001,0.2391304347826087,0,0
2020,56,36,92,Kr,x,-68769.329,2.701,8512.675,0.0294,B-,6003.121,6.6924,91.926173092,2.9,False,False,False,False,-68769.329,8512.6750,  20   56   36   92 Kr    x  -68769.329       2.701      8512.6750     0.0294  B-   6003.1210     6.6924   91 926173.092       2.900   ,783.1661,0.0027048000000000003,0.21739130434782608,1,1
2020,55,37,92,Rb,,-74772.45,6.123,8569.4225,0.0666,B-,8094.9212,6.4187,91.919728477,6.573,False,False,False,False,-74772.450,8569.4225,  18   55   37   92 Rb       -74772.450       6.123      8569.4225     0.0666  B-   8094.9212     6.4187   91 919728.477       6.573   ,788.3868700000002,0.0061272,0.1956521739130435,0,0
2020,54,38,92,Sr,,-82867.371,3.423,8648.907,0.0372,B-,1949.1237,9.3841,91.911038222,3.675,False,False,False,False,-82867.371,8648.9070,  16   54   38   92 Sr       -82867.371       3.423      8648.9070     0.0372  B-   1949.1237     9.3841   91 911038.222       3.675   ,795.6994439999999,0.0034223999999999995,0.17391304347826086,1,1
2020,53,39,92,Y,,-84816.494,9.127,8661.5894,0.0992,B-,3642.5294,9.1271,91.908945752,9.798,False,False,False,False,-84816.494,8661.5894,  14   53   39   92 Y        -84816.494       9.127      8661.5894     0.0992  B-   3642.5294     9.1271   91 908945.752       9.798   ,796.8662248,0.0091264,0.15217391304347827,0,0
2020,52,40,92,Zr,,-88459.024,0.094,8692.6783,0.0011,B-,-2005.7335,1.7823,91.905035336,0.101,False,False,False,False,-88459.024,8692.6783,  12   52   40   92 Zr       -88459.024       0.094      8692.6783     0.0011  B-  -2005.7335     1.7823   91 905035.336       0.101   ,799.7264035999999,0.00010120000000000001,0.13043478260869565,1,1
2020,51,41,92,Nb,,-86453.29,1.784,8662.3731,0.0194,B-,355.2968,1.7911,91.90718858,1.915,False,False,False,False,-86453.290,8662.3731,  10   51   41   92 Nb       -86453.290       1.784      8662.3731     0.0194  B-    355.2968     1.7911   91 907188.580       1.915   ,796.9383252000001,0.0017848000000000002,0.10869565217391304,0,0
2020,50,42,92,Mo,,-86808.587,0.157,8657.7312,0.0017,B-,-7882.8841,3.1063,91.906807153,0.168,False,False,False,False,-86808.587,8657.7312,   8   50   42   92 Mo       -86808.587       0.157      8657.7312     0.0017  B-  -7882.8841     3.1063   91 906807.153       0.168   ,796.5112704000001,0.00015639999999999998,0.08695652173913043,1,1
2020,49,43,92,Tc,,-78925.703,3.102,8563.544,0.0337,B-,-4624.4922,4.1246,91.915269777,3.33,False,False,False,False,-78925.703,8563.5440,   6   49   43   92 Tc       -78925.703       3.102      8563.5440     0.0337  B-  -4624.4922     4.1246   91 915269.777       3.330   ,787.846048,0.0031004,0.06521739130434782,0,0
2020,48,44,92,Ru,,-74301.211,2.718,8504.774,0.0295,B-,-11302.1155,5.1531,91.920234373,2.917,False,False,False,False,-74301.211,8504.7740,   4   48   44   92 Ru       -74301.211       2.718      8504.7740     0.0295  B- -11302.1155     5.1531   91 920234.373       2.917   ,782.439208,0.002714,0.043478260869565216,1,1
2020,47,45,92,Rh,x,-62999.095,4.378,8373.4211,0.0476,B-,-8220.0,345.0,91.932367692,4.7,False,False,False,False,-62999.095,8373.4211,   2   47   45   92 Rh    x  -62999.095       4.378      8373.4211     0.0476  B-  -8220.0000   345.0000   91 932367.692       4.700   ,770.3547411999999,0.0043792,0.021739130434782608,0,0
2020,46,46,92,Pd,-,-54779.095,345.028,8275.5695,3.7503,B-,-17249.0,528.0,91.941192225,370.402,False,False,True,False,-54779.095,8275.5695,   0   46   46   92 Pd    -  -54779.095     345.028      8275.5695     3.7503  B- -17249#       528#       91 941192.225     370.402   ,761.352394,0.3450276,0.0,1,1
2020,58,35,93,Br,x,-52890.235,430.816,8345.5986,4.6324,B-,11245.7673,430.8234,92.94322,462.5,False,False,False,False,-52890.235,8345.5986,  23   58   35   93 Br    x  -52890.235     430.816      8345.5986     4.6324  B-  11245.7673   430.8234   92 943220.000     462.500   ,776.1406698,0.43081319999999995,0.24731182795698925,1,0
2020,57,36,93,Kr,x,-64136.002,2.515,8458.1085,0.027,B-,8483.8977,8.2243,92.931147172,2.7,False,False,False,False,-64136.002,8458.1085,  21   57   36   93 Kr    x  -64136.002       2.515      8458.1085     0.0270  B-   8483.8977     8.2243   92 931147.172       2.700   ,786.6040905000001,0.002511,0.22580645161290322,0,1
2020,56,37,93,Rb,,-72619.9,7.83,8540.9209,0.0842,B-,7465.9434,8.8761,92.922039334,8.406,False,False,False,False,-72619.900,8540.9209,  19   56   37   93 Rb       -72619.900       7.830      8540.9209     0.0842  B-   7465.9434     8.8761   92 922039.334       8.406   ,794.3056436999999,0.0078306,0.20430107526881722,1,0
2020,55,38,93,Sr,,-80085.844,7.554,8612.7875,0.0812,B-,4141.3118,11.6972,92.914024314,8.109,False,False,False,False,-80085.844,8612.7875,  17   55   38   93 Sr       -80085.844       7.554      8612.7875     0.0812  B-   4141.3118    11.6972   92 914024.314       8.109   ,800.9892375000001,0.0075515999999999995,0.1827956989247312,0,1
2020,54,39,93,Y,,-84227.155,10.488,8648.9054,0.1128,B-,2894.8723,10.483,92.909578434,11.259,False,False,False,False,-84227.155,8648.9054,  15   54   39   93 Y        -84227.155      10.488      8648.9054     0.1128  B-   2894.8723    10.4830   92 909578.434      11.259   ,804.3482022,0.010490399999999999,0.16129032258064516,1,0
2020,53,40,93,Zr,,-87122.028,0.456,8671.6207,0.0049,B-,90.8123,1.4838,92.906470661,0.489,False,False,False,False,-87122.028,8671.6207,  13   53   40   93 Zr       -87122.028       0.456      8671.6207     0.0049  B-     90.8123     1.4838   92 906470.661       0.489   ,806.4607250999999,0.0004557,0.13978494623655913,0,1
2020,52,41,93,Nb,,-87212.84,1.49,8664.1849,0.016,B-,-405.7609,1.5012,92.90637317,1.599,False,False,False,False,-87212.840,8664.1849,  11   52   41   93 Nb       -87212.840       1.490      8664.1849     0.0160  B-   -405.7609     1.5012   92 906373.170       1.599   ,805.7691957000001,0.001488,0.11827956989247312,1,0
2020,51,42,93,Mo,-n,-86807.079,0.181,8651.4095,0.002,B-,-3200.9629,1.004,92.906808772,0.193,False,False,False,False,-86807.079,8651.4095,   9   51   42   93 Mo   -n  -86807.079       0.181      8651.4095     0.0020  B-  -3200.9629     1.0040   92 906808.772       0.193   ,804.5810835,0.000186,0.0967741935483871,0,1
2020,50,43,93,Tc,-p,-83606.116,1.012,8608.5782,0.0109,B-,-6389.3929,2.2995,92.910245147,1.086,False,False,False,False,-83606.116,8608.5782,   7   50   43   93 Tc   -p  -83606.116       1.012      8608.5782     0.0109  B-  -6389.3929     2.2995   92 910245.147       1.086   ,800.5977726,0.0010137,0.07526881720430108,1,0
2020,49,44,93,Ru,,-77216.723,2.065,8531.4627,0.0222,B-,-8204.9136,3.3425,92.917104442,2.216,False,False,False,False,-77216.723,8531.4627,   5   49   44   93 Ru       -77216.723       2.065      8531.4627     0.0222  B-  -8204.9136     3.3425   92 917104.442       2.216   ,793.4260311,0.0020646,0.053763440860215055,0,1
2020,48,45,93,Rh,,-69011.81,2.629,8434.8255,0.0283,B-,-10030.0,370.0,92.925912778,2.821,False,False,False,False,-69011.810,8434.8255,   3   48   45   93 Rh       -69011.810       2.629      8434.8255     0.0283  B- -10030.0000   370.0000   92 925912.778       2.821   ,784.4387715,0.0026319,0.03225806451612903,1,0
2020,47,46,93,Pd,-,-58981.81,370.009,8318.5637,3.9786,B-,-12582.0,545.0,92.936680426,397.221,False,False,True,False,-58981.810,8318.5637,   1   47   46   93 Pd    -  -58981.810     370.009      8318.5637     3.9786  B- -12582#       545#       92 936680.426     397.221   ,773.6264241,0.37000980000000006,0.010752688172043012,0,1
2020,58,36,94,Kr,x,-61347.78,12.109,8424.3318,0.1288,B-,7215.0114,12.2782,93.934140452,13.0,False,False,False,False,-61347.780,8424.3318,  22   58   36   94 Kr    x  -61347.780      12.109      8424.3318     0.1288  B-   7215.0114    12.2782   93 934140.452      13.000   ,791.8871892,0.0121072,0.23404255319148937,1,1
2020,57,37,94,Rb,,-68562.791,2.029,8492.7644,0.0216,B-,10282.9297,2.623,93.926394819,2.177,False,False,False,False,-68562.791,8492.7644,  20   57   37   94 Rb       -68562.791       2.029      8492.7644     0.0216  B-  10282.9297     2.6230   93 926394.819       2.177   ,798.3198536,0.0020304000000000003,0.2127659574468085,0,0
2020,56,38,94,Sr,,-78845.721,1.663,8593.8344,0.0177,B-,3505.7517,6.422,93.915355641,1.785,False,False,False,False,-78845.721,8593.8344,  18   56   38   94 Sr       -78845.721       1.663      8593.8344     0.0177  B-   3505.7517     6.4220   93 915355.641       1.785   ,807.8204336,0.0016638,0.19148936170212766,1,1
2020,55,39,94,Y,,-82351.473,6.38,8622.8068,0.0679,B-,4917.8589,6.3799,93.911592062,6.849,False,False,False,False,-82351.473,8622.8068,  16   55   39   94 Y        -82351.473       6.380      8622.8068     0.0679  B-   4917.8589     6.3799   93 911592.062       6.849   ,810.5438392000001,0.0063826,0.1702127659574468,0,0
2020,54,40,94,Zr,,-87269.332,0.164,8666.8016,0.0018,B-,-900.2684,1.5,93.906312523,0.175,False,False,False,False,-87269.332,8666.8016,  14   54   40   94 Zr       -87269.332       0.164      8666.8016     0.0018  B-   -900.2684     1.5000   93 906312.523       0.175   ,814.6793504000001,0.0001692,0.14893617021276595,1,1
2020,53,41,94,Nb,,-86369.063,1.491,8648.9014,0.0159,B-,2045.0163,1.4937,93.907279001,1.6,False,False,False,False,-86369.063,8648.9014,  12   53   41   94 Nb       -86369.063       1.491      8648.9014     0.0159  B-   2045.0163     1.4937   93 907279.001       1.600   ,812.9967316000001,0.0014946000000000002,0.1276595744680851,0,0
2020,52,42,94,Mo,,-88414.079,0.141,8662.3341,0.0015,B-,-4255.7476,4.0687,93.905083586,0.151,False,False,False,False,-88414.079,8662.3341,  10   52   42   94 Mo       -88414.079       0.141      8662.3341     0.0015  B-  -4255.7476     4.0687   93 905083.586       0.151   ,814.2594054,0.000141,0.10638297872340426,1,1
2020,51,43,94,Tc,-,-84158.332,4.071,8608.7373,0.0433,B-,-1574.7296,5.1433,93.909652319,4.37,False,False,False,False,-84158.332,8608.7373,   8   51   43   94 Tc    -  -84158.332       4.071      8608.7373     0.0433  B-  -1574.7296     5.1433   93 909652.319       4.370   ,809.2213062000001,0.0040701999999999995,0.0851063829787234,0,0
2020,50,44,94,Ru,,-82583.602,3.143,8583.662,0.0334,B-,-9675.9789,4.615,93.91134286,3.374,False,False,False,False,-82583.602,8583.6620,   6   50   44   94 Ru       -82583.602       3.143      8583.6620     0.0334  B-  -9675.9789     4.6150   93 911342.860       3.374   ,806.864228,0.0031395999999999998,0.06382978723404255,1,1
2020,49,45,94,Rh,,-72907.623,3.379,8472.4033,0.0359,B-,-6805.3428,5.4588,93.92173045,3.627,False,False,False,False,-72907.623,8472.4033,   4   49   45   94 Rh       -72907.623       3.379      8472.4033     0.0359  B-  -6805.3428     5.4588   93 921730.450       3.627   ,796.4059102,0.0033746,0.0425531914893617,0,0
2020,48,46,94,Pd,x,-66102.281,4.287,8391.6832,0.0456,B-,-13700.0,400.0,93.929036286,4.602,False,False,True,False,-66102.281,8391.6832,   2   48   46   94 Pd    x  -66102.281       4.287      8391.6832     0.0456  B- -13700#       400#       93 929036.286       4.602   ,788.8182208000001,0.0042864,0.02127659574468085,1,1
2020,59,36,95,Kr,x,-56158.92,18.63,8365.9963,0.1961,B-,9731.3868,27.5124,94.939710922,20.0,False,False,False,False,-56158.920,8365.9963,  23   59   36   95 Kr    x  -56158.920      18.630      8365.9963     0.1961  B-   9731.3868    27.5124   94 939710.922      20.000   ,794.7696485,0.0186295,0.24210526315789474,0,1
2020,58,37,95,Rb,,-65890.307,20.245,8460.1967,0.2131,B-,9226.9772,20.2036,94.929263849,21.733,False,False,False,False,-65890.307,8460.1967,  21   58   37   95 Rb       -65890.307      20.245      8460.1967     0.2131  B-   9226.9772    20.2036   94 929263.849      21.733   ,803.7186865000001,0.020244500000000002,0.22105263157894736,1,0
2020,57,38,95,Sr,,-75117.284,5.81,8549.0875,0.0612,B-,6090.6528,7.2395,94.919358282,6.237,False,False,False,False,-75117.284,8549.0875,  19   57   38   95 Sr       -75117.284       5.810      8549.0875     0.0612  B-   6090.6528     7.2395   94 919358.282       6.237   ,812.1633125,0.005814,0.2,0,1
2020,56,39,95,Y,,-81207.937,6.779,8604.9644,0.0714,B-,4452.0031,6.7718,94.912819697,7.277,False,False,False,False,-81207.937,8604.9644,  17   56   39   95 Y        -81207.937       6.779      8604.9644     0.0714  B-   4452.0031     6.7718   94 912819.697       7.277   ,817.471618,0.006783,0.17894736842105263,1,0
2020,55,40,95,Zr,,-85659.94,0.869,8643.5924,0.0092,B-,1126.3312,0.9854,94.908040276,0.933,False,False,False,False,-85659.940,8643.5924,  15   55   40   95 Zr       -85659.940       0.869      8643.5924     0.0092  B-   1126.3312     0.9854   94 908040.276       0.933   ,821.1412779999999,0.000874,0.15789473684210525,0,1
2020,54,41,95,Nb,,-86786.272,0.508,8647.2133,0.0054,B-,925.6009,0.4938,94.90683111,0.545,False,False,False,False,-86786.272,8647.2133,  13   54   41   95 Nb       -86786.272       0.508      8647.2133     0.0054  B-    925.6009     0.4938   94 906831.110       0.545   ,821.4852635,0.000513,0.1368421052631579,1,0
2020,53,42,95,Mo,,-87711.872,0.123,8648.7212,0.0013,B-,-1690.5175,5.0782,94.905837436,0.132,False,False,False,False,-87711.872,8648.7212,  11   53   42   95 Mo       -87711.872       0.123      8648.7212     0.0013  B-  -1690.5175     5.0782   94 905837.436       0.132   ,821.628514,0.0001235,0.11578947368421053,0,1
2020,52,43,95,Tc,,-86021.355,5.08,8622.6911,0.0535,B-,-2563.5961,10.531,94.907652281,5.453,False,False,False,False,-86021.355,8622.6911,   9   52   43   95 Tc       -86021.355       5.080      8622.6911     0.0535  B-  -2563.5961    10.5310   94 907652.281       5.453   ,819.1556545,0.005082499999999999,0.09473684210526316,1,0
2020,51,44,95,Ru,,-83457.759,9.502,8587.4706,0.1,B-,-5117.1423,10.2656,94.910404415,10.2,False,False,False,False,-83457.759,8587.4706,   7   51   44   95 Ru       -83457.759       9.502      8587.4706     0.1000  B-  -5117.1423    10.2656   94 910404.415      10.200   ,815.809707,0.0095,0.07368421052631578,0,1
2020,50,45,95,Rh,,-78340.616,3.886,8525.3707,0.0409,B-,-8374.7035,4.9281,94.915897893,4.171,False,False,False,False,-78340.616,8525.3707,   5   50   45   95 Rh       -78340.616       3.886      8525.3707     0.0409  B-  -8374.7035     4.9281   94 915897.893       4.171   ,809.9102164999999,0.0038855,0.05263157894736842,1,0
2020,49,46,95,Pd,x,-69965.913,3.031,8428.9807,0.0319,B-,-10060.0,400.0,94.924888506,3.253,False,False,True,False,-69965.913,8428.9807,   3   49   46   95 Pd    x  -69965.913       3.031      8428.9807     0.0319  B- -10060#       400#       94 924888.506       3.253   ,800.7531665,0.0030304999999999998,0.031578947368421054,0,1
2020,60,36,96,Kr,,-53081.682,19.277,8330.8721,0.2008,B-,8272.6693,19.5669,95.943014473,20.695,False,False,False,False,-53081.682,8330.8721,  24   60   36   96 Kr       -53081.682      19.277      8330.8721     0.2008  B-   8272.6693    19.5669   95 943014.473      20.695   ,799.7637216,0.0192768,0.25,1,1
2020,59,37,96,Rb,,-61354.351,3.353,8408.8963,0.0349,B-,11563.897,9.1062,95.934133398,3.599,False,False,False,False,-61354.351,8408.8963,  22   59   37   96 Rb       -61354.351       3.353      8408.8963     0.0349  B-  11563.8970     9.1062   95 934133.398       3.599   ,807.2540448000001,0.0033504,0.22916666666666666,0,0
2020,58,38,96,Sr,,-72918.248,8.466,8521.2041,0.0882,B-,5411.738,9.7257,95.921719045,9.089,False,False,False,False,-72918.248,8521.2041,  20   58   38   96 Sr       -72918.248       8.466      8521.2041     0.0882  B-   5411.7380     9.7257   95 921719.045       9.089   ,818.0355936,0.0084672,0.20833333333333334,1,1
2020,57,39,96,Y,,-78329.986,6.075,8569.4269,0.0633,B-,7108.8741,6.074,95.915909305,6.521,False,False,False,False,-78329.986,8569.4269,  18   57   39   96 Y        -78329.986       6.075      8569.4269     0.0633  B-   7108.8741     6.0740   95 915909.305       6.521   ,822.6649824000001,0.006076799999999999,0.1875,0,0
2020,56,40,96,Zr,,-85438.86,0.114,8635.3283,0.0012,B-,163.9704,0.1,95.908277615,0.122,False,False,False,False,-85438.860,8635.3283,  16   56   40   96 Zr       -85438.860       0.114      8635.3283     0.0012  B-    163.9704     0.1000   95 908277.615       0.122   ,828.9915167999999,0.0001152,0.16666666666666666,1,1
2020,55,41,96,Nb,,-85602.83,0.147,8628.8868,0.0015,B-,3192.059,0.107,95.908101586,0.157,False,False,False,False,-85602.830,8628.8868,  14   55   41   96 Nb       -85602.830       0.147      8628.8868     0.0015  B-   3192.0590     0.1070   95 908101.586       0.157   ,828.3731328,0.000144,0.14583333333333334,0,0
2020,54,42,96,Mo,,-88794.889,0.12,8653.988,0.0013,B-,-2973.2411,5.145,95.90467477,0.128,False,False,False,False,-88794.889,8653.9880,  12   54   42   96 Mo       -88794.889       0.120      8653.9880     0.0013  B-  -2973.2411     5.1450   95 904674.770       0.128   ,830.782848,0.0001248,0.125,1,1
2020,53,43,96,Tc,-,-85821.648,5.146,8614.8673,0.0536,B-,258.7369,5.1464,95.907866675,5.524,False,False,False,False,-85821.648,8614.8673,  10   53   43   96 Tc    -  -85821.648       5.146      8614.8673     0.0536  B-    258.7369     5.1464   95 907866.675       5.524   ,827.0272608,0.0051456,0.10416666666666667,0,0
2020,52,44,96,Ru,,-86080.385,0.17,8609.413,0.0018,B-,-6392.6529,10.0,95.90758891,0.182,False,False,False,False,-86080.385,8609.4130,   8   52   44   96 Ru       -86080.385       0.170      8609.4130     0.0018  B-  -6392.6529    10.0000   95 907588.910       0.182   ,826.503648,0.0001728,0.08333333333333333,1,1
2020,51,45,96,Rh,-,-79687.732,10.001,8534.6735,0.1042,B-,-3504.3127,10.8442,95.914451705,10.737,False,False,False,False,-79687.732,8534.6735,   6   51   45   96 Rh    -  -79687.732      10.001      8534.6735     0.1042  B-  -3504.3127    10.8442   95 914451.705      10.737   ,819.328656,0.0100032,0.0625,0,0
2020,50,46,96,Pd,x,-76183.42,4.194,8490.0207,0.0437,B-,-11671.7741,90.1814,95.918213739,4.502,False,False,False,False,-76183.420,8490.0207,   4   50   46   96 Pd    x  -76183.420       4.194      8490.0207     0.0437  B- -11671.7741    90.1814   95 918213.739       4.502   ,815.0419871999999,0.0041952,0.041666666666666664,1,1
2020,49,47,96,Ag,ep,-64511.645,90.084,8360.2903,0.9384,B-,-8940.0,400.0,95.930743903,96.708,False,False,True,False,-64511.645,8360.2903,   2   49   47   96 Ag   ep  -64511.645      90.084      8360.2903     0.9384  B-  -8940#       400#       95 930743.903      96.708   ,802.5878688,0.0900864,0.020833333333333332,0,0
2020,61,36,97,Kr,x,-47423.499,130.409,8269.8645,1.3444,B-,11095.646,130.4232,96.949088782,140.0,False,False,False,False,-47423.499,8269.8645,  25   61   36   97 Kr    x  -47423.499     130.409      8269.8645     1.3444  B-  11095.6460   130.4232   96 949088.782     140.000   ,802.1768565,0.13040680000000002,0.25773195876288657,0,1
2020,60,37,97,Rb,,-58519.145,1.912,8376.1872,0.0197,B-,10061.5295,3.8872,96.937177117,2.052,False,False,False,False,-58519.145,8376.1872,  23   60   37   97 Rb       -58519.145       1.912      8376.1872     0.0197  B-  10061.5295     3.8872   96 937177.117       2.052   ,812.4901584,0.0019108999999999999,0.23711340206185566,1,0
2020,59,38,97,Sr,,-68580.674,3.385,8471.8489,0.0349,B-,7534.7807,7.5131,96.926375621,3.633,False,False,False,False,-68580.674,8471.8489,  21   59   38   97 Sr       -68580.674       3.385      8471.8489     0.0349  B-   7534.7807     7.5131   96 926375.621       3.633   ,821.7693433000001,0.0033853,0.21649484536082475,0,1
2020,58,39,97,Y,+,-76115.455,6.708,8541.4616,0.0692,B-,6821.2382,6.7068,96.918286702,7.201,False,False,False,False,-76115.455,8541.4616,  19   58   39   97 Y     +  -76115.455       6.708      8541.4616     0.0692  B-   6821.2382     6.7068   96 918286.702       7.201   ,828.5217752,0.0067123999999999994,0.1958762886597938,1,0
2020,57,40,97,Zr,,-82936.693,0.121,8603.7182,0.0013,B-,2666.1038,4.2435,96.910963802,0.13,False,False,False,False,-82936.693,8603.7182,  17   57   40   97 Zr       -82936.693       0.121      8603.7182     0.0013  B-   2666.1038     4.2435   96 910963.802       0.130   ,834.5606654,0.0001261,0.17525773195876287,0,1
2020,56,41,97,Nb,,-85602.797,4.244,8623.1384,0.0438,B-,1941.9038,4.2435,96.908101622,4.556,False,False,False,False,-85602.797,8623.1384,  15   56   41   97 Nb       -85602.797       4.244      8623.1384     0.0438  B-   1941.9038     4.2435   96 908101.622       4.556   ,836.4444248000001,0.0042486,0.15463917525773196,1,0
2020,55,42,97,Mo,,-87544.7,0.165,8635.0926,0.0017,B-,-320.264,4.1169,96.906016903,0.176,False,False,False,False,-87544.700,8635.0926,  13   55   42   97 Mo       -87544.700       0.165      8635.0926     0.0017  B-   -320.2640     4.1169   96 906016.903       0.176   ,837.6039822,0.0001649,0.13402061855670103,0,1
2020,54,43,97,Tc,,-87224.436,4.118,8623.7254,0.0425,B-,-1103.8722,4.9563,96.90636072,4.42,False,False,False,False,-87224.436,8623.7254,  11   54   43   97 Tc       -87224.436       4.118      8623.7254     0.0425  B-  -1103.8722     4.9563   96 906360.720       4.420   ,836.5013637999999,0.0041225,0.1134020618556701,1,0
2020,53,44,97,Ru,-n,-86120.564,2.763,8604.2799,0.0285,B-,-3523.0,35.3553,96.907545776,2.965,False,False,False,False,-86120.564,8604.2799,   9   53   44   97 Ru   -n  -86120.564       2.763      8604.2799     0.0285  B-  -3523.0000    35.3553   96 907545.776       2.965   ,834.6151503,0.0027645,0.09278350515463918,0,1
2020,52,45,97,Rh,-,-82597.564,35.463,8559.8949,0.3656,B-,-4791.7118,35.7924,96.911327872,38.071,False,False,False,False,-82597.564,8559.8949,   7   52   45   97 Rh    -  -82597.564      35.463      8559.8949     0.3656  B-  -4791.7118    35.7924   96 911327.872      38.071   ,830.3098052999999,0.0354632,0.07216494845360824,1,0
2020,51,46,97,Pd,x,-77805.852,4.844,8502.4303,0.0499,B-,-6901.8255,12.9558,96.916471985,5.2,False,False,False,False,-77805.852,8502.4303,   5   51   46   97 Pd    x  -77805.852       4.844      8502.4303     0.0499  B-  -6901.8255    12.9558   96 916471.985       5.200   ,824.7357391,0.0048403,0.05154639175257732,0,1
2020,50,47,97,Ag,x,-70904.027,12.016,8423.2121,0.1239,B-,-10170.0,420.0,96.9238814,12.9,False,False,False,False,-70904.027,8423.2121,   3   50   47   97 Ag    x  -70904.027      12.016      8423.2121     0.1239  B- -10170.0000   420.0000   96 923881.400      12.900   ,817.0515737000001,0.012018299999999999,0.030927835051546393,1,0
2020,49,48,97,Cd,-,-60734.027,420.172,8310.3013,4.3317,B-,-13344.0,580.0,96.934799343,451.073,False,False,True,False,-60734.027,8310.3013,   1   49   48   97 Cd    -  -60734.027     420.172      8310.3013     4.3317  B- -13344#       580#       96 934799.343     451.073   ,806.0992261,0.42017489999999996,0.010309278350515464,0,1
2020,61,37,98,Rb,,-54369.152,16.083,8330.7294,0.1641,B-,12053.2361,16.4029,97.941632317,17.265,False,False,False,False,-54369.152,8330.7294,  24   61   37   98 Rb       -54369.152      16.083      8330.7294     0.1641  B-  12053.2361    16.4029   97 941632.317      17.265   ,816.4114812,0.0160818,0.24489795918367346,0,0
2020,60,38,98,Sr,,-66422.389,3.226,8445.7385,0.0329,B-,5866.3591,8.5504,97.928692636,3.463,False,False,False,False,-66422.389,8445.7385,  22   60   38   98 Sr       -66422.389       3.226      8445.7385     0.0329  B-   5866.3591     8.5504   97 928692.636       3.463   ,827.6823729999999,0.0032241999999999995,0.22448979591836735,1,1
2020,59,39,98,Y,p-2n,-72288.748,7.919,8497.6162,0.0808,B-,8993.0098,11.5755,97.922394841,8.501,False,False,False,False,-72288.748,8497.6162,  20   59   39   98 Y  p-2n  -72288.748       7.919      8497.6162     0.0808  B-   8993.0098    11.5755   97 922394.841       8.501   ,832.7663876,0.0079184,0.20408163265306123,0,0
2020,58,40,98,Zr,,-81281.757,8.445,8581.3984,0.0862,B-,2242.8547,9.8134,97.912740448,9.065,False,False,False,False,-81281.757,8581.3984,  18   58   40   98 Zr       -81281.757       8.445      8581.3984     0.0862  B-   2242.8547     9.8134   97 912740.448       9.065   ,840.9770431999999,0.0084476,0.1836734693877551,1,1
2020,57,41,98,Nb,-pn,-83524.612,5.001,8596.3016,0.051,B-,4591.3681,5.0032,97.910332645,5.369,False,False,False,False,-83524.612,8596.3016,  16   57   41   98 Nb  -pn  -83524.612       5.001      8596.3016     0.0510  B-   4591.3681     5.0032   97 910332.645       5.369   ,842.4375568,0.004997999999999999,0.16326530612244897,0,0
2020,56,42,98,Mo,,-88115.98,0.174,8635.1691,0.0018,B-,-1683.7664,3.3768,97.905403609,0.186,False,False,False,False,-88115.980,8635.1691,  14   56   42   98 Mo       -88115.980       0.174      8635.1691     0.0018  B-  -1683.7664     3.3768   97 905403.609       0.186   ,846.2465718,0.0001764,0.14285714285714285,1,1
2020,55,43,98,Tc,,-86432.214,3.38,8610.0047,0.0345,B-,1792.6575,7.1568,97.907211206,3.628,False,False,False,False,-86432.214,8610.0047,  12   55   43   98 Tc       -86432.214       3.380      8610.0047     0.0345  B-   1792.6575     7.1568   97 907211.206       3.628   ,843.7804606,0.0033810000000000003,0.12244897959183673,0,0
2020,54,44,98,Ru,,-88224.871,6.463,8620.314,0.0659,B-,-5049.6529,10.0,97.905286709,6.937,False,False,False,False,-88224.871,8620.3140,  10   54   44   98 Ru       -88224.871       6.463      8620.3140     0.0659  B-  -5049.6529    10.0000   97 905286.709       6.937   ,844.790772,0.0064582,0.10204081632653061,1,1
2020,53,45,98,Rh,-,-83175.219,11.906,8560.8038,0.1215,B-,-1854.2331,12.8161,97.910707734,12.782,False,False,False,False,-83175.219,8560.8038,   8   53   45   98 Rh    -  -83175.219      11.906      8560.8038     0.1215  B-  -1854.2331    12.8161   97 910707.734      12.782   ,838.9587724,0.011907,0.08163265306122448,0,0
2020,52,46,98,Pd,,-81320.985,4.742,8533.8999,0.0484,B-,-8254.5607,33.0975,97.912698335,5.09,False,False,False,False,-81320.985,8533.8999,   6   52   46   98 Pd       -81320.985       4.742      8533.8999     0.0484  B-  -8254.5607    33.0975   97 912698.335       5.090   ,836.3221902,0.0047431999999999995,0.061224489795918366,1,1
2020,51,47,98,Ag,,-73066.425,32.907,8441.6866,0.3358,B-,-5430.0,40.0,97.92155997,35.327,False,False,False,False,-73066.425,8441.6866,   4   51   47   98 Ag       -73066.425      32.907      8441.6866     0.3358  B-  -5430.0000    40.0000   97 921559.970      35.327   ,827.2852868000001,0.0329084,0.04081632653061224,0,0
2020,50,48,98,Cd,-,-67636.425,51.797,8378.2953,0.5285,B-,-13730.0,300.0,97.927389315,55.605,False,False,True,False,-67636.425,8378.2953,   2   50   48   98 Cd    -  -67636.425      51.797      8378.2953     0.5285  B- -13730#       300#       97 927389.315      55.605   ,821.0729394,0.051793,0.02040816326530612,1,1
2020,62,37,99,Rb,x,-51121.15,4.031,8295.301,0.0407,B-,11397.3767,6.2201,98.94511919,4.327,False,False,False,False,-51121.150,8295.3010,  25   62   37   99 Rb    x  -51121.150       4.031      8295.3010     0.0407  B-  11397.3767     6.2201   98 945119.190       4.327   ,821.234799,0.0040293,0.25252525252525254,1,0
2020,61,38,99,Sr,,-62518.527,4.737,8402.5235,0.0479,B-,8125.2037,8.1353,98.932883604,5.085,False,False,False,False,-62518.527,8402.5235,  23   61   38   99 Sr       -62518.527       4.737      8402.5235     0.0479  B-   8125.2037     8.1353   98 932883.604       5.085   ,831.8498265,0.0047421,0.23232323232323232,0,1
2020,60,39,99,Y,x,-70643.73,6.615,8476.6938,0.0668,B-,6972.9398,12.4082,98.924160839,7.101,False,False,False,False,-70643.730,8476.6938,  21   60   39   99 Y     x  -70643.730       6.615      8476.6938     0.0668  B-   6972.9398    12.4082   98 924160.839       7.101   ,839.1926861999999,0.0066132,0.21212121212121213,1,0
2020,59,40,99,Zr,,-77616.67,10.499,8539.225,0.1061,B-,4718.6736,15.9474,98.916675081,11.271,False,False,False,False,-77616.670,8539.2250,  19   59   40   99 Zr       -77616.670      10.499      8539.2250     0.1061  B-   4718.6736    15.9474   98 916675.081      11.271   ,845.383275,0.0105039,0.1919191919191919,0,1
2020,58,41,99,Nb,+p,-82335.344,12.004,8578.9859,0.1213,B-,3634.7623,12.0059,98.911609377,12.886,False,False,False,False,-82335.344,8578.9859,  17   58   41   99 Nb   +p  -82335.344      12.004      8578.9859     0.1213  B-   3634.7623    12.0059   98 911609.377      12.886   ,849.3196041,0.0120087,0.1717171717171717,1,0
2020,57,42,99,Mo,,-85970.106,0.229,8607.7982,0.0023,B-,1357.7631,0.8905,98.907707299,0.245,False,False,False,False,-85970.106,8607.7982,  15   57   42   99 Mo       -85970.106       0.229      8607.7982     0.0023  B-   1357.7631     0.8905   98 907707.299       0.245   ,852.1720217999999,0.00022769999999999998,0.15151515151515152,0,1
2020,56,43,99,Tc,,-87327.869,0.908,8613.6105,0.0092,B-,297.5156,0.9453,98.906249681,0.974,False,False,False,False,-87327.869,8613.6105,  13   56   43   99 Tc       -87327.869       0.908      8613.6105     0.0092  B-    297.5156     0.9453   98 906249.681       0.974   ,852.7474395,0.0009107999999999999,0.13131313131313133,1,0
2020,55,44,99,Ru,,-87625.385,0.343,8608.7132,0.0035,B-,-2040.8632,19.4529,98.905930284,0.368,False,False,False,False,-87625.385,8608.7132,  11   55   44   99 Ru       -87625.385       0.343      8608.7132     0.0035  B-  -2040.8632    19.4529   98 905930.284       0.368   ,852.2626068000001,0.0003465,0.1111111111111111,0,1
2020,54,45,99,Rh,,-85584.522,19.451,8580.1959,0.1965,B-,-3401.6603,18.9153,98.908121241,20.881,False,False,False,False,-85584.522,8580.1959,   9   54   45   99 Rh       -85584.522      19.451      8580.1959     0.1965  B-  -3401.6603    18.9153   98 908121.241      20.881   ,849.4393941000001,0.019453500000000002,0.09090909090909091,1,0
2020,53,46,99,Pd,,-82182.861,5.107,8537.9332,0.0516,B-,-5470.3785,8.0829,98.911773073,5.482,False,False,False,False,-82182.861,8537.9332,   7   53   46   99 Pd       -82182.861       5.107      8537.9332     0.0516  B-  -5470.3785     8.0829   98 911773.073       5.482   ,845.2553868,0.0051084,0.0707070707070707,0,1
2020,52,47,99,Ag,x,-76712.483,6.265,8474.7744,0.0633,B-,-6781.3511,6.4622,98.917645766,6.725,False,False,False,False,-76712.483,8474.7744,   5   52   47   99 Ag    x  -76712.483       6.265      8474.7744     0.0633  B-  -6781.3511     6.4622   98 917645.766       6.725   ,839.0026656000001,0.006266699999999999,0.050505050505050504,1,0
2020,51,48,99,Cd,x,-69931.132,1.584,8398.3734,0.016,B-,-8555.0,298.0,98.924925845,1.7,False,False,True,False,-69931.132,8398.3734,   3   51   48   99 Cd    x  -69931.132       1.584      8398.3734     0.0160  B-  -8555#       298#       98 924925.845       1.700   ,831.4389666000001,0.0015840000000000001,0.030303030303030304,0,1
2020,63,37,100,Rb,,-46265.884,13.124,8244.5085,0.1312,B-,13551.6204,14.8355,99.950331532,14.089,False,False,False,False,-46265.884,8244.5085,  26   63   37  100 Rb       -46265.884      13.124      8244.5085     0.1312  B-  13551.6204    14.8355   99 950331.532      14.089   ,824.45085,0.013120000000000001,0.26,0,0
2020,62,38,100,Sr,,-59817.505,6.918,8372.2012,0.0692,B-,7503.7365,13.1453,99.93578327,7.426,False,False,False,False,-59817.505,8372.2012,  24   62   38  100 Sr       -59817.505       6.918      8372.2012     0.0692  B-   7503.7365    13.1453   99 935783.270       7.426   ,837.22012,0.00692,0.24,1,1
2020,61,39,100,Y,x,-67321.241,11.179,8439.4151,0.1118,B-,9051.4949,13.8293,99.927727678,12.0,False,False,False,False,-67321.241,8439.4151,  22   61   39  100 Y     x  -67321.241      11.179      8439.4151     0.1118  B-   9051.4949    13.8293   99 927727.678      12.000   ,843.94151,0.011179999999999999,0.22,0,0
2020,60,40,100,Zr,,-76372.736,8.143,8522.1066,0.0814,B-,3418.5098,11.3976,99.918010499,8.742,False,False,False,False,-76372.736,8522.1066,  20   60   40  100 Zr       -76372.736       8.143      8522.1066     0.0814  B-   3418.5098    11.3976   99 918010.499       8.742   ,852.21066,0.008140000000000001,0.2,1,1
2020,59,41,100,Nb,IT,-79791.246,7.976,8548.4683,0.0798,B-,6401.7829,7.9817,99.914340578,8.562,False,False,False,False,-79791.246,8548.4683,  18   59   41  100 Nb   IT  -79791.246       7.976      8548.4683     0.0798  B-   6401.7829     7.9817   99 914340.578       8.562   ,854.8468300000001,0.00798,0.18,0,0
2020,58,42,100,Mo,,-86193.029,0.301,8604.6626,0.003,B-,-172.0776,1.3704,99.907467982,0.322,False,False,False,False,-86193.029,8604.6626,  16   58   42  100 Mo       -86193.029       0.301      8604.6626     0.0030  B-   -172.0776     1.3704   99 907467.982       0.322   ,860.46626,0.0003,0.16,1,1
2020,57,43,100,Tc,-n,-86020.951,1.351,8595.1184,0.0135,B-,3206.4401,1.376,99.907652715,1.45,False,False,False,False,-86020.951,8595.1184,  14   57   43  100 Tc   -n  -86020.951       1.351      8595.1184     0.0135  B-   3206.4401     1.3760   99 907652.715       1.450   ,859.51184,0.00135,0.14,0,0
2020,56,44,100,Ru,,-89227.391,0.342,8619.3593,0.0034,B-,-3636.2612,18.1231,99.90421046,0.367,False,False,False,False,-89227.391,8619.3593,  12   56   44  100 Ru       -89227.391       0.342      8619.3593     0.0034  B-  -3636.2612    18.1231   99 904210.460       0.367   ,861.9359300000001,0.00033999999999999997,0.12,1,1
2020,55,45,100,Rh,,-85591.13,18.125,8575.1732,0.1813,B-,-378.4577,25.2879,99.908114147,19.458,False,False,False,False,-85591.130,8575.1732,  10   55   45  100 Rh       -85591.130      18.125      8575.1732     0.1813  B-   -378.4577    25.2879   99 908114.147      19.458   ,857.5173199999999,0.01813,0.1,0,0
2020,54,46,100,Pd,,-85212.672,17.637,8563.5652,0.1764,B-,-7074.703,18.3319,99.908520438,18.934,False,False,False,False,-85212.672,8563.5652,   8   54   46  100 Pd       -85212.672      17.637      8563.5652     0.1764  B-  -7074.7030    18.3319   99 908520.438      18.934   ,856.3565199999999,0.01764,0.08,1,1
2020,53,47,100,Ag,x,-78137.969,5.0,8484.9947,0.05,B-,-3943.374,5.2735,99.916115443,5.367,False,False,False,False,-78137.969,8484.9947,   6   53   47  100 Ag    x  -78137.969       5.000      8484.9947     0.0500  B-  -3943.3740     5.2735   99 916115.443       5.367   ,848.49947,0.005,0.06,0,0
2020,52,48,100,Cd,x,-74194.595,1.677,8437.7375,0.0168,B-,-10016.4492,2.7945,99.920348829,1.8,False,False,False,False,-74194.595,8437.7375,   4   52   48  100 Cd    x  -74194.595       1.677      8437.7375     0.0168  B- -10016.4492     2.7945   99 920348.829       1.800   ,843.7737499999998,0.0016799999999999999,0.04,1,1
2020,51,49,100,In,x,-64178.146,2.236,8329.7495,0.0224,B-,-7030.0,240.0,99.931101929,2.4,False,False,False,False,-64178.146,8329.7495,   2   51   49  100 In    x  -64178.146       2.236      8329.7495     0.0224  B-  -7030.0000   240.0000   99 931101.929       2.400   ,832.9749499999999,0.00224,0.02,0,0
2020,50,50,100,Sn,-,-57148.146,240.01,8251.626,2.4001,B-,,,99.938648944,257.661,False,False,False,False,-57148.146,8251.6260,   0   50   50  100 Sn    -  -57148.146     240.010      8251.6260     2.4001  B-      *                   99 938648.944     257.661   ,825.1626,0.24001000000000003,0.0,1,1
2020,64,37,101,Rb,x,-42567.417,20.493,8206.1753,0.2029,B-,12757.4969,22.1781,100.954302,22.0,False,False,False,False,-42567.417,8206.1753,  27   64   37  101 Rb    x  -42567.417      20.493      8206.1753     0.2029  B-  12757.4969    22.1781  100 954302.000      22.000   ,828.8237053,0.020492899999999998,0.26732673267326734,1,0
2020,63,38,101,Sr,x,-55324.914,8.48,8324.7411,0.084,B-,9729.8721,11.0473,100.940606264,9.103,False,False,False,False,-55324.914,8324.7411,  25   63   38  101 Sr    x  -55324.914       8.480      8324.7411     0.0840  B-   9729.8721    11.0473  100 940606.264       9.103   ,840.7988511,0.008484,0.24752475247524752,0,1
2020,62,39,101,Y,x,-65054.787,7.08,8413.3305,0.0701,B-,8106.2003,10.9331,100.930160817,7.601,False,False,False,False,-65054.787,8413.3305,  23   62   39  101 Y     x  -65054.787       7.080      8413.3305     0.0701  B-   8106.2003    10.9331  100 930160.817       7.601   ,849.7463805,0.0070801,0.22772277227722773,1,0
2020,61,40,101,Zr,,-73160.987,8.332,8485.8439,0.0825,B-,5730.5011,9.1366,100.921458454,8.944,False,False,False,False,-73160.987,8485.8439,  21   61   40  101 Zr       -73160.987       8.332      8485.8439     0.0825  B-   5730.5011     9.1366  100 921458.454       8.944   ,857.0702339,0.0083325,0.2079207920792079,0,1
2020,60,41,101,Nb,x,-78891.488,3.749,8534.8355,0.0371,B-,4628.4637,3.7378,100.915306508,4.024,False,False,False,False,-78891.488,8534.8355,  19   60   41  101 Nb    x  -78891.488       3.749      8534.8355     0.0371  B-   4628.4637     3.7378  100 915306.508       4.024   ,862.0183855,0.0037471,0.18811881188118812,1,0
2020,59,42,101,Mo,-n,-83519.952,0.308,8572.9159,0.0031,B-,2824.6411,24.0018,100.910337648,0.331,False,False,False,False,-83519.952,8572.9159,  17   59   42  101 Mo   -n  -83519.952       0.308      8572.9159     0.0031  B-   2824.6411    24.0018  100 910337.648       0.331   ,865.8645059,0.00031309999999999997,0.16831683168316833,0,1
2020,58,43,101,Tc,+,-86344.593,24.004,8593.1366,0.2377,B-,1613.52,24.0,100.907305271,25.768,False,False,False,False,-86344.593,8593.1366,  15   58   43  101 Tc    +  -86344.593      24.004      8593.1366     0.2377  B-   1613.5200    24.0000  100 907305.271      25.768   ,867.9067966,0.0240077,0.1485148514851485,1,0
2020,57,44,101,Ru,,-87958.113,0.413,8601.366,0.0041,B-,-545.6846,5.8518,100.905573086,0.443,False,False,False,False,-87958.113,8601.3660,  13   57   44  101 Ru       -87958.113       0.413      8601.3660     0.0041  B-   -545.6846     5.8518  100 905573.086       0.443   ,868.737966,0.00041410000000000004,0.12871287128712872,0,1
2020,56,45,101,Rh,,-87412.428,5.841,8588.2172,0.0578,B-,-1980.2833,3.9027,100.906158903,6.27,False,False,False,False,-87412.428,8588.2172,  11   56   45  101 Rh       -87412.428       5.841      8588.2172     0.0578  B-  -1980.2833     3.9027  100 906158.903       6.270   ,867.4099372,0.0058378,0.10891089108910891,1,0
2020,55,46,101,Pd,,-85432.145,4.588,8560.8644,0.0454,B-,-4097.7606,6.6679,100.908284824,4.925,False,False,False,False,-85432.145,8560.8644,   9   55   46  101 Pd       -85432.145       4.588      8560.8644     0.0454  B-  -4097.7606     6.6679  100 908284.824       4.925   ,864.6473044,0.0045854,0.0891089108910891,0,1
2020,54,47,101,Ag,x,-81334.384,4.838,8512.5465,0.0479,B-,-5497.9186,5.0625,100.912683951,5.193,False,False,False,False,-81334.384,8512.5465,   7   54   47  101 Ag    x  -81334.384       4.838      8512.5465     0.0479  B-  -5497.9186     5.0625  100 912683.951       5.193   ,859.7671965000001,0.004837899999999999,0.06930693069306931,1,0
2020,53,48,101,Cd,x,-75836.466,1.49,8450.3657,0.0148,B-,-7291.5642,11.7569,100.918586209,1.6,False,False,False,False,-75836.466,8450.3657,   5   53   48  101 Cd    x  -75836.466       1.490      8450.3657     0.0148  B-  -7291.5642    11.7569  100 918586.209       1.600   ,853.4869357,0.0014948000000000001,0.04950495049504951,0,1
2020,52,49,101,In,x,-68544.901,11.662,8370.426,0.1155,B-,-8239.277,300.2313,100.926414025,12.519,False,False,False,False,-68544.901,8370.4260,   3   52   49  101 In    x  -68544.901      11.662      8370.4260     0.1155  B-  -8239.2770   300.2313  100 926414.025      12.519   ,845.413026,0.0116655,0.0297029702970297,1,0
2020,51,50,101,Sn,ep,-60305.624,300.005,8281.103,2.9703,B-,,,100.935259252,322.068,False,False,False,False,-60305.624,8281.1030,   1   51   50  101 Sn   ep  -60305.624     300.005      8281.1030     2.9703  B-      *                  100 935259.252     322.068   ,836.391403,0.3000003,0.009900990099009901,0,1
2020,65,37,102,Rb,x,-37252.312,82.903,8152.7443,0.8128,B-,14906.9991,106.6347,101.960008,89.0,False,False,False,False,-37252.312,8152.7443,0 28   65   37  102 Rb    x  -37252.312      82.903      8152.7443     0.8128  B-  14906.9991   106.6347  101 960008.000      89.000   ,831.5799185999999,0.0829056,0.27450980392156865,0,0
2020,64,38,102,Sr,x,-52159.311,67.068,8291.2213,0.6575,B-,9013.3301,67.1916,101.944004679,72.0,False,False,False,False,-52159.311,8291.2213,  26   64   38  102 Sr    x  -52159.311      67.068      8291.2213     0.6575  B-   9013.3301    67.1916  101 944004.679      72.000   ,845.7045726,0.067065,0.2549019607843137,1,1
2020,63,39,102,Y,x,-61172.641,4.081,8371.9172,0.04,B-,10408.7856,9.6618,101.934328471,4.381,False,False,False,False,-61172.641,8371.9172,  24   63   39  102 Y     x  -61172.641       4.081      8371.9172     0.0400  B-  10408.7856     9.6618  101 934328.471       4.381   ,853.9355544,0.00408,0.23529411764705882,0,0
2020,62,40,102,Zr,,-71581.427,8.758,8466.294,0.0859,B-,4716.838,9.053,101.923154181,9.401,False,False,False,False,-71581.427,8466.2940,  22   62   40  102 Zr       -71581.427       8.758      8466.2940     0.0859  B-   4716.8380     9.0530  101 923154.181       9.401   ,863.561988,0.0087618,0.21568627450980393,1,1
2020,61,41,102,Nb,,-76298.265,2.511,8504.8675,0.0246,B-,7262.6008,8.675,101.918090447,2.695,False,False,False,False,-76298.265,8504.8675,  20   61   41  102 Nb       -76298.265       2.511      8504.8675     0.0246  B-   7262.6008     8.6750  101 918090.447       2.695   ,867.496485,0.0025092,0.19607843137254902,0,0
2020,60,42,102,Mo,,-83560.866,8.305,8568.3994,0.0814,B-,1012.0557,12.3682,101.910293725,8.916,False,False,False,False,-83560.866,8568.3994,  18   60   42  102 Mo       -83560.866       8.305      8568.3994     0.0814  B-   1012.0557    12.3682  101 910293.725       8.916   ,873.9767388,0.008302799999999999,0.17647058823529413,1,1
2020,59,43,102,Tc,,-84572.921,9.166,8570.6514,0.0899,B-,4533.5134,9.1646,101.909207239,9.84,False,False,False,False,-84572.921,8570.6514,  16   59   43  102 Tc       -84572.921       9.166      8570.6514     0.0899  B-   4533.5134     9.1646  101 909207.239       9.840   ,874.2064428000001,0.009169799999999999,0.1568627450980392,0,0
2020,58,44,102,Ru,,-89106.435,0.416,8607.4275,0.0041,B-,-2323.1187,6.396,101.904340312,0.446,False,False,False,False,-89106.435,8607.4275,  14   58   44  102 Ru       -89106.435       0.416      8607.4275     0.0041  B-  -2323.1187     6.3960  101 904340.312       0.446   ,877.957605,0.00041820000000000003,0.13725490196078433,1,1
2020,57,45,102,Rh,-,-86783.316,6.41,8576.9818,0.0628,B-,1119.647,6.3962,101.906834282,6.88,False,False,False,False,-86783.316,8576.9818,  12   57   45  102 Rh    -  -86783.316       6.410      8576.9818     0.0628  B-   1119.6470     6.3962  101 906834.282       6.880   ,874.8521436,0.0064056,0.11764705882352941,0,0
2020,56,46,102,Pd,,-87902.963,0.419,8580.2887,0.0041,B-,-5656.2615,8.1816,101.905632292,0.449,False,False,False,False,-87902.963,8580.2887,  10   56   46  102 Pd       -87902.963       0.419      8580.2887     0.0041  B-  -5656.2615     8.1816  101 905632.292       0.449   ,875.1894474,0.00041820000000000003,0.09803921568627451,1,1
2020,55,47,102,Ag,+,-82246.702,8.171,8517.165,0.0801,B-,-2587.0,8.0,101.911704538,8.771,False,False,False,False,-82246.702,8517.1650,   8   55   47  102 Ag    +  -82246.702       8.171      8517.1650     0.0801  B-  -2587.0000     8.0000  101 911704.538       8.771   ,868.7508300000001,0.0081702,0.0784313725490196,0,0
2020,54,48,102,Cd,,-79659.702,1.662,8484.1322,0.0163,B-,-8964.8059,4.8654,101.914481797,1.784,False,False,False,False,-79659.702,8484.1322,   6   54   48  102 Cd       -79659.702       1.662      8484.1322     0.0163  B-  -8964.8059     4.8654  101 914481.797       1.784   ,865.3814844,0.0016625999999999998,0.058823529411764705,1,1
2020,53,49,102,In,,-70694.896,4.573,8388.5719,0.0448,B-,-5760.0,100.0,101.924105911,4.909,False,False,False,False,-70694.896,8388.5719,   4   53   49  102 In       -70694.896       4.573      8388.5719     0.0448  B-  -5760.0000   100.0000  101 924105.911       4.909   ,855.6343338000001,0.0045696,0.0392156862745098,0,0
2020,52,50,102,Sn,-,-64934.896,100.105,8324.4313,0.9814,B-,-13835.0,412.0,101.930289525,107.466,False,False,True,False,-64934.896,8324.4313,   2   52   50  102 Sn    -  -64934.896     100.105      8324.4313     0.9814  B- -13835#       412#      101 930289.525     107.466   ,849.0919926,0.1001028,0.0196078431372549,1,1
2020,64,39,103,Y,x,-58457.034,11.206,8342.6336,0.1088,B-,9351.96,14.513,102.937243796,12.029,False,False,False,False,-58457.034,8342.6336,  25   64   39  103 Y     x  -58457.034      11.206      8342.6336     0.1088  B-   9351.9600    14.5130  102 937243.796      12.029   ,859.2912607999999,0.011206399999999998,0.24271844660194175,1,0
2020,63,40,103,Zr,x,-67808.993,9.223,8425.8337,0.0895,B-,7219.674,10.027,102.927204054,9.9,False,False,False,False,-67808.993,8425.8337,  23   63   40  103 Zr    x  -67808.993       9.223      8425.8337     0.0895  B-   7219.6740    10.0270  102 927204.054       9.900   ,867.8608710999998,0.0092185,0.22330097087378642,0,1
2020,62,41,103,Nb,x,-75028.667,3.935,8488.332,0.0382,B-,5925.6639,10.027,102.919453416,4.224,False,False,False,False,-75028.667,8488.3320,  21   62   41  103 Nb    x  -75028.667       3.935      8488.3320     0.0382  B-   5925.6639    10.0270  102 919453.416       4.224   ,874.298196,0.0039346,0.20388349514563106,1,0
2020,61,42,103,Mo,x,-80954.331,9.223,8538.2672,0.0895,B-,3649.5889,13.4648,102.913091954,9.9,False,False,False,False,-80954.331,8538.2672,  19   61   42  103 Mo    x  -80954.331       9.223      8538.2672     0.0895  B-   3649.5889    13.4648  102 913091.954       9.900   ,879.4415216,0.0092185,0.18446601941747573,0,1
2020,60,43,103,Tc,+p,-84603.92,9.81,8566.1045,0.0952,B-,2663.2474,9.8086,102.90917396,10.531,False,False,False,False,-84603.920,8566.1045,  17   60   43  103 Tc   +p  -84603.920       9.810      8566.1045     0.0952  B-   2663.2474     9.8086  102 909173.960      10.531   ,882.3087635,0.0098056,0.1650485436893204,1,0
2020,59,44,103,Ru,,-87267.168,0.441,8584.3656,0.0043,B-,764.5378,2.2598,102.906314846,0.473,False,False,False,False,-87267.168,8584.3656,  15   59   44  103 Ru       -87267.168       0.441      8584.3656     0.0043  B-    764.5378     2.2598  102 906314.846       0.473   ,884.1896567999999,0.00044290000000000003,0.14563106796116504,0,1
2020,58,45,103,Rh,,-88031.705,2.301,8584.1927,0.0223,B-,-574.7252,2.3928,102.905494081,2.47,False,False,False,False,-88031.705,8584.1927,  13   58   45  103 Rh       -88031.705       2.301      8584.1927     0.0223  B-   -574.7252     2.3928  102 905494.081       2.470   ,884.1718480999999,0.0022969,0.1262135922330097,1,0
2020,57,46,103,Pd,-n,-87456.98,0.878,8571.0173,0.0085,B-,-2654.2778,4.1916,102.906111074,0.942,False,False,False,False,-87456.980,8571.0173,  11   57   46  103 Pd   -n  -87456.980       0.878      8571.0173     0.0085  B-  -2654.2778     4.1916  102 906111.074       0.942   ,882.8147819,0.0008755000000000001,0.10679611650485436,0,1
2020,56,47,103,Ag,x,-84802.702,4.099,8537.652,0.0398,B-,-4151.0761,4.4806,102.908960558,4.4,False,False,False,False,-84802.702,8537.6520,   9   56   47  103 Ag    x  -84802.702       4.099      8537.6520     0.0398  B-  -4151.0761     4.4806  102 908960.558       4.400   ,879.378156,0.0040994000000000004,0.08737864077669903,1,0
2020,55,48,103,Cd,,-80651.626,1.811,8489.7547,0.0176,B-,-6019.2293,9.1242,102.913416922,1.943,False,False,False,False,-80651.626,8489.7547,   7   55   48  103 Cd       -80651.626       1.811      8489.7547     0.0176  B-  -6019.2293     9.1242  102 913416.922       1.943   ,874.4447341,0.0018128000000000003,0.06796116504854369,0,1
2020,54,49,103,In,,-74632.397,8.98,8423.7199,0.0872,B-,-7540.0,100.0,102.91987883,9.64,False,False,True,False,-74632.397,8423.7199,   5   54   49  103 In       -74632.397       8.980      8423.7199     0.0872  B-  -7540#       100#      102 919878.830       9.640   ,867.6431497,0.008981600000000001,0.04854368932038835,1,0
2020,64,40,104,Zr,x,-65717.66,9.316,8402.3159,0.0896,B-,6093.3367,9.4851,103.929449193,10.0,False,False,False,False,-65717.660,8402.3159,  24   64   40  104 Zr    x  -65717.660       9.316      8402.3159     0.0896  B-   6093.3367     9.4851  103 929449.193      10.000   ,873.8408536,0.009318400000000001,0.23076923076923078,1,1
2020,63,41,104,Nb,x,-71810.997,1.784,8453.3832,0.0172,B-,8532.7512,9.0879,103.922907728,1.915,False,False,False,False,-71810.997,8453.3832,  22   63   41  104 Nb    x  -71810.997       1.784      8453.3832     0.0172  B-   8532.7512     9.0879  103 922907.728       1.915   ,879.1518528,0.0017888,0.21153846153846154,0,0
2020,62,42,104,Mo,,-80343.748,8.911,8527.9063,0.0857,B-,2155.2212,24.1665,103.913747443,9.566,False,False,False,False,-80343.748,8527.9063,  20   62   42  104 Mo       -80343.748       8.911      8527.9063     0.0857  B-   2155.2212    24.1665  103 913747.443       9.566   ,886.9022552,0.0089128,0.19230769230769232,1,1
2020,61,43,104,Tc,,-82498.969,24.886,8541.107,0.2393,B-,5596.7945,24.937,103.911433718,26.716,False,False,False,False,-82498.969,8541.1070,  18   61   43  104 Tc       -82498.969      24.886      8541.1070     0.2393  B-   5596.7945    24.9370  103 911433.718      26.716   ,888.275128,0.0248872,0.17307692307692307,0,0
2020,60,44,104,Ru,,-88095.763,2.498,8587.3998,0.024,B-,-1136.4195,3.3643,103.905425312,2.682,False,False,False,False,-88095.763,8587.3998,  16   60   44  104 Ru       -88095.763       2.498      8587.3998     0.0240  B-  -1136.4195     3.3643  103 905425.312       2.682   ,893.0895791999999,0.002496,0.15384615384615385,1,1
2020,59,45,104,Rh,-n,-86959.344,2.303,8568.9501,0.0221,B-,2435.7789,2.6595,103.906645309,2.471,False,False,False,False,-86959.344,8568.9501,  14   59   45  104 Rh   -n  -86959.344       2.303      8568.9501     0.0221  B-   2435.7789     2.6595  103 906645.309       2.471   ,891.1708103999999,0.0022984,0.1346153846153846,0,0
2020,58,46,104,Pd,+n,-89395.123,1.336,8584.8485,0.0129,B-,-4278.6529,4.0,103.904030393,1.434,False,False,False,False,-89395.123,8584.8485,  12   58   46  104 Pd   +n  -89395.123       1.336      8584.8485     0.0129  B-  -4278.6529     4.0000  103 904030.393       1.434   ,892.8242439999999,0.0013415999999999999,0.11538461538461539,1,1
2020,57,47,104,Ag,-,-85116.47,4.217,8536.185,0.0406,B-,-1148.0787,4.537,103.908623715,4.527,False,False,False,False,-85116.470,8536.1850,  10   57   47  104 Ag    -  -85116.470       4.217      8536.1850     0.0406  B-  -1148.0787     4.5370  103 908623.715       4.527   ,887.76324,0.004222399999999999,0.09615384615384616,0,0
2020,56,48,104,Cd,,-83968.391,1.673,8517.6232,0.0161,B-,-7785.7166,6.0127,103.909856228,1.795,False,False,False,False,-83968.391,8517.6232,   8   56   48  104 Cd       -83968.391       1.673      8517.6232     0.0161  B-  -7785.7166     6.0127  103 909856.228       1.795   ,885.8328127999999,0.0016744,0.07692307692307693,1,1
2020,55,49,104,In,x,-76182.675,5.775,8435.238,0.0555,B-,-4555.6174,8.1461,103.918214538,6.2,False,False,False,False,-76182.675,8435.2380,   6   55   49  104 In    x  -76182.675       5.775      8435.2380     0.0555  B-  -4555.6174     8.1461  103 918214.538       6.200   ,877.2647519999999,0.005772,0.057692307692307696,0,0
2020,54,50,104,Sn,,-71627.057,5.745,8383.9114,0.0552,B-,-12332.0,102.0,103.923105195,6.167,False,False,True,False,-71627.057,8383.9114,   4   54   50  104 Sn       -71627.057       5.745      8383.9114     0.0552  B- -12332#       102#      103 923105.195       6.167   ,871.9267856,0.0057408,0.038461538461538464,1,1
2020,52,52,104,Te,-a,-49626.831,317.609,8157.3256,3.0539,B-,,,103.946723408,340.967,False,False,False,False,-49626.831,8157.3256,   0   52   52  104 Te   -a  -49626.831     317.609      8157.3256     3.0539  B-      *                  103 946723.408     340.967   ,848.3618624,0.3176056,0.0,1,1
2020,65,40,105,Zr,x,-61458.274,12.11,8358.598,0.1153,B-,8457.2728,12.7625,104.934021832,13.0,False,False,False,False,-61458.274,8358.5980,  25   65   40  105 Zr    x  -61458.274      12.110      8358.5980     0.1153  B-   8457.2728    12.7625  104 934021.832      13.000   ,877.65279,0.012106500000000001,0.23809523809523808,0,1
2020,64,41,105,Nb,x,-69915.547,4.028,8431.6925,0.0384,B-,7415.2411,9.9106,104.924942577,4.324,False,False,False,False,-69915.547,8431.6925,  23   64   41  105 Nb    x  -69915.547       4.028      8431.6925     0.0384  B-   7415.2411     9.9106  104 924942.577       4.324   ,885.3277125,0.004032,0.21904761904761905,1,0
2020,63,42,105,Mo,,-77330.788,9.055,8494.863,0.0862,B-,4955.5157,35.0307,104.91698198899999,9.721,False,False,False,False,-77330.788,8494.8630,  21   63   42  105 Mo       -77330.788       9.055      8494.8630     0.0862  B-   4955.5157    35.0307  104 916981.989       9.721   ,891.960615,0.009051,0.2,0,1
2020,62,43,105,Tc,,-82286.303,35.263,8534.6074,0.3358,B-,3648.2396,35.2787,104.911662024,37.856,False,False,False,False,-82286.303,8534.6074,  19   62   43  105 Tc       -82286.303      35.263      8534.6074     0.3358  B-   3648.2396    35.2787  104 911662.024      37.856   ,896.1337770000001,0.035259,0.18095238095238095,1,0
2020,61,44,105,Ru,,-85934.543,2.499,8561.9016,0.0238,B-,1916.7271,2.8508,104.907745478,2.683,False,False,False,False,-85934.543,8561.9016,  17   61   44  105 Ru       -85934.543       2.499      8561.9016     0.0238  B-   1916.7271     2.8508  104 907745.478       2.683   ,898.9996679999999,0.002499,0.1619047619047619,0,1
2020,60,45,105,Rh,,-87851.27,2.502,8572.7053,0.0238,B-,566.6347,2.3459,104.905687787,2.685,False,False,False,False,-87851.270,8572.7053,  15   60   45  105 Rh       -87851.270       2.502      8572.7053     0.0238  B-    566.6347     2.3459  104 905687.787       2.685   ,900.1340564999999,0.002499,0.14285714285714285,1,0
2020,59,46,105,Pd,,-88417.905,1.138,8570.6509,0.0108,B-,-1347.0564,4.6695,104.905079479,1.222,False,False,False,False,-88417.905,8570.6509,  13   59   46  105 Pd       -88417.905       1.138      8570.6509     0.0108  B-  -1347.0564     4.6695  104 905079.479       1.222   ,899.9183445,0.001134,0.12380952380952381,0,1
2020,58,47,105,Ag,,-87070.848,4.544,8550.3708,0.0433,B-,-2736.9989,4.3618,104.906525604,4.877,False,False,False,False,-87070.848,8550.3708,  11   58   47  105 Ag       -87070.848       4.544      8550.3708     0.0433  B-  -2736.9989     4.3618  104 906525.604       4.877   ,897.788934,0.0045465,0.10476190476190476,1,0
2020,57,48,105,Cd,,-84333.849,1.392,8516.8532,0.0133,B-,-4693.2673,10.3405,104.909463893,1.494,False,False,False,False,-84333.849,8516.8532,   9   57   48  105 Cd       -84333.849       1.392      8516.8532     0.0133  B-  -4693.2673    10.3405  104 909463.893       1.494   ,894.269586,0.0013965,0.08571428571428572,0,1
2020,56,49,105,In,x,-79640.582,10.246,8464.7045,0.0976,B-,-6302.5807,10.9891,104.914502322,11.0,False,False,False,False,-79640.582,8464.7045,   7   56   49  105 In    x  -79640.582      10.246      8464.7045     0.0976  B-  -6302.5807    10.9891  104 914502.322      11.000   ,888.7939725,0.010248000000000002,0.06666666666666667,1,0
2020,55,50,105,Sn,,-73338.001,3.971,8397.229,0.0378,B-,-9322.5103,22.1849,104.921268421,4.263,False,False,False,False,-73338.001,8397.2290,   5   55   50  105 Sn       -73338.001       3.971      8397.2290     0.0378  B-  -9322.5103    22.1849  104 921268.421       4.263   ,881.709045,0.0039689999999999994,0.047619047619047616,0,1
2020,54,51,105,Sb,+a,-64015.491,21.827,8300.9923,0.2079,B-,-11203.9825,300.8126,104.931276547,23.431,False,False,False,False,-64015.491,8300.9923,   3   54   51  105 Sb   +a  -64015.491      21.827      8300.9923     0.2079  B- -11203.9825   300.8126  104 931276.547      23.431   ,871.6041915,0.021829499999999998,0.02857142857142857,1,0
2020,53,52,105,Te,-a,-52811.509,300.02,8186.8368,2.8573,B-,,,104.943304516,322.084,False,False,False,False,-52811.509,8186.8368,   1   53   52  105 Te   -a  -52811.509     300.020      8186.8368     2.8573  B-      *                  104 943304.516     322.084   ,859.617864,0.3000165,0.009523809523809525,0,1
2020,65,41,106,Nb,,-66202.678,1.416,8393.2657,0.0134,B-,9925.3249,9.2388,105.928928505,1.52,False,False,False,False,-66202.678,8393.2657,  24   65   41  106 Nb       -66202.678       1.416      8393.2657     0.0134  B-   9925.3249     9.2388  105 928928.505       1.520   ,889.6861642,0.0014204,0.22641509433962265,0,0
2020,64,42,106,Mo,x,-76128.003,9.13,8479.5202,0.0861,B-,3648.2494,15.2778,105.918273231,9.801,False,False,False,False,-76128.003,8479.5202,  22   64   42  106 Mo    x  -76128.003       9.130      8479.5202     0.0861  B-   3648.2494    15.2778  105 918273.231       9.801   ,898.8291412000001,0.0091266,0.20754716981132076,1,1
2020,63,43,106,Tc,+,-79776.253,12.25,8506.557,0.1156,B-,6547.0,11.0,105.914356674,13.15,False,False,False,False,-79776.253,8506.5570,  20   63   43  106 Tc    +  -79776.253      12.250      8506.5570     0.1156  B-   6547.0000    11.0000  105 914356.674      13.150   ,901.6950420000002,0.012253599999999998,0.18867924528301888,0,0
2020,62,44,106,Ru,,-86323.253,5.391,8560.9406,0.0509,B-,39.4038,0.2121,105.907328181,5.787,False,False,False,False,-86323.253,8560.9406,  18   62   44  106 Ru       -86323.253       5.391      8560.9406     0.0509  B-     39.4038     0.2121  105 907328.181       5.787   ,907.4597036,0.005395400000000001,0.16981132075471697,1,1
2020,61,45,106,Rh,,-86362.656,5.39,8553.9317,0.0508,B-,3544.8865,5.3348,105.907285879,5.786,False,False,False,False,-86362.656,8553.9317,  16   61   45  106 Rh       -86362.656       5.390      8553.9317     0.0508  B-   3544.8865     5.3348  105 907285.879       5.786   ,906.7167602,0.0053847999999999995,0.1509433962264151,0,0
2020,60,46,106,Pd,,-89907.543,1.106,8579.9934,0.0104,B-,-2965.1434,2.8172,105.903480287,1.186,False,False,False,False,-89907.543,8579.9934,  14   60   46  106 Pd       -89907.543       1.106      8579.9934     0.0104  B-  -2965.1434     2.8172  105 903480.287       1.186   ,909.4793003999999,0.0011024000000000001,0.1320754716981132,1,1
2020,59,47,106,Ag,,-86942.399,3.016,8544.6397,0.0285,B-,189.7534,2.819,105.906663499,3.237,False,False,False,False,-86942.399,8544.6397,  12   59   47  106 Ag       -86942.399       3.016      8544.6397     0.0285  B-    189.7534     2.8190  105 906663.499       3.237   ,905.7318081999999,0.003021,0.11320754716981132,0,0
2020,58,48,106,Cd,,-87132.153,1.104,8539.0492,0.0104,B-,-6524.0031,12.1765,105.906459791,1.184,False,False,False,False,-87132.153,8539.0492,  10   58   48  106 Cd       -87132.153       1.104      8539.0492     0.0104  B-  -6524.0031    12.1765  105 906459.791       1.184   ,905.1392152,0.0011024000000000001,0.09433962264150944,1,1
2020,57,49,106,In,-,-80608.15,12.226,8470.1213,0.1153,B-,-3254.4521,13.2439,105.913463596,13.125,False,False,False,False,-80608.150,8470.1213,   8   57   49  106 In    -  -80608.150      12.226      8470.1213     0.1153  B-  -3254.4521    13.2439  105 913463.596      13.125   ,897.8328578000002,0.0122218,0.07547169811320754,0,0
2020,56,50,106,Sn,,-77353.698,5.091,8432.0383,0.048,B-,-10880.3964,9.0249,105.916957394,5.465,False,False,False,False,-77353.698,8432.0383,   6   56   50  106 Sn       -77353.698       5.091      8432.0383     0.0480  B- -10880.3964     9.0249  105 916957.394       5.465   ,893.7960598000001,0.0050880000000000005,0.05660377358490566,1,1
2020,55,51,106,Sb,x,-66473.301,7.452,8322.0124,0.0703,B-,-8253.5423,100.8163,105.928637979,8.0,False,False,False,False,-66473.301,8322.0124,   4   55   51  106 Sb    x  -66473.301       7.452      8322.0124     0.0703  B-  -8253.5423   100.8163  105 928637.979       8.000   ,882.1333143999999,0.007451800000000001,0.03773584905660377,0,0
2020,54,52,106,Te,-a,-58219.759,100.541,8236.7682,0.9485,B-,-14920.0,412.0,105.937498521,107.934,False,False,True,False,-58219.759,8236.7682,   2   54   52  106 Te   -a  -58219.759     100.541      8236.7682     0.9485  B- -14920#       412#      105 937498.521     107.934   ,873.0974292,0.10054099999999999,0.018867924528301886,1,1
2020,66,41,107,Nb,x,-63723.805,8.023,8367.0898,0.075,B-,8821.1703,12.2239,106.931589685,8.612,False,False,False,False,-63723.805,8367.0898,  25   66   41  107 Nb    x  -63723.805       8.023      8367.0898     0.0750  B-   8821.1703    12.2239  106 931589.685       8.612   ,895.2786085999999,0.008025000000000001,0.2336448598130841,1,0
2020,65,42,107,Mo,x,-72544.975,9.223,8442.219,0.0862,B-,6204.9921,12.6599,106.92211977,9.901,False,False,False,False,-72544.975,8442.2190,  23   65   42  107 Mo    x  -72544.975       9.223      8442.2190     0.0862  B-   6204.9921    12.6599  106 922119.770       9.901   ,903.3174329999999,0.0092234,0.21495327102803738,0,1
2020,64,43,107,Tc,x,-78749.967,8.673,8492.8979,0.0811,B-,5112.5985,11.7243,106.915458437,9.31,False,False,False,False,-78749.967,8492.8979,  21   64   43  107 Tc    x  -78749.967       8.673      8492.8979     0.0811  B-   5112.5985    11.7243  106 915458.437       9.310   ,908.7400753000001,0.0086777,0.19626168224299065,1,0
2020,63,44,107,Ru,-nn,-83862.565,8.673,8533.3676,0.0811,B-,3001.1457,14.8473,106.909969837,9.31,False,False,False,False,-83862.565,8533.3676,  19   63   44  107 Ru  -nn  -83862.565       8.673      8533.3676     0.0811  B-   3001.1457    14.8473  106 909969.837       9.310   ,913.0703332,0.0086777,0.17757009345794392,0,1
2020,62,45,107,Rh,+p,-86863.711,12.051,8554.104,0.1126,B-,1508.9427,12.1108,106.906747975,12.937,False,False,False,False,-86863.711,8554.1040,  17   62   45  107 Rh   +p  -86863.711      12.051      8554.1040     0.1126  B-   1508.9427    12.1108  106 906747.975      12.937   ,915.2891279999999,0.012048200000000002,0.1588785046728972,1,0
2020,61,46,107,Pd,,-88372.654,1.201,8560.8946,0.0112,B-,34.0458,2.3174,106.905128058,1.289,False,False,False,False,-88372.654,8560.8946,  15   61   46  107 Pd       -88372.654       1.201      8560.8946     0.0112  B-     34.0458     2.3174  106 905128.058       1.289   ,916.0157221999999,0.0011983999999999999,0.14018691588785046,0,1
2020,60,47,107,Ag,,-88406.7,2.382,8553.9012,0.0223,B-,-1416.3741,2.5654,106.905091509,2.556,False,False,False,False,-88406.700,8553.9012,  13   60   47  107 Ag       -88406.700       2.382      8553.9012     0.0223  B-  -1416.3741     2.5654  106 905091.509       2.556   ,915.2674284,0.0023861,0.12149532710280374,1,0
2020,59,48,107,Cd,,-86990.325,1.66,8533.3524,0.0155,B-,-3423.6586,9.58,106.906612049,1.782,False,False,False,False,-86990.325,8533.3524,  11   59   48  107 Cd       -86990.325       1.660      8533.3524     0.0155  B-  -3423.6586     9.5800  106 906612.049       1.782   ,913.0687068,0.0016585,0.102803738317757,0,1
2020,58,49,107,In,,-83566.667,9.654,8494.0439,0.0902,B-,-5054.4281,11.0175,106.910287497,10.363,False,False,False,False,-83566.667,8494.0439,   9   58   49  107 In       -83566.667       9.654      8494.0439     0.0902  B-  -5054.4281    11.0175  106 910287.497      10.363   ,908.8626973000001,0.009651400000000001,0.08411214953271028,1,0
2020,57,50,107,Sn,x,-78512.239,5.31,8439.4946,0.0496,B-,-7858.9903,6.7377,106.915713649,5.7,False,False,False,False,-78512.239,8439.4946,   7   57   50  107 Sn    x  -78512.239       5.310      8439.4946     0.0496  B-  -7858.9903     6.7377  106 915713.649       5.700   ,903.0259222000001,0.0053072,0.06542056074766354,0,1
2020,56,51,107,Sb,,-70653.248,4.148,8358.7344,0.0388,B-,-9996.0,101.0,106.924150621,4.452,False,False,True,False,-70653.248,8358.7344,   5   56   51  107 Sb       -70653.248       4.148      8358.7344     0.0388  B-  -9996#       101#      106 924150.621       4.452   ,894.3845807999999,0.0041516,0.04672897196261682,1,0
2020,67,41,108,Nb,x,-59545.198,8.239,8325.6604,0.0763,B-,11204.0998,12.3668,107.936075604,8.844,False,False,False,False,-59545.198,8325.6604,  26   67   41  108 Nb    x  -59545.198       8.239      8325.6604     0.0763  B-  11204.0998    12.3668  107 936075.604       8.844   ,899.1713232000001,0.008240400000000002,0.24074074074074073,0,0
2020,66,42,108,Mo,x,-70749.297,9.223,8422.1581,0.0854,B-,5173.533,12.7262,107.924047508,9.901,False,False,False,False,-70749.297,8422.1581,  24   66   42  108 Mo    x  -70749.297       9.223      8422.1581     0.0854  B-   5173.5330    12.7262  107 924047.508       9.901   ,909.5930748000001,0.0092232,0.2222222222222222,1,1
2020,65,43,108,Tc,x,-75922.831,8.769,8462.8172,0.0812,B-,7738.5736,11.7903,107.918493493,9.413,False,False,False,False,-75922.831,8462.8172,  22   65   43  108 Tc    x  -75922.831       8.769      8462.8172     0.0812  B-   7738.5736    11.7903  107 918493.493       9.413   ,913.9842575999999,0.008769599999999999,0.2037037037037037,0,0
2020,64,44,108,Ru,-3n,-83661.404,8.68,8527.2267,0.0804,B-,1369.7517,16.4699,107.910185793,9.318,False,False,False,False,-83661.404,8527.2267,  20   64   44  108 Ru  -3n  -83661.404       8.680      8527.2267     0.0804  B-   1369.7517    16.4699  107 910185.793       9.318   ,920.9404835999999,0.008683199999999999,0.18518518518518517,1,1
2020,63,45,108,Rh,x,-85031.156,13.997,8532.6657,0.1296,B-,4493.0596,14.0405,107.908715304,15.026,False,False,False,False,-85031.156,8532.6657,  18   63   45  108 Rh    x  -85031.156      13.997      8532.6657     0.1296  B-   4493.0596    14.0405  107 908715.304      15.026   ,921.5278956,0.013996799999999998,0.16666666666666666,0,0
2020,62,46,108,Pd,,-89524.215,1.108,8567.0241,0.0103,B-,-1917.4238,2.6323,107.903891806,1.189,False,False,False,False,-89524.215,8567.0241,  16   62   46  108 Pd       -89524.215       1.108      8567.0241     0.0103  B-  -1917.4238     2.6323  107 903891.806       1.189   ,925.2386028000001,0.0011124000000000002,0.14814814814814814,1,1
2020,61,47,108,Ag,-n,-87606.792,2.388,8542.0262,0.0221,B-,1645.6311,2.6386,107.905950245,2.563,False,False,False,False,-87606.792,8542.0262,  14   61   47  108 Ag   -n  -87606.792       2.388      8542.0262     0.0221  B-   1645.6311     2.6386  107 905950.245       2.563   ,922.5388296000001,0.0023868,0.12962962962962962,0,0
2020,60,48,108,Cd,,-89252.423,1.123,8550.0196,0.0104,B-,-5132.5944,8.5845,107.904183588,1.205,False,False,False,False,-89252.423,8550.0196,  12   60   48  108 Cd       -89252.423       1.123      8550.0196     0.0104  B-  -5132.5944     8.5845  107 904183.588       1.205   ,923.4021167999999,0.0011232,0.1111111111111111,1,1
2020,59,49,108,In,,-84119.828,8.641,8495.2516,0.08,B-,-2049.8794,9.8365,107.909693654,9.276,False,False,False,False,-84119.828,8495.2516,  10   59   49  108 In       -84119.828       8.641      8495.2516     0.0800  B-  -2049.8794     9.8365  107 909693.654       9.276   ,917.4871727999999,0.00864,0.09259259259259259,0,0
2020,58,50,108,Sn,,-82069.949,5.382,8469.0273,0.0498,B-,-9624.6079,7.6925,107.91189429,5.778,False,False,False,False,-82069.949,8469.0273,   8   58   50  108 Sn       -82069.949       5.382      8469.0273     0.0498  B-  -9624.6079     7.6925  107 911894.290       5.778   ,914.6549484,0.0053784,0.07407407407407407,1,1
2020,57,51,108,Sb,x,-72445.341,5.496,8372.6666,0.0509,B-,-6663.6646,7.7125,107.922226731,5.9,False,False,False,False,-72445.341,8372.6666,   6   57   51  108 Sb    x  -72445.341       5.496      8372.6666     0.0509  B-  -6663.6646     7.7125  107 922226.731       5.900   ,904.2479928,0.005497200000000001,0.05555555555555555,0,0
2020,56,52,108,Te,,-65781.676,5.411,8303.7221,0.0501,B-,-13011.0,101.0,107.929380469,5.808,False,False,True,False,-65781.676,8303.7221,   4   56   52  108 Te       -65781.676       5.411      8303.7221     0.0501  B- -13011#       101#      107 929380.469       5.808   ,896.8019868000001,0.0054108,0.037037037037037035,1,1
2020,54,54,108,Xe,-a,-42632.357,379.497,8074.8886,3.5139,B-,,,107.954232285,407.406,False,False,False,False,-42632.357,8074.8886,   0   54   54  108 Xe   -a  -42632.357     379.497      8074.8886     3.5139  B-      *                  107 954232.285     407.406   ,872.0879688,0.3795012,0.0,1,1
2020,68,41,109,Nb,x,-56689.8,430.816,8297.1307,3.9524,B-,9969.4851,430.961,108.939141,462.5,False,False,False,False,-56689.800,8297.1307,  27   68   41  109 Nb    x  -56689.800     430.816      8297.1307     3.9524  B-   9969.4851   430.9610  108 939141.000     462.500   ,904.3872463,0.4308116,0.24770642201834864,1,0
2020,67,42,109,Mo,x,-66659.285,11.179,8381.4163,0.1026,B-,7623.5438,14.7805,108.928438318,12.0,False,False,False,False,-66659.285,8381.4163,  25   67   42  109 Mo    x  -66659.285      11.179      8381.4163     0.1026  B-   7623.5438    14.7805  108 928438.318      12.000   ,913.5743767000001,0.0111834,0.22935779816513763,0,1
2020,66,43,109,Tc,x,-74282.828,9.669,8444.1796,0.0887,B-,6455.6267,12.6574,108.920254107,10.38,False,False,False,False,-74282.828,8444.1796,  23   66   43  109 Tc    x  -74282.828       9.669      8444.1796     0.0887  B-   6455.6267    12.6574  108 920254.107      10.380   ,920.4155763999998,0.009668300000000001,0.21100917431192662,1,0
2020,65,44,109,Ru,-4n,-80738.455,8.954,8496.228,0.0821,B-,4260.7958,9.8229,108.913323707,9.612,False,False,False,False,-80738.455,8496.2280,  21   65   44  109 Ru  -4n  -80738.455       8.954      8496.2280     0.0821  B-   4260.7958     9.8229  108 913323.707       9.612   ,926.088852,0.0089489,0.1926605504587156,0,1
2020,64,45,109,Rh,,-84999.251,4.04,8528.1404,0.0371,B-,2607.2327,4.1874,108.908749555,4.336,False,False,False,False,-84999.251,8528.1404,  19   64   45  109 Rh       -84999.251       4.040      8528.1404     0.0371  B-   2607.2327     4.1874  108 908749.555       4.336   ,929.5673036,0.0040439,0.1743119266055046,1,0
2020,63,46,109,Pd,,-87606.484,1.114,8544.8825,0.0102,B-,1112.9469,1.4024,108.905950576,1.195,False,False,False,False,-87606.484,8544.8825,  17   63   46  109 Pd       -87606.484       1.114      8544.8825     0.0102  B-   1112.9469     1.4024  108 905950.576       1.195   ,931.3921925,0.0011118,0.1559633027522936,0,1
2020,62,47,109,Ag,,-88719.431,1.287,8547.9155,0.0118,B-,-215.1002,1.7795,108.904755778,1.381,False,False,False,False,-88719.431,8547.9155,  15   62   47  109 Ag       -88719.431       1.287      8547.9155     0.0118  B-   -215.1002     1.7795  108 904755.778       1.381   ,931.7227895,0.0012862,0.13761467889908258,1,0
2020,61,48,109,Cd,,-88504.33,1.536,8538.7646,0.0141,B-,-2014.8047,4.0662,108.904986697,1.649,False,False,False,False,-88504.330,8538.7646,  13   61   48  109 Cd       -88504.330       1.536      8538.7646     0.0141  B-  -2014.8047     4.0662  108 904986.697       1.649   ,930.7253414,0.0015369,0.11926605504587157,0,1
2020,60,49,109,In,,-86489.526,3.969,8513.1027,0.0364,B-,-3859.3453,8.8866,108.907149679,4.261,False,False,False,False,-86489.526,8513.1027,  11   60   49  109 In       -86489.526       3.969      8513.1027     0.0364  B-  -3859.3453     8.8866  108 907149.679       4.261   ,927.9281943,0.0039676,0.10091743119266056,1,0
2020,59,50,109,Sn,,-82630.18,7.949,8470.5183,0.0729,B-,-6379.194,8.8074,108.911292857,8.533,False,False,False,False,-82630.180,8470.5183,   9   59   50  109 Sn       -82630.180       7.949      8470.5183     0.0729  B-  -6379.1940     8.8074  108 911292.857       8.533   ,923.2864946999999,0.007946100000000001,0.08256880733944955,0,1
2020,58,51,109,Sb,,-76250.986,5.265,8404.8161,0.0483,B-,-8535.5871,6.8502,108.918141203,5.652,False,False,False,False,-76250.986,8404.8161,   7   58   51  109 Sb       -76250.986       5.265      8404.8161     0.0483  B-  -8535.5871     6.8502  108 918141.203       5.652   ,916.1249549,0.005264700000000001,0.06422018348623854,1,0
2020,57,52,109,Te,,-67715.399,4.382,8319.3305,0.0402,B-,-10042.8941,8.0301,108.927304532,4.704,False,False,False,False,-67715.399,8319.3305,   5   57   52  109 Te       -67715.399       4.382      8319.3305     0.0402  B- -10042.8941     8.0301  108 927304.532       4.704   ,906.8070245,0.0043818,0.045871559633027525,0,1
2020,56,53,109,I,-p,-57672.505,6.729,8220.0164,0.0617,B-,-11502.9589,300.1831,108.938086022,7.223,False,False,False,False,-57672.505,8220.0164,   3   56   53  109 I    -p  -57672.505       6.729      8220.0164     0.0617  B- -11502.9589   300.1831  108 938086.022       7.223   ,895.9817876000001,0.0067253,0.027522935779816515,1,0
2020,55,54,109,Xe,-a,-46169.546,300.108,8107.3071,2.7533,B-,,,108.950434955,322.178,False,False,False,False,-46169.546,8107.3071,   1   55   54  109 Xe   -a  -46169.546     300.108      8107.3071     2.7533  B-      *                  108 950434.955     322.178   ,883.6964739,0.3001097,0.009174311926605505,0,1
2020,69,41,110,Nb,x,-52309.914,838.345,8255.2607,7.6213,B-,12225.9002,838.6945,109.943843,900.0,False,False,False,False,-52309.914,8255.2607,  28   69   41  110 Nb    x  -52309.914     838.345      8255.2607     7.6213  B-  12225.9002   838.6945  109 943843.000     900.000   ,908.078677,0.838343,0.2545454545454545,0,0
2020,68,42,110,Mo,x,-64535.814,24.219,8359.293,0.2202,B-,6498.7491,26.0147,109.930717956,26.0,False,False,False,False,-64535.814,8359.2930,  26   68   42  110 Mo    x  -64535.814      24.219      8359.2930     0.2202  B-   6498.7491    26.0147  109 930717.956      26.000   ,919.52223,0.024222,0.23636363636363636,1,1
2020,67,43,110,Tc,x,-71034.564,9.497,8411.2603,0.0863,B-,9038.0654,12.5086,109.923741263,10.195,False,False,False,False,-71034.564,8411.2603,  24   67   43  110 Tc    x  -71034.564       9.497      8411.2603     0.0863  B-   9038.0654    12.5086  109 923741.263      10.195   ,925.238633,0.009493,0.21818181818181817,0,0
2020,66,44,110,Ru,,-80072.629,8.924,8486.3123,0.0811,B-,2756.0638,19.4044,109.914038501,9.58,False,False,False,False,-80072.629,8486.3123,  22   66   44  110 Ru       -80072.629       8.924      8486.3123     0.0811  B-   2756.0638    19.4044  109 914038.501       9.580   ,933.494353,0.008921000000000002,0.2,1,1
2020,65,45,110,Rh,,-82828.693,17.805,8504.2551,0.1619,B-,5502.2116,17.7967,109.911079745,19.114,False,False,False,False,-82828.693,8504.2551,  20   65   45  110 Rh       -82828.693      17.805      8504.2551     0.1619  B-   5502.2116    17.7967  109 911079.745      19.114   ,935.468061,0.017809,0.18181818181818182,0,0
2020,64,46,110,Pd,,-88330.904,0.612,8547.163,0.0056,B-,-873.5982,1.3777,109.905172878,0.657,False,False,False,False,-88330.904,8547.1630,  18   64   46  110 Pd       -88330.904       0.612      8547.1630     0.0056  B-   -873.5982     1.3777  109 905172.878       0.657   ,940.18793,0.000616,0.16363636363636364,1,1
2020,63,47,110,Ag,,-87457.306,1.286,8532.1089,0.0117,B-,2890.6633,1.2771,109.906110724,1.38,False,False,False,False,-87457.306,8532.1089,  16   63   47  110 Ag       -87457.306       1.286      8532.1089     0.0117  B-   2890.6633     1.2771  109 906110.724       1.380   ,938.531979,0.0012870000000000002,0.14545454545454545,0,0
2020,62,48,110,Cd,,-90347.969,0.38,8551.2755,0.0035,B-,-3878.0,11.547,109.90300747,0.407,False,False,False,False,-90347.969,8551.2755,  14   62   48  110 Cd       -90347.969       0.380      8551.2755     0.0035  B-  -3878.0000    11.5470  109 903007.470       0.407   ,940.6403049999999,0.00038500000000000003,0.12727272727272726,1,1
2020,61,49,110,In,-,-86469.969,11.553,8508.9087,0.105,B-,-627.9769,17.9802,109.907170674,12.402,False,False,False,False,-86469.969,8508.9087,  12   61   49  110 In    -  -86469.969      11.553      8508.9087     0.1050  B-   -627.9769    17.9802  109 907170.674      12.402   ,935.9799569999999,0.01155,0.10909090909090909,0,0
2020,60,50,110,Sn,x,-85841.993,13.777,8496.0875,0.1252,B-,-8392.248,15.0117,109.907844835,14.79,False,False,False,False,-85841.993,8496.0875,  10   60   50  110 Sn    x  -85841.993      13.777      8496.0875     0.1252  B-  -8392.2480    15.0117  109 907844.835      14.790   ,934.569625,0.013772,0.09090909090909091,1,1
2020,59,51,110,Sb,x,-77449.745,5.962,8412.6821,0.0542,B-,-5219.924,8.8753,109.916854283,6.4,False,False,False,False,-77449.745,8412.6821,   8   59   51  110 Sb    x  -77449.745       5.962      8412.6821     0.0542  B-  -5219.9240     8.8753  109 916854.283       6.400   ,925.3950309999999,0.005961999999999999,0.07272727272727272,0,0
2020,58,52,110,Te,,-72229.821,6.575,8358.116,0.0598,B-,-11761.9766,62.2875,109.922458102,7.058,False,False,False,False,-72229.821,8358.1160,   6   58   52  110 Te       -72229.821       6.575      8358.1160     0.0598  B- -11761.9766    62.2875  109 922458.102       7.058   ,919.39276,0.0065780000000000005,0.05454545454545454,1,1
2020,57,53,110,I,-a,-60467.844,61.94,8244.0767,0.5631,B-,-8545.2075,118.47,109.935085102,66.494,False,False,False,False,-60467.844,8244.0767,   4   57   53  110 I    -a  -60467.844      61.940      8244.0767     0.5631  B-  -8545.2075   118.4700  109 935085.102      66.494   ,906.8484369999999,0.061941,0.03636363636363636,0,0
2020,56,54,110,Xe,-a,-51922.636,100.988,8159.2808,0.9181,B-,,,109.944258759,108.415,False,False,False,False,-51922.636,8159.2808,   2   56   54  110 Xe   -a  -51922.636     100.988      8159.2808     0.9181  B-      *                  109 944258.759     108.415   ,897.520888,0.100991,0.01818181818181818,1,1
2020,69,42,111,Mo,+,-59939.813,12.578,8315.2932,0.1133,B-,9084.862,6.7999,110.935651966,13.503,False,False,False,False,-59939.813,8315.2932,  27   69   42  111 Mo    +  -59939.813      12.578      8315.2932     0.1133  B-   9084.8620     6.7999  110 935651.966      13.503   ,922.9975452000001,0.0125763,0.24324324324324326,0,1
2020,68,43,111,Tc,x,-69024.675,10.582,8390.0906,0.0953,B-,7760.65,13.8477,110.925898966,11.359,False,False,False,False,-69024.675,8390.0906,  25   68   43  111 Tc    x  -69024.675      10.582      8390.0906     0.0953  B-   7760.6500    13.8477  110 925898.966      11.359   ,931.3000566,0.010578299999999999,0.22522522522522523,1,0
2020,67,44,111,Ru,x,-76785.325,9.682,8452.9582,0.0872,B-,5518.5456,11.8621,110.917567566,10.394,False,False,False,False,-76785.325,8452.9582,  23   67   44  111 Ru    x  -76785.325       9.682      8452.9582     0.0872  B-   5518.5456    11.8621  110 917567.566      10.394   ,938.2783601999998,0.0096792,0.2072072072072072,0,1
2020,66,45,111,Rh,,-82303.871,6.853,8495.6267,0.0617,B-,3682.0153,6.8899,110.911643164,7.356,False,False,False,False,-82303.871,8495.6267,  21   66   45  111 Rh       -82303.871       6.853      8495.6267     0.0617  B-   3682.0153     6.8899  110 911643.164       7.356   ,943.0145637,0.0068487,0.1891891891891892,1,0
2020,65,46,111,Pd,-n,-85985.886,0.731,8521.7498,0.0066,B-,2229.5607,1.5721,110.907690358,0.785,False,False,False,False,-85985.886,8521.7498,  19   65   46  111 Pd   -n  -85985.886       0.731      8521.7498     0.0066  B-   2229.5607     1.5721  110 907690.358       0.785   ,945.9142278,0.0007326,0.17117117117117117,0,1
2020,64,47,111,Ag,+,-88215.447,1.459,8534.7878,0.0131,B-,1036.8,1.4142,110.905296827,1.565,False,False,False,False,-88215.447,8534.7878,  17   64   47  111 Ag    +  -88215.447       1.459      8534.7878     0.0131  B-   1036.8000     1.4142  110 905296.827       1.565   ,947.3614458,0.0014541,0.15315315315315314,1,0
2020,63,48,111,Cd,,-89252.247,0.357,8537.0801,0.0032,B-,-860.1972,3.417,110.904183776,0.383,False,False,False,False,-89252.247,8537.0801,  15   63   48  111 Cd       -89252.247       0.357      8537.0801     0.0032  B-   -860.1972     3.4170  110 904183.776       0.383   ,947.6158910999999,0.0003552,0.13513513513513514,0,1
2020,62,49,111,In,,-88392.05,3.424,8522.2824,0.0308,B-,-2453.4692,6.3368,110.905107236,3.675,False,False,False,False,-88392.050,8522.2824,  13   62   49  111 In       -88392.050       3.424      8522.2824     0.0308  B-  -2453.4692     6.3368  110 905107.236       3.675   ,945.9733464000001,0.0034188,0.11711711711711711,1,0
2020,61,50,111,Sn,+n,-85938.581,5.336,8493.131,0.0481,B-,-5101.834,10.3337,110.907741143,5.728,False,False,False,False,-85938.581,8493.1310,  11   61   50  111 Sn   +n  -85938.581       5.336      8493.1310     0.0481  B-  -5101.8340    10.3337  110 907741.143       5.728   ,942.737541,0.005339099999999999,0.0990990990990991,0,1
2020,60,51,111,Sb,x,-80836.747,8.849,8440.1203,0.0797,B-,-7249.2597,10.937,110.913218187,9.5,False,False,False,False,-80836.747,8440.1203,   9   60   51  111 Sb    x  -80836.747       8.849      8440.1203     0.0797  B-  -7249.2597    10.9370  110 913218.187       9.500   ,936.8533533000001,0.008846699999999999,0.08108108108108109,1,0
2020,59,52,111,Te,x,-73587.487,6.427,8367.7635,0.0579,B-,-8633.6922,7.9943,110.921000587,6.9,False,False,False,False,-73587.487,8367.7635,   7   59   52  111 Te    x  -73587.487       6.427      8367.7635     0.0579  B-  -8633.6922     7.9943  110 921000.587       6.900   ,928.8217484999999,0.0064269,0.06306306306306306,0,1
2020,58,53,111,I,,-64953.795,4.754,8282.9343,0.0428,B-,-10434.0,116.0,110.930269236,5.103,False,False,True,False,-64953.795,8282.9343,   5   58   53  111 I        -64953.795       4.754      8282.9343     0.0428  B- -10434#       116#      110 930269.236       5.103   ,919.4057073000001,0.0047508,0.04504504504504504,1,0
2020,69,43,112,Tc,x,-65258.932,5.515,8353.6217,0.0492,B-,10371.9409,11.0602,111.929941658,5.92,False,False,False,False,-65258.932,8353.6217,  26   69   43  112 Tc    x  -65258.932       5.515      8353.6217     0.0492  B-  10371.9409    11.0602  111 929941.658       5.920   ,935.6056303999999,0.0055103999999999995,0.23214285714285715,0,0
2020,68,44,112,Ru,x,-75630.873,9.6,8439.2431,0.0857,B-,4100.179,45.1185,111.918806922,10.305,False,False,False,False,-75630.873,8439.2431,  24   68   44  112 Ru    x  -75630.873       9.600      8439.2431     0.0857  B-   4100.1790    45.1185  111 918806.922      10.305   ,945.1952272,0.0095984,0.21428571428571427,1,1
2020,67,45,112,Rh,,-79731.052,44.085,8468.8666,0.3936,B-,6589.9874,43.9269,111.914405199,47.327,False,False,False,False,-79731.052,8468.8666,  22   67   45  112 Rh       -79731.052      44.085      8468.8666     0.3936  B-   6589.9874    43.9269  111 914405.199      47.327   ,948.5130591999999,0.044083199999999996,0.19642857142857142,0,0
2020,66,46,112,Pd,,-86321.039,6.546,8520.7205,0.0584,B-,262.6897,6.9799,111.907330557,7.027,False,False,False,False,-86321.039,8520.7205,  20   66   46  112 Pd       -86321.039       6.546      8520.7205     0.0584  B-    262.6897     6.9799  111 907330.557       7.027   ,954.320696,0.0065408,0.17857142857142858,1,1
2020,65,47,112,Ag,x,-86583.729,2.422,8516.0807,0.0216,B-,3991.1283,2.4348,111.907048548,2.6,False,False,False,False,-86583.729,8516.0807,  18   65   47  112 Ag    x  -86583.729       2.422      8516.0807     0.0216  B-   3991.1283     2.4348  111 907048.548       2.600   ,953.8010384,0.0024192,0.16071428571428573,0,0
2020,64,48,112,Cd,,-90574.857,0.25,8544.7306,0.0022,B-,-2584.7306,4.2434,111.902763896,0.268,False,False,False,False,-90574.857,8544.7306,  16   64   48  112 Cd       -90574.857       0.250      8544.7306     0.0022  B-  -2584.7306     4.2434  111 902763.896       0.268   ,957.0098272,0.0002464,0.14285714285714285,1,1
2020,63,49,112,In,,-87990.127,4.251,8514.6674,0.038,B-,664.9224,4.2434,111.905538718,4.563,False,False,False,False,-87990.127,8514.6674,  14   63   49  112 In       -87990.127       4.251      8514.6674     0.0380  B-    664.9224     4.2434  111 905538.718       4.563   ,953.6427488,0.004256,0.125,0,0
2020,62,50,112,Sn,,-88655.049,0.294,8513.6189,0.0026,B-,-7056.076,17.8317,111.904824894,0.315,False,False,False,False,-88655.049,8513.6189,  12   62   50  112 Sn       -88655.049       0.294      8513.6189     0.0026  B-  -7056.0760    17.8317  111 904824.894       0.315   ,953.5253167999999,0.00029120000000000003,0.10714285714285714,1,1
2020,61,51,112,Sb,x,-81598.973,17.829,8443.633,0.1592,B-,-4031.455,19.7019,111.912399903,19.14,False,False,False,False,-81598.973,8443.6330,  10   61   51  112 Sb    x  -81598.973      17.829      8443.6330     0.1592  B-  -4031.4550    19.7019  111 912399.903      19.140   ,945.6868959999999,0.0178304,0.08928571428571429,0,0
2020,60,52,112,Te,x,-77567.518,8.383,8400.6527,0.0749,B-,-10504.1795,13.239,111.916727848,9.0,False,False,False,False,-77567.518,8400.6527,   8   60   52  112 Te    x  -77567.518       8.383      8400.6527     0.0749  B- -10504.1795    13.2390  111 916727.848       9.000   ,940.8731024000001,0.0083888,0.07142857142857142,1,1
2020,59,53,112,I,x,-67063.339,10.246,8299.8801,0.0915,B-,-7036.991,13.1754,111.928004548,11.0,False,False,False,False,-67063.339,8299.8801,   6   59   53  112 I     x  -67063.339      10.246      8299.8801     0.0915  B-  -7036.9910    13.1754  111 928004.548      11.000   ,929.5865712,0.010248,0.05357142857142857,0,0
2020,58,54,112,Xe,-a,-60026.348,8.283,8230.0646,0.074,B-,-13612.0,116.0,111.935559068,8.891,False,False,True,False,-60026.348,8230.0646,   4   58   54  112 Xe   -a  -60026.348       8.283      8230.0646     0.0740  B- -13612#       116#      111 935559.068       8.891   ,921.7672352,0.008288,0.03571428571428571,1,1
2020,70,43,113,Tc,x,-62811.549,3.353,8329.4652,0.0297,B-,9056.2674,38.4285,112.932569032,3.6,False,False,False,False,-62811.549,8329.4652,  27   70   43  113 Tc    x  -62811.549       3.353      8329.4652     0.0297  B-   9056.2674    38.4285  112 932569.032       3.600   ,941.2295676000001,0.0033561,0.23893805309734514,1,0
2020,69,44,113,Ru,,-71867.816,38.282,8402.6857,0.3388,B-,6899.1276,38.9406,112.922846729,41.097,False,False,False,False,-71867.816,8402.6857,  25   69   44  113 Ru       -71867.816      38.282      8402.6857     0.3388  B-   6899.1276    38.9406  112 922846.729      41.097   ,949.5034841,0.038284399999999996,0.22123893805309736,0,1
2020,68,45,113,Rh,x,-78766.944,7.132,8456.8165,0.0631,B-,4823.5559,9.8809,112.915440212,7.656,False,False,False,False,-78766.944,8456.8165,  23   68   45  113 Rh    x  -78766.944       7.132      8456.8165     0.0631  B-   4823.5559     9.8809  112 915440.212       7.656   ,955.6202645000001,0.0071303,0.20353982300884957,1,0
2020,67,46,113,Pd,x,-83590.5,6.947,8492.5795,0.0615,B-,3436.3252,18.0341,112.910261912,7.458,False,False,False,False,-83590.500,8492.5795,  21   67   46  113 Pd    x  -83590.500       6.947      8492.5795     0.0615  B-   3436.3252    18.0341  112 910261.912       7.458   ,959.6614834999999,0.0069495,0.18584070796460178,0,1
2020,66,47,113,Ag,+,-87026.825,16.643,8516.066,0.1473,B-,2016.4615,16.641,112.906572865,17.866,False,False,False,False,-87026.825,8516.0660,  19   66   47  113 Ag    +  -87026.825      16.643      8516.0660     0.1473  B-   2016.4615    16.6410  112 906572.865      17.866   ,962.3154580000001,0.0166449,0.168141592920354,1,0
2020,65,48,113,Cd,,-89043.286,0.245,8526.9874,0.0022,B-,323.837,0.2653,112.904408105,0.262,False,False,False,False,-89043.286,8526.9874,  17   65   48  113 Cd       -89043.286       0.245      8526.9874     0.0022  B-    323.8370     0.2653  112 904408.105       0.262   ,963.5495762,0.0002486,0.1504424778761062,0,1
2020,64,49,113,In,,-89367.123,0.188,8522.9297,0.0017,B-,-1038.9941,1.5733,112.904060451,0.202,False,False,False,False,-89367.123,8522.9297,  15   64   49  113 In       -89367.123       0.188      8522.9297     0.0017  B-  -1038.9941     1.5733  112 904060.451       0.202   ,963.0910561000001,0.00019209999999999998,0.13274336283185842,1,0
2020,63,50,113,Sn,,-88328.129,1.575,8506.8117,0.0139,B-,-3911.1637,17.1206,112.905175857,1.69,False,False,False,False,-88328.129,8506.8117,  13   63   50  113 Sn       -88328.129       1.575      8506.8117     0.0139  B-  -3911.1637    17.1206  112 905175.857       1.690   ,961.2697221,0.0015707,0.11504424778761062,0,1
2020,62,51,113,Sb,-,-84416.966,17.193,8465.2762,0.1521,B-,-6069.9281,32.8102,112.909374664,18.457,False,False,False,False,-84416.966,8465.2762,  11   62   51  113 Sb    -  -84416.966      17.193      8465.2762     0.1521  B-  -6069.9281    32.8102  112 909374.664      18.457   ,956.5762106,0.0171873,0.09734513274336283,1,0
2020,61,52,113,Te,x,-78347.037,27.945,8404.6366,0.2473,B-,-7227.521,29.0704,112.915891,30.0,False,False,False,False,-78347.037,8404.6366,   9   61   52  113 Te    x  -78347.037      27.945      8404.6366     0.2473  B-  -7227.5210    29.0704  112 915891.000      30.000   ,949.7239357999999,0.0279449,0.07964601769911504,0,1
2020,60,53,113,I,x,-71119.517,8.011,8333.7528,0.0709,B-,-8915.8902,10.5334,112.923650062,8.6,False,False,False,False,-71119.517,8333.7528,   7   60   53  113 I     x  -71119.517       8.011      8333.7528     0.0709  B-  -8915.8902    10.5334  112 923650.062       8.600   ,941.7140664,0.008011700000000002,0.061946902654867256,1,0
2020,59,54,113,Xe,,-62203.626,6.84,8247.9277,0.0605,B-,-10439.0876,10.9702,112.933221663,7.342,False,False,False,False,-62203.626,8247.9277,   5   59   54  113 Xe       -62203.626       6.840      8247.9277     0.0605  B- -10439.0876    10.9702  112 933221.663       7.342   ,932.0158301,0.0068365,0.04424778761061947,0,1
2020,58,55,113,Cs,-p,-51764.539,8.577,8148.623,0.0759,B-,-12055.0,300.0,112.944428484,9.207,False,False,True,False,-51764.539,8148.6230,   3   58   55  113 Cs   -p  -51764.539       8.577      8148.6230     0.0759  B- -12055#       300#      112 944428.484       9.207   ,920.794399,0.0085767,0.02654867256637168,1,0
2020,71,43,114,Tc,x,-58600.294,433.145,8290.2599,3.7995,B-,11620.919,433.1594,113.93709,465.0,False,False,False,False,-58600.294,8290.2599,  28   71   43  114 Tc    x  -58600.294     433.145      8290.2599     3.7995  B-  11620.9190   433.1594  113 937090.000     465.000   ,945.0896286,0.43314300000000006,0.24561403508771928,0,0
2020,70,44,114,Ru,x,-70221.213,3.556,8385.3351,0.0312,B-,5489.0622,71.6432,113.92461443,3.817,False,False,False,False,-70221.213,8385.3351,  26   70   44  114 Ru    x  -70221.213       3.556      8385.3351     0.0312  B-   5489.0622    71.6432  113 924614.430       3.817   ,955.9282014,0.0035568,0.22807017543859648,1,1
2020,69,45,114,Rh,,-75710.275,71.561,8426.6221,0.6277,B-,7780.0712,71.8915,113.91872168,76.824,False,False,False,False,-75710.275,8426.6221,  24   69   45  114 Rh       -75710.275      71.561      8426.6221     0.6277  B-   7780.0712    71.8915  113 918721.680      76.824   ,960.6349194000001,0.0715578,0.21052631578947367,0,0
2020,68,46,114,Pd,x,-83490.346,6.948,8488.0056,0.061,B-,1440.4642,8.3133,113.91036943,7.459,False,False,False,False,-83490.346,8488.0056,  22   68   46  114 Pd    x  -83490.346       6.948      8488.0056     0.0610  B-   1440.4642     8.3133  113 910369.430       7.459   ,967.6326384,0.006954,0.19298245614035087,1,1
2020,67,47,114,Ag,x,-84930.811,4.564,8493.7786,0.04,B-,5084.1233,4.5727,113.908823029,4.9,False,False,False,False,-84930.811,8493.7786,  20   67   47  114 Ag    x  -84930.811       4.564      8493.7786     0.0400  B-   5084.1233     4.5727  113 908823.029       4.900   ,968.2907604,0.004560000000000001,0.17543859649122806,0,0
2020,66,48,114,Cd,,-90014.934,0.276,8531.5135,0.0024,B-,-1445.1268,0.3817,113.903364998,0.296,False,False,False,False,-90014.934,8531.5135,  18   66   48  114 Cd       -90014.934       0.276      8531.5135     0.0024  B-  -1445.1268     0.3817  113 903364.998       0.296   ,972.5925389999999,0.00027359999999999993,0.15789473684210525,1,1
2020,65,49,114,In,,-88569.807,0.301,8511.9742,0.0027,B-,1989.9281,0.3018,113.904916405,0.323,False,False,False,False,-88569.807,8511.9742,  16   65   49  114 In       -88569.807       0.301      8511.9742     0.0027  B-   1989.9281     0.3018  113 904916.405       0.323   ,970.3650588000002,0.0003078,0.14035087719298245,0,0
2020,64,50,114,Sn,,-90559.735,0.029,8522.5671,0.0004,B-,-6063.1189,19.7724,113.90278013,0.031,False,False,False,False,-90559.735,8522.5671,  14   64   50  114 Sn       -90559.735       0.029      8522.5671     0.0004  B-  -6063.1189    19.7724  113 902780.130       0.031   ,971.5726494,4.5600000000000004e-05,0.12280701754385964,1,1
2020,63,51,114,Sb,,-84496.616,19.772,8462.5191,0.1734,B-,-2606.9398,31.4275,113.909289155,21.226,False,False,False,False,-84496.616,8462.5191,  12   63   51  114 Sb       -84496.616      19.772      8462.5191     0.1734  B-  -2606.9398    31.4275  113 909289.155      21.226   ,964.7271774,0.019767600000000003,0.10526315789473684,0,0
2020,62,52,114,Te,x,-81889.676,24.428,8432.7885,0.2143,B-,-9250.7417,31.5883,113.91208782,26.224,False,False,False,False,-81889.676,8432.7885,  10   62   52  114 Te    x  -81889.676      24.428      8432.7885     0.2143  B-  -9250.7417    31.5883  113 912087.820      26.224   ,961.3378890000001,0.0244302,0.08771929824561403,1,1
2020,61,53,114,I,x,-72638.935,20.027,8344.779,0.1757,B-,-5553.036,22.9354,113.9220189,21.5,False,False,False,False,-72638.935,8344.7790,   8   61   53  114 I     x  -72638.935      20.027      8344.7790     0.1757  B-  -5553.0360    22.9354  113 922018.900      21.500   ,951.3048060000001,0.020029799999999997,0.07017543859649122,0,0
2020,60,54,114,Xe,x,-67085.899,11.178,8289.2054,0.0981,B-,-12399.9706,85.7989,113.927980329,12.0,False,False,False,False,-67085.899,8289.2054,   6   60   54  114 Xe    x  -67085.899      11.178      8289.2054     0.0981  B- -12399.9706    85.7989  113 927980.329      12.000   ,944.9694156,0.011183400000000001,0.05263157894736842,1,1
2020,59,55,114,Cs,-a,-54685.928,85.068,8173.5711,0.7462,B-,-8780.4915,133.3375,113.941292244,91.323,False,False,False,False,-54685.928,8173.5711,   4   59   55  114 Cs   -a  -54685.928      85.068      8173.5711     0.7462  B-  -8780.4915   133.3375  113 941292.244      91.323   ,931.7871054,0.0850668,0.03508771929824561,0,0
2020,58,56,114,Ba,-a,-45905.437,102.676,8089.6865,0.9007,B-,,,113.950718489,110.227,False,False,False,False,-45905.437,8089.6865,   2   58   56  114 Ba   -a  -45905.437     102.676      8089.6865     0.9007  B-      *                  113 950718.489     110.227   ,922.224261,0.1026798,0.017543859649122806,1,1
2020,71,44,115,Ru,x,-66105.296,25.166,8346.814,0.2188,B-,8123.9327,26.1788,114.929033049,27.016,False,False,False,False,-66105.296,8346.8140,  27   71   44  115 Ru    x  -66105.296      25.166      8346.8140     0.2188  B-   8123.9327    26.1788  114 929033.049      27.016   ,959.88361,0.025162,0.23478260869565218,0,1
2020,70,45,115,Rh,x,-74229.228,7.319,8410.6538,0.0636,B-,6196.5938,15.3503,114.920311649,7.857,False,False,False,False,-74229.228,8410.6538,  25   70   45  115 Rh    x  -74229.228       7.319      8410.6538     0.0636  B-   6196.5938    15.3503  114 920311.649       7.857   ,967.225187,0.007314,0.21739130434782608,1,0
2020,69,46,115,Pd,,-80425.822,13.547,8457.7342,0.1178,B-,4556.7647,21.6496,114.913659333,14.543,False,False,False,False,-80425.822,8457.7342,  23   69   46  115 Pd       -80425.822      13.547      8457.7342     0.1178  B-   4556.7647    21.6496  114 913659.333      14.543   ,972.639433,0.013547,0.2,0,1
2020,68,47,115,Ag,,-84982.587,18.268,8490.5553,0.1589,B-,3101.893,18.2744,114.908767445,19.611,False,False,False,False,-84982.587,8490.5553,  21   68   47  115 Ag       -84982.587      18.268      8490.5553     0.1589  B-   3101.8930    18.2744  114 908767.445      19.611   ,976.4138595000001,0.0182735,0.1826086956521739,1,0
2020,67,48,115,Cd,,-88084.48,0.651,8510.7252,0.0057,B-,1451.8768,0.6514,114.905437426,0.699,False,False,False,False,-88084.480,8510.7252,  19   67   48  115 Cd       -88084.480       0.651      8510.7252     0.0057  B-   1451.8768     0.6514  114 905437.426       0.699   ,978.7333980000001,0.0006554999999999999,0.16521739130434782,0,1
2020,66,49,115,In,,-89536.357,0.012,8516.5472,0.0003,B-,497.4892,0.0097,114.903878772,0.012,False,False,False,False,-89536.357,8516.5472,  17   66   49  115 In       -89536.357       0.012      8516.5472     0.0003  B-    497.4892     0.0097  114 903878.772       0.012   ,979.4029280000001,3.45e-05,0.14782608695652175,1,0
2020,65,50,115,Sn,,-90033.846,0.015,8514.0702,0.0003,B-,-3030.4336,16.0253,114.903344695,0.016,False,False,False,False,-90033.846,8514.0702,  15   65   50  115 Sn       -90033.846       0.015      8514.0702     0.0003  B-  -3030.4336    16.0253  114 903344.695       0.016   ,979.118073,3.45e-05,0.13043478260869565,0,1
2020,64,51,115,Sb,x,-87003.412,16.025,8480.9156,0.1394,B-,-4940.6447,32.2137,114.906598,17.203,False,False,False,False,-87003.412,8480.9156,  13   64   51  115 Sb    x  -87003.412      16.025      8480.9156     0.1394  B-  -4940.6447    32.2137  114 906598.000      17.203   ,975.305294,0.016031,0.11304347826086956,1,0
2020,63,52,115,Te,x,-82062.767,27.945,8431.1504,0.243,B-,-5724.9628,40.184,114.911902,30.0,False,False,False,False,-82062.767,8431.1504,  11   63   52  115 Te    x  -82062.767      27.945      8431.1504     0.2430  B-  -5724.9628    40.1840  114 911902.000      30.000   ,969.582296,0.027945,0.09565217391304348,0,1
2020,62,53,115,I,x,-76337.805,28.876,8374.5651,0.2511,B-,-7681.0475,31.3126,114.918048,31.0,False,False,False,False,-76337.805,8374.5651,   9   62   53  115 I     x  -76337.805      28.876      8374.5651     0.2511  B-  -7681.0475    31.3126  114 918048.000      31.000   ,963.0749865,0.0288765,0.0782608695652174,1,0
2020,61,54,115,Xe,x,-68656.757,12.109,8300.9704,0.1053,B-,-8957.0,103.0,114.926293943,13.0,False,False,True,False,-68656.757,8300.9704,   7   61   54  115 Xe    x  -68656.757      12.109      8300.9704     0.1053  B-  -8957#       103#      114 926293.943      13.000   ,954.611596,0.0121095,0.06086956521739131,0,1
2020,72,44,116,Ru,x,-64068.917,3.726,8326.884,0.0321,B-,6666.8252,73.9257,115.931219191,4.0,False,False,False,False,-64068.917,8326.8840,  28   72   44  116 Ru    x  -64068.917       3.726      8326.8840     0.0321  B-   6666.8252    73.9257  115 931219.191       4.000   ,965.918544,0.0037235999999999997,0.2413793103448276,1,1
2020,71,45,116,Rh,,-70735.742,73.832,8377.6123,0.6365,B-,9095.2839,74.169,115.92406206,79.261,False,False,False,False,-70735.742,8377.6123,  26   71   45  116 Rh       -70735.742      73.832      8377.6123     0.6365  B-   9095.2839    74.1690  115 924062.060      79.261   ,971.8030268000001,0.07383399999999998,0.22413793103448276,0,0
2020,70,46,116,Pd,x,-79831.026,7.135,8449.2755,0.0615,B-,2711.6378,7.8446,115.914297872,7.659,False,False,False,False,-79831.026,8449.2755,  24   70   46  116 Pd    x  -79831.026       7.135      8449.2755     0.0615  B-   2711.6378     7.8446  115 914297.872       7.659   ,980.115958,0.007134000000000001,0.20689655172413793,1,1
2020,69,47,116,Ag,x,-82542.664,3.26,8465.9073,0.0281,B-,6169.8248,3.2642,115.911386809,3.5,False,False,False,False,-82542.664,8465.9073,  22   69   47  116 Ag    x  -82542.664       3.260      8465.9073     0.0281  B-   6169.8248     3.2642  115 911386.809       3.500   ,982.0452468000001,0.0032595999999999997,0.1896551724137931,0,0
2020,68,48,116,Cd,,-88712.489,0.16,8512.3511,0.0014,B-,-462.7305,0.272,115.90476323,0.172,False,False,False,False,-88712.489,8512.3511,  20   68   48  116 Cd       -88712.489       0.160      8512.3511     0.0014  B-   -462.7305     0.2720  115 904763.230       0.172   ,987.4327276,0.0001624,0.1724137931034483,1,1
2020,67,49,116,In,-n,-88249.758,0.22,8501.6177,0.0019,B-,3276.2204,0.2397,115.905259992,0.236,False,False,False,False,-88249.758,8501.6177,  18   67   49  116 In   -n  -88249.758       0.220      8501.6177     0.0019  B-   3276.2204     0.2397  115 905259.992       0.236   ,986.1876532000001,0.00022040000000000002,0.15517241379310345,0,0
2020,66,50,116,Sn,,-91525.979,0.096,8523.1166,0.0009,B-,-4703.9591,5.154,115.901742825,0.103,False,False,False,False,-91525.979,8523.1166,  16   66   50  116 Sn       -91525.979       0.096      8523.1166     0.0009  B-  -4703.9591     5.1540  115 901742.825       0.103   ,988.6815256,0.00010439999999999999,0.13793103448275862,1,1
2020,65,51,116,Sb,,-86822.02,5.154,8475.8208,0.0444,B-,-1558.2272,24.7485,115.906792732,5.533,False,False,False,False,-86822.020,8475.8208,  14   65   51  116 Sb       -86822.020       5.154      8475.8208     0.0444  B-  -1558.2272    24.7485  115 906792.732       5.533   ,983.1952128,0.0051504,0.1206896551724138,0,0
2020,64,52,116,Te,,-85263.793,24.206,8455.6435,0.2087,B-,-7843.1388,75.323,115.908465558,25.986,False,False,False,False,-85263.793,8455.6435,  12   64   52  116 Te       -85263.793      24.206      8455.6435     0.2087  B-  -7843.1388    75.3230  115 908465.558      25.986   ,980.8546460000001,0.0242092,0.10344827586206896,1,1
2020,63,53,116,I,,-77420.654,75.037,8381.2858,0.6469,B-,-4373.7764,75.8444,115.916885513,80.555,False,False,False,False,-77420.654,8381.2858,  10   63   53  116 I        -77420.654      75.037      8381.2858     0.6469  B-  -4373.7764    75.8444  115 916885.513      80.555   ,972.2291528,0.07504040000000001,0.08620689655172414,0,0
2020,62,54,116,Xe,,-73046.877,13.017,8336.8365,0.1122,B-,-11004.0,101.0,115.921580955,13.974,False,False,True,False,-73046.877,8336.8365,   8   62   54  116 Xe       -73046.877      13.017      8336.8365     0.1122  B- -11004#       101#      115 921580.955      13.974   ,967.073034,0.0130152,0.06896551724137931,1,1
2020,73,44,117,Ru,x,-59489.871,433.145,8285.5625,3.7021,B-,9406.8875,433.2361,116.936135,465.0,False,False,False,False,-59489.871,8285.5625,  29   73   44  117 Ru    x  -59489.871     433.145      8285.5625     3.7021  B-   9406.8875   433.2361  116 936135.000     465.000   ,969.4108125,0.4331457,0.24786324786324787,0,1
2020,72,45,117,Rh,x,-68896.758,8.895,8359.2766,0.076,B-,7527.1313,11.4108,116.926036291,9.548,False,False,False,False,-68896.758,8359.2766,  27   72   45  117 Rh    x  -68896.758       8.895      8359.2766     0.0760  B-   7527.1313    11.4108  116 926036.291       9.548   ,978.0353621999999,0.008891999999999999,0.23076923076923078,1,0
2020,71,46,117,Pd,,-76423.89,7.255,8416.9243,0.062,B-,5758.0284,14.7674,116.917955584,7.788,False,False,False,False,-76423.890,8416.9243,  25   71   46  117 Pd       -76423.890       7.255      8416.9243     0.0620  B-   5758.0284    14.7674  116 917955.584       7.788   ,984.7801431000001,0.007253999999999999,0.21367521367521367,0,1
2020,70,47,117,Ag,,-82181.918,13.572,8459.4515,0.116,B-,4236.479,13.6099,116.911774086,14.57,False,False,False,False,-82181.918,8459.4515,  23   70   47  117 Ag       -82181.918      13.572      8459.4515     0.1160  B-   4236.4790    13.6099  116 911774.086      14.570   ,989.7558254999999,0.013572,0.19658119658119658,1,0
2020,69,48,117,Cd,-n,-86418.397,1.013,8488.974,0.0087,B-,2524.6381,4.9829,116.907226039,1.087,False,False,False,False,-86418.397,8488.9740,  21   69   48  117 Cd   -n  -86418.397       1.013      8488.9740     0.0087  B-   2524.6381     4.9829  116 907226.039       1.087   ,993.209958,0.0010179,0.1794871794871795,0,1
2020,68,49,117,In,,-88943.035,4.881,8503.8653,0.0417,B-,1454.7073,4.8567,116.904515729,5.239,False,False,False,False,-88943.035,8503.8653,  19   68   49  117 In       -88943.035       4.881      8503.8653     0.0417  B-   1454.7073     4.8567  116 904515.729       5.239   ,994.9522400999999,0.004878899999999999,0.1623931623931624,1,0
2020,67,50,117,Sn,,-90397.742,0.483,8509.612,0.0041,B-,-1758.1788,8.4449,116.902954036,0.518,False,False,False,False,-90397.742,8509.6120,  17   67   50  117 Sn       -90397.742       0.483      8509.6120     0.0041  B-  -1758.1788     8.4449  116 902954.036       0.518   ,995.624604,0.0004797,0.1452991452991453,0,1
2020,66,51,117,Sb,,-88639.564,8.437,8487.8981,0.0721,B-,-3544.0634,13.0785,116.904841519,9.057,False,False,False,False,-88639.564,8487.8981,  15   66   51  117 Sb       -88639.564       8.437      8487.8981     0.0721  B-  -3544.0634    13.0785  116 904841.519       9.057   ,993.0840777000001,0.008435699999999999,0.1282051282051282,1,0
2020,65,52,117,Te,,-85095.5,13.455,8450.9203,0.115,B-,-4656.9321,28.1284,116.908646227,14.444,False,False,False,False,-85095.500,8450.9203,  13   65   52  117 Te       -85095.500      13.455      8450.9203     0.1150  B-  -4656.9321    28.1284  116 908646.227      14.444   ,988.7576751,0.013455,0.1111111111111111,0,1
2020,64,53,117,I,,-80438.568,25.558,8404.4307,0.2184,B-,-6253.2213,27.5845,116.913645649,27.437,False,False,False,False,-80438.568,8404.4307,  11   64   53  117 I        -80438.568      25.558      8404.4307     0.2184  B-  -6253.2213    27.5845  116 913645.649      27.437   ,983.3183919,0.0255528,0.09401709401709402,1,0
2020,63,54,117,Xe,x,-74185.347,10.378,8344.2976,0.0887,B-,-7692.2462,63.2672,116.920358758,11.141,False,False,False,False,-74185.347,8344.2976,   9   63   54  117 Xe    x  -74185.347      10.378      8344.2976     0.0887  B-  -7692.2462    63.2672  116 920358.758      11.141   ,976.2828192000001,0.0103779,0.07692307692307693,0,1
2020,62,55,117,Cs,x,-66493.101,62.41,8271.8652,0.5334,B-,-9035.1943,258.0009,116.928616723,67.0,False,False,False,False,-66493.101,8271.8652,   7   62   55  117 Cs    x  -66493.101      62.410      8271.8652     0.5334  B-  -9035.1943   258.0009  116 928616.723      67.000   ,967.8082284000001,0.0624078,0.05982905982905983,1,0
2020,61,56,117,Ba,ep,-57457.906,250.339,8187.9546,2.1396,B-,-11187.0,321.0,116.938316403,268.749,False,False,True,False,-57457.906,8187.9546,   5   61   56  117 Ba   ep  -57457.906     250.339      8187.9546     2.1396  B- -11187#       321#      116 938316.403     268.749   ,957.9906882,0.25033320000000003,0.042735042735042736,0,1
2020,73,45,118,Rh,x,-64886.84,24.236,8322.8539,0.2054,B-,10501.5182,24.3424,117.930341116,26.018,False,False,False,False,-64886.840,8322.8539,  28   73   45  118 Rh    x  -64886.840      24.236      8322.8539     0.2054  B-  10501.5182    24.3424  117 930341.116      26.018   ,982.0967602000001,0.0242372,0.23728813559322035,0,0
2020,72,46,118,Pd,,-75388.358,2.494,8405.2197,0.0211,B-,4165.4444,3.5419,117.919067273,2.677,False,False,False,False,-75388.358,8405.2197,  26   72   46  118 Pd       -75388.358       2.494      8405.2197     0.0211  B-   4165.4444     3.5419  117 919067.273       2.677   ,991.8159245999999,0.0024898000000000003,0.22033898305084745,1,1
2020,71,47,118,Ag,x,-79553.802,2.515,8433.89,0.0213,B-,7147.8469,20.1582,117.914595484,2.7,False,False,False,False,-79553.802,8433.8900,  24   71   47  118 Ag    x  -79553.802       2.515      8433.8900     0.0213  B-   7147.8469    20.1582  117 914595.484       2.700   ,995.1990199999999,0.0025134,0.2033898305084746,0,0
2020,70,48,118,Cd,-nn,-86701.649,20.001,8487.835,0.1695,B-,526.5277,21.4501,117.906921956,21.471,False,False,False,False,-86701.649,8487.8350,  22   70   48  118 Cd  -nn  -86701.649      20.001      8487.8350     0.1695  B-    526.5277    21.4501  117 906921.956      21.471   ,1001.5645299999999,0.020001,0.1864406779661017,1,1
2020,69,49,118,In,,-87228.177,7.752,8485.667,0.0657,B-,4424.6664,7.7396,117.906356705,8.322,False,False,False,False,-87228.177,8485.6670,  20   69   49  118 In       -87228.177       7.752      8485.6670     0.0657  B-   4424.6664     7.7396  117 906356.705       8.322   ,1001.3087059999999,0.007752599999999999,0.1694915254237288,0,0
2020,68,50,118,Sn,,-91652.843,0.499,8516.5341,0.0042,B-,-3656.6393,2.9745,117.90160663,0.536,False,False,False,False,-91652.843,8516.5341,  18   68   50  118 Sn       -91652.843       0.499      8516.5341     0.0042  B-  -3656.6393     2.9745  117 901606.630       0.536   ,1004.9510238,0.0004956,0.15254237288135594,1,1
2020,67,51,118,Sb,-,-87996.204,3.016,8478.9156,0.0256,B-,-305.4459,18.5521,117.905532194,3.237,False,False,False,False,-87996.204,8478.9156,  16   67   51  118 Sb    -  -87996.204       3.016      8478.9156     0.0256  B-   -305.4459    18.5521  117 905532.194       3.237   ,1000.5120408,0.0030208,0.13559322033898305,0,0
2020,66,52,118,Te,+nn,-87690.758,18.306,8469.697,0.1551,B-,-6719.7015,26.9364,117.905860104,19.652,False,False,False,False,-87690.758,8469.6970,  14   66   52  118 Te  +nn  -87690.758      18.306      8469.6970     0.1551  B-  -6719.7015    26.9364  117 905860.104      19.652   ,999.424246,0.0183018,0.11864406779661017,1,1
2020,65,53,118,I,x,-80971.056,19.76,8406.1203,0.1675,B-,-2891.9893,22.3197,117.913074,21.213,False,False,False,False,-80971.056,8406.1203,  12   65   53  118 I     x  -80971.056      19.760      8406.1203     0.1675  B-  -2891.9893    22.3197  117 913074.000      21.213   ,991.9221954000001,0.019765,0.1016949152542373,0,0
2020,64,54,118,Xe,x,-78079.067,10.378,8374.9819,0.088,B-,-9669.6905,16.4423,117.916178678,11.141,False,False,False,False,-78079.067,8374.9819,  10   64   54  118 Xe    x  -78079.067      10.378      8374.9819     0.0880  B-  -9669.6905    16.4423  117 916178.678      11.141   ,988.2478642000001,0.010384,0.0847457627118644,1,1
2020,63,55,118,Cs,IT,-68409.377,12.753,8286.4053,0.1081,B-,-6210.0,201.0,117.926559517,13.69,False,False,True,False,-68409.377,8286.4053,   8   63   55  118 Cs   IT  -68409.377      12.753      8286.4053     0.1081  B-  -6210#       201#      117 926559.517      13.690   ,977.7958254000001,0.012755800000000001,0.06779661016949153,0,0
2020,74,45,119,Rh,x,-62822.802,9.315,8303.3953,0.0783,B-,8584.4751,12.4416,118.932556951,10.0,False,False,False,False,-62822.802,8303.3953,  29   74   45  119 Rh    x  -62822.802       9.315      8303.3953     0.0783  B-   8584.4751    12.4416  118 932556.951      10.000   ,988.1040407,0.009317699999999998,0.24369747899159663,1,0
2020,73,46,119,Pd,x,-71407.277,8.248,8368.9594,0.0693,B-,7238.4816,16.8566,118.923341138,8.854,False,False,False,False,-71407.277,8368.9594,  27   73   46  119 Pd    x  -71407.277       8.248      8368.9594     0.0693  B-   7238.4816    16.8566  118 923341.138       8.854   ,995.9061686,0.008246700000000001,0.226890756302521,0,1
2020,72,47,119,Ag,,-78645.759,14.703,8423.2126,0.1236,B-,5331.1799,35.9259,118.915570309,15.783,False,False,False,False,-78645.759,8423.2126,  25   72   47  119 Ag       -78645.759      14.703      8423.2126     0.1236  B-   5331.1799    35.9259  118 915570.309      15.783   ,1002.3622994000001,0.014708400000000002,0.21008403361344538,1,0
2020,71,48,119,Cd,,-83976.939,37.695,8461.4381,0.3168,B-,3721.7197,38.088,118.909847052,40.467,False,False,False,False,-83976.939,8461.4381,  23   71   48  119 Cd       -83976.939      37.695      8461.4381     0.3168  B-   3721.7197    38.0880  118 909847.052      40.467   ,1006.9111338999999,0.0376992,0.19327731092436976,0,1
2020,70,49,119,In,,-87698.658,7.31,8486.1387,0.0614,B-,2366.3263,7.3381,118.905851622,7.847,False,False,False,False,-87698.658,8486.1387,  21   70   49  119 In       -87698.658       7.310      8486.1387     0.0614  B-   2366.3263     7.3381  118 905851.622       7.847   ,1009.8505053,0.007306600000000001,0.17647058823529413,1,0
2020,69,50,119,Sn,,-90064.985,0.725,8499.4494,0.0061,B-,-589.4452,6.9937,118.903311266,0.778,False,False,False,False,-90064.985,8499.4494,  19   69   50  119 Sn       -90064.985       0.725      8499.4494     0.0061  B-   -589.4452     6.9937  118 903311.266       0.778   ,1011.4344785999999,0.0007259000000000001,0.15966386554621848,0,1
2020,68,51,119,Sb,,-89475.539,6.998,8487.9218,0.0588,B-,-2293.0,2.0,118.903944062,7.512,False,False,False,False,-89475.539,8487.9218,  17   68   51  119 Sb       -89475.539       6.998      8487.9218     0.0588  B-  -2293.0000     2.0000  118 903944.062       7.512   ,1010.0626942,0.006997199999999999,0.14285714285714285,1,0
2020,67,52,119,Te,-,-87182.539,7.278,8462.0785,0.0612,B-,-3404.808,22.8941,118.906405699,7.813,False,False,False,False,-87182.539,8462.0785,  15   67   52  119 Te    -  -87182.539       7.278      8462.0785     0.0612  B-  -3404.8080    22.8941  118 906405.699       7.813   ,1006.9873415,0.0072828,0.12605042016806722,0,1
2020,66,53,119,I,x,-83777.731,21.706,8426.8924,0.1824,B-,-4983.2433,24.0598,118.91006091,23.302,False,False,False,False,-83777.731,8426.8924,  13   66   53  119 I     x  -83777.731      21.706      8426.8924     0.1824  B-  -4983.2433    24.0598  118 910060.910      23.302   ,1002.8001956,0.021705600000000002,0.1092436974789916,1,0
2020,65,54,119,Xe,,-78794.488,10.378,8378.442,0.0872,B-,-6489.4269,17.379,118.915410641,11.141,False,False,False,False,-78794.488,8378.4420,  11   65   54  119 Xe       -78794.488      10.378      8378.4420     0.0872  B-  -6489.4269    17.3790  118 915410.641      11.141   ,997.0345979999998,0.010376799999999999,0.09243697478991597,0,1
2020,64,55,119,Cs,IT,-72305.061,13.94,8317.3347,0.1171,B-,-7714.9651,200.7537,118.922377327,14.965,False,False,False,False,-72305.061,8317.3347,   9   64   55  119 Cs   IT  -72305.061      13.940      8317.3347     0.1171  B-  -7714.9651   200.7537  118 922377.327      14.965   ,989.7628293,0.013934899999999998,0.07563025210084033,1,0
2020,63,56,119,Ba,ep,-64590.096,200.269,8245.9287,1.6829,B-,-9570.0,361.0,118.930659683,214.997,False,False,True,False,-64590.096,8245.9287,   7   63   56  119 Ba   ep  -64590.096     200.269      8245.9287     1.6829  B-  -9570#       361#      118 930659.683     214.997   ,981.2655153000001,0.20026510000000003,0.058823529411764705,0,1
2020,74,46,120,Pd,,-70279.604,2.296,8357.0817,0.0191,B-,5371.9076,5.0261,119.924551745,2.464,False,False,False,False,-70279.604,8357.0817,  28   74   46  120 Pd       -70279.604       2.296      8357.0817     0.0191  B-   5371.9076     5.0261  119 924551.745       2.464   ,1002.8498040000002,0.0022919999999999998,0.23333333333333334,1,1
2020,73,47,120,Ag,x,-75651.512,4.471,8395.3281,0.0373,B-,8305.8535,5.8202,119.918784765,4.8,False,False,False,False,-75651.512,8395.3281,  26   73   47  120 Ag    x  -75651.512       4.471      8395.3281     0.0373  B-   8305.8535     5.8202  119 918784.765       4.800   ,1007.439372,0.004476,0.21666666666666667,0,0
2020,72,48,120,Cd,x,-83957.365,3.726,8458.024,0.0311,B-,1770.3754,40.1837,119.909868065,4.0,False,False,False,False,-83957.365,8458.0240,  24   72   48  120 Cd    x  -83957.365       3.726      8458.0240     0.0311  B-   1770.3754    40.1837  119 909868.065       4.000   ,1014.9628799999999,0.0037319999999999996,0.2,1,1
2020,71,49,120,In,+,-85727.741,40.011,8466.2575,0.3334,B-,5370.0,40.0,119.907967489,42.953,False,False,False,False,-85727.741,8466.2575,  22   71   49  120 In    +  -85727.741      40.011      8466.2575     0.3334  B-   5370.0000    40.0000  119 907967.489      42.953   ,1015.9508999999999,0.040007999999999995,0.18333333333333332,0,0
2020,70,50,120,Sn,,-91097.741,0.92,8504.488,0.0077,B-,-2680.6076,7.1399,119.902202557,0.987,False,False,False,False,-91097.741,8504.4880,  20   70   50  120 Sn       -91097.741       0.920      8504.4880     0.0077  B-  -2680.6076     7.1399  119 902202.557       0.987   ,1020.53856,0.000924,0.16666666666666666,1,1
2020,69,51,120,Sb,-,-88417.133,7.199,8475.63,0.06,B-,945.0271,7.353,119.905080308,7.728,False,False,False,False,-88417.133,8475.6300,  18   69   51  120 Sb    -  -88417.133       7.199      8475.6300     0.0600  B-    945.0271     7.3530  119 905080.308       7.728   ,1017.0755999999999,0.007199999999999999,0.15,0,0
2020,68,52,120,Te,,-89362.16,1.751,8476.9857,0.0146,B-,-5615.0,15.0,119.904065779,1.88,False,False,False,False,-89362.160,8476.9857,  16   68   52  120 Te       -89362.160       1.751      8476.9857     0.0146  B-  -5615.0000    15.0000  119 904065.779       1.880   ,1017.2382839999999,0.001752,0.13333333333333333,1,1
2020,67,53,120,I,-,-83747.16,15.102,8423.6745,0.1258,B-,-1574.726,19.176,119.910093729,16.212,False,False,False,False,-83747.160,8423.6745,  14   67   53  120 I     -  -83747.160      15.102      8423.6745     0.1258  B-  -1574.7260    19.1760  119 910093.729      16.212   ,1010.8409399999999,0.015096,0.11666666666666667,0,0
2020,66,54,120,Xe,x,-82172.434,11.817,8404.0322,0.0985,B-,-8283.7857,15.4611,119.911784267,12.686,False,False,False,False,-82172.434,8404.0322,  12   66   54  120 Xe    x  -82172.434      11.817      8404.0322     0.0985  B-  -8283.7857    15.4611  119 911784.267      12.686   ,1008.4838639999999,0.01182,0.1,1,1
2020,65,55,120,Cs,IT,-73888.649,9.97,8328.4811,0.0831,B-,-5000.0,300.0,119.920677277,10.702,False,False,False,False,-73888.649,8328.4811,  10   65   55  120 Cs   IT  -73888.649       9.970      8328.4811     0.0831  B-  -5000.0000   300.0000  119 920677.277      10.702   ,999.4177320000001,0.009972,0.08333333333333333,0,0
2020,64,56,120,Ba,-,-68888.649,300.166,8280.2949,2.5014,B-,-11319.0,424.0,119.926044997,322.241,False,False,True,False,-68888.649,8280.2949,   8   64   56  120 Ba    -  -68888.649     300.166      8280.2949     2.5014  B- -11319#       424#      119 926044.997     322.241   ,993.635388,0.300168,0.06666666666666667,1,1
2020,76,45,121,Rh,x,-56250.134,619.444,8245.2397,5.1194,B-,9932.203,619.4527,120.939613,665.0,False,False,False,False,-56250.134,8245.2397,  31   76   45  121 Rh    x  -56250.134     619.444      8245.2397     5.1194  B-   9932.2030   619.4527  120 939613.000     665.000   ,997.6740037,0.6194474,0.256198347107438,1,0
2020,75,46,121,Pd,x,-66182.337,3.353,8320.8584,0.0277,B-,8220.4934,12.5652,120.928950342,3.6,False,False,False,False,-66182.337,8320.8584,  29   75   46  121 Pd    x  -66182.337       3.353      8320.8584     0.0277  B-   8220.4934    12.5652  120 928950.342       3.600   ,1006.8238663999999,0.0033516999999999996,0.2396694214876033,0,1
2020,74,47,121,Ag,x,-74402.831,12.109,8382.3306,0.1001,B-,6671.0057,12.2642,120.920125279,13.0,False,False,False,False,-74402.831,8382.3306,  27   74   47  121 Ag    x  -74402.831      12.109      8382.3306     0.1001  B-   6671.0057    12.2642  120 920125.279      13.000   ,1014.2620025999998,0.0121121,0.2231404958677686,1,0
2020,73,48,121,Cd,x,-81073.837,1.942,8430.9972,0.0161,B-,4760.7564,27.4876,120.91296366,2.085,False,False,False,False,-81073.837,8430.9972,  25   73   48  121 Cd    x  -81073.837       1.942      8430.9972     0.0161  B-   4760.7564    27.4876  120 912963.660       2.085   ,1020.1506612,0.0019481,0.2066115702479339,0,1
2020,72,49,121,In,+p,-85834.593,27.419,8463.8767,0.2266,B-,3362.0331,27.4098,120.907852778,29.435,False,False,False,False,-85834.593,8463.8767,  23   72   49  121 In   +p  -85834.593      27.419      8463.8767     0.2266  B-   3362.0331    27.4098  120 907852.778      29.435   ,1024.1290807,0.027418599999999998,0.19008264462809918,1,0
2020,71,50,121,Sn,,-89196.626,0.978,8485.1964,0.0081,B-,402.5306,2.5239,120.904243488,1.05,False,False,False,False,-89196.626,8485.1964,  21   71   50  121 Sn       -89196.626       0.978      8485.1964     0.0081  B-    402.5306     2.5239  120 904243.488       1.050   ,1026.7087644,0.0009801,0.17355371900826447,0,1
2020,70,51,121,Sb,,-89599.157,2.506,8482.0574,0.0207,B-,-1056.0462,25.7587,120.903811353,2.69,False,False,False,False,-89599.157,8482.0574,  19   70   51  121 Sb       -89599.157       2.506      8482.0574     0.0207  B-  -1056.0462    25.7587  120 903811.353       2.690   ,1026.3289454,0.0025047000000000003,0.15702479338842976,1,0
2020,69,52,121,Te,,-88543.111,25.835,8466.8641,0.2135,B-,-2297.4615,25.9856,120.904945065,27.734,False,False,False,False,-88543.111,8466.8641,  17   69   52  121 Te       -88543.111      25.835      8466.8641     0.2135  B-  -2297.4615    25.9856  120 904945.065      27.734   ,1024.4905561,0.025833500000000002,0.14049586776859505,0,1
2020,68,53,121,I,,-86245.649,4.723,8441.4111,0.039,B-,-3764.6525,11.279,120.907411492,5.07,False,False,False,False,-86245.649,8441.4111,  15   68   53  121 I        -86245.649       4.723      8441.4111     0.0390  B-  -3764.6525    11.2790  120 907411.492       5.070   ,1021.4107431,0.004719,0.12396694214876033,1,0
2020,67,54,121,Xe,,-82480.997,10.243,8403.8326,0.0847,B-,-5378.6549,13.9791,120.911453012,10.995,False,False,False,False,-82480.997,8403.8326,  13   67   54  121 Xe       -82480.997      10.243      8403.8326     0.0847  B-  -5378.6549    13.9791  120 911453.012      10.995   ,1016.8637446,0.0102487,0.10743801652892562,0,1
2020,66,55,121,Cs,,-77102.342,14.29,8352.9152,0.1181,B-,-6357.4948,141.1765,120.917227235,15.34,False,False,False,False,-77102.342,8352.9152,  11   66   55  121 Cs       -77102.342      14.290      8352.9152     0.1181  B-  -6357.4948   141.1765  120 917227.235      15.340   ,1010.7027392,0.014290099999999998,0.09090909090909091,1,0
2020,65,56,121,Ba,-,-70744.847,141.898,8293.9083,1.1727,B-,-8555.0,332.0,120.924052286,152.333,False,False,True,False,-70744.847,8293.9083,   9   65   56  121 Ba    -  -70744.847     141.898      8293.9083     1.1727  B-  -8555#       332#      120 924052.286     152.333   ,1003.5629042999999,0.14189670000000001,0.0743801652892562,0,1
2020,76,46,122,Pd,x,-64616.169,19.561,8305.9755,0.1603,B-,6489.9492,42.9094,121.930631693,21.0,False,False,False,False,-64616.169,8305.9755,  30   76   46  122 Pd    x  -64616.169      19.561      8305.9755     0.1603  B-   6489.9492    42.9094  121 930631.693      21.000   ,1013.329011,0.0195566,0.2459016393442623,1,1
2020,75,47,122,Ag,x,-71106.118,38.191,8352.7591,0.313,B-,9506.2662,38.2604,121.923664446,41.0,False,False,False,False,-71106.118,8352.7591,  28   75   47  122 Ag    x  -71106.118      38.191      8352.7591     0.3130  B-   9506.2662    38.2604  121 923664.446      41.000   ,1019.0366101999999,0.038186,0.22950819672131148,0,0
2020,74,48,122,Cd,,-80612.384,2.299,8424.2667,0.0188,B-,2958.9765,50.1126,121.91345905,2.468,False,False,False,False,-80612.384,8424.2667,  26   74   48  122 Cd       -80612.384       2.299      8424.2667     0.0188  B-   2958.9765    50.1126  121 913459.050       2.468   ,1027.7605374,0.0022936000000000002,0.21311475409836064,1,1
2020,73,49,122,In,+,-83571.361,50.06,8442.1079,0.4103,B-,6368.5921,50.0,121.910282458,53.741,False,False,False,False,-83571.361,8442.1079,  24   73   49  122 In    +  -83571.361      50.060      8442.1079     0.4103  B-   6368.5921    50.0000  121 910282.458      53.741   ,1029.9371638,0.0500566,0.19672131147540983,0,0
2020,72,50,122,Sn,,-89939.953,2.448,8487.8968,0.0201,B-,-1605.7483,3.2135,121.903445494,2.627,False,False,False,False,-89939.953,8487.8968,  22   72   50  122 Sn       -89939.953       2.448      8487.8968     0.0201  B-  -1605.7483     3.2135  121 903445.494       2.627   ,1035.5234096,0.0024522,0.18032786885245902,1,1
2020,71,51,122,Sb,,-88334.205,2.503,8468.3222,0.0205,B-,1979.0772,2.1265,121.905169335,2.687,False,False,False,False,-88334.205,8468.3222,  20   71   51  122 Sb       -88334.205       2.503      8468.3222     0.0205  B-   1979.0772     2.1265  121 905169.335       2.687   ,1033.1353084,0.0025009999999999998,0.16393442622950818,0,0
2020,70,52,122,Te,,-90313.282,1.357,8478.1315,0.0111,B-,-4234.0,5.0,121.903044708,1.456,False,False,False,False,-90313.282,8478.1315,  18   70   52  122 Te       -90313.282       1.357      8478.1315     0.0111  B-  -4234.0000     5.0000  121 903044.708       1.456   ,1034.3320429999999,0.0013542,0.14754098360655737,1,1
2020,69,53,122,I,-,-86079.282,5.181,8437.0139,0.0425,B-,-724.2937,12.2596,121.907590094,5.561,False,False,False,False,-86079.282,8437.0139,  16   69   53  122 I     -  -86079.282       5.181      8437.0139     0.0425  B-   -724.2937    12.2596  121 907590.094       5.561   ,1029.3156958,0.005185,0.13114754098360656,0,0
2020,68,54,122,Xe,x,-85354.988,11.111,8424.6644,0.0911,B-,-7210.2195,35.472,121.908367655,11.928,False,False,False,False,-85354.988,8424.6644,  14   68   54  122 Xe    x  -85354.988      11.111      8424.6644     0.0911  B-  -7210.2195    35.4720  121 908367.655      11.928   ,1027.8090568,0.011114200000000001,0.11475409836065574,1,1
2020,67,55,122,Cs,,-78144.769,33.687,8359.1515,0.2761,B-,-3535.817,43.769,121.916108144,36.164,False,False,False,False,-78144.769,8359.1515,  12   67   55  122 Cs       -78144.769      33.687      8359.1515     0.2761  B-  -3535.8170    43.7690  121 916108.144      36.164   ,1019.8164830000001,0.033684200000000004,0.09836065573770492,0,0
2020,66,56,122,Ba,x,-74608.952,27.945,8323.7567,0.2291,B-,-10066.0,299.0,121.919904,30.0,False,False,True,False,-74608.952,8323.7567,  10   66   56  122 Ba    x  -74608.952      27.945      8323.7567     0.2291  B- -10066#       299#      121 919904.000      30.000   ,1015.4983173999999,0.027950199999999998,0.08196721311475409,1,1
2020,77,46,123,Pd,x,-60429.748,789.441,8270.0318,6.4182,B-,9138.8323,790.1142,122.935126,847.5,False,False,False,False,-60429.748,8270.0318,  31   77   46  123 Pd    x  -60429.748     789.441      8270.0318     6.4182  B-   9138.8323   790.1142  122 935126.000     847.500   ,1017.2139114000001,0.7894386,0.25203252032520324,0,1
2020,76,47,123,Ag,x,-69568.581,32.602,8337.9707,0.2651,B-,7845.6026,32.7136,122.92531506,35.0,False,False,False,False,-69568.581,8337.9707,  29   76   47  123 Ag    x  -69568.581      32.602      8337.9707     0.2651  B-   7845.6026    32.7136  122 925315.060      35.000   ,1025.5703961,0.0326073,0.23577235772357724,1,0
2020,75,48,123,Cd,,-77414.183,2.696,8395.3955,0.0219,B-,6014.8503,19.898,122.91689246,2.894,False,False,False,False,-77414.183,8395.3955,  27   75   48  123 Cd       -77414.183       2.696      8395.3955     0.0219  B-   6014.8503    19.8980  122 916892.460       2.894   ,1032.6336465,0.0026937,0.21951219512195122,0,1
2020,74,49,123,In,,-83429.034,19.832,8437.9362,0.1612,B-,4385.6489,19.8392,122.910435252,21.29,False,False,False,False,-83429.034,8437.9362,  25   74   49  123 In       -83429.034      19.832      8437.9362     0.1612  B-   4385.6489    19.8392  122 910435.252      21.290   ,1037.8661526,0.0198276,0.2032520325203252,1,0
2020,73,50,123,Sn,,-87814.683,2.479,8467.2313,0.0202,B-,1408.2079,2.4203,122.905727065,2.661,False,False,False,False,-87814.683,8467.2313,  23   73   50  123 Sn       -87814.683       2.479      8467.2313     0.0202  B-   1408.2079     2.4203  122 905727.065       2.661   ,1041.4694499,0.0024846,0.18699186991869918,0,1
2020,72,51,123,Sb,,-89222.89,1.356,8472.3196,0.011,B-,-51.9128,0.0661,122.904215292,1.456,False,False,False,False,-89222.890,8472.3196,  21   72   51  123 Sb       -89222.890       1.356      8472.3196     0.0110  B-    -51.9128     0.0661  122 904215.292       1.456   ,1042.0953108,0.001353,0.17073170731707318,1,0
2020,71,52,123,Te,,-89170.978,1.355,8465.537,0.011,B-,-1228.3898,3.4448,122.904271022,1.454,False,False,False,False,-89170.978,8465.5370,  19   71   52  123 Te       -89170.978       1.355      8465.5370     0.0110  B-  -1228.3898     3.4448  122 904271.022       1.454   ,1041.261051,0.001353,0.15447154471544716,0,1
2020,70,53,123,I,,-87942.588,3.686,8449.1896,0.03,B-,-2694.3302,9.6829,122.905589753,3.956,False,False,False,False,-87942.588,8449.1896,  17   70   53  123 I        -87942.588       3.686      8449.1896     0.0300  B-  -2694.3302     9.6829  122 905589.753       3.956   ,1039.2503208,0.00369,0.13821138211382114,1,0
2020,69,54,123,Xe,,-85248.258,9.534,8420.9239,0.0775,B-,-4204.6012,15.4121,122.908482235,10.234,False,False,False,False,-85248.258,8420.9239,  15   69   54  123 Xe       -85248.258       9.534      8420.9239     0.0775  B-  -4204.6012    15.4121  122 908482.235      10.234   ,1035.7736396999999,0.009532500000000001,0.12195121951219512,0,1
2020,68,55,123,Cs,x,-81043.657,12.109,8380.3796,0.0985,B-,-5388.6934,17.1253,122.91299606,13.0,False,False,False,False,-81043.657,8380.3796,  13   68   55  123 Cs    x  -81043.657      12.109      8380.3796     0.0985  B-  -5388.6934    17.1253  122 912996.060      13.000   ,1030.7866908,0.012115500000000001,0.10569105691056911,1,0
2020,67,56,123,Ba,x,-75654.963,12.109,8330.2086,0.0985,B-,-7004.0,196.0,122.91878106,13.0,False,False,True,False,-75654.963,8330.2086,  11   67   56  123 Ba    x  -75654.963      12.109      8330.2086     0.0985  B-  -7004#       196#      122 918781.060      13.000   ,1024.6156578,0.012115500000000001,0.08943089430894309,0,1
2020,77,47,124,Ag,x,-66229.951,251.503,8308.8958,2.0283,B-,10469.4858,251.5169,123.928899227,270.0,False,False,False,False,-66229.951,8308.8958,  30   77   47  124 Ag    x  -66229.951     251.503      8308.8958     2.0283  B-  10469.4858   251.5169  123 928899.227     270.000   ,1030.3030792,0.25150920000000004,0.24193548387096775,0,0
2020,76,48,124,Cd,,-76699.436,2.609,8387.0179,0.021,B-,4168.342,30.5355,123.917659772,2.8,False,False,False,False,-76699.436,8387.0179,  28   76   48  124 Cd       -76699.436       2.609      8387.0179     0.0210  B-   4168.3420    30.5355  123 917659.772       2.800   ,1039.9902196,0.002604,0.22580645161290322,1,1
2020,75,49,124,In,,-80867.778,30.561,8414.3243,0.2465,B-,7363.697,30.5668,123.913184873,32.808,False,False,False,False,-80867.778,8414.3243,  26   75   49  124 In       -80867.778      30.561      8414.3243     0.2465  B-   7363.6970    30.5668  123 913184.873      32.808   ,1043.3762132,0.030566,0.20967741935483872,0,0
2020,74,50,124,Sn,,-88231.475,1.314,8467.3997,0.0106,B-,-612.4067,0.4101,123.905279619,1.41,False,False,False,False,-88231.475,8467.3997,  24   74   50  124 Sn       -88231.475       1.314      8467.3997     0.0106  B-   -612.4067     0.4101  123 905279.619       1.410   ,1049.9575628,0.0013144,0.1935483870967742,1,1
2020,73,51,124,Sb,-n,-87619.069,1.358,8456.1517,0.011,B-,2905.073,0.1317,123.905937065,1.457,False,False,False,False,-87619.069,8456.1517,  22   73   51  124 Sb   -n  -87619.069       1.358      8456.1517     0.0110  B-   2905.0730     0.1317  123 905937.065       1.457   ,1048.5628108,0.001364,0.1774193548387097,0,0
2020,72,52,124,Te,,-90524.142,1.352,8473.2705,0.0109,B-,-3159.587,1.8593,123.902818341,1.451,False,False,False,False,-90524.142,8473.2705,  20   72   52  124 Te       -90524.142       1.352      8473.2705     0.0109  B-  -3159.5870     1.8593  123 902818.341       1.451   ,1050.6855420000002,0.0013516,0.16129032258064516,1,1
2020,71,53,124,I,-,-87364.555,2.299,8441.4807,0.0185,B-,302.8501,1.8639,123.906210297,2.467,False,False,False,False,-87364.555,8441.4807,  18   71   53  124 I     -  -87364.555       2.299      8441.4807     0.0185  B-    302.8501     1.8639  123 906210.297       2.467   ,1046.7436068,0.002294,0.14516129032258066,0,0
2020,70,54,124,Xe,,-87667.405,1.358,8437.6138,0.011,B-,-5926.3445,9.2512,123.905885174,1.457,False,False,False,False,-87667.405,8437.6138,  16   70   54  124 Xe       -87667.405       1.358      8437.6138     0.0110  B-  -5926.3445     9.2512  123 905885.174       1.457   ,1046.2641112,0.001364,0.12903225806451613,1,1
2020,69,55,124,Cs,x,-81741.06,9.151,8383.5114,0.0738,B-,-2651.2748,15.4894,123.912247366,9.823,False,False,False,False,-81741.060,8383.5114,  14   69   55  124 Cs    x  -81741.060       9.151      8383.5114     0.0738  B-  -2651.2748    15.4894  123 912247.366       9.823   ,1039.5554136,0.009151200000000002,0.11290322580645161,0,0
2020,68,56,124,Ba,x,-79089.786,12.497,8355.8209,0.1008,B-,-8831.1685,58.0305,123.915093627,13.416,False,False,False,False,-79089.786,8355.8209,  12   68   56  124 Ba    x  -79089.786      12.497      8355.8209     0.1008  B-  -8831.1685    58.0305  123 915093.627      13.416   ,1036.1217916,0.0124992,0.0967741935483871,1,1
2020,67,57,124,La,x,-70258.617,56.669,8278.2926,0.457,B-,-5343.0,303.0,123.924574275,60.836,False,False,True,False,-70258.617,8278.2926,  10   67   57  124 La    x  -70258.617      56.669      8278.2926     0.4570  B-  -5343#       303#      123 924574.275      60.836   ,1026.5082824,0.056667999999999996,0.08064516129032258,0,0
2020,78,47,125,Ag,x,-64519.939,433.145,8293.3151,3.4652,B-,8828.1511,433.1544,124.930735,465.0,False,False,False,False,-64519.939,8293.3151,  31   78   47  125 Ag    x  -64519.939     433.145      8293.3151     3.4652  B-   8828.1511   433.1544  124 930735.000     465.000   ,1036.6643875,0.43315,0.248,1,0
2020,77,48,125,Cd,x,-73348.09,2.888,8357.6815,0.0231,B-,7064.2177,3.3869,124.92125759,3.1,False,False,False,False,-73348.090,8357.6815,  29   77   48  125 Cd    x  -73348.090       2.888      8357.6815     0.0231  B-   7064.2177     3.3869  124 921257.590       3.100   ,1044.7101875,0.0028875,0.232,0,1
2020,76,49,125,In,x,-80412.308,1.77,8407.9365,0.0142,B-,5481.3495,2.2131,124.913673841,1.9,False,False,False,False,-80412.308,8407.9365,  27   76   49  125 In    x  -80412.308       1.770      8407.9365     0.0142  B-   5481.3495     2.2131  124 913673.841       1.900   ,1050.9920625,0.001775,0.216,1,0
2020,75,50,125,Sn,-n,-85893.657,1.329,8445.5285,0.0106,B-,2361.4366,2.1661,124.90778937,1.426,False,False,False,False,-85893.657,8445.5285,  25   75   50  125 Sn   -n  -85893.657       1.329      8445.5285     0.0106  B-   2361.4366     2.1661  124 907789.370       1.426   ,1055.6910625,0.001325,0.2,0,1
2020,74,51,125,Sb,+,-88255.094,2.515,8458.1612,0.0201,B-,766.7,2.1213,124.905254264,2.7,False,False,False,False,-88255.094,8458.1612,  23   74   51  125 Sb    +  -88255.094       2.515      8458.1612     0.0201  B-    766.7000     2.1213  124 905254.264       2.700   ,1057.27015,0.0025125,0.184,1,0
2020,73,52,125,Te,,-89021.794,1.352,8458.0361,0.0108,B-,-185.77,0.06,124.904431178,1.451,False,False,False,False,-89021.794,8458.0361,  21   73   52  125 Te       -89021.794       1.352      8458.0361     0.0108  B-   -185.7700     0.0600  124 904431.178       1.451   ,1057.2545125,0.00135,0.168,0,1
2020,72,53,125,I,-,-88836.024,1.353,8450.2911,0.0108,B-,-1636.6632,0.4259,124.90463061,1.452,False,False,False,False,-88836.024,8450.2911,  19   72   53  125 I     -  -88836.024       1.353      8450.2911     0.0108  B-  -1636.6632     0.4259  124 904630.610       1.452   ,1056.2863875,0.00135,0.152,1,0
2020,71,54,125,Xe,,-87199.361,1.415,8430.939,0.0113,B-,-3109.6184,7.7879,124.90638764,1.518,False,False,False,False,-87199.361,8430.9390,  17   71   54  125 Xe       -87199.361       1.415      8430.9390     0.0113  B-  -3109.6184     7.7879  124 906387.640       1.518   ,1053.867375,0.0014125,0.136,0,1
2020,70,55,125,Cs,,-84089.742,7.736,8399.8033,0.0619,B-,-4420.7663,13.4415,124.909725953,8.304,False,False,False,False,-84089.742,8399.8033,  15   70   55  125 Cs       -84089.742       7.736      8399.8033     0.0619  B-  -4420.7663    13.4415  124 909725.953       8.304   ,1049.9754125,0.0077375,0.12,1,0
2020,69,56,125,Ba,,-79668.976,10.992,8358.1784,0.0879,B-,-5909.4836,27.6308,124.91447184,11.8,False,False,False,False,-79668.976,8358.1784,  13   69   56  125 Ba       -79668.976      10.992      8358.1784     0.0879  B-  -5909.4836    27.6308  124 914471.840      11.800   ,1044.7723,0.0109875,0.104,0,1
2020,68,57,125,La,,-73759.492,25.997,8304.6438,0.208,B-,-7102.0,197.0,124.92081593099999,27.909,False,False,True,False,-73759.492,8304.6438,  11   68   57  125 La       -73759.492      25.997      8304.6438     0.2080  B-  -7102#       197#      124 920815.931      27.909   ,1038.080475,0.026,0.088,1,0
2020,78,48,126,Cd,,-72255.727,2.304,8346.7393,0.0183,B-,5553.65,4.7831,125.92243029,2.473,False,False,False,False,-72255.727,8346.7393,  30   78   48  126 Cd       -72255.727       2.304      8346.7393     0.0183  B-   5553.6500     4.7831  125 922430.290       2.473   ,1051.6891517999998,0.0023058,0.23809523809523808,1,1
2020,77,49,126,In,x,-77809.377,4.192,8384.6067,0.0333,B-,8205.7585,11.4802,125.916468202,4.5,False,False,False,False,-77809.377,8384.6067,  28   77   49  126 In    x  -77809.377       4.192      8384.6067     0.0333  B-   8205.7585    11.4802  125 916468.202       4.500   ,1056.4604442,0.0041958,0.2222222222222222,0,0
2020,76,50,126,Sn,-nn,-86015.135,10.688,8443.5227,0.0848,B-,378.0,30.0,125.907658958,11.473,False,False,False,False,-86015.135,8443.5227,  26   76   50  126 Sn  -nn  -86015.135      10.688      8443.5227     0.0848  B-    378.0000    30.0000  125 907658.958      11.473   ,1063.8838602,0.0106848,0.20634920634920634,1,1
2020,75,51,126,Sb,-,-86393.135,31.847,8440.3136,0.2528,B-,3671.0321,31.8223,125.907253158,34.189,False,False,False,False,-86393.135,8440.3136,  24   75   51  126 Sb    -  -86393.135      31.847      8440.3136     0.2528  B-   3671.0321    31.8223  125 907253.158      34.189   ,1063.4795136,0.0318528,0.19047619047619047,0,0
2020,74,52,126,Te,,-90064.168,1.354,8463.2397,0.0107,B-,-2153.6712,3.6717,125.903312144,1.453,False,False,False,False,-90064.168,8463.2397,  22   74   52  126 Te       -90064.168       1.354      8463.2397     0.0107  B-  -2153.6712     3.6717  125 903312.144       1.453   ,1066.3682022,0.0013482,0.1746031746031746,1,1
2020,73,53,126,I,,-87910.496,3.778,8439.9379,0.03,B-,1235.8904,3.7779,125.905624205,4.055,False,False,False,False,-87910.496,8439.9379,  20   73   53  126 I        -87910.496       3.778      8439.9379     0.0300  B-   1235.8904     3.7779  125 905624.205       4.055   ,1063.4321754,0.00378,0.15873015873015872,0,0
2020,72,54,126,Xe,,-89146.38687,0.00562,8443.5375,0.0003,B-,-4795.7039,10.3587,125.904297422,0.006,False,False,False,False,-89146.38687,8443.5375,  18   72   54  126 Xe       -89146.38687     0.00562    8443.5375     0.0003  B-  -4795.7039    10.3587  125 904297.422       0.006   ,1063.885725,3.779999999999999e-05,0.14285714285714285,1,1
2020,71,55,126,Cs,,-84350.683,10.359,8399.2673,0.0822,B-,-1680.7697,16.2322,125.909445821,11.12,False,False,False,False,-84350.683,8399.2673,  16   71   55  126 Cs       -84350.683      10.359      8399.2673     0.0822  B-  -1680.7697    16.2322  125 909445.821      11.120   ,1058.3076798,0.010357199999999999,0.12698412698412698,0,0
2020,70,56,126,Ba,x,-82669.913,12.497,8379.7187,0.0992,B-,-7696.4376,91.3663,125.911250202,13.416,False,False,False,False,-82669.913,8379.7187,  14   70   56  126 Ba    x  -82669.913      12.497      8379.7187     0.0992  B-  -7696.4376    91.3663  125 911250.202      13.416   ,1055.8445562,0.0124992,0.1111111111111111,1,1
2020,69,57,126,La,x,-74973.476,90.508,8312.4268,0.7183,B-,-4152.9106,94.7235,125.919512667,97.163,False,False,False,False,-74973.476,8312.4268,  12   69   57  126 La    x  -74973.476      90.508      8312.4268     0.7183  B-  -4152.9106    94.7235  125 919512.667      97.163   ,1047.3657767999998,0.09050580000000001,0.09523809523809523,0,0
2020,68,58,126,Ce,x,-70820.565,27.945,8273.2581,0.2218,B-,-10497.0,198.0,125.923971,30.0,False,False,True,False,-70820.565,8273.2581,  10   68   58  126 Ce    x  -70820.565      27.945      8273.2581     0.2218  B- -10497#       198#      125 923971.000      30.000   ,1042.4305206,0.0279468,0.07936507936507936,1,1
2020,79,48,127,Cd,x,-68741.199,6.2,8316.8971,0.0488,B-,8138.6978,11.7675,126.926203291,6.656,False,False,False,False,-68741.199,8316.8971,  31   79   48  127 Cd    x  -68741.199       6.200      8316.8971     0.0488  B-   8138.6978    11.7675  126 926203.291       6.656   ,1056.2459317,0.0061976,0.2440944881889764,0,1
2020,78,49,127,In,,-76879.897,10.001,8374.8212,0.0788,B-,6589.681,12.026,126.91746604,10.736,False,False,False,False,-76879.897,8374.8212,  29   78   49  127 In       -76879.897      10.001      8374.8212     0.0788  B-   6589.6810    12.0260  126 917466.040      10.736   ,1063.6022924000001,0.0100076,0.2283464566929134,1,0
2020,77,50,127,Sn,,-83469.578,9.226,8420.5482,0.0726,B-,3228.716,10.1668,126.910391726,9.904,False,False,False,False,-83469.578,8420.5482,  27   77   50  127 Sn       -83469.578       9.226      8420.5482     0.0726  B-   3228.7160    10.1668  126 910391.726       9.904   ,1069.4096213999999,0.0092202,0.2125984251968504,0,1
2020,76,51,127,Sb,,-86698.294,5.083,8439.811,0.04,B-,1582.203,4.9102,126.906925557,5.457,False,False,False,False,-86698.294,8439.8110,  25   76   51  127 Sb       -86698.294       5.083      8439.8110     0.0400  B-   1582.2030     4.9102  126 906925.557       5.457   ,1071.855997,0.00508,0.1968503937007874,1,0
2020,75,52,127,Te,,-88280.497,1.365,8446.109,0.0108,B-,702.7199,3.5652,126.905226993,1.465,False,False,False,False,-88280.497,8446.1090,  23   75   52  127 Te       -88280.497       1.365      8446.1090     0.0108  B-    702.7199     3.5652  126 905226.993       1.465   ,1072.655843,0.0013716000000000002,0.18110236220472442,0,1
2020,74,53,127,I,,-88983.217,3.621,8445.482,0.0285,B-,-662.3336,2.0442,126.904472592,3.887,False,False,False,False,-88983.217,8445.4820,  21   74   53  127 I        -88983.217       3.621      8445.4820     0.0285  B-   -662.3336     2.0442  126 904472.592       3.887   ,1072.576214,0.0036195,0.16535433070866143,1,0
2020,73,54,127,Xe,,-88320.883,4.088,8434.1066,0.0322,B-,-2080.8562,6.4115,126.905183636,4.388,False,False,False,False,-88320.883,8434.1066,  19   73   54  127 Xe       -88320.883       4.088      8434.1066     0.0322  B-  -2080.8562     6.4115  126 905183.636       4.388   ,1071.1315381999998,0.0040894,0.14960629921259844,0,1
2020,72,55,127,Cs,,-86240.027,5.578,8411.5617,0.0439,B-,-3422.0719,12.6525,126.907417527,5.987,False,False,False,False,-86240.027,8411.5617,  17   72   55  127 Cs       -86240.027       5.578      8411.5617     0.0439  B-  -3422.0719    12.6525  126 907417.527       5.987   ,1068.2683359,0.0055753,0.13385826771653545,1,0
2020,71,56,127,Ba,,-82817.955,11.357,8378.456,0.0894,B-,-4921.8386,27.7403,126.911091272,12.192,False,False,False,False,-82817.955,8378.4560,  15   71   56  127 Ba       -82817.955      11.357      8378.4560     0.0894  B-  -4921.8386    27.7403  126 911091.272      12.192   ,1064.063912,0.011353799999999999,0.11811023622047244,0,1
2020,70,57,127,La,,-77896.116,26.0,8333.5412,0.2047,B-,-5916.7727,38.8567,126.916375083,27.912,False,False,False,False,-77896.116,8333.5412,  13   70   57  127 La       -77896.116      26.000      8333.5412     0.2047  B-  -5916.7727    38.8567  126 916375.083      27.912   ,1058.3597323999998,0.0259969,0.10236220472440945,1,0
2020,69,58,127,Ce,x,-71979.344,28.876,8280.7922,0.2274,B-,-7436.0,198.0,126.922727,31.0,False,False,True,False,-71979.344,8280.7922,  11   69   58  127 Ce    x  -71979.344      28.876      8280.7922     0.2274  B-  -7436#       198#      126 922727.000      31.000   ,1051.6606093999999,0.0288798,0.08661417322834646,0,1
2020,80,48,128,Cd,,-67238.245,6.432,8303.2367,0.0503,B-,6951.8716,6.5665,127.927816778,6.905,False,False,False,False,-67238.245,8303.2367,  32   80   48  128 Cd       -67238.245       6.432      8303.2367     0.0503  B-   6951.8716     6.5665  127 927816.778       6.905   ,1062.8142976,0.0064383999999999995,0.25,1,1
2020,79,49,128,In,x,-74190.117,1.322,8351.4361,0.0103,B-,9171.3131,17.7194,127.920353637,1.419,False,False,False,False,-74190.117,8351.4361,  30   79   49  128 In    x  -74190.117       1.322      8351.4361     0.0103  B-   9171.3131    17.7194  127 920353.637       1.419   ,1068.9838208,0.0013184,0.234375,0,0
2020,78,50,128,Sn,,-83361.43,17.682,8416.9749,0.1381,B-,1268.4219,13.3175,127.910507828,18.982,False,False,False,False,-83361.430,8416.9749,  28   78   50  128 Sn       -83361.430      17.682      8416.9749     0.1381  B-   1268.4219    13.3175  127 910507.828      18.982   ,1077.3727872,0.0176768,0.21875,1,1
2020,77,51,128,Sb,IT,-84629.852,18.788,8420.7724,0.1468,B-,4363.9419,18.7862,127.909146121,20.169,False,False,False,False,-84629.852,8420.7724,  26   77   51  128 Sb   IT  -84629.852      18.788      8420.7724     0.1468  B-   4363.9419    18.7862  127 909146.121      20.169   ,1077.8588672,0.018790400000000002,0.203125,0,0
2020,76,52,128,Te,,-88993.794,0.706,8448.7536,0.0055,B-,-1255.7634,3.6807,127.904461237,0.758,False,False,False,False,-88993.794,8448.7536,  24   76   52  128 Te       -88993.794       0.706      8448.7536     0.0055  B-  -1255.7634     3.6807  127 904461.237       0.758   ,1081.4404608,0.000704,0.1875,1,1
2020,75,53,128,I,,-87738.03,3.621,8432.8309,0.0283,B-,2122.5041,3.6211,127.905809355,3.887,False,False,False,False,-87738.030,8432.8309,  22   75   53  128 I        -87738.030       3.621      8432.8309     0.0283  B-   2122.5041     3.6211  127 905809.355       3.887   ,1079.4023552,0.0036224,0.171875,0,0
2020,74,54,128,Xe,,-89860.53427,0.0052,8443.3008,0.0003,B-,-3928.7617,5.3762,127.90353075341,0.00558,False,False,False,False,-89860.53427,8443.3008,  20   74   54  128 Xe       -89860.53427     0.00520    8443.3008     0.0003  B-  -3928.7617     5.3762  127 903530.75341     0.00558 ,1080.7425024000001,3.84e-05,0.15625,1,1
2020,73,55,128,Cs,,-85931.773,5.376,8406.4953,0.042,B-,-562.6171,5.6122,127.907748452,5.771,False,False,False,False,-85931.773,8406.4953,  18   73   55  128 Cs       -85931.773       5.376      8406.4953     0.0420  B-   -562.6171     5.6122  127 907748.452       5.771   ,1076.0313984000002,0.005376000000000001,0.140625,0,0
2020,72,56,128,Ba,,-85369.156,1.61,8395.9878,0.0126,B-,-6743.7167,54.4716,127.908352446,1.728,False,False,False,False,-85369.156,8395.9878,  16   72   56  128 Ba       -85369.156       1.610      8395.9878     0.0126  B-  -6743.7167    54.4716  127 908352.446       1.728   ,1074.6864384,0.0016128,0.125,1,1
2020,71,57,128,La,x,-78625.439,54.448,8337.1904,0.4254,B-,-3091.5136,61.2003,127.915592123,58.452,False,False,False,False,-78625.439,8337.1904,  14   71   57  128 La    x  -78625.439      54.448      8337.1904     0.4254  B-  -3091.5136    61.2003  127 915592.123      58.452   ,1067.1603711999999,0.0544512,0.109375,0,0
2020,70,58,128,Ce,x,-75533.925,27.945,8306.9259,0.2183,B-,-9203.1617,40.8585,127.918911,30.0,False,False,False,False,-75533.925,8306.9259,  12   70   58  128 Ce    x  -75533.925      27.945      8306.9259     0.2183  B-  -9203.1617    40.8585  127 918911.000      30.000   ,1063.2865152,0.0279424,0.09375,1,1
2020,69,59,128,Pr,x,-66330.764,29.808,8228.9141,0.2329,B-,-5800.0,202.0,127.928791,32.0,False,False,True,False,-66330.764,8228.9141,  10   69   59  128 Pr    x  -66330.764      29.808      8228.9141     0.2329  B-  -5800#       202#      127 928791.000      32.000   ,1053.3010048,0.0298112,0.078125,0,0
2020,81,48,129,Cd,x,-63122.142,5.31,8269.5311,0.0412,B-,9712.7471,5.6637,128.932235597,5.7,False,False,False,False,-63122.142,8269.5311,  33   81   48  129 Cd    x  -63122.142       5.310      8269.5311     0.0412  B-   9712.7471     5.6637  128 932235.597       5.700   ,1066.7695119,0.0053148,0.2558139534883721,0,1
2020,80,49,129,In,,-72834.889,1.971,8338.759,0.0153,B-,7755.7081,17.2376,128.921808534,2.116,False,False,False,False,-72834.889,8338.7590,  31   80   49  129 In       -72834.889       1.971      8338.7590     0.0153  B-   7755.7081    17.2376  128 921808.534       2.116   ,1075.6999110000002,0.0019737,0.24031007751937986,1,0
2020,79,50,129,Sn,,-80590.597,17.27,8392.8161,0.1339,B-,4038.7874,27.3634,128.91348244,18.54,False,False,False,False,-80590.597,8392.8161,  29   79   50  129 Sn       -80590.597      17.270      8392.8161     0.1339  B-   4038.7874    27.3634  128 913482.440      18.540   ,1082.6732769,0.0172731,0.2248062015503876,0,1
2020,78,51,129,Sb,+,-84629.384,21.225,8418.0598,0.1645,B-,2375.5,21.2132,128.909146623,22.786,False,False,False,False,-84629.384,8418.0598,  27   78   51  129 Sb    +  -84629.384      21.225      8418.0598     0.1645  B-   2375.5000    21.2132  128 909146.623      22.786   ,1085.9297142,0.0212205,0.20930232558139536,1,0
2020,77,52,129,Te,,-87004.884,0.711,8430.4098,0.0055,B-,1502.2919,3.1358,128.906596419,0.763,False,False,False,False,-87004.884,8430.4098,  25   77   52  129 Te       -87004.884       0.711      8430.4098     0.0055  B-   1502.2919     3.1358  128 906596.419       0.763   ,1087.5228642,0.0007095,0.1937984496124031,0,1
2020,76,53,129,I,,-88507.176,3.153,8435.9908,0.0244,B-,188.8936,3.1534,128.904983643,3.385,False,False,False,False,-88507.176,8435.9908,  23   76   53  129 I        -88507.176       3.153      8435.9908     0.0244  B-    188.8936     3.1534  128 904983.643       3.385   ,1088.2428132,0.0031476,0.17829457364341086,1,0
2020,75,54,129,Xe,,-88696.06975,0.00505,8431.3904,0.0003,B-,-1197.0197,4.5532,128.90478085742,0.00542,False,False,False,False,-88696.06975,8431.3904,  21   75   54  129 Xe       -88696.06975     0.00505    8431.3904     0.0003  B-  -1197.0197     4.5532  128 904780.85742     0.00542 ,1087.6493616,3.87e-05,0.16279069767441862,0,1
2020,74,55,129,Cs,,-87499.05,4.553,8416.0465,0.0353,B-,-2438.1843,10.5627,128.90606591,4.888,False,False,False,False,-87499.050,8416.0465,  19   74   55  129 Cs       -87499.050       4.553      8416.0465     0.0353  B-  -2438.1843    10.5627  128 906065.910       4.888   ,1085.6699985,0.0045537,0.14728682170542637,1,0
2020,73,56,129,Ba,,-85060.866,10.504,8391.0811,0.0814,B-,-3737.3247,21.628,128.908683409,11.276,False,False,False,False,-85060.866,8391.0811,  17   73   56  129 Ba       -85060.866      10.504      8391.0811     0.0814  B-  -3737.3247    21.6280  128 908683.409      11.276   ,1082.4494619,0.0105006,0.13178294573643412,0,1
2020,72,57,129,La,,-81323.541,21.343,8356.0449,0.1655,B-,-5036.037,35.1633,128.912695592,22.913,False,False,False,False,-81323.541,8356.0449,  15   72   57  129 La       -81323.541      21.343      8356.0449     0.1655  B-  -5036.0370    35.1633  128 912695.592      22.913   ,1077.9297921000002,0.021349500000000004,0.11627906976744186,1,0
2020,71,58,129,Ce,x,-76287.504,27.945,8310.9411,0.2166,B-,-6513.9383,40.8585,128.918102,30.0,False,False,False,False,-76287.504,8310.9411,  13   71   58  129 Ce    x  -76287.504      27.945      8310.9411     0.2166  B-  -6513.9383    40.8585  128 918102.000      30.000   ,1072.1114019,0.027941399999999998,0.10077519379844961,0,1
2020,70,59,129,Pr,x,-69773.566,29.808,8254.3808,0.2311,B-,-7399.0,204.0,128.925095,32.0,False,False,True,False,-69773.566,8254.3808,  11   70   59  129 Pr    x  -69773.566      29.808      8254.3808     0.2311  B-  -7399#       204#      128 925095.000      32.000   ,1064.8151232,0.029811900000000002,0.08527131782945736,1,0
2020,82,48,130,Cd,x,-61117.597,22.356,8252.5868,0.172,B-,8788.9322,22.4274,129.934387563,24.0,False,False,False,False,-61117.597,8252.5868,  34   82   48  130 Cd    x  -61117.597      22.356      8252.5868     0.1720  B-   8788.9322    22.4274  129 934387.563      24.000   ,1072.836284,0.022359999999999998,0.26153846153846155,1,1
2020,81,49,130,In,,-69906.53,1.79,8314.176,0.0138,B-,10225.687,2.5905,129.924952257,1.921,False,False,False,False,-69906.530,8314.1760,  32   81   49  130 In       -69906.530       1.790      8314.1760     0.0138  B-  10225.6870     2.5905  129 924952.257       1.921   ,1080.84288,0.001794,0.24615384615384617,0,0
2020,80,50,130,Sn,,-80132.217,1.873,8386.817,0.0144,B-,2153.4702,14.1129,129.913974531,2.01,False,False,False,False,-80132.217,8386.8170,  30   80   50  130 Sn       -80132.217       1.873      8386.8170     0.0144  B-   2153.4702    14.1129  129 913974.531       2.010   ,1090.28621,0.001872,0.23076923076923078,1,1
2020,79,51,130,Sb,,-82285.687,14.212,8397.3641,0.1093,B-,5067.2728,14.2124,129.911662686,15.257,False,False,False,False,-82285.687,8397.3641,  28   79   51  130 Sb       -82285.687      14.212      8397.3641     0.1093  B-   5067.2728    14.2124  129 911662.686      15.257   ,1091.657333,0.014209,0.2153846153846154,0,0
2020,78,52,130,Te,,-87352.96,0.011,8430.3251,0.0003,B-,-416.7716,3.1537,129.906222745,0.011,False,False,False,False,-87352.960,8430.3251,  26   78   52  130 Te       -87352.960       0.011      8430.3251     0.0003  B-   -416.7716     3.1537  129 906222.745       0.011   ,1095.9422630000001,3.9e-05,0.2,1,1
2020,77,53,130,I,-n,-86936.188,3.154,8421.1011,0.0243,B-,2944.2864,3.1537,129.906670168,3.385,False,False,False,False,-86936.188,8421.1011,  24   77   53  130 I    -n  -86936.188       3.154      8421.1011     0.0243  B-   2944.2864     3.1537  129 906670.168       3.385   ,1094.743143,0.003159,0.18461538461538463,0,0
2020,76,54,130,Xe,,-89880.474,0.009,8437.7314,0.0003,B-,-2980.7199,8.3567,129.903509346,0.01,False,False,False,False,-89880.474,8437.7314,  22   76   54  130 Xe       -89880.474       0.009      8437.7314     0.0003  B-  -2980.7199     8.3567  129 903509.346       0.010   ,1096.9050820000002,3.9e-05,0.16923076923076924,1,1
2020,75,55,130,Cs,,-86899.754,8.357,8408.7848,0.0643,B-,357.0219,8.3617,129.906709281,8.971,False,False,False,False,-86899.754,8408.7848,  20   75   55  130 Cs       -86899.754       8.357      8408.7848     0.0643  B-    357.0219     8.3617  129 906709.281       8.971   ,1093.142024,0.008359,0.15384615384615385,0,0
2020,74,56,130,Ba,,-87256.776,0.287,8405.513,0.0022,B-,-5629.4021,25.9477,129.906326002,0.308,False,False,False,False,-87256.776,8405.5130,  18   74   56  130 Ba       -87256.776       0.287      8405.5130     0.0022  B-  -5629.4021    25.9477  129 906326.002       0.308   ,1092.7166900000002,0.000286,0.13846153846153847,1,1
2020,73,57,130,La,x,-81627.374,25.946,8356.1919,0.1996,B-,-2204.4611,38.1328,129.912369413,27.854,False,False,False,False,-81627.374,8356.1919,  16   73   57  130 La    x  -81627.374      25.946      8356.1919     0.1996  B-  -2204.4611    38.1328  129 912369.413      27.854   ,1086.3049469999999,0.025948,0.12307692307692308,0,0
2020,72,58,130,Ce,x,-79422.913,27.945,8333.2164,0.215,B-,-8247.4488,70.0853,129.914736,30.0,False,False,False,False,-79422.913,8333.2164,  14   72   58  130 Ce    x  -79422.913      27.945      8333.2164     0.2150  B-  -8247.4488    70.0853  129 914736.000      30.000   ,1083.3181319999999,0.02795,0.1076923076923077,1,1
2020,71,59,130,Pr,x,-71175.464,64.273,8263.7565,0.4944,B-,-4579.225,70.0853,129.92359,69.0,False,False,False,False,-71175.464,8263.7565,  12   71   59  130 Pr    x  -71175.464      64.273      8263.7565     0.4944  B-  -4579.2250    70.0853  129 923590.000      69.000   ,1074.288345,0.06427200000000001,0.09230769230769231,0,0
2020,70,60,130,Nd,x,-66596.239,27.945,8222.5136,0.215,B-,-11127.0,202.0,129.928506,30.0,False,False,True,False,-66596.239,8222.5136,  10   70   60  130 Nd    x  -66596.239      27.945      8222.5136     0.2150  B- -11127#       202#      129 928506.000      30.000   ,1068.9267679999998,0.02795,0.07692307692307693,1,1
2020,83,48,131,Cd,,-55211.76,19.238,8206.1204,0.1469,B-,12812.6089,19.3644,130.94072774,20.653,False,False,False,False,-55211.760,8206.1204,  35   83   48  131 Cd       -55211.760      19.238      8206.1204     0.1469  B-  12812.6089    19.3644  130 940727.740      20.653   ,1075.0017724,0.0192439,0.26717557251908397,0,1
2020,82,49,131,In,,-68024.369,2.205,8297.9544,0.0168,B-,9240.2095,4.2397,130.926972839,2.367,False,False,False,False,-68024.369,8297.9544,  33   82   49  131 In       -68024.369       2.205      8297.9544     0.0168  B-   9240.2095     4.2397  130 926972.839       2.367   ,1087.0320264000002,0.0022007999999999997,0.25190839694656486,1,0
2020,81,50,131,Sn,,-77264.579,3.621,8362.5183,0.0276,B-,4716.8328,3.9621,130.917053067,3.887,False,False,False,False,-77264.579,8362.5183,  31   81   50  131 Sn       -77264.579       3.621      8362.5183     0.0276  B-   4716.8328     3.9621  130 917053.067       3.887   ,1095.4898973000002,0.0036156,0.2366412213740458,0,1
2020,80,51,131,Sb,,-81981.412,2.084,8392.5525,0.0159,B-,3229.6099,2.0845,130.911989339,2.236,False,False,False,False,-81981.412,8392.5525,  29   80   51  131 Sb       -81981.412       2.084      8392.5525     0.0159  B-   3229.6099     2.0845  130 911989.339       2.236   ,1099.4243775,0.0020829,0.22137404580152673,1,0
2020,79,52,131,Te,-n,-85211.022,0.061,8411.2339,0.0005,B-,2231.7057,0.6077,130.90852221,0.065,False,False,False,False,-85211.022,8411.2339,  27   79   52  131 Te   -n  -85211.022       0.061      8411.2339     0.0005  B-   2231.7057     0.6077  130 908522.210       0.065   ,1101.8716409,6.55e-05,0.20610687022900764,0,1
2020,78,53,131,I,+,-87442.727,0.605,8422.2977,0.0046,B-,970.8477,0.6046,130.906126375,0.649,False,False,False,False,-87442.727,8422.2977,  25   78   53  131 I     +  -87442.727       0.605      8422.2977     0.0046  B-    970.8477     0.6046  130 906126.375       0.649   ,1103.3209986999998,0.0006026,0.19083969465648856,1,0
2020,77,54,131,Xe,,-88413.57492,0.00512,8423.7367,0.0003,B-,-358.0009,0.1771,130.90508412808,0.00549,False,False,False,False,-88413.57492,8423.7367,  23   77   54  131 Xe       -88413.57492     0.00512    8423.7367     0.0003  B-   -358.0009     0.1771  130 905084.12808     0.00549 ,1103.5095076999999,3.929999999999999e-05,0.17557251908396945,0,1
2020,76,55,131,Cs,+nn,-88055.574,0.177,8415.0317,0.0014,B-,-1376.6158,0.4515,130.905468457,0.19,False,False,False,False,-88055.574,8415.0317,  21   76   55  131 Cs  +nn  -88055.574       0.177      8415.0317     0.0014  B-  -1376.6158     0.4515  130 905468.457       0.190   ,1102.3691527,0.0001834,0.16030534351145037,1,0
2020,75,56,131,Ba,-n,-86678.958,0.415,8398.5511,0.0032,B-,-2909.6936,27.9479,130.906946315,0.445,False,False,False,False,-86678.958,8398.5511,  19   75   56  131 Ba   -n  -86678.958       0.415      8398.5511     0.0032  B-  -2909.6936    27.9479  130 906946.315       0.445   ,1100.2101940999999,0.0004192,0.1450381679389313,0,1
2020,74,57,131,La,x,-83769.265,27.945,8370.3676,0.2133,B-,-4060.8167,43.0918,130.91007,30.0,False,False,False,False,-83769.265,8370.3676,  17   74   57  131 La    x  -83769.265      27.945      8370.3676     0.2133  B-  -4060.8167    43.0918  130 910070.000      30.000   ,1096.5181556,0.0279423,0.1297709923664122,1,0
2020,73,58,131,Ce,,-79708.448,32.802,8333.3969,0.2504,B-,-5407.7842,55.4462,130.914429465,35.214,False,False,False,False,-79708.448,8333.3969,  15   73   58  131 Ce       -79708.448      32.802      8333.3969     0.2504  B-  -5407.7842    55.4462  130 914429.465      35.214   ,1091.6749939,0.032802399999999995,0.11450381679389313,0,1
2020,72,59,131,Pr,,-74300.664,46.995,8286.1439,0.3587,B-,-6532.6235,53.0809,130.92023496,50.451,False,False,False,False,-74300.664,8286.1439,  13   72   59  131 Pr       -74300.664      46.995      8286.1439     0.3587  B-  -6532.6235    53.0809  130 920234.960      50.451   ,1085.4848508999999,0.0469897,0.09923664122137404,1,0
2020,71,60,131,Nd,,-67768.04,27.517,8230.3045,0.2101,B-,-7998.0,202.0,130.92724802,29.541,False,False,True,False,-67768.040,8230.3045,  11   71   60  131 Nd       -67768.040      27.517      8230.3045     0.2101  B-  -7998#       202#      130 927248.020      29.541   ,1078.1698895,0.027523099999999998,0.08396946564885496,0,1
2020,84,48,132,Cd,x,-50465.429,60.068,8169.1421,0.4551,B-,11946.1243,84.9236,131.945823136,64.485,False,False,False,False,-50465.429,8169.1421,  36   84   48  132 Cd    x  -50465.429      60.068      8169.1421     0.4551  B-  11946.1243    84.9236  131 945823.136      64.485   ,1078.3267572000002,0.0600732,0.2727272727272727,1,1
2020,83,49,132,In,+,-62411.554,60.033,8253.7162,0.4548,B-,14135.0,60.0,131.932998444,64.447,False,False,False,False,-62411.554,8253.7162,  34   83   49  132 In    +  -62411.554      60.033      8253.7162     0.4548  B-  14135.0000    60.0000  131 932998.444      64.447   ,1089.4905384,0.0600336,0.25757575757575757,0,0
2020,82,50,132,Sn,,-76546.554,1.976,8354.8726,0.015,B-,3088.728,3.1606,131.917823898,2.121,False,False,False,False,-76546.554,8354.8726,  32   82   50  132 Sn       -76546.554       1.976      8354.8726     0.0150  B-   3088.7280     3.1606  131 917823.898       2.121   ,1102.8431832,0.00198,0.24242424242424243,1,1
2020,81,51,132,Sb,,-79635.282,2.467,8372.3452,0.0187,B-,5552.9155,4.2708,131.914508013,2.648,False,False,False,False,-79635.282,8372.3452,  30   81   51  132 Sb       -79635.282       2.467      8372.3452     0.0187  B-   5552.9155     4.2708  131 914508.013       2.648   ,1105.1495664,0.0024684000000000004,0.22727272727272727,0,0
2020,80,52,132,Te,,-85188.197,3.486,8408.4859,0.0264,B-,515.3046,3.483,131.908546713,3.742,False,False,False,False,-85188.197,8408.4859,  28   80   52  132 Te       -85188.197       3.486      8408.4859     0.0264  B-    515.3046     3.4830  131 908546.713       3.742   ,1109.9201388,0.0034847999999999997,0.21212121212121213,1,1
2020,79,53,132,I,,-85703.502,4.065,8406.4628,0.0308,B-,3575.4729,4.0654,131.907993511,4.364,False,False,False,False,-85703.502,8406.4628,  26   79   53  132 I        -85703.502       4.065      8406.4628     0.0308  B-   3575.4729     4.0654  131 907993.511       4.364   ,1109.6530896,0.0040656,0.19696969696969696,0,0
2020,78,54,132,Xe,,-89278.97451,0.00507,8427.6229,0.0003,B-,-2126.2813,1.0359,131.90415508346,0.00544,False,False,False,False,-89278.97451,8427.6229,  24   78   54  132 Xe       -89278.97451     0.00507    8427.6229     0.0003  B-  -2126.2813     1.0359  131 904155.08346     0.00544 ,1112.4462228000002,3.9599999999999994e-05,0.18181818181818182,1,1
2020,77,55,132,Cs,,-87152.693,1.036,8405.5878,0.0079,B-,1282.2099,1.4773,131.90643774,1.112,False,False,False,False,-87152.693,8405.5878,  22   77   55  132 Cs       -87152.693       1.036      8405.5878     0.0079  B-   1282.2099     1.4773  131 906437.740       1.112   ,1109.5375895999998,0.0010428000000000002,0.16666666666666666,0,0
2020,76,56,132,Ba,,-88434.903,1.053,8409.3747,0.008,B-,-4711.3256,36.3537,131.905061231,1.13,False,False,False,False,-88434.903,8409.3747,  20   76   56  132 Ba       -88434.903       1.053      8409.3747     0.0080  B-  -4711.3256    36.3537  131 905061.231       1.130   ,1110.0374603999999,0.001056,0.15151515151515152,1,1
2020,75,57,132,La,,-83723.578,36.359,8367.7559,0.2754,B-,-1254.8898,41.7025,131.910119047,39.032,False,False,False,False,-83723.578,8367.7559,  18   75   57  132 La       -83723.578      36.359      8367.7559     0.2754  B-  -1254.8898    41.7025  131 910119.047      39.032   ,1104.5437788,0.0363528,0.13636363636363635,0,0
2020,74,58,132,Ce,,-82468.688,20.407,8352.3223,0.1546,B-,-7241.224,35.3594,131.911466226,21.907,False,False,False,False,-82468.688,8352.3223,  16   74   58  132 Ce       -82468.688      20.407      8352.3223     0.1546  B-  -7241.2240    35.3594  131 911466.226      21.907   ,1102.5065436,0.0204072,0.12121212121212122,1,1
2020,73,59,132,Pr,x,-75227.464,28.876,8291.5377,0.2188,B-,-3801.6487,37.6795,131.91924,31.0,False,False,False,False,-75227.464,8291.5377,  14   73   59  132 Pr    x  -75227.464      28.876      8291.5377     0.2188  B-  -3801.6487    37.6795  131 919240.000      31.000   ,1094.4829764,0.0288816,0.10606060606060606,0,0
2020,72,60,132,Nd,x,-71425.815,24.205,8256.8104,0.1834,B-,-9798.0,151.0,131.923321237,25.985,False,False,True,False,-71425.815,8256.8104,  12   72   60  132 Nd    x  -71425.815      24.205      8256.8104     0.1834  B-  -9798#       151#      131 923321.237      25.985   ,1089.8989728000001,0.0242088,0.09090909090909091,1,1
2020,83,50,133,Sn,,-70873.89,1.904,8310.089,0.0143,B-,8049.6228,3.6617,132.923913753,2.043,False,False,False,False,-70873.890,8310.0890,  33   83   50  133 Sn       -70873.890       1.904      8310.0890     0.0143  B-   8049.6228     3.6617  132 923913.753       2.043   ,1105.241837,0.0019019,0.24812030075187969,0,1
2020,82,51,133,Sb,,-78923.513,3.128,8364.7302,0.0235,B-,4013.6198,3.5179,132.915272128,3.357,False,False,False,False,-78923.513,8364.7302,  31   82   51  133 Sb       -78923.513       3.128      8364.7302     0.0235  B-   4013.6198     3.5179  132 915272.128       3.357   ,1112.5091166,0.0031255000000000002,0.23308270676691728,1,0
2020,81,52,133,Te,,-82937.133,2.066,8389.0255,0.0155,B-,2920.169,6.2531,132.91096333,2.218,False,False,False,False,-82937.133,8389.0255,  29   81   52  133 Te       -82937.133       2.066      8389.0255     0.0155  B-   2920.1690     6.2531  132 910963.330       2.218   ,1115.7403915,0.0020615,0.21804511278195488,0,1
2020,80,53,133,I,,-85857.302,5.902,8405.0993,0.0444,B-,1786.2812,6.3712,132.9078284,6.335,False,False,False,False,-85857.302,8405.0993,  27   80   53  133 I        -85857.302       5.902      8405.0993     0.0444  B-   1786.2812     6.3712  132 907828.400       6.335   ,1117.8782069,0.005905200000000001,0.20300751879699247,1,0
2020,79,54,133,Xe,+,-87643.583,2.4,8412.6477,0.018,B-,427.36,2.4,132.905910748,2.576,False,False,False,False,-87643.583,8412.6477,  25   79   54  133 Xe    +  -87643.583       2.400      8412.6477     0.0180  B-    427.3600     2.4000  132 905910.748       2.576   ,1118.8821441,0.002394,0.18796992481203006,0,1
2020,78,55,133,Cs,,-88070.943,0.008,8409.9786,0.0003,B-,-517.431,0.992,132.905451958,0.008,False,False,False,False,-88070.943,8409.9786,  23   78   55  133 Cs       -88070.943       0.008      8409.9786     0.0003  B-   -517.4310     0.9920  132 905451.958       0.008   ,1118.5271538,3.99e-05,0.17293233082706766,1,0
2020,77,56,133,Ba,,-87553.512,0.992,8400.2059,0.0075,B-,-2059.1203,27.9624,132.906007443,1.065,False,False,False,False,-87553.512,8400.2059,  21   77   56  133 Ba       -87553.512       0.992      8400.2059     0.0075  B-  -2059.1203    27.9624  132 906007.443       1.065   ,1117.2273847000001,0.0009975,0.15789473684210525,0,1
2020,76,57,133,La,x,-85494.392,27.945,8378.8415,0.2101,B-,-3076.1685,32.3786,132.908218,30.0,False,False,False,False,-85494.392,8378.8415,  19   76   57  133 La    x  -85494.392      27.945      8378.8415     0.2101  B-  -3076.1685    32.3786  132 908218.000      30.000   ,1114.3859195,0.0279433,0.14285714285714285,1,0
2020,75,58,133,Ce,x,-82418.223,16.354,8349.8301,0.123,B-,-4480.6319,20.5826,132.911520402,17.557,False,False,False,False,-82418.223,8349.8301,  17   75   58  133 Ce    x  -82418.223      16.354      8349.8301     0.1230  B-  -4480.6319    20.5826  132 911520.402      17.557   ,1110.5274032999998,0.016359,0.12781954887218044,0,1
2020,74,59,133,Pr,x,-77937.591,12.497,8310.2588,0.094,B-,-5605.2112,48.2223,132.916330558,13.416,False,False,False,False,-77937.591,8310.2588,  15   74   59  133 Pr    x  -77937.591      12.497      8310.2588     0.0940  B-  -5605.2112    48.2223  132 916330.558      13.416   ,1105.2644203999998,0.012502000000000001,0.11278195488721804,1,0
2020,73,60,133,Nd,x,-72332.38,46.575,8262.232,0.3502,B-,-6924.7272,68.5519,132.922348,50.0,False,False,False,False,-72332.380,8262.2320,  13   73   60  133 Nd    x  -72332.380      46.575      8262.2320     0.3502  B-  -6924.7272    68.5519  132 922348.000      50.000   ,1098.8768559999999,0.046576599999999996,0.09774436090225563,0,1
2020,72,61,133,Pm,x,-65407.653,50.301,8204.2841,0.3782,B-,-8177.0,302.0,132.929782,54.0,False,False,True,False,-65407.653,8204.2841,  11   72   61  133 Pm    x  -65407.653      50.301      8204.2841     0.3782  B-  -8177#       302#      132 929782.000      54.000   ,1091.1697853,0.050300599999999994,0.08270676691729323,1,0
2020,84,50,134,Sn,x,-66433.759,3.167,8275.1719,0.0236,B-,7585.2453,4.4136,133.92868043,3.4,False,False,False,False,-66433.759,8275.1719,  34   84   50  134 Sn    x  -66433.759       3.167      8275.1719     0.0236  B-   7585.2453     4.4136  133 928680.430       3.400   ,1108.8730346,0.0031623999999999997,0.2537313432835821,1,1
2020,83,51,134,Sb,x,-74019.004,3.074,8325.9398,0.0229,B-,8514.7483,4.1221,133.920537334,3.3,False,False,False,False,-74019.004,8325.9398,  32   83   51  134 Sb    x  -74019.004       3.074      8325.9398     0.0229  B-   8514.7483     4.1221  133 920537.334       3.300   ,1115.6759332000001,0.0030686,0.23880597014925373,0,0
2020,82,52,134,Te,,-82533.752,2.746,8383.6442,0.0205,B-,1509.6875,4.9335,133.911396376,2.948,False,False,False,False,-82533.752,8383.6442,  30   82   52  134 Te       -82533.752       2.746      8383.6442     0.0205  B-   1509.6875     4.9335  133 911396.376       2.948   ,1123.4083228000002,0.0027470000000000003,0.22388059701492538,1,1
2020,81,53,134,I,,-84043.44,4.857,8389.0722,0.0362,B-,4082.3946,4.8567,133.90977566,5.213,False,False,False,False,-84043.440,8389.0722,  28   81   53  134 I        -84043.440       4.857      8389.0722     0.0362  B-   4082.3946     4.8567  133 909775.660       5.213   ,1124.1356748,0.004850800000000001,0.208955223880597,0,0
2020,80,54,134,Xe,,-88125.83443,0.00577,8413.6994,0.0003,B-,-1234.6691,0.016,133.90539303,0.006,False,False,False,False,-88125.83443,8413.6994,  26   80   54  134 Xe       -88125.83443     0.00577    8413.6994     0.0003  B-  -1234.6691     0.0160  133 905393.030       0.006   ,1127.4357195999999,4.02e-05,0.19402985074626866,1,1
2020,79,55,134,Cs,,-86891.165,0.016,8398.647,0.0003,B-,2058.8368,0.2508,133.906718501,0.017,False,False,False,False,-86891.165,8398.6470,  24   79   55  134 Cs       -86891.165       0.016      8398.6470     0.0003  B-   2058.8368     0.2508  133 906718.501       0.017   ,1125.4186980000002,4.02e-05,0.1791044776119403,0,0
2020,78,56,134,Ba,,-88950.002,0.251,8408.1731,0.0019,B-,-3731.3434,19.9312,133.904508249,0.269,False,False,False,False,-88950.002,8408.1731,  22   78   56  134 Ba       -88950.002       0.251      8408.1731     0.0019  B-  -3731.3434    19.9312  133 904508.249       0.269   ,1126.6951954,0.0002546,0.16417910447761194,1,1
2020,77,57,134,La,x,-85218.659,19.93,8374.4888,0.1487,B-,-385.7605,28.5098,133.908514011,21.395,False,False,False,False,-85218.659,8374.4888,  20   77   57  134 La    x  -85218.659      19.930      8374.4888     0.1487  B-   -385.7605    28.5098  133 908514.011      21.395   ,1122.1814992,0.0199258,0.14925373134328357,0,0
2020,76,58,134,Ce,x,-84832.898,20.387,8365.7716,0.1521,B-,-6304.8987,28.7814,133.908928142,21.886,False,False,False,False,-84832.898,8365.7716,  18   76   58  134 Ce    x  -84832.898      20.387      8365.7716     0.1521  B-  -6304.8987    28.7814  133 908928.142      21.886   ,1121.0133944000002,0.020381400000000004,0.13432835820895522,1,1
2020,75,59,134,Pr,x,-78528.0,20.316,8312.8817,0.1516,B-,-2881.5569,23.5032,133.915696729,21.81,False,False,False,False,-78528.000,8312.8817,  16   75   59  134 Pr    x  -78528.000      20.316      8312.8817     0.1516  B-  -2881.5569    23.5032  133 915696.729      21.810   ,1113.9261477999999,0.020314400000000003,0.11940298507462686,0,0
2020,74,60,134,Nd,x,-75646.443,11.817,8285.5391,0.0882,B-,-8882.5343,43.5512,133.918790207,12.686,False,False,False,False,-75646.443,8285.5391,  14   74   60  134 Nd    x  -75646.443      11.817      8285.5391     0.0882  B-  -8882.5343    43.5512  133 918790.207      12.686   ,1110.2622394,0.011818799999999999,0.1044776119402985,1,1
2020,73,61,134,Pm,x,-66763.908,41.917,8213.4131,0.3128,B-,-5388.0,200.0,133.928326,45.0,False,False,True,False,-66763.908,8213.4131,  12   73   61  134 Pm    x  -66763.908      41.917      8213.4131     0.3128  B-  -5388#       200#      133 928326.000      45.000   ,1100.5973554,0.04191520000000001,0.08955223880597014,0,0
2020,85,50,135,Sn,x,-60632.252,3.074,8230.6877,0.0228,B-,9058.08,4.0522,134.934908603,3.3,False,False,False,False,-60632.252,8230.6877,  35   85   50  135 Sn    x  -60632.252       3.074      8230.6877     0.0228  B-   9058.0800     4.0522  134 934908.603       3.300   ,1111.1428395,0.0030780000000000004,0.25925925925925924,0,1
2020,84,51,135,Sb,,-69690.332,2.64,8291.9894,0.0196,B-,8038.4581,3.1524,134.925184354,2.834,False,False,False,False,-69690.332,8291.9894,  33   84   51  135 Sb       -69690.332       2.640      8291.9894     0.0196  B-   8038.4581     3.1524  134 925184.354       2.834   ,1119.4185690000002,0.002646,0.24444444444444444,1,0
2020,83,52,135,Te,,-77728.79,1.722,8345.7384,0.0128,B-,6050.3894,2.685,134.916554715,1.848,False,False,False,False,-77728.790,8345.7384,  31   83   52  135 Te       -77728.790       1.722      8345.7384     0.0128  B-   6050.3894     2.6850  134 916554.715       1.848   ,1126.674684,0.001728,0.22962962962962963,0,1
2020,82,53,135,I,,-83779.18,2.06,8384.7609,0.0153,B-,2634.1851,3.8284,134.910059355,2.211,False,False,False,False,-83779.180,8384.7609,  29   82   53  135 I        -83779.180       2.060      8384.7609     0.0153  B-   2634.1851     3.8284  134 910059.355       2.211   ,1131.9427215,0.0020655,0.21481481481481482,1,0
2020,81,54,135,Xe,,-86413.365,3.668,8398.4783,0.0272,B-,1168.5917,3.6623,134.907231441,3.938,False,False,False,False,-86413.365,8398.4783,  27   81   54  135 Xe       -86413.365       3.668      8398.4783     0.0272  B-   1168.5917     3.6623  134 907231.441       3.938   ,1133.7945705000002,0.003672,0.2,0,1
2020,80,55,135,Cs,,-87581.956,0.364,8401.3393,0.0027,B-,268.6983,0.2862,134.905976907,0.39,False,False,False,False,-87581.956,8401.3393,  25   80   55  135 Cs       -87581.956       0.364      8401.3393     0.0027  B-    268.6983     0.2862  134 905976.907       0.390   ,1134.1808055,0.0003645,0.18518518518518517,1,0
2020,79,56,135,Ba,,-87850.655,0.245,8397.5345,0.0018,B-,-1207.1973,9.4299,134.905688447,0.263,False,False,False,False,-87850.655,8397.5345,  23   79   56  135 Ba       -87850.655       0.245      8397.5345     0.0018  B-  -1207.1973     9.4299  134 905688.447       0.263   ,1133.6671575,0.000243,0.17037037037037037,0,1
2020,78,57,135,La,,-86643.458,9.432,8382.7972,0.0699,B-,-2027.1499,4.6101,134.906984427,10.126,False,False,False,False,-86643.458,8382.7972,  21   78   57  135 La       -86643.458       9.432      8382.7972     0.0699  B-  -2027.1499     4.6101  134 906984.427      10.126   ,1131.6776220000002,0.0094365,0.15555555555555556,1,0
2020,77,58,135,Ce,,-84616.308,10.266,8361.9861,0.076,B-,-3680.4357,15.654,134.909160662,11.021,False,False,False,False,-84616.308,8361.9861,  19   77   58  135 Ce       -84616.308      10.266      8361.9861     0.0760  B-  -3680.4357    15.6540  134 909160.662      11.021   ,1128.8681235,0.01026,0.14074074074074075,0,1
2020,76,59,135,Pr,x,-80935.872,11.817,8328.9284,0.0875,B-,-4722.2522,22.4837,134.913111772,12.686,False,False,False,False,-80935.872,8328.9284,  17   76   59  135 Pr    x  -80935.872      11.817      8328.9284     0.0875  B-  -4722.2522    22.4837  134 913111.772      12.686   ,1124.405334,0.0118125,0.1259259259259259,1,0
2020,75,60,135,Nd,x,-76213.62,19.128,8288.1536,0.1417,B-,-6151.2907,85.0809,134.918181318,20.534,False,False,False,False,-76213.620,8288.1536,  15   75   60  135 Nd    x  -76213.620      19.128      8288.1536     0.1417  B-  -6151.2907    85.0809  134 918181.318      20.534   ,1118.900736,0.0191295,0.1111111111111111,0,1
2020,74,61,135,Pm,x,-70062.329,82.903,8236.7933,0.6141,B-,-7205.1069,175.4501,134.92478499999999,89.0,False,False,False,False,-70062.329,8236.7933,  13   74   61  135 Pm    x  -70062.329      82.903      8236.7933     0.6141  B-  -7205.1069   175.4501  134 924785.000      89.000   ,1111.9670955,0.08290349999999999,0.0962962962962963,1,0
2020,73,62,135,Sm,x,-62857.222,154.628,8177.627,1.1454,B-,-8709.0,249.0,134.93252,166.0,False,False,True,False,-62857.222,8177.6270,  11   73   62  135 Sm    x  -62857.222     154.628      8177.6270     1.1454  B-  -8709#       249#      134 932520.000     166.000   ,1103.9796450000001,0.154629,0.08148148148148149,0,1
2020,85,51,136,Sb,,-64506.89,5.83,8252.2533,0.0429,B-,9918.3897,6.2599,135.930749009,6.258,False,False,False,False,-64506.890,8252.2533,  34   85   51  136 Sb       -64506.890       5.830      8252.2533     0.0429  B-   9918.3897     6.2599  135 930749.009       6.258   ,1122.3064488000002,0.005834400000000001,0.25,0,0
2020,84,52,136,Te,,-74425.279,2.281,8319.4301,0.0168,B-,5119.9455,14.188,135.92010118,2.448,False,False,False,False,-74425.279,8319.4301,  32   84   52  136 Te       -74425.279       2.281      8319.4301     0.0168  B-   5119.9455    14.1880  135 920101.180       2.448   ,1131.4424936,0.0022847999999999996,0.23529411764705882,1,1
2020,83,53,136,I,,-79545.225,14.188,8351.3242,0.1043,B-,6883.9455,14.188,135.914604693,15.231,False,False,False,False,-79545.225,8351.3242,  30   83   53  136 I        -79545.225      14.188      8351.3242     0.1043  B-   6883.9455    14.1880  135 914604.693      15.231   ,1135.7800912,0.014184800000000001,0.22058823529411764,0,0
2020,82,54,136,Xe,,-86429.17,0.007,8396.1889,0.0003,B-,-90.3151,1.873,135.907214474,0.007,False,False,False,False,-86429.170,8396.1889,  28   82   54  136 Xe       -86429.170       0.007      8396.1889     0.0003  B-    -90.3151     1.8730  135 907214.474       0.007   ,1141.8816904,4.0799999999999996e-05,0.20588235294117646,1,1
2020,81,55,136,Cs,+,-86338.855,1.873,8389.7723,0.0138,B-,2548.2241,1.857,135.907311431,2.01,False,False,False,False,-86338.855,8389.7723,  26   81   55  136 Cs    +  -86338.855       1.873      8389.7723     0.0138  B-   2548.2241     1.8570  135 907311.431       2.010   ,1141.0090328,0.0018768,0.19117647058823528,0,0
2020,80,56,136,Ba,,-88887.079,0.245,8402.7566,0.0018,B-,-2849.5915,53.1715,135.9045758,0.262,False,False,False,False,-88887.079,8402.7566,  24   80   56  136 Ba       -88887.079       0.245      8402.7566     0.0018  B-  -2849.5915    53.1715  135 904575.800       0.262   ,1142.7748976,0.0002448,0.17647058823529413,1,1
2020,79,57,136,La,x,-86037.488,53.171,8376.0512,0.391,B-,471.0621,53.172,135.907634962,57.081,False,False,False,False,-86037.488,8376.0512,  22   79   57  136 La    x  -86037.488      53.171      8376.0512     0.3910  B-    471.0621    53.1720  135 907634.962      57.081   ,1139.1429632,0.053176,0.16176470588235295,0,0
2020,78,58,136,Ce,,-86508.55,0.324,8373.7624,0.0024,B-,-5168.129,11.4561,135.907129256,0.348,False,False,False,False,-86508.550,8373.7624,  20   78   58  136 Ce       -86508.550       0.324      8373.7624     0.0024  B-  -5168.1290    11.4561  135 907129.256       0.348   ,1138.8316864,0.00032639999999999996,0.14705882352941177,1,1
2020,77,59,136,Pr,,-81340.421,11.455,8330.0089,0.0842,B-,-2141.1234,16.4578,135.91267747,12.296,False,False,False,False,-81340.421,8330.0089,  18   77   59  136 Pr       -81340.421      11.455      8330.0089     0.0842  B-  -2141.1234    16.4578  135 912677.470      12.296   ,1132.8812104000003,0.0114512,0.1323529411764706,0,0
2020,76,60,136,Nd,x,-79199.297,11.817,8308.5127,0.0869,B-,-8029.3747,70.0764,135.914976061,12.686,False,False,False,False,-79199.297,8308.5127,  16   76   60  136 Nd    x  -79199.297      11.817      8308.5127     0.0869  B-  -8029.3747    70.0764  135 914976.061      12.686   ,1129.9577272,0.0118184,0.11764705882352941,1,1
2020,75,61,136,Pm,x,-71169.923,69.073,8243.7207,0.5079,B-,-4359.0237,70.1942,135.923595949,74.152,False,False,False,False,-71169.923,8243.7207,  14   75   61  136 Pm    x  -71169.923      69.073      8243.7207     0.5079  B-  -4359.0237    70.1942  135 923595.949      74.152   ,1121.1460152,0.0690744,0.10294117647058823,0,0
2020,74,62,136,Sm,x,-66810.899,12.497,8205.9165,0.0919,B-,-10567.0,196.0,135.928275553,13.416,False,False,True,False,-66810.899,8205.9165,  12   74   62  136 Sm    x  -66810.899      12.497      8205.9165     0.0919  B- -10567#       196#      135 928275.553      13.416   ,1116.0046439999999,0.0124984,0.08823529411764706,1,1
2020,86,51,137,Sb,x,-60060.392,52.164,8218.4764,0.3808,B-,9243.3698,52.2059,136.935522519,56.0,False,False,False,False,-60060.392,8218.4764,  35   86   51  137 Sb    x  -60060.392      52.164      8218.4764     0.3808  B-   9243.3698    52.2059  136 935522.519      56.000   ,1125.9312667999998,0.052169600000000003,0.25547445255474455,1,0
2020,85,52,137,Te,,-69303.762,2.1,8280.2357,0.0153,B-,7052.5063,8.6426,136.925599354,2.254,False,False,False,False,-69303.762,8280.2357,  33   85   52  137 Te       -69303.762       2.100      8280.2357     0.0153  B-   7052.5063     8.6426  136 925599.354       2.254   ,1134.3922908999998,0.0020961,0.24087591240875914,0,1
2020,84,53,137,I,p-2n,-76356.268,8.383,8326.0033,0.0612,B-,6027.1455,8.3841,136.918028178,9.0,False,False,False,False,-76356.268,8326.0033,  31   84   53  137 I  p-2n  -76356.268       8.383      8326.0033     0.0612  B-   6027.1455     8.3841  136 918028.178       9.000   ,1140.6624521,0.0083844,0.22627737226277372,1,0
2020,83,54,137,Xe,-n,-82383.414,0.104,8364.2865,0.0008,B-,4162.3582,0.3193,136.911557771,0.111,False,False,False,False,-82383.414,8364.2865,  29   83   54  137 Xe   -n  -82383.414       0.104      8364.2865     0.0008  B-   4162.3582     0.3193  136 911557.771       0.111   ,1145.9072505000001,0.00010960000000000001,0.2116788321167883,0,1
2020,82,55,137,Cs,+,-86545.772,0.302,8388.9581,0.0022,B-,1175.6285,0.1723,136.907089296,0.324,False,False,False,False,-86545.772,8388.9581,  27   82   55  137 Cs    +  -86545.772       0.302      8388.9581     0.0022  B-   1175.6285     0.1723  136 907089.296       0.324   ,1149.2872597,0.0003014,0.19708029197080293,1,0
2020,81,56,137,Ba,,-87721.401,0.248,8391.8288,0.0018,B-,-580.5356,1.6231,136.905827207,0.266,False,False,False,False,-87721.401,8391.8288,  25   81   56  137 Ba       -87721.401       0.248      8391.8288     0.0018  B-   -580.5356     1.6231  136 905827.207       0.266   ,1149.6805455999997,0.0002466,0.18248175182481752,0,1
2020,80,57,137,La,+,-87140.865,1.64,8381.8807,0.012,B-,-1222.1,1.6,136.906450438,1.76,False,False,False,False,-87140.865,8381.8807,  23   80   57  137 La    +  -87140.865       1.640      8381.8807     0.0120  B-  -1222.1000     1.6000  136 906450.438       1.760   ,1148.3176558999999,0.001644,0.1678832116788321,1,0
2020,79,58,137,Ce,,-85918.765,0.36,8367.2497,0.0026,B-,-2716.9515,8.1328,136.907762416,0.386,False,False,False,False,-85918.765,8367.2497,  21   79   58  137 Ce       -85918.765       0.360      8367.2497     0.0026  B-  -2716.9515     8.1328  136 907762.416       0.386   ,1146.3132089,0.0003562,0.15328467153284672,0,1
2020,78,59,137,Pr,,-83201.814,8.135,8341.7074,0.0594,B-,-3617.8447,14.2706,136.910679183,8.733,False,False,False,False,-83201.814,8341.7074,  19   78   59  137 Pr       -83201.814       8.135      8341.7074     0.0594  B-  -3617.8447    14.2706  136 910679.183       8.733   ,1142.8139138,0.0081378,0.1386861313868613,1,0
2020,77,60,137,Nd,,-79583.969,11.725,8309.5892,0.0856,B-,-5511.1108,17.5366,136.914563099,12.586,False,False,False,False,-79583.969,8309.5892,  17   77   60  137 Nd       -79583.969      11.725      8309.5892     0.0856  B-  -5511.1108    17.5366  136 914563.099      12.586   ,1138.4137204,0.0117272,0.12408759124087591,0,1
2020,76,61,137,Pm,x,-74072.858,13.041,8263.6516,0.0952,B-,-6081.2029,31.446,136.920479519,14.0,False,False,False,False,-74072.858,8263.6516,  15   76   61  137 Pm    x  -74072.858      13.041      8263.6516     0.0952  B-  -6081.2029    31.4460  136 920479.519      14.000   ,1132.1202692,0.013042400000000001,0.10948905109489052,1,0
2020,75,62,137,Sm,,-67991.655,28.614,8213.5527,0.2089,B-,-7845.7518,28.9474,136.927007959,30.718,False,False,False,False,-67991.655,8213.5527,  13   75   62  137 Sm       -67991.655      28.614      8213.5527     0.2089  B-  -7845.7518    28.9474  136 927007.959      30.718   ,1125.2567199,0.0286193,0.0948905109489051,0,1
2020,74,63,137,Eu,x,-60145.904,4.378,8150.5738,0.032,B-,-8932.0,298.0,136.935430719,4.7,False,False,True,False,-60145.904,8150.5738,  11   74   63  137 Eu    x  -60145.904       4.378      8150.5738     0.0320  B-  -8932#       298#      136 935430.719       4.700   ,1116.6286106,0.004384000000000001,0.08029197080291971,1,0
2020,86,52,138,Te,,-65695.995,3.787,8252.5786,0.0274,B-,6283.9149,7.0625,137.929472452,4.065,False,False,False,False,-65695.995,8252.5786,  34   86   52  138 Te       -65695.995       3.787      8252.5786     0.0274  B-   6283.9149     7.0625  137 929472.452       4.065   ,1138.8558468,0.0037812,0.2463768115942029,1,1
2020,85,53,138,I,x,-71979.91,5.962,8292.445,0.0432,B-,7992.3346,6.5881,137.922726392,6.4,False,False,False,False,-71979.910,8292.4450,  32   85   53  138 I     x  -71979.910       5.962      8292.4450     0.0432  B-   7992.3346     6.5881  137 922726.392       6.400   ,1144.3574099999998,0.005961600000000001,0.2318840579710145,0,0
2020,84,54,138,Xe,,-79972.244,2.804,8344.6913,0.0203,B-,2914.7839,9.578,137.914146268,3.01,False,False,False,False,-79972.244,8344.6913,  30   84   54  138 Xe       -79972.244       2.804      8344.6913     0.0203  B-   2914.7839     9.5780  137 914146.268       3.010   ,1151.5673993999999,0.0028013999999999995,0.21739130434782608,1,1
2020,83,55,138,Cs,,-82887.028,9.158,8360.1437,0.0664,B-,5374.7776,9.1584,137.911017119,9.831,False,False,False,False,-82887.028,8360.1437,  28   83   55  138 Cs       -82887.028       9.158      8360.1437     0.0664  B-   5374.7776     9.1584  137 911017.119       9.831   ,1153.6998306,0.0091632,0.2028985507246377,0,0
2020,82,56,138,Ba,,-88261.806,0.249,8393.4222,0.0018,B-,-1748.3977,0.3384,137.905247059,0.267,False,False,False,False,-88261.806,8393.4222,  26   82   56  138 Ba       -88261.806       0.249      8393.4222     0.0018  B-  -1748.3977     0.3384  137 905247.059       0.267   ,1158.2922636,0.00024839999999999997,0.18840579710144928,1,1
2020,81,57,138,La,,-86513.408,0.416,8375.0835,0.003,B-,1052.4585,0.4018,137.907124041,0.446,False,False,False,False,-86513.408,8375.0835,  24   81   57  138 La       -86513.408       0.416      8375.0835     0.0030  B-   1052.4585     0.4018  137 907124.041       0.446   ,1155.7615230000001,0.00041400000000000003,0.17391304347826086,0,0
2020,80,58,138,Ce,,-87565.867,0.499,8377.0408,0.0036,B-,-4437.0,10.0,137.90599418,0.536,False,False,False,False,-87565.867,8377.0408,  22   80   58  138 Ce       -87565.867       0.499      8377.0408     0.0036  B-  -4437.0000    10.0000  137 905994.180       0.536   ,1156.0316304,0.0004967999999999999,0.15942028985507245,1,1
2020,79,59,138,Pr,-,-83128.867,10.012,8339.2195,0.0726,B-,-1111.6847,15.3256,137.910757495,10.748,False,False,False,False,-83128.867,8339.2195,  20   79   59  138 Pr    -  -83128.867      10.012      8339.2195     0.0726  B-  -1111.6847    15.3256  137 910757.495      10.748   ,1150.812291,0.0100188,0.14492753623188406,0,0
2020,78,60,138,Nd,,-82017.182,11.603,8325.4946,0.0841,B-,-7102.8119,16.0995,137.911950938,12.456,False,False,False,False,-82017.182,8325.4946,  18   78   60  138 Nd       -82017.182      11.603      8325.4946     0.0841  B-  -7102.8119    16.0995  137 911950.938      12.456   ,1148.9182547999999,0.011605799999999998,0.13043478260869565,1,1
2020,77,61,138,Pm,,-74914.37,11.603,8268.3558,0.0841,B-,-3416.5976,16.5613,137.919576119,12.456,False,False,False,False,-74914.370,8268.3558,  16   77   61  138 Pm       -74914.370      11.603      8268.3558     0.0841  B-  -3416.5976    16.5613  137 919576.119      12.456   ,1141.0331004,0.011605799999999998,0.11594202898550725,0,0
2020,76,62,138,Sm,x,-71497.772,11.817,8237.9286,0.0856,B-,-9748.0968,30.3408,137.923243988,12.686,False,False,False,False,-71497.772,8237.9286,  14   76   62  138 Sm    x  -71497.772      11.817      8237.9286     0.0856  B-  -9748.0968    30.3408  137 923243.988      12.686   ,1136.8341468,0.0118128,0.10144927536231885,1,1
2020,75,63,138,Eu,x,-61749.676,27.945,8161.6211,0.2025,B-,-6090.0,202.0,137.933709,30.0,False,False,True,False,-61749.676,8161.6211,  12   75   63  138 Eu    x  -61749.676      27.945      8161.6211     0.2025  B-  -6090#       202#      137 933709.000      30.000   ,1126.3037118,0.027945,0.08695652173913043,0,0
2020,87,52,139,Te,x,-60205.08,3.54,8211.7716,0.0255,B-,8265.8835,5.3454,138.935367191,3.8,False,False,False,False,-60205.080,8211.7716,  35   87   52  139 Te    x  -60205.080       3.540      8211.7716     0.0255  B-   8265.8835     5.3454  138 935367.191       3.800   ,1141.4362524,0.0035445,0.2517985611510791,0,1
2020,86,53,139,I,x,-68470.964,4.005,8265.61,0.0288,B-,7173.6224,4.5424,138.9264934,4.3,False,False,False,False,-68470.964,8265.6100,  33   86   53  139 I     x  -68470.964       4.005      8265.6100     0.0288  B-   7173.6224     4.5424  138 926493.400       4.300   ,1148.9197900000001,0.004003199999999999,0.23741007194244604,1,0
2020,85,54,139,Xe,x,-75644.586,2.142,8311.5904,0.0154,B-,5056.5023,3.796,138.9187922,2.3,False,False,False,False,-75644.586,8311.5904,  31   85   54  139 Xe    x  -75644.586       2.142      8311.5904     0.0154  B-   5056.5023     3.7960  138 918792.200       2.300   ,1155.3110656,0.0021406,0.22302158273381295,0,1
2020,84,55,139,Cs,+,-80701.088,3.134,8342.3397,0.0225,B-,4212.8293,3.1235,138.913363822,3.364,False,False,False,False,-80701.088,8342.3397,  29   84   55  139 Cs    +  -80701.088       3.134      8342.3397     0.0225  B-   4212.8293     3.1235  138 913363.822       3.364   ,1159.5852183000002,0.0031275,0.20863309352517986,1,0
2020,83,56,139,Ba,-n,-84913.918,0.253,8367.0194,0.0018,B-,2308.4632,0.6571,138.908841164,0.271,False,False,False,False,-84913.918,8367.0194,  27   83   56  139 Ba   -n  -84913.918       0.253      8367.0194     0.0018  B-   2308.4632     0.6571  138 908841.164       0.271   ,1163.0156966,0.00025019999999999996,0.19424460431654678,0,1
2020,82,57,139,La,,-87222.381,0.607,8377.9987,0.0044,B-,-264.6396,1.9989,138.906362927,0.651,False,False,False,False,-87222.381,8377.9987,  25   82   57  139 La       -87222.381       0.607      8377.9987     0.0044  B-   -264.6396     1.9989  138 906362.927       0.651   ,1164.5418193,0.0006116,0.17985611510791366,1,0
2020,81,58,139,Ce,,-86957.741,2.089,8370.4664,0.015,B-,-2129.089,2.9962,138.906647029,2.242,False,False,False,False,-86957.741,8370.4664,  23   81   58  139 Ce       -86957.741       2.089      8370.4664     0.0150  B-  -2129.0890     2.9962  138 906647.029       2.242   ,1163.4948295999998,0.002085,0.16546762589928057,0,1
2020,80,59,139,Pr,,-84828.652,3.649,8349.5208,0.0263,B-,-2811.7226,27.6166,138.9089327,3.917,False,False,False,False,-84828.652,8349.5208,  21   80   59  139 Pr       -84828.652       3.649      8349.5208     0.0263  B-  -2811.7226    27.6166  138 908932.700       3.917   ,1160.5833912,0.0036557,0.1510791366906475,1,0
2020,79,60,139,Nd,,-82016.93,27.521,8323.6642,0.198,B-,-4515.9014,25.87,138.911951208,29.545,False,False,False,False,-82016.930,8323.6642,  19   79   60  139 Nd       -82016.930      27.521      8323.6642     0.1980  B-  -4515.9014    25.8700  138 911951.208      29.545   ,1156.9893238,0.027522,0.1366906474820144,0,1
2020,78,61,139,Pm,,-77501.028,13.588,8285.5473,0.0978,B-,-5120.7993,17.4098,138.916799228,14.587,False,False,False,False,-77501.028,8285.5473,  17   78   61  139 Pm       -77501.028      13.588      8285.5473     0.0978  B-  -5120.7993    17.4098  138 916799.228      14.587   ,1151.6910747,0.013594199999999999,0.1223021582733813,1,0
2020,77,62,139,Sm,x,-72380.229,10.884,8243.0786,0.0783,B-,-6982.1777,17.0705,138.922296631,11.684,False,False,False,False,-72380.229,8243.0786,  15   77   62  139 Sm    x  -72380.229      10.884      8243.0786     0.0783  B-  -6982.1777    17.0705  138 922296.631      11.684   ,1145.7879254000002,0.0108837,0.1079136690647482,0,1
2020,76,63,139,Eu,x,-65398.051,13.151,8187.2187,0.0946,B-,-7767.0,196.0,138.929792307,14.117,False,False,True,False,-65398.051,8187.2187,  13   76   63  139 Eu    x  -65398.051      13.151      8187.2187     0.0946  B-  -7767#       196#      138 929792.307      14.117   ,1138.0233993000002,0.0131494,0.09352517985611511,1,0
2020,88,52,140,Te,,-56367.449,14.377,8183.3567,0.1027,B-,7238.7734,18.7976,139.939487057,15.434,False,False,False,False,-56367.449,8183.3567,  36   88   52  140 Te       -56367.449      14.377      8183.3567     0.1027  B-   7238.7734    18.7976  139 939487.057      15.434   ,1145.669938,0.014378,0.2571428571428571,1,1
2020,87,53,140,I,x,-63606.223,12.109,8229.474,0.0865,B-,9380.2388,12.3313,139.931715914,13.0,False,False,False,False,-63606.223,8229.4740,  34   87   53  140 I     x  -63606.223      12.109      8229.4740     0.0865  B-   9380.2388    12.3313  139 931715.914      13.000   ,1152.1263600000002,0.01211,0.24285714285714285,0,0
2020,86,54,140,Xe,x,-72986.461,2.329,8290.8875,0.0166,B-,4063.2768,8.5232,139.921645814,2.5,False,False,False,False,-72986.461,8290.8875,  32   86   54  140 Xe    x  -72986.461       2.329      8290.8875     0.0166  B-   4063.2768     8.5232  139 921645.814       2.500   ,1160.72425,0.0023239999999999997,0.22857142857142856,1,1
2020,85,55,140,Cs,,-77049.738,8.199,8314.3227,0.0586,B-,6218.1669,9.8671,139.917283707,8.801,False,False,False,False,-77049.738,8314.3227,  30   85   55  140 Cs       -77049.738       8.199      8314.3227     0.0586  B-   6218.1669     9.8671  139 917283.707       8.801   ,1164.0051780000001,0.008204000000000001,0.21428571428571427,0,0
2020,84,56,140,Ba,,-83267.905,7.9,8353.15,0.0564,B-,1044.1542,7.9051,139.910608231,8.48,False,False,False,False,-83267.905,8353.1500,  28   84   56  140 Ba       -83267.905       7.900      8353.1500     0.0564  B-   1044.1542     7.9051  139 910608.231       8.480   ,1169.441,0.007896,0.2,1,1
2020,83,57,140,La,,-84312.059,0.607,8355.0201,0.0043,B-,3762.1676,1.3364,139.909487285,0.651,False,False,False,False,-84312.059,8355.0201,  26   83   57  140 La       -84312.059       0.607      8355.0201     0.0043  B-   3762.1676     1.3364  139 909487.285       0.651   ,1169.702814,0.000602,0.18571428571428572,0,0
2020,82,58,140,Ce,,-88074.227,1.313,8376.3045,0.0094,B-,-3388.0,6.0,139.905448433,1.409,False,False,False,False,-88074.227,8376.3045,  24   82   58  140 Ce       -88074.227       1.313      8376.3045     0.0094  B-  -3388.0000     6.0000  139 905448.433       1.409   ,1172.68263,0.0013160000000000001,0.17142857142857143,1,1
2020,81,59,140,Pr,-,-84686.227,6.142,8346.5163,0.0439,B-,-428.9806,6.9536,139.9090856,6.593,False,False,False,False,-84686.227,8346.5163,  22   81   59  140 Pr    -  -84686.227       6.142      8346.5163     0.0439  B-   -428.9806     6.9536  139 909085.600       6.593   ,1168.512282,0.0061459999999999996,0.15714285714285714,0,0
2020,80,60,140,Nd,x,-84257.246,3.26,8337.864,0.0233,B-,-6045.2,24.0,139.90954613,3.5,False,False,False,False,-84257.246,8337.8640,  20   80   60  140 Nd    x  -84257.246       3.260      8337.8640     0.0233  B-  -6045.2000    24.0000  139 909546.130       3.500   ,1167.30096,0.003262,0.14285714285714285,1,1
2020,79,61,140,Pm,-,-78212.046,24.22,8289.0958,0.173,B-,-2756.101,27.2546,139.916035918,26.001,False,False,False,False,-78212.046,8289.0958,  18   79   61  140 Pm    -  -78212.046      24.220      8289.0958     0.1730  B-  -2756.1010    27.2546  139 916035.918      26.001   ,1160.4734119999998,0.02422,0.12857142857142856,0,0
2020,78,62,140,Sm,x,-75455.945,12.497,8263.8211,0.0893,B-,-8470.0,50.0,139.918994714,13.416,False,False,False,False,-75455.945,8263.8211,  16   78   62  140 Sm    x  -75455.945      12.497      8263.8211     0.0893  B-  -8470.0000    50.0000  139 918994.714      13.416   ,1156.9349539999998,0.012502000000000001,0.11428571428571428,1,1
2020,77,63,140,Eu,-,-66985.945,51.538,8197.733,0.3681,B-,-5203.6675,58.6268,139.928087633,55.328,False,False,False,False,-66985.945,8197.7330,  14   77   63  140 Eu    -  -66985.945      51.538      8197.7330     0.3681  B-  -5203.6675    58.6268  139 928087.633      55.328   ,1147.68262,0.051533999999999996,0.1,0,0
2020,76,64,140,Gd,x,-61782.278,27.945,8154.9757,0.1996,B-,-11300.0,800.0,139.933674,30.0,False,False,False,False,-61782.278,8154.9757,  12   76   64  140 Gd    x  -61782.278      27.945      8154.9757     0.1996  B- -11300.0000   800.0000  139 933674.000      30.000   ,1141.696598,0.027944,0.08571428571428572,1,1
2020,75,65,140,Tb,-,-50482.278,800.488,8068.6732,5.7178,B-,-7652.0,895.0,139.945805048,859.359,False,False,True,False,-50482.278,8068.6732,  10   75   65  140 Tb    -  -50482.278     800.488      8068.6732     5.7178  B-  -7652#       895#      139 945805.048     859.359   ,1129.614248,0.8004920000000001,0.07142857142857142,0,0
2020,88,53,141,I,x,-59926.666,15.835,8202.2562,0.1123,B-,8270.643,16.0965,140.935666081,17.0,False,False,False,False,-59926.666,8202.2562,  35   88   53  141 I     x  -59926.666      15.835      8202.2562     0.1123  B-   8270.6430    16.0965  140 935666.081      17.000   ,1156.5181241999999,0.0158343,0.24822695035460993,1,0
2020,87,54,141,Xe,x,-68197.309,2.888,8255.3647,0.0205,B-,6280.0423,9.6378,140.926787181,3.1,False,False,False,False,-68197.309,8255.3647,  33   87   54  141 Xe    x  -68197.309       2.888      8255.3647     0.0205  B-   6280.0423     9.6378  140 926787.181       3.100   ,1164.0064227,0.0028905000000000003,0.23404255319148937,0,1
2020,86,55,141,Cs,,-74477.351,9.195,8294.3554,0.0652,B-,5255.141,9.6174,140.920045279,9.871,False,False,False,False,-74477.351,8294.3554,  31   86   55  141 Cs       -74477.351       9.195      8294.3554     0.0652  B-   5255.1410     9.6174  140 920045.279       9.871   ,1169.5041114,0.009193199999999999,0.2198581560283688,1,0
2020,85,56,141,Ba,,-79732.492,5.318,8326.0774,0.0377,B-,3197.3515,6.551,140.914403653,5.709,False,False,False,False,-79732.492,8326.0774,  29   85   56  141 Ba       -79732.492       5.318      8326.0774     0.0377  B-   3197.3515     6.5510  140 914403.653       5.709   ,1173.9769134,0.0053157,0.20567375886524822,0,1
2020,84,57,141,La,,-82929.844,4.127,8343.205,0.0293,B-,2501.2141,3.9279,140.910971155,4.43,False,False,False,False,-82929.844,8343.2050,  27   84   57  141 La       -82929.844       4.127      8343.2050     0.0293  B-   2501.2141     3.9279  140 910971.155       4.430   ,1176.391905,0.004131299999999999,0.19148936170212766,1,0
2020,83,58,141,Ce,,-85431.058,1.315,8355.3956,0.0093,B-,583.4758,1.1784,140.908285991,1.411,False,False,False,False,-85431.058,8355.3956,  25   83   58  141 Ce       -85431.058       1.315      8355.3956     0.0093  B-    583.4758     1.1784  140 908285.991       1.411   ,1178.1107796000001,0.0013112999999999998,0.1773049645390071,0,1
2020,82,59,141,Pr,,-86014.533,1.498,8353.9852,0.0106,B-,-1823.0137,2.809,140.907659604,1.607,False,False,False,False,-86014.533,8353.9852,  23   82   59  141 Pr       -86014.533       1.498      8353.9852     0.0106  B-  -1823.0137     2.8090  140 907659.604       1.607   ,1177.9119131999998,0.0014946,0.16312056737588654,1,0
2020,81,60,141,Nd,-,-84191.52,3.183,8335.5074,0.0226,B-,-3668.5879,14.3304,140.90961669,3.417,False,False,False,False,-84191.520,8335.5074,  21   81   60  141 Nd    -  -84191.520       3.183      8335.5074     0.0226  B-  -3668.5879    14.3304  140 909616.690       3.417   ,1175.3065434,0.0031866,0.14893617021276595,0,1
2020,80,61,141,Pm,x,-80522.932,13.972,8303.9405,0.0991,B-,-4588.9724,16.373,140.913555081,15.0,False,False,False,False,-80522.932,8303.9405,  19   80   61  141 Pm    x  -80522.932      13.972      8303.9405     0.0991  B-  -4588.9724    16.3730  140 913555.081      15.000   ,1170.8556105000002,0.013973099999999999,0.1347517730496454,1,0
2020,79,62,141,Sm,,-75933.959,8.535,8265.846,0.0605,B-,-6008.3127,14.2829,140.918481545,9.162,False,False,False,False,-75933.959,8265.8460,  17   79   62  141 Sm       -75933.959       8.535      8265.8460     0.0605  B-  -6008.3127    14.2829  140 918481.545       9.162   ,1165.4842859999999,0.0085305,0.12056737588652482,0,1
2020,78,63,141,Eu,,-69925.647,12.639,8217.6853,0.0896,B-,-6701.4161,23.4562,140.924931734,13.568,False,False,False,False,-69925.647,8217.6853,  15   78   63  141 Eu       -69925.647      12.639      8217.6853     0.0896  B-  -6701.4161    23.4562  140 924931.734      13.568   ,1158.6936273,0.0126336,0.10638297872340426,1,0
2020,77,64,141,Gd,x,-63224.231,19.76,8164.609,0.1401,B-,-8683.388,107.0975,140.932126,21.213,False,False,False,False,-63224.231,8164.6090,  13   77   64  141 Gd    x  -63224.231      19.760      8164.6090     0.1401  B-  -8683.3880   107.0975  140 932126.000      21.213   ,1151.209869,0.0197541,0.09219858156028368,0,1
2020,76,65,141,Tb,x,-54540.843,105.259,8097.4761,0.7465,B-,-9158.0,316.0,140.941448,113.0,False,False,True,False,-54540.843,8097.4761,  11   76   65  141 Tb    x  -54540.843     105.259      8097.4761     0.7465  B-  -9158#       316#      140 941448.000     113.000   ,1141.7441301,0.1052565,0.07801418439716312,1,0
2020,89,53,142,I,x,-54802.969,4.937,8165.2517,0.0348,B-,10426.6792,5.6276,141.941166595,5.3,False,False,False,False,-54802.969,8165.2517,  36   89   53  142 I     x  -54802.969       4.937      8165.2517     0.0348  B-  10426.6792     5.6276  141 941166.595       5.300   ,1159.4657413999998,0.004941599999999999,0.2535211267605634,0,0
2020,88,54,142,Xe,x,-65229.648,2.701,8233.1695,0.019,B-,5284.9078,7.5655,141.929973095,2.9,False,False,False,False,-65229.648,8233.1695,  34   88   54  142 Xe    x  -65229.648       2.701      8233.1695     0.0190  B-   5284.9078     7.5655  141 929973.095       2.900   ,1169.1100689999998,0.002698,0.23943661971830985,1,1
2020,87,55,142,Cs,,-70514.556,7.067,8264.8777,0.0498,B-,7327.7007,8.3627,141.924299514,7.586,False,False,False,False,-70514.556,8264.8777,  32   87   55  142 Cs       -70514.556       7.067      8264.8777     0.0498  B-   7327.7007     8.3627  141 924299.514       7.586   ,1173.6126333999998,0.007071599999999999,0.22535211267605634,0,0
2020,86,56,142,Ba,,-77842.257,5.92,8310.9718,0.0417,B-,2181.6932,8.3754,141.916432904,6.355,False,False,False,False,-77842.257,8310.9718,  30   86   56  142 Ba       -77842.257       5.920      8310.9718     0.0417  B-   2181.6932     8.3754  141 916432.904       6.355   ,1180.1579956,0.0059214,0.2112676056338028,1,1
2020,85,57,142,La,,-80023.95,6.286,8320.8263,0.0443,B-,4508.9455,5.8446,141.91409076,6.748,False,False,False,False,-80023.950,8320.8263,  28   85   57  142 La       -80023.950       6.286      8320.8263     0.0443  B-   4508.9455     5.8446  141 914090.760       6.748   ,1181.5573346,0.0062905999999999995,0.19718309859154928,0,0
2020,84,58,142,Ce,,-84532.896,2.443,8347.07,0.0172,B-,-746.5288,2.4868,141.909250208,2.623,False,False,False,False,-84532.896,8347.0700,  26   84   58  142 Ce       -84532.896       2.443      8347.0700     0.0172  B-   -746.5288     2.4868  141 909250.208       2.623   ,1185.28394,0.0024424,0.18309859154929578,1,1
2020,83,59,142,Pr,,-83786.367,1.498,8336.3032,0.0106,B-,2163.6885,1.3656,141.91005164,1.607,False,False,False,False,-83786.367,8336.3032,  24   83   59  142 Pr       -83786.367       1.498      8336.3032     0.0106  B-   2163.6885     1.3656  141 910051.640       1.607   ,1183.7550544,0.0015052000000000002,0.16901408450704225,0,0
2020,82,60,142,Nd,,-85950.055,1.256,8346.031,0.0088,B-,-4808.5196,23.6216,141.907728824,1.348,False,False,False,False,-85950.055,8346.0310,  22   82   60  142 Nd       -85950.055       1.256      8346.0310     0.0088  B-  -4808.5196    23.6216  141 907728.824       1.348   ,1185.1364020000003,0.0012496,0.15492957746478872,1,1
2020,81,61,142,Pm,,-81141.536,23.596,8306.6587,0.1662,B-,-2159.6062,23.6524,141.912890982,25.33,False,False,False,False,-81141.536,8306.6587,  20   81   61  142 Pm       -81141.536      23.596      8306.6587     0.1662  B-  -2159.6062    23.6524  141 912890.982      25.330   ,1179.5455353999998,0.023600399999999997,0.14084507042253522,0,0
2020,80,62,142,Sm,,-78981.93,1.866,8285.9407,0.0131,B-,-7673.0,30.0,141.915209415,2.002,False,False,False,False,-78981.930,8285.9407,  18   80   62  142 Sm       -78981.930       1.866      8285.9407     0.0131  B-  -7673.0000    30.0000  141 915209.415       2.002   ,1176.6035794,0.0018602,0.1267605633802817,1,1
2020,79,63,142,Eu,-,-71308.93,30.058,8226.396,0.2117,B-,-4349.4074,41.0414,141.923446719,32.268,False,False,False,False,-71308.930,8226.3960,  16   79   63  142 Eu    -  -71308.930      30.058      8226.3960     0.2117  B-  -4349.4074    41.0414  141 923446.719      32.268   ,1168.148232,0.0300614,0.11267605633802817,0,0
2020,78,64,142,Gd,x,-66959.522,27.945,8190.2569,0.1968,B-,-10400.0,700.0,141.928116,30.0,False,False,False,False,-66959.522,8190.2569,  14   78   64  142 Gd    x  -66959.522      27.945      8190.2569     0.1968  B- -10400.0000   700.0000  141 928116.000      30.000   ,1163.0164798,0.027945599999999998,0.09859154929577464,1,1
2020,77,65,142,Tb,-,-56559.522,700.558,8111.508,4.9335,B-,-6440.0,200.0,141.939280858,752.079,False,False,True,False,-56559.522,8111.5080,  12   77   65  142 Tb    -  -56559.522     700.558      8111.5080     4.9335  B-  -6440#       200#      141 939280.858     752.079   ,1151.834136,0.700557,0.08450704225352113,0,0
2020,89,54,143,Xe,x,-60202.882,4.657,8196.8855,0.0326,B-,7472.6365,8.8908,142.93536955,5.0,False,False,False,False,-60202.882,8196.8855,  35   89   54  143 Xe    x  -60202.882       4.657      8196.8855     0.0326  B-   7472.6365     8.8908  142 935369.550       5.000   ,1172.1546265,0.0046618,0.24475524475524477,0,1
2020,88,55,143,Cs,,-67675.519,7.573,8243.6707,0.053,B-,6261.6865,9.7303,142.927347346,8.13,False,False,False,False,-67675.519,8243.6707,  33   88   55  143 Cs       -67675.519       7.573      8243.6707     0.0530  B-   6261.6865     9.7303  142 927347.346       8.130   ,1178.8449100999999,0.007579,0.23076923076923078,1,0
2020,87,56,143,Ba,,-73937.205,6.756,8281.9878,0.0472,B-,4234.2623,9.9682,142.920625149,7.253,False,False,False,False,-73937.205,8281.9878,  31   87   56  143 Ba       -73937.205       6.756      8281.9878     0.0472  B-   4234.2623     9.9682  142 920625.149       7.253   ,1184.3242554,0.0067496,0.21678321678321677,0,1
2020,86,57,143,La,,-78171.467,7.329,8306.1271,0.0513,B-,3434.9108,7.5812,142.916079482,7.868,False,False,False,False,-78171.467,8306.1271,  29   86   57  143 La       -78171.467       7.329      8306.1271     0.0513  B-   3434.9108     7.5812  142 916079.482       7.868   ,1187.7761753,0.007335899999999999,0.20279720279720279,1,0
2020,85,58,143,Ce,,-81606.378,2.442,8324.6765,0.0171,B-,1461.8214,1.8649,142.912391953,2.621,False,False,False,False,-81606.378,8324.6765,  27   85   58  143 Ce       -81606.378       2.442      8324.6765     0.0171  B-   1461.8214     1.8649  142 912391.953       2.621   ,1190.4287395,0.0024453,0.1888111888111888,0,1
2020,84,59,143,Pr,,-83068.2,1.816,8329.428,0.0127,B-,934.1107,1.3673,142.910822624,1.949,False,False,False,False,-83068.200,8329.4280,  25   84   59  143 Pr       -83068.200       1.816      8329.4280     0.0127  B-    934.1107     1.3673  142 910822.624       1.949   ,1191.108204,0.0018160999999999997,0.17482517482517482,1,0
2020,83,60,143,Nd,,-84002.31,1.255,8330.4893,0.0088,B-,-1041.6463,2.683,142.909819815,1.347,False,False,False,False,-84002.310,8330.4893,  23   83   60  143 Nd       -84002.310       1.255      8330.4893     0.0088  B-  -1041.6463     2.6830  142 909819.815       1.347   ,1191.2599699,0.0012584000000000002,0.16083916083916083,0,1
2020,82,61,143,Pm,,-82960.664,2.944,8317.7341,0.0206,B-,-3443.5291,3.5604,142.910938068,3.16,False,False,False,False,-82960.664,8317.7341,  21   82   61  143 Pm       -82960.664       2.944      8317.7341     0.0206  B-  -3443.5291     3.5604  142 910938.068       3.160   ,1189.4359763,0.0029458,0.14685314685314685,1,0
2020,81,62,143,Sm,,-79517.135,2.75,8288.1825,0.0192,B-,-5275.824,11.3245,142.914634848,2.951,False,False,False,False,-79517.135,8288.1825,  19   81   62  143 Sm       -79517.135       2.750      8288.1825     0.0192  B-  -5275.8240    11.3245  142 914634.848       2.951   ,1185.2100975,0.0027455999999999995,0.13286713286713286,0,1
2020,80,63,143,Eu,x,-74241.311,10.986,8245.8177,0.0768,B-,-6010.0,200.0,142.920298678,11.793,False,False,False,False,-74241.311,8245.8177,  17   80   63  143 Eu    x  -74241.311      10.986      8245.8177     0.0768  B-  -6010.0000   200.0000  142 920298.678      11.793   ,1179.1519311,0.010982399999999998,0.11888111888111888,1,0
2020,79,64,143,Gd,-,-68231.311,200.301,8198.3188,1.4007,B-,-7812.1185,206.7497,142.926750678,215.032,False,False,False,False,-68231.311,8198.3188,  15   79   64  143 Gd    -  -68231.311     200.301      8198.3188     1.4007  B-  -7812.1185   206.7497  142 926750.678     215.032   ,1172.3595883999997,0.2003001,0.1048951048951049,0,1
2020,78,65,143,Tb,x,-60419.192,51.232,8138.2176,0.3583,B-,-8250.2433,52.8659,142.935137332,55.0,False,False,False,False,-60419.192,8138.2176,  13   78   65  143 Tb    x  -60419.192      51.232      8138.2176     0.3583  B-  -8250.2433    52.8659  142 935137.332      55.000   ,1163.7651168,0.0512369,0.09090909090909091,1,0
2020,77,66,143,Dy,x,-52168.949,13.041,8075.0527,0.0912,B-,-10121.0,298.0,142.943994332,14.0,False,False,True,False,-52168.949,8075.0527,  11   77   66  143 Dy    x  -52168.949      13.041      8075.0527     0.0912  B- -10121#       298#      142 943994.332      14.000   ,1154.7325361,0.0130416,0.07692307692307693,0,1
2020,90,54,144,Xe,x,-56872.301,5.31,8172.8845,0.0369,B-,6399.0606,20.8203,143.938945076,5.7,False,False,False,False,-56872.301,8172.8845,  36   90   54  144 Xe    x  -56872.301       5.310      8172.8845     0.0369  B-   6399.0606    20.8203  143 938945.076       5.700   ,1176.895368,0.0053136,0.25,1,1
2020,89,55,144,Cs,,-63271.362,20.132,8211.8894,0.1398,B-,8495.7679,20.4163,143.932075402,21.612,False,False,False,False,-63271.362,8211.8894,  34   89   55  144 Cs       -63271.362      20.132      8211.8894     0.1398  B-   8495.7679    20.4163  143 932075.402      21.612   ,1182.5120736,0.0201312,0.2361111111111111,0,0
2020,88,56,144,Ba,,-71767.13,7.136,8265.4549,0.0496,B-,3082.53,14.7744,143.922954821,7.661,False,False,False,False,-71767.130,8265.4549,  32   88   56  144 Ba       -71767.130       7.136      8265.4549     0.0496  B-   3082.5300    14.7744  143 922954.821       7.661   ,1190.2255056000001,0.007142399999999999,0.2222222222222222,1,1
2020,87,57,144,La,x,-74849.66,12.937,8281.4283,0.0898,B-,5582.2823,13.2432,143.919645589,13.888,False,False,False,False,-74849.660,8281.4283,  30   87   57  144 La    x  -74849.660      12.937      8281.4283     0.0898  B-   5582.2823    13.2432  143 919645.589      13.888   ,1192.5256752,0.0129312,0.20833333333333334,0,0
2020,86,58,144,Ce,+,-80431.942,2.833,8314.7612,0.0197,B-,318.6462,0.8321,143.913652763,3.041,False,False,False,False,-80431.942,8314.7612,  28   86   58  144 Ce    +  -80431.942       2.833      8314.7612     0.0197  B-    318.6462     0.8321  143 913652.763       3.041   ,1197.3256128000003,0.0028367999999999996,0.19444444444444445,1,1
2020,85,59,144,Pr,+,-80750.588,2.708,8311.5411,0.0188,B-,2997.44,2.4,143.913310682,2.907,False,False,False,False,-80750.588,8311.5411,  26   85   59  144 Pr    +  -80750.588       2.708      8311.5411     0.0188  B-   2997.4400     2.4000  143 913310.682       2.907   ,1196.8619184000001,0.0027072000000000003,0.18055555555555555,0,0
2020,84,60,144,Nd,,-83748.028,1.255,8326.9237,0.0087,B-,-2331.9117,2.6464,143.910092798,1.346,False,False,False,False,-83748.028,8326.9237,  24   84   60  144 Nd       -83748.028       1.255      8326.9237     0.0087  B-  -2331.9117     2.6464  143 910092.798       1.346   ,1199.0770128,0.0012527999999999999,0.16666666666666666,1,1
2020,83,61,144,Pm,,-81416.116,2.912,8305.2969,0.0202,B-,549.5096,2.6679,143.912596208,3.126,False,False,False,False,-81416.116,8305.2969,  22   83   61  144 Pm       -81416.116       2.912      8305.2969     0.0202  B-    549.5096     2.6679  143 912596.208       3.126   ,1195.9627536,0.0029088,0.1527777777777778,0,0
2020,82,62,144,Sm,,-81965.626,1.459,8303.68,0.0101,B-,-6346.4515,10.8092,143.912006285,1.566,False,False,False,False,-81965.626,8303.6800,  20   82   62  144 Sm       -81965.626       1.459      8303.6800     0.0101  B-  -6346.4515    10.8092  143 912006.285       1.566   ,1195.72992,0.0014544,0.1388888888888889,1,1
2020,81,63,144,Eu,,-75619.175,10.787,8254.1744,0.0749,B-,-3859.6633,29.9546,143.918819481,11.58,False,False,False,False,-75619.175,8254.1744,  18   81   63  144 Eu       -75619.175      10.787      8254.1744     0.0749  B-  -3859.6633    29.9546  143 918819.481      11.580   ,1188.6011136,0.0107856,0.125,0,0
2020,80,64,144,Gd,x,-71759.511,27.945,8221.9382,0.1941,B-,-9391.3235,39.5199,143.922963,30.0,False,False,False,False,-71759.511,8221.9382,  16   80   64  144 Gd    x  -71759.511      27.945      8221.9382     0.1941  B-  -9391.3235    39.5199  143 922963.000      30.000   ,1183.9591008000002,0.027950399999999997,0.1111111111111111,1,1
2020,79,65,144,Tb,x,-62368.188,27.945,8151.2877,0.1941,B-,-5798.0965,28.8506,143.933045,30.0,False,False,False,False,-62368.188,8151.2877,  14   79   65  144 Tb    x  -62368.188      27.945      8151.2877     0.1941  B-  -5798.0965    28.8506  143 933045.000      30.000   ,1173.7854287999999,0.027950399999999997,0.09722222222222222,0,0
2020,78,66,144,Dy,x,-56570.091,7.173,8105.5902,0.0498,B-,-11960.5706,11.1039,143.939269512,7.7,False,False,False,False,-56570.091,8105.5902,  12   78   66  144 Dy    x  -56570.091       7.173      8105.5902     0.0498  B- -11960.5706    11.1039  143 939269.512       7.700   ,1167.2049888,0.0071712,0.08333333333333333,1,1
2020,77,67,144,Ho,x,-44609.521,8.477,8017.0977,0.0589,B-,-8002.0,196.0,143.952109712,9.1,False,False,True,False,-44609.521,8017.0977,  10   77   67  144 Ho    x  -44609.521       8.477      8017.0977     0.0589  B-  -8002#       196#      143 952109.712       9.100   ,1154.4620688,0.0084816,0.06944444444444445,0,0
2020,91,54,145,Xe,x,-51493.337,11.178,8135.0877,0.0771,B-,8561.0867,14.3929,144.944719631,12.0,False,False,False,False,-51493.337,8135.0877,  37   91   54  145 Xe    x  -51493.337      11.178      8135.0877     0.0771  B-   8561.0867    14.3929  144 944719.631      12.000   ,1179.5877165000002,0.0111795,0.25517241379310346,0,1
2020,90,55,145,Cs,,-60054.424,9.067,8188.7342,0.0625,B-,7461.7591,12.4121,144.935528927,9.733,False,False,False,False,-60054.424,8188.7342,  35   90   55  145 Cs       -60054.424       9.067      8188.7342     0.0625  B-   7461.7591    12.4121  144 935528.927       9.733   ,1187.366459,0.0090625,0.2413793103448276,1,0
2020,89,56,145,Ba,x,-67516.183,8.477,8234.7991,0.0585,B-,5319.1425,14.9122,144.9275184,9.1,False,False,False,False,-67516.183,8234.7991,  33   89   56  145 Ba    x  -67516.183       8.477      8234.7991     0.0585  B-   5319.1425    14.9122  144 927518.400       9.100   ,1194.0458695,0.0084825,0.22758620689655173,0,1
2020,88,57,145,La,,-72835.325,12.269,8266.0873,0.0846,B-,4231.7331,35.2977,144.921808065,13.17,False,False,False,False,-72835.325,8266.0873,  31   88   57  145 La       -72835.325      12.269      8266.0873     0.0846  B-   4231.7331    35.2977  144 921808.065      13.170   ,1198.5826585,0.012267,0.21379310344827587,1,0
2020,87,58,145,Ce,,-77067.059,33.9,8289.8762,0.2338,B-,2558.9318,33.6347,144.917265113,36.393,False,False,False,False,-77067.059,8289.8762,  29   87   58  145 Ce       -77067.059      33.900      8289.8762     0.2338  B-   2558.9318    33.6347  144 917265.113      36.393   ,1202.0320490000001,0.033901,0.2,0,1
2020,86,59,145,Pr,,-79625.99,7.149,8302.1285,0.0493,B-,1806.014,7.037,144.914517987,7.674,False,False,False,False,-79625.990,8302.1285,  27   86   59  145 Pr       -79625.990       7.149      8302.1285     0.0493  B-   1806.0140     7.0370  144 914517.987       7.674   ,1203.8086325000002,0.0071484999999999995,0.18620689655172415,1,0
2020,85,60,145,Nd,,-81432.004,1.271,8309.1883,0.0088,B-,-164.4982,2.5361,144.912579151,1.364,False,False,False,False,-81432.004,8309.1883,  25   85   60  145 Nd       -81432.004       1.271      8309.1883     0.0088  B-   -164.4982     2.5361  144 912579.151       1.364   ,1204.8323034999999,0.001276,0.1724137931034483,0,1
2020,84,61,145,Pm,,-81267.506,2.805,8302.6583,0.0193,B-,-616.099,2.539,144.912755748,3.011,False,False,False,False,-81267.506,8302.6583,  23   84   61  145 Pm       -81267.506       2.805      8302.6583     0.0193  B-   -616.0990     2.5390  144 912755.748       3.011   ,1203.8854534999998,0.0027985,0.15862068965517243,1,0
2020,83,62,145,Sm,,-80651.407,1.485,8293.0139,0.0102,B-,-2659.8832,2.7224,144.913417157,1.594,False,False,False,False,-80651.407,8293.0139,  21   83   62  145 Sm       -80651.407       1.485      8293.0139     0.0102  B-  -2659.8832     2.7224  144 913417.157       1.594   ,1202.4870154999999,0.001479,0.14482758620689656,0,1
2020,82,63,145,Eu,,-77991.524,3.06,8269.2744,0.0211,B-,-5064.8984,19.9521,144.916272659,3.285,False,False,False,False,-77991.524,8269.2744,  19   82   63  145 Eu       -77991.524       3.060      8269.2744     0.0211  B-  -5064.8984    19.9521  144 916272.659       3.285   ,1199.044788,0.0030594999999999997,0.1310344827586207,1,0
2020,81,64,145,Gd,,-72926.626,19.716,8228.9485,0.136,B-,-6526.9329,109.7144,144.921710051,21.165,False,False,False,False,-72926.626,8228.9485,  17   81   64  145 Gd       -72926.626      19.716      8228.9485     0.1360  B-  -6526.9329   109.7144  144 921710.051      21.165   ,1193.1975325,0.01972,0.11724137931034483,0,1
2020,80,65,145,Tb,,-66399.693,110.896,8178.5397,0.7648,B-,-8157.0853,111.0872,144.928717001,119.051,False,False,False,False,-66399.693,8178.5397,  15   80   65  145 Tb       -66399.693     110.896      8178.5397     0.7648  B-  -8157.0853   111.0872  144 928717.001     119.051   ,1185.8882565000001,0.110896,0.10344827586206896,1,0
2020,79,66,145,Dy,x,-58242.607,6.52,8116.8884,0.045,B-,-9122.4943,9.9019,144.937473992,7.0,False,False,False,False,-58242.607,8116.8884,  13   79   66  145 Dy    x  -58242.607       6.520      8116.8884     0.0450  B-  -9122.4943     9.9019  144 937473.992       7.000   ,1176.948818,0.0065249999999999996,0.0896551724137931,0,1
2020,78,67,145,Ho,x,-49120.113,7.452,8048.5792,0.0514,B-,-9880.0,200.0,144.947267392,8.0,False,False,True,False,-49120.113,8048.5792,  11   78   67  145 Ho    x  -49120.113       7.452      8048.5792     0.0514  B-  -9880#       200#      144 947267.392       8.000   ,1167.043984,0.007453,0.07586206896551724,1,0
2020,92,54,146,Xe,x,-47954.95,24.219,8110.4154,0.1659,B-,7355.4298,24.3911,145.948518245,26.0,False,False,False,False,-47954.950,8110.4154,  38   92   54  146 Xe    x  -47954.950      24.219      8110.4154     0.1659  B-   7355.4298    24.3911  145 948518.245      26.000   ,1184.1206484000002,0.0242214,0.2602739726027397,1,1
2020,91,55,146,Cs,x,-55310.38,2.893,8155.4365,0.0198,B-,9555.8882,3.3918,145.940621867,3.106,False,False,False,False,-55310.380,8155.4365,  36   91   55  146 Cs    x  -55310.380       2.893      8155.4365     0.0198  B-   9555.8882     3.3918  145 940621.867       3.106   ,1190.693729,0.0028908000000000002,0.2465753424657534,0,0
2020,90,56,146,Ba,x,-64866.269,1.77,8215.5293,0.0121,B-,4354.9052,2.4366,145.9303632,1.9,False,False,False,False,-64866.269,8215.5293,  34   90   56  146 Ba    x  -64866.269       1.770      8215.5293     0.0121  B-   4354.9052     2.4366  145 930363.200       1.900   ,1199.4672778000001,0.0017666,0.2328767123287671,1,1
2020,89,57,146,La,,-69221.174,1.675,8239.9988,0.0115,B-,6404.6947,14.7146,145.925688017,1.797,False,False,False,False,-69221.174,8239.9988,  32   89   57  146 La       -69221.174       1.675      8239.9988     0.0115  B-   6404.6947    14.7146  145 925688.017       1.797   ,1203.0398248,0.0016790000000000002,0.2191780821917808,0,0
2020,88,58,146,Ce,,-75625.868,14.665,8278.5081,0.1004,B-,1047.6178,32.4842,145.918812294,15.743,False,False,False,False,-75625.868,8278.5081,  30   88   58  146 Ce       -75625.868      14.665      8278.5081     0.1004  B-   1047.6178    32.4842  145 918812.294      15.743   ,1208.6621826,0.0146584,0.2054794520547945,1,1
2020,87,59,146,Pr,,-76673.486,34.356,8280.325,0.2353,B-,4252.43,34.3686,145.91768763,36.882,False,False,False,False,-76673.486,8280.3250,  28   87   59  146 Pr       -76673.486      34.356      8280.3250     0.2353  B-   4252.4300    34.3686  145 917687.630      36.882   ,1208.9274500000001,0.0343538,0.1917808219178082,0,0
2020,86,60,146,Nd,,-80925.916,1.273,8304.0927,0.0087,B-,-1471.556,4.1194,145.913122459,1.366,False,False,False,False,-80925.916,8304.0927,  26   86   60  146 Nd       -80925.916       1.273      8304.0927     0.0087  B-  -1471.5560     4.1194  145 913122.459       1.366   ,1212.3975341999999,0.0012702,0.1780821917808219,1,1
2020,85,61,146,Pm,+,-79454.36,4.275,8288.655,0.0293,B-,1542.0,3.0,145.91470224,4.589,False,False,False,False,-79454.360,8288.6550,  24   85   61  146 Pm    +  -79454.360       4.275      8288.6550     0.0293  B-   1542.0000     3.0000  145 914702.240       4.589   ,1210.14363,0.0042778,0.1643835616438356,0,0
2020,84,62,146,Sm,,-80996.36,3.045,8293.8581,0.0209,B-,-3878.7573,5.8685,145.913046835,3.269,False,False,False,False,-80996.360,8293.8581,  22   84   62  146 Sm       -80996.360       3.045      8293.8581     0.0209  B-  -3878.7573     5.8685  145 913046.835       3.269   ,1210.9032826,0.0030513999999999997,0.1506849315068493,1,1
2020,83,63,146,Eu,,-77117.603,6.009,8261.9327,0.0412,B-,-1031.7798,7.075,145.917210852,6.451,False,False,False,False,-77117.603,8261.9327,  20   83   63  146 Eu       -77117.603       6.009      8261.9327     0.0412  B-  -1031.7798     7.0750  145 917210.852       6.451   ,1206.2421742,0.0060152,0.136986301369863,0,0
2020,82,64,146,Gd,,-76085.823,4.076,8249.5072,0.0279,B-,-8322.1791,44.7488,145.918318513,4.376,False,False,False,False,-76085.823,8249.5072,  18   82   64  146 Gd       -76085.823       4.076      8249.5072     0.0279  B-  -8322.1791    44.7488  145 918318.513       4.376   ,1204.4280512,0.0040734000000000005,0.1232876712328767,1,1
2020,81,65,146,Tb,,-67763.644,44.86,8187.1474,0.3073,B-,-5208.7165,45.158,145.927252739,48.159,False,False,False,False,-67763.644,8187.1474,  16   81   65  146 Tb       -67763.644      44.860      8187.1474     0.3073  B-  -5208.7165    45.1580  145 927252.739      48.159   ,1195.3235204,0.0448658,0.1095890410958904,0,0
2020,80,66,146,Dy,,-62554.928,6.695,8146.1128,0.0459,B-,-11316.7007,9.3917,145.932844526,7.187,False,False,False,False,-62554.928,8146.1128,  14   80   66  146 Dy       -62554.928       6.695      8146.1128     0.0459  B- -11316.7007     9.3917  145 932844.526       7.187   ,1189.3324688,0.006701400000000001,0.0958904109589041,1,1
2020,79,67,146,Ho,,-51238.227,6.587,8063.2426,0.0451,B-,-6916.2074,9.3987,145.944993503,7.071,False,False,False,False,-51238.227,8063.2426,  12   79   67  146 Ho       -51238.227       6.587      8063.2426     0.0451  B-  -6916.2074     9.3987  145 944993.503       7.071   ,1177.2334196,0.0065846,0.0821917808219178,0,0
2020,78,68,146,Er,,-44322.019,6.705,8010.5127,0.0459,B-,-13267.0,200.0,145.952418357,7.197,False,False,True,False,-44322.019,8010.5127,  10   78   68  146 Er       -44322.019       6.705      8010.5127     0.0459  B- -13267#       200#      145 952418.357       7.197   ,1169.5348542,0.006701400000000001,0.0684931506849315,1,1
2020,92,55,147,Cs,x,-51920.073,8.383,8131.801,0.057,B-,8343.9631,21.4535,146.944261512,9.0,False,False,False,False,-51920.073,8131.8010,  37   92   55  147 Cs    x  -51920.073       8.383      8131.8010     0.0570  B-   8343.9631    21.4535  146 944261.512       9.000   ,1195.374747,0.008379,0.25170068027210885,1,0
2020,91,56,147,Ba,x,-60264.036,19.748,8183.2405,0.1343,B-,6414.3615,22.466,146.9353039,21.2,False,False,False,False,-60264.036,8183.2405,  35   91   56  147 Ba    x  -60264.036      19.748      8183.2405     0.1343  B-   6414.3615    22.4660  146 935303.900      21.200   ,1202.9363535,0.019742100000000002,0.23809523809523808,0,1
2020,90,57,147,La,x,-66678.397,10.712,8221.5536,0.0729,B-,5335.5046,13.7248,146.9284178,11.5,False,False,False,False,-66678.397,8221.5536,  33   90   57  147 La    x  -66678.397      10.712      8221.5536     0.0729  B-   5335.5046    13.7248  146 928417.800      11.500   ,1208.5683791999998,0.0107163,0.22448979591836735,1,0
2020,89,58,147,Ce,,-72013.902,8.58,8252.5274,0.0584,B-,3430.1913,15.5317,146.9226899,9.211,False,False,False,False,-72013.902,8252.5274,  31   89   58  147 Ce       -72013.902       8.580      8252.5274     0.0584  B-   3430.1913    15.5317  146 922689.900       9.211   ,1213.1215278,0.0085848,0.2108843537414966,0,1
2020,88,59,147,Pr,,-75444.093,15.855,8270.54,0.1079,B-,2702.7013,15.8571,146.919007438,17.02,False,False,False,False,-75444.093,8270.5400,  29   88   59  147 Pr       -75444.093      15.855      8270.5400     0.1079  B-   2702.7013    15.8571  146 919007.438      17.020   ,1215.7693800000002,0.0158613,0.19727891156462585,1,0
2020,87,60,147,Nd,,-78146.794,1.275,8283.6036,0.0087,B-,895.1896,0.5664,146.916105969,1.368,False,False,False,False,-78146.794,8283.6036,  27   87   60  147 Nd       -78146.794       1.275      8283.6036     0.0087  B-    895.1896     0.5664  146 916105.969       1.368   ,1217.6897291999999,0.0012789,0.1836734693877551,0,1
2020,86,61,147,Pm,,-79041.984,1.288,8284.3712,0.0088,B-,224.0638,0.294,146.915144944,1.382,False,False,False,False,-79041.984,8284.3712,  25   86   61  147 Pm       -79041.984       1.288      8284.3712     0.0088  B-    224.0638     0.2940  146 915144.944       1.382   ,1217.8025664,0.0012936,0.17006802721088435,1,0
2020,85,62,147,Sm,,-79266.048,1.262,8280.5734,0.0086,B-,-1721.4367,2.2832,146.914904401,1.354,False,False,False,False,-79266.048,8280.5734,  23   85   62  147 Sm       -79266.048       1.262      8280.5734     0.0086  B-  -1721.4367     2.2832  146 914904.401       1.354   ,1217.2442898,0.0012642,0.1564625850340136,0,1
2020,84,63,147,Eu,,-77544.611,2.569,8263.5409,0.0175,B-,-2187.6833,2.5273,146.91675244,2.758,False,False,False,False,-77544.611,8263.5409,  21   84   63  147 Eu       -77544.611       2.569      8263.5409     0.0175  B-  -2187.6833     2.5273  146 916752.440       2.758   ,1214.7405123,0.0025725,0.14285714285714285,1,0
2020,83,64,147,Gd,,-75356.928,1.887,8243.3366,0.0128,B-,-4614.2543,8.1414,146.919101014,2.025,False,False,False,False,-75356.928,8243.3366,  19   83   64  147 Gd       -75356.928       1.887      8243.3366     0.0128  B-  -4614.2543     8.1414  146 919101.014       2.025   ,1211.7704802,0.0018816000000000002,0.1292517006802721,0,1
2020,82,65,147,Tb,,-70742.674,8.096,8206.625,0.0551,B-,-6546.6266,11.9939,146.92405462,8.691,False,False,False,False,-70742.674,8206.6250,  17   82   65  147 Tb       -70742.674       8.096      8206.6250     0.0551  B-  -6546.6266    11.9939  146 924054.620       8.691   ,1206.373875,0.0080997,0.11564625850340136,1,0
2020,81,66,147,Dy,x,-64196.047,8.849,8156.768,0.0602,B-,-8438.946,10.1644,146.931082712,9.5,False,False,False,False,-64196.047,8156.7680,  15   81   66  147 Dy    x  -64196.047       8.849      8156.7680     0.0602  B-  -8438.9460    10.1644  146 931082.712       9.500   ,1199.0448959999999,0.008849399999999999,0.10204081632653061,0,1
2020,80,67,147,Ho,,-55757.101,5.001,8094.0381,0.034,B-,-9149.2869,38.5173,146.940142293,5.368,False,False,False,False,-55757.101,8094.0381,  13   80   67  147 Ho       -55757.101       5.001      8094.0381     0.0340  B-  -9149.2869    38.5173  146 940142.293       5.368   ,1189.8236007,0.004998,0.08843537414965986,1,0
2020,79,68,147,Er,x,-46607.814,38.191,8026.476,0.2598,B-,-10633.4071,38.7987,146.949964456,41.0,False,False,False,False,-46607.814,8026.4760,  11   79   68  147 Er    x  -46607.814      38.191      8026.4760     0.2598  B- -10633.4071    38.7987  146 949964.456      41.000   ,1179.891972,0.0381906,0.07482993197278912,0,1
2020,78,69,147,Tm,,-35974.407,6.839,7948.8178,0.0465,B-,,,146.961379887,7.341,False,False,False,False,-35974.407,7948.8178,   9   78   69  147 Tm       -35974.407       6.839      7948.8178     0.0465  B-      *                  146 961379.887       7.341   ,1168.4762165999998,0.0068354999999999996,0.061224489795918366,1,0
2020,93,55,148,Cs,x,-46910.95,13.041,8097.5469,0.0881,B-,10633.9614,13.1258,147.949639026,14.0,False,False,False,False,-46910.950,8097.5469,  38   93   55  148 Cs    x  -46910.950      13.041      8097.5469     0.0881  B-  10633.9614    13.1258  147 949639.026      14.000   ,1198.4369412,0.0130388,0.25675675675675674,0,0
2020,92,56,148,Ba,x,-57544.911,1.49,8164.1118,0.0101,B-,5163.8307,19.5252,147.938223,1.6,False,False,False,False,-57544.911,8164.1118,  36   92   56  148 Ba    x  -57544.911       1.490      8164.1118     0.0101  B-   5163.8307    19.5252  147 938223.000       1.600   ,1208.2885463999999,0.0014948,0.24324324324324326,1,1
2020,91,57,148,La,x,-62708.742,19.468,8193.7165,0.1315,B-,7689.6824,22.4573,147.9326794,20.9,False,False,False,False,-62708.742,8193.7165,  34   91   57  148 La    x  -62708.742      19.468      8193.7165     0.1315  B-   7689.6824    22.4573  147 932679.400      20.900   ,1212.6700420000002,0.019462,0.22972972972972974,0,0
2020,90,58,148,Ce,,-70398.424,11.195,8240.3876,0.0756,B-,2137.0282,12.5663,147.924424186,12.017,False,False,False,False,-70398.424,8240.3876,  32   90   58  148 Ce       -70398.424      11.195      8240.3876     0.0756  B-   2137.0282    12.5663  147 924424.186      12.017   ,1219.5773648000002,0.0111888,0.21621621621621623,1,1
2020,89,59,148,Pr,,-72535.452,15.041,8249.5409,0.1016,B-,4872.6133,15.0858,147.922129992,16.147,False,False,False,False,-72535.452,8249.5409,  30   89   59  148 Pr       -72535.452      15.041      8249.5409     0.1016  B-   4872.6133    15.0858  147 922129.992      16.147   ,1220.9320532,0.0150368,0.20270270270270271,0,0
2020,88,60,148,Nd,,-77408.066,2.053,8277.1778,0.0139,B-,-542.1891,5.8755,147.916899027,2.203,False,False,False,False,-77408.066,8277.1778,  28   88   60  148 Nd       -77408.066       2.053      8277.1778     0.0139  B-   -542.1891     5.8755  147 916899.027       2.203   ,1225.0223144000001,0.0020572,0.1891891891891892,1,1
2020,87,61,148,Pm,+p,-76865.877,5.69,8268.2283,0.0384,B-,2470.1898,5.6409,147.917481091,6.108,False,False,False,False,-76865.877,8268.2283,  26   87   61  148 Pm   +p  -76865.877       5.690      8268.2283     0.0384  B-   2470.1898     5.6409  147 917481.091       6.108   ,1223.6977884000003,0.005683199999999999,0.17567567567567569,0,0
2020,86,62,148,Sm,,-79336.067,1.246,8279.6326,0.0084,B-,-3038.5844,9.9657,147.914829233,1.337,False,False,False,False,-79336.067,8279.6326,  24   86   62  148 Sm       -79336.067       1.246      8279.6326     0.0084  B-  -3038.5844     9.9657  147 914829.233       1.337   ,1225.3856248000002,0.0012431999999999999,0.16216216216216217,1,1
2020,85,63,148,Eu,,-76297.482,9.961,8253.8155,0.0673,B-,-28.063,9.9633,147.918091288,10.693,False,False,False,False,-76297.482,8253.8155,  22   85   63  148 Eu       -76297.482       9.961      8253.8155     0.0673  B-    -28.0630     9.9633  147 918091.288      10.693   ,1221.5646940000001,0.0099604,0.14864864864864866,0,0
2020,84,64,148,Gd,,-76269.419,1.46,8248.3398,0.0099,B-,-5732.4723,12.5208,147.918121414,1.566,False,False,False,False,-76269.419,8248.3398,  20   84   64  148 Gd       -76269.419       1.460      8248.3398     0.0099  B-  -5732.4723    12.5208  147 918121.414       1.566   ,1220.7542904,0.0014652,0.13513513513513514,1,1
2020,83,65,148,Tb,,-70536.947,12.463,8204.3207,0.0842,B-,-2677.5501,9.5961,147.924275476,13.379,False,False,False,False,-70536.947,8204.3207,  18   83   65  148 Tb       -70536.947      12.463      8204.3207     0.0842  B-  -2677.5501     9.5961  147 924275.476      13.379   ,1214.2394636000001,0.0124616,0.12162162162162163,0,0
2020,82,66,148,Dy,,-67859.397,8.724,8180.943,0.0589,B-,-9868.2304,84.2872,147.927149944,9.365,False,False,False,False,-67859.397,8180.9430,  16   82   66  148 Dy       -67859.397       8.724      8180.9430     0.0589  B-  -9868.2304    84.2872  147 927149.944       9.365   ,1210.779564,0.0087172,0.10810810810810811,1,1
2020,81,67,148,Ho,x,-57991.166,83.834,8108.9797,0.5664,B-,-6512.1694,84.4583,147.937743925,90.0,False,False,False,False,-57991.166,8108.9797,  14   81   67  148 Ho    x  -57991.166      83.834      8108.9797     0.5664  B-  -6512.1694    84.4583  147 937743.925      90.000   ,1200.1289956,0.0838272,0.0945945945945946,0,0
2020,80,68,148,Er,x,-51478.997,10.246,8059.6924,0.0692,B-,-12713.963,14.4906,147.944735026,11.0,False,False,False,False,-51478.997,8059.6924,  12   80   68  148 Er    x  -51478.997      10.246      8059.6924     0.0692  B- -12713.9630    14.4906  147 944735.026      11.000   ,1192.8344752,0.0102416,0.08108108108108109,1,1
2020,79,69,148,Tm,x,-38765.034,10.246,7968.5011,0.0692,B-,-8535.0,400.0,147.958384026,11.0,False,False,True,False,-38765.034,7968.5011,  10   79   69  148 Tm    x  -38765.034      10.246      7968.5011     0.0692  B-  -8535#       400#      147 958384.026      11.000   ,1179.3381628,0.0102416,0.06756756756756757,0,0
2020,93,56,149,Ba,x,-52830.62,2.515,8131.8495,0.0169,B-,7389.301,200.2781,148.943284,2.7,False,False,False,False,-52830.620,8131.8495,  37   93   56  149 Ba    x  -52830.620       2.515      8131.8495     0.0169  B-   7389.3010   200.2781  148 943284.000       2.700   ,1211.6455755,0.0025180999999999997,0.2483221476510067,0,1
2020,92,57,149,La,+,-60219.921,200.262,8176.1915,1.344,B-,6450.0,200.0,148.935351259,214.99,False,False,False,False,-60219.921,8176.1915,  35   92   57  149 La    +  -60219.921     200.262      8176.1915     1.3440  B-   6450.0000   200.0000  148 935351.259     214.990   ,1218.2525334999998,0.200256,0.2348993288590604,1,0
2020,91,58,149,Ce,x,-66669.921,10.246,8214.2294,0.0688,B-,4369.4525,14.2296,148.9284269,11.0,False,False,False,False,-66669.921,8214.2294,  33   91   58  149 Ce    x  -66669.921      10.246      8214.2294     0.0688  B-   4369.4525    14.2296  148 928426.900      11.000   ,1223.9201806,0.0102512,0.2214765100671141,0,1
2020,90,59,149,Pr,x,-71039.373,9.874,8238.304,0.0663,B-,3336.1617,10.0853,148.9237361,10.6,False,False,False,False,-71039.373,8238.3040,  31   90   59  149 Pr    x  -71039.373       9.874      8238.3040     0.0663  B-   3336.1617    10.0853  148 923736.100      10.600   ,1227.507296,0.0098787,0.2080536912751678,1,0
2020,89,60,149,Nd,-n,-74375.535,2.054,8255.4437,0.0138,B-,1688.8697,2.4588,148.920154583,2.205,False,False,False,False,-74375.535,8255.4437,  29   89   60  149 Nd   -n  -74375.535       2.054      8255.4437     0.0138  B-   1688.8697     2.4588  148 920154.583       2.205   ,1230.0611113,0.0020562,0.19463087248322147,0,1
2020,88,61,149,Pm,,-76064.404,2.184,8261.5277,0.0147,B-,1071.4936,1.8747,148.918341507,2.344,False,False,False,False,-76064.404,8261.5277,  27   88   61  149 Pm       -76064.404       2.184      8261.5277     0.0147  B-   1071.4936     1.8747  148 918341.507       2.344   ,1230.9676273,0.0021903,0.18120805369127516,1,0
2020,87,62,149,Sm,,-77135.898,1.157,8263.4683,0.0078,B-,-694.5812,3.7881,148.917191211,1.241,False,False,False,False,-77135.898,8263.4683,  25   87   62  149 Sm       -77135.898       1.157      8263.4683     0.0078  B-   -694.5812     3.7881  148 917191.211       1.241   ,1231.2567767,0.0011622,0.16778523489932887,0,1
2020,86,63,149,Eu,,-76441.317,3.903,8253.556,0.0262,B-,-1314.1437,4.1361,148.917936875,4.19,False,False,False,False,-76441.317,8253.5560,  23   86   63  149 Eu       -76441.317       3.903      8253.5560     0.0262  B-  -1314.1437     4.1361  148 917936.875       4.190   ,1229.7798440000001,0.0039038000000000002,0.15436241610738255,1,0
2020,85,64,149,Gd,,-75127.173,3.31,8239.4856,0.0222,B-,-3638.5336,4.3388,148.919347666,3.553,False,False,False,False,-75127.173,8239.4856,  21   85   64  149 Gd       -75127.173       3.310      8239.4856     0.0222  B-  -3638.5336     4.3388  148 919347.666       3.553   ,1227.6833544,0.0033078000000000005,0.14093959731543623,0,1
2020,84,65,149,Tb,,-71488.639,3.629,8209.8153,0.0244,B-,-3794.6493,9.1335,148.923253792,3.895,False,False,False,False,-71488.639,8209.8153,  19   84   65  149 Tb       -71488.639       3.629      8209.8153     0.0244  B-  -3794.6493     9.1335  148 923253.792       3.895   ,1223.2624797,0.0036356,0.12751677852348994,1,0
2020,83,66,149,Dy,,-67693.99,9.183,8179.0972,0.0616,B-,-6048.1366,12.7928,148.927327516,9.858,False,False,False,False,-67693.990,8179.0972,  17   83   66  149 Dy       -67693.990       9.183      8179.0972     0.0616  B-  -6048.1366    12.7928  148 927327.516       9.858   ,1218.6854828,0.0091784,0.11409395973154363,0,1
2020,82,67,149,Ho,,-61645.854,11.985,8133.255,0.0804,B-,-7904.2328,30.4066,148.933820457,12.866,False,False,False,False,-61645.854,8133.2550,  15   82   67  149 Ho       -61645.854      11.985      8133.2550     0.0804  B-  -7904.2328    30.4066  148 933820.457      12.866   ,1211.8549950000001,0.0119796,0.10067114093959731,1,0
2020,81,68,149,Er,x,-53741.621,27.945,8074.9558,0.1875,B-,-9801.0,202.0,148.942306,30.0,False,False,True,False,-53741.621,8074.9558,  13   81   68  149 Er    x  -53741.621      27.945      8074.9558     0.1875  B-  -9801#       202#      148 942306.000      30.000   ,1203.1684142,0.0279375,0.087248322147651,0,1
2020,94,56,150,Ba,x,-49889.799,5.682,8111.8405,0.0379,B-,6421.3477,6.2138,149.9464411,6.1,False,False,False,False,-49889.799,8111.8405,  38   94   56  150 Ba    x  -49889.799       5.682      8111.8405     0.0379  B-   6421.3477     6.2138  149 946441.100       6.100   ,1216.776075,0.005685000000000001,0.25333333333333335,1,1
2020,93,57,150,La,x,-56311.147,2.515,8149.4339,0.0168,B-,8535.7155,11.9641,149.9395475,2.7,False,False,False,False,-56311.147,8149.4339,  36   93   57  150 La    x  -56311.147       2.515      8149.4339     0.0168  B-   8535.7155    11.9641  149 939547.500       2.700   ,1222.4150849999999,0.00252,0.24,0,0
2020,92,58,150,Ce,,-64846.863,11.697,8201.123,0.078,B-,3453.6462,14.2913,149.930384032,12.556,False,False,False,False,-64846.863,8201.1230,  34   92   58  150 Ce       -64846.863      11.697      8201.1230     0.0780  B-   3453.6462    14.2913  149 930384.032      12.556   ,1230.16845,0.011699999999999999,0.22666666666666666,1,1
2020,91,59,150,Pr,,-68300.509,9.015,8218.9316,0.0601,B-,5379.4422,9.0682,149.926676391,9.677,False,False,False,False,-68300.509,8218.9316,  32   91   59  150 Pr       -68300.509       9.015      8218.9316     0.0601  B-   5379.4422     9.0682  149 926676.391       9.677   ,1232.83974,0.009015,0.21333333333333335,0,0
2020,90,60,150,Nd,,-73679.951,1.129,8249.5789,0.0075,B-,-82.6155,20.001,149.920901322,1.211,False,False,False,False,-73679.951,8249.5789,  30   90   60  150 Nd       -73679.951       1.129      8249.5789     0.0075  B-    -82.6155    20.0010  149 920901.322       1.211   ,1237.436835,0.001125,0.2,1,1
2020,89,61,150,Pm,+,-73597.336,20.031,8243.8125,0.1335,B-,3454.0,20.0,149.920990014,21.504,False,False,False,False,-73597.336,8243.8125,  28   89   61  150 Pm    +  -73597.336      20.031      8243.8125     0.1335  B-   3454.0000    20.0000  149 920990.014      21.504   ,1236.571875,0.020025,0.18666666666666668,0,0
2020,88,62,150,Sm,,-77051.336,1.112,8261.6235,0.0074,B-,-2258.9662,6.1803,149.917281993,1.193,False,False,False,False,-77051.336,8261.6235,  26   88   62  150 Sm       -77051.336       1.112      8261.6235     0.0074  B-  -2258.9662     6.1803  149 917281.993       1.193   ,1239.2435249999999,0.00111,0.17333333333333334,1,1
2020,87,63,150,Eu,,-74792.369,6.231,8241.3481,0.0415,B-,971.6815,3.5428,149.919707092,6.688,False,False,False,False,-74792.369,8241.3481,  24   87   63  150 Eu       -74792.369       6.231      8241.3481     0.0415  B-    971.6815     3.5428  149 919707.092       6.688   ,1236.2022149999998,0.0062250000000000005,0.16,0,0
2020,86,64,150,Gd,,-75764.051,6.055,8242.6103,0.0404,B-,-4658.2621,8.3784,149.918663949,6.5,False,False,False,False,-75764.051,8242.6103,  22   86   64  150 Gd       -75764.051       6.055      8242.6103     0.0404  B-  -4658.2621     8.3784  149 918663.949       6.500   ,1236.391545,0.006059999999999999,0.14666666666666667,1,1
2020,85,65,150,Tb,,-71105.789,7.371,8206.3396,0.0491,B-,-1796.1707,8.3886,149.923664799,7.912,False,False,False,False,-71105.789,8206.3396,  20   85   65  150 Tb       -71105.789       7.371      8206.3396     0.0491  B-  -1796.1707     8.3886  149 923664.799       7.912   ,1230.95094,0.007364999999999999,0.13333333333333333,0,0
2020,84,66,150,Dy,,-69309.618,4.319,8189.1495,0.0288,B-,-7363.7264,14.4629,149.925593068,4.636,False,False,False,False,-69309.618,8189.1495,  18   84   66  150 Dy       -69309.618       4.319      8189.1495     0.0288  B-  -7363.7264    14.4629  149 925593.068       4.636   ,1228.372425,0.00432,0.12,1,1
2020,83,67,150,Ho,,-61945.892,14.168,8134.8423,0.0945,B-,-4114.5689,13.591,149.933498353,15.209,False,False,False,False,-61945.892,8134.8423,  16   83   67  150 Ho       -61945.892      14.168      8134.8423     0.0945  B-  -4114.5689    13.5910  149 933498.353      15.209   ,1220.226345,0.014175,0.10666666666666667,0,0
2020,82,68,150,Er,,-57831.323,17.194,8102.1962,0.1146,B-,-11340.0,196.0,149.937915524,18.458,False,False,True,False,-57831.323,8102.1962,  14   82   68  150 Er       -57831.323      17.194      8102.1962     0.1146  B- -11340#       196#      149 937915.524      18.458   ,1215.32943,0.017189999999999997,0.09333333333333334,1,1
2020,94,57,151,La,x,-53310.339,435.473,8129.0436,2.8839,B-,7914.7191,435.833,150.942769,467.5,False,False,False,False,-53310.339,8129.0436,  37   94   57  151 La    x  -53310.339     435.473      8129.0436     2.8839  B-   7914.7191   435.8330  150 942769.000     467.500   ,1227.4855836,0.4354689,0.24503311258278146,1,0
2020,93,58,151,Ce,x,-61225.058,17.698,8176.2779,0.1172,B-,5554.6233,21.1885,150.9342722,19.0,False,False,False,False,-61225.058,8176.2779,  35   93   58  151 Ce    x  -61225.058      17.698      8176.2779     0.1172  B-   5554.6233    21.1885  150 934272.200      19.000   ,1234.6179628999998,0.0176972,0.23178807947019867,0,1
2020,92,59,151,Pr,,-66779.681,11.65,8207.8824,0.0772,B-,4163.5021,11.6789,150.928309066,12.506,False,False,False,False,-66779.681,8207.8824,  33   92   59  151 Pr       -66779.681      11.650      8207.8824     0.0772  B-   4163.5021    11.6789  150 928309.066      12.506   ,1239.3902424,0.011657200000000001,0.2185430463576159,1,0
2020,91,60,151,Nd,,-70943.183,1.133,8230.2741,0.0075,B-,2443.0767,4.4734,150.923839363,1.215,False,False,False,False,-70943.183,8230.2741,  31   91   60  151 Nd       -70943.183       1.133      8230.2741     0.0075  B-   2443.0767     4.4734  150 923839.363       1.215   ,1242.7713891,0.0011325,0.2052980132450331,0,1
2020,90,61,151,Pm,,-73386.26,4.611,8241.2723,0.0305,B-,1190.2198,4.4757,150.921216613,4.949,False,False,False,False,-73386.260,8241.2723,  29   90   61  151 Pm       -73386.260       4.611      8241.2723     0.0305  B-   1190.2198     4.4757  150 921216.613       4.949   ,1244.4321173,0.0046055,0.19205298013245034,1,0
2020,89,62,151,Sm,,-74576.48,1.11,8243.9735,0.0074,B-,76.6182,0.5375,150.919938859,1.191,False,False,False,False,-74576.480,8243.9735,  27   89   62  151 Sm       -74576.480       1.110      8243.9735     0.0074  B-     76.6182     0.5375  150 919938.859       1.191   ,1244.8399985,0.0011174,0.17880794701986755,0,1
2020,88,63,151,Eu,,-74653.098,1.166,8239.2998,0.0077,B-,-464.1779,2.7791,150.919856606,1.251,False,False,False,False,-74653.098,8239.2998,  25   88   63  151 Eu       -74653.098       1.166      8239.2998     0.0077  B-   -464.1779     2.7791  150 919856.606       1.251   ,1244.1342698,0.0011627,0.16556291390728478,1,0
2020,87,64,151,Gd,,-74188.92,2.993,8231.0446,0.0198,B-,-2565.3796,3.7615,150.920354922,3.212,False,False,False,False,-74188.920,8231.0446,  23   87   64  151 Gd       -74188.920       2.993      8231.0446     0.0198  B-  -2565.3796     3.7615  150 920354.922       3.212   ,1242.8877346,0.0029898000000000004,0.152317880794702,0,1
2020,86,65,151,Tb,,-71623.541,4.094,8208.8743,0.0271,B-,-2871.1525,4.9455,150.92310897,4.395,False,False,False,False,-71623.541,8208.8743,  21   86   65  151 Tb       -71623.541       4.094      8208.8743     0.0271  B-  -2871.1525     4.9455  150 923108.970       4.395   ,1239.5400192999998,0.0040921,0.1390728476821192,1,0
2020,85,66,151,Dy,-a,-68752.388,3.247,8184.6789,0.0215,B-,-5129.6421,8.7507,150.926191279,3.486,False,False,False,False,-68752.388,8184.6789,  19   85   66  151 Dy   -a  -68752.388       3.247      8184.6789     0.0215  B-  -5129.6421     8.7507  150 926191.279       3.486   ,1235.8865139,0.0032465,0.12582781456953643,0,1
2020,84,67,151,Ho,-a,-63622.746,8.298,8145.5267,0.055,B-,-5356.4558,18.442,150.931698176,8.908,False,False,False,False,-63622.746,8145.5267,  17   84   67  151 Ho   -a  -63622.746       8.298      8145.5267     0.0550  B-  -5356.4558    18.4420  150 931698.176       8.908   ,1229.9745317000002,0.008305,0.11258278145695365,1,0
2020,83,68,151,Er,x,-58266.29,16.47,8104.8723,0.1091,B-,-7494.6768,25.4292,150.937448567,17.681,False,False,False,False,-58266.290,8104.8723,  15   83   68  151 Er    x  -58266.290      16.470      8104.8723     0.1091  B-  -7494.6768    25.4292  150 937448.567      17.681   ,1223.8357173,0.0164741,0.09933774834437085,0,1
2020,82,69,151,Tm,,-50771.613,19.375,8050.0576,0.1283,B-,-9229.2615,300.1329,150.945494433,20.799,False,False,False,False,-50771.613,8050.0576,  13   82   69  151 Tm       -50771.613      19.375      8050.0576     0.1283  B-  -9229.2615   300.1329  150 945494.433      20.799   ,1215.5586976,0.0193733,0.08609271523178808,1,0
2020,81,70,151,Yb,ep,-41542.352,300.492,7983.7556,1.99,B-,-11242.0,425.0,150.955402453,322.591,False,False,True,False,-41542.352,7983.7556,  11   81   70  151 Yb   ep  -41542.352     300.492      7983.7556     1.9900  B- -11242#       425#      150 955402.453     322.591   ,1205.5470956000001,0.30049000000000003,0.0728476821192053,0,1
2020,93,59,152,Pr,x,-63758.07,18.537,8187.1049,0.122,B-,6391.5934,30.7035,151.9315529,19.9,False,False,False,False,-63758.070,8187.1049,  34   93   59  152 Pr    x  -63758.070      18.537      8187.1049     0.1220  B-   6391.5934    30.7035  151 931552.900      19.900   ,1244.4399448,0.018544,0.2236842105263158,0,0
2020,92,60,152,Nd,,-70149.663,24.476,8224.0078,0.161,B-,1104.805,18.5011,151.924691242,26.276,False,False,False,False,-70149.663,8224.0078,  32   92   60  152 Nd       -70149.663      24.476      8224.0078     0.1610  B-   1104.8050    18.5011  151 924691.242      26.276   ,1250.0491855999999,0.024472,0.21052631578947367,1,1
2020,91,61,152,Pm,,-71254.468,25.904,8226.1293,0.1704,B-,3508.5089,25.8859,151.923505185,27.809,False,False,False,False,-71254.468,8226.1293,  30   91   61  152 Pm       -71254.468      25.904      8226.1293     0.1704  B-   3508.5089    25.8859  151 923505.185      27.809   ,1250.3716536000002,0.0259008,0.19736842105263158,0,0
2020,90,62,152,Sm,,-74762.977,1.016,8244.0645,0.0067,B-,-1874.4774,0.6857,151.919738646,1.09,False,False,False,False,-74762.977,8244.0645,  28   90   62  152 Sm       -74762.977       1.016      8244.0645     0.0067  B-  -1874.4774     0.6857  151 919738.646       1.090   ,1253.097804,0.0010184,0.18421052631578946,1,1
2020,89,63,152,Eu,,-72888.5,1.166,8226.5854,0.0077,B-,1818.8037,0.7002,151.92175098,1.252,False,False,False,False,-72888.500,8226.5854,  26   89   63  152 Eu       -72888.500       1.166      8226.5854     0.0077  B-   1818.8037     0.7002  151 921750.980       1.252   ,1250.4409808,0.0011704,0.17105263157894737,0,0
2020,88,64,152,Gd,,-74707.304,1.007,8233.4042,0.0066,B-,-3990.0,40.0,151.919798414,1.081,False,False,False,False,-74707.304,8233.4042,  24   88   64  152 Gd       -74707.304       1.007      8233.4042     0.0066  B-  -3990.0000    40.0000  151 919798.414       1.081   ,1251.4774384000002,0.0010032,0.15789473684210525,1,1
2020,87,65,152,Tb,-,-70717.304,40.013,8202.0072,0.2632,B-,-599.3405,40.2575,151.924081855,42.955,False,False,False,False,-70717.304,8202.0072,  22   87   65  152 Tb    -  -70717.304      40.013      8202.0072     0.2632  B-   -599.3405    40.2575  151 924081.855      42.955   ,1246.7050944,0.0400064,0.14473684210526316,0,0
2020,86,66,152,Dy,-a,-70117.963,4.593,8192.9171,0.0302,B-,-6513.3275,13.3176,151.924725274,4.93,False,False,False,False,-70117.963,8192.9171,  20   86   66  152 Dy   -a  -70117.963       4.593      8192.9171     0.0302  B-  -6513.3275    13.3176  151 924725.274       4.930   ,1245.3233992,0.0045904,0.13157894736842105,1,1
2020,85,67,152,Ho,,-63604.636,12.528,8144.9193,0.0824,B-,-3104.4174,9.815,151.931717618,13.449,False,False,False,False,-63604.636,8144.9193,  18   85   67  152 Ho       -63604.636      12.528      8144.9193     0.0824  B-  -3104.4174     9.8150  151 931717.618      13.449   ,1238.0277336,0.0125248,0.11842105263157894,0,0
2020,84,68,152,Er,,-60500.218,8.83,8119.3485,0.0581,B-,-8779.9397,54.7434,151.935050347,9.478,False,False,False,False,-60500.218,8119.3485,  16   84   68  152 Er       -60500.218       8.830      8119.3485     0.0581  B-  -8779.9397    54.7434  151 935050.347       9.478   ,1234.1409720000001,0.008831199999999999,0.10526315789473684,1,1
2020,83,69,152,Tm,,-51720.279,54.027,8056.4387,0.3554,B-,-5449.8923,139.62,151.944476,58.0,False,False,False,False,-51720.279,8056.4387,  14   83   69  152 Tm       -51720.279      54.027      8056.4387     0.3554  B-  -5449.8923   139.6200  151 944476.000      58.000   ,1224.5786824000002,0.0540208,0.09210526315789473,0,0
2020,82,70,152,Yb,,-46270.386,149.708,8015.4371,0.9849,B-,-12848.0,246.0,151.950326699,160.718,False,False,True,False,-46270.386,8015.4371,  12   82   70  152 Yb       -46270.386     149.708      8015.4371     0.9849  B- -12848#       246#      151 950326.699     160.718   ,1218.3464391999998,0.1497048,0.07894736842105263,1,1
2020,94,59,153,Pr,,-61568.49,11.882,8172.0371,0.0777,B-,5761.8901,12.1896,152.933903511,12.755,False,False,False,False,-61568.490,8172.0371,  35   94   59  153 Pr       -61568.490      11.882      8172.0371     0.0777  B-   5761.8901    12.1896  152 933903.511      12.755   ,1250.3216763,0.011888100000000002,0.22875816993464052,1,0
2020,93,60,153,Nd,,-67330.38,2.747,8204.5832,0.018,B-,3317.6236,9.3521,152.927717868,2.949,False,False,False,False,-67330.380,8204.5832,  33   93   60  153 Nd       -67330.380       2.747      8204.5832     0.0180  B-   3317.6236     9.3521  152 927717.868       2.949   ,1255.3012296,0.002754,0.21568627450980393,0,1
2020,92,61,153,Pm,,-70648.003,9.063,8221.1536,0.0592,B-,1912.0559,9.0829,152.924156252,9.729,False,False,False,False,-70648.003,8221.1536,  31   92   61  153 Pm       -70648.003       9.063      8221.1536     0.0592  B-   1912.0559     9.0829  152 924156.252       9.729   ,1257.8365008,0.0090576,0.20261437908496732,1,0
2020,91,62,153,Sm,-n,-72560.059,1.025,8228.5373,0.0067,B-,807.4073,0.7063,152.922103576,1.1,False,False,False,False,-72560.059,8228.5373,  29   91   62  153 Sm   -n  -72560.059       1.025      8228.5373     0.0067  B-    807.4073     0.7063  152 922103.576       1.100   ,1258.9662069,0.0010251000000000001,0.1895424836601307,0,1
2020,90,63,153,Eu,,-73367.466,1.171,8228.7011,0.0077,B-,-484.5225,0.715,152.921236789,1.257,False,False,False,False,-73367.466,8228.7011,  27   90   63  153 Eu       -73367.466       1.171      8228.7011     0.0077  B-   -484.5225     0.7150  152 921236.789       1.257   ,1258.9912683,0.0011781,0.17647058823529413,1,0
2020,89,64,153,Gd,,-72882.944,1.002,8220.4209,0.0066,B-,-1569.334,3.8444,152.921756945,1.075,False,False,False,False,-72882.944,8220.4209,  25   89   64  153 Gd       -72882.944       1.002      8220.4209     0.0066  B-  -1569.3340     3.8444  152 921756.945       1.075   ,1257.7243976999998,0.0010098,0.16339869281045752,0,1
2020,88,65,153,Tb,,-71313.61,3.947,8205.0504,0.0258,B-,-2170.4134,1.9335,152.923441694,4.237,False,False,False,False,-71313.610,8205.0504,  23   88   65  153 Tb       -71313.610       3.947      8205.0504     0.0258  B-  -2170.4134     1.9335  152 923441.694       4.237   ,1255.3727112,0.0039474,0.1503267973856209,1,0
2020,87,66,153,Dy,,-69143.197,4.001,8185.7514,0.0262,B-,-4131.1229,6.1571,152.925771729,4.295,False,False,False,False,-69143.197,8185.7514,  21   87   66  153 Dy       -69143.197       4.001      8185.7514     0.0262  B-  -4131.1229     6.1571  152 925771.729       4.295   ,1252.4199642,0.0040086,0.13725490196078433,0,1
2020,86,67,153,Ho,-a,-65012.074,5.066,8153.6372,0.0331,B-,-4545.3918,9.8899,152.930206671,5.438,False,False,False,False,-65012.074,8153.6372,  19   86   67  153 Ho   -a  -65012.074       5.066      8153.6372     0.0331  B-  -4545.3918     9.8899  152 930206.671       5.438   ,1247.5064916000001,0.005064299999999999,0.12418300653594772,1,0
2020,85,68,153,Er,,-60466.682,9.285,8118.8154,0.0607,B-,-6494.0723,12.8812,152.93508635,9.967,False,False,False,False,-60466.682,8118.8154,  17   85   68  153 Er       -60466.682       9.285      8118.8154     0.0607  B-  -6494.0723    12.8812  152 935086.350       9.967   ,1242.1787562000002,0.0092871,0.1111111111111111,0,1
2020,84,69,153,Tm,,-53972.61,11.979,8071.2571,0.0783,B-,-6813.0,201.0,152.942058023,12.86,False,False,True,False,-53972.610,8071.2571,  15   84   69  153 Tm       -53972.610      11.979      8071.2571     0.0783  B-  -6813#       201#      152 942058.023      12.860   ,1234.9023363000001,0.011979899999999998,0.09803921568627451,1,0
2020,82,71,153,Lu,+a,-38375.462,150.017,7959.0882,0.9805,B-,-11075.0,335.0,152.958802248,161.05,False,False,True,False,-38375.462,7959.0882,  11   82   71  153 Lu   +a  -38375.462     150.017      7959.0882     0.9805  B- -11075#       335#      152 958802.248     161.050   ,1217.7404946000001,0.1500165,0.0718954248366013,1,0
2020,95,59,154,Pr,+,-57859.602,100.005,8147.2994,0.6494,B-,7720.0,100.0,153.937885165,107.36,False,False,False,False,-57859.602,8147.2994,  36   95   59  154 Pr    +  -57859.602     100.005      8147.2994     0.6494  B-   7720.0000   100.0000  153 937885.165     107.360   ,1254.6841076,0.1000076,0.23376623376623376,0,0
2020,94,60,154,Nd,x,-65579.602,1.025,8192.3491,0.0067,B-,2687.0,25.0,153.929597404,1.1,False,False,False,False,-65579.602,8192.3491,  34   94   60  154 Nd    x  -65579.602       1.025      8192.3491     0.0067  B-   2687.0000    25.0000  153 929597.404       1.100   ,1261.6217614,0.0010318,0.22077922077922077,1,1
2020,93,61,154,Pm,-,-68266.602,25.021,8204.717,0.1625,B-,4188.9614,25.055,153.926712791,26.861,False,False,False,False,-68266.602,8204.7170,  32   93   61  154 Pm    -  -68266.602      25.021      8204.7170     0.1625  B-   4188.9614    25.0550  153 926712.791      26.861   ,1263.5264180000001,0.025025000000000002,0.2077922077922078,0,0
2020,92,62,154,Sm,,-72455.564,1.305,8226.8379,0.0085,B-,-717.1969,1.1019,153.922215756,1.4,False,False,False,False,-72455.564,8226.8379,  30   92   62  154 Sm       -72455.564       1.305      8226.8379     0.0085  B-   -717.1969     1.1019  153 922215.756       1.400   ,1266.9330366,0.0013090000000000003,0.19480519480519481,1,1
2020,91,63,154,Eu,,-71738.367,1.188,8217.1006,0.0077,B-,1967.9913,0.7535,153.922985699,1.275,False,False,False,False,-71738.367,8217.1006,  28   91   63  154 Eu       -71738.367       1.188      8217.1006     0.0077  B-   1967.9913     0.7535  153 922985.699       1.275   ,1265.4334924,0.0011857999999999999,0.18181818181818182,0,0
2020,90,64,154,Gd,,-73706.358,0.994,8224.7996,0.0065,B-,-3549.6514,45.2983,153.920872974,1.066,False,False,False,False,-73706.358,8224.7996,  26   90   64  154 Gd       -73706.358       0.994      8224.7996     0.0065  B-  -3549.6514    45.2983  153 920872.974       1.066   ,1266.6191384,0.001001,0.16883116883116883,1,1
2020,89,65,154,Tb,-,-70156.707,45.309,8196.6697,0.2942,B-,237.308,45.9008,153.924683681,48.641,False,False,False,False,-70156.707,8196.6697,  24   89   65  154 Tb    -  -70156.707      45.309      8196.6697     0.2942  B-    237.3080    45.9008  153 924683.681      48.641   ,1262.2871338,0.0453068,0.15584415584415584,0,0
2020,88,66,154,Dy,,-70394.015,7.431,8193.1305,0.0483,B-,-5754.6363,10.1785,153.92442892,7.977,False,False,False,False,-70394.015,8193.1305,  22   88   66  154 Dy       -70394.015       7.431      8193.1305     0.0483  B-  -5754.6363    10.1785  153 924428.920       7.977   ,1261.7420969999998,0.0074382,0.14285714285714285,1,1
2020,87,67,154,Ho,-a,-64639.378,8.216,8150.6825,0.0534,B-,-2034.4045,9.4621,153.930606776,8.82,False,False,False,False,-64639.378,8150.6825,  20   87   67  154 Ho   -a  -64639.378       8.216      8150.6825     0.0534  B-  -2034.4045     9.4621  153 930606.776       8.820   ,1255.205105,0.008223600000000001,0.12987012987012986,0,0
2020,86,68,154,Er,,-62604.974,4.961,8132.3919,0.0322,B-,-8177.8316,14.9113,153.932790799,5.325,False,False,False,False,-62604.974,8132.3919,  18   86   68  154 Er       -62604.974       4.961      8132.3919     0.0322  B-  -8177.8316    14.9113  153 932790.799       5.325   ,1252.3883526,0.0049588,0.11688311688311688,1,1
2020,85,69,154,Tm,-a,-54427.142,14.412,8074.209,0.0936,B-,-4495.0495,13.9528,153.941570062,15.471,False,False,False,False,-54427.142,8074.2090,  16   85   69  154 Tm   -a  -54427.142      14.412      8074.2090     0.0936  B-  -4495.0495    13.9528  153 941570.062      15.471   ,1243.428186,0.0144144,0.1038961038961039,0,0
2020,84,70,154,Yb,,-49932.093,17.281,8039.9402,0.1122,B-,-10265.0,201.0,153.946395696,18.551,False,False,True,False,-49932.093,8039.9402,  14   84   70  154 Yb       -49932.093      17.281      8039.9402     0.1122  B- -10265#       201#      153 946395.696      18.551   ,1238.1507908,0.0172788,0.09090909090909091,1,1
2020,96,59,155,Pr,,-55415.335,17.198,8131.0398,0.111,B-,6868.4609,19.4725,154.940509193,18.462,False,False,False,False,-55415.335,8131.0398,  37   96   59  155 Pr       -55415.335      17.198      8131.0398     0.1110  B-   6868.4609    19.4725  154 940509.193      18.462   ,1260.311169,0.017205,0.23870967741935484,1,0
2020,95,60,155,Nd,,-62283.796,9.154,8170.305,0.0591,B-,4656.2095,10.2781,154.933135598,9.826,False,False,False,False,-62283.796,8170.3050,  35   95   60  155 Nd       -62283.796       9.154      8170.3050     0.0591  B-   4656.2095    10.2781  154 933135.598       9.826   ,1266.397275,0.0091605,0.22580645161290322,0,1
2020,94,61,155,Pm,,-66940.006,4.719,8195.2977,0.0304,B-,3251.1999,4.9024,154.928136951,5.065,False,False,False,False,-66940.006,8195.2977,  33   94   61  155 Pm       -66940.006       4.719      8195.2977     0.0304  B-   3251.1999     4.9024  154 928136.951       5.065   ,1270.2711434999999,0.004712,0.2129032258064516,1,0
2020,93,62,155,Sm,-n,-70191.206,1.332,8211.2258,0.0086,B-,1627.1314,1.2016,154.924646645,1.429,False,False,False,False,-70191.206,8211.2258,  31   93   62  155 Sm   -n  -70191.206       1.332      8211.2258     0.0086  B-   1627.1314     1.2016  154 924646.645       1.429   ,1272.7399990000001,0.001333,0.2,0,1
2020,92,63,155,Eu,,-71818.337,1.252,8216.676,0.0081,B-,251.9612,0.8682,154.922899847,1.343,False,False,False,False,-71818.337,8216.6760,  29   92   63  155 Eu       -71818.337       1.252      8216.6760     0.0081  B-    251.9612     0.8682  154 922899.847       1.343   ,1273.5847800000001,0.0012554999999999999,0.1870967741935484,1,0
2020,91,64,155,Gd,,-72070.298,0.983,8213.2541,0.0063,B-,-819.8588,9.7884,154.922629356,1.055,False,False,False,False,-72070.298,8213.2541,  27   91   64  155 Gd       -72070.298       0.983      8213.2541     0.0063  B-   -819.8588     9.7884  154 922629.356       1.055   ,1273.0543855,0.0009765,0.17419354838709677,0,1
2020,90,65,155,Tb,+,-71250.439,9.83,8202.9173,0.0634,B-,-2094.5,1.8974,154.923509511,10.552,False,False,False,False,-71250.439,8202.9173,  25   90   65  155 Tb    +  -71250.439       9.830      8202.9173     0.0634  B-  -2094.5000     1.8974  154 923509.511      10.552   ,1271.4521815,0.009827,0.16129032258064516,1,0
2020,89,66,155,Dy,,-69155.939,9.645,8184.357,0.0622,B-,-3116.1405,16.5887,154.925758049,10.354,False,False,False,False,-69155.939,8184.3570,  23   89   66  155 Dy       -69155.939       9.645      8184.3570     0.0622  B-  -3116.1405    16.5887  154 925758.049      10.354   ,1268.575335,0.009641,0.14838709677419354,0,1
2020,88,67,155,Ho,,-66039.799,17.47,8159.2055,0.1127,B-,-3830.6268,18.473,154.929103363,18.754,False,False,False,False,-66039.799,8159.2055,  21   88   67  155 Ho       -66039.799      17.470      8159.2055     0.1127  B-  -3830.6268    18.4730  154 929103.363      18.754   ,1264.6768525,0.017468499999999998,0.13548387096774195,1,0
2020,87,68,155,Er,-a,-62209.172,6.074,8129.4444,0.0392,B-,-5583.2509,11.5109,154.93321571,6.52,False,False,False,False,-62209.172,8129.4444,  19   87   68  155 Er   -a  -62209.172       6.074      8129.4444     0.0392  B-  -5583.2509    11.5109  154 933215.710       6.520   ,1260.063882,0.006076,0.12258064516129032,0,1
2020,86,69,155,Tm,-a,-56625.921,9.921,8088.376,0.064,B-,-6123.3072,19.3388,154.939209576,10.651,False,False,False,False,-56625.921,8088.3760,  17   86   69  155 Tm   -a  -56625.921       9.921      8088.3760     0.0640  B-  -6123.3072    19.3388  154 939209.576      10.651   ,1253.69828,0.00992,0.10967741935483871,1,0
2020,85,70,155,Yb,-a,-50502.614,16.6,8043.8234,0.1071,B-,-7957.5578,25.4153,154.945783216,17.82,False,False,False,False,-50502.614,8043.8234,  15   85   70  155 Yb   -a  -50502.614      16.600      8043.8234     0.1071  B-  -7957.5578    25.4153  154 945783.216      17.820   ,1246.792627,0.0166005,0.0967741935483871,0,1
2020,84,71,155,Lu,,-42545.056,19.245,7987.4369,0.1242,B-,-8235.0,301.0,154.954326005,20.66,False,False,True,False,-42545.056,7987.4369,  13   84   71  155 Lu       -42545.056      19.245      7987.4369     0.1242  B-  -8235#       301#      154 954326.005      20.660   ,1238.0527195,0.019251,0.08387096774193549,1,0
2020,97,59,156,Pr,x,-51449.307,1.025,8105.2337,0.0066,B-,8752.8229,1.6585,155.9447669,1.1,False,False,False,False,-51449.307,8105.2337,  38   97   59  156 Pr    x  -51449.307       1.025      8105.2337     0.0066  B-   8752.8229     1.6585  155 944766.900       1.100   ,1264.4164572,0.0010296,0.24358974358974358,0,0
2020,96,60,156,Nd,x,-60202.13,1.304,8156.3265,0.0084,B-,3964.7175,1.7642,155.935370358,1.4,False,False,False,False,-60202.130,8156.3265,  36   96   60  156 Nd    x  -60202.130       1.304      8156.3265     0.0084  B-   3964.7175     1.7642  155 935370.358       1.400   ,1272.386934,0.0013104,0.23076923076923078,1,1
2020,95,61,156,Pm,,-64166.847,1.188,8176.7263,0.0076,B-,5193.8878,8.6044,155.931114059,1.275,False,False,False,False,-64166.847,8176.7263,  34   95   61  156 Pm       -64166.847       1.188      8176.7263     0.0076  B-   5193.8878     8.6044  155 931114.059       1.275   ,1275.5693028,0.0011856,0.21794871794871795,0,0
2020,94,62,156,Sm,,-69360.735,8.522,8205.0054,0.0546,B-,722.109,7.9025,155.925538191,9.148,False,False,False,False,-69360.735,8205.0054,  32   94   62  156 Sm       -69360.735       8.522      8205.0054     0.0546  B-    722.1090     7.9025  155 925538.191       9.148   ,1279.9808424,0.0085176,0.20512820512820512,1,1
2020,93,63,156,Eu,,-70082.844,3.532,8204.6192,0.0226,B-,2452.4891,3.4083,155.924762976,3.791,False,False,False,False,-70082.844,8204.6192,  30   93   63  156 Eu       -70082.844       3.532      8204.6192     0.0226  B-   2452.4891     3.4083  155 924762.976       3.791   ,1279.9205951999998,0.0035256,0.19230769230769232,0,0
2020,92,64,156,Gd,,-72535.333,0.983,8215.3253,0.0063,B-,-2444.323,3.6774,155.92213012,1.054,False,False,False,False,-72535.333,8215.3253,  28   92   64  156 Gd       -72535.333       0.983      8215.3253     0.0063  B-  -2444.3230     3.6774  155 922130.120       1.054   ,1281.5907468,0.0009828,0.1794871794871795,1,1
2020,91,65,156,Tb,,-70091.01,3.768,8194.6415,0.0242,B-,438.3762,3.6789,155.924754209,4.044,False,False,False,False,-70091.010,8194.6415,  26   91   65  156 Tb       -70091.010       3.768      8194.6415     0.0242  B-    438.3762     3.6789  155 924754.209       4.044   ,1278.364074,0.0037752,0.16666666666666666,0,0
2020,90,66,156,Dy,,-70529.386,0.988,8192.4366,0.0063,B-,-4990.9836,38.4111,155.924283593,1.06,False,False,False,False,-70529.386,8192.4366,  24   90   66  156 Dy       -70529.386       0.988      8192.4366     0.0063  B-  -4990.9836    38.4111  155 924283.593       1.060   ,1278.0201096,0.0009828,0.15384615384615385,1,1
2020,89,67,156,Ho,-,-65538.403,38.424,8155.428,0.2463,B-,-1326.7201,45.6391,155.929641634,41.249,False,False,False,False,-65538.403,8155.4280,  22   89   67  156 Ho    -  -65538.403      38.424      8155.4280     0.2463  B-  -1326.7201    45.6391  155 929641.634      41.249   ,1272.246768,0.03842279999999999,0.14102564102564102,0,0
2020,88,68,156,Er,,-64211.683,24.629,8141.9084,0.1579,B-,-7377.2657,26.7099,155.931065926,26.44,False,False,False,False,-64211.683,8141.9084,  20   88   68  156 Er       -64211.683      24.629      8141.9084     0.1579  B-  -7377.2657    26.7099  155 931065.926      26.440   ,1270.1377104,0.024632400000000002,0.1282051282051282,1,1
2020,87,69,156,Tm,,-56834.417,14.279,8089.6032,0.0915,B-,-3568.8794,12.5484,155.938985746,15.328,False,False,False,False,-56834.417,8089.6032,  18   87   69  156 Tm       -56834.417      14.279      8089.6032     0.0915  B-  -3568.8794    12.5484  155 938985.746      15.328   ,1261.9780991999999,0.014273999999999998,0.11538461538461539,0,0
2020,86,70,156,Yb,,-53265.538,9.308,8061.7107,0.0597,B-,-9565.988,54.9162,155.942817096,9.992,False,False,False,False,-53265.538,8061.7107,  16   86   70  156 Yb       -53265.538       9.308      8061.7107     0.0597  B-  -9565.9880    54.9162  155 942817.096       9.992   ,1257.6268691999999,0.0093132,0.10256410256410256,1,1
2020,85,71,156,Lu,-a,-43699.55,54.122,7995.3752,0.3469,B-,-5880.0352,139.6908,155.953086606,58.102,False,False,False,False,-43699.550,7995.3752,  14   85   71  156 Lu   -a  -43699.550      54.122      7995.3752     0.3469  B-  -5880.0352   139.6908  155 953086.606      58.102   ,1247.2785312,0.0541164,0.08974358974358974,0,0
2020,84,72,156,Hf,,-37819.514,149.74,7952.6676,0.9599,B-,-11819.0,335.0,155.959399083,160.752,False,False,True,False,-37819.514,7952.6676,  12   84   72  156 Hf       -37819.514     149.740      7952.6676     0.9599  B- -11819#       335#      155 959399.083     160.752   ,1240.6161456,0.14974439999999997,0.07692307692307693,1,1
2020,98,59,157,Pr,x,-48434.806,3.167,8085.817,0.0202,B-,8059.3109,3.8207,156.9480031,3.4,False,False,False,False,-48434.806,8085.8170,  39   98   59  157 Pr    x  -48434.806       3.167      8085.8170     0.0202  B-   8059.3109     3.8207  156 948003.100       3.400   ,1269.473269,0.0031713999999999996,0.2484076433121019,1,0
2020,97,60,157,Nd,,-56494.117,2.137,8132.1671,0.0136,B-,5802.9994,7.3246,156.939351074,2.294,False,False,False,False,-56494.117,8132.1671,  37   97   60  157 Nd       -56494.117       2.137      8132.1671     0.0136  B-   5802.9994     7.3246  156 939351.074       2.294   ,1276.7502347,0.0021352,0.2356687898089172,0,1
2020,96,61,157,Pm,,-62297.116,7.006,8164.1458,0.0446,B-,4380.5376,8.265,156.933121298,7.521,False,False,False,False,-62297.116,8164.1458,  35   96   61  157 Pm       -62297.116       7.006      8164.1458     0.0446  B-   4380.5376     8.2650  156 933121.298       7.521   ,1281.7708906,0.0070022,0.2229299363057325,1,0
2020,95,62,157,Sm,,-66677.654,4.434,8187.0642,0.0282,B-,2781.4807,6.1191,156.928418598,4.759,False,False,False,False,-66677.654,8187.0642,  33   95   62  157 Sm       -66677.654       4.434      8187.0642     0.0282  B-   2781.4807     6.1191  156 928418.598       4.759   ,1285.3690794,0.0044274,0.21019108280254778,0,1
2020,94,63,157,Eu,,-69459.134,4.234,8199.7975,0.027,B-,1364.7614,4.1973,156.925432556,4.545,False,False,False,False,-69459.134,8199.7975,  31   94   63  157 Eu       -69459.134       4.234      8199.7975     0.0270  B-   1364.7614     4.1973  156 925432.556       4.545   ,1287.3682075,0.004239,0.19745222929936307,1,0
2020,93,64,157,Gd,,-70823.896,0.977,8203.5072,0.0062,B-,-60.0473,0.2972,156.923967424,1.048,False,False,False,False,-70823.896,8203.5072,  29   93   64  157 Gd       -70823.896       0.977      8203.5072     0.0062  B-    -60.0473     0.2972  156 923967.424       1.048   ,1287.9506304,0.0009733999999999999,0.18471337579617833,0,1
2020,92,65,157,Tb,,-70763.848,1.018,8198.1416,0.0065,B-,-1339.1791,5.1297,156.924031888,1.092,False,False,False,False,-70763.848,8198.1416,  27   92   65  157 Tb       -70763.848       1.018      8198.1416     0.0065  B-  -1339.1791     5.1297  156 924031.888       1.092   ,1287.1082312,0.0010205,0.17197452229299362,1,0
2020,91,66,157,Dy,,-69424.669,5.154,8184.6287,0.0328,B-,-2591.8068,23.7839,156.925469555,5.532,False,False,False,False,-69424.669,8184.6287,  25   91   66  157 Dy       -69424.669       5.154      8184.6287     0.0328  B-  -2591.8068    23.7839  156 925469.555       5.532   ,1284.9867058999998,0.005149600000000001,0.1592356687898089,0,1
2020,90,67,157,Ho,,-66832.862,23.469,8163.1373,0.1495,B-,-3419.2146,33.6675,156.928251974,25.194,False,False,False,False,-66832.862,8163.1373,  23   90   67  157 Ho       -66832.862      23.469      8163.1373     0.1495  B-  -3419.2146    33.6675  156 928251.974      25.194   ,1281.6125561000001,0.0234715,0.1464968152866242,1,0
2020,89,68,157,Er,,-63413.648,26.505,8136.3757,0.1688,B-,-4704.369,38.5152,156.931922652,28.454,False,False,False,False,-63413.648,8136.3757,  21   89   68  157 Er       -63413.648      26.505      8136.3757     0.1688  B-  -4704.3690    38.5152  156 931922.652      28.454   ,1277.4109849000001,0.0265016,0.1337579617834395,0,1
2020,88,69,157,Tm,x,-58709.279,27.945,8101.4285,0.178,B-,-5289.3667,29.9971,156.936973,30.0,False,False,False,False,-58709.279,8101.4285,  19   88   69  157 Tm    x  -58709.279      27.945      8101.4285     0.1780  B-  -5289.3667    29.9971  156 936973.000      30.000   ,1271.9242745000001,0.027946,0.12101910828025478,1,0
2020,87,70,157,Yb,,-53419.912,10.905,8062.7551,0.0695,B-,-6980.0942,14.2406,156.94265136799999,11.706,False,False,False,False,-53419.912,8062.7551,  17   87   70  157 Yb       -53419.912      10.905      8062.7551     0.0695  B-  -6980.0942    14.2406  156 942651.368      11.706   ,1265.8525507,0.010911500000000001,0.10828025477707007,0,1
2020,86,71,157,Lu,,-46439.818,12.074,8013.3128,0.0769,B-,-7585.0,201.0,156.950144807,12.961,False,False,True,False,-46439.818,8013.3128,  15   86   71  157 Lu       -46439.818      12.074      8013.3128     0.0769  B-  -7585#       201#      156 950144.807      12.961   ,1258.0901095999998,0.0120733,0.09554140127388536,1,0
2020,84,73,157,Ta,IT,-29595.948,150.052,7896.0608,0.9557,B-,-9906.0,427.0,156.968227445,161.087,False,False,True,False,-29595.948,7896.0608,  11   84   73  157 Ta   IT  -29595.948     150.052      7896.0608     0.9557  B-  -9906#       427#      156 968227.445     161.087   ,1239.6815456000002,0.1500449,0.07006369426751592,1,0
2020,98,60,158,Nd,x,-53835.123,1.304,8114.9529,0.0083,B-,5271.0196,1.5776,157.94220562,1.4,False,False,False,False,-53835.123,8114.9529,  38   98   60  158 Nd    x  -53835.123       1.304      8114.9529     0.0083  B-   5271.0196     1.5776  157 942205.620       1.400   ,1282.1625582000001,0.0013114000000000001,0.24050632911392406,1,1
2020,97,61,158,Pm,,-59106.143,0.888,8143.3622,0.0056,B-,6145.7062,4.8634,157.936546948,0.953,False,False,False,False,-59106.143,8143.3622,  36   97   61  158 Pm       -59106.143       0.888      8143.3622     0.0056  B-   6145.7062     4.8634  157 936546.948       0.953   ,1286.6512275999999,0.0008848,0.22784810126582278,0,0
2020,96,62,158,Sm,,-65251.849,4.782,8177.3075,0.0303,B-,2018.6123,5.1146,157.929949262,5.133,False,False,False,False,-65251.849,8177.3075,  34   96   62  158 Sm       -65251.849       4.782      8177.3075     0.0303  B-   2018.6123     5.1146  157 929949.262       5.133   ,1292.014585,0.0047874,0.21518987341772153,1,1
2020,95,63,158,Eu,,-67270.461,2.032,8185.132,0.0129,B-,3419.5081,2.2547,157.927782192,2.181,False,False,False,False,-67270.461,8185.1320,  32   95   63  158 Eu       -67270.461       2.032      8185.1320     0.0129  B-   3419.5081     2.2547  157 927782.192       2.181   ,1293.2508559999999,0.0020382,0.20253164556962025,0,0
2020,94,64,158,Gd,,-70689.969,0.976,8201.8229,0.0062,B-,-1219.0862,0.9799,157.9241112,1.048,False,False,False,False,-70689.969,8201.8229,  30   94   64  158 Gd       -70689.969       0.976      8201.8229     0.0062  B-  -1219.0862     0.9799  157 924111.200       1.048   ,1295.8880181999998,0.0009796,0.189873417721519,1,1
2020,93,65,158,Tb,,-69470.883,1.268,8189.1556,0.008,B-,936.2686,2.475,157.925419942,1.36,False,False,False,False,-69470.883,8189.1556,  28   93   65  158 Tb       -69470.883       1.268      8189.1556     0.0080  B-    936.2686     2.4750  157 925419.942       1.360   ,1293.8865848,0.001264,0.17721518987341772,0,0
2020,92,66,158,Dy,,-70407.152,2.337,8190.1298,0.0148,B-,-4219.7555,27.0048,157.924414817,2.509,False,False,False,False,-70407.152,8190.1298,  26   92   66  158 Dy       -70407.152       2.337      8190.1298     0.0148  B-  -4219.7555    27.0048  157 924414.817       2.509   ,1294.0405084,0.0023384,0.16455696202531644,1,1
2020,91,67,158,Ho,-,-66187.396,27.106,8158.4709,0.1716,B-,-883.5812,37.0236,157.92894491,29.099,False,False,False,False,-66187.396,8158.4709,  24   91   67  158 Ho    -  -66187.396      27.106      8158.4709     0.1716  B-   -883.5812    37.0236  157 928944.910      29.099   ,1289.0384022,0.0271128,0.1518987341772152,0,0
2020,90,68,158,Er,,-65303.815,25.219,8147.927,0.1596,B-,-6600.6151,31.3411,157.929893474,27.074,False,False,False,False,-65303.815,8147.9270,  22   90   68  158 Er       -65303.815      25.219      8147.9270     0.1596  B-  -6600.6151    31.3411  157 929893.474      27.074   ,1287.372466,0.025216799999999998,0.13924050632911392,1,1
2020,89,69,158,Tm,,-58703.2,25.219,8101.1994,0.1596,B-,-2693.5796,26.4499,157.936979525,27.074,False,False,False,False,-58703.200,8101.1994,  20   89   69  158 Tm       -58703.200      25.219      8101.1994     0.1596  B-  -2693.5796    26.4499  157 936979.525      27.074   ,1279.9895052,0.025216799999999998,0.12658227848101267,0,0
2020,88,70,158,Yb,,-56009.62,7.973,8079.1999,0.0505,B-,-8797.4201,16.8655,157.939871202,8.559,False,False,False,False,-56009.620,8079.1999,  18   88   70  158 Yb       -56009.620       7.973      8079.1999     0.0505  B-  -8797.4201    16.8655  157 939871.202       8.559   ,1276.5135842,0.007979,0.11392405063291139,1,1
2020,87,71,158,Lu,-a,-47212.2,15.125,8018.5685,0.0957,B-,-5109.801,14.9373,157.94931562,16.236,False,False,False,False,-47212.200,8018.5685,  16   87   71  158 Lu   -a  -47212.200      15.125      8018.5685     0.0957  B-  -5109.8010    14.9373  157 949315.620      16.236   ,1266.933823,0.0151206,0.10126582278481013,0,0
2020,86,72,158,Hf,,-42102.399,17.494,7981.2764,0.1107,B-,-10984.0,201.0,157.954801217,18.78,False,False,True,False,-42102.399,7981.2764,  14   86   72  158 Hf       -42102.399      17.494      7981.2764     0.1107  B- -10984#       201#      157 954801.217      18.780   ,1261.0416711999999,0.017490600000000002,0.08860759493670886,1,1
2020,99,60,159,Nd,x,-49724.007,29.808,8088.8224,0.1875,B-,6830.3441,31.4529,158.946619085,32.0,False,False,False,False,-49724.007,8088.8224,  39   99   60  159 Nd    x  -49724.007      29.808      8088.8224     0.1875  B-   6830.3441    31.4529  158 946619.085      32.000   ,1286.1227616,0.0298125,0.24528301886792453,0,1
2020,98,61,159,Pm,,-56554.351,10.039,8126.8601,0.0631,B-,5653.4982,11.6438,158.939286409,10.777,False,False,False,False,-56554.351,8126.8601,  37   98   61  159 Pm       -56554.351      10.039      8126.8601     0.0631  B-   5653.4982    11.6438  158 939286.409      10.777   ,1292.1707559,0.010032899999999999,0.23270440251572327,1,0
2020,97,62,159,Sm,,-62207.849,5.934,8157.4963,0.0373,B-,3835.5363,7.3211,158.93321713,6.37,False,False,False,False,-62207.849,8157.4963,  35   97   62  159 Sm       -62207.849       5.934      8157.4963     0.0373  B-   3835.5363     7.3211  158 933217.130       6.370   ,1297.0419117000001,0.0059307,0.22012578616352202,0,1
2020,96,63,159,Eu,,-66043.386,4.32,8176.6987,0.0272,B-,2518.4717,4.3657,158.929099512,4.637,False,False,False,False,-66043.386,8176.6987,  33   96   63  159 Eu       -66043.386       4.320      8176.6987     0.0272  B-   2518.4717     4.3657  158 929099.512       4.637   ,1300.0950933000001,0.0043248,0.20754716981132076,1,0
2020,95,64,159,Gd,,-68561.857,0.98,8187.6177,0.0062,B-,970.7242,0.7495,158.926395822,1.051,False,False,False,False,-68561.857,8187.6177,  31   95   64  159 Gd       -68561.857       0.980      8187.6177     0.0062  B-    970.7242     0.7495  158 926395.822       1.051   ,1301.8312142999998,0.0009858,0.1949685534591195,0,1
2020,94,65,159,Tb,,-69532.582,1.103,8188.8025,0.0069,B-,-365.3613,1.1573,158.925353707,1.184,False,False,False,False,-69532.582,8188.8025,  29   94   65  159 Tb       -69532.582       1.103      8188.8025     0.0069  B-   -365.3613     1.1573  158 925353.707       1.184   ,1302.0195975,0.0010971,0.18238993710691823,1,0
2020,93,66,159,Dy,,-69167.22,1.439,8181.5842,0.0091,B-,-1837.6,2.6833,158.925745938,1.544,False,False,False,False,-69167.220,8181.5842,  27   93   66  159 Dy       -69167.220       1.439      8181.5842     0.0091  B-  -1837.6000     2.6833  158 925745.938       1.544   ,1300.8718878000002,0.0014469,0.16981132075471697,0,1
2020,92,67,159,Ho,-,-67329.62,3.045,8165.1066,0.0192,B-,-2768.5,2.0,158.927718683,3.268,False,False,False,False,-67329.620,8165.1066,  25   92   67  159 Ho    -  -67329.620       3.045      8165.1066     0.0192  B-  -2768.5000     2.0000  158 927718.683       3.268   ,1298.2519494,0.0030527999999999996,0.15723270440251572,1,0
2020,91,68,159,Er,-,-64561.12,3.643,8142.7742,0.0229,B-,-3990.7162,28.1813,158.93069079,3.91,False,False,False,False,-64561.120,8142.7742,  23   91   68  159 Er    -  -64561.120       3.643      8142.7742     0.0229  B-  -3990.7162    28.1813  158 930690.790       3.910   ,1294.7010977999998,0.0036411000000000004,0.14465408805031446,0,1
2020,90,69,159,Tm,x,-60570.404,27.945,8112.7549,0.1758,B-,-4736.8869,33.0155,158.934975,30.0,False,False,False,False,-60570.404,8112.7549,  21   90   69  159 Tm    x  -60570.404      27.945      8112.7549     0.1758  B-  -4736.8869    33.0155  158 934975.000      30.000   ,1289.9280291,0.0279522,0.1320754716981132,1,0
2020,89,70,159,Yb,x,-55833.517,17.582,8078.0428,0.1106,B-,-6124.9081,41.5648,158.940060257,18.874,False,False,False,False,-55833.517,8078.0428,  19   89   70  159 Yb    x  -55833.517      17.582      8078.0428     0.1106  B-  -6124.9081    41.5648  158 940060.257      18.874   ,1284.4088052,0.0175854,0.11949685534591195,0,1
2020,88,71,159,Lu,x,-49708.609,37.663,8034.6009,0.2369,B-,-6856.003,41.2456,158.946635615,40.433,False,False,False,False,-49708.609,8034.6009,  17   88   71  159 Lu    x  -49708.609      37.663      8034.6009     0.2369  B-  -6856.0030    41.2456  158 946635.615      40.433   ,1277.5015431000002,0.037667099999999995,0.1069182389937107,1,0
2020,87,72,159,Hf,-a,-42852.606,16.813,7986.561,0.1057,B-,-8413.4492,25.8909,158.953995837,18.049,False,False,False,False,-42852.606,7986.5610,  15   87   72  159 Hf   -a  -42852.606      16.813      7986.5610     0.1057  B-  -8413.4492    25.8909  158 953995.837      18.049   ,1269.8631990000001,0.0168063,0.09433962264150944,0,1
2020,86,73,159,Ta,IT,-34439.157,19.689,7928.7258,0.1238,B-,-9005.0,301.0,158.963028046,21.137,False,False,True,False,-34439.157,7928.7258,  13   86   73  159 Ta   IT  -34439.157      19.689      7928.7258     0.1238  B-  -9005#       301#      158 963028.046      21.137   ,1260.6674022000002,0.0196842,0.08176100628930817,1,0
2020,100,60,160,Nd,x,-46724.515,46.575,8069.9662,0.2911,B-,6170.1238,46.6198,159.949839172,50.0,False,False,False,False,-46724.515,8069.9662,  40  100   60  160 Nd    x  -46724.515      46.575      8069.9662     0.2911  B-   6170.1238    46.6198  159 949839.172      50.000   ,1291.194592,0.046576000000000006,0.25,1,1
2020,99,61,160,Pm,x,-52894.639,2.049,8103.6398,0.0128,B-,7338.5338,2.833,159.943215272,2.2,False,False,False,False,-52894.639,8103.6398,  38   99   61  160 Pm    x  -52894.639       2.049      8103.6398     0.0128  B-   7338.5338     2.8330  159 943215.272       2.200   ,1296.582368,0.002048,0.2375,0,0
2020,98,62,160,Sm,x,-60233.172,1.956,8144.6159,0.0122,B-,3260.2763,2.1547,159.935337032,2.1,False,False,False,False,-60233.172,8144.6159,  36   98   62  160 Sm    x  -60233.172       1.956      8144.6159     0.0122  B-   3260.2763     2.1547  159 935337.032       2.100   ,1303.138544,0.0019520000000000002,0.225,1,1
2020,97,63,160,Eu,x,-63493.449,0.904,8160.103,0.0057,B-,4448.6112,1.4417,159.931836982,0.97,False,False,False,False,-63493.449,8160.1030,  34   97   63  160 Eu    x  -63493.449       0.904      8160.1030     0.0057  B-   4448.6112     1.4417  159 931836.982       0.970   ,1305.61648,0.000912,0.2125,0,0
2020,96,64,160,Gd,,-67942.06,1.123,8183.0171,0.007,B-,-105.5863,1.0207,159.927061202,1.206,False,False,False,False,-67942.060,8183.0171,  32   96   64  160 Gd       -67942.060       1.123      8183.0171     0.0070  B-   -105.5863     1.0207  159 927061.202       1.206   ,1309.282736,0.0011200000000000001,0.2,1,1
2020,95,65,160,Tb,,-67836.474,1.11,8177.4676,0.0069,B-,1835.9516,1.1011,159.927174553,1.191,False,False,False,False,-67836.474,8177.4676,  30   95   65  160 Tb       -67836.474       1.110      8177.4676     0.0069  B-   1835.9516     1.1011  159 927174.553       1.191   ,1308.3948160000002,0.0011040000000000002,0.1875,0,0
2020,94,66,160,Dy,,-69672.425,0.7,8184.0526,0.0044,B-,-3290.0,15.0,159.925203578,0.751,False,False,False,False,-69672.425,8184.0526,  28   94   66  160 Dy       -69672.425       0.700      8184.0526     0.0044  B-  -3290.0000    15.0000  159 925203.578       0.751   ,1309.448416,0.0007040000000000001,0.175,1,1
2020,93,67,160,Ho,-,-66382.425,15.016,8158.6004,0.0939,B-,-318.2488,28.5197,159.928735538,16.12,False,False,False,False,-66382.425,8158.6004,  26   93   67  160 Ho    -  -66382.425      15.016      8158.6004     0.0939  B-   -318.2488    28.5197  159 928735.538      16.120   ,1305.376064,0.015024,0.1625,0,0
2020,92,68,160,Er,,-66064.176,24.246,8151.7217,0.1515,B-,-5763.1395,39.1333,159.929077193,26.029,False,False,False,False,-66064.176,8151.7217,  24   92   68  160 Er       -66064.176      24.246      8151.7217     0.1515  B-  -5763.1395    39.1333  159 929077.193      26.029   ,1304.275472,0.024239999999999998,0.15,1,1
2020,91,69,160,Tm,,-60301.037,32.686,8110.8124,0.2043,B-,-2137.8101,33.1447,159.935264177,35.089,False,False,False,False,-60301.037,8110.8124,  22   91   69  160 Tm       -60301.037      32.686      8110.8124     0.2043  B-  -2137.8101    33.1447  159 935264.177      35.089   ,1297.7299839999998,0.032688,0.1375,0,0
2020,90,70,160,Yb,x,-58163.227,5.496,8092.5614,0.0343,B-,-7893.2846,57.0863,159.93755921,5.9,False,False,False,False,-58163.227,8092.5614,  20   90   70  160 Yb    x  -58163.227       5.496      8092.5614     0.0343  B-  -7893.2846    57.0863  159 937559.210       5.900   ,1294.809824,0.005488,0.125,1,1
2020,89,71,160,Lu,x,-50269.942,56.821,8038.3387,0.3551,B-,-4331.1951,57.6165,159.946033,61.0,False,False,False,False,-50269.942,8038.3387,  18   89   71  160 Lu    x  -50269.942      56.821      8038.3387     0.3551  B-  -4331.1951    57.6165  159 946033.000      61.000   ,1286.134192,0.056816000000000005,0.1125,0,0
2020,88,72,160,Hf,,-45938.747,9.54,8006.3791,0.0596,B-,-10115.0475,55.1472,159.950682728,10.241,False,False,False,False,-45938.747,8006.3791,  16   88   72  160 Hf       -45938.747       9.540      8006.3791     0.0596  B- -10115.0475    55.1472  159 950682.728      10.241   ,1281.020656,0.009536,0.1,1,1
2020,87,73,160,Ta,-a,-35823.7,54.316,7938.2704,0.3395,B-,-6494.6267,139.8413,159.961541678,58.31,False,False,False,False,-35823.700,7938.2704,  14   87   73  160 Ta   -a  -35823.700      54.316      7938.2704     0.3395  B-  -6494.6267   139.8413  159 961541.678      58.310   ,1270.123264,0.05432000000000001,0.0875,0,0
2020,86,74,160,W,,-29329.073,149.81,7892.7893,0.9363,B-,-12451.0,335.0,159.968513946,160.828,False,False,True,False,-29329.073,7892.7893,  12   86   74  160 W        -29329.073     149.810      7892.7893     0.9363  B- -12451#       335#      159 968513.946     160.828   ,1262.8462880000002,0.149808,0.075,1,1
2020,100,61,161,Pm,x,-50086.589,9.035,8085.9977,0.0561,B-,6585.4546,11.3187,160.946229837,9.7,False,False,False,False,-50086.589,8085.9977,  39  100   61  161 Pm    x  -50086.589       9.035      8085.9977     0.0561  B-   6585.4546    11.3187  160 946229.837       9.700   ,1301.8456297,0.0090321,0.2422360248447205,1,0
2020,99,62,161,Sm,,-56672.043,6.817,8122.0418,0.0423,B-,5119.5577,12.4147,160.939160062,7.318,False,False,False,False,-56672.043,8122.0418,  37   99   62  161 Sm       -56672.043       6.817      8122.0418     0.0423  B-   5119.5577    12.4147  160 939160.062       7.318   ,1307.6487298000002,0.0068103,0.22981366459627328,0,1
2020,98,63,161,Eu,,-61791.601,10.4,8148.981,0.0646,B-,3714.5406,10.5074,160.933663991,11.164,False,False,False,False,-61791.601,8148.9810,  35   98   63  161 Eu       -61791.601      10.400      8148.9810     0.0646  B-   3714.5406    10.5074  160 933663.991      11.164   ,1311.985941,0.010400600000000001,0.21739130434782608,1,0
2020,97,64,161,Gd,-n,-65506.142,1.504,8167.1934,0.0093,B-,1955.6357,1.4402,160.929676267,1.614,False,False,False,False,-65506.142,8167.1934,  33   97   64  161 Gd   -n  -65506.142       1.504      8167.1934     0.0093  B-   1955.6357     1.4402  160 929676.267       1.614   ,1314.9181374000002,0.0014972999999999998,0.20496894409937888,0,1
2020,96,65,161,Tb,,-67461.778,1.218,8174.4809,0.0076,B-,593.7166,1.201,160.927576806,1.308,False,False,False,False,-67461.778,8174.4809,  31   96   65  161 Tb       -67461.778       1.218      8174.4809     0.0076  B-    593.7166     1.2010  160 927576.806       1.308   ,1316.0914249,0.0012236,0.19254658385093168,1,0
2020,95,66,161,Dy,,-68055.494,0.697,8173.3093,0.0043,B-,-859.2003,2.1368,160.926939425,0.748,False,False,False,False,-68055.494,8173.3093,  29   95   66  161 Dy       -68055.494       0.697      8173.3093     0.0043  B-   -859.2003     2.1368  160 926939.425       0.748   ,1315.9027973,0.0006923000000000001,0.18012422360248448,0,1
2020,94,67,161,Ho,,-67196.294,2.151,8163.1134,0.0134,B-,-1994.9954,9.0041,160.927861815,2.309,False,False,False,False,-67196.294,8163.1134,  27   94   67  161 Ho       -67196.294       2.151      8163.1134     0.0134  B-  -1994.9954     9.0041  160 927861.815       2.309   ,1314.2612574,0.0021574,0.16770186335403728,1,0
2020,93,68,161,Er,+n,-65201.298,8.774,8145.8628,0.0545,B-,-3302.5839,29.2899,160.93000353,9.419,False,False,False,False,-65201.298,8145.8628,  25   93   68  161 Er   +n  -65201.298       8.774      8145.8628     0.0545  B-  -3302.5839    29.2899  160 930003.530       9.419   ,1311.4839107999999,0.0087745,0.15527950310559005,0,1
2020,92,69,161,Tm,x,-61898.715,27.945,8120.4906,0.1736,B-,-4064.4665,31.764,160.933549,30.0,False,False,False,False,-61898.715,8120.4906,  23   92   69  161 Tm    x  -61898.715      27.945      8120.4906     0.1736  B-  -4064.4665    31.7640  160 933549.000      30.000   ,1307.3989866,0.0279496,0.14285714285714285,1,0
2020,91,70,161,Yb,x,-57834.248,15.101,8090.3861,0.0938,B-,-5271.8989,31.764,160.937912384,16.211,False,False,False,False,-57834.248,8090.3861,  21   91   70  161 Yb    x  -57834.248      15.101      8090.3861     0.0938  B-  -5271.8989    31.7640  160 937912.384      16.211   ,1302.5521620999998,0.015101799999999999,0.13043478260869565,0,1
2020,90,71,161,Lu,x,-52562.349,27.945,8052.7821,0.1736,B-,-6246.5319,36.4805,160.943572,30.0,False,False,False,False,-52562.349,8052.7821,  19   90   71  161 Lu    x  -52562.349      27.945      8052.7821     0.1736  B-  -6246.5319    36.4805  160 943572.000      30.000   ,1296.4979181,0.0279496,0.11801242236024845,1,0
2020,89,72,161,Hf,,-46315.817,23.45,8009.1245,0.1457,B-,-7537.2421,33.7278,160.950277927,25.174,False,False,False,False,-46315.817,8009.1245,  17   89   72  161 Hf       -46315.817      23.450      8009.1245     0.1457  B-  -7537.2421    33.7278  160 950277.927      25.174   ,1289.4690445,0.023457699999999998,0.10559006211180125,0,1
2020,88,73,161,Ta,+a,-38778.575,24.381,7957.45,0.1514,B-,-8272.0,202.0,160.958369489,26.174,False,False,True,False,-38778.575,7957.4500,  15   88   73  161 Ta   +a  -38778.575      24.381      7957.4500     0.1514  B-  -8272#       202#      160 958369.489      26.174   ,1281.14945,0.024375400000000002,0.09316770186335403,1,0
2020,86,75,161,Re,,-20842.82,149.905,7836.3292,0.9311,B-,-10647.0,427.0,160.977624313,160.93,False,False,True,False,-20842.820,7836.3292,  11   86   75  161 Re       -20842.820     149.905      7836.3292     0.9311  B- -10647#       427#      160 977624.313     160.930   ,1261.6490012000002,0.14990710000000002,0.06832298136645963,1,0
2020,100,62,162,Sm,,-54379.053,3.523,8107.5745,0.0218,B-,4343.8905,3.7605,161.941621687,3.782,False,False,False,False,-54379.053,8107.5745,  38  100   62  162 Sm       -54379.053       3.523      8107.5745     0.0218  B-   4343.8905     3.7605  161 941621.687       3.782   ,1313.4270689999998,0.0035316,0.2345679012345679,1,1
2020,99,63,162,Eu,,-58722.944,1.314,8129.5593,0.0081,B-,5557.7761,4.1748,161.936958329,1.41,False,False,False,False,-58722.944,8129.5593,  36   99   63  162 Eu       -58722.944       1.314      8129.5593     0.0081  B-   5557.7761     4.1748  161 936958.329       1.410   ,1316.9886066000001,0.0013122000000000001,0.2222222222222222,0,0
2020,98,64,162,Gd,-nn,-64280.72,3.963,8159.0373,0.0245,B-,1598.8278,4.4611,161.930991812,4.254,False,False,False,False,-64280.720,8159.0373,  34   98   64  162 Gd  -nn  -64280.720       3.963      8159.0373     0.0245  B-   1598.8278     4.4611  161 930991.812       4.254   ,1321.7640426,0.003969,0.20987654320987653,1,1
2020,97,65,162,Tb,x,-65879.548,2.049,8164.0773,0.0127,B-,2301.6217,2.164,161.9292754,2.2,False,False,False,False,-65879.548,8164.0773,  32   97   65  162 Tb    x  -65879.548       2.049      8164.0773     0.0127  B-   2301.6217     2.1640  161 929275.400       2.200   ,1322.5805226,0.0020574,0.19753086419753085,0,0
2020,96,66,162,Dy,,-68181.169,0.695,8173.4555,0.0043,B-,-2140.6068,3.0926,161.92680450699999,0.746,False,False,False,False,-68181.169,8173.4555,  30   96   66  162 Dy       -68181.169       0.695      8173.4555     0.0043  B-  -2140.6068     3.0926  161 926804.507       0.746   ,1324.0997909999999,0.0006966,0.18518518518518517,1,1
2020,95,67,162,Ho,,-66040.563,3.102,8155.4126,0.0192,B-,293.6478,3.1069,161.929102543,3.33,False,False,False,False,-66040.563,8155.4126,  28   95   67  162 Ho       -66040.563       3.102      8155.4126     0.0192  B-    293.6478     3.1069  161 929102.543       3.330   ,1321.1768412,0.0031103999999999997,0.1728395061728395,0,0
2020,94,68,162,Er,,-66334.21,0.756,8152.3959,0.0047,B-,-4856.7282,26.0475,161.928787299,0.811,False,False,False,False,-66334.210,8152.3959,  26   94   68  162 Er       -66334.210       0.756      8152.3959     0.0047  B-  -4856.7282    26.0475  161 928787.299       0.811   ,1320.6881358,0.0007614000000000001,0.16049382716049382,1,1
2020,93,69,162,Tm,-,-61477.482,26.058,8117.5868,0.1609,B-,-1656.319,30.1127,161.934001211,27.974,False,False,False,False,-61477.482,8117.5868,  24   93   69  162 Tm    -  -61477.482      26.058      8117.5868     0.1609  B-  -1656.3190    30.1127  161 934001.211      27.974   ,1315.0490616,0.0260658,0.14814814814814814,0,0
2020,92,70,162,Yb,x,-59821.163,15.103,8102.5333,0.0932,B-,-6989.4042,76.5406,161.935779342,16.213,False,False,False,False,-59821.163,8102.5333,  22   92   70  162 Yb    x  -59821.163      15.103      8102.5333     0.0932  B-  -6989.4042    76.5406  161 935779.342      16.213   ,1312.6103946,0.015098400000000001,0.13580246913580246,1,1
2020,91,71,162,Lu,x,-52831.759,75.036,8054.5596,0.4632,B-,-3663.3333,75.5679,161.943282776,80.554,False,False,False,False,-52831.759,8054.5596,  20   91   71  162 Lu    x  -52831.759      75.036      8054.5596     0.4632  B-  -3663.3333    75.5679  161 943282.776      80.554   ,1304.8386552,0.07503839999999999,0.12345679012345678,0,0
2020,90,72,162,Hf,,-49168.426,8.952,8027.1171,0.0553,B-,-9387.0211,63.8938,161.947215526,9.61,False,False,False,False,-49168.426,8027.1171,  18   90   72  162 Hf       -49168.426       8.952      8027.1171     0.0553  B-  -9387.0211    63.8938  161 947215.526       9.610   ,1300.3929702,0.0089586,0.1111111111111111,1,1
2020,89,73,162,Ta,-a,-39781.405,63.322,7964.3432,0.3909,B-,-5782.188,63.3235,161.957292907,67.979,False,False,False,False,-39781.405,7964.3432,  16   89   73  162 Ta   -a  -39781.405      63.322      7964.3432     0.3909  B-  -5782.1880    63.3235  161 957292.907      67.979   ,1290.2235984000001,0.0633258,0.09876543209876543,0,0
2020,88,74,162,W,,-33999.217,17.657,7923.8214,0.109,B-,-11546.0,201.0,161.963500341,18.955,False,False,True,False,-33999.217,7923.8214,  14   88   74  162 W        -33999.217      17.657      7923.8214     0.1090  B- -11546#       201#      161 963500.341      18.955   ,1283.6590668,0.017658,0.08641975308641975,1,1
2020,101,62,163,Sm,x,-50599.612,7.359,8084.1653,0.0451,B-,5974.2073,7.4141,162.945679085,7.9,False,False,False,False,-50599.612,8084.1653,  39  101   62  163 Sm    x  -50599.612       7.359      8084.1653     0.0451  B-   5974.2073     7.4141  162 945679.085       7.900   ,1317.7189438999999,0.0073513,0.2392638036809816,0,1
2020,100,63,163,Eu,x,-56573.819,0.904,8116.0172,0.0056,B-,4814.772,1.2046,162.93926551,0.97,False,False,False,False,-56573.819,8116.0172,  37  100   63  163 Eu    x  -56573.819       0.904      8116.0172     0.0056  B-   4814.7720     1.2046  162 939265.510       0.970   ,1322.9108036,0.0009128,0.22699386503067484,1,0
2020,99,64,163,Gd,,-61388.591,0.797,8140.756,0.0049,B-,3207.1628,4.1374,162.93409664,0.855,False,False,False,False,-61388.591,8140.7560,  35   99   64  163 Gd       -61388.591       0.797      8140.7560     0.0049  B-   3207.1628     4.1374  162 934096.640       0.855   ,1326.943228,0.0007987,0.2147239263803681,0,1
2020,98,65,163,Tb,+p,-64595.754,4.06,8155.6322,0.0249,B-,1785.1041,4.0006,162.930653609,4.358,False,False,False,False,-64595.754,8155.6322,  33   98   65  163 Tb   +p  -64595.754       4.060      8155.6322     0.0249  B-   1785.1041     4.0006  162 930653.609       4.358   ,1329.3680486,0.0040587,0.20245398773006135,1,0
2020,97,66,163,Dy,,-66380.858,0.693,8161.784,0.0043,B-,-2.8309,0.0222,162.928737221,0.744,False,False,False,False,-66380.858,8161.7840,  31   97   66  163 Dy       -66380.858       0.693      8161.7840     0.0043  B-     -2.8309     0.0222  162 928737.221       0.744   ,1330.370792,0.0007009,0.1901840490797546,0,1
2020,96,67,163,Ho,,-66378.027,0.693,8156.967,0.0043,B-,-1210.6141,4.5755,162.92874026,0.744,False,False,False,False,-66378.027,8156.9670,  29   96   67  163 Ho       -66378.027       0.693      8156.9670     0.0043  B-  -1210.6141     4.5755  162 928740.260       0.744   ,1329.585621,0.0007009,0.17791411042944785,1,0
2020,95,68,163,Er,,-65167.413,4.628,8144.7403,0.0284,B-,-2439.0,3.0,162.930039908,4.967,False,False,False,False,-65167.413,8144.7403,  27   95   68  163 Er       -65167.413       4.628      8144.7403     0.0284  B-  -2439.0000     3.0000  162 930039.908       4.967   ,1327.5926689000003,0.0046292,0.1656441717791411,0,1
2020,94,69,163,Tm,-,-62728.413,5.515,8124.9774,0.0338,B-,-3434.5345,16.0687,162.932658282,5.92,False,False,False,False,-62728.413,8124.9774,  25   94   69  163 Tm    -  -62728.413       5.515      8124.9774     0.0338  B-  -3434.5345    16.0687  162 932658.282       5.920   ,1324.3713162,0.005509399999999999,0.15337423312883436,1,0
2020,93,70,163,Yb,x,-59293.878,15.105,8099.1069,0.0927,B-,-4502.4636,31.7657,162.936345406,16.215,False,False,False,False,-59293.878,8099.1069,  23   93   70  163 Yb    x  -59293.878      15.105      8099.1069     0.0927  B-  -4502.4636    31.7657  162 936345.406      16.215   ,1320.1544247,0.015110100000000001,0.1411042944785276,0,1
2020,92,71,163,Lu,x,-54791.415,27.945,8066.6848,0.1714,B-,-5522.0944,37.9611,162.941179,30.0,False,False,False,False,-54791.415,8066.6848,  21   92   71  163 Lu    x  -54791.415      27.945      8066.6848     0.1714  B-  -5522.0944    37.9611  162 941179.000      30.000   ,1314.8696224,0.0279382,0.12883435582822086,1,0
2020,91,72,163,Hf,,-49269.32,25.693,8028.0072,0.1576,B-,-6734.6864,45.9217,162.947107211,27.582,False,False,False,False,-49269.320,8028.0072,  19   91   72  163 Hf       -49269.320      25.693      8028.0072     0.1576  B-  -6734.6864    45.9217  162 947107.211      27.582   ,1308.5651736000002,0.025688799999999998,0.1165644171779141,0,1
2020,90,73,163,Ta,-a,-42534.634,38.061,7981.8905,0.2335,B-,-7626.1952,69.7301,162.954337194,40.86,False,False,False,False,-42534.634,7981.8905,  17   90   73  163 Ta   -a  -42534.634      38.061      7981.8905     0.2335  B-  -7626.1952    69.7301  162 954337.194      40.860   ,1301.0481515000001,0.038060500000000004,0.10429447852760736,1,0
2020,89,74,163,W,-a,-34908.439,58.426,7930.3043,0.3584,B-,-8906.1859,61.2953,162.962524251,62.722,False,False,False,False,-34908.439,7930.3043,  15   89   74  163 W    -a  -34908.439      58.426      7930.3043     0.3584  B-  -8906.1859    61.2953  162 962524.251      62.722   ,1292.6396009,0.0584192,0.09202453987730061,0,1
2020,88,75,163,Re,+a,-26002.253,18.534,7870.8655,0.1137,B-,-9666.0,301.0,162.972085434,19.897,False,False,True,False,-26002.253,7870.8655,  13   88   75  163 Re   +a  -26002.253      18.534      7870.8655     0.1137  B-  -9666#       301#      162 972085.434      19.897   ,1282.9510765,0.0185331,0.07975460122699386,1,0
2020,102,62,164,Sm,x,-47925.314,4.099,8067.7803,0.025,B-,5306.8315,4.5907,163.948550061,4.4,False,False,False,False,-47925.314,8067.7803,  40  102   62  164 Sm    x  -47925.314       4.099      8067.7803     0.0250  B-   5306.8315     4.5907  163 948550.061       4.400   ,1323.1159692,0.0041,0.24390243902439024,1,1
2020,101,63,164,Eu,,-53232.146,2.068,8095.3686,0.0126,B-,6461.5416,2.2969,163.942852943,2.219,False,False,False,False,-53232.146,8095.3686,  38  101   63  164 Eu       -53232.146       2.068      8095.3686     0.0126  B-   6461.5416     2.2969  163 942852.943       2.219   ,1327.6404504,0.0020664,0.23170731707317074,0,0
2020,100,64,164,Gd,,-59693.688,1.0,8129.9978,0.0061,B-,2411.2959,2.1143,163.935916193,1.073,False,False,False,False,-59693.688,8129.9978,  36  100   64  164 Gd       -59693.688       1.000      8129.9978     0.0061  B-   2411.2959     2.1143  163 935916.193       1.073   ,1333.3196392,0.0010004,0.21951219512195122,1,1
2020,99,65,164,Tb,x,-62104.983,1.863,8139.9304,0.0114,B-,3862.6653,1.9884,163.933327561,2.0,False,False,False,False,-62104.983,8139.9304,  34   99   65  164 Tb    x  -62104.983       1.863      8139.9304     0.0114  B-   3862.6653     1.9884  163 933327.561       2.000   ,1334.9485856000001,0.0018696000000000001,0.2073170731707317,0,0
2020,98,66,164,Dy,,-65967.649,0.695,8158.7129,0.0042,B-,-987.1315,1.371,163.929180819,0.746,False,False,False,False,-65967.649,8158.7129,  32   98   66  164 Dy       -65967.649       0.695      8158.7129     0.0042  B-   -987.1315     1.3710  163 929180.819       0.746   ,1338.0289156000001,0.0006887999999999999,0.1951219512195122,1,1
2020,97,67,164,Ho,,-64980.517,1.39,8147.9234,0.0085,B-,962.0559,1.3756,163.930240548,1.492,False,False,False,False,-64980.517,8147.9234,  30   97   67  164 Ho       -64980.517       1.390      8147.9234     0.0085  B-    962.0559     1.3756  163 930240.548       1.492   ,1336.2594375999997,0.001394,0.18292682926829268,0,0
2020,96,68,164,Er,,-65942.573,0.704,8149.0191,0.0043,B-,-4033.6302,25.0113,163.929207739,0.755,False,False,False,False,-65942.573,8149.0191,  28   96   68  164 Er       -65942.573       0.704      8149.0191     0.0043  B-  -4033.6302    25.0113  163 929207.739       0.755   ,1336.4391324,0.0007052,0.17073170731707318,1,1
2020,95,69,164,Tm,,-61908.943,25.006,8119.6534,0.1525,B-,-896.7722,29.2135,163.933538019,26.845,False,False,False,False,-61908.943,8119.6534,  26   95   69  164 Tm       -61908.943      25.006      8119.6534     0.1525  B-   -896.7722    29.2135  163 933538.019      26.845   ,1331.6231576,0.025009999999999998,0.15853658536585366,0,0
2020,94,70,164,Yb,x,-61012.171,15.106,8109.4149,0.0921,B-,-6369.7952,31.7666,163.934500743,16.217,False,False,False,False,-61012.171,8109.4149,  24   94   70  164 Yb    x  -61012.171      15.106      8109.4149     0.0921  B-  -6369.7952    31.7666  163 934500.743      16.217   ,1329.9440436,0.0151044,0.14634146341463414,1,1
2020,93,71,164,Lu,x,-54642.376,27.945,8065.8043,0.1704,B-,-2824.0194,32.1083,163.941339,30.0,False,False,False,False,-54642.376,8065.8043,  22   93   71  164 Lu    x  -54642.376      27.945      8065.8043     0.1704  B-  -2824.0194    32.1083  163 941339.000      30.000   ,1322.7919052,0.027945599999999998,0.13414634146341464,0,0
2020,92,72,164,Hf,,-51818.356,15.812,8043.8142,0.0964,B-,-8535.5511,32.1083,163.944370709,16.975,False,False,False,False,-51818.356,8043.8142,  20   92   72  164 Hf       -51818.356      15.812      8043.8142     0.0964  B-  -8535.5511    32.1083  163 944370.709      16.975   ,1319.1855288,0.0158096,0.12195121951219512,1,1
2020,91,73,164,Ta,x,-43282.805,27.945,7986.9978,0.1704,B-,-5047.25,29.5717,163.953534,30.0,False,False,False,False,-43282.805,7986.9978,  18   91   73  164 Ta    x  -43282.805      27.945      7986.9978     0.1704  B-  -5047.2500    29.5717  163 953534.000      30.000   ,1309.8676392,0.027945599999999998,0.10975609756097561,0,0
2020,90,74,164,W,,-38235.555,9.673,7951.4515,0.059,B-,-10763.1138,55.4055,163.958952445,10.384,False,False,False,False,-38235.555,7951.4515,  16   90   74  164 W        -38235.555       9.673      7951.4515     0.0590  B- -10763.1138    55.4055  163 958952.445      10.384   ,1304.0380460000001,0.009676,0.0975609756097561,1,1
2020,89,75,164,Re,-a,-27472.441,54.555,7881.0523,0.3326,B-,-7047.718,140.033,163.970507122,58.566,False,False,False,False,-27472.441,7881.0523,  14   89   75  164 Re   -a  -27472.441      54.555      7881.0523     0.3326  B-  -7047.7180   140.0330  163 970507.122      58.566   ,1292.4925772,0.0545464,0.08536585365853659,0,0
2020,88,76,164,Os,,-20424.723,149.903,7833.308,0.914,B-,-12941.0,350.0,163.978073158,160.927,False,False,True,False,-20424.723,7833.3080,  12   88   76  164 Os       -20424.723     149.903      7833.3080     0.9140  B- -12941#       350#      163 978073.158     160.927   ,1284.662512,0.149896,0.07317073170731707,1,1
2020,102,63,165,Eu,,-50729.103,5.213,8080.0529,0.0316,B-,5796.6788,5.3733,164.94554007,5.596,False,False,False,False,-50729.103,8080.0529,  39  102   63  165 Eu       -50729.103       5.213      8080.0529     0.0316  B-   5796.6788     5.3733  164 945540.070       5.596   ,1333.2087285,0.005214000000000001,0.23636363636363636,1,0
2020,101,64,165,Gd,,-56525.782,1.304,8110.4428,0.0079,B-,4063.0674,2.0189,164.93931708,1.4,False,False,False,False,-56525.782,8110.4428,  37  101   64  165 Gd       -56525.782       1.304      8110.4428     0.0079  B-   4063.0674     2.0189  164 939317.080       1.400   ,1338.223062,0.0013035000000000002,0.22424242424242424,0,1
2020,100,65,165,Tb,,-60588.849,1.541,8130.3259,0.0093,B-,3023.4392,1.6915,164.934955198,1.654,False,False,False,False,-60588.849,8130.3259,  35  100   65  165 Tb       -60588.849       1.541      8130.3259     0.0093  B-   3023.4392     1.6915  164 934955.198       1.654   ,1341.5037734999999,0.0015345,0.21212121212121213,1,0
2020,99,66,165,Dy,-n,-63612.289,0.697,8143.9083,0.0042,B-,1285.7287,0.7502,164.931709402,0.748,False,False,False,False,-63612.289,8143.9083,  33   99   66  165 Dy   -n  -63612.289       0.697      8143.9083     0.0042  B-   1285.7287     0.7502  164 931709.402       0.748   ,1343.7448695,0.0006929999999999999,0.2,0,1
2020,98,67,165,Ho,,-64898.017,0.786,8146.9591,0.0048,B-,-376.6648,0.9575,164.930329116,0.844,False,False,False,False,-64898.017,8146.9591,  31   98   67  165 Ho       -64898.017       0.786      8146.9591     0.0048  B-   -376.6648     0.9575  164 930329.116       0.844   ,1344.2482515,0.000792,0.18787878787878787,1,0
2020,97,68,165,Er,,-64521.353,0.918,8139.9348,0.0056,B-,-1591.3282,1.4891,164.930733482,0.985,False,False,False,False,-64521.353,8139.9348,  29   97   68  165 Er       -64521.353       0.918      8139.9348     0.0056  B-  -1591.3282     1.4891  164 930733.482       0.985   ,1343.089242,0.000924,0.17575757575757575,0,1
2020,96,69,165,Tm,,-62930.024,1.658,8125.5489,0.0101,B-,-2634.6364,26.5907,164.932441843,1.779,False,False,False,False,-62930.024,8125.5489,  27   96   69  165 Tm       -62930.024       1.658      8125.5489     0.0101  B-  -2634.6364    26.5907  164 932441.843       1.779   ,1340.7155685,0.0016664999999999998,0.16363636363636364,1,0
2020,95,70,165,Yb,,-60295.388,26.539,8104.8399,0.1608,B-,-3853.1403,35.4324,164.935270241,28.49,False,False,False,False,-60295.388,8104.8399,  25   95   70  165 Yb       -60295.388      26.539      8104.8399     0.1608  B-  -3853.1403    35.4324  164 935270.241      28.490   ,1337.2985835,0.026532,0.15151515151515152,0,1
2020,94,71,165,Lu,,-56442.248,26.539,8076.746,0.1608,B-,-4806.735,38.5387,164.939406758,28.49,False,False,False,False,-56442.248,8076.7460,  23   94   71  165 Lu       -56442.248      26.539      8076.7460     0.1608  B-  -4806.7350    38.5387  164 939406.758      28.490   ,1332.66309,0.026532,0.1393939393939394,1,0
2020,93,72,165,Hf,x,-51635.513,27.945,8042.8728,0.1694,B-,-5787.641,31.0668,164.944567,30.0,False,False,False,False,-51635.513,8042.8728,  21   93   72  165 Hf    x  -51635.513      27.945      8042.8728     0.1694  B-  -5787.6410    31.0668  164 944567.000      30.000   ,1327.074012,0.027951,0.12727272727272726,0,1
2020,92,73,165,Ta,,-45847.872,13.573,8003.0547,0.0823,B-,-6986.5555,29.1133,164.950780287,14.571,False,False,False,False,-45847.872,8003.0547,  19   92   73  165 Ta       -45847.872      13.573      8003.0547     0.0823  B-  -6986.5555    29.1133  164 950780.287      14.571   ,1320.5040255,0.0135795,0.11515151515151516,1,0
2020,91,74,165,W,,-38861.316,25.756,7955.9704,0.1561,B-,-8201.9627,34.9116,164.958280663,27.649,False,False,False,False,-38861.316,7955.9704,  17   91   74  165 W        -38861.316      25.756      7955.9704     0.1561  B-  -8201.9627    34.9116  164 958280.663      27.649   ,1312.7351159999998,0.025756499999999998,0.10303030303030303,0,1
2020,90,75,165,Re,+a,-30659.353,23.593,7901.5201,0.143,B-,-8913.0,202.0,164.967085831,25.328,False,False,True,False,-30659.353,7901.5201,  15   90   75  165 Re   +a  -30659.353      23.593      7901.5201     0.1430  B-  -8913#       202#      164 967085.831      25.328   ,1303.7508165,0.023594999999999998,0.09090909090909091,1,0
2020,102,64,166,Gd,x,-54370.926,1.584,8097.226,0.0095,B-,3437.8515,2.1558,165.941630413,1.7,False,False,False,False,-54370.926,8097.2260,  38  102   64  166 Gd    x  -54370.926       1.584      8097.2260     0.0095  B-   3437.8515     2.1558  165 941630.413       1.700   ,1344.1395159999997,0.001577,0.2289156626506024,1,1
2020,101,65,166,Tb,,-57808.778,1.463,8113.223,0.0088,B-,4775.693,1.669,165.937939727,1.57,False,False,False,False,-57808.778,8113.2230,  36  101   65  166 Tb       -57808.778       1.463      8113.2230     0.0088  B-   4775.6930     1.6690  165 937939.727       1.570   ,1346.795018,0.0014608000000000002,0.21686746987951808,0,0
2020,100,66,166,Dy,-n,-62584.471,0.804,8137.2793,0.0048,B-,485.8684,0.8502,165.93281281,0.862,False,False,False,False,-62584.471,8137.2793,  34  100   66  166 Dy   -n  -62584.471       0.804      8137.2793     0.0048  B-    485.8684     0.8502  165 932812.810       0.862   ,1350.7883637999998,0.0007968,0.20481927710843373,1,1
2020,99,67,166,Ho,,-63070.339,0.786,8135.4933,0.0047,B-,1853.8057,0.7792,165.932291209,0.844,False,False,False,False,-63070.339,8135.4933,  32   99   67  166 Ho       -63070.339       0.786      8135.4933     0.0047  B-   1853.8057     0.7792  165 932291.209       0.844   ,1350.4918877999999,0.0007802,0.1927710843373494,0,0
2020,98,68,166,Er,,-64924.145,0.334,8141.9479,0.002,B-,-3037.6667,11.547,165.930301067,0.358,False,False,False,False,-64924.145,8141.9479,  30   98   68  166 Er       -64924.145       0.334      8141.9479     0.0020  B-  -3037.6667    11.5470  165 930301.067       0.358   ,1351.5633514,0.000332,0.18072289156626506,1,1
2020,97,69,166,Tm,-,-61886.478,11.552,8118.9357,0.0696,B-,-292.7714,13.5069,165.933562136,12.401,False,False,False,False,-61886.478,8118.9357,  28   97   69  166 Tm    -  -61886.478      11.552      8118.9357     0.0696  B-   -292.7714    13.5069  165 933562.136      12.401   ,1347.7433262,0.011553599999999999,0.1686746987951807,0,0
2020,96,70,166,Yb,+nn,-61593.706,7.001,8112.4591,0.0422,B-,-5572.7197,30.6189,165.933876439,7.515,False,False,False,False,-61593.706,8112.4591,  26   96   70  166 Yb  +nn  -61593.706       7.001      8112.4591     0.0422  B-  -5572.7197    30.6189  165 933876.439       7.515   ,1346.6682106,0.0070052000000000005,0.1566265060240964,1,1
2020,95,71,166,Lu,x,-56020.987,29.808,8074.1756,0.1796,B-,-2161.9978,40.8585,165.939859,32.0,False,False,False,False,-56020.987,8074.1756,  24   95   71  166 Lu    x  -56020.987      29.808      8074.1756     0.1796  B-  -2161.9978    40.8585  165 939859.000      32.000   ,1340.3131495999999,0.029813600000000003,0.14457831325301204,0,0
2020,94,72,166,Hf,x,-53858.989,27.945,8056.4386,0.1683,B-,-7761.2089,39.5199,165.94218,30.0,False,False,False,False,-53858.989,8056.4386,  22   94   72  166 Hf    x  -53858.989      27.945      8056.4386     0.1683  B-  -7761.2089    39.5199  165 942180.000      30.000   ,1337.3688076,0.0279378,0.13253012048192772,1,1
2020,93,73,166,Ta,x,-46097.78,27.945,8004.9714,0.1683,B-,-4210.3092,29.5036,165.950512,30.0,False,False,False,False,-46097.780,8004.9714,  20   93   73  166 Ta    x  -46097.780      27.945      8004.9714     0.1683  B-  -4210.3092    29.5036  165 950512.000      30.000   ,1328.8252524000002,0.0279378,0.12048192771084337,0,0
2020,92,74,166,W,,-41887.471,9.463,7974.8951,0.057,B-,-10050.1358,88.7072,165.955031952,10.159,False,False,False,False,-41887.471,7974.8951,  18   92   74  166 W        -41887.471       9.463      7974.8951     0.0570  B- -10050.1358    88.7072  165 955031.952      10.159   ,1323.8325866,0.009462,0.10843373493975904,1,1
2020,91,75,166,Re,-a,-31837.335,88.242,7909.6392,0.5316,B-,-6405.809,88.3046,165.965821216,94.731,False,False,False,False,-31837.335,7909.6392,  16   91   75  166 Re   -a  -31837.335      88.242      7909.6392     0.5316  B-  -6405.8090    88.3046  165 965821.216      94.731   ,1313.0001072,0.0882456,0.0963855421686747,0,0
2020,90,76,166,Os,,-25431.526,17.966,7866.3371,0.1082,B-,-12126.0,201.0,165.972698135,19.287,False,False,True,False,-25431.526,7866.3371,  14   90   76  166 Os       -25431.526      17.966      7866.3371     0.1082  B- -12126#       201#      165 972698.135      19.287   ,1305.8119586,0.0179612,0.08433734939759036,1,1
2020,103,64,167,Gd,,-50775.732,5.213,8075.5428,0.0312,B-,5107.3505,5.5584,166.945490012,5.596,False,False,False,False,-50775.732,8075.5428,  39  103   64  167 Gd       -50775.732       5.213      8075.5428     0.0312  B-   5107.3505     5.5584  166 945490.012       5.596   ,1348.6156476,0.0052104,0.23353293413173654,0,1
2020,102,65,167,Tb,,-55883.082,1.929,8101.441,0.0116,B-,4028.3686,4.4459,166.940007046,2.071,False,False,False,False,-55883.082,8101.4410,  37  102   65  167 Tb       -55883.082       1.929      8101.4410     0.0116  B-   4028.3686     4.4459  166 940007.046       2.071   ,1352.940647,0.0019371999999999998,0.2215568862275449,1,0
2020,101,66,167,Dy,x,-59911.451,4.005,8120.8782,0.024,B-,2368.0076,6.5549,166.935682415,4.3,False,False,False,False,-59911.451,8120.8782,  35  101   66  167 Dy    x  -59911.451       4.005      8120.8782     0.0240  B-   2368.0076     6.5549  166 935682.415       4.300   ,1356.1866594,0.004008,0.20958083832335328,0,1
2020,100,67,167,Ho,p2n,-62279.459,5.189,8130.3732,0.0311,B-,1009.7971,5.189,166.933140254,5.57,False,False,False,False,-62279.459,8130.3732,  33  100   67  167 Ho  p2n  -62279.459       5.189      8130.3732     0.0311  B-   1009.7971     5.1890  166 933140.254       5.570   ,1357.7723244000001,0.0051937,0.19760479041916168,1,0
2020,99,68,167,Er,,-63289.256,0.286,8131.7352,0.0017,B-,-746.1392,1.2633,166.932056192,0.306,False,False,False,False,-63289.256,8131.7352,  31   99   68  167 Er       -63289.256       0.286      8131.7352     0.0017  B-   -746.1392     1.2633  166 932056.192       0.306   ,1357.9997784,0.00028389999999999996,0.18562874251497005,0,1
2020,98,69,167,Tm,,-62543.117,1.258,8122.5826,0.0075,B-,-1953.2162,3.7968,166.932857206,1.35,False,False,False,False,-62543.117,8122.5826,  29   98   69  167 Tm       -62543.117       1.258      8122.5826     0.0075  B-  -1953.2162     3.7968  166 932857.206       1.350   ,1356.4712941999999,0.0012525,0.17365269461077845,1,0
2020,97,70,167,Yb,,-60589.9,3.96,8106.202,0.0237,B-,-3063.619,37.4696,166.934954069,4.251,False,False,False,False,-60589.900,8106.2020,  27   97   70  167 Yb       -60589.900       3.960      8106.2020     0.0237  B-  -3063.6190    37.4696  166 934954.069       4.251   ,1353.7357339999999,0.0039579,0.16167664670658682,0,1
2020,96,71,167,Lu,x,-57526.281,37.26,8083.1722,0.2231,B-,-4058.5198,46.5747,166.938243,40.0,False,False,False,False,-57526.281,8083.1722,  25   96   71  167 Lu    x  -57526.281      37.260      8083.1722     0.2231  B-  -4058.5198    46.5747  166 938243.000      40.000   ,1349.8897574,0.0372577,0.1497005988023952,1,0
2020,95,72,167,Hf,x,-53467.761,27.945,8054.185,0.1673,B-,-5116.6971,39.5199,166.9426,30.0,False,False,False,False,-53467.761,8054.1850,  23   95   72  167 Hf    x  -53467.761      27.945      8054.1850     0.1673  B-  -5116.6971    39.5199  166 942600.000      30.000   ,1345.0488950000001,0.0279391,0.1377245508982036,0,1
2020,94,73,167,Ta,x,-48351.064,27.945,8018.8614,0.1673,B-,-6257.8523,33.6262,166.948093,30.0,False,False,False,False,-48351.064,8018.8614,  21   94   73  167 Ta    x  -48351.064      27.945      8018.8614     0.1673  B-  -6257.8523    33.6262  166 948093.000      30.000   ,1339.1498537999998,0.0279391,0.12574850299401197,1,0
2020,93,74,167,W,,-42093.212,18.703,7976.7045,0.112,B-,-7259.0,44.0,166.95481108,20.078,False,False,True,False,-42093.212,7976.7045,  19   93   74  167 W        -42093.212      18.703      7976.7045     0.1120  B-  -7259#        44#      166 954811.080      20.078   ,1332.1096515,0.018704000000000002,0.11377245508982035,0,1
2020,91,76,167,Os,-a,-26498.86,80.892,7873.9557,0.4844,B-,-9426.4121,82.9464,166.971552304,86.841,False,False,False,False,-26498.860,7873.9557,  15   91   76  167 Os   -a  -26498.860      80.892      7873.9557     0.4844  B-  -9426.4121    82.9464  166 971552.304      86.841   ,1314.9506019,0.0808948,0.08982035928143713,0,1
2020,90,77,167,Ir,,-17072.448,18.346,7812.8254,0.1099,B-,-10319.0,307.0,166.981671973,19.694,False,False,True,False,-17072.448,7812.8254,  13   90   77  167 Ir       -17072.448      18.346      7812.8254     0.1099  B- -10319#       307#      166 981671.973      19.694   ,1304.7418418,0.0183533,0.07784431137724551,1,0
2020,103,65,168,Tb,x,-52781.181,4.192,8082.798,0.025,B-,5777.2167,140.0696,167.943337074,4.5,False,False,False,False,-52781.181,8082.7980,  38  103   65  168 Tb    x  -52781.181       4.192      8082.7980     0.0250  B-   5777.2167   140.0696  167 943337.074       4.500   ,1357.910064,0.004200000000000001,0.2261904761904762,0,0
2020,102,66,168,Dy,+pp,-58558.398,140.007,8112.5293,0.8334,B-,1500.8333,143.1849,167.937134977,150.303,False,False,False,False,-58558.398,8112.5293,  36  102   66  168 Dy  +pp  -58558.398     140.007      8112.5293     0.8334  B-   1500.8333   143.1849  167 937134.977     150.303   ,1362.9049224,0.1400112,0.21428571428571427,1,1
2020,101,67,168,Ho,+,-60059.231,30.001,8116.8061,0.1786,B-,2930.0,30.0,167.935523766,32.207,False,False,False,False,-60059.231,8116.8061,  34  101   67  168 Ho    +  -60059.231      30.001      8116.8061     0.1786  B-   2930.0000    30.0000  167 935523.766      32.207   ,1363.6234247999998,0.0300048,0.20238095238095238,0,0
2020,100,68,168,Er,,-62989.231,0.262,8129.5897,0.0016,B-,-1676.8526,1.6858,167.932378282,0.28,False,False,False,False,-62989.231,8129.5897,  32  100   68  168 Er       -62989.231       0.262      8129.5897     0.0016  B-  -1676.8526     1.6858  167 932378.282       0.280   ,1365.7710696000001,0.00026880000000000003,0.19047619047619047,1,1
2020,99,69,168,Tm,,-61312.379,1.677,8114.9516,0.01,B-,267.488,1.6782,167.934178457,1.8,False,False,False,False,-61312.379,8114.9516,  30   99   69  168 Tm       -61312.379       1.677      8114.9516     0.0100  B-    267.4880     1.6782  167 934178.457       1.800   ,1363.3118688,0.0016799999999999999,0.17857142857142858,0,0
2020,98,70,168,Yb,,-61579.867,0.093,8111.887,0.0006,B-,-4507.0351,37.9735,167.933891297,0.1,False,False,False,False,-61579.867,8111.8870,  28   98   70  168 Yb       -61579.867       0.093      8111.8870     0.0006  B-  -4507.0351    37.9735  167 933891.297       0.100   ,1362.797016,0.00010079999999999998,0.16666666666666666,1,1
2020,97,71,168,Lu,,-57072.832,37.973,8080.4026,0.226,B-,-1712.274,47.1476,167.938729798,40.766,False,False,False,False,-57072.832,8080.4026,  26   97   71  168 Lu       -57072.832      37.973      8080.4026     0.2260  B-  -1712.2740    47.1476  167 938729.798      40.766   ,1357.5076368,0.037968,0.15476190476190477,0,0
2020,96,72,168,Hf,x,-55360.557,27.945,8065.5536,0.1663,B-,-6966.6444,39.5199,167.940568,30.0,False,False,False,False,-55360.557,8065.5536,  24   96   72  168 Hf    x  -55360.557      27.945      8065.5536     0.1663  B-  -6966.6444    39.5199  167 940568.000      30.000   ,1355.0130048,0.027938400000000002,0.14285714285714285,1,1
2020,95,73,168,Ta,x,-48393.913,27.945,8019.4287,0.1663,B-,-3500.9828,30.9307,167.948047,30.0,False,False,False,False,-48393.913,8019.4287,  22   95   73  168 Ta    x  -48393.913      27.945      8019.4287     0.1663  B-  -3500.9828    30.9307  167 948047.000      30.000   ,1347.2640216000002,0.027938400000000002,0.13095238095238096,0,0
2020,94,74,168,W,,-44892.93,13.259,7993.9327,0.0789,B-,-9098.0411,33.5515,167.951805459,14.233,False,False,False,False,-44892.930,7993.9327,  20   94   74  168 W        -44892.930      13.259      7993.9327     0.0789  B-  -9098.0411    33.5515  167 951805.459      14.233   ,1342.9806936000002,0.0132552,0.11904761904761904,1,1
2020,93,75,168,Re,-a,-35794.889,30.821,7935.1208,0.1835,B-,-5799.8944,32.3727,167.961572607,33.087,False,False,False,False,-35794.889,7935.1208,  18   93   75  168 Re   -a  -35794.889      30.821      7935.1208     0.1835  B-  -5799.8944    32.3727  167 961572.607      33.087   ,1333.1002944,0.030827999999999998,0.10714285714285714,0,0
2020,92,76,168,Os,,-29994.995,9.903,7895.9408,0.0589,B-,-11328.7644,56.0975,167.96779905,10.631,False,False,False,False,-29994.995,7895.9408,  16   92   76  168 Os       -29994.995       9.903      7895.9408     0.0589  B- -11328.7644    56.0975  167 967799.050      10.631   ,1326.5180544,0.009895200000000002,0.09523809523809523,1,1
2020,91,77,168,Ir,-a,-18666.23,55.216,7823.8509,0.3287,B-,-7656.1526,140.3258,167.979960978,59.277,False,False,False,False,-18666.230,7823.8509,  14   91   77  168 Ir   -a  -18666.230      55.216      7823.8509     0.3287  B-  -7656.1526   140.3258  167 979960.978      59.277   ,1314.4069512,0.055221599999999996,0.08333333333333333,0,0
2020,90,78,168,Pt,-a,-11010.078,149.934,7773.6217,0.8925,B-,-13540.0,427.0,167.988180196,160.96,False,False,True,False,-11010.078,7773.6217,  12   90   78  168 Pt   -a  -11010.078     149.934      7773.6217     0.8925  B- -13540#       427#      167 988180.196     160.960   ,1305.9684456,0.14994,0.07142857142857142,1,1
2020,103,66,169,Dy,+,-55596.01,300.669,8094.7566,1.7791,B-,3200.0,300.0,168.940315231,322.781,False,False,False,False,-55596.010,8094.7566,  37  103   66  169 Dy    +  -55596.010     300.669      8094.7566     1.7791  B-   3200.0000   300.0000  168 940315.231     322.781   ,1368.0138654,0.3006679,0.21893491124260356,0,1
2020,102,67,169,Ho,+p,-58796.01,20.048,8109.0622,0.1186,B-,2125.1534,20.0483,168.93687989,21.522,False,False,False,False,-58796.010,8109.0622,  35  102   67  169 Ho   +p  -58796.010      20.048      8109.0622     0.1186  B-   2125.1534    20.0483  168 936879.890      21.522   ,1370.4315118,0.0200434,0.20710059171597633,1,0
2020,101,68,169,Er,-n,-60921.163,0.304,8117.0078,0.0018,B-,353.491,0.7729,168.934598444,0.326,False,False,False,False,-60921.163,8117.0078,  33  101   68  169 Er   -n  -60921.163       0.304      8117.0078     0.0018  B-    353.4910     0.7729  168 934598.444       0.326   ,1371.7743182000002,0.00030419999999999997,0.1952662721893491,0,1
2020,100,69,169,Tm,,-61274.654,0.738,8114.4702,0.0044,B-,-899.127,0.7563,168.934218956,0.792,False,False,False,False,-61274.654,8114.4702,  31  100   69  169 Tm       -61274.654       0.738      8114.4702     0.0044  B-   -899.1270     0.7563  168 934218.956       0.792   ,1371.3454638,0.0007436000000000001,0.1834319526627219,1,0
2020,99,70,169,Yb,-n,-60375.527,0.178,8104.5206,0.0011,B-,-2293.0,3.0,168.935184208,0.191,False,False,False,False,-60375.527,8104.5206,  29   99   70  169 Yb   -n  -60375.527       0.178      8104.5206     0.0011  B-  -2293.0000     3.0000  168 935184.208       0.191   ,1369.6639814,0.00018590000000000002,0.17159763313609466,0,1
2020,98,71,169,Lu,-,-58082.527,3.005,8086.3233,0.0178,B-,-3365.6321,28.106,168.937645845,3.226,False,False,False,False,-58082.527,8086.3233,  27   98   71  169 Lu    -  -58082.527       3.005      8086.3233     0.0178  B-  -3365.6321    28.1060  168 937645.845       3.226   ,1366.5886377000002,0.0030082,0.15976331360946747,1,0
2020,97,72,169,Hf,x,-54716.895,27.945,8061.7791,0.1654,B-,-4426.46,39.5199,168.941259,30.0,False,False,False,False,-54716.895,8061.7791,  25   97   72  169 Hf    x  -54716.895      27.945      8061.7791     0.1654  B-  -4426.4600    39.5199  168 941259.000      30.000   ,1362.4406679,0.027952599999999998,0.14792899408284024,0,1
2020,96,73,169,Ta,x,-50290.435,27.945,8030.9577,0.1654,B-,-5372.5686,31.9246,168.946011,30.0,False,False,False,False,-50290.435,8030.9577,  23   96   73  169 Ta    x  -50290.435      27.945      8030.9577     0.1654  B-  -5372.5686    31.9246  168 946011.000      30.000   ,1357.2318513,0.027952599999999998,0.13609467455621302,1,0
2020,95,74,169,W,,-44917.866,15.436,7994.5381,0.0913,B-,-6508.6195,19.1703,168.951778689,16.571,False,False,False,False,-44917.866,7994.5381,  21   95   74  169 W        -44917.866      15.436      7994.5381     0.0913  B-  -6508.6195    19.1703  168 951778.689      16.571   ,1351.0769389,0.015429700000000001,0.1242603550295858,0,1
2020,94,75,169,Re,+a,-38409.247,11.369,7951.3963,0.0673,B-,-7686.2626,28.3218,168.958765979,12.204,False,False,False,False,-38409.247,7951.3963,  19   94   75  169 Re   +a  -38409.247      11.369      7951.3963     0.0673  B-  -7686.2626    28.3218  168 958765.979      12.204   ,1343.7859747000002,0.011373699999999999,0.11242603550295859,1,0
2020,93,76,169,Os,-a,-30722.984,25.94,7901.2862,0.1535,B-,-8629.5684,34.8557,168.967017521,27.847,False,False,False,False,-30722.984,7901.2862,  17   93   76  169 Os   -a  -30722.984      25.940      7901.2862     0.1535  B-  -8629.5684    34.8557  168 967017.521      27.847   ,1335.3173677999998,0.025941500000000003,0.10059171597633136,0,1
2020,92,77,169,Ir,+a,-22093.416,23.307,7845.5944,0.1379,B-,-9629.0,202.0,168.976281743,25.02,False,False,True,False,-22093.416,7845.5944,  15   92   77  169 Ir   +a  -22093.416      23.307      7845.5944     0.1379  B-  -9629#       202#      168 976281.743      25.020   ,1325.9054535999999,0.0233051,0.08875739644970414,1,0
2020,103,67,170,Ho,+,-56237.514,50.019,8093.7902,0.2942,B-,3870.0,50.0,169.939626548,53.697,False,False,False,False,-56237.514,8093.7902,  36  103   67  170 Ho    +  -56237.514      50.019      8093.7902     0.2942  B-   3870.0000    50.0000  169 939626.548      53.697   ,1375.944334,0.050014,0.21176470588235294,0,0
2020,102,68,170,Er,,-60107.514,1.387,8111.9529,0.0082,B-,-312.1997,1.7852,169.935471933,1.488,False,False,False,False,-60107.514,8111.9529,  34  102   68  170 Er       -60107.514       1.387      8111.9529     0.0082  B-   -312.1997     1.7852  169 935471.933       1.488   ,1379.031993,0.001394,0.2,1,1
2020,101,69,170,Tm,,-59795.314,0.732,8105.5144,0.0043,B-,968.6148,0.7319,169.935807093,0.785,False,False,False,False,-59795.314,8105.5144,  32  101   69  170 Tm       -59795.314       0.732      8105.5144     0.0043  B-    968.6148     0.7319  169 935807.093       0.785   ,1377.9374480000001,0.000731,0.18823529411764706,0,0
2020,100,70,170,Yb,,-60763.929,0.01,8106.6101,0.0003,B-,-3457.695,16.843,169.934767242,0.011,False,False,False,False,-60763.929,8106.6101,  30  100   70  170 Yb       -60763.929       0.010      8106.6101     0.0003  B-  -3457.6950    16.8430  169 934767.242       0.011   ,1378.123717,5.1e-05,0.17647058823529413,1,1
2020,99,71,170,Lu,-,-57306.234,16.843,8081.6686,0.0991,B-,-1052.3734,32.6282,169.93847923,18.081,False,False,False,False,-57306.234,8081.6686,  28   99   71  170 Lu    -  -57306.234      16.843      8081.6686     0.0991  B-  -1052.3734    32.6282  169 938479.230      18.081   ,1373.883662,0.016846999999999997,0.16470588235294117,0,0
2020,98,72,170,Hf,x,-56253.86,27.945,8070.8762,0.1644,B-,-6116.1903,39.5199,169.939609,30.0,False,False,False,False,-56253.860,8070.8762,  26   98   72  170 Hf    x  -56253.860      27.945      8070.8762     0.1644  B-  -6116.1903    39.5199  169 939609.000      30.000   ,1372.0489539999999,0.027947999999999997,0.15294117647058825,1,1
2020,97,73,170,Ta,x,-50137.67,27.945,8030.2965,0.1644,B-,-2846.8656,30.9035,169.946175,30.0,False,False,False,False,-50137.670,8030.2965,  24   97   73  170 Ta    x  -50137.670      27.945      8030.2965     0.1644  B-  -2846.8656    30.9035  169 946175.000      30.000   ,1365.150405,0.027947999999999997,0.1411764705882353,0,0
2020,96,74,170,W,,-47290.804,13.195,8008.9482,0.0776,B-,-8386.8083,17.4557,169.949231235,14.165,False,False,False,False,-47290.804,8008.9482,  22   96   74  170 W        -47290.804      13.195      8008.9482     0.0776  B-  -8386.8083    17.4557  169 949231.235      14.165   ,1361.521194,0.013192,0.12941176470588237,1,1
2020,95,75,170,Re,,-38903.996,11.427,7955.012,0.0672,B-,-4978.3046,15.0274,169.958234844,12.267,False,False,False,False,-38903.996,7955.0120,  20   95   75  170 Re       -38903.996      11.427      7955.0120     0.0672  B-  -4978.3046    15.0274  169 958234.844      12.267   ,1352.35204,0.011424,0.11764705882352941,0,0
2020,94,76,170,Os,,-33925.692,9.759,7921.1258,0.0574,B-,-10743.0,102.0,169.963579273,10.476,False,False,True,False,-33925.692,7921.1258,  18   94   76  170 Os       -33925.692       9.759      7921.1258     0.0574  B- -10743#       102#      169 963579.273      10.476   ,1346.5913859999998,0.009758,0.10588235294117647,1,1
2020,92,78,170,Pt,,-16299.202,18.246,7808.2365,0.1073,B-,-12596.0,202.0,169.982502087,19.588,False,False,True,False,-16299.202,7808.2365,  14   92   78  170 Pt       -16299.202      18.246      7808.2365     0.1073  B- -12596#       202#      169 982502.087      19.588   ,1327.4002050000001,0.018241,0.08235294117647059,1,1
2020,104,67,171,Ho,+,-54517.822,600.002,8083.6021,3.5088,B-,3200.0,600.0,170.941472713,644.128,False,False,False,False,-54517.822,8083.6021,  37  104   67  171 Ho    +  -54517.822     600.002      8083.6021     3.5088  B-   3200.0000   600.0000  170 941472.713     644.128   ,1382.2959591000001,0.6000047999999999,0.21637426900584794,1,0
2020,103,68,171,Er,,-57717.822,1.408,8097.7404,0.0082,B-,1492.449,1.0788,170.938037372,1.511,False,False,False,False,-57717.822,8097.7404,  35  103   68  171 Er       -57717.822       1.408      8097.7404     0.0082  B-   1492.4490     1.0788  170 938037.372       1.511   ,1384.7136084,0.0014022000000000001,0.2046783625730994,0,1
2020,102,69,171,Tm,,-59210.271,0.972,8101.8931,0.0057,B-,96.5468,0.9715,170.936435162,1.043,False,False,False,False,-59210.271,8101.8931,  33  102   69  171 Tm       -59210.271       0.972      8101.8931     0.0057  B-     96.5468     0.9715  170 936435.162       1.043   ,1385.4237201,0.0009747,0.19298245614035087,1,0
2020,101,70,171,Yb,,-59306.818,0.013,8097.8826,0.0003,B-,-1478.3526,1.8621,170.936331515,0.013,False,False,False,False,-59306.818,8097.8826,  31  101   70  171 Yb       -59306.818       0.013      8097.8826     0.0003  B-  -1478.3526     1.8621  170 936331.515       0.013   ,1384.7379246,5.13e-05,0.18128654970760233,0,1
2020,100,71,171,Lu,,-57828.465,1.862,8084.6621,0.0109,B-,-2397.1144,28.9363,170.937918591,1.999,False,False,False,False,-57828.465,8084.6621,  29  100   71  171 Lu       -57828.465       1.862      8084.6621     0.0109  B-  -2397.1144    28.9363  170 937918.591       1.999   ,1382.4772191,0.0018639,0.1695906432748538,1,0
2020,99,72,171,Hf,x,-55431.351,28.876,8066.0687,0.1689,B-,-3711.0725,40.184,170.940492,31.0,False,False,False,False,-55431.351,8066.0687,  27   99   72  171 Hf    x  -55431.351      28.876      8066.0687     0.1689  B-  -3711.0725    40.1840  170 940492.000      31.000   ,1379.2977477,0.0288819,0.15789473684210525,0,1
2020,98,73,171,Ta,x,-51720.279,27.945,8039.7914,0.1634,B-,-4634.1832,39.5199,170.944476,30.0,False,False,False,False,-51720.279,8039.7914,  25   98   73  171 Ta    x  -51720.279      27.945      8039.7914     0.1634  B-  -4634.1832    39.5199  170 944476.000      30.000   ,1374.8043294,0.027941399999999998,0.14619883040935672,1,0
2020,97,74,171,W,x,-47086.095,27.945,8008.1158,0.1634,B-,-5835.8106,39.5199,170.949451,30.0,False,False,False,False,-47086.095,8008.1158,  23   97   74  171 W     x  -47086.095      27.945      8008.1158     0.1634  B-  -5835.8106    39.5199  170 949451.000      30.000   ,1369.3878018,0.027941399999999998,0.13450292397660818,0,1
2020,96,75,171,Re,x,-41250.285,27.945,7969.4131,0.1634,B-,-6953.0469,33.3748,170.955716,30.0,False,False,False,False,-41250.285,7969.4131,  21   96   75  171 Re    x  -41250.285      27.945      7969.4131     0.1634  B-  -6953.0469    33.3748  170 955716.000      30.000   ,1362.7696401,0.027941399999999998,0.12280701754385964,1,0
2020,95,76,171,Os,,-34297.238,18.247,7924.1769,0.1067,B-,-7885.2079,42.5749,170.963180402,19.589,False,False,False,False,-34297.238,7924.1769,  19   95   76  171 Os       -34297.238      18.247      7924.1769     0.1067  B-  -7885.2079    42.5749  170 963180.402      19.589   ,1355.0342499,0.0182457,0.1111111111111111,0,1
2020,94,77,171,Ir,-a,-26412.03,38.466,7873.4895,0.2249,B-,-8945.4613,89.6251,170.97164552,41.295,False,False,False,False,-26412.030,7873.4895,  17   94   77  171 Ir   -a  -26412.030      38.466      7873.4895     0.2249  B-  -8945.4613    89.6251  170 971645.520      41.295   ,1346.3667045,0.038457899999999996,0.09941520467836257,1,0
2020,93,78,171,Pt,-a,-17466.569,80.951,7816.6017,0.4734,B-,-9904.2655,83.5586,170.981248868,86.904,False,False,False,False,-17466.569,7816.6017,  15   93   78  171 Pt   -a  -17466.569      80.951      7816.6017     0.4734  B-  -9904.2655    83.5586  170 981248.868      86.904   ,1336.6388907,0.08095139999999999,0.08771929824561403,0,1
2020,92,79,171,Au,-p,-7562.303,20.713,7754.1069,0.1211,B-,-10901.0,307.0,170.991881533,22.236,False,False,True,False,-7562.303,7754.1069,  13   92   79  171 Au   -p   -7562.303      20.713      7754.1069     0.1211  B- -10901#       307#      170 991881.533      22.236   ,1325.9522799,0.020708099999999997,0.07602339181286549,1,0
2020,104,68,172,Er,,-56482.578,3.962,8090.4052,0.023,B-,890.9756,4.5418,171.939363461,4.253,False,False,False,False,-56482.578,8090.4052,  36  104   68  172 Er       -56482.578       3.962      8090.4052     0.0230  B-    890.9756     4.5418  171 939363.461       4.253   ,1391.5496944,0.003956,0.20930232558139536,1,1
2020,103,69,172,Tm,,-57373.554,5.481,8091.0367,0.0319,B-,1881.9024,5.4814,171.938406959,5.884,False,False,False,False,-57373.554,8091.0367,  34  103   69  172 Tm       -57373.554       5.481      8091.0367     0.0319  B-   1881.9024     5.4814  171 938406.959       5.884   ,1391.6583123999999,0.0054868,0.19767441860465115,0,0
2020,102,70,172,Yb,,-59255.456,0.014,8097.4295,0.0003,B-,-2519.3805,2.336,171.936386654,0.014,False,False,False,False,-59255.456,8097.4295,  32  102   70  172 Yb       -59255.456       0.014      8097.4295     0.0003  B-  -2519.3805     2.3360  171 936386.654       0.014   ,1392.7578740000001,5.1599999999999994e-05,0.18604651162790697,1,1
2020,101,71,172,Lu,,-56736.076,2.336,8078.2334,0.0136,B-,-333.8443,24.5396,171.93909132,2.507,False,False,False,False,-56736.076,8078.2334,  30  101   71  172 Lu       -56736.076       2.336      8078.2334     0.0136  B-   -333.8443    24.5396  171 939091.320       2.507   ,1389.4561448000002,0.0023392,0.1744186046511628,0,0
2020,100,72,172,Hf,x,-56402.232,24.428,8071.7439,0.142,B-,-5072.249,37.1167,171.939449716,26.224,False,False,False,False,-56402.232,8071.7439,  28  100   72  172 Hf    x  -56402.232      24.428      8071.7439     0.1420  B-  -5072.2490    37.1167  171 939449.716      26.224   ,1388.3399508,0.024423999999999998,0.16279069767441862,1,1
2020,99,73,172,Ta,x,-51329.983,27.945,8037.7056,0.1625,B-,-2232.7914,39.5199,171.944895,30.0,False,False,False,False,-51329.983,8037.7056,  26   99   73  172 Ta    x  -51329.983      27.945      8037.7056     0.1625  B-  -2232.7914    39.5199  171 944895.000      30.000   ,1382.4853632,0.02795,0.1511627906976744,0,0
2020,98,74,172,W,x,-49097.191,27.945,8020.1757,0.1625,B-,-7530.3525,45.2323,171.947292,30.0,False,False,False,False,-49097.191,8020.1757,  24   98   74  172 W     x  -49097.191      27.945      8020.1757     0.1625  B-  -7530.3525    45.2323  171 947292.000      30.000   ,1379.4702204,0.02795,0.13953488372093023,1,1
2020,97,75,172,Re,,-41566.839,35.568,7971.846,0.2068,B-,-4323.1979,37.789,171.955376165,38.183,False,False,False,False,-41566.839,7971.8460,  22   97   75  172 Re       -41566.839      35.568      7971.8460     0.2068  B-  -4323.1979    37.7890  171 955376.165      38.183   ,1371.1575119999998,0.0355696,0.12790697674418605,0,0
2020,96,76,172,Os,,-37243.641,12.766,7942.1626,0.0742,B-,-9864.2673,34.8263,171.960017309,13.704,False,False,False,False,-37243.641,7942.1626,  20   96   76  172 Os       -37243.641      12.766      7942.1626     0.0742  B-  -9864.2673    34.8263  171 960017.309      13.704   ,1366.0519671999998,0.0127624,0.11627906976744186,1,1
2020,95,77,172,Ir,-a,-27379.373,32.402,7880.2637,0.1884,B-,-6272.7035,34.0232,171.970607035,34.785,False,False,False,False,-27379.373,7880.2637,  18   95   77  172 Ir   -a  -27379.373      32.402      7880.2637     0.1884  B-  -6272.7035    34.0232  171 970607.035      34.785   ,1355.4053564,0.032404800000000004,0.10465116279069768,0,0
2020,94,78,172,Pt,,-21106.67,10.376,7839.246,0.0603,B-,-11788.6592,57.1082,171.977341059,11.139,False,False,False,False,-21106.670,7839.2460,  16   94   78  172 Pt       -21106.670      10.376      7839.2460     0.0603  B- -11788.6592    57.1082  171 977341.059      11.139   ,1348.350312,0.010371599999999998,0.09302325581395349,1,1
2020,93,79,172,Au,-a,-9318.011,56.158,7766.1587,0.3265,B-,-8256.6495,140.835,171.989996704,60.287,False,False,False,False,-9318.011,7766.1587,  14   93   79  172 Au   -a   -9318.011      56.158      7766.1587     0.3265  B-  -8256.6495   140.8350  171 989996.704      60.287   ,1335.7792963999998,0.056158,0.08139534883720931,0,0
2020,92,80,172,Hg,-a,-1061.361,150.062,7713.6064,0.8725,B-,,,171.998860581,161.098,False,False,False,False,-1061.361,7713.6064,  12   92   80  172 Hg   -a   -1061.361     150.062      7713.6064     0.8725  B-      *                  171 998860.581     161.098   ,1326.7403007999999,0.15007,0.06976744186046512,1,1
2020,104,69,173,Tm,p2n,-56256.067,4.4,8084.4633,0.0254,B-,1295.1669,4.4,172.93960663,4.723,False,False,False,False,-56256.067,8084.4633,  35  104   69  173 Tm  p2n  -56256.067       4.400      8084.4633     0.0254  B-   1295.1669     4.4000  172 939606.630       4.723   ,1398.6121509,0.0043942,0.2023121387283237,1,0
2020,103,70,173,Yb,,-57551.234,0.011,8087.4276,0.0003,B-,-670.2201,1.5674,172.938216211,0.012,False,False,False,False,-57551.234,8087.4276,  33  103   70  173 Yb       -57551.234       0.011      8087.4276     0.0003  B-   -670.2201     1.5674  172 938216.211       0.012   ,1399.1249748,5.1899999999999994e-05,0.1907514450867052,0,1
2020,102,71,173,Lu,,-56881.014,1.567,8079.0312,0.0091,B-,-1469.2244,27.9887,172.938935722,1.682,False,False,False,False,-56881.014,8079.0312,  31  102   71  173 Lu       -56881.014       1.567      8079.0312     0.0091  B-  -1469.2244    27.9887  172 938935.722       1.682   ,1397.6723976,0.0015743,0.1791907514450867,1,0
2020,101,72,173,Hf,x,-55411.79,27.945,8066.0164,0.1615,B-,-3015.2464,39.5199,172.940513,30.0,False,False,False,False,-55411.790,8066.0164,  29  101   72  173 Hf    x  -55411.790      27.945      8066.0164     0.1615  B-  -3015.2464    39.5199  172 940513.000      30.000   ,1395.4208372000003,0.027939500000000003,0.1676300578034682,0,1
2020,100,73,173,Ta,x,-52396.543,27.945,8044.065,0.1615,B-,-3669.1553,39.5199,172.94375,30.0,False,False,False,False,-52396.543,8044.0650,  27  100   73  173 Ta    x  -52396.543      27.945      8044.0650     0.1615  B-  -3669.1553    39.5199  172 943750.000      30.000   ,1391.6232449999998,0.027939500000000003,0.15606936416184972,1,0
2020,99,74,173,W,x,-48727.388,27.945,8018.3337,0.1615,B-,-5173.5182,39.5199,172.947689,30.0,False,False,False,False,-48727.388,8018.3337,  25   99   74  173 W     x  -48727.388      27.945      8018.3337     0.1615  B-  -5173.5182    39.5199  172 947689.000      30.000   ,1387.1717301,0.027939500000000003,0.14450867052023122,0,1
2020,98,75,173,Re,x,-43553.87,27.945,7983.9068,0.1615,B-,-6115.6196,31.6968,172.953243,30.0,False,False,False,False,-43553.870,7983.9068,  23   98   75  173 Re    x  -43553.870      27.945      7983.9068     0.1615  B-  -6115.6196    31.6968  172 953243.000      30.000   ,1381.2158763999998,0.027939500000000003,0.1329479768786127,1,0
2020,97,76,173,Os,,-37438.25,14.959,7944.0341,0.0865,B-,-7169.7944,18.2998,172.959808387,16.059,False,False,False,False,-37438.250,7944.0341,  21   97   76  173 Os       -37438.250      14.959      7944.0341     0.0865  B-  -7169.7944    18.2998  172 959808.387      16.059   ,1374.3178993,0.014964499999999999,0.12138728323699421,0,1
2020,96,77,173,Ir,,-30268.456,10.542,7898.068,0.0609,B-,-8331.6974,64.3014,172.967505477,11.316,False,False,False,False,-30268.456,7898.0680,  19   96   77  173 Ir       -30268.456      10.542      7898.0680     0.0609  B-  -8331.6974    64.3014  172 967505.477      11.316   ,1366.365764,0.0105357,0.10982658959537572,1,0
2020,95,78,173,Pt,-a,-21936.758,63.431,7845.3856,0.3667,B-,-9104.7415,67.3903,172.976449922,68.096,False,False,False,False,-21936.758,7845.3856,  17   95   78  173 Pt   -a  -21936.758      63.431      7845.3856     0.3667  B-  -9104.7415    67.3903  172 976449.922      68.096   ,1357.2517088,0.0634391,0.09826589595375723,0,1
2020,94,79,173,Au,+a,-12832.017,22.783,7788.2348,0.1317,B-,-10171.0,202.0,172.986224263,24.458,False,False,True,False,-12832.017,7788.2348,  15   94   79  173 Au   +a  -12832.017      22.783      7788.2348     0.1317  B- -10171#       202#      172 986224.263      24.458   ,1347.3646204000001,0.0227841,0.08670520231213873,1,0
2020,105,69,174,Tm,+,-53864.521,44.721,8070.6432,0.257,B-,3080.0,44.7214,173.942174061,48.01,False,False,False,False,-53864.521,8070.6432,  36  105   69  174 Tm    +  -53864.521      44.721      8070.6432     0.2570  B-   3080.0000    44.7214  173 942174.061      48.010   ,1404.2919168,0.044718,0.20689655172413793,0,0
2020,104,70,174,Yb,,-56944.521,0.011,8083.8481,0.0003,B-,-1374.2287,1.5675,173.938867545,0.011,False,False,False,False,-56944.521,8083.8481,  34  104   70  174 Yb       -56944.521       0.011      8083.8481     0.0003  B-  -1374.2287     1.5675  173 938867.545       0.011   ,1406.5895693999998,5.2199999999999995e-05,0.19540229885057472,1,1
2020,103,71,174,Lu,,-55570.292,1.567,8071.454,0.009,B-,274.2911,2.1686,173.94034284,1.682,False,False,False,False,-55570.292,8071.4540,  32  103   71  174 Lu       -55570.292       1.567      8071.4540     0.0090  B-    274.2911     2.1686  173 940342.840       1.682   ,1404.432996,0.001566,0.1839080459770115,0,0
2020,102,72,174,Hf,,-55844.583,2.259,8068.5341,0.013,B-,-4103.8117,28.036,173.940048377,2.425,False,False,False,False,-55844.583,8068.5341,  30  102   72  174 Hf       -55844.583       2.259      8068.5341     0.0130  B-  -4103.8117    28.0360  173 940048.377       2.425   ,1403.9249333999999,0.002262,0.1724137931034483,1,1
2020,101,73,174,Ta,x,-51740.771,27.945,8040.4528,0.1606,B-,-1513.6779,39.5199,173.944454,30.0,False,False,False,False,-51740.771,8040.4528,  28  101   73  174 Ta    x  -51740.771      27.945      8040.4528     0.1606  B-  -1513.6779    39.5199  173 944454.000      30.000   ,1399.0387872,0.027944399999999998,0.16091954022988506,0,0
2020,100,74,174,W,x,-50227.093,27.945,8027.2572,0.1606,B-,-6553.9925,39.5199,173.946079,30.0,False,False,False,False,-50227.093,8027.2572,  26  100   74  174 W     x  -50227.093      27.945      8027.2572     0.1606  B-  -6553.9925    39.5199  173 946079.000      30.000   ,1396.7427527999998,0.027944399999999998,0.14942528735632185,1,1
2020,99,75,174,Re,x,-43673.101,27.945,7985.0944,0.1606,B-,-3677.7177,29.7667,173.953115,30.0,False,False,False,False,-43673.101,7985.0944,  24   99   75  174 Re    x  -43673.101      27.945      7985.0944     0.1606  B-  -3677.7177    29.7667  173 953115.000      30.000   ,1389.4064256,0.027944399999999998,0.13793103448275862,0,0
2020,98,76,174,Os,,-39995.383,10.254,7959.4618,0.0589,B-,-9209.4466,15.2008,173.957063192,11.008,False,False,False,False,-39995.383,7959.4618,  22   98   76  174 Os       -39995.383      10.254      7959.4618     0.0589  B-  -9209.4466    15.2008  173 957063.192      11.008   ,1384.9463532,0.0102486,0.12643678160919541,1,1
2020,97,77,174,Ir,+a,-30785.937,11.221,7902.0377,0.0645,B-,-5468.3293,15.2578,173.966949939,12.046,False,False,False,False,-30785.937,7902.0377,  20   97   77  174 Ir   +a  -30785.937      11.221      7902.0377     0.0645  B-  -5468.3293    15.2578  173 966949.939      12.046   ,1374.9545598,0.011223,0.11494252873563218,0,0
2020,96,78,174,Pt,-a,-25317.608,10.338,7866.1143,0.0594,B-,-11259.0,102.0,173.972820431,11.098,False,False,True,False,-25317.608,7866.1143,  18   96   78  174 Pt   -a  -25317.608      10.338      7866.1143     0.0594  B- -11259#       102#      173 972820.431      11.098   ,1368.7038882,0.010335599999999999,0.10344827586206896,1,1
2020,94,80,174,Hg,-a,-6641.017,19.211,7749.7851,0.1104,B-,,,173.992870575,20.623,False,False,False,False,-6641.017,7749.7851,  14   94   80  174 Hg   -a   -6641.017      19.211      7749.7851     0.1104  B-      *                  173 992870.575      20.623   ,1348.4626074,0.019209599999999997,0.08045977011494253,1,1
2020,106,69,175,Tm,+,-52310.556,50.0,8061.7673,0.2857,B-,2385.0,50.0,174.94384231,53.677,False,False,False,False,-52310.556,8061.7673,  37  106   69  175 Tm    +  -52310.556      50.000      8061.7673     0.2857  B-   2385.0000    50.0000  174 943842.310      53.677   ,1410.8092775,0.0499975,0.21142857142857144,1,0
2020,105,70,175,Yb,,-54695.556,0.071,8070.9253,0.0005,B-,470.1219,1.2068,174.941281907,0.076,False,False,False,False,-54695.556,8070.9253,  35  105   70  175 Yb       -54695.556       0.071      8070.9253     0.0005  B-    470.1219     1.2068  174 941281.907       0.076   ,1412.4119275,8.750000000000001e-05,0.2,0,1
2020,104,71,175,Lu,,-55165.678,1.207,8069.1412,0.0069,B-,-683.9154,1.9516,174.940777211,1.295,False,False,False,False,-55165.678,8069.1412,  33  104   71  175 Lu       -55165.678       1.207      8069.1412     0.0069  B-   -683.9154     1.9516  174 940777.211       1.295   ,1412.09971,0.0012075,0.18857142857142858,1,0
2020,103,72,175,Hf,,-54481.763,2.283,8060.7625,0.013,B-,-2073.1103,28.0379,174.941511424,2.45,False,False,False,False,-54481.763,8060.7625,  31  103   72  175 Hf       -54481.763       2.283      8060.7625     0.0130  B-  -2073.1103    28.0379  174 941511.424       2.450   ,1410.6334375,0.002275,0.17714285714285713,0,1
2020,102,73,175,Ta,x,-52408.653,27.945,8044.4456,0.1597,B-,-2775.8524,39.5199,174.943737,30.0,False,False,False,False,-52408.653,8044.4456,  29  102   73  175 Ta    x  -52408.653      27.945      8044.4456     0.1597  B-  -2775.8524    39.5199  174 943737.000      30.000   ,1407.77798,0.0279475,0.1657142857142857,1,0
2020,101,74,175,W,x,-49632.8,27.945,8024.113,0.1597,B-,-4344.4885,39.5199,174.946717,30.0,False,False,False,False,-49632.800,8024.1130,  27  101   74  175 W     x  -49632.800      27.945      8024.1130     0.1597  B-  -4344.4885    39.5199  174 946717.000      30.000   ,1404.219775,0.0279475,0.15428571428571428,0,1
2020,100,75,175,Re,x,-45288.312,27.945,7994.8168,0.1597,B-,-5182.9513,30.3243,174.951381,30.0,False,False,False,False,-45288.312,7994.8168,  25  100   75  175 Re    x  -45288.312      27.945      7994.8168     0.1597  B-  -5182.9513    30.3243  174 951381.000      30.000   ,1399.09294,0.0279475,0.14285714285714285,1,0
2020,99,76,175,Os,,-40105.36,11.775,7960.7294,0.0673,B-,-6710.8496,17.0887,174.956945126,12.64,False,False,False,False,-40105.360,7960.7294,  23   99   76  175 Os       -40105.360      11.775      7960.7294     0.0673  B-  -6710.8496    17.0887  174 956945.126      12.640   ,1393.127645,0.0117775,0.13142857142857142,0,1
2020,98,77,175,Ir,,-33394.511,12.384,7917.9112,0.0708,B-,-7685.8265,22.3572,174.964149519,13.295,False,False,False,False,-33394.511,7917.9112,  21   98   77  175 Ir       -33394.511      12.384      7917.9112     0.0708  B-  -7685.8265    22.3572  174 964149.519      13.295   ,1385.63446,0.01239,0.12,1,0
2020,97,78,175,Pt,,-25708.684,18.614,7869.5216,0.1064,B-,-8304.998,42.8203,174.972400593,19.982,False,False,False,False,-25708.684,7869.5216,  19   97   78  175 Pt       -25708.684      18.614      7869.5216     0.1064  B-  -8304.9980    42.8203  174 972400.593      19.982   ,1377.16628,0.018619999999999998,0.10857142857142857,0,1
2020,96,79,175,Au,-a,-17403.686,38.563,7817.5939,0.2204,B-,-9434.2436,89.7876,174.981316375,41.399,False,False,False,False,-17403.686,7817.5939,  17   96   79  175 Au   -a  -17403.686      38.563      7817.5939     0.2204  B-  -9434.2436    89.7876  174 981316.375      41.399   ,1368.0789324999998,0.03857,0.09714285714285714,1,0
2020,95,80,175,Hg,-a,-7969.443,81.085,7759.2134,0.4633,B-,,,174.991444451,87.047,False,False,False,False,-7969.443,7759.2134,  15   95   80  175 Hg   -a   -7969.443      81.085      7759.2134     0.4633  B-      *                  174 991444.451      87.047   ,1357.862345,0.0810775,0.08571428571428572,0,1
2020,107,69,176,Tm,+,-49371.322,100.0,8045.1214,0.5682,B-,4120.0,100.0,175.946997707,107.354,False,False,False,False,-49371.322,8045.1214,  38  107   69  176 Tm    +  -49371.322     100.000      8045.1214     0.5682  B-   4120.0000   100.0000  175 946997.707     107.354   ,1415.9413663999999,0.1000032,0.2159090909090909,0,0
2020,106,70,176,Yb,,-53491.322,0.014,8064.0853,0.0003,B-,-108.9895,1.2124,175.942574706,0.015,False,False,False,False,-53491.322,8064.0853,  36  106   70  176 Yb       -53491.322       0.014      8064.0853     0.0003  B-   -108.9895     1.2124  175 942574.706       0.015   ,1419.2790128,5.2799999999999996e-05,0.20454545454545456,1,1
2020,105,71,176,Lu,,-53382.333,1.212,8059.0209,0.0069,B-,1194.0947,0.8744,175.942691711,1.301,False,False,False,False,-53382.333,8059.0209,  34  105   71  176 Lu       -53382.333       1.212      8059.0209     0.0069  B-   1194.0947     0.8744  175 942691.711       1.301   ,1418.3876784000001,0.0012144,0.19318181818181818,0,0
2020,104,72,176,Hf,,-54576.428,1.482,8061.3604,0.0084,B-,-3211.0484,30.775,175.941409797,1.591,False,False,False,False,-54576.428,8061.3604,  32  104   72  176 Hf       -54576.428       1.482      8061.3604     0.0084  B-  -3211.0484    30.7750  175 941409.797       1.591   ,1418.7994304,0.0014784,0.18181818181818182,1,1
2020,103,73,176,Ta,x,-51365.379,30.739,8038.6706,0.1747,B-,-723.7709,41.543,175.944857,33.0,False,False,False,False,-51365.379,8038.6706,  30  103   73  176 Ta    x  -51365.379      30.739      8038.6706     0.1747  B-   -723.7709    41.5430  175 944857.000      33.000   ,1414.8060256,0.0307472,0.17045454545454544,0,0
2020,102,74,176,W,x,-50641.608,27.945,8030.1131,0.1588,B-,-5578.7182,39.5199,175.945634,30.0,False,False,False,False,-50641.608,8030.1131,  28  102   74  176 W     x  -50641.608      27.945      8030.1131     0.1588  B-  -5578.7182    39.5199  175 945634.000      30.000   ,1413.2999055999999,0.0279488,0.1590909090909091,1,1
2020,101,75,176,Re,x,-45062.89,27.945,7993.9707,0.1588,B-,-2931.7058,30.0134,175.951623,30.0,False,False,False,False,-45062.890,7993.9707,  26  101   75  176 Re    x  -45062.890      27.945      7993.9707     0.1588  B-  -2931.7058    30.0134  175 951623.000      30.000   ,1406.9388432,0.0279488,0.14772727272727273,0,0
2020,100,76,176,Os,,-42131.184,10.949,7972.8681,0.0622,B-,-8249.2618,13.611,175.954770315,11.754,False,False,False,False,-42131.184,7972.8681,  24  100   76  176 Os       -42131.184      10.949      7972.8681     0.0622  B-  -8249.2618    13.6110  175 954770.315      11.754   ,1403.2247856000001,0.0109472,0.13636363636363635,1,1
2020,99,77,176,Ir,,-33881.923,8.085,7921.5522,0.0459,B-,-4948.0041,15.0657,175.963626261,8.679,False,False,False,False,-33881.923,7921.5522,  22   99   77  176 Ir       -33881.923       8.085      7921.5522     0.0459  B-  -4948.0041    15.0657  175 963626.261       8.679   ,1394.1931872,0.0080784,0.125,0,0
2020,98,78,176,Pt,,-28933.918,12.712,7888.9934,0.0722,B-,-10412.9516,35.5363,175.968938162,13.647,False,False,False,False,-28933.918,7888.9934,  20   98   78  176 Pt       -28933.918      12.712      7888.9934     0.0722  B- -10412.9516    35.5363  175 968938.162      13.647   ,1388.4628384,0.0127072,0.11363636363636363,1,1
2020,97,79,176,Au,-a,-18520.967,33.185,7825.3837,0.1885,B-,-6736.3283,34.9978,175.980116925,35.625,False,False,False,False,-18520.967,7825.3837,  18   97   79  176 Au   -a  -18520.967      33.185      7825.3837     0.1885  B-  -6736.3283    34.9978  175 980116.925      35.625   ,1377.2675312000001,0.033176000000000004,0.10227272727272728,0,0
2020,96,80,176,Hg,,-11784.639,11.118,7782.664,0.0632,B-,-12369.3668,83.7993,175.98734867,11.936,False,False,False,False,-11784.639,7782.6640,  16   96   80  176 Hg       -11784.639      11.118      7782.6640     0.0632  B- -12369.3668    83.7993  175 987348.670      11.936   ,1369.7488640000001,0.011123200000000001,0.09090909090909091,1,1
2020,95,81,176,Tl,-p,584.728,83.058,7707.9383,0.4719,B-,,,176.000627731,89.166,False,False,False,False,584.728,7707.9383,  14   95   81  176 Tl   -p     584.728      83.058      7707.9383     0.4719  B-      *                  176 000627.731      89.166   ,1356.5971408,0.0830544,0.07954545454545454,0,0
2020,107,70,177,Yb,-n,-50986.404,0.22,8049.9741,0.0013,B-,1397.4983,1.2406,176.945263846,0.236,False,False,False,False,-50986.404,8049.9741,  37  107   70  177 Yb   -n  -50986.404       0.220      8049.9741     0.0013  B-   1397.4983     1.2406  176 945263.846       0.236   ,1424.8454157,0.0002301,0.20903954802259886,0,1
2020,106,71,177,Lu,,-52383.903,1.221,8053.4495,0.0069,B-,496.8425,0.7921,176.94376357,1.31,False,False,False,False,-52383.903,8053.4495,  35  106   71  177 Lu       -52383.903       1.221      8053.4495     0.0069  B-    496.8425     0.7921  176 943763.570       1.310   ,1425.4605614999998,0.0012213,0.1977401129943503,1,0
2020,105,72,177,Hf,,-52880.745,1.41,8051.8365,0.008,B-,-1166.0,3.0,176.943230187,1.514,False,False,False,False,-52880.745,8051.8365,  33  105   72  177 Hf       -52880.745       1.410      8051.8365     0.0080  B-  -1166.0000     3.0000  176 943230.187       1.514   ,1425.1750605000002,0.001416,0.1864406779661017,0,1
2020,104,73,177,Ta,-,-51714.745,3.315,8040.8289,0.0187,B-,-2013.0144,28.1408,176.94448194,3.558,False,False,False,False,-51714.745,8040.8289,  31  104   73  177 Ta    -  -51714.745       3.315      8040.8289     0.0187  B-  -2013.0144    28.1408  176 944481.940       3.558   ,1423.2267153,0.0033099,0.1751412429378531,1,0
2020,103,74,177,W,x,-49701.731,27.945,8025.0359,0.1579,B-,-3432.5558,39.5199,176.946643,30.0,False,False,False,False,-49701.731,8025.0359,  29  103   74  177 W     x  -49701.731      27.945      8025.0359     0.1579  B-  -3432.5558    39.5199  176 946643.000      30.000   ,1420.4313543,0.027948300000000002,0.1638418079096045,0,1
2020,102,75,177,Re,x,-46269.175,27.945,8001.2229,0.1579,B-,-4312.7271,31.5349,176.950328,30.0,False,False,False,False,-46269.175,8001.2229,  27  102   75  177 Re    x  -46269.175      27.945      8001.2229     0.1579  B-  -4312.7271    31.5349  176 950328.000      30.000   ,1416.2164533,0.027948300000000002,0.15254237288135594,1,0
2020,101,76,177,Os,+a,-41956.448,14.613,7972.4371,0.0826,B-,-5909.0234,24.5763,176.954957902,15.687,False,False,False,False,-41956.448,7972.4371,  25  101   76  177 Os   +a  -41956.448      14.613      7972.4371     0.0826  B-  -5909.0234    24.5763  176 954957.902      15.687   ,1411.1213667000002,0.0146202,0.14124293785310735,0,1
2020,100,77,177,Ir,x,-36047.425,19.76,7934.6328,0.1116,B-,-6676.988,24.801,176.9613015,21.213,False,False,False,False,-36047.425,7934.6328,  23  100   77  177 Ir    x  -36047.425      19.760      7934.6328     0.1116  B-  -6676.9880    24.8010  176 961301.500      21.213   ,1404.4300056,0.0197532,0.12994350282485875,1,0
2020,99,78,177,Pt,,-29370.437,14.988,7892.4896,0.0847,B-,-7824.7003,17.9991,176.968469541,16.09,False,False,False,False,-29370.437,7892.4896,  21   99   78  177 Pt       -29370.437      14.988      7892.4896     0.0847  B-  -7824.7003    17.9991  176 968469.541      16.090   ,1396.9706591999998,0.014991899999999999,0.11864406779661017,0,1
2020,98,79,177,Au,,-21545.736,9.968,7843.8623,0.0563,B-,-8769.9135,85.3061,176.976869701,10.7,False,False,False,False,-21545.736,7843.8623,  19   98   79  177 Au       -21545.736       9.968      7843.8623     0.0563  B-  -8769.9135    85.3061  176 976869.701      10.700   ,1388.3636271,0.0099651,0.10734463276836158,1,0
2020,97,80,177,Hg,-a,-12775.823,84.722,7789.8947,0.4787,B-,-9435.7198,87.4322,176.98628459,90.952,False,False,False,False,-12775.823,7789.8947,  17   97   80  177 Hg   -a  -12775.823      84.722      7789.8947     0.4787  B-  -9435.7198    87.4322  176 986284.590      90.952   ,1378.8113618999998,0.0847299,0.096045197740113,0,1
2020,96,81,177,Tl,IT,-3340.103,21.628,7732.1655,0.1222,B-,,,176.996414252,23.218,False,False,False,False,-3340.103,7732.1655,  15   96   81  177 Tl   IT   -3340.103      21.628      7732.1655     0.1222  B-      *                  176 996414.252      23.218   ,1368.5932934999998,0.0216294,0.0847457627118644,1,0
2020,108,70,178,Yb,,-49677.139,6.588,8042.7386,0.037,B-,660.7415,6.9617,177.9466694,7.072,False,False,False,False,-49677.139,8042.7386,  38  108   70  178 Yb       -49677.139       6.588      8042.7386     0.0370  B-    660.7415     6.9617  177 946669.400       7.072   ,1431.6074708,0.006586,0.21348314606741572,1,1
2020,107,71,178,Lu,,-50337.881,2.251,8042.0554,0.0127,B-,2097.4851,2.0569,177.945960065,2.416,False,False,False,False,-50337.881,8042.0554,  36  107   71  178 Lu       -50337.881       2.251      8042.0554     0.0127  B-   2097.4851     2.0569  177 945960.065       2.416   ,1431.4858611999998,0.0022605999999999998,0.20224719101123595,0,0
2020,106,72,178,Hf,,-52435.366,1.415,8049.4438,0.008,B-,-1837.0,52.0,177.943708322,1.519,False,False,True,False,-52435.366,8049.4438,  34  106   72  178 Hf       -52435.366       1.415      8049.4438     0.0080  B-  -1837#        52#      177 943708.322       1.519   ,1432.8009964,0.001424,0.19101123595505617,1,1
2020,104,74,178,W,-,-50407.066,15.199,8029.2584,0.0854,B-,-4753.6082,31.8106,177.945885791,16.316,False,False,False,False,-50407.066,8029.2584,  30  104   74  178 W     -  -50407.066      15.199      8029.2584     0.0854  B-  -4753.6082    31.8106  177 945885.791      16.316   ,1429.2079952,0.0152012,0.16853932584269662,1,1
2020,103,75,178,Re,x,-45653.457,27.945,7998.1576,0.157,B-,-2109.2143,31.0925,177.950989,30.0,False,False,False,False,-45653.457,7998.1576,  28  103   75  178 Re    x  -45653.457      27.945      7998.1576     0.1570  B-  -2109.2143    31.0925  177 950989.000      30.000   ,1423.6720527999998,0.027946000000000002,0.15730337078651685,0,0
2020,102,76,178,Os,,-43544.243,13.632,7981.9128,0.0766,B-,-7289.9295,23.239,177.953253334,14.634,False,False,False,False,-43544.243,7981.9128,  26  102   76  178 Os       -43544.243      13.632      7981.9128     0.0766  B-  -7289.9295    23.2390  177 953253.334      14.634   ,1420.7804784,0.0136348,0.14606741573033707,1,1
2020,101,77,178,Ir,,-36254.314,18.821,7936.563,0.1057,B-,-4256.8282,21.3752,177.961079395,20.204,False,False,False,False,-36254.314,7936.5630,  24  101   77  178 Ir       -36254.314      18.821      7936.5630     0.1057  B-  -4256.8282    21.3752  177 961079.395      20.204   ,1412.708214,0.018814599999999997,0.1348314606741573,0,0
2020,100,78,178,Pt,,-31997.486,10.133,7908.253,0.0569,B-,-9694.4567,14.4108,177.965649288,10.878,False,False,False,False,-31997.486,7908.2530,  22  100   78  178 Pt       -31997.486      10.133      7908.2530     0.0569  B-  -9694.4567    14.4108  177 965649.288      10.878   ,1407.669034,0.0101282,0.12359550561797752,1,1
2020,99,79,178,Au,x,-22303.029,10.246,7849.3946,0.0576,B-,-5987.6832,14.8566,177.976056714,11.0,False,False,False,False,-22303.029,7849.3946,  20   99   79  178 Au    x  -22303.029      10.246      7849.3946     0.0576  B-  -5987.6832    14.8566  177 976056.714      11.000   ,1397.1922388,0.010252800000000001,0.11235955056179775,0,0
2020,98,80,178,Hg,-a,-16315.346,10.758,7811.3607,0.0604,B-,-11702.0,103.0,177.982484756,11.548,False,False,True,False,-16315.346,7811.3607,  18   98   80  178 Hg   -a  -16315.346      10.758      7811.3607     0.0604  B- -11702#       103#      177 982484.756      11.548   ,1390.4222046,0.0107512,0.10112359550561797,1,1
2020,96,82,178,Pb,-a,3573.371,23.184,7690.8359,0.1302,B-,,,178.003836171,24.889,False,False,False,False,3573.371,7690.8359,  14   96   82  178 Pb   -a    3573.371      23.184      7690.8359     0.1302  B-      *                  178 003836.171      24.889   ,1368.9687901999998,0.023175600000000005,0.07865168539325842,1,1
2020,108,71,179,Lu,,-49059.013,5.15,8035.0744,0.0288,B-,1404.0231,5.0672,178.947332985,5.528,False,False,False,False,-49059.013,8035.0744,  37  108   71  179 Lu       -49059.013       5.150      8035.0744     0.0288  B-   1404.0231     5.0672  178 947332.985       5.528   ,1438.2783176000003,0.0051551999999999995,0.20670391061452514,1,0
2020,107,72,179,Hf,,-50463.036,1.416,8038.5474,0.0079,B-,-105.5801,0.4088,178.945825705,1.52,False,False,False,False,-50463.036,8038.5474,  35  107   72  179 Hf       -50463.036       1.416      8038.5474     0.0079  B-   -105.5801     0.4088  178 945825.705       1.520   ,1438.8999846000002,0.0014141000000000002,0.19553072625698323,0,1
2020,106,73,179,Ta,,-50357.456,1.466,8033.5869,0.0082,B-,-1062.2093,14.5197,178.94593905,1.574,False,False,False,False,-50357.456,8033.5869,  33  106   73  179 Ta       -50357.456       1.466      8033.5869     0.0082  B-  -1062.2093    14.5197  178 945939.050       1.574   ,1438.0120551,0.0014678000000000002,0.18435754189944134,1,0
2020,105,74,179,W,,-49295.247,14.573,8023.2821,0.0814,B-,-2710.9347,26.8021,178.947079378,15.644,False,False,False,False,-49295.247,8023.2821,  31  105   74  179 W        -49295.247      14.573      8023.2821     0.0814  B-  -2710.9347    26.8021  178 947079.378      15.644   ,1436.1674959,0.014570600000000001,0.17318435754189945,0,1
2020,104,75,179,Re,,-46584.312,24.639,8003.7666,0.1376,B-,-3564.1747,29.1116,178.949989686,26.45,False,False,False,False,-46584.312,8003.7666,  29  104   75  179 Re       -46584.312      24.639      8003.7666     0.1376  B-  -3564.1747    29.1116  178 949989.686      26.450   ,1432.6742213999999,0.0246304,0.16201117318435754,1,0
2020,103,76,179,Os,,-43020.137,15.505,7979.4844,0.0866,B-,-4938.4182,18.3271,178.953815985,16.645,False,False,False,False,-43020.137,7979.4844,  27  103   76  179 Os       -43020.137      15.505      7979.4844     0.0866  B-  -4938.4182    18.3271  178 953815.985      16.645   ,1428.3277076000002,0.015501399999999999,0.15083798882681565,0,1
2020,102,77,179,Ir,,-38081.719,9.771,7947.5248,0.0546,B-,-5813.592,12.6133,178.959117594,10.489,False,False,False,False,-38081.719,7947.5248,  25  102   77  179 Ir       -38081.719       9.771      7947.5248     0.0546  B-  -5813.5920    12.6133  178 959117.594      10.489   ,1422.6069392000002,0.0097734,0.13966480446927373,1,0
2020,101,78,179,Pt,,-32268.127,7.977,7910.6759,0.0446,B-,-7279.5556,14.1567,178.965358742,8.563,False,False,False,False,-32268.127,7910.6759,  23  101   78  179 Pt       -32268.127       7.977      7910.6759     0.0446  B-  -7279.5556    14.1567  178 965358.742       8.563   ,1416.0109861,0.0079834,0.12849162011173185,0,1
2020,100,79,179,Au,,-24988.572,11.696,7865.6374,0.0653,B-,-8055.648,30.4559,178.973173666,12.555,False,False,False,False,-24988.572,7865.6374,  21  100   79  179 Au       -24988.572      11.696      7865.6374     0.0653  B-  -8055.6480    30.4559  178 973173.666      12.555   ,1407.9490945999999,0.0116887,0.11731843575418995,1,0
2020,99,80,179,Hg,,-16932.924,28.121,7816.2631,0.1571,B-,-8663.2918,47.7998,178.981821759,30.188,False,False,False,False,-16932.924,7816.2631,  19   99   80  179 Hg       -16932.924      28.121      7816.2631     0.1571  B-  -8663.2918    47.7998  178 981821.759      30.188   ,1399.1110949,0.028120899999999997,0.10614525139664804,0,1
2020,98,81,179,Tl,-a,-8269.632,38.653,7763.4942,0.2159,B-,-10321.2401,89.9571,178.991122185,41.495,False,False,False,False,-8269.632,7763.4942,  17   98   81  179 Tl   -a   -8269.632      38.653      7763.4942     0.2159  B- -10321.2401    89.9571  178 991122.185      41.495   ,1389.6654618,0.0386461,0.09497206703910614,1,0
2020,97,82,179,Pb,-a,2051.608,81.229,7701.463,0.4538,B-,,,179.002202492,87.203,False,False,False,False,2051.608,7701.4630,  15   97   82  179 Pb   -a    2051.608      81.229      7701.4630     0.4538  B-      *                  179 002202.492      87.203   ,1378.5618769999999,0.0812302,0.08379888268156424,0,1
2020,109,71,180,Lu,+,-46676.476,70.725,8022.0394,0.3929,B-,3103.0,70.7107,179.949890744,75.926,False,False,False,False,-46676.476,8022.0394,  38  109   71  180 Lu    +  -46676.476      70.725      8022.0394     0.3929  B-   3103.0000    70.7107  179 949890.744      75.926   ,1443.9670919999999,0.07072200000000001,0.2111111111111111,0,0
2020,108,72,180,Hf,,-49779.476,1.421,8034.9319,0.0079,B-,-845.8453,2.3472,179.946559537,1.525,False,False,False,False,-49779.476,8034.9319,  36  108   72  180 Hf       -49779.476       1.421      8034.9319     0.0079  B-   -845.8453     2.3472  179 946559.537       1.525   ,1446.2877419999998,0.001422,0.2,1,1
2020,107,73,180,Ta,+n,-48933.631,2.068,8025.8864,0.0115,B-,702.6122,2.359,179.947467589,2.219,False,False,False,False,-48933.631,8025.8864,  34  107   73  180 Ta   +n  -48933.631       2.068      8025.8864     0.0115  B-    702.6122     2.3590  179 947467.589       2.219   ,1444.659552,0.00207,0.18888888888888888,0,0
2020,106,74,180,W,,-49636.243,1.439,8025.4434,0.008,B-,-3798.8793,21.4404,179.946713304,1.545,False,False,False,False,-49636.243,8025.4434,  32  106   74  180 W        -49636.243       1.439      8025.4434     0.0080  B-  -3798.8793    21.4404  179 946713.304       1.545   ,1444.579812,0.0014399999999999999,0.17777777777777778,1,1
2020,105,75,180,Re,x,-45837.364,21.392,7999.9922,0.1188,B-,-1481.1659,26.5482,179.950791568,22.965,False,False,False,False,-45837.364,7999.9922,  30  105   75  180 Re    x  -45837.364      21.392      7999.9922     0.1188  B-  -1481.1659    26.5482  179 950791.568      22.965   ,1439.998596,0.021384,0.16666666666666666,0,0
2020,104,76,180,Os,,-44356.198,15.722,7987.4171,0.0873,B-,-6378.6679,26.8021,179.952381665,16.878,False,False,False,False,-44356.198,7987.4171,  28  104   76  180 Os       -44356.198      15.722      7987.4171     0.0873  B-  -6378.6679    26.8021  179 952381.665      16.878   ,1437.735078,0.015714,0.15555555555555556,1,1
2020,103,77,180,Ir,x,-37977.53,21.706,7947.6337,0.1206,B-,-3547.6546,23.9205,179.959229446,23.302,False,False,False,False,-37977.530,7947.6337,  26  103   77  180 Ir    x  -37977.530      21.706      7947.6337     0.1206  B-  -3547.6546    23.9205  179 959229.446      23.302   ,1430.5740660000001,0.021707999999999998,0.14444444444444443,0,0
2020,102,78,180,Pt,,-34429.875,10.051,7923.5781,0.0558,B-,-8804.229,11.1207,179.96303801,10.79,False,False,False,False,-34429.875,7923.5781,  24  102   78  180 Pt       -34429.875      10.051      7923.5781     0.0558  B-  -8804.2290    11.1207  179 963038.010      10.790   ,1426.244058,0.010044,0.13333333333333333,1,1
2020,101,79,180,Au,,-25625.646,4.759,7870.3194,0.0264,B-,-5375.133,13.5105,179.972489738,5.108,False,False,False,False,-25625.646,7870.3194,  22  101   79  180 Au       -25625.646       4.759      7870.3194     0.0264  B-  -5375.1330    13.5105  179 972489.738       5.108   ,1416.657492,0.004752,0.12222222222222222,0,0
2020,100,80,180,Hg,,-20250.513,12.645,7836.1111,0.0702,B-,-10860.075,71.0509,179.97826018,13.574,False,False,False,False,-20250.513,7836.1111,  20  100   80  180 Hg       -20250.513      12.645      7836.1111     0.0702  B- -10860.0750    71.0509  179 978260.180      13.574   ,1410.499998,0.012636,0.1111111111111111,1,1
2020,99,81,180,Tl,-a,-9390.438,69.917,7771.431,0.3884,B-,-7449.3696,71.0069,179.98991895,75.058,False,False,False,False,-9390.438,7771.4310,  18   99   81  180 Tl   -a   -9390.438      69.917      7771.4310     0.3884  B-  -7449.3696    71.0069  179 989918.950      75.058   ,1398.8575799999999,0.069912,0.1,0,0
2020,98,82,180,Pb,-a,-1941.069,12.395,7725.6993,0.0689,B-,,,179.997916177,13.306,False,False,False,False,-1941.069,7725.6993,  16   98   82  180 Pb   -a   -1941.069      12.395      7725.6993     0.0689  B-      *                  179 997916.177      13.306   ,1390.625874,0.012402000000000002,0.08888888888888889,1,1
2020,110,71,181,Lu,x,-44797.414,125.752,8011.9301,0.6948,B-,2605.5435,125.7598,180.951908,135.0,False,False,False,False,-44797.414,8011.9301,  39  110   71  181 Lu    x  -44797.414     125.752      8011.9301     0.6948  B-   2605.5435   125.7598  180 951908.000     135.000   ,1450.1593480999998,0.1257588,0.2154696132596685,1,0
2020,109,72,181,Hf,-n,-47402.958,1.423,8022.003,0.0079,B-,1036.1061,1.9298,180.949110834,1.527,False,False,False,False,-47402.958,8022.0030,  37  109   72  181 Hf   -n  -47402.958       1.423      8022.0030     0.0079  B-   1036.1061     1.9298  180 949110.834       1.527   ,1451.9825429999999,0.0014299000000000002,0.20441988950276244,0,1
2020,108,73,181,Ta,,-48439.064,1.576,8023.405,0.0087,B-,-205.1193,1.9495,180.947998528,1.692,False,False,False,False,-48439.064,8023.4050,  35  108   73  181 Ta       -48439.064       1.576      8023.4050     0.0087  B-   -205.1193     1.9495  180 947998.528       1.692   ,1452.236305,0.0015747,0.19337016574585636,1,0
2020,107,74,181,W,-n,-48233.945,1.448,8017.9494,0.008,B-,-1716.5331,12.6289,180.948218733,1.554,False,False,False,False,-48233.945,8017.9494,  33  107   74  181 W    -n  -48233.945       1.448      8017.9494     0.0080  B-  -1716.5331    12.6289  180 948218.733       1.554   ,1451.2488414,0.0014479999999999999,0.18232044198895028,0,1
2020,106,75,181,Re,4n,-46517.412,12.549,8004.1434,0.0693,B-,-2967.4438,28.2755,180.950061507,13.471,False,False,False,False,-46517.412,8004.1434,  31  106   75  181 Re   4n  -46517.412      12.549      8004.1434     0.0693  B-  -2967.4438    28.2755  180 950061.507      13.471   ,1448.7499554,0.0125433,0.1712707182320442,1,0
2020,105,76,181,Os,,-43549.968,25.338,7983.4263,0.14,B-,-4086.9327,25.8756,180.953247188,27.201,False,False,False,False,-43549.968,7983.4263,  29  105   76  181 Os       -43549.968      25.338      7983.4263     0.1400  B-  -4086.9327    25.8756  180 953247.188      27.201   ,1445.0001603,0.025340000000000005,0.16022099447513813,0,1
2020,104,77,181,Ir,+a,-39463.035,5.245,7956.5242,0.029,B-,-5081.5379,14.6597,180.957634691,5.631,False,False,False,False,-39463.035,7956.5242,  27  104   77  181 Ir   +a  -39463.035       5.245      7956.5242     0.0290  B-  -5081.5379    14.6597  180 957634.691       5.631   ,1440.1308802,0.005249,0.14917127071823205,1,0
2020,103,78,181,Pt,,-34381.497,13.689,7924.1271,0.0756,B-,-6510.3575,24.2164,180.963089946,14.695,False,False,False,False,-34381.497,7924.1271,  25  103   78  181 Pt       -34381.497      13.689      7924.1271     0.0756  B-  -6510.3575    24.2164  180 963089.946      14.695   ,1434.2670051,0.0136836,0.13812154696132597,0,1
2020,102,79,181,Au,-a,-27871.14,19.976,7883.8359,0.1104,B-,-7210.0126,25.2123,180.970079102,21.445,False,False,False,False,-27871.140,7883.8359,  23  102   79  181 Au   -a  -27871.140      19.976      7883.8359     0.1104  B-  -7210.0126    25.2123  180 970079.102      21.445   ,1426.9742979,0.019982399999999997,0.1270718232044199,1,0
2020,101,80,181,Hg,,-20661.127,15.382,7839.6792,0.085,B-,-7862.378,17.873,180.977819368,16.513,False,False,False,False,-20661.127,7839.6792,  21  101   80  181 Hg       -20661.127      15.382      7839.6792     0.0850  B-  -7862.3780    17.8730  180 977819.368      16.513   ,1418.9819352,0.015385000000000001,0.11602209944751381,0,1
2020,100,81,181,Tl,,-12798.749,9.102,7791.9183,0.0503,B-,-9688.1182,85.5227,180.986259978,9.771,False,False,False,False,-12798.749,7791.9183,  19  100   81  181 Tl       -12798.749       9.102      7791.9183     0.0503  B-  -9688.1182    85.5227  180 986259.978       9.771   ,1410.3372123,0.009104300000000001,0.10497237569060773,1,0
2020,99,82,181,Pb,-a,-3110.631,85.037,7734.0704,0.4698,B-,,,180.9966606,91.29,False,False,False,False,-3110.631,7734.0704,  17   99   82  181 Pb   -a   -3110.631      85.037      7734.0704     0.4698  B-      *                  180 996660.600      91.290   ,1399.8667423999998,0.08503379999999999,0.09392265193370165,0,1
2020,110,72,182,Hf,-nn,-46049.636,6.166,8014.8381,0.0339,B-,381.0486,6.3027,181.950563684,6.619,False,False,False,False,-46049.636,8014.8381,  38  110   72  182 Hf  -nn  -46049.636       6.166      8014.8381     0.0339  B-    381.0486     6.3027  181 950563.684       6.619   ,1458.7005341999998,0.0061698,0.2087912087912088,1,1
2020,109,73,182,Ta,,-46430.685,1.578,8012.6332,0.0087,B-,1815.4592,1.5276,181.950154612,1.693,False,False,False,False,-46430.685,8012.6332,  36  109   73  182 Ta       -46430.685       1.578      8012.6332     0.0087  B-   1815.4592     1.5276  181 950154.612       1.693   ,1458.2992424000001,0.0015834,0.1978021978021978,0,0
2020,108,74,182,W,,-48246.144,0.745,8018.3096,0.0041,B-,-2800.0,101.9804,181.948205636,0.799,False,False,False,False,-48246.144,8018.3096,  34  108   74  182 W        -48246.144       0.745      8018.3096     0.0041  B-  -2800.0000   101.9804  181 948205.636       0.799   ,1459.3323472,0.0007462,0.18681318681318682,1,1
2020,107,75,182,Re,IT,-45446.144,101.983,7998.6264,0.5603,B-,-837.0348,104.2757,181.95121156,109.483,False,False,False,False,-45446.144,7998.6264,  32  107   75  182 Re   IT  -45446.144     101.983      7998.6264     0.5603  B-   -837.0348   104.2757  181 951211.560     109.483   ,1455.7500048,0.10197460000000001,0.17582417582417584,0,0
2020,106,76,182,Os,,-44609.109,21.745,7989.7287,0.1195,B-,-5557.4266,30.2074,181.952110154,23.344,False,False,False,False,-44609.109,7989.7287,  30  106   76  182 Os       -44609.109      21.745      7989.7287     0.1195  B-  -5557.4266    30.2074  181 952110.154      23.344   ,1454.1306233999999,0.021748999999999998,0.16483516483516483,1,1
2020,105,77,182,Ir,,-39051.682,20.967,7954.8948,0.1152,B-,-2883.262,24.7202,181.958076296,22.509,False,False,False,False,-39051.682,7954.8948,  28  105   77  182 Ir       -39051.682      20.967      7954.8948     0.1152  B-  -2883.2620    24.7202  181 958076.296      22.509   ,1447.7908536,0.0209664,0.15384615384615385,0,0
2020,104,78,182,Pt,,-36168.42,13.095,7934.7541,0.0719,B-,-7864.4447,22.8812,181.961171605,14.057,False,False,False,False,-36168.420,7934.7541,  26  104   78  182 Pt       -36168.420      13.095      7934.7541     0.0719  B-  -7864.4447    22.8812  181 961171.605      14.057   ,1444.1252462,0.013085800000000002,0.14285714285714285,1,1
2020,103,79,182,Au,,-28303.976,18.764,7887.2442,0.1031,B-,-4727.0905,21.1645,181.969614433,20.143,False,False,False,False,-28303.976,7887.2442,  24  103   79  182 Au       -28303.976      18.764      7887.2442     0.1031  B-  -4727.0905    21.1645  181 969614.433      20.143   ,1435.4784444,0.018764199999999998,0.13186813186813187,0,0
2020,102,80,182,Hg,,-23576.885,9.79,7856.9726,0.0538,B-,-10249.6721,15.4687,181.974689173,10.51,False,False,False,False,-23576.885,7856.9726,  22  102   80  182 Hg       -23576.885       9.790      7856.9726     0.0538  B- -10249.6721    15.4687  181 974689.173      10.510   ,1429.9690131999998,0.009791600000000001,0.12087912087912088,1,1
2020,101,81,182,Tl,-a,-13327.213,11.976,7796.3571,0.0658,B-,-6502.6567,17.0151,181.985692649,12.856,False,False,False,False,-13327.213,7796.3571,  20  101   81  182 Tl   -a  -13327.213      11.976      7796.3571     0.0658  B-  -6502.6567    17.0151  181 985692.649      12.856   ,1418.9369922,0.0119756,0.10989010989010989,0,0
2020,100,82,182,Pb,-a,-6824.556,12.086,7756.3296,0.0664,B-,,,181.992673537,12.975,False,False,False,False,-6824.556,7756.3296,  18  100   82  182 Pb   -a   -6824.556      12.086      7756.3296     0.0664  B-      *                  181 992673.537      12.975   ,1411.6519872000001,0.0120848,0.0989010989010989,1,1
2020,112,71,183,Lu,x,-39716.114,80.108,7984.8125,0.4378,B-,3567.4325,85.5564,182.957363,86.0,False,False,False,False,-39716.114,7984.8125,  41  112   71  183 Lu    x  -39716.114      80.108      7984.8125     0.4378  B-   3567.4325    85.5564  182 957363.000      86.000   ,1461.2206875,0.0801174,0.22404371584699453,1,0
2020,111,72,183,Hf,+,-43283.547,30.042,8000.0315,0.1642,B-,2010.0,30.0,182.953533203,32.251,False,False,False,False,-43283.547,8000.0315,  39  111   72  183 Hf    +  -43283.547      30.042      8000.0315     0.1642  B-   2010.0000    30.0000  182 953533.203      32.251   ,1464.0057645,0.030048600000000005,0.21311475409836064,0,1
2020,110,73,183,Ta,-n,-45293.547,1.59,8006.74,0.0087,B-,1072.1161,1.5405,182.95137538,1.707,False,False,False,False,-45293.547,8006.7400,  37  110   73  183 Ta   -n  -45293.547       1.590      8006.7400     0.0087  B-   1072.1161     1.5405  182 951375.380       1.707   ,1465.23342,0.0015921,0.20218579234972678,1,0
2020,109,74,183,W,,-46365.663,0.743,8008.3234,0.0041,B-,-556.0,8.0,182.950224416,0.798,False,False,False,False,-46365.663,8008.3234,  35  109   74  183 W        -46365.663       0.743      8008.3234     0.0041  B-   -556.0000     8.0000  182 950224.416       0.798   ,1465.5231822,0.0007503000000000001,0.1912568306010929,0,1
2020,108,75,183,Re,-,-45809.663,8.034,8001.0101,0.0439,B-,-2145.9028,50.4129,182.950821306,8.625,False,False,False,False,-45809.663,8001.0101,  33  108   75  183 Re    -  -45809.663       8.034      8001.0101     0.0439  B-  -2145.9028    50.4129  182 950821.306       8.625   ,1464.1848483,0.0080337,0.18032786885245902,1,0
2020,107,76,183,Os,,-43663.76,49.769,7985.0087,0.272,B-,-3461.6215,52.8061,182.953125028,53.428,False,False,False,False,-43663.760,7985.0087,  31  107   76  183 Os       -43663.760      49.769      7985.0087     0.2720  B-  -3461.6215    52.8061  182 953125.028      53.428   ,1461.2565921,0.049776,0.16939890710382513,0,1
2020,106,77,183,Ir,,-40202.138,24.672,7961.8176,0.1348,B-,-4428.9417,28.4743,182.956841231,26.486,False,False,False,False,-40202.138,7961.8176,  29  106   77  183 Ir       -40202.138      24.672      7961.8176     0.1348  B-  -4428.9417    28.4743  182 956841.231      26.486   ,1457.0126208000001,0.024668400000000004,0.15846994535519127,1,0
2020,105,78,183,Pt,,-35773.197,14.216,7933.3406,0.0777,B-,-5581.7092,17.0554,182.961595895,15.261,False,False,False,False,-35773.197,7933.3406,  27  105   78  183 Pt       -35773.197      14.216      7933.3406     0.0777  B-  -5581.7092    17.0554  182 961595.895      15.261   ,1451.8013298,0.0142191,0.14754098360655737,0,1
2020,104,79,183,Au,,-30191.488,9.423,7898.5644,0.0515,B-,-6386.8322,11.7891,182.967588106,10.116,False,False,False,False,-30191.488,7898.5644,  25  104   79  183 Au       -30191.488       9.423      7898.5644     0.0515  B-  -6386.8322    11.7891  182 967588.106      10.116   ,1445.4372852000001,0.0094245,0.1366120218579235,1,0
2020,103,80,183,Hg,,-23804.655,7.084,7859.3885,0.0387,B-,-7217.3941,11.7158,182.974444652,7.604,False,False,False,False,-23804.655,7859.3885,  23  103   80  183 Hg       -23804.655       7.084      7859.3885     0.0387  B-  -7217.3941    11.7158  182 974444.652       7.604   ,1438.2680955,0.0070821,0.12568306010928962,0,1
2020,102,81,183,Tl,,-16587.261,9.331,7815.6741,0.051,B-,-9007.2534,30.4442,182.982192843,10.017,False,False,False,False,-16587.261,7815.6741,  21  102   81  183 Tl       -16587.261       9.331      7815.6741     0.0510  B-  -9007.2534    30.4442  182 982192.843      10.017   ,1430.2683603,0.009333000000000001,0.11475409836065574,1,0
2020,101,82,183,Pb,-a,-7580.008,28.979,7762.179,0.1584,B-,,,182.991862527,31.11,False,False,False,False,-7580.008,7762.1790,  19  101   82  183 Pb   -a   -7580.008      28.979      7762.1790     0.1584  B-      *                  182 991862.527      31.110   ,1420.478757,0.0289872,0.10382513661202186,0,1
2020,112,72,184,Hf,+,-41499.453,39.706,7990.7228,0.2158,B-,1340.0,30.0,183.955448507,42.625,False,False,False,False,-41499.453,7990.7228,  40  112   72  184 Hf    +  -41499.453      39.706      7990.7228     0.2158  B-   1340.0000    30.0000  183 955448.507      42.625   ,1470.2929952,0.0397072,0.21739130434782608,1,1
2020,111,73,184,Ta,+,-42839.453,26.01,7993.7535,0.1414,B-,2866.0,26.0,183.954009958,27.923,False,False,False,False,-42839.453,7993.7535,  38  111   73  184 Ta    +  -42839.453      26.010      7993.7535     0.1414  B-   2866.0000    26.0000  183 954009.958      27.923   ,1470.8506439999999,0.0260176,0.20652173913043478,0,0
2020,110,74,184,W,,-45705.453,0.738,8005.0777,0.004,B-,-1485.6333,4.1971,183.95093318,0.792,False,False,False,False,-45705.453,8005.0777,  36  110   74  184 W        -45705.453       0.738      8005.0777     0.0040  B-  -1485.6333     4.1971  183 950933.180       0.792   ,1472.9342967999999,0.000736,0.1956521739130435,1,1
2020,109,75,184,Re,,-44219.819,4.276,7992.7517,0.0232,B-,32.746,4.1387,183.952528073,4.59,False,False,False,False,-44219.819,7992.7517,  34  109   75  184 Re       -44219.819       4.276      7992.7517     0.0232  B-     32.7460     4.1387  183 952528.073       4.590   ,1470.6663128,0.0042688,0.18478260869565216,0,0
2020,108,76,184,Os,,-44252.565,0.829,7988.6778,0.0045,B-,-4641.7101,27.9571,183.952492919,0.89,False,False,False,False,-44252.565,7988.6778,  32  108   76  184 Os       -44252.565       0.829      7988.6778     0.0045  B-  -4641.7101    27.9571  183 952492.919       0.890   ,1469.9167152,0.000828,0.17391304347826086,1,1
2020,107,77,184,Ir,x,-39610.855,27.945,7959.1992,0.1519,B-,-2278.3688,31.5957,183.957476,30.0,False,False,False,False,-39610.855,7959.1992,  30  107   77  184 Ir    x  -39610.855      27.945      7959.1992     0.1519  B-  -2278.3688    31.5957  183 957476.000      30.000   ,1464.4926528,0.0279496,0.16304347826086957,0,0
2020,106,78,184,Pt,,-37332.486,14.744,7942.5649,0.0801,B-,-7013.7724,26.7122,183.959921929,15.828,False,False,False,False,-37332.486,7942.5649,  28  106   78  184 Pt       -37332.486      14.744      7942.5649     0.0801  B-  -7013.7724    26.7122  183 959921.929      15.828   ,1461.4319416,0.0147384,0.15217391304347827,1,1
2020,105,79,184,Au,-a,-30318.714,22.275,7900.1947,0.1211,B-,-3973.9269,24.2296,183.967451523,23.912,False,False,False,False,-30318.714,7900.1947,  26  105   79  184 Au   -a  -30318.714      22.275      7900.1947     0.1211  B-  -3973.9269    24.2296  183 967451.523      23.912   ,1453.6358248000001,0.0222824,0.14130434782608695,0,0
2020,104,80,184,Hg,,-26344.787,9.535,7874.3454,0.0518,B-,-9461.4321,13.8254,183.971717709,10.235,False,False,False,False,-26344.787,7874.3454,  24  104   80  184 Hg       -26344.787       9.535      7874.3454     0.0518  B-  -9461.4321    13.8254  183 971717.709      10.235   ,1448.8795536,0.0095312,0.13043478260869565,1,1
2020,103,81,184,Tl,,-16883.355,10.012,7818.6727,0.0544,B-,-5831.7688,16.2517,183.981874973,10.747,False,False,False,False,-16883.355,7818.6727,  22  103   81  184 Tl       -16883.355      10.012      7818.6727     0.0544  B-  -5831.7688    16.2517  183 981874.973      10.747   ,1438.6357768,0.010009599999999999,0.11956521739130435,0,0
2020,102,82,184,Pb,,-11051.586,12.802,7782.7264,0.0696,B-,-12306.0,123.0,183.988135634,13.743,False,False,True,False,-11051.586,7782.7264,  20  102   82  184 Pb       -11051.586      12.802      7782.7264     0.0696  B- -12306#       123#      183 988135.634      13.743   ,1432.0216576,0.0128064,0.10869565217391304,1,1
2020,113,72,185,Hf,x,-38319.804,64.273,7973.9711,0.3474,B-,3074.5667,65.8147,184.958862,69.0,False,False,False,False,-38319.804,7973.9711,  41  113   72  185 Hf    x  -38319.804      64.273      7973.9711     0.3474  B-   3074.5667    65.8147  184 958862.000      69.000   ,1475.1846535,0.06426899999999999,0.22162162162162163,0,1
2020,112,73,185,Ta,+,-41394.371,14.161,7986.3615,0.0765,B-,1993.5,14.1421,184.955561317,15.202,False,False,False,False,-41394.371,7986.3615,  39  112   73  185 Ta    +  -41394.371      14.161      7986.3615     0.0765  B-   1993.5000    14.1421  184 955561.317      15.202   ,1477.4768775,0.0141525,0.21081081081081082,1,0
2020,111,74,185,W,,-43387.871,0.739,7992.9083,0.004,B-,431.1764,0.6616,184.953421206,0.793,False,False,False,False,-43387.871,7992.9083,  37  111   74  185 W        -43387.871       0.739      7992.9083     0.0040  B-    431.1764     0.6616  184 953421.206       0.793   ,1478.6880355,0.00074,0.2,0,1
2020,110,75,185,Re,,-43819.047,0.82,7991.0101,0.0044,B-,-1013.1393,0.419,184.95295832,0.879,False,False,False,False,-43819.047,7991.0101,  35  110   75  185 Re       -43819.047       0.820      7991.0101     0.0044  B-  -1013.1393     0.4190  184 952958.320       0.879   ,1478.3368685,0.000814,0.1891891891891892,1,0
2020,109,76,185,Os,,-42805.908,0.832,7981.3047,0.0045,B-,-2470.3505,27.9572,184.954045969,0.893,False,False,False,False,-42805.908,7981.3047,  33  109   76  185 Os       -42805.908       0.832      7981.3047     0.0045  B-  -2470.3505    27.9572  184 954045.969       0.893   ,1476.5413695,0.0008324999999999999,0.1783783783783784,0,1
2020,108,77,185,Ir,x,-40335.558,27.945,7963.7226,0.1511,B-,-3647.4137,38.0554,184.956698,30.0,False,False,False,False,-40335.558,7963.7226,  31  108   77  185 Ir    x  -40335.558      27.945      7963.7226     0.1511  B-  -3647.4137    38.0554  184 956698.000      30.000   ,1473.288681,0.027953500000000003,0.16756756756756758,1,0
2020,107,78,185,Pt,,-36688.144,25.832,7939.7779,0.1396,B-,-4829.9942,25.9635,184.960613659,27.731,False,False,False,False,-36688.144,7939.7779,  29  107   78  185 Pt       -36688.144      25.832      7939.7779     0.1396  B-  -4829.9942    25.9635  184 960613.659      27.731   ,1468.8589115,0.025826,0.15675675675675677,0,1
2020,106,79,185,Au,x,-31858.15,2.608,7909.441,0.0141,B-,-5674.4989,13.8859,184.965798871,2.8,False,False,False,False,-31858.150,7909.4410,  27  106   79  185 Au    x  -31858.150       2.608      7909.4410     0.0141  B-  -5674.4989    13.8859  184 965798.871       2.800   ,1463.2465849999999,0.0026084999999999997,0.14594594594594595,1,0
2020,105,80,185,Hg,,-26183.651,13.639,7874.5391,0.0737,B-,-6425.9062,24.7674,184.971890696,14.641,False,False,False,False,-26183.651,7874.5391,  25  105   80  185 Hg       -26183.651      13.639      7874.5391     0.0737  B-  -6425.9062    24.7674  184 971890.696      14.641   ,1456.7897335,0.0136345,0.13513513513513514,0,1
2020,104,81,185,Tl,IT,-19757.745,20.674,7835.5756,0.1118,B-,-8216.5333,26.2493,184.978789189,22.194,False,False,False,False,-19757.745,7835.5756,  23  104   81  185 Tl   IT  -19757.745      20.674      7835.5756     0.1118  B-  -8216.5333    26.2493  184 978789.189      22.194   ,1449.581486,0.020683,0.12432432432432433,1,0
2020,103,82,185,Pb,-a,-11541.211,16.175,7786.933,0.0874,B-,-9305.0,83.0,184.98761,17.364,False,False,True,False,-11541.211,7786.9330,  21  103   82  185 Pb   -a  -11541.211      16.175      7786.9330     0.0874  B-  -9305#        83#      184 987610.000      17.364   ,1440.582605,0.016169,0.11351351351351352,0,1
2020,114,72,186,Hf,x,-36424.214,51.232,7964.3032,0.2754,B-,2183.3883,78.9063,185.960897,55.0,False,False,False,False,-36424.214,7964.3032,  42  114   72  186 Hf    x  -36424.214      51.232      7964.3032     0.2754  B-   2183.3883    78.9063  185 960897.000      55.000   ,1481.3603952,0.051224399999999996,0.22580645161290322,1,1
2020,113,73,186,Ta,+,-38607.602,60.012,7971.8357,0.3226,B-,3901.0,60.0,185.958553036,64.425,False,False,False,False,-38607.602,7971.8357,  40  113   73  186 Ta    +  -38607.602      60.012      7971.8357     0.3226  B-   3901.0000    60.0000  185 958553.036      64.425   ,1482.7614402,0.0600036,0.21505376344086022,0,0
2020,112,74,186,W,,-42508.602,1.213,7988.6026,0.0065,B-,-581.2819,1.2386,185.95436514,1.302,False,False,False,False,-42508.602,7988.6026,  38  112   74  186 W        -42508.602       1.213      7988.6026     0.0065  B-   -581.2819     1.2386  185 954365.140       1.302   ,1485.8800836,0.0012089999999999998,0.20430107526881722,1,1
2020,111,75,186,Re,,-41927.32,0.82,7981.2713,0.0044,B-,1072.7114,0.8337,185.954989172,0.88,False,False,False,False,-41927.320,7981.2713,  36  111   75  186 Re       -41927.320       0.820      7981.2713     0.0044  B-   1072.7114     0.8337  185 954989.172       0.880   ,1484.5164618000001,0.0008184,0.1935483870967742,0,0
2020,110,76,186,Os,,-43000.032,0.761,7982.8324,0.0041,B-,-3827.6813,16.543,185.953837569,0.816,False,False,False,False,-43000.032,7982.8324,  34  110   76  186 Os       -43000.032       0.761      7982.8324     0.0041  B-  -3827.6813    16.5430  185 953837.569       0.816   ,1484.8068264,0.0007626000000000001,0.1827956989247312,1,1
2020,109,77,186,Ir,x,-39172.35,16.526,7958.0473,0.0888,B-,-1307.903,27.3122,185.957946754,17.74,False,False,False,False,-39172.350,7958.0473,  32  109   77  186 Ir    x  -39172.350      16.526      7958.0473     0.0888  B-  -1307.9030    27.3122  185 957946.754      17.740   ,1480.1967978,0.0165168,0.17204301075268819,0,0
2020,108,78,186,Pt,,-37864.447,21.745,7946.8094,0.1169,B-,-6149.5913,30.2074,185.959350845,23.344,False,False,False,False,-37864.447,7946.8094,  30  108   78  186 Pt       -37864.447      21.745      7946.8094     0.1169  B-  -6149.5913    30.2074  185 959350.845      23.344   ,1478.1065484,0.0217434,0.16129032258064516,1,1
2020,107,79,186,Au,,-31714.856,20.967,7909.5409,0.1127,B-,-3175.7972,23.9866,185.965952703,22.509,False,False,False,False,-31714.856,7909.5409,  28  107   79  186 Au       -31714.856      20.967      7909.5409     0.1127  B-  -3175.7972    23.9866  185 965952.703      22.509   ,1471.1746074,0.0209622,0.15053763440860216,0,0
2020,106,80,186,Hg,,-28539.059,11.65,7888.2605,0.0626,B-,-8656.119,23.7974,185.969362061,12.507,False,False,False,False,-28539.059,7888.2605,  26  106   80  186 Hg       -28539.059      11.650      7888.2605     0.0626  B-  -8656.1190    23.7974  185 969362.061      12.507   ,1467.216453,0.0116436,0.13978494623655913,1,1
2020,105,81,186,Tl,,-19882.94,20.751,7837.5161,0.1116,B-,-5202.0427,23.4877,185.978654787,22.276,False,False,False,False,-19882.940,7837.5161,  24  105   81  186 Tl       -19882.940      20.751      7837.5161     0.1116  B-  -5202.0427    23.4877  185 978654.787      22.276   ,1457.7779945999998,0.0207576,0.12903225806451613,0,0
2020,104,82,186,Pb,-a,-14680.897,11.004,7805.342,0.0592,B-,-11535.3999,20.2118,185.984239409,11.813,False,False,False,False,-14680.897,7805.3420,  22  104   82  186 Pb   -a  -14680.897      11.004      7805.3420     0.0592  B- -11535.3999    20.2118  185 984239.409      11.813   ,1451.793612,0.0110112,0.11827956989247312,1,1
2020,103,83,186,Bi,-a,-3145.497,16.954,7739.1175,0.0911,B-,-7247.0279,24.9305,185.996623169,18.2,False,False,False,False,-3145.497,7739.1175,  20  103   83  186 Bi   -a   -3145.497      16.954      7739.1175     0.0911  B-  -7247.0279    24.9305  185 996623.169      18.200   ,1439.475855,0.0169446,0.10752688172043011,0,0
2020,102,84,186,Po,-a,4101.531,18.278,7695.9488,0.0983,B-,,,186.004403174,19.622,False,False,False,False,4101.531,7695.9488,  18  102   84  186 Po   -a    4101.531      18.278      7695.9488     0.0983  B-      *                  186 004403.174      19.622   ,1431.4464768,0.0182838,0.0967741935483871,1,1
2020,114,73,187,Ta,x,-36895.55,55.89,7963.2123,0.2989,B-,3008.4937,55.9028,186.960391,60.0,False,False,False,False,-36895.550,7963.2123,  41  114   73  187 Ta    x  -36895.550      55.890      7963.2123     0.2989  B-   3008.4937    55.9028  186 960391.000      60.000   ,1489.1207001,0.0558943,0.2192513368983957,1,0
2020,113,74,187,W,,-39904.044,1.213,7975.1168,0.0065,B-,1312.5048,1.1219,186.957161249,1.302,False,False,False,False,-39904.044,7975.1168,  39  113   74  187 W        -39904.044       1.213      7975.1168     0.0065  B-   1312.5048     1.1219  186 957161.249       1.302   ,1491.3468415999998,0.0012155,0.20855614973262032,0,1
2020,112,75,187,Re,,-41216.548,0.737,7977.9519,0.0039,B-,2.4667,0.0016,186.955752217,0.791,False,False,False,False,-41216.548,7977.9519,  37  112   75  187 Re       -41216.548       0.737      7977.9519     0.0039  B-      2.4667     0.0016  186 955752.217       0.791   ,1491.8770053,0.0007293,0.19786096256684493,1,0
2020,111,76,187,Os,,-41219.015,0.737,7973.7814,0.0039,B-,-1669.6385,27.9545,186.955749569,0.791,False,False,False,False,-41219.015,7973.7814,  35  111   76  187 Os       -41219.015       0.737      7973.7814     0.0039  B-  -1669.6385    27.9545  186 955749.569       0.791   ,1491.0971218,0.0007293,0.18716577540106952,0,1
2020,110,77,187,Ir,x,-39549.377,27.945,7960.6692,0.1494,B-,-2864.0151,36.8802,186.957542,30.0,False,False,False,False,-39549.377,7960.6692,  33  110   77  187 Ir    x  -39549.377      27.945      7960.6692     0.1494  B-  -2864.0151    36.8802  186 957542.000      30.000   ,1488.6451404000002,0.0279378,0.17647058823529413,1,0
2020,109,78,187,Pt,,-36685.361,24.067,7941.1699,0.1287,B-,-3656.5811,27.4478,186.960616646,25.837,False,False,False,False,-36685.361,7941.1699,  31  109   78  187 Pt       -36685.361      24.067      7941.1699     0.1287  B-  -3656.5811    27.4478  186 960616.646      25.837   ,1484.9987712999998,0.0240669,0.1657754010695187,0,1
2020,108,79,187,Au,,-33028.78,22.499,7917.4323,0.1203,B-,-4910.2713,25.9171,186.964542147,24.153,False,False,False,False,-33028.780,7917.4323,  29  108   79  187 Au       -33028.780      22.499      7917.4323     0.1203  B-  -4910.2713    25.9171  186 964542.147      24.153   ,1480.5598401000002,0.0224961,0.15508021390374332,1,0
2020,107,80,187,Hg,,-28118.509,12.864,7886.9905,0.0688,B-,-5673.917,15.1746,186.96981354,13.81,False,False,False,False,-28118.509,7886.9905,  27  107   80  187 Hg       -28118.509      12.864      7886.9905     0.0688  B-  -5673.9170    15.1746  186 969813.540      13.810   ,1474.8672235000001,0.012865600000000001,0.1443850267379679,0,1
2020,106,81,187,Tl,,-22444.592,8.048,7852.465,0.043,B-,-7457.637,9.5248,186.97590474,8.64,False,False,False,False,-22444.592,7852.4650,  25  106   81  187 Tl       -22444.592       8.048      7852.4650     0.0430  B-  -7457.6370     9.5248  186 975904.740       8.640   ,1468.410955,0.008040999999999998,0.13368983957219252,1,0
2020,105,82,187,Pb,,-14986.955,5.094,7808.401,0.0272,B-,-8603.6798,11.2268,186.983910842,5.468,False,False,False,False,-14986.955,7808.4010,  23  105   82  187 Pb       -14986.955       5.094      7808.4010     0.0272  B-  -8603.6798    11.2268  186 983910.842       5.468   ,1460.170987,0.0050864,0.12299465240641712,0,1
2020,104,83,187,Bi,-a,-6383.275,10.005,7758.2083,0.0535,B-,-9207.0832,34.1302,186.993147272,10.74,False,False,False,False,-6383.275,7758.2083,  21  104   83  187 Bi   -a   -6383.275      10.005      7758.2083     0.0535  B-  -9207.0832    34.1302  186 993147.272      10.740   ,1450.7849521,0.0100045,0.11229946524064172,1,0
2020,103,84,187,Po,-a,2823.808,32.631,7704.7889,0.1745,B-,,,187.003031482,35.03,False,False,False,False,2823.808,7704.7889,  19  103   84  187 Po   -a    2823.808      32.631      7704.7889     0.1745  B-      *                  187 003031.482      35.030   ,1440.7955243,0.032631499999999994,0.10160427807486631,0,1
2020,114,74,188,W,+,-38667.88,3.089,7969.0532,0.0164,B-,349.0,3.0,187.958488325,3.316,False,False,False,False,-38667.880,7969.0532,  40  114   74  188 W     +  -38667.880       3.089      7969.0532     0.0164  B-    349.0000     3.0000  187 958488.325       3.316   ,1498.1820016000001,0.0030832000000000004,0.2127659574468085,1,1
2020,113,75,188,Re,-n,-39016.88,0.738,7966.7481,0.0039,B-,2120.4209,0.152,187.958113658,0.792,False,False,False,False,-39016.880,7966.7481,  38  113   75  188 Re   -n  -39016.880       0.738      7966.7481     0.0039  B-   2120.4209     0.1520  187 958113.658       0.792   ,1497.7486428,0.0007331999999999999,0.20212765957446807,0,0
2020,112,76,188,Os,,-41137.301,0.734,7973.8656,0.0039,B-,-2792.3457,9.4164,187.955837292,0.788,False,False,False,False,-41137.301,7973.8656,  36  112   76  188 Os       -41137.301       0.734      7973.8656     0.0039  B-  -2792.3457     9.4164  187 955837.292       0.788   ,1499.0867328000002,0.0007331999999999999,0.19148936170212766,1,1
2020,111,77,188,Ir,,-38344.955,9.423,7954.8512,0.0501,B-,-523.986,8.6863,187.958834999,10.116,False,False,False,False,-38344.955,7954.8512,  34  111   77  188 Ir       -38344.955       9.423      7954.8512     0.0501  B-   -523.9860     8.6863  187 958834.999      10.116   ,1495.5120256,0.0094188,0.18085106382978725,0,0
2020,110,78,188,Pt,,-37820.97,5.305,7947.9027,0.0282,B-,-5449.6549,5.9528,187.959397521,5.694,False,False,False,False,-37820.970,7947.9027,  32  110   78  188 Pt       -37820.970       5.305      7947.9027     0.0282  B-  -5449.6549     5.9528  187 959397.521       5.694   ,1494.2057075999999,0.0053016,0.1702127659574468,1,1
2020,109,79,188,Au,x,-32371.315,2.701,7914.7537,0.0144,B-,-2172.9634,7.3046,187.965247966,2.9,False,False,False,False,-32371.315,7914.7537,  30  109   79  188 Au    x  -32371.315       2.701      7914.7537     0.0144  B-  -2172.9634     7.3046  187 965247.966       2.900   ,1487.9736956,0.0027072,0.1595744680851064,0,0
2020,108,80,188,Hg,,-30198.351,6.787,7899.034,0.0361,B-,-7861.9485,30.6643,187.967580738,7.285,False,False,False,False,-30198.351,7899.0340,  28  108   80  188 Hg       -30198.351       6.787      7899.0340     0.0361  B-  -7861.9485    30.6643  187 967580.738       7.285   ,1485.018392,0.006786800000000001,0.14893617021276595,1,1
2020,107,81,188,Tl,x,-22336.403,29.904,7853.0537,0.1591,B-,-4525.3784,31.5712,187.976020886,32.103,False,False,False,False,-22336.403,7853.0537,  26  107   81  188 Tl    x  -22336.403      29.904      7853.0537     0.1591  B-  -4525.3784    31.5712  187 976020.886      32.103   ,1476.3740956000001,0.029910799999999998,0.13829787234042554,0,0
2020,106,82,188,Pb,-a,-17811.024,10.124,7824.8211,0.0539,B-,-10616.2241,15.0824,187.980879079,10.868,False,False,False,False,-17811.024,7824.8211,  24  106   82  188 Pb   -a  -17811.024      10.124      7824.8211     0.0539  B- -10616.2241    15.0824  187 980879.079      10.868   ,1471.0663668,0.0101332,0.1276595744680851,1,1
2020,105,83,188,Bi,-a,-7194.8,11.179,7764.1904,0.0595,B-,-6650.4226,22.8861,187.992276064,12.001,False,False,False,False,-7194.800,7764.1904,  22  105   83  188 Bi   -a   -7194.800      11.179      7764.1904     0.0595  B-  -6650.4226    22.8861  187 992276.064      12.001   ,1459.6677952,0.011186,0.11702127659574468,0,0
2020,104,84,188,Po,-a,-544.378,19.97,7724.6544,0.1062,B-,,,187.999415586,21.438,False,False,False,False,-544.378,7724.6544,  20  104   84  188 Po   -a    -544.378      19.970      7724.6544     0.1062  B-      *                  187 999415.586      21.438   ,1452.2350272,0.019965600000000003,0.10638297872340426,1,1
2020,114,75,189,Re,+p,-37979.097,8.191,7961.8105,0.0433,B-,1007.7049,8.1671,188.959227764,8.793,False,False,False,False,-37979.097,7961.8105,  39  114   75  189 Re   +p  -37979.097       8.191      7961.8105     0.0433  B-   1007.7049     8.1671  188 959227.764       8.793   ,1504.7821845,0.0081837,0.20634920634920634,1,0
2020,113,76,189,Os,,-38986.802,0.666,7963.0029,0.0035,B-,-537.1494,12.563,188.958145949,0.715,False,False,False,False,-38986.802,7963.0029,  37  113   76  189 Os       -38986.802       0.666      7963.0029     0.0035  B-   -537.1494    12.5630  188 958145.949       0.715   ,1505.0075481000001,0.0006615,0.19576719576719576,0,1
2020,112,77,189,Ir,,-38449.652,12.576,7956.0214,0.0665,B-,-1980.247,13.6363,188.958722602,13.5,False,False,False,False,-38449.652,7956.0214,  35  112   77  189 Ir       -38449.652      12.576      7956.0214     0.0665  B-  -1980.2470    13.6363  188 958722.602      13.500   ,1503.6880446,0.0125685,0.18518518518518517,1,0
2020,111,78,189,Pt,,-36469.405,10.09,7941.4045,0.0534,B-,-2887.4471,22.4737,188.960848485,10.832,False,False,False,False,-36469.405,7941.4045,  33  111   78  189 Pt       -36469.405      10.090      7941.4045     0.0534  B-  -2887.4471    22.4737  188 960848.485      10.832   ,1500.9254505000001,0.0100926,0.1746031746031746,0,1
2020,110,79,189,Au,x,-33581.958,20.081,7921.9876,0.1063,B-,-3955.58,37.4009,188.963948286,21.558,False,False,False,False,-33581.958,7921.9876,  31  110   79  189 Au    x  -33581.958      20.081      7921.9876     0.1063  B-  -3955.5800    37.4009  188 963948.286      21.558   ,1497.2556564,0.020090700000000003,0.164021164021164,1,0
2020,109,80,189,Hg,,-29626.378,31.553,7896.9192,0.1669,B-,-5010.2727,32.6434,188.968194776,33.873,False,False,False,False,-29626.378,7896.9192,  29  109   80  189 Hg       -29626.378      31.553      7896.9192     0.1669  B-  -5010.2727    32.6434  188 968194.776      33.873   ,1492.5177288000002,0.0315441,0.15343915343915343,0,1
2020,108,81,189,Tl,,-24616.105,8.368,7866.2704,0.0443,B-,-6772.0862,16.3636,188.973573525,8.983,False,False,False,False,-24616.105,7866.2704,  27  108   81  189 Tl       -24616.105       8.368      7866.2704     0.0443  B-  -6772.0862    16.3636  188 973573.525       8.983   ,1486.7251056000002,0.0083727,0.14285714285714285,1,0
2020,107,82,189,Pb,,-17844.019,14.062,7826.2999,0.0744,B-,-7779.3555,25.1498,188.980843658,15.096,False,False,False,False,-17844.019,7826.2999,  25  107   82  189 Pb       -17844.019      14.062      7826.2999     0.0744  B-  -7779.3555    25.1498  188 980843.658      15.096   ,1479.1706811,0.014061599999999999,0.13227513227513227,0,1
2020,106,83,189,Bi,-a,-10064.664,20.851,7780.9999,0.1103,B-,-8642.6682,30.3542,188.989195139,22.384,False,False,False,False,-10064.664,7780.9999,  23  106   83  189 Bi   -a  -10064.664      20.851      7780.9999     0.1103  B-  -8642.6682    30.3542  188 989195.139      22.384   ,1470.6089811,0.0208467,0.12169312169312169,1,0
2020,105,84,189,Po,-a,-1421.996,22.059,7731.1321,0.1167,B-,,,188.998473425,23.681,False,False,False,False,-1421.996,7731.1321,  21  105   84  189 Po   -a   -1421.996      22.059      7731.1321     0.1167  B-      *                  188 998473.425      23.681   ,1461.1839668999999,0.0220563,0.1111111111111111,0,1
2020,116,74,190,W,,-34368.832,35.391,7947.5031,0.1863,B-,1214.1824,35.5545,189.963103542,37.993,False,False,False,False,-34368.832,7947.5031,  42  116   74  190 W        -34368.832      35.391      7947.5031     0.1863  B-   1214.1824    35.5545  189 963103.542      37.993   ,1510.0255889999999,0.035397,0.22105263157894736,1,1
2020,115,75,190,Re,,-35583.015,4.87,7949.7759,0.0256,B-,3124.8105,4.7864,189.961800064,5.227,False,False,False,False,-35583.015,7949.7759,  40  115   75  190 Re       -35583.015       4.870      7949.7759     0.0256  B-   3124.8105     4.7864  189 961800.064       5.227   ,1510.4574209999998,0.004864,0.21052631578947367,0,0
2020,114,76,190,Os,,-38707.825,0.65,7962.1047,0.0034,B-,-1954.2108,1.2131,189.958445442,0.697,False,False,False,False,-38707.825,7962.1047,  38  114   76  190 Os       -38707.825       0.650      7962.1047     0.0034  B-  -1954.2108     1.2131  189 958445.442       0.697   ,1512.7998929999999,0.000646,0.2,1,1
2020,113,77,190,Ir,+n,-36753.614,1.37,7947.7017,0.0072,B-,552.8893,1.2822,189.960543374,1.47,False,False,False,False,-36753.614,7947.7017,  36  113   77  190 Ir   +n  -36753.614       1.370      7947.7017     0.0072  B-    552.8893     1.2822  189 960543.374       1.470   ,1510.0633229999999,0.0013679999999999999,0.18947368421052632,0,0
2020,112,78,190,Pt,,-37306.504,0.657,7946.4941,0.0035,B-,-4472.9637,3.5086,189.959949823,0.705,False,False,False,False,-37306.504,7946.4941,  34  112   78  190 Pt       -37306.504       0.657      7946.4941     0.0035  B-  -4472.9637     3.5086  189 959949.823       0.705   ,1509.833879,0.000665,0.17894736842105263,1,1
2020,111,79,190,Au,x,-32833.54,3.447,7918.8345,0.0181,B-,-1462.915,16.276,189.964751746,3.7,False,False,False,False,-32833.540,7918.8345,  32  111   79  190 Au    x  -32833.540       3.447      7918.8345     0.0181  B-  -1462.9150    16.2760  189 964751.746       3.700   ,1504.5785549999998,0.0034390000000000007,0.16842105263157894,0,0
2020,110,80,190,Hg,,-31370.625,15.907,7907.0174,0.0837,B-,-7004.3892,17.4819,189.96632225,17.076,False,False,False,False,-31370.625,7907.0174,  30  110   80  190 Hg       -31370.625      15.907      7907.0174     0.0837  B-  -7004.3892    17.4819  189 966322.250      17.076   ,1502.3333059999998,0.015902999999999997,0.15789473684210525,1,1
2020,109,81,190,Tl,+a,-24366.236,7.252,7866.0345,0.0382,B-,-3949.6288,14.4634,189.973841771,7.784,False,False,False,False,-24366.236,7866.0345,  28  109   81  190 Tl   +a  -24366.236       7.252      7866.0345     0.0382  B-  -3949.6288    14.4634  189 973841.771       7.784   ,1494.546555,0.007258,0.14736842105263157,0,0
2020,108,82,190,Pb,-a,-20416.607,12.514,7841.1294,0.0659,B-,-9820.7014,24.4226,189.978081872,13.434,False,False,False,False,-20416.607,7841.1294,  26  108   82  190 Pb   -a  -20416.607      12.514      7841.1294     0.0659  B-  -9820.7014    24.4226  189 978081.872      13.434   ,1489.814586,0.012521000000000001,0.1368421052631579,1,1
2020,107,83,190,Bi,-a,-10595.906,20.973,7785.3239,0.1104,B-,-6033.1975,24.7615,189.988624828,22.515,False,False,False,False,-10595.906,7785.3239,  24  107   83  190 Bi   -a  -10595.906      20.973      7785.3239     0.1104  B-  -6033.1975    24.7615  189 988624.828      22.515   ,1479.211541,0.020975999999999998,0.12631578947368421,0,0
2020,106,84,190,Po,-a,-4562.708,13.163,7749.4526,0.0693,B-,,,189.995101731,14.131,False,False,False,False,-4562.708,7749.4526,  22  106   84  190 Po   -a   -4562.708      13.163      7749.4526     0.0693  B-      *                  189 995101.731      14.131   ,1472.395994,0.013167,0.11578947368421053,1,1
2020,117,74,191,W,x,-31176.176,41.917,7931.4359,0.2195,B-,3174.2318,43.1556,190.966531,45.0,False,False,False,False,-31176.176,7931.4359,  43  117   74  191 W     x  -31176.176      41.917      7931.4359     0.2195  B-   3174.2318    43.1556  190 966531.000      45.000   ,1514.9042569,0.0419245,0.225130890052356,0,1
2020,116,75,191,Re,+p,-34350.408,10.264,7943.9588,0.0537,B-,2044.8311,10.2443,190.963123322,11.019,False,False,False,False,-34350.408,7943.9588,  41  116   75  191 Re   +p  -34350.408      10.264      7943.9588     0.0537  B-   2044.8311    10.2443  190 963123.322      11.019   ,1517.2961308000001,0.0102567,0.21465968586387435,1,0
2020,115,76,191,Os,,-36395.239,0.659,7950.5687,0.0035,B-,313.5873,1.141,190.960928105,0.707,False,False,False,False,-36395.239,7950.5687,  39  115   76  191 Os       -36395.239       0.659      7950.5687     0.0035  B-    313.5873     1.1410  190 960928.105       0.707   ,1518.5586217,0.0006684999999999999,0.20418848167539266,0,1
2020,114,77,191,Ir,,-36708.826,1.31,7948.1144,0.0069,B-,-1010.4903,3.636,190.960591455,1.406,False,False,False,False,-36708.826,7948.1144,  37  114   77  191 Ir       -36708.826       1.310      7948.1144     0.0069  B-  -1010.4903     3.6360  190 960591.455       1.406   ,1518.0898504000002,0.0013179,0.193717277486911,1,0
2020,113,78,191,Pt,,-35698.336,4.127,7938.7279,0.0216,B-,-1900.4257,6.426,190.961676261,4.43,False,False,False,False,-35698.336,7938.7279,  35  113   78  191 Pt       -35698.336       4.127      7938.7279     0.0216  B-  -1900.4257     6.4260  190 961676.261       4.430   ,1516.2970289,0.0041256,0.18324607329842932,0,1
2020,112,79,191,Au,,-33797.91,4.926,7924.6819,0.0258,B-,-3206.0616,22.7103,190.963716452,5.288,False,False,False,False,-33797.910,7924.6819,  33  112   79  191 Au       -33797.910       4.926      7924.6819     0.0258  B-  -3206.0616    22.7103  190 963716.452       5.288   ,1513.6142429,0.0049278,0.17277486910994763,1,0
2020,111,80,191,Hg,,-30591.849,22.28,7903.8002,0.1167,B-,-4308.8981,23.4609,190.967158301,23.918,False,False,False,False,-30591.849,7903.8002,  31  111   80  191 Hg       -30591.849      22.280      7903.8002     0.1167  B-  -4308.8981    23.4609  190 967158.301      23.918   ,1509.6258381999999,0.0222897,0.16230366492146597,0,1
2020,110,81,191,Tl,+a,-26282.951,7.349,7877.1445,0.0385,B-,-5991.7073,9.8864,190.971784093,7.889,False,False,False,False,-26282.951,7877.1445,  29  110   81  191 Tl   +a  -26282.951       7.349      7877.1445     0.0385  B-  -5991.7073     9.8864  190 971784.093       7.889   ,1504.5345995,0.0073535,0.1518324607329843,1,0
2020,109,82,191,Pb,,-20291.243,6.613,7841.6782,0.0346,B-,-7051.8922,9.9895,190.978216455,7.099,False,False,False,False,-20291.243,7841.6782,  27  109   82  191 Pb       -20291.243       6.613      7841.6782     0.0346  B-  -7051.8922     9.9895  190 978216.455       7.099   ,1497.7605362,0.0066086,0.14136125654450263,0,1
2020,108,83,191,Bi,,-13239.351,7.487,7800.6613,0.0392,B-,-8170.6205,10.3201,190.985786972,8.037,False,False,False,False,-13239.351,7800.6613,  25  108   83  191 Bi       -13239.351       7.487      7800.6613     0.0392  B-  -8170.6205    10.3201  190 985786.972       8.037   ,1489.9263082999998,0.007487199999999999,0.13089005235602094,1,0
2020,107,84,191,Po,,-5068.731,7.103,7753.7871,0.0372,B-,-8932.644,17.5997,190.994558494,7.624,False,False,False,False,-5068.731,7753.7871,  23  107   84  191 Po        -5068.731       7.103      7753.7871     0.0372  B-  -8932.6440    17.5997  190 994558.494       7.624   ,1480.9733360999999,0.007105199999999999,0.12041884816753927,0,1
2020,106,85,191,At,-a,3863.913,16.103,7702.9233,0.0843,B-,,,191.004148081,17.287,False,False,False,False,3863.913,7702.9233,  21  106   85  191 At   -a    3863.913      16.103      7702.9233     0.0843  B-      *                  191 004148.081      17.287   ,1471.2583503,0.0161013,0.1099476439790576,1,0
2020,117,75,192,Re,x,-31588.828,70.794,7930.2389,0.3687,B-,4293.475,70.8314,191.966088,76.0,False,False,False,False,-31588.828,7930.2389,  42  117   75  192 Re    x  -31588.828      70.794      7930.2389     0.3687  B-   4293.4750    70.8314  191 966088.000      76.000   ,1522.6058688,0.0707904,0.21875,0,0
2020,116,76,192,Os,,-35882.303,2.314,7948.526,0.0121,B-,-1046.6722,2.3962,191.961478765,2.484,False,False,False,False,-35882.303,7948.5260,  40  116   76  192 Os       -35882.303       2.314      7948.5260     0.0121  B-  -1046.6722     2.3962  191 961478.765       2.484   ,1526.116992,0.0023232,0.20833333333333334,1,1
2020,115,77,192,Ir,,-34835.631,1.314,7938.9999,0.0068,B-,1452.8946,2.2739,191.962602414,1.41,False,False,False,False,-34835.631,7938.9999,  38  115   77  192 Ir       -34835.631       1.314      7938.9999     0.0068  B-   1452.8946     2.2739  191 962602.414       1.410   ,1524.2879808,0.0013055999999999999,0.19791666666666666,0,0
2020,114,78,192,Pt,,-36288.525,2.57,7942.4923,0.0134,B-,-3516.3415,15.6174,191.961042667,2.758,False,False,False,False,-36288.525,7942.4923,  36  114   78  192 Pt       -36288.525       2.570      7942.4923     0.0134  B-  -3516.3415    15.6174  191 961042.667       2.758   ,1524.9585216,0.0025728,0.1875,1,1
2020,113,79,192,Au,-,-32772.184,15.827,7920.1033,0.0824,B-,-760.7028,22.1777,191.964817615,16.991,False,False,False,False,-32772.184,7920.1033,  34  113   79  192 Au    -  -32772.184      15.827      7920.1033     0.0824  B-   -760.7028    22.1777  191 964817.615      16.991   ,1520.6598336,0.0158208,0.17708333333333334,0,0
2020,112,80,192,Hg,x,-32011.481,15.537,7912.0666,0.0809,B-,-6139.2324,35.2767,191.965634263,16.679,False,False,False,False,-32011.481,7912.0666,  32  112   80  192 Hg    x  -32011.481      15.537      7912.0666     0.0809  B-  -6139.2324    35.2767  191 965634.263      16.679   ,1519.1167872,0.0155328,0.16666666666666666,1,1
2020,111,81,192,Tl,x,-25872.249,31.671,7876.0167,0.165,B-,-3320.4029,32.1843,191.972225,34.0,False,False,False,False,-25872.249,7876.0167,  30  111   81  192 Tl    x  -25872.249      31.671      7876.0167     0.1650  B-  -3320.4029    32.1843  191 972225.000      34.000   ,1512.1952064,0.03168,0.15625,0,0
2020,110,82,192,Pb,,-22551.846,5.726,7854.6482,0.0298,B-,-9017.3089,30.6518,191.975789598,6.147,False,False,False,False,-22551.846,7854.6482,  28  110   82  192 Pb       -22551.846       5.726      7854.6482     0.0298  B-  -9017.3089    30.6518  191 975789.598       6.147   ,1508.0924544,0.0057216,0.14583333333333334,1,1
2020,109,83,192,Bi,-a,-13534.537,30.112,7803.6084,0.1568,B-,-5468.0534,31.9348,191.985470077,32.326,False,False,False,False,-13534.537,7803.6084,  26  109   83  192 Bi   -a  -13534.537      30.112      7803.6084     0.1568  B-  -5468.0534    31.9348  191 985470.077      32.326   ,1498.2928127999999,0.0301056,0.13541666666666666,0,0
2020,108,84,192,Po,-a,-8066.483,10.634,7771.0542,0.0554,B-,-10992.2252,29.8328,191.991340274,11.416,False,False,False,False,-8066.483,7771.0542,  24  108   84  192 Po   -a   -8066.483      10.634      7771.0542     0.0554  B- -10992.2252    29.8328  191 991340.274      11.416   ,1492.0424064,0.010636799999999998,0.125,1,1
2020,107,85,192,At,-a,2925.742,27.873,7709.7283,0.1452,B-,,,192.003140912,29.922,False,False,False,False,2925.742,7709.7283,  22  107   85  192 At   -a    2925.742      27.873      7709.7283     0.1452  B-      *                  192 003140.912      29.922   ,1480.2678336,0.027878399999999998,0.11458333333333333,0,0
2020,118,75,193,Re,x,-30231.641,39.123,7923.9378,0.2027,B-,3162.7597,39.1915,192.967545,42.0,False,False,False,False,-30231.641,7923.9378,  43  118   75  193 Re    x  -30231.641      39.123      7923.9378     0.2027  B-   3162.7597    39.1915  192 967545.000      42.000   ,1529.3199954,0.0391211,0.22279792746113988,1,0
2020,117,76,193,Os,,-33394.401,2.32,7936.2716,0.012,B-,1141.9038,2.4,192.964149637,2.49,False,False,False,False,-33394.401,7936.2716,  41  117   76  193 Os       -33394.401       2.320      7936.2716     0.0120  B-   1141.9038     2.4000  192 964149.637       2.490   ,1531.7004188,0.002316,0.21243523316062177,0,1
2020,116,77,193,Ir,,-34536.305,1.327,7938.1346,0.0069,B-,-56.6276,0.2997,192.962923753,1.425,False,False,False,False,-34536.305,7938.1346,  39  116   77  193 Ir       -34536.305       1.327      7938.1346     0.0069  B-    -56.6276     0.2997  192 962923.753       1.425   ,1532.0599778,0.0013317,0.20207253886010362,1,0
2020,115,78,193,Pt,,-34479.677,1.359,7933.7875,0.007,B-,-1074.8477,8.7676,192.962984546,1.458,False,False,False,False,-34479.677,7933.7875,  37  115   78  193 Pt       -34479.677       1.359      7933.7875     0.0070  B-  -1074.8477     8.7676  192 962984.546       1.458   ,1531.2209875,0.001351,0.19170984455958548,0,1
2020,114,79,193,Au,,-33404.829,8.674,7924.1648,0.0449,B-,-2342.6641,14.3702,192.964138442,9.311,False,False,False,False,-33404.829,7924.1648,  35  114   79  193 Au       -33404.829       8.674      7924.1648     0.0449  B-  -2342.6641    14.3702  192 964138.442       9.311   ,1529.3638064,0.008665700000000002,0.18134715025906736,1,0
2020,113,80,193,Hg,,-31062.165,15.505,7907.973,0.0803,B-,-3584.9466,16.8938,192.966653395,16.645,False,False,False,False,-31062.165,7907.9730,  33  113   80  193 Hg       -31062.165      15.505      7907.9730     0.0803  B-  -3584.9466    16.8938  192 966653.395      16.645   ,1526.238789,0.0154979,0.17098445595854922,0,1
2020,112,81,193,Tl,x,-27477.218,6.707,7885.3445,0.0348,B-,-5247.9637,12.2808,192.970501994,7.2,False,False,False,False,-27477.218,7885.3445,  31  112   81  193 Tl    x  -27477.218       6.707      7885.3445     0.0348  B-  -5247.9637    12.2808  192 970501.994       7.200   ,1521.8714885,0.006716399999999999,0.16062176165803108,1,0
2020,111,82,193,Pb,,-22229.255,10.288,7854.0994,0.0533,B-,-6344.6913,12.7761,192.976135914,11.044,False,False,False,False,-22229.255,7854.0994,  29  111   82  193 Pb       -22229.255      10.288      7854.0994     0.0533  B-  -6344.6913    12.7761  192 976135.914      11.044   ,1515.8411842,0.0102869,0.15025906735751296,0,1
2020,110,83,193,Bi,,-15884.563,7.576,7817.1718,0.0393,B-,-7559.2614,16.3874,192.98294722,8.132,False,False,False,False,-15884.563,7817.1718,  27  110   83  193 Bi       -15884.563       7.576      7817.1718     0.0393  B-  -7559.2614    16.3874  192 982947.220       8.132   ,1508.7141574,0.0075849,0.13989637305699482,1,0
2020,109,84,193,Po,-a,-8325.302,14.531,7773.951,0.0753,B-,-8257.9789,26.0594,192.991062421,15.599,False,False,False,False,-8325.302,7773.9510,  25  109   84  193 Po   -a   -8325.302      14.531      7773.9510     0.0753  B-  -8257.9789    26.0594  192 991062.421      15.599   ,1500.372543,0.014532900000000001,0.12953367875647667,0,1
2020,108,85,193,At,-a,-67.323,21.632,7727.1099,0.1121,B-,-9110.2435,33.1444,192.999927725,23.222,False,False,False,False,-67.323,7727.1099,  23  108   85  193 At   -a     -67.323      21.632      7727.1099     0.1121  B-  -9110.2435    33.1444  192 999927.725      23.222   ,1491.3322107000001,0.0216353,0.11917098445595854,1,0
2020,107,86,193,Rn,-a,9042.92,25.112,7675.853,0.1301,B-,,,193.009707973,26.958,False,False,False,False,9042.920,7675.8530,  21  107   86  193 Rn   -a    9042.920      25.112      7675.8530     0.1301  B-      *                  193 009707.973      26.958   ,1481.439629,0.025109299999999998,0.10880829015544041,0,1
2020,118,76,194,Os,+,-32435.176,2.403,7932.0232,0.0124,B-,96.6,2.0,193.965179407,2.579,False,False,False,False,-32435.176,7932.0232,  42  118   76  194 Os    +  -32435.176       2.403      7932.0232     0.0124  B-     96.6000     2.0000  193 965179.407       2.579   ,1538.8125008,0.0024056,0.21649484536082475,1,1
2020,117,77,194,Ir,-n,-32531.776,1.332,7928.4885,0.0069,B-,2228.3252,1.2569,193.965075703,1.429,False,False,False,False,-32531.776,7928.4885,  40  117   77  194 Ir   -n  -32531.776       1.332      7928.4885     0.0069  B-   2228.3252     1.2569  193 965075.703       1.429   ,1538.1267690000002,0.0013386000000000001,0.20618556701030927,0,0
2020,116,78,194,Pt,,-34760.101,0.496,7935.942,0.0026,B-,-2548.1518,2.1174,193.962683498,0.532,False,False,False,False,-34760.101,7935.9420,  38  116   78  194 Pt       -34760.101       0.496      7935.9420     0.0026  B-  -2548.1518     2.1174  193 962683.498       0.532   ,1539.5727479999998,0.0005044,0.1958762886597938,1,1
2020,115,79,194,Au,+3n,-32211.95,2.118,7918.7744,0.0109,B-,-27.9978,3.5809,193.965419051,2.273,False,False,False,False,-32211.950,7918.7744,  36  115   79  194 Au  +3n  -32211.950       2.118      7918.7744     0.0109  B-    -27.9978     3.5809  193 965419.051       2.273   ,1536.2422336000002,0.0021146,0.18556701030927836,0,0
2020,114,80,194,Hg,x,-32183.952,2.888,7914.5974,0.0149,B-,-5246.4542,14.2677,193.965449108,3.1,False,False,False,False,-32183.952,7914.5974,  34  114   80  194 Hg    x  -32183.952       2.888      7914.5974     0.0149  B-  -5246.4542    14.2677  193 965449.108       3.100   ,1535.4318956,0.0028906,0.17525773195876287,1,1
2020,113,81,194,Tl,x,-26937.498,13.972,7883.5211,0.072,B-,-2729.6315,22.3433,193.971081408,15.0,False,False,False,False,-26937.498,7883.5211,  32  113   81  194 Tl    x  -26937.498      13.972      7883.5211     0.0720  B-  -2729.6315    22.3433  193 971081.408      15.000   ,1529.4030934,0.013967999999999998,0.16494845360824742,0,0
2020,112,82,194,Pb,,-24207.866,17.435,7865.4181,0.0899,B-,-8184.8462,18.2094,193.974011788,18.717,False,False,False,False,-24207.866,7865.4181,  30  112   82  194 Pb       -24207.866      17.435      7865.4181     0.0899  B-  -8184.8462    18.2094  193 974011.788      18.717   ,1525.8911114,0.0174406,0.15463917525773196,1,1
2020,111,83,194,Bi,+a,-16023.02,5.252,7819.1955,0.0271,B-,-5018.4029,13.9386,193.982798581,5.638,False,False,False,False,-16023.020,7819.1955,  28  111   83  194 Bi   +a  -16023.020       5.252      7819.1955     0.0271  B-  -5018.4029    13.9386  193 982798.581       5.638   ,1516.9239269999998,0.0052574,0.14432989690721648,0,0
2020,110,84,194,Po,-a,-11004.617,12.911,7789.2947,0.0666,B-,-10288.1273,26.8153,193.988186058,13.86,False,False,False,False,-11004.617,7789.2947,  26  110   84  194 Po   -a  -11004.617      12.911      7789.2947     0.0666  B- -10288.1273    26.8153  193 988186.058      13.860   ,1511.1231718000001,0.0129204,0.13402061855670103,1,1
2020,109,85,194,At,-a,-716.49,23.502,7732.2304,0.1211,B-,-6441.1134,28.8079,193.999230816,25.23,False,False,False,False,-716.490,7732.2304,  24  109   85  194 At   -a    -716.490      23.502      7732.2304     0.1211  B-  -6441.1134    28.8079  193 999230.816      25.230   ,1500.0526976,0.0234934,0.12371134020618557,0,0
2020,108,86,194,Rn,-a,5724.624,16.659,7694.9961,0.0859,B-,,,194.006145636,17.884,False,False,False,False,5724.624,7694.9961,  22  108   86  194 Rn   -a    5724.624      16.659      7694.9961     0.0859  B-      *                  194 006145.636      17.884   ,1492.8292434,0.0166646,0.1134020618556701,1,1
2020,119,76,195,Os,x,-29511.596,55.89,7917.7449,0.2866,B-,2180.722,55.9055,194.968318,60.0,False,False,False,False,-29511.596,7917.7449,  43  119   76  195 Os    x  -29511.596      55.890      7917.7449     0.2866  B-   2180.7220    55.9055  194 968318.000      60.000   ,1543.9602555,0.055887000000000006,0.2205128205128205,0,1
2020,118,77,195,Ir,-n,-31692.318,1.333,7924.916,0.0068,B-,1101.5601,1.2637,194.965976898,1.431,False,False,False,False,-31692.318,7924.9160,  41  118   77  195 Ir   -n  -31692.318       1.333      7924.9160     0.0068  B-   1101.5601     1.2637  194 965976.898       1.431   ,1545.3586200000002,0.001326,0.21025641025641026,1,0
2020,117,78,195,Pt,,-32793.878,0.503,7926.553,0.0026,B-,-226.8175,0.9998,194.964794325,0.54,False,False,False,False,-32793.878,7926.5530,  39  117   78  195 Pt       -32793.878       0.503      7926.5530     0.0026  B-   -226.8175     0.9998  194 964794.325       0.540   ,1545.677835,0.000507,0.2,0,1
2020,116,79,195,Au,,-32567.061,1.119,7921.3778,0.0057,B-,-1553.719,23.1562,194.965037823,1.201,False,False,False,False,-32567.061,7921.3778,  37  116   79  195 Au       -32567.061       1.119      7921.3778     0.0057  B-  -1553.7190    23.1562  194 965037.823       1.201   ,1544.6686710000001,0.0011114999999999999,0.18974358974358974,1,0
2020,115,80,195,Hg,,-31013.342,23.142,7909.398,0.1187,B-,-2858.0499,25.6707,194.966705809,24.843,False,False,False,False,-31013.342,7909.3980,  35  115   80  195 Hg       -31013.342      23.142      7909.3980     0.1187  B-  -2858.0499    25.6707  194 966705.809      24.843   ,1542.3326100000002,0.0231465,0.1794871794871795,0,1
2020,114,81,195,Tl,,-28155.292,11.126,7890.7293,0.0571,B-,-4417.2524,12.2333,194.969774052,11.944,False,False,False,False,-28155.292,7890.7293,  33  114   81  195 Tl       -28155.292      11.126      7890.7293     0.0571  B-  -4417.2524    12.2333  194 969774.052      11.944   ,1538.6922135,0.011134499999999999,0.16923076923076924,1,0
2020,113,82,195,Pb,,-23738.039,5.088,7864.0647,0.0261,B-,-5712.4729,7.337,194.974516167,5.461,False,False,False,False,-23738.039,7864.0647,  31  113   82  195 Pb       -23738.039       5.088      7864.0647     0.0261  B-  -5712.4729     7.3370  194 974516.167       5.461   ,1533.4926165,0.0050895,0.15897435897435896,0,1
2020,112,83,195,Bi,,-18025.567,5.287,7830.7579,0.0271,B-,-6908.9121,8.0284,194.980648759,5.675,False,False,False,False,-18025.567,7830.7579,  29  112   83  195 Bi       -18025.567       5.287      7830.7579     0.0271  B-  -6908.9121     8.0284  194 980648.759       5.675   ,1526.9977904999998,0.005284499999999999,0.14871794871794872,1,0
2020,111,84,195,Po,,-11116.655,6.042,7791.3155,0.031,B-,-7646.3554,11.3199,194.988065781,6.486,False,False,False,False,-11116.655,7791.3155,  27  111   84  195 Po       -11116.655       6.042      7791.3155     0.0310  B-  -7646.3554    11.3199  194 988065.781       6.486   ,1519.3065225,0.006045,0.13846153846153847,0,1
2020,110,85,195,At,-a,-3470.299,9.573,7748.0914,0.0491,B-,-8520.5842,52.565,194.99627448,10.276,False,False,False,False,-3470.299,7748.0914,  25  110   85  195 At   -a   -3470.299       9.573      7748.0914     0.0491  B-  -8520.5842    52.5650  194 996274.480      10.276   ,1510.877823,0.0095745,0.1282051282051282,1,0
2020,109,86,195,Rn,-a,5050.285,51.686,7700.3841,0.2651,B-,,,195.005421703,55.487,False,False,False,False,5050.285,7700.3841,  23  109   86  195 Rn   -a    5050.285      51.686      7700.3841     0.2651  B-      *                  195 005421.703      55.487   ,1501.5748995000001,0.0516945,0.11794871794871795,0,1
2020,120,76,196,Os,+pp,-28277.123,40.055,7912.2301,0.2044,B-,1158.3989,55.4951,195.969643261,43.0,False,False,False,False,-28277.123,7912.2301,  44  120   76  196 Os  +pp  -28277.123      40.055      7912.2301     0.2044  B-   1158.3989    55.4951  195 969643.261      43.000   ,1550.7970996,0.0400624,0.22448979591836735,1,1
2020,119,77,196,Ir,+,-29435.522,38.414,7914.1487,0.196,B-,3209.0164,38.4111,195.968399669,41.239,False,False,False,False,-29435.522,7914.1487,  42  119   77  196 Ir    +  -29435.522      38.414      7914.1487     0.1960  B-   3209.0164    38.4111  195 968399.669      41.239   ,1551.1731452,0.038416000000000006,0.21428571428571427,0,0
2020,118,78,196,Pt,,-32644.538,0.51,7926.5297,0.0026,B-,-1505.8204,2.9605,195.964954648,0.547,False,False,False,False,-32644.538,7926.5297,  40  118   78  196 Pt       -32644.538       0.510      7926.5297     0.0026  B-  -1505.8204     2.9605  195 964954.648       0.547   ,1553.5998212000002,0.0005095999999999999,0.20408163265306123,1,1
2020,117,79,196,Au,,-31138.718,2.962,7914.8553,0.0151,B-,687.2263,3.1176,195.966571213,3.179,False,False,False,False,-31138.718,7914.8553,  38  117   79  196 Au       -31138.718       2.962      7914.8553     0.0151  B-    687.2263     3.1176  195 966571.213       3.179   ,1551.3116388,0.0029596,0.19387755102040816,0,0
2020,116,80,196,Hg,,-31825.944,2.946,7914.37,0.015,B-,-4329.3455,12.4627,195.965833445,3.163,False,False,False,False,-31825.944,7914.3700,  36  116   80  196 Hg       -31825.944       2.946      7914.3700     0.0150  B-  -4329.3455    12.4627  195 965833.445       3.163   ,1551.21652,0.00294,0.1836734693877551,1,1
2020,115,81,196,Tl,x,-27496.598,12.109,7888.29,0.0618,B-,-2148.3639,14.3556,195.970481189,13.0,False,False,False,False,-27496.598,7888.2900,  34  115   81  196 Tl    x  -27496.598      12.109      7888.2900     0.0618  B-  -2148.3639    14.3556  195 970481.189      13.000   ,1546.1048400000002,0.0121128,0.17346938775510204,0,0
2020,114,82,196,Pb,,-25348.234,7.71,7873.3374,0.0393,B-,-7339.202,25.616,195.972787552,8.277,False,False,False,False,-25348.234,7873.3374,  32  114   82  196 Pb       -25348.234       7.710      7873.3374     0.0393  B-  -7339.2020    25.6160  195 972787.552       8.277   ,1543.1741304000002,0.0077028,0.16326530612244897,1,1
2020,113,83,196,Bi,x,-18009.032,24.428,7831.9009,0.1246,B-,-4540.3012,25.0142,195.980666509,26.224,False,False,False,False,-18009.032,7831.9009,  30  113   83  196 Bi    x  -18009.032      24.428      7831.9009     0.1246  B-  -4540.3012    25.0142  195 980666.509      26.224   ,1535.0525764,0.0244216,0.15306122448979592,0,0
2020,112,84,196,Po,,-13468.731,5.383,7804.7445,0.0275,B-,-9555.5564,30.7105,195.985540722,5.778,False,False,False,False,-13468.731,7804.7445,  28  112   84  196 Po       -13468.731       5.383      7804.7445     0.0275  B-  -9555.5564    30.7105  195 985540.722       5.778   ,1529.729922,0.00539,0.14285714285714285,1,1
2020,111,85,196,At,-a,-3913.175,30.235,7752.0001,0.1543,B-,-5888.3439,33.3417,195.995799034,32.458,False,False,False,False,-3913.175,7752.0001,  26  111   85  196 At   -a   -3913.175      30.235      7752.0001     0.1543  B-  -5888.3439    33.3417  195 995799.034      32.458   ,1519.3920196,0.0302428,0.1326530612244898,0,0
2020,110,86,196,Rn,-a,1975.169,14.054,7717.966,0.0717,B-,,,196.002120431,15.087,False,False,False,False,1975.169,7717.9660,  24  110   86  196 Rn   -a    1975.169      14.054      7717.9660     0.0717  B-      *                  196 002120.431      15.087   ,1512.721336,0.0140532,0.12244897959183673,1,1
2020,120,77,197,Ir,+p,-28264.123,20.11,7909.0003,0.1021,B-,2155.6519,20.1061,196.969657217,21.588,False,False,False,False,-28264.123,7909.0003,  43  120   77  197 Ir   +p  -28264.123      20.110      7909.0003     0.1021  B-   2155.6519    20.1061  196 969657.217      21.588   ,1558.0730591,0.020113699999999998,0.2182741116751269,1,0
2020,119,78,197,Pt,,-30419.775,0.536,7915.9714,0.0027,B-,719.9769,0.5022,196.96734303,0.575,False,False,False,False,-30419.775,7915.9714,  41  119   78  197 Pt       -30419.775       0.536      7915.9714     0.0027  B-    719.9769     0.5022  196 967343.030       0.575   ,1559.4463658,0.0005319000000000001,0.20812182741116753,0,1
2020,118,79,197,Au,,-31139.751,0.542,7915.6548,0.0028,B-,-599.5206,3.2022,196.966570103,0.581,False,False,False,False,-31139.751,7915.6548,  39  118   79  197 Au       -31139.751       0.542      7915.6548     0.0028  B-   -599.5206     3.2022  196 966570.103       0.581   ,1559.3839956,0.0005516,0.19796954314720813,1,0
2020,117,80,197,Hg,,-30540.231,3.207,7908.6402,0.0163,B-,-2186.0092,13.9478,196.967213715,3.442,False,False,False,False,-30540.231,7908.6402,  37  117   80  197 Hg       -30540.231       3.207      7908.6402     0.0163  B-  -2186.0092    13.9478  196 967213.715       3.442   ,1558.0021193999999,0.0032110999999999997,0.18781725888324874,0,1
2020,116,81,197,Tl,+a,-28354.222,13.575,7893.5725,0.0689,B-,-3608.8367,14.3969,196.969560492,14.573,False,False,False,False,-28354.222,7893.5725,  35  116   81  197 Tl   +a  -28354.222      13.575      7893.5725     0.0689  B-  -3608.8367    14.3969  196 969560.492      14.573   ,1555.0337825,0.0135733,0.17766497461928935,1,0
2020,115,82,197,Pb,,-24745.385,4.804,7871.2822,0.0244,B-,-5058.1894,9.619,196.973434737,5.157,False,False,False,False,-24745.385,7871.2822,  33  115   82  197 Pb       -24745.385       4.804      7871.2822     0.0244  B-  -5058.1894     9.6190  196 973434.737       5.157   ,1550.6425934,0.0048068,0.16751269035532995,0,1
2020,114,83,197,Bi,+a,-19687.196,8.333,7841.6348,0.0423,B-,-6294.1172,12.9103,196.978864927,8.946,False,False,False,False,-19687.196,7841.6348,  31  114   83  197 Bi   +a  -19687.196       8.333      7841.6348     0.0423  B-  -6294.1172    12.9103  196 978864.927       8.946   ,1544.8020556000001,0.0083331,0.15736040609137056,1,0
2020,113,84,197,Po,,-13393.078,9.861,7805.7136,0.0501,B-,-7037.8235,12.6871,196.985621939,10.585,False,False,False,False,-13393.078,7805.7136,  29  113   84  197 Po       -13393.078       9.861      7805.7136     0.0501  B-  -7037.8235    12.6871  196 985621.939      10.585   ,1537.7255792,0.0098697,0.14720812182741116,0,1
2020,112,85,197,At,,-6355.255,7.983,7766.0174,0.0405,B-,-7865.6231,18.0538,196.993177353,8.57,False,False,False,False,-6355.255,7766.0174,  27  112   85  197 At        -6355.255       7.983      7766.0174     0.0405  B-  -7865.6231    18.0538  196 993177.353       8.570   ,1529.9054277999999,0.007978500000000001,0.13705583756345177,1,0
2020,111,86,197,Rn,-a,1510.368,16.193,7722.119,0.0822,B-,-8743.5996,58.711,197.001621446,17.383,False,False,False,False,1510.368,7722.1190,  25  111   86  197 Rn   -a    1510.368      16.193      7722.1190     0.0822  B-  -8743.5996    58.7110  197 001621.446      17.383   ,1521.257443,0.0161934,0.12690355329949238,0,1
2020,110,87,197,Fr,-a,10253.968,56.434,7673.764,0.2865,B-,,,197.011008086,60.584,False,False,False,False,10253.968,7673.7640,  23  110   87  197 Fr   -a   10253.968      56.434      7673.7640     0.2865  B-      *                  197 011008.086      60.584   ,1511.7315079999998,0.05644049999999999,0.116751269035533,1,0
2020,120,78,198,Pt,,-29904.018,2.1,7914.1512,0.0106,B-,-323.2251,2.0595,197.967896718,2.254,False,False,False,False,-29904.018,7914.1512,  42  120   78  198 Pt       -29904.018       2.100      7914.1512     0.0106  B-   -323.2251     2.0595  197 967896.718       2.254   ,1567.0019376,0.0020988,0.21212121212121213,1,1
2020,119,79,198,Au,,-29580.793,0.54,7908.5675,0.0027,B-,1373.5226,0.4905,197.968243714,0.579,False,False,False,False,-29580.793,7908.5675,  40  119   79  198 Au       -29580.793       0.540      7908.5675     0.0027  B-   1373.5226     0.4905  197 968243.714       0.579   ,1565.896365,0.0005346000000000001,0.20202020202020202,0,0
2020,118,80,198,Hg,,-30954.315,0.458,7911.5532,0.0023,B-,-3425.5625,7.559,197.966769177,0.491,False,False,False,False,-30954.315,7911.5532,  38  118   80  198 Hg       -30954.315       0.458      7911.5532     0.0023  B-  -3425.5625     7.5590  197 966769.177       0.491   ,1566.4875336,0.00045539999999999996,0.1919191919191919,1,1
2020,117,81,198,Tl,x,-27528.753,7.545,7890.3011,0.0381,B-,-1461.3103,11.5537,197.970446669,8.1,False,False,False,False,-27528.753,7890.3011,  36  117   81  198 Tl    x  -27528.753       7.545      7890.3011     0.0381  B-  -1461.3103    11.5537  197 970446.669       8.100   ,1562.2796177999999,0.0075438,0.18181818181818182,0,0
2020,116,82,198,Pb,,-26067.443,8.75,7878.9695,0.0442,B-,-6693.5916,28.9259,197.97201545,9.393,False,False,False,False,-26067.443,7878.9695,  34  116   82  198 Pb       -26067.443       8.750      7878.9695     0.0442  B-  -6693.5916    28.9259  197 972015.450       9.393   ,1560.035961,0.0087516,0.1717171717171717,1,1
2020,115,83,198,Bi,,-19373.851,27.571,7841.2123,0.1392,B-,-3900.5727,32.6152,197.979201316,29.598,False,False,False,False,-19373.851,7841.2123,  32  115   83  198 Bi       -19373.851      27.571      7841.2123     0.1392  B-  -3900.5727    32.6152  197 979201.316      29.598   ,1552.5600353999998,0.0275616,0.16161616161616163,0,0
2020,114,84,198,Po,,-15473.278,17.424,7817.5611,0.088,B-,-8764.5316,18.1013,197.983388753,18.705,False,False,False,False,-15473.278,7817.5611,  30  114   84  198 Po       -15473.278      17.424      7817.5611     0.0880  B-  -8764.5316    18.1013  197 983388.753      18.705   ,1547.8770977999998,0.017424,0.15151515151515152,1,1
2020,113,85,198,At,,-6708.747,4.904,7769.3446,0.0248,B-,-5478.4271,14.2879,197.992797864,5.265,False,False,False,False,-6708.747,7769.3446,  28  113   85  198 At        -6708.747       4.904      7769.3446     0.0248  B-  -5478.4271    14.2879  197 992797.864       5.265   ,1538.3302308,0.0049104000000000005,0.1414141414141414,0,0
2020,112,86,198,Rn,-a,-1230.32,13.42,7737.7245,0.0678,B-,-10808.0177,33.8991,197.998679197,14.406,False,False,False,False,-1230.320,7737.7245,  26  112   86  198 Rn   -a   -1230.320      13.420      7737.7245     0.0678  B- -10808.0177    33.8991  197 998679.197      14.406   ,1532.069451,0.0134244,0.13131313131313133,1,1
2020,111,87,198,Fr,-a,9577.698,31.13,7679.1873,0.1572,B-,,,198.010282081,33.419,False,False,False,False,9577.698,7679.1873,  24  111   87  198 Fr   -a    9577.698      31.130      7679.1873     0.1572  B-      *                  198 010282.081      33.419   ,1520.4790854,0.031125600000000003,0.12121212121212122,0,0
2020,122,77,199,Ir,p-2n,-24398.534,41.054,7891.2066,0.2063,B-,2990.1656,41.003,198.973807097,44.073,False,False,False,False,-24398.534,7891.2066,  45  122   77  199 Ir p-2n  -24398.534      41.054      7891.2066     0.2063  B-   2990.1656    41.0030  198 973807.097      44.073   ,1570.3501134,0.0410537,0.22613065326633167,1,0
2020,121,78,199,Pt,-n,-27388.7,2.159,7902.3011,0.0109,B-,1705.0525,2.1201,198.970597022,2.317,False,False,False,False,-27388.700,7902.3011,  43  121   78  199 Pt   -n  -27388.700       2.159      7902.3011     0.0109  B-   1705.0525     2.1201  198 970597.022       2.317   ,1572.5579189,0.0021690999999999998,0.21608040201005024,0,1
2020,120,79,199,Au,,-29093.752,0.542,7906.9379,0.0027,B-,452.3142,0.6126,198.968766573,0.581,False,False,False,False,-29093.752,7906.9379,  41  120   79  199 Au       -29093.752       0.542      7906.9379     0.0027  B-    452.3142     0.6126  198 968766.573       0.581   ,1573.4806421,0.0005373,0.20603015075376885,1,0
2020,119,80,199,Hg,,-29546.066,0.526,7905.2794,0.0027,B-,-1486.6695,27.9498,198.968280994,0.564,False,False,False,False,-29546.066,7905.2794,  39  119   80  199 Hg       -29546.066       0.526      7905.2794     0.0027  B-  -1486.6695    27.9498  198 968280.994       0.564   ,1573.1506006,0.0005373,0.19597989949748743,0,1
2020,118,81,199,Tl,x,-28059.397,27.945,7893.8773,0.1404,B-,-2827.6624,28.7653,198.969877,30.0,False,False,False,False,-28059.397,7893.8773,  37  118   81  199 Tl    x  -28059.397      27.945      7893.8773     0.1404  B-  -2827.6624    28.7653  198 969877.000      30.000   ,1570.8815826999999,0.0279396,0.18592964824120603,1,0
2020,117,82,199,Pb,+a,-25231.734,6.821,7875.7366,0.0343,B-,-4434.1181,12.6179,198.97291262,7.322,False,False,False,False,-25231.734,7875.7366,  35  117   82  199 Pb   +a  -25231.734       6.821      7875.7366     0.0343  B-  -4434.1181    12.6179  198 972912.620       7.322   ,1567.2715834,0.0068257,0.17587939698492464,0,1
2020,116,83,199,Bi,,-20797.616,10.615,7849.5232,0.0533,B-,-5558.7875,11.9224,198.977672841,11.395,False,False,False,False,-20797.616,7849.5232,  33  116   83  199 Bi       -20797.616      10.615      7849.5232     0.0533  B-  -5558.7875    11.9224  198 977672.841      11.395   ,1562.0551168,0.0106067,0.1658291457286432,1,0
2020,115,84,199,Po,-a,-15238.829,5.429,7817.6582,0.0273,B-,-6415.4515,7.6464,198.983640445,5.828,False,False,False,False,-15238.829,7817.6582,  31  115   84  199 Po   -a  -15238.829       5.429      7817.6582     0.0273  B-  -6415.4515     7.6464  198 983640.445       5.828   ,1555.7139818,0.0054327,0.15577889447236182,0,1
2020,114,85,199,At,,-8823.377,5.384,7781.4883,0.0271,B-,-7263.5308,9.0686,198.990527715,5.78,False,False,False,False,-8823.377,7781.4883,  29  114   85  199 At        -8823.377       5.384      7781.4883     0.0271  B-  -7263.5308     9.0686  198 990527.715       5.780   ,1548.5161717,0.0053929,0.1457286432160804,1,0
2020,113,86,199,Rn,-a,-1559.846,7.297,7741.0568,0.0367,B-,-8331.2349,15.5446,198.998325436,7.833,False,False,False,False,-1559.846,7741.0568,  27  113   86  199 Rn   -a   -1559.846       7.297      7741.0568     0.0367  B-  -8331.2349    15.5446  198 998325.436       7.833   ,1540.4703032,0.007303300000000001,0.135678391959799,0,1
2020,112,87,199,Fr,-a,6771.388,13.726,7695.2599,0.069,B-,,,199.007269384,14.734,False,False,False,False,6771.388,7695.2599,  25  112   87  199 Fr   -a    6771.388      13.726      7695.2599     0.0690  B-      *                  199 007269.384      14.734   ,1531.3567201,0.013731000000000002,0.12562814070351758,1,0
2020,122,78,200,Pt,-nn,-26599.178,20.11,7899.1986,0.1006,B-,640.9158,33.4386,199.971444609,21.588,False,False,False,False,-26599.178,7899.1986,  44  122   78  200 Pt  -nn  -26599.178      20.110      7899.1986     0.1006  B-    640.9158    33.4386  199 971444.609      21.588   ,1579.83972,0.02012,0.22,1,1
2020,121,79,200,Au,,-27240.094,26.717,7898.4915,0.1336,B-,2263.1737,26.7188,199.970756558,28.681,False,False,False,False,-27240.094,7898.4915,  42  121   79  200 Au       -27240.094      26.717      7898.4915     0.1336  B-   2263.1737    26.7188  199 970756.558      28.681   ,1579.6983,0.026719999999999997,0.21,0,0
2020,120,80,200,Hg,,-29503.267,0.53,7905.8956,0.0027,B-,-2456.0403,5.7346,199.968326941,0.568,False,False,False,False,-29503.267,7905.8956,  40  120   80  200 Hg       -29503.267       0.530      7905.8956     0.0027  B-  -2456.0403     5.7346  199 968326.941       0.568   ,1581.1791199999998,0.00054,0.2,1,1
2020,119,81,200,Tl,-,-27047.227,5.759,7889.7037,0.0288,B-,-796.3695,11.536,199.970963608,6.182,False,False,False,False,-27047.227,7889.7037,  38  119   81  200 Tl    -  -27047.227       5.759      7889.7037     0.0288  B-   -796.3695    11.5360  199 970963.608       6.182   ,1577.94074,0.0057599999999999995,0.19,0,0
2020,118,82,200,Pb,,-26250.858,10.008,7881.8101,0.05,B-,-5880.2841,24.8094,199.971818546,10.744,False,False,False,False,-26250.858,7881.8101,  36  118   82  200 Pb       -26250.858      10.008      7881.8101     0.0500  B-  -5880.2841    24.8094  199 971818.546      10.744   ,1576.36202,0.01,0.18,1,1
2020,117,83,200,Bi,+a,-20370.574,22.701,7848.4969,0.1135,B-,-3428.8901,23.9327,199.97813129,24.37,False,False,False,False,-20370.574,7848.4969,  34  117   83  200 Bi   +a  -20370.574      22.701      7848.4969     0.1135  B-  -3428.8901    23.9327  199 978131.290      24.370   ,1569.69938,0.022699999999999998,0.17,0,0
2020,116,84,200,Po,,-16941.683,7.579,7827.4407,0.0379,B-,-7953.7897,25.6119,199.981812355,8.136,False,False,False,False,-16941.683,7827.4407,  32  116   84  200 Po       -16941.683       7.579      7827.4407     0.0379  B-  -7953.7897    25.6119  199 981812.355       8.136   ,1565.4881400000002,0.007580000000000001,0.16,1,1
2020,115,85,200,At,-a,-8987.894,24.465,7783.7601,0.1223,B-,-4987.4394,25.1411,199.990351099,26.264,False,False,False,False,-8987.894,7783.7601,  30  115   85  200 At   -a   -8987.894      24.465      7783.7601     0.1223  B-  -4987.4394    25.1411  199 990351.099      26.264   ,1556.7520200000001,0.024460000000000003,0.15,0,0
2020,114,86,200,Rn,-a,-4000.454,5.792,7754.9111,0.029,B-,-10134.0327,31.0688,199.995705335,6.217,False,False,False,False,-4000.454,7754.9111,  28  114   86  200 Rn   -a   -4000.454       5.792      7754.9111     0.0290  B- -10134.0327    31.0688  199 995705.335       6.217   ,1550.9822199999999,0.0058000000000000005,0.14,1,1
2020,113,87,200,Fr,-a,6133.578,30.524,7700.3292,0.1526,B-,,,200.006584666,32.769,False,False,False,False,6133.578,7700.3292,  26  113   87  200 Fr   -a    6133.578      30.524      7700.3292     0.1526  B-      *                  200 006584.666      32.769   ,1540.06584,0.030520000000000002,0.13,0,0
2020,123,78,201,Pt,+,-23740.705,50.103,7885.8337,0.2493,B-,2660.0,50.0,200.974513305,53.788,False,False,False,False,-23740.705,7885.8337,  45  123   78  201 Pt    +  -23740.705      50.103      7885.8337     0.2493  B-   2660.0000    50.0000  200 974513.305      53.788   ,1585.0525737,0.050109299999999996,0.22388059701492538,0,1
2020,122,79,201,Au,,-26400.705,3.218,7895.1752,0.016,B-,1261.8237,3.1471,200.971657678,3.455,False,False,False,False,-26400.705,7895.1752,  43  122   79  201 Au       -26400.705       3.218      7895.1752     0.0160  B-   1261.8237     3.1471  200 971657.678       3.455   ,1586.9302152,0.003216,0.21393034825870647,1,0
2020,121,80,201,Hg,,-27662.529,0.712,7897.5607,0.0036,B-,-481.7508,14.1815,200.970303054,0.763,False,False,False,False,-27662.529,7897.5607,  41  121   80  201 Hg       -27662.529       0.712      7897.5607     0.0036  B-   -481.7508    14.1815  200 970303.054       0.763   ,1587.4097007,0.0007236,0.20398009950248755,0,1
2020,120,81,201,Tl,,-27180.778,14.185,7891.2717,0.0706,B-,-1909.7458,18.5299,200.970820235,15.228,False,False,False,False,-27180.778,7891.2717,  39  120   81  201 Tl       -27180.778      14.185      7891.2717     0.0706  B-  -1909.7458    18.5299  200 970820.235      15.228   ,1586.1456117,0.0141906,0.19402985074626866,1,0
2020,119,82,201,Pb,,-25271.033,13.747,7877.8782,0.0684,B-,-3842.0269,18.3637,200.972870431,14.758,False,False,False,False,-25271.033,7877.8782,  37  119   82  201 Pb       -25271.033      13.747      7877.8782     0.0684  B-  -3842.0269    18.3637  200 972870.431      14.758   ,1583.4535182,0.013748400000000001,0.18407960199004975,0,1
2020,118,83,201,Bi,+a,-21429.006,12.177,7854.8713,0.0606,B-,-4907.8397,13.1377,200.976995017,13.072,False,False,False,False,-21429.006,7854.8713,  35  118   83  201 Bi   +a  -21429.006      12.177      7854.8713     0.0606  B-  -4907.8397    13.1377  200 976995.017      13.072   ,1578.8291313,0.0121806,0.17412935323383086,1,0
2020,117,84,201,Po,,-16521.166,4.942,7826.5619,0.0246,B-,-5731.7247,9.5606,200.982263799,5.305,False,False,False,False,-16521.166,7826.5619,  33  117   84  201 Po       -16521.166       4.942      7826.5619     0.0246  B-  -5731.7247     9.5606  200 982263.799       5.305   ,1573.1389419,0.0049446,0.16417910447761194,0,1
2020,116,85,201,At,+a,-10789.441,8.184,7794.1536,0.0407,B-,-6682.0288,13.0163,200.988417058,8.786,False,False,False,False,-10789.441,7794.1536,  31  116   85  201 At   +a  -10789.441       8.184      7794.1536     0.0407  B-  -6682.0288    13.0163  200 988417.058       8.786   ,1566.6248735999998,0.008180699999999999,0.15422885572139303,1,0
2020,115,86,201,Rn,-a,-4107.413,10.121,7757.0174,0.0504,B-,-7695.9856,13.5972,200.995590511,10.865,False,False,False,False,-4107.413,7757.0174,  29  115   86  201 Rn   -a   -4107.413      10.121      7757.0174     0.0504  B-  -7695.9856    13.5972  200 995590.511      10.865   ,1559.1604974,0.0101304,0.14427860696517414,0,1
2020,114,87,201,Fr,-a,3588.573,9.08,7714.8367,0.0452,B-,-8348.2439,22.2391,201.003852491,9.747,False,False,False,False,3588.573,7714.8367,  27  114   87  201 Fr   -a    3588.573       9.080      7714.8367     0.0452  B-  -8348.2439    22.2391  201 003852.491       9.747   ,1550.6821767,0.009085199999999998,0.13432835820895522,1,0
2020,113,88,201,Ra,-a,11936.817,20.301,7669.4108,0.101,B-,,,201.012814699,21.794,False,False,False,False,11936.817,7669.4108,  25  113   88  201 Ra   -a   11936.817      20.301      7669.4108     0.1010  B-      *                  201 012814.699      21.794   ,1541.5515707999998,0.020301000000000003,0.12437810945273632,0,1
2020,124,78,202,Pt,x,-22692.128,25.15,7881.5609,0.1245,B-,1660.854,34.2759,201.975639,27.0,False,False,False,False,-22692.128,7881.5609,  46  124   78  202 Pt    x  -22692.128      25.150      7881.5609     0.1245  B-   1660.8540    34.2759  201 975639.000      27.000   ,1592.0753018,0.025149,0.22772277227722773,1,1
2020,123,79,202,Au,x,-24352.982,23.287,7885.91,0.1153,B-,2992.3278,23.298,201.973856,25.0,False,False,False,False,-24352.982,7885.9100,  44  123   79  202 Au    x  -24352.982      23.287      7885.9100     0.1153  B-   2992.3278    23.2980  201 973856.000      25.000   ,1592.9538200000002,0.0232906,0.21782178217821782,0,0
2020,122,80,202,Hg,,-27345.31,0.705,7896.8505,0.0035,B-,-1364.8906,1.8348,201.970643604,0.757,False,False,False,False,-27345.310,7896.8505,  42  122   80  202 Hg       -27345.310       0.705      7896.8505     0.0035  B-  -1364.8906     1.8348  201 970643.604       0.757   ,1595.163801,0.000707,0.2079207920792079,1,1
2020,121,81,202,Tl,,-25980.419,1.838,7886.2206,0.0091,B-,-39.811,4.1863,201.972108874,1.972,False,False,False,False,-25980.419,7886.2206,  40  121   81  202 Tl       -25980.419       1.838      7886.2206     0.0091  B-    -39.8110     4.1863  201 972108.874       1.972   ,1593.0165611999998,0.0018382000000000001,0.19801980198019803,0,0
2020,120,82,202,Pb,,-25940.608,3.796,7882.1505,0.0188,B-,-5189.7539,14.507,201.972151613,4.075,False,False,False,False,-25940.608,7882.1505,  38  120   82  202 Pb       -25940.608       3.796      7882.1505     0.0188  B-  -5189.7539    14.5070  201 972151.613       4.075   ,1592.1944009999997,0.0037976,0.18811881188118812,1,1
2020,119,83,202,Bi,,-20750.854,14.002,7852.5857,0.0693,B-,-2809.285,16.466,201.977723042,15.032,False,False,False,False,-20750.854,7852.5857,  36  119   83  202 Bi       -20750.854      14.002      7852.5857     0.0693  B-  -2809.2850    16.4660  201 977723.042      15.032   ,1586.2223114,0.0139986,0.1782178217821782,0,0
2020,118,84,202,Po,,-17941.569,8.67,7834.8053,0.0429,B-,-7346.4628,28.9311,201.980738934,9.307,False,False,False,False,-17941.569,7834.8053,  34  118   84  202 Po       -17941.569       8.670      7834.8053     0.0429  B-  -7346.4628    28.9311  201 980738.934       9.307   ,1582.6306706,0.008665800000000001,0.16831683168316833,1,1
2020,117,85,202,At,,-10595.106,27.601,7794.5637,0.1366,B-,-4320.5458,32.6924,201.988625686,29.631,False,False,False,False,-10595.106,7794.5637,  32  117   85  202 At       -10595.106      27.601      7794.5637     0.1366  B-  -4320.5458    32.6924  201 988625.686      29.631   ,1574.5018673999998,0.0275932,0.15841584158415842,0,0
2020,116,86,202,Rn,-a,-6274.561,17.52,7769.3018,0.0867,B-,-9376.0984,18.5296,201.993263982,18.808,False,False,False,False,-6274.561,7769.3018,  30  116   86  202 Rn   -a   -6274.561      17.520      7769.3018     0.0867  B-  -9376.0984    18.5296  201 993263.982      18.808   ,1569.3989636000001,0.017513400000000002,0.1485148514851485,1,1
2020,115,87,202,Fr,-a,3101.538,6.033,7719.0125,0.0299,B-,-5973.362,16.1841,202.003329637,6.476,False,False,False,False,3101.538,7719.0125,  28  115   87  202 Fr   -a    3101.538       6.033      7719.0125     0.0299  B-  -5973.3620    16.1841  202 003329.637       6.476   ,1559.240525,0.0060398,0.13861386138613863,0,0
2020,114,88,202,Ra,-a,9074.9,15.018,7685.5684,0.0743,B-,,,202.009742305,16.122,False,False,False,False,9074.900,7685.5684,  26  114   88  202 Ra   -a    9074.900      15.018      7685.5684     0.0743  B-      *                  202 009742.305      16.122   ,1552.4848167999999,0.0150086,0.12871287128712872,1,1
2020,124,79,203,Au,,-23143.444,3.083,7880.865,0.0152,B-,2125.7592,3.4514,202.975154492,3.309,False,False,False,False,-23143.444,7880.8650,  45  124   79  203 Au       -23143.444       3.083      7880.8650     0.0152  B-   2125.7592     3.4514  202 975154.492       3.309   ,1599.815595,0.0030856,0.22167487684729065,1,0
2020,123,80,203,Hg,,-25269.203,1.63,7887.4828,0.008,B-,492.1062,1.2247,202.972872396,1.75,False,False,False,False,-25269.203,7887.4828,  43  123   80  203 Hg       -25269.203       1.630      7887.4828     0.0080  B-    492.1062     1.2247  202 972872.396       1.750   ,1601.1590084,0.001624,0.21182266009852216,0,1
2020,122,81,203,Tl,,-25761.309,1.171,7886.053,0.0058,B-,-974.8265,6.4609,202.972344098,1.257,False,False,False,False,-25761.309,7886.0530,  41  122   81  203 Tl       -25761.309       1.171      7886.0530     0.0058  B-   -974.8265     6.4609  202 972344.098       1.257   ,1600.8687590000002,0.0011774,0.2019704433497537,1,0
2020,121,82,203,Pb,,-24786.483,6.554,7877.397,0.0323,B-,-3261.5896,14.3559,202.973390617,7.036,False,False,False,False,-24786.483,7877.3970,  39  121   82  203 Pb       -24786.483       6.554      7877.3970     0.0323  B-  -3261.5896    14.3559  202 973390.617       7.036   ,1599.111591,0.006556900000000001,0.1921182266009852,0,1
2020,120,83,203,Bi,+a,-21524.893,12.778,7857.4762,0.0629,B-,-4214.0744,13.5942,202.976892077,13.717,False,False,False,False,-21524.893,7857.4762,  37  120   83  203 Bi   +a  -21524.893      12.778      7857.4762     0.0629  B-  -4214.0744    13.5942  202 976892.077      13.717   ,1595.0676686,0.0127687,0.18226600985221675,1,0
2020,119,84,203,Po,,-17310.819,4.64,7832.8632,0.0229,B-,-5148.2116,11.5921,202.981416072,4.981,False,False,False,False,-17310.819,7832.8632,  35  119   84  203 Po       -17310.819       4.640      7832.8632     0.0229  B-  -5148.2116    11.5921  202 981416.072       4.981   ,1590.0712296,0.0046486999999999995,0.1724137931034483,0,1
2020,118,85,203,At,,-12162.607,10.623,7803.6487,0.0523,B-,-5978.5623,12.1098,202.986942904,11.404,False,False,False,False,-12162.607,7803.6487,  33  118   85  203 At       -12162.607      10.623      7803.6487     0.0523  B-  -5978.5623    12.1098  202 986942.904      11.404   ,1584.1406861,0.010616899999999999,0.1625615763546798,1,0
2020,117,86,203,Rn,-a,-6184.045,5.815,7770.3437,0.0286,B-,-7060.4572,8.5231,202.993361155,6.242,False,False,False,False,-6184.045,7770.3437,  31  117   86  203 Rn   -a   -6184.045       5.815      7770.3437     0.0286  B-  -7060.4572     8.5231  202 993361.155       6.242   ,1577.3797711,0.005805800000000001,0.15270935960591134,0,1
2020,116,87,203,Fr,,876.412,6.232,7731.7092,0.0307,B-,-7724.9182,11.5191,203.000940867,6.689,False,False,False,False,876.412,7731.7092,  29  116   87  203 Fr          876.412       6.232      7731.7092     0.0307  B-  -7724.9182    11.5191  203 000940.867       6.689   ,1569.5369676,0.0062321,0.14285714285714285,1,0
2020,115,88,203,Ra,-a,8601.331,9.688,7689.8015,0.0477,B-,,,203.009233907,10.4,False,False,False,False,8601.331,7689.8015,  27  115   88  203 Ra   -a    8601.331       9.688      7689.8015     0.0477  B-      *                  203 009233.907      10.400   ,1561.0297045,0.0096831,0.1330049261083744,0,1
2020,124,80,204,Hg,,-24690.148,0.498,7885.5455,0.0025,B-,-344.0781,1.1876,203.973494037,0.534,False,False,False,False,-24690.148,7885.5455,  44  124   80  204 Hg       -24690.148       0.498      7885.5455     0.0025  B-   -344.0781     1.1876  203 973494.037       0.534   ,1608.651282,0.00051,0.21568627450980393,1,1
2020,123,81,204,Tl,,-24346.07,1.154,7880.0238,0.0057,B-,763.7453,0.1768,203.97386342,1.238,False,False,False,False,-24346.070,7880.0238,  42  123   81  204 Tl       -24346.070       1.154      7880.0238     0.0057  B-    763.7453     0.1768  203 973863.420       1.238   ,1607.5248551999998,0.0011628,0.20588235294117646,0,0
2020,122,82,204,Pb,,-25109.815,1.147,7879.9326,0.0056,B-,-4463.8883,9.248,203.973043506,1.231,False,False,False,False,-25109.815,7879.9326,  40  122   82  204 Pb       -25109.815       1.147      7879.9326     0.0056  B-  -4463.8883     9.2480  203 973043.506       1.231   ,1607.5062504,0.0011424,0.19607843137254902,1,1
2020,121,83,204,Bi,+a,-20645.927,9.18,7854.2157,0.045,B-,-2304.8814,13.6253,203.977835687,9.854,False,False,False,False,-20645.927,7854.2157,  38  121   83  204 Bi   +a  -20645.927       9.180      7854.2157     0.0450  B-  -2304.8814    13.6253  203 977835.687       9.854   ,1602.2600028,0.009179999999999999,0.18627450980392157,0,0
2020,120,84,204,Po,,-18341.045,10.071,7839.0823,0.0494,B-,-6465.7939,24.8047,203.980310078,10.811,False,False,False,False,-18341.045,7839.0823,  36  120   84  204 Po       -18341.045      10.071      7839.0823     0.0494  B-  -6465.7939    24.8047  203 980310.078      10.811   ,1599.1727892,0.0100776,0.17647058823529413,1,1
2020,119,85,204,At,,-11875.252,22.668,7803.5522,0.1111,B-,-3905.136,23.8592,203.987251393,24.335,False,False,False,False,-11875.252,7803.5522,  34  119   85  204 At       -11875.252      22.668      7803.5522     0.1111  B-  -3905.1360    23.8592  203 987251.393      24.335   ,1591.9246488,0.0226644,0.16666666666666666,0,0
2020,118,86,204,Rn,,-7970.115,7.444,7780.5743,0.0365,B-,-8577.4239,25.684,203.991443729,7.991,False,False,False,False,-7970.115,7780.5743,  32  118   86  204 Rn        -7970.115       7.444      7780.5743     0.0365  B-  -8577.4239    25.6840  203 991443.729       7.991   ,1587.2371572,0.0074459999999999995,0.1568627450980392,1,1
2020,117,87,204,Fr,-a,607.308,24.581,7734.6931,0.1205,B-,-5453.7889,26.1514,204.000651972,26.389,False,False,False,False,607.308,7734.6931,  30  117   87  204 Fr   -a     607.308      24.581      7734.6931     0.1205  B-  -5453.7889    26.1514  204 000651.972      26.389   ,1577.8773924,0.024582,0.14705882352941177,0,0
2020,116,88,204,Ra,-a,6061.097,8.924,7704.1238,0.0437,B-,,,204.006506855,9.58,False,False,False,False,6061.097,7704.1238,  28  116   88  204 Ra   -a    6061.097       8.924      7704.1238     0.0437  B-      *                  204 006506.855       9.580   ,1571.6412552,0.008914800000000002,0.13725490196078433,1,1
2020,125,80,205,Hg,,-22287.719,3.655,7874.7325,0.0178,B-,1533.0836,3.7238,204.976073151,3.923,False,False,False,False,-22287.719,7874.7325,  45  125   80  205 Hg       -22287.719       3.655      7874.7325     0.0178  B-   1533.0836     3.7238  204 976073.151       3.923   ,1614.3201625000002,0.003649,0.21951219512195122,0,1
2020,124,81,205,Tl,,-23820.802,1.239,7878.3946,0.006,B-,-50.6402,0.5033,204.974427318,1.33,False,False,False,False,-23820.802,7878.3946,  43  124   81  205 Tl       -23820.802       1.239      7878.3946     0.0060  B-    -50.6402     0.5033  204 974427.318       1.330   ,1615.0708929999998,0.00123,0.2097560975609756,1,0
2020,123,82,205,Pb,,-23770.162,1.145,7874.3313,0.0056,B-,-2704.5927,4.8196,204.974481682,1.228,False,False,False,False,-23770.162,7874.3313,  41  123   82  205 Pb       -23770.162       1.145      7874.3313     0.0056  B-  -2704.5927     4.8196  204 974481.682       1.228   ,1614.2379165,0.001148,0.2,0,1
2020,122,83,205,Bi,,-21065.569,4.808,7857.3218,0.0235,B-,-3544.171,11.1458,204.977385182,5.161,False,False,False,False,-21065.569,7857.3218,  39  122   83  205 Bi       -21065.569       4.808      7857.3218     0.0235  B-  -3544.1710    11.1458  204 977385.182       5.161   ,1610.750969,0.0048175,0.1902439024390244,1,0
2020,121,84,205,Po,,-17521.398,10.059,7836.2168,0.0491,B-,-4536.8793,15.6996,204.981190006,10.798,False,False,False,False,-17521.398,7836.2168,  37  121   84  205 Po       -17521.398      10.059      7836.2168     0.0491  B-  -4536.8793    15.6996  204 981190.006      10.798   ,1606.4244440000002,0.0100655,0.18048780487804877,0,1
2020,120,85,205,At,+a,-12984.519,12.055,7810.2694,0.0588,B-,-5274.7547,13.0777,204.986060546,12.941,False,False,False,False,-12984.519,7810.2694,  35  120   85  205 At   +a  -12984.519      12.055      7810.2694     0.0588  B-  -5274.7547    13.0777  204 986060.546      12.941   ,1601.105227,0.012054,0.17073170731707318,1,0
2020,119,86,205,Rn,,-7709.764,5.08,7780.7226,0.0248,B-,-6399.9479,9.3288,204.991723228,5.453,False,False,False,False,-7709.764,7780.7226,  33  119   86  205 Rn        -7709.764       5.080      7780.7226     0.0248  B-  -6399.9479     9.3288  204 991723.228       5.453   ,1595.048133,0.005084,0.16097560975609757,0,1
2020,118,87,205,Fr,x,-1309.816,7.824,7745.687,0.0382,B-,-7113.6693,24.0784,204.998593854,8.399,False,False,False,False,-1309.816,7745.6870,  31  118   87  205 Fr    x   -1309.816       7.824      7745.6870     0.0382  B-  -7113.6693    24.0784  204 998593.854       8.399   ,1587.865835,0.007831,0.15121951219512195,1,0
2020,117,88,205,Ra,-a,5803.853,22.772,7707.1698,0.1111,B-,-8302.8357,63.5402,205.006230692,24.446,False,False,False,False,5803.853,7707.1698,  29  117   88  205 Ra   -a    5803.853      22.772      7707.1698     0.1111  B-  -8302.8357    63.5402  205 006230.692      24.446   ,1579.969809,0.0227755,0.14146341463414633,0,1
2020,116,89,205,Ac,-a,14106.689,59.32,7662.8519,0.2894,B-,,,205.015144152,63.682,False,False,False,False,14106.689,7662.8519,  27  116   89  205 Ac   -a   14106.689      59.320      7662.8519     0.2894  B-      *                  205 015144.152      63.682   ,1570.8846394999998,0.059327,0.13170731707317074,1,0
2020,126,80,206,Hg,+a,-20945.728,20.441,7869.1723,0.0992,B-,1307.5659,20.41,205.977513837,21.943,False,False,False,False,-20945.728,7869.1723,  46  126   80  206 Hg   +a  -20945.728      20.441      7869.1723     0.0992  B-   1307.5659    20.4100  205 977513.837      21.943   ,1621.0494938000002,0.020435199999999997,0.22330097087378642,1,1
2020,125,81,206,Tl,,-22253.293,1.286,7871.7219,0.0062,B-,1532.2128,0.6117,205.976110108,1.38,False,False,False,False,-22253.293,7871.7219,  44  125   81  206 Tl       -22253.293       1.286      7871.7219     0.0062  B-   1532.2128     0.6117  205 976110.108       1.380   ,1621.5747113999998,0.0012771999999999998,0.21359223300970873,0,0
2020,124,82,206,Pb,,-23785.506,1.144,7875.362,0.0056,B-,-3757.3057,7.5461,205.97446521,1.228,False,False,False,False,-23785.506,7875.3620,  42  124   82  206 Pb       -23785.506       1.144      7875.3620     0.0056  B-  -3757.3057     7.5461  205 974465.210       1.228   ,1622.324572,0.0011535999999999999,0.20388349514563106,1,1
2020,123,83,206,Bi,-,-20028.201,7.632,7853.3249,0.0371,B-,-1839.5323,8.6005,205.978498843,8.193,False,False,False,False,-20028.201,7853.3249,  40  123   83  206 Bi    -  -20028.201       7.632      7853.3249     0.0371  B-  -1839.5323     8.6005  205 978498.843       8.193   ,1617.7849294,0.0076426,0.1941747572815534,0,0
2020,122,84,206,Po,-a,-18188.668,4.012,7840.5973,0.0195,B-,-5749.2803,14.1099,205.980473662,4.306,False,False,False,False,-18188.668,7840.5973,  38  122   84  206 Po   -a  -18188.668       4.012      7840.5973     0.0195  B-  -5749.2803    14.1099  205 980473.662       4.306   ,1615.1630438000002,0.004017000000000001,0.18446601941747573,1,1
2020,121,85,206,At,,-12439.388,13.529,7808.8904,0.0657,B-,-3306.4697,16.0227,205.986645768,14.523,False,False,False,False,-12439.388,7808.8904,  36  121   85  206 At       -12439.388      13.529      7808.8904     0.0657  B-  -3306.4697    16.0227  205 986645.768      14.523   ,1608.6314224,0.013534199999999998,0.17475728155339806,0,0
2020,120,86,206,Rn,,-9132.918,8.591,7789.0417,0.0417,B-,-7886.0592,29.1075,205.990195409,9.223,False,False,False,False,-9132.918,7789.0417,  34  120   86  206 Rn        -9132.918       8.591      7789.0417     0.0417  B-  -7886.0592    29.1075  205 990195.409       9.223   ,1604.5425902,0.0085902,0.1650485436893204,1,1
2020,119,87,206,Fr,,-1246.859,27.811,7746.9621,0.135,B-,-4812.4721,33.1318,205.998661441,29.856,False,False,False,False,-1246.859,7746.9621,  32  119   87  206 Fr        -1246.859      27.811      7746.9621     0.1350  B-  -4812.4721    33.1318  205 998661.441      29.856   ,1595.8741926,0.02781,0.1553398058252427,0,0
2020,118,88,206,Ra,-a,3565.613,18.008,7719.8028,0.0874,B-,-9919.1406,67.5328,206.003827842,19.332,False,False,False,False,3565.613,7719.8028,  30  118   88  206 Ra   -a    3565.613      18.008      7719.8028     0.0874  B-  -9919.1406    67.5328  206 003827.842      19.332   ,1590.2793768,0.0180044,0.14563106796116504,1,1
2020,117,89,206,Ac,-a,13484.754,65.088,7667.8538,0.316,B-,,,206.014476477,69.874,False,False,False,False,13484.754,7667.8538,  28  117   89  206 Ac   -a   13484.754      65.088      7667.8538     0.3160  B-      *                  206 014476.477      69.874   ,1579.5778828,0.065096,0.13592233009708737,0,0
2020,127,80,207,Hg,x,-16487.446,29.808,7848.6112,0.144,B-,4546.9906,30.3,206.9823,32.0,False,False,False,False,-16487.446,7848.6112,  47  127   80  207 Hg    x  -16487.446      29.808      7848.6112     0.1440  B-   4546.9906    30.3000  206 982300.000      32.000   ,1624.6625184,0.029807999999999998,0.22705314009661837,0,1
2020,126,81,207,Tl,,-21034.436,5.439,7866.7979,0.0263,B-,1417.5323,5.4024,206.977418605,5.839,False,False,False,False,-21034.436,7866.7979,  45  126   81  207 Tl       -21034.436       5.439      7866.7979     0.0263  B-   1417.5323     5.4024  206 977418.605       5.839   ,1628.4271653,0.0054440999999999995,0.21739130434782608,1,0
2020,125,82,207,Pb,,-22451.968,1.147,7869.8664,0.0055,B-,-2397.414,2.1175,206.975896821,1.231,False,False,False,False,-22451.968,7869.8664,  43  125   82  207 Pb       -22451.968       1.147      7869.8664     0.0055  B-  -2397.4140     2.1175  206 975896.821       1.231   ,1629.0623448000001,0.0011384999999999998,0.20772946859903382,0,1
2020,124,83,207,Bi,,-20054.554,2.397,7854.5053,0.0116,B-,-2908.8541,6.614,206.978470551,2.573,False,False,False,False,-20054.554,7854.5053,  41  124   83  207 Bi       -20054.554       2.397      7854.5053     0.0116  B-  -2908.8541     6.6140  206 978470.551       2.573   ,1625.8825970999999,0.0024011999999999996,0.19806763285024154,1,0
2020,123,84,207,Po,,-17145.7,6.659,7836.6734,0.0322,B-,-3918.2186,14.0754,206.981593334,7.148,False,False,False,False,-17145.700,7836.6734,  39  123   84  207 Po       -17145.700       6.659      7836.6734     0.0322  B-  -3918.2186    14.0754  206 981593.334       7.148   ,1622.1913938,0.0066654,0.18840579710144928,0,1
2020,122,85,207,At,+a,-13227.482,12.406,7813.9653,0.0599,B-,-4592.74,13.2815,206.985799715,13.318,False,False,False,False,-13227.482,7813.9653,  37  122   85  207 At   +a  -13227.482      12.406      7813.9653     0.0599  B-  -4592.7400    13.2815  206 985799.715      13.318   ,1617.4908171,0.0123993,0.178743961352657,1,0
2020,121,86,207,Rn,,-8634.742,4.742,7787.9987,0.0229,B-,-5785.7211,18.1857,206.990730224,5.09,False,False,False,False,-8634.742,7787.9987,  35  121   86  207 Rn        -8634.742       4.742      7787.9987     0.0229  B-  -5785.7211    18.1857  206 990730.224       5.090   ,1612.1157309,0.0047403,0.16908212560386474,0,1
2020,120,87,207,Fr,,-2849.021,17.557,7756.2689,0.0848,B-,-6363.0084,60.8726,206.99694145,18.847,False,False,False,False,-2849.021,7756.2689,  33  120   87  207 Fr        -2849.021      17.557      7756.2689     0.0848  B-  -6363.0084    60.8726  206 996941.450      18.847   ,1605.5476623,0.0175536,0.15942028985507245,1,0
2020,119,88,207,Ra,-a,3513.988,58.286,7721.7503,0.2816,B-,-7632.2404,81.0004,207.00377242,62.572,False,False,False,False,3513.988,7721.7503,  31  119   88  207 Ra   -a    3513.988      58.286      7721.7503     0.2816  B-  -7632.2404    81.0004  207 003772.420      62.572   ,1598.4023121,0.0582912,0.1497584541062802,0,1
2020,118,89,207,Ac,-a,11146.228,56.248,7681.1001,0.2717,B-,,,207.011965967,60.384,False,False,False,False,11146.228,7681.1001,  29  118   89  207 Ac   -a   11146.228      56.248      7681.1001     0.2717  B-      *                  207 011965.967      60.384   ,1589.9877207,0.056241900000000004,0.14009661835748793,1,0
2020,128,80,208,Hg,x,-13265.408,30.739,7834.1914,0.1478,B-,3484.7131,30.7951,207.985759,33.0,False,False,False,False,-13265.408,7834.1914,  48  128   80  208 Hg    x  -13265.408      30.739      7834.1914     0.1478  B-   3484.7131    30.7951  207 985759.000      33.000   ,1629.5118111999998,0.030742399999999996,0.23076923076923078,1,1
2020,127,81,208,Tl,+a,-16750.121,1.854,7847.1835,0.0089,B-,4998.3984,1.6693,207.982018006,1.989,False,False,False,False,-16750.121,7847.1835,  46  127   81  208 Tl   +a  -16750.121       1.854      7847.1835     0.0089  B-   4998.3984     1.6693  207 982018.006       1.989   ,1632.214168,0.0018512,0.22115384615384615,0,0
2020,126,82,208,Pb,,-21748.519,1.148,7867.453,0.0055,B-,-2878.368,2.0127,207.976652005,1.232,False,False,False,False,-21748.519,7867.4530,  44  126   82  208 Pb       -21748.519       1.148      7867.4530     0.0055  B-  -2878.3680     2.0127  207 976652.005       1.232   ,1636.4302240000002,0.0011439999999999998,0.21153846153846154,1,1
2020,125,83,208,Bi,+n,-18870.151,2.305,7849.8534,0.0111,B-,-1400.9438,2.3787,207.97974206,2.474,False,False,False,False,-18870.151,7849.8534,  42  125   83  208 Bi   +n  -18870.151       2.305      7849.8534     0.0111  B-  -1400.9438     2.3787  207 979742.060       2.474   ,1632.7695072,0.0023088,0.20192307692307693,0,0
2020,124,84,208,Po,,-17469.207,1.672,7839.3568,0.008,B-,-4999.3061,9.0736,207.981246035,1.795,False,False,False,False,-17469.207,7839.3568,  40  124   84  208 Po       -17469.207       1.672      7839.3568     0.0080  B-  -4999.3061     9.0736  207 981246.035       1.795   ,1630.5862144,0.0016640000000000001,0.19230769230769232,1,1
2020,123,85,208,At,+a,-12469.901,8.921,7811.5604,0.0429,B-,-2814.5118,13.5215,207.986613011,9.577,False,False,False,False,-12469.901,7811.5604,  38  123   85  208 At   +a  -12469.901       8.921      7811.5604     0.0429  B-  -2814.5118    13.5215  207 986613.011       9.577   ,1624.8045632,0.0089232,0.18269230769230768,0,0
2020,122,86,208,Rn,,-9655.389,10.163,7794.2678,0.0489,B-,-6990.4614,15.4656,207.989634513,10.91,False,False,False,False,-9655.389,7794.2678,  36  122   86  208 Rn        -9655.389      10.163      7794.2678     0.0489  B-  -6990.4614    15.4656  207 989634.513      10.910   ,1621.2077023999998,0.010171199999999998,0.17307692307692307,1,1
2020,121,87,208,Fr,,-2664.928,11.657,7756.8985,0.056,B-,-4392.8615,14.7413,207.997139082,12.514,False,False,False,False,-2664.928,7756.8985,  34  121   87  208 Fr        -2664.928      11.657      7756.8985     0.0560  B-  -4392.8615    14.7413  207 997139.082      12.514   ,1613.434888,0.011648,0.16346153846153846,0,0
2020,120,88,208,Ra,-a,1727.934,9.023,7732.0177,0.0434,B-,-9032.9208,65.1111,208.001855012,9.686,False,False,False,False,1727.934,7732.0177,  32  120   88  208 Ra   -a    1727.934       9.023      7732.0177     0.0434  B-  -9032.9208    65.1111  208 001855.012       9.686   ,1608.2596816,0.0090272,0.15384615384615385,1,1
2020,119,89,208,Ac,-a,10760.854,64.483,7684.8289,0.31,B-,-5927.1868,71.9264,208.011552251,69.225,False,False,False,False,10760.854,7684.8289,  30  119   89  208 Ac   -a   10760.854      64.483      7684.8289     0.3100  B-  -5927.1868    71.9264  208 011552.251      69.225   ,1598.4444111999999,0.06448000000000001,0.14423076923076922,0,0
2020,118,90,208,Th,-a,16688.041,31.865,7652.5716,0.1532,B-,,,208.017915348,34.208,False,False,False,False,16688.041,7652.5716,  28  118   90  208 Th   -a   16688.041      31.865      7652.5716     0.1532  B-      *                  208 017915.348      34.208   ,1591.7348928000001,0.0318656,0.1346153846153846,1,1
2020,128,81,209,Tl,+a,-13644.793,6.11,7833.3979,0.0292,B-,3969.7809,6.2115,208.985351713,6.559,False,False,False,False,-13644.793,7833.3979,  47  128   81  209 Tl   +a  -13644.793       6.110      7833.3979     0.0292  B-   3969.7809     6.2115  208 985351.713       6.559   ,1637.1801610999999,0.0061028,0.22488038277511962,1,0
2020,127,82,209,Pb,,-17614.574,1.747,7848.6488,0.0084,B-,644.0152,1.1462,208.981089978,1.875,False,False,False,False,-17614.574,7848.6488,  45  127   82  209 Pb       -17614.574       1.747      7848.6488     0.0084  B-    644.0152     1.1462  208 981089.978       1.875   ,1640.3675992,0.0017555999999999997,0.215311004784689,0,1
2020,126,83,209,Bi,,-18258.589,1.365,7847.9869,0.0065,B-,-1892.5741,1.5635,208.980398599,1.465,False,False,False,False,-18258.589,7847.9869,  43  126   83  209 Bi       -18258.589       1.365      7847.9869     0.0065  B-  -1892.5741     1.5635  208 980398.599       1.465   ,1640.2292621,0.0013585000000000001,0.20574162679425836,1,0
2020,125,84,209,Po,-a,-16366.015,1.778,7835.1882,0.0085,B-,-3482.2417,4.9599,208.982430361,1.909,False,False,False,False,-16366.015,7835.1882,  41  125   84  209 Po   -a  -16366.015       1.778      7835.1882     0.0085  B-  -3482.2417     4.9599  208 982430.361       1.909   ,1637.5543338,0.0017765,0.19617224880382775,0,1
2020,124,85,209,At,,-12883.773,4.745,7814.7835,0.0227,B-,-3942.7237,11.0298,208.986168701,5.094,False,False,False,False,-12883.773,7814.7835,  39  124   85  209 At       -12883.773       4.745      7814.7835     0.0227  B-  -3942.7237    11.0298  208 986168.701       5.094   ,1633.2897515,0.0047443,0.18660287081339713,1,0
2020,123,86,209,Rn,,-8941.049,9.96,7792.1755,0.0477,B-,-5158.9051,15.2153,208.990401389,10.692,False,False,False,False,-8941.049,7792.1755,  37  123   86  209 Rn        -8941.049       9.960      7792.1755     0.0477  B-  -5158.9051    15.2153  208 990401.389      10.692   ,1628.5646795,0.0099693,0.17703349282296652,0,1
2020,122,87,209,Fr,,-3782.144,11.503,7763.7485,0.055,B-,-5640.3845,12.8549,208.995939701,12.349,False,False,False,False,-3782.144,7763.7485,  35  122   87  209 Fr        -3782.144      11.503      7763.7485     0.0550  B-  -5640.3845    12.8549  208 995939.701      12.349   ,1622.6234364999998,0.011495,0.1674641148325359,1,0
2020,121,88,209,Ra,-a,1858.24,5.747,7733.0177,0.0275,B-,-6986.6464,56.1409,209.001994902,6.169,False,False,False,False,1858.240,7733.0177,  33  121   88  209 Ra   -a    1858.240       5.747      7733.0177     0.0275  B-  -6986.6464    56.1409  209 001994.902       6.169   ,1616.2006993,0.0057475,0.15789473684210525,0,1
2020,120,89,209,Ac,-a,8844.887,55.846,7695.8455,0.2672,B-,-7550.0,117.0,209.009495375,59.953,False,False,True,False,8844.887,7695.8455,  31  120   89  209 Ac   -a    8844.887      55.846      7695.8455     0.2672  B-  -7550#       117#      209 009495.375      59.953   ,1608.4317095000001,0.0558448,0.14832535885167464,1,0
2020,129,81,210,Tl,+a,-9246.996,11.603,7813.589,0.0553,B-,5481.4334,11.561,209.990072942,12.456,False,False,False,False,-9246.996,7813.5890,  48  129   81  210 Tl   +a   -9246.996      11.603      7813.5890     0.0553  B-   5481.4334    11.5610  209 990072.942      12.456   ,1640.85369,0.011613,0.22857142857142856,0,0
2020,128,82,210,Pb,,-14728.429,1.448,7835.9656,0.0069,B-,63.4758,0.4992,209.984188381,1.554,False,False,False,False,-14728.429,7835.9656,  46  128   82  210 Pb       -14728.429       1.448      7835.9656     0.0069  B-     63.4758     0.4992  209 984188.381       1.554   ,1645.552776,0.001449,0.21904761904761905,1,1
2020,127,83,210,Bi,,-14791.905,1.364,7832.5424,0.0065,B-,1161.1549,0.7662,209.984120237,1.463,False,False,False,False,-14791.905,7832.5424,  44  127   83  210 Bi       -14791.905       1.364      7832.5424     0.0065  B-   1161.1549     0.7662  209 984120.237       1.463   ,1644.833904,0.001365,0.20952380952380953,0,0
2020,126,84,210,Po,,-15953.06,1.146,7834.3462,0.0055,B-,-3980.9605,7.6101,209.982873686,1.23,False,False,False,False,-15953.060,7834.3462,  42  126   84  210 Po       -15953.060       1.146      7834.3462     0.0055  B-  -3980.9605     7.6101  209 982873.686       1.230   ,1645.212702,0.001155,0.2,1,1
2020,125,85,210,At,-a,-11972.099,7.695,7811.6638,0.0366,B-,-2367.3352,8.9225,209.987147423,8.261,False,False,False,False,-11972.099,7811.6638,  40  125   85  210 At   -a  -11972.099       7.695      7811.6638     0.0366  B-  -2367.3352     8.9225  209 987147.423       8.261   ,1640.449398,0.007686,0.19047619047619047,0,0
2020,124,86,210,Rn,-a,-9604.764,4.557,7796.6653,0.0217,B-,-6261.2558,14.172,209.989688862,4.892,False,False,False,False,-9604.764,7796.6653,  38  124   86  210 Rn   -a   -9604.764       4.557      7796.6653     0.0217  B-  -6261.2558    14.1720  209 989688.862       4.892   ,1637.2997129999999,0.004557,0.18095238095238095,1,1
2020,123,87,210,Fr,,-3343.508,13.42,7763.1243,0.0639,B-,-3786.3467,16.2633,209.996410596,14.407,False,False,False,False,-3343.508,7763.1243,  36  123   87  210 Fr        -3343.508      13.420      7763.1243     0.0639  B-  -3786.3467    16.2633  209 996410.596      14.407   ,1630.2561030000002,0.013419,0.17142857142857143,0,0
2020,122,88,210,Ra,-a,442.839,9.193,7741.3687,0.0438,B-,-8321.2403,62.8832,210.000475406,9.868,False,False,False,False,442.839,7741.3687,  34  122   88  210 Ra   -a     442.839       9.193      7741.3687     0.0438  B-  -8321.2403    62.8832  210 000475.406       9.868   ,1625.6874269999998,0.009198,0.1619047619047619,1,1
2020,121,89,210,Ac,,8764.079,62.208,7698.0182,0.2962,B-,-5295.442,65.018,210.009408625,66.782,False,False,False,False,8764.079,7698.0182,  32  121   89  210 Ac         8764.079      62.208      7698.0182     0.2962  B-  -5295.4420    65.0180  210 009408.625      66.782   ,1616.583822,0.06220200000000001,0.1523809523809524,0,0
2020,120,90,210,Th,-a,14059.521,18.909,7669.0764,0.09,B-,,,210.015093515,20.299,False,False,False,False,14059.521,7669.0764,  30  120   90  210 Th   -a   14059.521      18.909      7669.0764     0.0900  B-      *                  210 015093.515      20.299   ,1610.506044,0.0189,0.14285714285714285,1,1
2020,130,81,211,Tl,x,-6077.999,41.917,7799.7915,0.1987,B-,4415.0129,41.9781,210.993475,45.0,False,False,False,False,-6077.999,7799.7915,  49  130   81  211 Tl    x   -6077.999      41.917      7799.7915     0.1987  B-   4415.0129    41.9781  210 993475.000      45.000   ,1645.7560065000002,0.041925699999999996,0.23222748815165878,1,0
2020,129,82,211,Pb,,-10493.012,2.26,7817.0079,0.0107,B-,1366.1041,5.4713,210.988735288,2.426,False,False,False,False,-10493.012,7817.0079,  47  129   82  211 Pb       -10493.012       2.260      7817.0079     0.0107  B-   1366.1041     5.4713  210 988735.288       2.426   ,1649.3886668999999,0.0022576999999999996,0.22274881516587677,0,1
2020,128,83,211,Bi,,-11859.116,5.442,7819.7745,0.0258,B-,573.3763,5.4297,210.987268715,5.842,False,False,False,False,-11859.116,7819.7745,  45  128   83  211 Bi       -11859.116       5.442      7819.7745     0.0258  B-    573.3763     5.4297  210 987268.715       5.842   ,1649.9724195000001,0.0054438,0.2132701421800948,1,0
2020,127,84,211,Po,-a,-12432.492,1.255,7818.7842,0.006,B-,-785.3012,2.5385,210.986653171,1.347,False,False,False,False,-12432.492,7818.7842,  43  127   84  211 Po   -a  -12432.492       1.255      7818.7842     0.0060  B-   -785.3012     2.5385  210 986653.171       1.347   ,1649.7634661999998,0.001266,0.2037914691943128,0,1
2020,126,85,211,At,-a,-11647.191,2.729,7811.3545,0.0129,B-,-2891.8615,6.8937,210.987496226,2.929,False,False,False,False,-11647.191,7811.3545,  41  126   85  211 At   -a  -11647.191       2.729      7811.3545     0.0129  B-  -2891.8615     6.8937  210 987496.226       2.929   ,1648.1957995,0.0027219,0.1943127962085308,1,0
2020,125,86,211,Rn,-a,-8755.33,6.813,7793.9412,0.0323,B-,-4615.0152,13.7862,210.990600767,7.314,False,False,False,False,-8755.330,7793.9412,  39  125   86  211 Rn   -a   -8755.330       6.813      7793.9412     0.0323  B-  -4615.0152    13.7862  210 990600.767       7.314   ,1644.5215932,0.006815300000000001,0.1848341232227488,0,1
2020,124,87,211,Fr,,-4140.314,11.991,7768.3613,0.0568,B-,-4972.1844,12.9786,210.995555189,12.872,False,False,False,False,-4140.314,7768.3613,  37  124   87  211 Fr        -4140.314      11.991      7768.3613     0.0568  B-  -4972.1844    12.9786  210 995555.189      12.872   ,1639.1242343,0.0119848,0.17535545023696683,1,0
2020,123,88,211,Ra,,831.87,4.966,7741.0887,0.0235,B-,-6311.6152,53.9818,211.000893049,5.331,False,False,False,False,831.870,7741.0887,  35  123   88  211 Ra          831.870       4.966      7741.0887     0.0235  B-  -6311.6152    53.9818  211 000893.049       5.331   ,1633.3697157000001,0.0049585,0.16587677725118483,0,1
2020,122,89,211,Ac,,7143.485,53.753,7707.468,0.2548,B-,-6732.9111,101.4758,211.007668846,57.706,False,False,False,False,7143.485,7707.4680,  33  122   89  211 Ac         7143.485      53.753      7707.4680     0.2548  B-  -6732.9111   101.4758  211 007668.846      57.706   ,1626.2757479999998,0.053762800000000006,0.15639810426540285,1,0
2020,121,90,211,Th,-a,13876.396,86.07,7671.8506,0.4079,B-,-8175.8296,110.6091,211.014896923,92.399,False,False,False,False,13876.396,7671.8506,  31  121   90  211 Th   -a   13876.396      86.070      7671.8506     0.4079  B-  -8175.8296   110.6091  211 014896.923      92.399   ,1618.7604766,0.08606689999999999,0.14691943127962084,0,1
2020,120,91,211,Pa,-a,22052.226,69.472,7629.3948,0.3293,B-,,,211.023674036,74.581,False,False,False,False,22052.226,7629.3948,  29  120   91  211 Pa   -a   22052.226      69.472      7629.3948     0.3293  B-      *                  211 023674.036      74.581   ,1609.8023028,0.0694823,0.13744075829383887,1,0
2020,130,82,212,Pb,,-7548.929,1.84,7804.3203,0.0087,B-,569.0133,1.8246,211.991895891,1.975,False,False,False,False,-7548.929,7804.3203,  48  130   82  212 Pb        -7548.929       1.840      7804.3203     0.0087  B-    569.0133     1.8246  211 991895.891       1.975   ,1654.5159036,0.0018443999999999997,0.22641509433962265,1,1
2020,129,83,212,Bi,,-8117.943,1.853,7803.314,0.0087,B-,2251.4656,1.6671,211.99128503,1.989,False,False,False,False,-8117.943,7803.3140,  46  129   83  212 Bi        -8117.943       1.853      7803.3140     0.0087  B-   2251.4656     1.6671  211 991285.030       1.989   ,1654.302568,0.0018443999999999997,0.2169811320754717,0,0
2020,128,84,212,Po,,-10369.408,1.153,7810.2438,0.0054,B-,-1741.2596,2.1066,211.988867982,1.237,False,False,False,False,-10369.408,7810.2438,  44  128   84  212 Po       -10369.408       1.153      7810.2438     0.0054  B-  -1741.2596     2.1066  211 988867.982       1.237   ,1655.7716856,0.0011448,0.20754716981132076,1,1
2020,127,85,212,At,-a,-8628.149,2.385,7798.34,0.0113,B-,31.0705,3.5927,211.990737301,2.559,False,False,False,False,-8628.149,7798.3400,  42  127   85  212 At   -a   -8628.149       2.385      7798.3400     0.0113  B-     31.0705     3.5927  211 990737.301       2.559   ,1653.24808,0.0023956,0.19811320754716982,0,0
2020,126,86,212,Rn,-a,-8659.219,3.11,7794.7963,0.0147,B-,-5143.221,9.3064,211.990703946,3.338,False,False,False,False,-8659.219,7794.7963,  40  126   86  212 Rn   -a   -8659.219       3.110      7794.7963     0.0147  B-  -5143.2210     9.3064  211 990703.946       3.338   ,1652.4968156,0.0031164,0.18867924528301888,1,1
2020,125,87,212,Fr,,-3515.998,8.775,7766.8455,0.0414,B-,-3317.2355,13.4939,211.99622542,9.419,False,False,False,False,-3515.998,7766.8455,  38  125   87  212 Fr        -3515.998       8.775      7766.8455     0.0414  B-  -3317.2355    13.4939  211 996225.420       9.419   ,1646.571246,0.0087768,0.1792452830188679,0,0
2020,124,88,212,Ra,,-198.763,10.254,7747.5078,0.0484,B-,-7498.3626,24.1666,211.999786619,11.007,False,False,False,False,-198.763,7747.5078,  36  124   88  212 Ra         -198.763      10.254      7747.5078     0.0484  B-  -7498.3626    24.1666  211 999786.619      11.007   ,1642.4716536,0.0102608,0.16981132075471697,1,1
2020,123,89,212,Ac,,7299.6,21.883,7708.4479,0.1032,B-,-4811.2864,24.1055,212.007836442,23.492,False,False,False,False,7299.600,7708.4479,  34  123   89  212 Ac         7299.600      21.883      7708.4479     0.1032  B-  -4811.2864    24.1055  212 007836.442      23.492   ,1634.1909547999999,0.0218784,0.16037735849056603,0,0
2020,122,90,212,Th,-a,12110.886,10.109,7682.0628,0.0477,B-,-9485.6366,88.1858,212.01300157,10.852,False,False,False,False,12110.886,7682.0628,  32  122   90  212 Th   -a   12110.886      10.109      7682.0628     0.0477  B-  -9485.6366    88.1858  212 013001.570      10.852   ,1628.5973136,0.010112399999999999,0.1509433962264151,1,1
2020,121,91,212,Pa,-a,21596.523,87.604,7633.6289,0.4132,B-,,,212.023184819,94.047,False,False,False,False,21596.523,7633.6289,  30  121   91  212 Pa   -a   21596.523      87.604      7633.6289     0.4132  B-      *                  212 023184.819      94.047   ,1618.3293268,0.08759839999999999,0.14150943396226415,0,0
2020,132,81,213,Tl,x,1783.811,27.013,7765.4311,0.1268,B-,4987.4088,27.8941,213.001915,29.0,False,False,False,False,1783.811,7765.4311,  51  132   81  213 Tl    x    1783.811      27.013      7765.4311     0.1268  B-   4987.4088    27.8941  213 001915.000      29.000   ,1654.0368243,0.0270084,0.23943661971830985,1,0
2020,131,82,213,Pb,+a,-3203.598,6.954,7785.1732,0.0326,B-,2028.073,8.3708,212.996560796,7.465,False,False,False,False,-3203.598,7785.1732,  49  131   82  213 Pb   +a   -3203.598       6.954      7785.1732     0.0326  B-   2028.0730     8.3708  212 996560.796       7.465   ,1658.2418916,0.006943799999999999,0.2300469483568075,0,1
2020,130,83,213,Bi,,-5231.671,5.082,7791.0217,0.0239,B-,1421.8481,5.4898,212.99438357,5.455,False,False,False,False,-5231.671,7791.0217,  47  130   83  213 Bi        -5231.671       5.082      7791.0217     0.0239  B-   1421.8481     5.4898  212 994383.570       5.455   ,1659.4876221,0.0050907,0.22065727699530516,1,0
2020,129,84,213,Po,,-6653.519,3.053,7794.024,0.0143,B-,-73.9972,5.4646,212.992857154,3.277,False,False,False,False,-6653.519,7794.0240,  45  129   84  213 Po        -6653.519       3.053      7794.0240     0.0143  B-    -73.9972     5.4646  212 992857.154       3.277   ,1660.127112,0.0030459000000000003,0.2112676056338028,0,1
2020,128,85,213,At,-a,-6579.522,4.898,7790.0036,0.023,B-,-883.5727,5.7243,212.992936593,5.258,False,False,False,False,-6579.522,7790.0036,  43  128   85  213 At   -a   -6579.522       4.898      7790.0036     0.0230  B-   -883.5727     5.7243  212 992936.593       5.258   ,1659.2707668,0.004899,0.20187793427230047,1,0
2020,127,86,213,Rn,-a,-5695.949,3.37,7782.1824,0.0158,B-,-2141.7493,5.6996,212.993885147,3.618,False,False,False,False,-5695.949,7782.1824,  41  127   86  213 Rn   -a   -5695.949       3.370      7782.1824     0.0158  B-  -2141.7493     5.6996  212 993885.147       3.618   ,1657.6048512,0.0033654,0.19248826291079812,0,1
2020,126,87,213,Fr,,-3554.199,4.707,7768.4543,0.0221,B-,-3899.7568,10.8862,212.99618441,5.053,False,False,False,False,-3554.199,7768.4543,  39  126   87  213 Fr        -3554.199       4.707      7768.4543     0.0221  B-  -3899.7568    10.8862  212 996184.410       5.053   ,1654.6807659,0.0047073,0.18309859154929578,1,0
2020,125,88,213,Ra,,345.557,9.818,7746.4726,0.0461,B-,-5795.4721,15.2463,213.000370971,10.54,False,False,False,False,345.557,7746.4726,  37  125   88  213 Ra          345.557       9.818      7746.4726     0.0461  B-  -5795.4721    15.2463  213 000370.971      10.540   ,1649.9986638,0.0098193,0.17370892018779344,0,1
2020,124,89,213,Ac,,6141.029,11.665,7715.5908,0.0548,B-,-5979.0781,14.8635,213.006592665,12.522,False,False,False,False,6141.029,7715.5908,  35  124   89  213 Ac         6141.029      11.665      7715.5908     0.0548  B-  -5979.0781    14.8635  213 006592.665      12.522   ,1643.4208404,0.0116724,0.1643192488262911,1,0
2020,123,90,213,Th,-a,12120.108,9.217,7683.847,0.0433,B-,-7534.0866,57.9078,213.01301147,9.895,False,False,False,False,12120.108,7683.8470,  33  123   90  213 Th   -a   12120.108       9.217      7683.8470     0.0433  B-  -7534.0866    57.9078  213 013011.470       9.895   ,1636.6594109999999,0.0092229,0.15492957746478872,0,1
2020,122,91,213,Pa,-a,19654.194,57.17,7644.8027,0.2684,B-,,,213.021099644,61.374,False,False,False,False,19654.194,7644.8027,  31  122   91  213 Pa   -a   19654.194      57.170      7644.8027     0.2684  B-      *                  213 021099.644      61.374   ,1628.3429750999999,0.0571692,0.14553990610328638,1,0
2020,132,82,214,Pb,,-183.019,1.969,7772.3955,0.0092,B-,1017.7611,11.2559,213.999803521,2.114,False,False,False,False,-183.019,7772.3955,  50  132   82  214 Pb         -183.019       1.969      7772.3955     0.0092  B-   1017.7611    11.2559  213 999803.521       2.114   ,1663.2926369999998,0.0019687999999999997,0.2336448598130841,1,1
2020,131,83,214,Bi,,-1200.78,11.209,7773.4955,0.0524,B-,3269.1925,11.1649,213.998710909,12.033,False,False,False,False,-1200.780,7773.4955,  48  131   83  214 Bi        -1200.780      11.209      7773.4955     0.0524  B-   3269.1925    11.1649  213 998710.909      12.033   ,1663.528037,0.011213599999999999,0.22429906542056074,0,0
2020,130,84,214,Po,,-4469.972,1.449,7785.1163,0.0068,B-,-1090.8208,3.775,213.995201287,1.556,False,False,False,False,-4469.972,7785.1163,  46  130   84  214 Po        -4469.972       1.449      7785.1163     0.0068  B-  -1090.8208     3.7750  213 995201.287       1.556   ,1666.0148881999999,0.0014551999999999998,0.21495327102803738,1,1
2020,129,85,214,At,,-3379.151,3.982,7776.3632,0.0186,B-,940.5125,9.8827,213.996372331,4.274,False,False,False,False,-3379.151,7776.3632,  44  129   85  214 At        -3379.151       3.982      7776.3632     0.0186  B-    940.5125     9.8827  213 996372.331       4.274   ,1664.1417248,0.003980399999999999,0.205607476635514,0,0
2020,128,86,214,Rn,-a,-4319.664,9.187,7777.1023,0.0429,B-,-3361.3369,12.4238,213.99536265,9.862,False,False,False,False,-4319.664,7777.1023,  42  128   86  214 Rn   -a   -4319.664       9.187      7777.1023     0.0429  B-  -3361.3369    12.4238  213 995362.650       9.862   ,1664.2998922,0.0091806,0.19626168224299065,1,1
2020,127,87,214,Fr,-a,-958.327,8.519,7757.7393,0.0398,B-,-1051.0675,9.9879,213.998971193,9.145,False,False,False,False,-958.327,7757.7393,  40  127   87  214 Fr   -a    -958.327       8.519      7757.7393     0.0398  B-  -1051.0675     9.9879  213 998971.193       9.145   ,1660.1562102,0.0085172,0.18691588785046728,0,0
2020,126,88,214,Ra,-a,92.74,5.25,7749.1719,0.0245,B-,-6340.5313,14.5317,214.00009956,5.636,False,False,False,False,92.740,7749.1719,  38  126   88  214 Ra   -a      92.740       5.250      7749.1719     0.0245  B-  -6340.5313    14.5317  214 000099.560       5.636   ,1658.3227866,0.005243,0.17757009345794392,1,1
2020,125,89,214,Ac,,6433.272,13.551,7715.8874,0.0633,B-,-4261.6599,17.2389,214.0069064,14.547,False,False,False,False,6433.272,7715.8874,  36  125   89  214 Ac         6433.272      13.551      7715.8874     0.0633  B-  -4261.6599    17.2389  214 006906.400      14.547   ,1651.1999035999997,0.0135462,0.16822429906542055,0,0
2020,124,90,214,Th,-a,10694.932,10.661,7692.3173,0.0498,B-,-8764.963,81.9051,214.01148148,11.445,False,False,False,False,10694.932,7692.3173,  34  124   90  214 Th   -a   10694.932      10.661      7692.3173     0.0498  B-  -8764.9630    81.9051  214 011481.480      11.445   ,1646.1559022,0.0106572,0.1588785046728972,1,1
2020,123,91,214,Pa,-a,19459.895,81.208,7647.7037,0.3795,B-,,,214.020891055,87.18,False,False,False,False,19459.895,7647.7037,  32  123   91  214 Pa   -a   19459.895      81.208      7647.7037     0.3795  B-      *                  214 020891.055      87.180   ,1636.6085918,0.081213,0.14953271028037382,0,0
2020,133,82,215,Pb,+a,4342.245,52.685,7752.7381,0.245,B-,2712.9729,52.9848,215.004661591,56.56,False,False,False,False,4342.245,7752.7381,  51  133   82  215 Pb   +a    4342.245      52.685      7752.7381     0.2450  B-   2712.9729    52.9848  215 004661.591      56.560   ,1666.8386914999999,0.052675,0.2372093023255814,0,1
2020,132,83,215,Bi,,1629.272,5.624,7761.7177,0.0262,B-,2171.0426,5.5297,215.001749095,6.037,False,False,False,False,1629.272,7761.7177,  49  132   83  215 Bi         1629.272       5.624      7761.7177     0.0262  B-   2171.0426     5.5297  215 001749.095       6.037   ,1668.7693055,0.005633,0.22790697674418606,1,0
2020,131,84,215,Po,,-541.771,2.12,7768.1768,0.0099,B-,714.8128,6.6491,214.999418385,2.276,False,False,False,False,-541.771,7768.1768,  47  131   84  215 Po         -541.771       2.120      7768.1768     0.0099  B-    714.8128     6.6491  214 999418.385       2.276   ,1670.158012,0.0021285,0.2186046511627907,0,1
2020,130,85,215,At,-a,-1256.583,6.629,7767.8627,0.0308,B-,-87.5935,8.9062,214.998651002,7.116,False,False,False,False,-1256.583,7767.8627,  45  130   85  215 At   -a   -1256.583       6.629      7767.8627     0.0308  B-    -87.5935     8.9062  214 998651.002       7.116   ,1670.0904804999998,0.006622,0.20930232558139536,1,0
2020,129,86,215,Rn,-a,-1168.99,6.09,7763.8164,0.0283,B-,-1487.1274,9.189,214.998745037,6.538,False,False,False,False,-1168.990,7763.8164,  43  129   86  215 Rn   -a   -1168.990       6.090      7763.8164     0.0283  B-  -1487.1274     9.1890  214 998745.037       6.538   ,1669.2205259999998,0.0060845,0.2,0,1
2020,128,87,215,Fr,-a,318.137,7.066,7753.2607,0.0329,B-,-2213.8573,9.7691,215.000341534,7.585,False,False,False,False,318.137,7753.2607,  41  128   87  215 Fr   -a     318.137       7.066      7753.2607     0.0329  B-  -2213.8573     9.7691  215 000341.534       7.585   ,1666.9510504999998,0.0070735,0.19069767441860466,1,0
2020,127,88,215,Ra,-a,2531.995,7.201,7739.3249,0.0335,B-,-3498.5554,14.3395,215.002718208,7.73,False,False,False,False,2531.995,7739.3249,  39  127   88  215 Ra   -a    2531.995       7.201      7739.3249     0.0335  B-  -3498.5554    14.3395  215 002718.208       7.730   ,1663.9548535,0.007202500000000001,0.1813953488372093,0,1
2020,126,89,215,Ac,-a,6030.55,12.406,7719.4137,0.0577,B-,-4890.8833,13.9296,215.006474061,13.318,False,False,False,False,6030.550,7719.4137,  37  126   89  215 Ac   -a    6030.550      12.406      7719.4137     0.0577  B-  -4890.8833    13.9296  215 006474.061      13.318   ,1659.6739455,0.0124055,0.17209302325581396,1,0
2020,125,90,215,Th,-a,10921.434,6.335,7693.0266,0.0295,B-,-6883.1037,82.6932,215.01172464,6.8,False,False,False,False,10921.434,7693.0266,  35  125   90  215 Th   -a   10921.434       6.335      7693.0266     0.0295  B-  -6883.1037    82.6932  215 011724.640       6.800   ,1654.0007190000001,0.006342499999999999,0.16279069767441862,0,1
2020,124,91,215,Pa,-a,17804.537,82.45,7657.3733,0.3835,B-,-7084.7747,132.8246,215.019113955,88.513,False,False,False,False,17804.537,7657.3733,  33  124   91  215 Pa   -a   17804.537      82.450      7657.3733     0.3835  B-  -7084.7747   132.8246  215 019113.955      88.513   ,1646.3352595,0.0824525,0.15348837209302327,1,0
2020,123,92,215,U,-a,24889.312,104.136,7620.7821,0.4844,B-,,,215.026719774,111.794,False,False,False,False,24889.312,7620.7821,  31  123   92  215 U    -a   24889.312     104.136      7620.7821     0.4844  B-      *                  215 026719.774     111.794   ,1638.4681515000002,0.104146,0.14418604651162792,0,1
2020,133,83,216,Bi,x,5873.988,11.178,7743.4996,0.0518,B-,4091.652,11.3243,216.006305985,12.0,False,False,False,False,5873.988,7743.4996,  50  133   83  216 Bi    x    5873.988      11.178      7743.4996     0.0518  B-   4091.6520    11.3243  216 006305.985      12.000   ,1672.5959136000001,0.0111888,0.23148148148148148,0,0
2020,132,84,216,Po,,1782.336,1.815,7758.8205,0.0084,B-,-474.3423,3.5713,216.001913416,1.948,False,False,False,False,1782.336,7758.8205,  48  132   84  216 Po         1782.336       1.815      7758.8205     0.0084  B-   -474.3423     3.5713  216 001913.416       1.948   ,1675.9052279999999,0.0018143999999999999,0.2222222222222222,1,1
2020,131,85,216,At,-a,2256.678,3.575,7753.0024,0.0166,B-,2003.3657,6.6383,216.002422643,3.837,False,False,False,False,2256.678,7753.0024,  46  131   85  216 At   -a    2256.678       3.575      7753.0024     0.0166  B-   2003.3657     6.6383  216 002422.643       3.837   ,1674.6485184000003,0.0035856,0.21296296296296297,0,0
2020,130,86,216,Rn,-a,253.312,5.768,7758.6553,0.0267,B-,-2717.7096,6.9366,216.000271942,6.192,False,False,False,False,253.312,7758.6553,  44  130   86  216 Rn   -a     253.312       5.768      7758.6553     0.0267  B-  -2717.7096     6.9366  216 000271.942       6.192   ,1675.8695448,0.005767200000000001,0.2037037037037037,1,1
2020,129,87,216,Fr,-a,2971.022,4.174,7742.4513,0.0193,B-,-320.4441,8.8904,216.003189523,4.48,False,False,False,False,2971.022,7742.4513,  42  129   87  216 Fr   -a    2971.022       4.174      7742.4513     0.0193  B-   -320.4441     8.8904  216 003189.523       4.480   ,1672.3694808,0.0041688,0.19444444444444445,0,0
2020,128,88,216,Ra,-a,3291.466,8.004,7737.3458,0.0371,B-,-4858.2701,12.2147,216.003533534,8.592,False,False,False,False,3291.466,7737.3458,  40  128   88  216 Ra   -a    3291.466       8.004      7737.3458     0.0371  B-  -4858.2701    12.2147  216 003533.534       8.592   ,1671.2666928,0.008013600000000001,0.18518518518518517,1,1
2020,127,89,216,Ac,,8149.736,9.23,7711.2319,0.0427,B-,-2148.8006,14.4375,216.008749101,9.908,False,False,False,False,8149.736,7711.2319,  38  127   89  216 Ac         8149.736       9.230      7711.2319     0.0427  B-  -2148.8006    14.4375  216 008749.101       9.908   ,1665.6260903999998,0.0092232,0.17592592592592593,0,0
2020,126,90,216,Th,-a,10298.537,11.104,7697.6617,0.0514,B-,-7525.2616,27.0327,216.011055933,11.92,False,False,False,False,10298.537,7697.6617,  36  126   90  216 Th   -a   10298.537      11.104      7697.6617     0.0514  B-  -7525.2616    27.0327  216 011055.933      11.920   ,1662.6949272,0.0111024,0.16666666666666666,1,1
2020,125,91,216,Pa,-a,17823.799,24.647,7659.2006,0.1141,B-,-5242.6308,37.3721,216.019134633,26.459,False,False,False,False,17823.799,7659.2006,  34  125   91  216 Pa   -a   17823.799      24.647      7659.2006     0.1141  B-  -5242.6308    37.3721  216 019134.633      26.459   ,1654.3873296000002,0.024645599999999997,0.1574074074074074,0,0
2020,124,92,216,U,-a,23066.429,28.093,7631.3072,0.1301,B-,,,216.024762829,30.158,False,False,False,False,23066.429,7631.3072,  32  124   92  216 U    -a   23066.429      28.093      7631.3072     0.1301  B-      *                  216 024762.829      30.158   ,1648.3623552000001,0.028101599999999997,0.14814814814814814,1,1
2020,134,83,217,Bi,x,8729.963,17.698,7731.8491,0.0816,B-,2846.5103,18.8695,217.009372,19.0,False,False,False,False,8729.963,7731.8491,  51  134   83  217 Bi    x    8729.963      17.698      7731.8491     0.0816  B-   2846.5103    18.8695  217 009372.000      19.000   ,1677.8112547,0.0177072,0.2350230414746544,1,0
2020,133,84,217,Po,+a,5883.452,6.544,7741.3614,0.0302,B-,1488.8543,7.9791,217.006316145,7.025,False,False,False,False,5883.452,7741.3614,  49  133   84  217 Po   +a    5883.452       6.544      7741.3614     0.0302  B-   1488.8543     7.9791  217 006316.145       7.025   ,1679.8754238,0.0065534,0.22580645161290322,0,1
2020,132,85,217,At,,4394.598,5.001,7744.6172,0.023,B-,736.032,6.1505,217.004717794,5.368,False,False,False,False,4394.598,7744.6172,  47  132   85  217 At         4394.598       5.001      7744.6172     0.0230  B-    736.0320     6.1505  217 004717.794       5.368   ,1680.5819324,0.004991,0.21658986175115208,1,0
2020,131,86,217,Rn,-a,3658.566,4.198,7744.4037,0.0193,B-,-656.0967,7.5383,217.003927632,4.506,False,False,False,False,3658.566,7744.4037,  45  131   86  217 Rn   -a    3658.566       4.198      7744.4037     0.0193  B-   -656.0967     7.5383  217 003927.632       4.506   ,1680.5356029,0.0041881,0.2073732718894009,0,1
2020,130,87,217,Fr,-a,4314.663,6.531,7737.775,0.0301,B-,-1574.8729,9.4723,217.00463198,7.011,False,False,False,False,4314.663,7737.7750,  43  130   87  217 Fr   -a    4314.663       6.531      7737.7750     0.0301  B-  -1574.8729     9.4723  217 004631.980       7.011   ,1679.0971749999999,0.0065317,0.19815668202764977,1,0
2020,129,88,217,Ra,-a,5889.536,7.047,7726.9122,0.0325,B-,-2812.7853,13.2129,217.006322676,7.564,False,False,False,False,5889.536,7726.9122,  41  129   88  217 Ra   -a    5889.536       7.047      7726.9122     0.0325  B-  -2812.7853    13.2129  217 006322.676       7.564   ,1676.7399474,0.007052500000000001,0.1889400921658986,0,1
2020,128,89,217,Ac,-a,8702.321,11.223,7710.3448,0.0517,B-,-3503.459,15.4454,217.009342325,12.048,False,False,False,False,8702.321,7710.3448,  39  128   89  217 Ac   -a    8702.321      11.223      7710.3448     0.0517  B-  -3503.4590    15.4454  217 009342.325      12.048   ,1673.1448216,0.011218900000000002,0.17972350230414746,1,0
2020,127,90,217,Th,-a,12205.78,10.614,7690.5945,0.0489,B-,-4848.968,16.3966,217.013103443,11.394,False,False,False,False,12205.780,7690.5945,  37  127   90  217 Th   -a   12205.780      10.614      7690.5945     0.0489  B-  -4848.9680    16.3966  217 013103.443      11.394   ,1668.8590065,0.0106113,0.17050691244239632,0,1
2020,126,91,217,Pa,-a,17054.748,12.498,7664.6438,0.0576,B-,-5916.0,81.0,217.018309024,13.417,False,False,True,False,17054.748,7664.6438,  35  126   91  217 Pa   -a   17054.748      12.498      7664.6438     0.0576  B-  -5916#        81#      217 018309.024      13.417   ,1663.2277046000002,0.0124992,0.16129032258064516,1,0
2020,135,83,218,Bi,x,13216.038,27.013,7712.828,0.1239,B-,4859.3866,27.0849,218.014188,29.0,False,False,False,False,13216.038,7712.8280,  52  135   83  218 Bi    x   13216.038      27.013      7712.8280     0.1239  B-   4859.3866    27.0849  218 014188.000      29.000   ,1681.3965040000003,0.027010199999999998,0.23853211009174313,0,0
2020,134,84,218,Po,,8356.652,1.967,7731.53,0.009,B-,256.4334,11.549,218.008971234,2.112,False,False,False,False,8356.652,7731.5300,  50  134   84  218 Po         8356.652       1.967      7731.5300     0.0090  B-    256.4334    11.5490  218 008971.234       2.112   ,1685.47354,0.0019619999999999998,0.22935779816513763,1,1
2020,133,85,218,At,-a,8100.218,11.503,7729.1175,0.0528,B-,2882.8048,11.6054,218.008695941,12.349,False,False,False,False,8100.218,7729.1175,  48  133   85  218 At   -a    8100.218      11.503      7729.1175     0.0528  B-   2882.8048    11.6054  218 008695.941      12.349   ,1684.947615,0.0115104,0.22018348623853212,0,0
2020,132,86,218,Rn,,5217.413,2.316,7738.7527,0.0106,B-,-1842.0267,4.4418,218.005601123,2.486,False,False,False,False,5217.413,7738.7527,  46  132   86  218 Rn         5217.413       2.316      7738.7527     0.0106  B-  -1842.0267     4.4418  218 005601.123       2.486   ,1687.0480885999998,0.0023108,0.21100917431192662,1,1
2020,131,87,218,Fr,-a,7059.44,4.235,7726.7143,0.0194,B-,413.8838,10.5603,218.00757862,4.546,False,False,False,False,7059.440,7726.7143,  44  131   87  218 Fr   -a    7059.440       4.235      7726.7143     0.0194  B-    413.8838    10.5603  218 007578.620       4.546   ,1684.4237174,0.004229200000000001,0.2018348623853211,0,0
2020,130,88,218,Ra,-a,6645.556,9.807,7725.0241,0.045,B-,-4205.2887,58.4224,218.007134297,10.528,False,False,False,False,6645.556,7725.0241,  42  130   88  218 Ra   -a    6645.556       9.807      7725.0241     0.0450  B-  -4205.2887    58.4224  218 007134.297      10.528   ,1684.0552537999997,0.009810000000000001,0.1926605504587156,1,1
2020,129,89,218,Ac,-a,10850.845,57.616,7702.145,0.2643,B-,-1515.9019,58.5648,218.01164886,61.853,False,False,False,False,10850.845,7702.1450,  40  129   89  218 Ac   -a   10850.845      57.616      7702.1450     0.2643  B-  -1515.9019    58.5648  218 011648.860      61.853   ,1679.06761,0.0576174,0.1834862385321101,0,0
2020,128,90,218,Th,-a,12366.747,10.516,7691.6026,0.0482,B-,-6282.8212,20.7132,218.013276248,11.289,False,False,False,False,12366.747,7691.6026,  38  128   90  218 Th   -a   12366.747      10.516      7691.6026     0.0482  B-  -6282.8212    20.7132  218 013276.248      11.289   ,1676.7693668,0.0105076,0.1743119266055046,1,1
2020,127,91,218,Pa,-a,18649.568,17.846,7659.1935,0.0819,B-,-3245.0869,22.5042,218.020021133,19.158,False,False,False,False,18649.568,7659.1935,  36  127   91  218 Pa   -a   18649.568      17.846      7659.1935     0.0819  B-  -3245.0869    22.5042  218 020021.133      19.158   ,1669.704183,0.017854199999999997,0.1651376146788991,0,0
2020,126,92,218,U,-a,21894.655,13.714,7640.7191,0.0629,B-,,,218.023504877,14.722,False,False,False,False,21894.655,7640.7191,  34  126   92  218 U    -a   21894.655      13.714      7640.7191     0.0629  B-      *                  218 023504.877      14.722   ,1665.6767638000001,0.013712199999999999,0.1559633027522936,1,1
2020,135,84,219,Po,x,12681.361,15.835,7713.334,0.0723,B-,2285.3395,16.1628,219.013614,17.0,False,False,False,False,12681.361,7713.3340,  51  135   84  219 Po    x   12681.361      15.835      7713.3340     0.0723  B-   2285.3395    16.1628  219 013614.000      17.000   ,1689.2201459999999,0.0158337,0.2328767123287671,0,1
2020,134,85,219,At,,10396.021,3.237,7720.197,0.0148,B-,1566.6838,2.9473,219.011160587,3.474,False,False,False,False,10396.021,7720.1970,  49  134   85  219 At        10396.021       3.237      7720.1970     0.0148  B-   1566.6838     2.9473  219 011160.587       3.474   ,1690.723143,0.0032412,0.2237442922374429,1,0
2020,133,86,219,Rn,,8829.337,2.1,7723.7784,0.0096,B-,212.3984,6.8938,219.009478683,2.254,False,False,False,False,8829.337,7723.7784,  47  133   86  219 Rn         8829.337       2.100      7723.7784     0.0096  B-    212.3984     6.8938  219 009478.683       2.254   ,1691.5074696,0.0021024,0.2146118721461187,0,1
2020,132,87,219,Fr,-a,8616.939,6.874,7721.1759,0.0314,B-,-776.9137,9.5906,219.009250664,7.38,False,False,False,False,8616.939,7721.1759,  45  132   87  219 Fr   -a    8616.939       6.874      7721.1759     0.0314  B-   -776.9137     9.5906  219 009250.664       7.380   ,1690.9375221,0.0068766,0.2054794520547945,1,0
2020,131,88,219,Ra,-a,9393.853,6.814,7714.056,0.0311,B-,-2175.7005,51.9016,219.010084715,7.315,False,False,False,False,9393.853,7714.0560,  43  131   88  219 Ra   -a    9393.853       6.814      7714.0560     0.0311  B-  -2175.7005    51.9016  219 010084.715       7.315   ,1689.378264,0.0068109,0.1963470319634703,0,1
2020,130,89,219,Ac,-a,11569.553,51.477,7700.5489,0.2351,B-,-2893.2268,76.3627,219.012420425,55.263,False,False,False,False,11569.553,7700.5489,  41  130   89  219 Ac   -a   11569.553      51.477      7700.5489     0.2351  B-  -2893.2268    76.3627  219 012420.425      55.263   ,1686.4202091,0.051486899999999995,0.1872146118721461,1,0
2020,129,90,219,Th,-a,14462.78,56.46,7683.7655,0.2578,B-,-4120.4434,89.701,219.015526432,60.611,False,False,False,False,14462.780,7683.7655,  39  129   90  219 Th   -a   14462.780      56.460      7683.7655     0.2578  B-  -4120.4434    89.7010  219 015526.432      60.611   ,1682.7446445000003,0.05645819999999999,0.1780821917808219,0,1
2020,128,91,219,Pa,-a,18583.223,69.705,7661.3783,0.3183,B-,-4712.7298,70.9693,219.019949909,74.831,False,False,False,False,18583.223,7661.3783,  37  128   91  219 Pa   -a   18583.223      69.705      7661.3783     0.3183  B-  -4712.7298    70.9693  219 019949.909      74.831   ,1677.8418477,0.0697077,0.1689497716894977,1,0
2020,127,92,219,U,-a,23295.953,13.338,7636.2867,0.0609,B-,-6140.9976,92.9309,219.025009233,14.319,False,False,False,False,23295.953,7636.2867,  35  127   92  219 U    -a   23295.953      13.338      7636.2867     0.0609  B-  -6140.9976    92.9309  219 025009.233      14.319   ,1672.3467873,0.013337100000000001,0.1598173515981735,0,1
2020,126,93,219,Np,-a,29436.951,91.969,7604.6732,0.4199,B-,,,219.031601865,98.732,False,False,False,False,29436.951,7604.6732,  33  126   93  219 Np   -a   29436.951      91.969      7604.6732     0.4199  B-      *                  219 031601.865      98.732   ,1665.4234308,0.0919581,0.1506849315068493,1,0
2020,136,84,220,Po,x,15263.462,17.698,7703.2244,0.0804,B-,887.7139,22.5491,220.016386,19.0,False,False,False,False,15263.462,7703.2244,  52  136   84  220 Po    x   15263.462      17.698      7703.2244     0.0804  B-    887.7139    22.5491  220 016386.000      19.000   ,1694.709368,0.017688,0.23636363636363636,1,1
2020,135,85,220,At,x,14375.748,13.972,7703.7033,0.0635,B-,3763.755,14.0896,220.015433,15.0,False,False,False,False,14375.748,7703.7033,  50  135   85  220 At    x   14375.748      13.972      7703.7033     0.0635  B-   3763.7550    14.0896  220 015433.000      15.000   ,1694.814726,0.01397,0.22727272727272727,0,0
2020,134,86,220,Rn,,10611.994,1.814,7717.2552,0.0082,B-,-870.3384,4.0256,220.011392443,1.947,False,False,False,False,10611.994,7717.2552,  48  134   86  220 Rn        10611.994       1.814      7717.2552     0.0082  B-   -870.3384     4.0256  220 011392.443       1.947   ,1697.796144,0.001804,0.21818181818181817,1,1
2020,133,87,220,Fr,-a,11482.332,4.028,7709.743,0.0183,B-,1210.2406,8.4809,220.012326789,4.324,False,False,False,False,11482.332,7709.7430,  46  133   87  220 Fr   -a   11482.332       4.028      7709.7430     0.0183  B-   1210.2406     8.4809  220 012326.789       4.324   ,1696.1434600000002,0.004026,0.20909090909090908,0,0
2020,132,88,220,Ra,-a,10272.091,7.595,7711.6879,0.0345,B-,-3471.664,9.6266,220.011027542,8.153,False,False,False,False,10272.091,7711.6879,  44  132   88  220 Ra   -a   10272.091       7.595      7711.6879     0.0345  B-  -3471.6640     9.6266  220 011027.542       8.153   ,1696.571338,0.00759,0.2,1,1
2020,131,89,220,Ac,-a,13743.755,6.129,7692.3515,0.0279,B-,-945.7825,14.9144,220.014754527,6.579,False,False,False,False,13743.755,7692.3515,  42  131   89  220 Ac   -a   13743.755       6.129      7692.3515     0.0279  B-   -945.7825    14.9144  220 014754.527       6.579   ,1692.3173299999999,0.006138,0.19090909090909092,0,0
2020,130,90,220,Th,-a,14689.538,13.687,7684.4964,0.0622,B-,-5588.8595,20.0508,220.015769866,14.693,False,False,False,False,14689.538,7684.4964,  40  130   90  220 Th   -a   14689.538      13.687      7684.4964     0.0622  B-  -5588.8595    20.0508  220 015769.866      14.693   ,1690.589208,0.013684,0.18181818181818182,1,1
2020,129,91,220,Pa,-a,20278.397,14.655,7655.5364,0.0666,B-,-2735.0,102.0,220.021769753,15.732,False,False,True,False,20278.397,7655.5364,  38  129   91  220 Pa   -a   20278.397      14.655      7655.5364     0.0666  B-  -2735#       102#      220 021769.753      15.732   ,1684.2180079999998,0.014652000000000002,0.17272727272727273,0,0
2020,127,93,220,Np,-a,30475.022,30.718,7602.0758,0.1396,B-,,,220.03271628,32.977,False,False,False,False,30475.022,7602.0758,  34  127   93  220 Np   -a   30475.022      30.718      7602.0758     0.1396  B-      *                  220 032716.280      32.977   ,1672.456676,0.030712,0.15454545454545454,0,0
2020,137,84,221,Po,x,19773.757,19.561,7684.4814,0.0885,B-,2991.0276,24.039,221.021228,21.0,False,False,False,False,19773.757,7684.4814,  53  137   84  221 Po    x   19773.757      19.561      7684.4814     0.0885  B-   2991.0276    24.0390  221 021228.000      21.000   ,1698.2703893999999,0.0195585,0.2398190045248869,0,1
2020,136,85,221,At,x,16782.729,13.972,7694.4754,0.0632,B-,2311.375,15.0957,221.018017,15.0,False,False,False,False,16782.729,7694.4754,  51  136   85  221 At    x   16782.729      13.972      7694.4754     0.0632  B-   2311.3750    15.0957  221 018017.000      15.000   ,1700.4790634,0.013967200000000003,0.23076923076923078,1,0
2020,135,86,221,Rn,+a,14471.354,5.714,7701.3941,0.0259,B-,1194.1032,7.2312,221.015535637,6.134,False,False,False,False,14471.354,7701.3941,  49  135   86  221 Rn   +a   14471.354       5.714      7701.3941     0.0259  B-   1194.1032     7.2312  221 015535.637       6.134   ,1702.0080961,0.0057239,0.22171945701357465,0,1
2020,134,87,221,Fr,,13277.251,4.886,7703.2572,0.0221,B-,313.3741,6.3858,221.014253714,5.245,False,False,False,False,13277.251,7703.2572,  47  134   87  221 Fr        13277.251       4.886      7703.2572     0.0221  B-    313.3741     6.3858  221 014253.714       5.245   ,1702.4198411999998,0.0048841,0.21266968325791855,1,0
2020,133,88,221,Ra,-a,12963.877,4.63,7701.1352,0.021,B-,-1567.1715,57.0591,221.013917293,4.97,False,False,False,False,12963.877,7701.1352,  45  133   88  221 Ra   -a   12963.877       4.630      7701.1352     0.0210  B-  -1567.1715    57.0591  221 013917.293       4.970   ,1701.9508792,0.004641,0.20361990950226244,0,1
2020,132,89,221,Ac,-a,14531.048,56.901,7690.5039,0.2575,B-,-2408.8773,57.4376,221.015599721,61.086,False,False,False,False,14531.048,7690.5039,  43  132   89  221 Ac   -a   14531.048      56.901      7690.5039     0.2575  B-  -2408.8773    57.4376  221 015599.721      61.086   ,1699.6013618999998,0.0569075,0.19457013574660634,1,0
2020,131,90,221,Th,-a,16939.926,7.994,7676.064,0.0362,B-,-3435.0112,59.9069,221.018185757,8.582,False,False,False,False,16939.926,7676.0640,  41  131   90  221 Th   -a   16939.926       7.994      7676.0640     0.0362  B-  -3435.0112    59.9069  221 018185.757       8.582   ,1696.4101440000002,0.0080002,0.18552036199095023,0,1
2020,130,91,221,Pa,-a,20374.937,59.38,7656.9809,0.2687,B-,-4145.059,93.4311,221.021873393,63.746,False,False,False,False,20374.937,7656.9809,  39  130   91  221 Pa   -a   20374.937      59.380      7656.9809     0.2687  B-  -4145.0590    93.4311  221 021873.393      63.746   ,1692.1927789,0.0593827,0.17647058823529413,1,0
2020,129,92,221,U,-a,24519.996,72.135,7634.6849,0.3264,B-,-5390.0,213.0,221.026323297,77.44,False,False,True,False,24519.996,7634.6849,  37  129   92  221 U    -a   24519.996      72.135      7634.6849     0.3264  B-  -5390#       213#      221 026323.297      77.440   ,1687.2653629000001,0.0721344,0.167420814479638,0,1
2020,138,84,222,Po,x,22486.268,40.054,7674.0054,0.1804,B-,1533.2393,43.0709,222.02414,43.0,False,False,False,False,22486.268,7674.0054,  54  138   84  222 Po    x   22486.268      40.054      7674.0054     0.1804  B-   1533.2393    43.0709  222 024140.000      43.000   ,1703.6291987999998,0.0400488,0.24324324324324326,1,1
2020,137,85,222,At,x,20953.028,15.835,7677.3878,0.0713,B-,4581.0714,15.9542,222.022494,17.0,False,False,False,False,20953.028,7677.3878,  52  137   85  222 At    x   20953.028      15.835      7677.3878     0.0713  B-   4581.0714    15.9542  222 022494.000      17.000   ,1704.3800916000002,0.015828599999999998,0.23423423423423423,0,0
2020,136,86,222,Rn,,16371.957,1.944,7694.4991,0.0088,B-,-6.1461,7.7013,222.017576017,2.086,False,False,False,False,16371.957,7694.4991,  50  136   86  222 Rn        16371.957       1.944      7694.4991     0.0088  B-     -6.1461     7.7013  222 017576.017       2.086   ,1708.1788001999998,0.0019536,0.22522522522522523,1,1
2020,135,87,222,Fr,x,16378.103,7.452,7690.9474,0.0336,B-,2057.898,8.6816,222.017582615,8.0,False,False,False,False,16378.103,7690.9474,  48  135   87  222 Fr    x   16378.103       7.452      7690.9474     0.0336  B-   2057.8980     8.6816  222 017582.615       8.000   ,1707.3903228,0.007459199999999999,0.21621621621621623,0,0
2020,134,88,222,Ra,,14320.205,4.454,7696.6931,0.0201,B-,-2301.5922,6.2737,222.015373371,4.781,False,False,False,False,14320.205,7696.6931,  46  134   88  222 Ra        14320.205       4.454      7696.6931     0.0201  B-  -2301.5922     6.2737  222 015373.371       4.781   ,1708.6658682000002,0.0044622,0.2072072072072072,1,1
2020,133,89,222,Ac,-a,16621.797,4.699,7682.8015,0.0212,B-,-581.2415,11.1289,222.017844232,5.044,False,False,False,False,16621.797,7682.8015,  44  133   89  222 Ac   -a   16621.797       4.699      7682.8015     0.0212  B-   -581.2415    11.1289  222 017844.232       5.044   ,1705.581933,0.0047064,0.1981981981981982,0,0
2020,132,90,222,Th,-a,17203.039,10.216,7676.6592,0.046,B-,-4861.322,87.1915,222.01846822,10.966,False,False,False,False,17203.039,7676.6592,  42  132   90  222 Th   -a   17203.039      10.216      7676.6592     0.0460  B-  -4861.3220    87.1915  222 018468.220      10.966   ,1704.2183424,0.010212,0.1891891891891892,1,1
2020,131,91,222,Pa,-a,22064.361,86.606,7651.2373,0.3901,B-,-2208.4729,101.0129,222.023687064,92.975,False,False,False,False,22064.361,7651.2373,  40  131   91  222 Pa   -a   22064.361      86.606      7651.2373     0.3901  B-  -2208.4729   101.0129  222 023687.064      92.975   ,1698.5746805999997,0.08660219999999999,0.18018018018018017,0,0
2020,130,92,222,U,-a,24272.834,51.994,7637.7651,0.2342,B-,-7001.8072,64.43,222.026057957,55.817,False,False,False,False,24272.834,7637.7651,  38  130   92  222 U    -a   24272.834      51.994      7637.7651     0.2342  B-  -7001.8072    64.4300  222 026057.957      55.817   ,1695.5838522,0.051992399999999994,0.17117117117117117,1,1
2020,129,93,222,Np,-a,31274.641,38.051,7602.7013,0.1714,B-,-3785.0,302.0,222.033574706,40.849,False,False,True,False,31274.641,7602.7013,  36  129   93  222 Np   -a   31274.641      38.051      7602.7013     0.1714  B-  -3785#       302#      222 033574.706      40.849   ,1687.7996886,0.0380508,0.16216216216216217,0,0
2020,138,85,223,At,x,23428.008,13.972,7668.0557,0.0627,B-,3038.2698,16.0129,223.025151,15.0,False,False,False,False,23428.008,7668.0557,  53  138   85  223 At    x   23428.008      13.972      7668.0557     0.0627  B-   3038.2698    16.0129  223 025151.000      15.000   ,1709.9764211,0.0139821,0.23766816143497757,1,0
2020,137,86,223,Rn,,20389.738,7.822,7678.172,0.0351,B-,2007.4091,8.0568,223.021889283,8.397,False,False,False,False,20389.738,7678.1720,  51  137   86  223 Rn        20389.738       7.822      7678.1720     0.0351  B-   2007.4091     8.0568  223 021889.283       8.397   ,1712.232356,0.0078273,0.22869955156950672,0,1
2020,136,87,223,Fr,,18382.329,1.931,7683.6655,0.0087,B-,1149.0844,0.8476,223.019734241,2.073,False,False,False,False,18382.329,7683.6655,  49  136   87  223 Fr        18382.329       1.931      7683.6655     0.0087  B-   1149.0844     0.8476  223 019734.241       2.073   ,1713.4574065,0.0019401,0.21973094170403587,1,0
2020,135,88,223,Ra,,17233.245,2.09,7685.3101,0.0094,B-,-591.8099,6.9657,223.018500648,2.243,False,False,False,False,17233.245,7685.3101,  47  135   88  223 Ra        17233.245       2.090      7685.3101     0.0094  B-   -591.8099     6.9657  223 018500.648       2.243   ,1713.8241523,0.0020962,0.21076233183856502,0,1
2020,134,89,223,Ac,-a,17825.055,6.947,7679.1479,0.0312,B-,-1560.3471,10.4712,223.019135982,7.457,False,False,False,False,17825.055,7679.1479,  45  134   89  223 Ac   -a   17825.055       6.947      7679.1479     0.0312  B-  -1560.3471    10.4712  223 019135.982       7.457   ,1712.4499816999999,0.0069575999999999995,0.20179372197309417,1,0
2020,133,90,223,Th,-a,19385.402,7.943,7668.6426,0.0356,B-,-2952.2124,76.0305,223.020811083,8.527,False,False,False,False,19385.402,7668.6426,  43  133   90  223 Th   -a   19385.402       7.943      7668.6426     0.0356  B-  -2952.2124    76.0305  223 020811.083       8.527   ,1710.1072998,0.0079388,0.19282511210762332,0,1
2020,132,91,223,Pa,-a,22337.614,75.632,7651.8957,0.3392,B-,-3707.6637,95.9225,223.023980414,81.193,False,False,False,False,22337.614,7651.8957,  41  132   91  223 Pa   -a   22337.614      75.632      7651.8957     0.3392  B-  -3707.6637    95.9225  223 023980.414      81.193   ,1706.3727411,0.0756416,0.18385650224215247,1,0
2020,131,92,223,U,-a,26045.278,59.054,7631.7611,0.2648,B-,-4613.3046,101.752,223.027960754,63.396,False,False,False,False,26045.278,7631.7611,  39  131   92  223 U    -a   26045.278      59.054      7631.7611     0.2648  B-  -4613.3046   101.7520  223 027960.754      63.396   ,1701.8827253,0.059050399999999996,0.17488789237668162,0,1
2020,130,93,223,Np,-a,30658.583,82.863,7607.5654,0.3716,B-,-5462.0,311.0,223.03291334,88.956,False,False,True,False,30658.583,7607.5654,  37  130   93  223 Np   -a   30658.583      82.863      7607.5654     0.3716  B-  -5462#       311#      223 032913.340      88.956   ,1696.4870842000003,0.0828668,0.16591928251121077,1,0
2020,139,85,224,At,x,27711.018,22.356,7650.7354,0.0998,B-,5265.9197,24.4153,224.029749,24.0,False,False,False,False,27711.018,7650.7354,  54  139   85  224 At    x   27711.018      22.356      7650.7354     0.0998  B-   5265.9197    24.4153  224 029749.000      24.000   ,1713.7647296,0.0223552,0.24107142857142858,0,0
2020,138,86,224,Rn,,22445.098,9.814,7670.7514,0.0438,B-,696.484,14.875,224.024095803,10.536,False,False,False,False,22445.098,7670.7514,  52  138   86  224 Rn        22445.098       9.814      7670.7514     0.0438  B-    696.4840    14.8750  224 024095.803      10.536   ,1718.2483136,0.009811199999999999,0.23214285714285715,1,1
2020,137,87,224,Fr,x,21748.614,11.178,7670.368,0.0499,B-,2922.7819,11.3237,224.023348096,12.0,False,False,False,False,21748.614,7670.3680,  50  137   87  224 Fr    x   21748.614      11.178      7670.3680     0.0499  B-   2922.7819    11.3237  224 023348.096      12.000   ,1718.162432,0.0111776,0.22321428571428573,0,0
2020,136,88,224,Ra,,18825.832,1.811,7679.9236,0.0081,B-,-1408.3152,4.0869,224.020210361,1.944,False,False,False,False,18825.832,7679.9236,  48  136   88  224 Ra        18825.832       1.811      7679.9236     0.0081  B-  -1408.3152     4.0869  224 020210.361       1.944   ,1720.3028864,0.0018144,0.21428571428571427,1,1
2020,135,89,224,Ac,-a,20234.148,4.089,7670.1438,0.0183,B-,238.5672,10.3428,224.021722249,4.389,False,False,False,False,20234.148,7670.1438,  46  135   89  224 Ac   -a   20234.148       4.089      7670.1438     0.0183  B-    238.5672    10.3428  224 021722.249       4.389   ,1718.1122112,0.0040992,0.20535714285714285,0,0
2020,134,90,224,Th,-a,19995.581,9.604,7667.7162,0.0429,B-,-3866.7705,12.1339,224.021466137,10.31,False,False,False,False,19995.581,7667.7162,  44  134   90  224 Th   -a   19995.581       9.604      7667.7162     0.0429  B-  -3866.7705    12.1339  224 021466.137      10.310   ,1717.5684287999998,0.009609600000000001,0.19642857142857142,1,1
2020,133,91,224,Pa,-a,23862.351,7.587,7646.9612,0.0339,B-,-1880.3393,16.9711,224.025617286,8.145,False,False,False,False,23862.351,7646.9612,  42  133   91  224 Pa   -a   23862.351       7.587      7646.9612     0.0339  B-  -1880.3393    16.9711  224 025617.286       8.145   ,1712.9193088,0.007593600000000001,0.1875,0,0
2020,132,92,224,U,-a,25742.69,15.261,7635.0742,0.0681,B-,-6289.5572,32.7036,224.027635913,16.383,False,False,False,False,25742.690,7635.0742,  40  132   92  224 U    -a   25742.690      15.261      7635.0742     0.0681  B-  -6289.5572    32.7036  224 027635.913      16.383   ,1710.2566207999998,0.015254399999999998,0.17857142857142858,1,1
2020,131,93,224,Np,,32032.248,28.925,7603.5032,0.1291,B-,-3248.0,301.0,224.03438803,31.052,False,False,True,False,32032.248,7603.5032,  38  131   93  224 Np        32032.248      28.925      7603.5032     0.1291  B-  -3248#       301#      224 034388.030      31.052   ,1703.1847168000002,0.028918399999999997,0.16964285714285715,0,0
2020,139,86,225,Rn,,26534.143,11.14,7654.3581,0.0495,B-,2713.5412,16.3492,225.028485572,11.958,False,False,False,False,26534.143,7654.3581,  53  139   86  225 Rn        26534.143      11.140      7654.3581     0.0495  B-   2713.5412    16.3492  225 028485.572      11.958   ,1722.2305725,0.011137500000000002,0.23555555555555555,0,1
2020,138,87,225,Fr,,23820.602,11.967,7662.9412,0.0532,B-,1827.5584,12.1574,225.025572466,12.847,False,False,False,False,23820.602,7662.9412,  51  138   87  225 Fr        23820.602      11.967      7662.9412     0.0532  B-   1827.5584    12.1574  225 025572.466      12.847   ,1724.16177,0.011969999999999998,0.22666666666666666,1,0
2020,137,88,225,Ra,,21993.044,2.596,7667.5866,0.0115,B-,355.7386,5.0067,225.023610502,2.786,False,False,False,False,21993.044,7667.5866,  49  137   88  225 Ra        21993.044       2.596      7667.5866     0.0115  B-    355.7386     5.0067  225 023610.502       2.786   ,1725.2069849999998,0.0025875,0.21777777777777776,0,1
2020,136,89,225,Ac,,21637.305,4.758,7665.6906,0.0211,B-,-672.8878,6.6576,225.023228601,5.107,False,False,False,False,21637.305,7665.6906,  47  136   89  225 Ac        21637.305       4.758      7665.6906     0.0211  B-   -672.8878     6.6576  225 023228.601       5.107   ,1724.780385,0.004747500000000001,0.2088888888888889,1,0
2020,135,90,225,Th,-a,22310.193,5.093,7659.2229,0.0226,B-,-2046.4473,82.0038,225.023950975,5.467,False,False,False,False,22310.193,7659.2229,  45  135   90  225 Th   -a   22310.193       5.093      7659.2229     0.0226  B-  -2046.4473    82.0038  225 023950.975       5.467   ,1723.3251524999998,0.005085,0.2,0,1
2020,134,91,225,Pa,-a,24356.64,81.867,7646.6504,0.3639,B-,-3015.361,82.4514,225.026147927,87.887,False,False,False,False,24356.640,7646.6504,  43  134   91  225 Pa   -a   24356.640      81.867      7646.6504     0.3639  B-  -3015.3610    82.4514  225 026147.927      87.887   ,1720.4963400000001,0.08187749999999999,0.19111111111111112,1,0
2020,133,92,225,U,-a,27372.001,9.934,7629.7717,0.0442,B-,-4246.0969,92.1491,225.02938505,10.664,False,False,False,False,27372.001,7629.7717,  41  133   92  225 U    -a   27372.001       9.934      7629.7717     0.0442  B-  -4246.0969    92.1491  225 029385.050      10.664   ,1716.6986325,0.009945,0.18222222222222223,0,1
2020,132,93,225,Np,-a,31618.098,91.618,7607.4231,0.4072,B-,-4682.0,314.0,225.033943422,98.355,False,False,True,False,31618.098,7607.4231,  39  132   93  225 Np   -a   31618.098      91.618      7607.4231     0.4072  B-  -4682#       314#      225 033943.422      98.355   ,1711.6701975,0.09162000000000001,0.17333333333333334,1,0
2020,140,86,226,Rn,,28747.194,10.477,7646.4108,0.0464,B-,1226.6542,12.1895,226.03086138,11.247,False,False,False,False,28747.194,7646.4108,  54  140   86  226 Rn        28747.194      10.477      7646.4108     0.0464  B-   1226.6542    12.1895  226 030861.380      11.247   ,1728.0888407999998,0.0104864,0.23893805309734514,1,1
2020,139,87,226,Fr,,27520.539,6.23,7648.3768,0.0276,B-,3852.9638,6.5215,226.029544512,6.688,False,False,False,False,27520.539,7648.3768,  52  139   87  226 Fr        27520.539       6.230      7648.3768     0.0276  B-   3852.9638     6.5215  226 029544.512       6.688   ,1728.5331568,0.006237599999999999,0.23008849557522124,0,0
2020,138,88,226,Ra,,23667.576,1.927,7661.9636,0.0085,B-,-641.6252,3.273,226.025408186,2.068,False,False,False,False,23667.576,7661.9636,  50  138   88  226 Ra        23667.576       1.927      7661.9636     0.0085  B-   -641.6252     3.2730  226 025408.186       2.068   ,1731.6037736,0.001921,0.22123893805309736,1,1
2020,137,89,226,Ac,,24309.201,3.1,7655.6628,0.0137,B-,1111.5517,4.5626,226.026096999,3.327,False,False,False,False,24309.201,7655.6628,  48  137   89  226 Ac        24309.201       3.100      7655.6628     0.0137  B-   1111.5517     4.5626  226 026096.999       3.327   ,1730.1797927999999,0.0030962,0.21238938053097345,0,0
2020,136,90,226,Th,,23197.649,4.481,7657.1195,0.0198,B-,-2835.9504,11.9702,226.024903699,4.81,False,False,False,False,23197.649,7657.1195,  46  136   90  226 Th        23197.649       4.481      7657.1195     0.0198  B-  -2835.9504    11.9702  226 024903.699       4.810   ,1730.5090069999999,0.0044748,0.20353982300884957,1,1
2020,135,91,226,Pa,-a,26033.6,11.213,7641.1093,0.0496,B-,-1295.1978,15.6747,226.027948217,12.037,False,False,False,False,26033.600,7641.1093,  44  135   91  226 Pa   -a   26033.600      11.213      7641.1093     0.0496  B-  -1295.1978    15.6747  226 027948.217      12.037   ,1726.8907018,0.0112096,0.19469026548672566,0,0
2020,134,92,226,U,-a,27328.797,11.071,7631.9166,0.049,B-,-5488.0792,102.6485,226.029338669,11.884,False,False,False,False,27328.797,7631.9166,  42  134   92  226 U    -a   27328.797      11.071      7631.9166     0.0490  B-  -5488.0792   102.6485  226 029338.669      11.884   ,1724.8131516,0.011074,0.18584070796460178,1,1
2020,133,93,226,Np,-a,32816.877,102.063,7604.1714,0.4516,B-,-2813.0,225.0,226.035230364,109.568,False,False,True,False,32816.877,7604.1714,  40  133   93  226 Np   -a   32816.877     102.063      7604.1714     0.4516  B-  -2813#       225#      226 035230.364     109.568   ,1718.5427364,0.1020616,0.17699115044247787,0,0
2020,141,86,227,Rn,,32885.835,14.091,7630.0508,0.0621,B-,3203.3894,15.2755,227.035304393,15.127,False,False,False,False,32885.835,7630.0508,  55  141   86  227 Rn        32885.835      14.091      7630.0508     0.0621  B-   3203.3894    15.2755  227 035304.393      15.127   ,1732.0215316000001,0.0140967,0.2422907488986784,0,1
2020,140,87,227,Fr,,29682.445,5.898,7640.7162,0.026,B-,2504.9813,6.2112,227.031865413,6.332,False,False,False,False,29682.445,7640.7162,  53  140   87  227 Fr        29682.445       5.898      7640.7162     0.0260  B-   2504.9813     6.2112  227 031865.413       6.332   ,1734.4425774000001,0.005902,0.23348017621145375,1,0
2020,139,88,227,Ra,-n,27177.464,1.946,7648.3048,0.0086,B-,1327.9489,2.2622,227.029176205,2.089,False,False,False,False,27177.464,7648.3048,  51  139   88  227 Ra   -n   27177.464       1.946      7648.3048     0.0086  B-   1327.9489     2.2622  227 029176.205       2.089   ,1736.1651895999998,0.0019521999999999999,0.22466960352422907,0,1
2020,138,89,227,Ac,,25849.515,1.926,7650.7084,0.0085,B-,44.7559,0.8297,227.027750594,2.068,False,False,False,False,25849.515,7650.7084,  49  138   89  227 Ac        25849.515       1.926      7650.7084     0.0085  B-     44.7559     0.8297  227 027750.594       2.068   ,1736.7108068000002,0.0019295000000000002,0.21585903083700442,1,0
2020,137,90,227,Th,,25804.759,2.088,7647.4591,0.0092,B-,-1025.6117,7.2815,227.027702546,2.241,False,False,False,False,25804.759,7647.4591,  47  137   90  227 Th        25804.759       2.088      7647.4591     0.0092  B-  -1025.6117     7.2815  227 027702.546       2.241   ,1735.9732157,0.0020884000000000002,0.20704845814977973,0,1
2020,136,91,227,Pa,-a,26830.371,7.263,7639.4945,0.032,B-,-2214.6629,11.1118,227.028803586,7.797,False,False,False,False,26830.371,7639.4945,  45  136   91  227 Pa   -a   26830.371       7.263      7639.4945     0.0320  B-  -2214.6629    11.1118  227 028803.586       7.797   ,1734.1652515,0.0072640000000000005,0.19823788546255505,1,0
2020,135,92,227,U,-a,29045.034,8.51,7626.2918,0.0375,B-,-3533.9848,77.4417,227.031181124,9.136,False,False,False,False,29045.034,7626.2918,  43  135   92  227 U    -a   29045.034       8.510      7626.2918     0.0375  B-  -3533.9848    77.4417  227 031181.124       9.136   ,1731.1682386,0.0085125,0.1894273127753304,0,1
2020,134,93,227,Np,-a,32579.018,76.989,7607.2771,0.3392,B-,-4191.0,126.0,227.034975012,82.651,False,False,True,False,32579.018,7607.2771,  41  134   93  227 Np   -a   32579.018      76.989      7607.2771     0.3392  B-  -4191#       126#      227 034975.012      82.651   ,1726.8519017,0.07699840000000001,0.18061674008810572,1,0
2020,142,86,228,Rn,,35243.466,17.677,7621.6457,0.0775,B-,1859.2451,18.9157,228.037835415,18.977,False,False,False,False,35243.466,7621.6457,  56  142   86  228 Rn        35243.466      17.677      7621.6457     0.0775  B-   1859.2451    18.9157  228 037835.415      18.977   ,1737.7352196,0.017669999999999998,0.24561403508771928,1,1
2020,141,87,228,Fr,,33384.221,6.732,7626.3689,0.0295,B-,4444.027,7.021,228.035839433,7.226,False,False,False,False,33384.221,7626.3689,  54  141   87  228 Fr        33384.221       6.732      7626.3689     0.0295  B-   4444.0270     7.0210  228 035839.433       7.226   ,1738.8121092000001,0.006726,0.23684210526315788,0,0
2020,140,88,228,Ra,+a,28940.194,1.995,7642.4289,0.0088,B-,45.5402,0.6344,228.031068574,2.141,False,False,False,False,28940.194,7642.4289,  52  140   88  228 Ra   +a   28940.194       1.995      7642.4289     0.0088  B-     45.5402     0.6344  228 031068.574       2.141   ,1742.4737892,0.0020064,0.22807017543859648,1,1
2020,139,89,228,Ac,-,28894.654,2.093,7639.1973,0.0092,B-,2123.7545,2.6446,228.031019685,2.247,False,False,False,False,28894.654,7639.1973,  50  139   89  228 Ac    -   28894.654       2.093      7639.1973     0.0092  B-   2123.7545     2.6446  228 031019.685       2.247   ,1741.7369844,0.0020976,0.21929824561403508,0,0
2020,138,90,228,Th,,26770.899,1.806,7645.0807,0.0079,B-,-2152.6993,4.3399,228.028739741,1.938,False,False,False,False,26770.899,7645.0807,  48  138   90  228 Th        26770.899       1.806      7645.0807     0.0079  B-  -2152.6993     4.3399  228 028739.741       1.938   ,1743.0783996,0.0018012000000000002,0.21052631578947367,1,1
2020,137,91,228,Pa,-a,28923.599,4.34,7632.2076,0.019,B-,-296.402,14.0858,228.031050758,4.659,False,False,False,False,28923.599,7632.2076,  46  137   91  228 Pa   -a   28923.599       4.340      7632.2076     0.0190  B-   -296.4020    14.0858  228 031050.758       4.659   ,1740.1433328,0.004332,0.20175438596491227,0,0
2020,136,92,228,U,-a,29220.001,13.474,7627.4763,0.0591,B-,-4605.0,101.0,228.031368959,14.465,False,False,True,False,29220.001,7627.4763,  44  136   92  228 U    -a   29220.001      13.474      7627.4763     0.0591  B-  -4605#       101#      228 031368.959      14.465   ,1739.0645964000003,0.0134748,0.19298245614035087,1,1
2020,134,94,228,Pu,-a,36107.809,23.352,7590.4039,0.1024,B-,-6742.0,202.0,228.038763325,25.069,False,False,True,False,36107.809,7590.4039,  40  134   94  228 Pu   -a   36107.809      23.352      7590.4039     0.1024  B-  -6742#       202#      228 038763.325      25.069   ,1730.6120892000001,0.023347200000000002,0.17543859649122806,1,1
2020,143,86,229,Rn,x,39362.4,13.041,7605.6227,0.0569,B-,3694.1465,13.967,229.042257272,14.0,False,False,False,False,39362.400,7605.6227,  57  143   86  229 Rn    x   39362.400      13.041      7605.6227     0.0569  B-   3694.1465    13.9670  229 042257.272      14.000   ,1741.6875983,0.0130301,0.24890829694323144,0,1
2020,142,87,229,Fr,,35668.253,5.001,7618.338,0.0218,B-,3106.2907,16.2305,229.038291443,5.368,False,False,False,False,35668.253,7618.3380,  55  142   87  229 Fr        35668.253       5.001      7618.3380     0.0218  B-   3106.2907    16.2305  229 038291.443       5.368   ,1744.599402,0.0049922000000000005,0.24017467248908297,1,0
2020,141,88,229,Ra,x,32561.963,15.441,7628.4862,0.0674,B-,1872.0266,19.6229,229.034956703,16.576,False,False,False,False,32561.963,7628.4862,  53  141   88  229 Ra    x   32561.963      15.441      7628.4862     0.0674  B-   1872.0266    19.6229  229 034956.703      16.576   ,1746.9233398,0.0154346,0.2314410480349345,0,1
2020,140,89,229,Ac,x,30689.936,12.109,7633.2446,0.0529,B-,1104.4191,12.3458,229.032947,13.0,False,False,False,False,30689.936,7633.2446,  51  140   89  229 Ac    x   30689.936      12.109      7633.2446     0.0529  B-   1104.4191    12.3458  229 032947.000      13.000   ,1748.0130134,0.012114100000000001,0.22270742358078602,1,0
2020,139,90,229,Th,,29585.517,2.404,7634.651,0.0105,B-,-311.331,3.7152,229.031761357,2.581,False,False,False,False,29585.517,7634.6510,  49  139   90  229 Th        29585.517       2.404      7634.6510     0.0105  B-   -311.3310     3.7152  229 031761.357       2.581   ,1748.335079,0.0024045,0.21397379912663755,0,1
2020,138,91,229,Pa,,29896.848,3.28,7629.8752,0.0143,B-,-1313.7716,6.6554,229.032095585,3.521,False,False,False,False,29896.848,7629.8752,  47  138   91  229 Pa        29896.848       3.280      7629.8752     0.0143  B-  -1313.7716     6.6554  229 032095.585       3.521   ,1747.2414208000002,0.0032747,0.2052401746724891,1,0
2020,137,92,229,U,-a,31210.62,5.938,7620.7218,0.0259,B-,-2590.7577,101.3342,229.033505976,6.374,False,False,False,False,31210.620,7620.7218,  45  137   92  229 U    -a   31210.620       5.938      7620.7218     0.0259  B-  -2590.7577   101.3342  229 033505.976       6.374   ,1745.1452922,0.0059311,0.1965065502183406,0,1
2020,136,93,229,Np,-a,33801.378,101.177,7605.9921,0.4418,B-,-3593.5462,117.9433,229.036287269,108.618,False,False,False,False,33801.378,7605.9921,  43  136   93  229 Np   -a   33801.378     101.177      7605.9921     0.4418  B-  -3593.5462   117.9433  229 036287.269     108.618   ,1741.7721909,0.1011722,0.18777292576419213,1,0
2020,135,94,229,Pu,-a,37394.924,60.633,7586.8834,0.2648,B-,-4785.4899,122.4147,229.040145099,65.092,False,False,False,False,37394.924,7586.8834,  41  135   94  229 Pu   -a   37394.924      60.633      7586.8834     0.2648  B-  -4785.4899   122.4147  229 040145.099      65.092   ,1737.3962986,0.0606392,0.17903930131004367,0,1
2020,134,95,229,Am,-a,42180.414,106.348,7562.5697,0.4644,B-,,,229.045282534,114.169,False,False,False,False,42180.414,7562.5697,  39  134   95  229 Am   -a   42180.414     106.348      7562.5697     0.4644  B-      *                  229 045282.534     114.169   ,1731.8284613,0.1063476,0.1703056768558952,1,0
2020,143,87,230,Fr,,39486.769,6.541,7603.7052,0.0284,B-,4970.4627,12.1984,230.042390787,7.022,False,False,False,False,39486.769,7603.7052,  56  143   87  230 Fr        39486.769       6.541      7603.7052     0.0284  B-   4970.4627    12.1984  230 042390.787       7.022   ,1748.852196,0.006532,0.24347826086956523,0,0
2020,142,88,230,Ra,x,34516.306,10.296,7621.9144,0.0448,B-,677.9196,18.8884,230.037054776,11.053,False,False,False,False,34516.306,7621.9144,  54  142   88  230 Ra    x   34516.306      10.296      7621.9144     0.0448  B-    677.9196    18.8884  230 037054.776      11.053   ,1753.0403119999999,0.010304,0.23478260869565218,1,1
2020,141,89,230,Ac,x,33838.386,15.835,7621.4604,0.0689,B-,2975.8745,15.8815,230.036327,17.0,False,False,False,False,33838.386,7621.4604,  52  141   89  230 Ac    x   33838.386      15.835      7621.4604     0.0689  B-   2975.8745    15.8815  230 036327.000      17.000   ,1752.935892,0.015847,0.22608695652173913,0,0
2020,140,90,230,Th,,30862.512,1.209,7630.9974,0.0053,B-,-1311.0313,2.8334,230.033132267,1.297,False,False,False,False,30862.512,7630.9974,  50  140   90  230 Th        30862.512       1.209      7630.9974     0.0053  B-  -1311.0313     2.8334  230 033132.267       1.297   ,1755.129402,0.001219,0.21739130434782608,1,1
2020,139,91,230,Pa,,32173.543,3.038,7621.8958,0.0132,B-,558.5262,4.5919,230.034539717,3.261,False,False,False,False,32173.543,7621.8958,  48  139   91  230 Pa        32173.543       3.038      7621.8958     0.0132  B-    558.5262     4.5919  230 034539.717       3.261   ,1753.036034,0.003036,0.20869565217391303,0,0
2020,138,92,230,U,-a,31615.017,4.509,7620.9227,0.0196,B-,-3621.5986,55.1683,230.033940114,4.841,False,False,False,False,31615.017,7620.9227,  46  138   92  230 U    -a   31615.017       4.509      7620.9227     0.0196  B-  -3621.5986    55.1683  230 033940.114       4.841   ,1752.812221,0.004508,0.2,1,1
2020,137,93,230,Np,-a,35236.615,55.007,7601.7751,0.2392,B-,-1695.5543,56.8505,230.03782806,59.051,False,False,False,False,35236.615,7601.7751,  44  137   93  230 Np   -a   35236.615      55.007      7601.7751     0.2392  B-  -1695.5543    56.8505  230 037828.060      59.051   ,1748.408273,0.055015999999999995,0.19130434782608696,0,0
2020,136,94,230,Pu,-a,36932.17,14.451,7591.0016,0.0628,B-,-5940.0,144.0,230.039648313,15.514,False,False,True,False,36932.170,7591.0016,  42  136   94  230 Pu   -a   36932.170      14.451      7591.0016     0.0628  B-  -5940#       144#      230 039648.313      15.514   ,1745.930368,0.014443999999999999,0.1826086956521739,1,1
2020,144,87,231,Fr,x,42080.575,7.731,7594.5009,0.0335,B-,3864.0868,13.7495,231.045175353,8.3,False,False,False,False,42080.575,7594.5009,  57  144   87  231 Fr    x   42080.575       7.731      7594.5009     0.0335  B-   3864.0868    13.7495  231 045175.353       8.300   ,1754.3297079000001,0.007738500000000001,0.24675324675324675,1,0
2020,143,88,231,Ra,,38216.488,11.37,7607.8418,0.0492,B-,2453.6351,17.3014,231.041027085,12.206,False,False,False,False,38216.488,7607.8418,  55  143   88  231 Ra        38216.488      11.370      7607.8418     0.0492  B-   2453.6351    17.3014  231 041027.085      12.206   ,1757.4114558,0.011365199999999999,0.23809523809523808,0,1
2020,142,89,231,Ac,x,35762.853,13.041,7615.0768,0.0565,B-,1947.0425,13.0976,231.038393,14.0,False,False,False,False,35762.853,7615.0768,  53  142   89  231 Ac    x   35762.853      13.041      7615.0768     0.0565  B-   1947.0425    13.0976  231 038393.000      14.000   ,1759.0827408,0.0130515,0.22943722943722944,1,0
2020,141,90,231,Th,,33815.811,1.217,7620.1188,0.0053,B-,391.4727,1.4598,231.036302764,1.306,False,False,False,False,33815.811,7620.1188,  51  141   90  231 Th        33815.811       1.217      7620.1188     0.0053  B-    391.4727     1.4598  231 036302.764       1.306   ,1760.2474428,0.0012243,0.22077922077922077,0,1
2020,140,91,231,Pa,,33424.338,1.771,7618.4267,0.0077,B-,-381.6138,2.0325,231.0358825,1.901,False,False,False,False,33424.338,7618.4267,  49  140   91  231 Pa        33424.338       1.771      7618.4267     0.0077  B-   -381.6138     2.0325  231 035882.500       1.901   ,1759.8565677,0.0017787,0.21212121212121213,1,0
2020,139,92,231,U,-a,33805.952,2.67,7613.3879,0.0116,B-,-1817.7347,51.1839,231.03629218,2.866,False,False,False,False,33805.952,7613.3879,  47  139   92  231 U    -a   33805.952       2.670      7613.3879     0.0116  B-  -1817.7347    51.1839  231 036292.180       2.866   ,1758.6926048999999,0.0026796,0.20346320346320346,0,1
2020,138,93,231,Np,-a,35623.686,51.154,7602.1321,0.2214,B-,-2684.8905,55.6931,231.038243598,54.916,False,False,False,False,35623.686,7602.1321,  45  138   93  231 Np   -a   35623.686      51.154      7602.1321     0.2214  B-  -2684.8905    55.6931  231 038243.598      54.916   ,1756.0925151,0.0511434,0.19480519480519481,1,0
2020,137,94,231,Pu,-a,38308.577,22.061,7587.1224,0.0955,B-,-4101.0,301.0,231.041125946,23.683,False,False,True,False,38308.577,7587.1224,  43  137   94  231 Pu   -a   38308.577      22.061      7587.1224     0.0955  B-  -4101#       301#      231 041125.946      23.683   ,1752.6252744,0.0220605,0.18614718614718614,0,1
2020,145,87,232,Fr,x,46072.834,13.972,7579.3481,0.0602,B-,5575.8791,16.7023,232.049461219,15.0,False,False,False,False,46072.834,7579.3481,0 58  145   87  232 Fr    x   46072.834      13.972      7579.3481     0.0602  B-   5575.8791    16.7023  232 049461.219      15.000   ,1758.4087592,0.013966399999999999,0.25,0,0
2020,144,88,232,Ra,,40496.955,9.151,7600.0099,0.0394,B-,1342.5322,15.9313,232.043475267,9.823,False,False,False,False,40496.955,7600.0099,  56  144   88  232 Ra        40496.955       9.151      7600.0099     0.0394  B-   1342.5322    15.9313  232 043475.267       9.823   ,1763.2022967999999,0.0091408,0.2413793103448276,1,1
2020,143,89,232,Ac,x,39154.423,13.041,7602.4245,0.0562,B-,3707.7131,13.1181,232.042034,14.0,False,False,False,False,39154.423,7602.4245,  54  143   89  232 Ac    x   39154.423      13.041      7602.4245     0.0562  B-   3707.7131    13.1181  232 042034.000      14.000   ,1763.7624839999999,0.013038399999999999,0.23275862068965517,0,0
2020,142,90,232,Th,,35446.71,1.421,7615.0338,0.0061,B-,-499.8388,7.7338,232.038053606,1.525,False,False,False,False,35446.710,7615.0338,  52  142   90  232 Th        35446.710       1.421      7615.0338     0.0061  B-   -499.8388     7.7338  232 038053.606       1.525   ,1766.6878416,0.0014152,0.22413793103448276,1,1
2020,141,91,232,Pa,+,35946.549,7.645,7609.5072,0.033,B-,1337.1034,7.4278,232.038590205,8.206,False,False,False,False,35946.549,7609.5072,  50  141   91  232 Pa    +   35946.549       7.645      7609.5072     0.0330  B-   1337.1034     7.4278  232 038590.205       8.206   ,1765.4056704,0.0076560000000000005,0.21551724137931033,0,0
2020,140,92,232,U,,34609.445,1.808,7611.8984,0.0078,B-,-2750.0,100.0,232.037154765,1.941,False,False,True,False,34609.445,7611.8984,  48  140   92  232 U         34609.445       1.808      7611.8984     0.0078  B-  -2750#       100#      232 037154.765       1.941   ,1765.9604288,0.0018096,0.20689655172413793,1,1
2020,138,94,232,Pu,-a,38360.915,16.885,7588.9839,0.0728,B-,-5059.0,300.0,232.041182133,18.126,False,False,True,False,38360.915,7588.9839,  44  138   94  232 Pu   -a   38360.915      16.885      7588.9839     0.0728  B-  -5059#       300#      232 041182.133      18.126   ,1760.6442648,0.0168896,0.1896551724137931,1,1
2020,146,87,233,Fr,x,48920.052,19.561,7569.2398,0.084,B-,4585.9906,21.3694,233.052517833,21.0,False,False,False,False,48920.052,7569.2398,0 59  146   87  233 Fr    x   48920.052      19.561      7569.2398     0.0840  B-   4585.9906    21.3694  233 052517.833      21.000   ,1763.6328734,0.019572000000000003,0.2532188841201717,1,0
2020,145,88,233,Ra,,44334.062,8.603,7585.5644,0.0369,B-,3026.0244,15.6228,233.04759457,9.235,False,False,False,False,44334.062,7585.5644,  57  145   88  233 Ra        44334.062       8.603      7585.5644     0.0369  B-   3026.0244    15.6228  233 047594.570       9.235   ,1767.4365052,0.0085977,0.2446351931330472,0,1
2020,144,89,233,Ac,x,41308.037,13.041,7595.1939,0.056,B-,2576.395,13.1184,233.044346,14.0,False,False,False,False,41308.037,7595.1939,  55  144   89  233 Ac    x   41308.037      13.041      7595.1939     0.0560  B-   2576.3950    13.1184  233 044346.000      14.000   ,1769.6801787,0.013048,0.23605150214592274,1,0
2020,143,90,233,Th,,38731.642,1.424,7602.8937,0.0061,B-,1242.232,1.1224,233.041580126,1.528,False,False,False,False,38731.642,7602.8937,  53  143   90  233 Th        38731.642       1.424      7602.8937     0.0061  B-   1242.2320     1.1224  233 041580.126       1.528   ,1771.4742320999999,0.0014213,0.22746781115879827,0,1
2020,142,91,233,Pa,,37489.41,1.336,7604.8675,0.0057,B-,570.2993,1.975,233.040246535,1.433,False,False,False,False,37489.410,7604.8675,  51  142   91  233 Pa        37489.410       1.336      7604.8675     0.0057  B-    570.2993     1.9750  233 040246.535       1.433   ,1771.9341275000002,0.0013281,0.21888412017167383,1,0
2020,141,92,233,U,,36919.111,2.254,7603.9574,0.0097,B-,-1029.4197,51.005,233.039634294,2.42,False,False,False,False,36919.111,7603.9574,  49  141   92  233 U         36919.111       2.254      7603.9574     0.0097  B-  -1029.4197    51.0050  233 039634.294       2.420   ,1771.7220742000002,0.0022601,0.21030042918454936,0,1
2020,140,93,233,Np,-a,37948.531,50.981,7596.1816,0.2188,B-,-2103.3047,74.3811,233.040739421,54.729,False,False,False,False,37948.531,7596.1816,  47  140   93  233 Np   -a   37948.531      50.981      7596.1816     0.2188  B-  -2103.3047    74.3811  233 040739.421      54.729   ,1769.9103128,0.050980399999999995,0.2017167381974249,1,0
2020,139,94,233,Pu,-a,40051.836,54.178,7583.7968,0.2325,B-,-3233.0,126.0,233.042997411,58.162,False,False,True,False,40051.836,7583.7968,  45  139   94  233 Pu   -a   40051.836      54.178      7583.7968     0.2325  B-  -3233#       126#      233 042997.411      58.162   ,1767.0246544000001,0.0541725,0.19313304721030042,0,1
2020,137,96,233,Cm,-a,47293.34,81.095,7546.002,0.348,B-,-5478.0,247.0,233.050771485,87.059,False,False,True,False,47293.340,7546.0020,  41  137   96  233 Cm   -a   47293.340      81.095      7546.0020     0.3480  B-  -5478#       247#      233 050771.485      87.059   ,1758.218466,0.08108399999999999,0.1759656652360515,0,1
2020,146,88,234,Ra,x,46930.629,8.383,7576.5439,0.0358,B-,2089.4348,16.2945,234.0503821,9.0,False,False,False,False,46930.629,7576.5439,0 58  146   88  234 Ra    x   46930.629       8.383      7576.5439     0.0358  B-   2089.4348    16.2945  234 050382.100       9.000   ,1772.9112726,0.0083772,0.24786324786324787,1,1
2020,145,89,234,Ac,x,44841.195,13.972,7582.1297,0.0597,B-,4228.2364,14.2103,234.048139,15.0,False,False,False,False,44841.195,7582.1297,  56  145   89  234 Ac    x   44841.195      13.972      7582.1297     0.0597  B-   4228.2364    14.2103  234 048139.000      15.000   ,1774.2183498000002,0.013969800000000001,0.23931623931623933,0,0
2020,144,90,234,Th,+a,40612.958,2.589,7596.8557,0.0111,B-,274.0882,3.1716,234.043599801,2.779,False,False,False,False,40612.958,7596.8557,  54  144   90  234 Th   +a   40612.958       2.589      7596.8557     0.0111  B-    274.0882     3.1716  234 043599.801       2.779   ,1777.6642338000001,0.0025974,0.23076923076923078,1,1
2020,143,91,234,Pa,IT,40338.87,4.094,7594.6837,0.0175,B-,2193.9105,3.9998,234.043305555,4.395,False,False,False,False,40338.870,7594.6837,  52  143   91  234 Pa   IT   40338.870       4.094      7594.6837     0.0175  B-   2193.9105     3.9998  234 043305.555       4.395   ,1777.1559857999998,0.0040950000000000005,0.2222222222222222,0,0
2020,142,92,234,U,,38144.959,1.129,7600.716,0.0048,B-,-1809.8462,8.3205,234.040950296,1.212,False,False,False,False,38144.959,7600.7160,  50  142   92  234 U         38144.959       1.129      7600.7160     0.0048  B-  -1809.8462     8.3205  234 040950.296       1.212   ,1778.567544,0.0011232,0.21367521367521367,1,1
2020,141,93,234,Np,-,39954.806,8.397,7589.6382,0.0359,B-,-395.1807,10.7522,234.042893245,9.014,False,False,False,False,39954.806,7589.6382,  48  141   93  234 Np    -   39954.806       8.397      7589.6382     0.0359  B-   -395.1807    10.7522  234 042893.245       9.014   ,1775.9753388,0.008400600000000001,0.20512820512820512,0,0
2020,140,94,234,Pu,-a,40349.986,6.798,7584.6061,0.0291,B-,-4112.0,160.0,234.043317489,7.298,False,False,True,False,40349.986,7584.6061,  46  140   94  234 Pu   -a   40349.986       6.798      7584.6061     0.0291  B-  -4112#       160#      234 043317.489       7.298   ,1774.7978274,0.0068094,0.19658119658119658,1,1
2020,138,96,234,Cm,-a,46722.411,17.078,7550.6868,0.073,B-,-6673.0,154.0,234.050158568,18.333,False,False,True,False,46722.411,7550.6868,  42  138   96  234 Cm   -a   46722.411      17.078      7550.6868     0.0730  B-  -6673#       154#      234 050158.568      18.333   ,1766.8607112,0.017081999999999996,0.1794871794871795,1,1
2020,146,89,235,Ac,x,47357.16,13.972,7573.5051,0.0595,B-,3339.4064,19.1127,235.05084,15.0,False,False,False,False,47357.160,7573.5051,  57  146   89  235 Ac    x   47357.160      13.972      7573.5051     0.0595  B-   3339.4064    19.1127  235 050840.000      15.000   ,1779.7736985000001,0.0139825,0.2425531914893617,1,0
2020,145,90,235,Th,x,44017.754,13.041,7584.3862,0.0555,B-,1728.8531,19.1127,235.047255,14.0,False,False,False,False,44017.754,7584.3862,  55  145   90  235 Th    x   44017.754      13.041      7584.3862     0.0555  B-   1728.8531    19.1127  235 047255.000      14.000   ,1782.330757,0.0130425,0.23404255319148937,0,1
2020,144,91,235,Pa,x,42288.901,13.972,7588.4139,0.0595,B-,1370.1184,14.0169,235.045399,15.0,False,False,False,False,42288.901,7588.4139,  53  144   91  235 Pa    x   42288.901      13.972      7588.4139     0.0595  B-   1370.1184    14.0169  235 045399.000      15.000   ,1783.2772665,0.0139825,0.225531914893617,1,0
2020,143,92,235,U,,40918.782,1.116,7590.9151,0.0048,B-,-124.2619,0.8524,235.043928117,1.198,False,False,False,False,40918.782,7590.9151,  51  143   92  235 U         40918.782       1.116      7590.9151     0.0048  B-   -124.2619     0.8524  235 043928.117       1.198   ,1783.8650485,0.0011279999999999999,0.2170212765957447,0,1
2020,142,93,235,Np,,41043.044,1.388,7587.0571,0.0059,B-,-1139.3021,20.4992,235.044061518,1.49,False,False,False,False,41043.044,7587.0571,  49  142   93  235 Np        41043.044       1.388      7587.0571     0.0059  B-  -1139.3021    20.4992  235 044061.518       1.490   ,1782.9584184999999,0.0013865000000000001,0.20851063829787234,1,0
2020,141,94,235,Pu,-a,42182.346,20.521,7578.8799,0.0873,B-,-2442.2558,56.5932,235.045284609,22.03,False,False,False,False,42182.346,7578.8799,  47  141   94  235 Pu   -a   42182.346      20.521      7578.8799     0.0873  B-  -2442.2558    56.5932  235 045284.609      22.030   ,1781.0367764999999,0.0205155,0.2,0,1
2020,140,95,235,Am,-a,44624.602,52.78,7565.1582,0.2246,B-,-3389.0,115.0,235.047906478,56.661,False,False,True,False,44624.602,7565.1582,  45  140   95  235 Am   -a   44624.602      52.780      7565.1582     0.2246  B-  -3389#       115#      235 047906.478      56.661   ,1777.812177,0.052781,0.19148936170212766,1,0
2020,147,89,236,Ac,x,51220.998,38.191,7559.2423,0.1618,B-,4965.7951,40.6669,236.054988,41.0,False,False,False,False,51220.998,7559.2423,0 58  147   89  236 Ac    x   51220.998      38.191      7559.2423     0.1618  B-   4965.7951    40.6669  236 054988.000      41.000   ,1783.9811828000002,0.038184800000000005,0.2457627118644068,0,0
2020,146,90,236,Th,x,46255.203,13.972,7576.9688,0.0592,B-,921.2477,19.76,236.049657,15.0,False,False,False,False,46255.203,7576.9688,  56  146   90  236 Th    x   46255.203      13.972      7576.9688     0.0592  B-    921.2477    19.7600  236 049657.000      15.000   ,1788.1646368,0.013971200000000001,0.23728813559322035,1,1
2020,145,91,236,Pa,x,45333.955,13.972,7577.5573,0.0592,B-,2889.373,14.0166,236.048668,15.0,False,False,False,False,45333.955,7577.5573,  54  145   91  236 Pa    x   45333.955      13.972      7577.5573     0.0592  B-   2889.3730    14.0166  236 048668.000      15.000   ,1788.3035228,0.013971200000000001,0.2288135593220339,0,0
2020,144,92,236,U,,42444.582,1.112,7586.4854,0.0047,B-,-933.5116,50.4152,236.04556613,1.193,False,False,False,False,42444.582,7586.4854,  52  144   92  236 U         42444.582       1.112      7586.4854     0.0047  B-   -933.5116    50.4152  236 045566.130       1.193   ,1790.4105543999997,0.0011091999999999999,0.22033898305084745,1,1
2020,143,93,236,Np,IT,43378.094,50.421,7579.2148,0.2136,B-,476.5854,50.3887,236.046568296,54.129,False,False,False,False,43378.094,7579.2148,  50  143   93  236 Np   IT   43378.094      50.421      7579.2148     0.2136  B-    476.5854    50.3887  236 046568.296      54.129   ,1788.6946927999998,0.050409600000000006,0.211864406779661,0,0
2020,142,94,236,Pu,,42901.508,1.81,7577.9192,0.0077,B-,-3139.0,119.0,236.046056661,1.942,False,False,True,False,42901.508,7577.9192,  48  142   94  236 Pu        42901.508       1.810      7577.9192     0.0077  B-  -3139#       119#      236 046056.661       1.942   ,1788.3889312,0.0018172000000000002,0.2033898305084746,1,1
2020,140,96,236,Cm,-a,47852.82,17.635,7550.309,0.0747,B-,-5689.0,361.0,236.051372112,18.931,False,False,True,False,47852.820,7550.3090,  44  140   96  236 Cm   -a   47852.820      17.635      7550.3090     0.0747  B-  -5689#       361#      236 051372.112      18.931   ,1781.872924,0.0176292,0.1864406779661017,1,1
2020,147,90,237,Th,x,49955.097,15.835,7563.4433,0.0668,B-,2427.4736,20.514,237.053629,17.0,False,False,False,False,49955.097,7563.4433,  57  147   90  237 Th    x   49955.097      15.835      7563.4433     0.0668  B-   2427.4736    20.5140  237 053629.000      17.000   ,1792.5360621,0.0158316,0.24050632911392406,0,1
2020,146,91,237,Pa,x,47527.624,13.041,7570.3847,0.055,B-,2137.4905,13.0962,237.051023,14.0,False,False,False,False,47527.624,7570.3847,  55  146   91  237 Pa    x   47527.624      13.041      7570.3847     0.0550  B-   2137.4905    13.0962  237 051023.000      14.000   ,1794.1811738999997,0.013035,0.2320675105485232,1,0
2020,145,92,237,U,,45390.133,1.202,7576.1026,0.0051,B-,518.5338,0.52,237.048728309,1.29,False,False,False,False,45390.133,7576.1026,  53  145   92  237 U         45390.133       1.202      7576.1026     0.0051  B-    518.5338     0.5200  237 048728.309       1.290   ,1795.5363162,0.0012087,0.22362869198312235,0,1
2020,144,93,237,Np,,44871.599,1.12,7574.9895,0.0047,B-,-220.063,1.2944,237.04817164,1.201,False,False,False,False,44871.599,7574.9895,  51  144   93  237 Np        44871.599       1.120      7574.9895     0.0047  B-   -220.0630     1.2944  237 048171.640       1.201   ,1795.2725115,0.0011139000000000001,0.21518987341772153,1,0
2020,143,94,237,Pu,,45091.662,1.697,7570.7599,0.0072,B-,-1478.0,59.0,237.048407888,1.821,False,False,True,False,45091.662,7570.7599,  49  143   94  237 Pu        45091.662       1.697      7570.7599     0.0072  B-  -1478#        59#      237 048407.888       1.821   ,1794.2700963000002,0.0017063999999999998,0.20675105485232068,0,1
2020,141,96,237,Cm,-a,49247.151,74.399,7546.6241,0.3139,B-,-3963.0,242.0,237.052868988,79.87,False,False,True,False,49247.151,7546.6241,  45  141   96  237 Cm   -a   49247.151      74.399      7546.6241     0.3139  B-  -3963#       242#      237 052868.988      79.870   ,1788.5499117000002,0.0743943,0.189873417721519,0,1
2020,139,98,237,Cf,-a,57938.255,97.347,7503.3507,0.4107,B-,,,237.062199272,104.506,False,False,False,False,57938.255,7503.3507,  41  139   98  237 Cf   -a   57938.255      97.347      7503.3507     0.4107  B-      *                  237 062199.272     104.506   ,1778.2941159000002,0.09733589999999999,0.1729957805907173,0,1
2020,147,91,238,Pa,x,50894.043,15.835,7558.3449,0.0665,B-,3586.3111,15.9056,238.054637,17.0,False,False,False,False,50894.043,7558.3449,  56  147   91  238 Pa    x   50894.043      15.835      7558.3449     0.0665  B-   3586.3111    15.9056  238 054637.000      17.000   ,1798.8860862,0.015827,0.23529411764705882,0,0
2020,146,92,238,U,,47307.732,1.492,7570.1262,0.0063,B-,-146.8652,1.2006,238.050786936,1.601,False,False,False,False,47307.732,7570.1262,  54  146   92  238 U         47307.732       1.492      7570.1262     0.0063  B-   -146.8652     1.2006  238 050786.936       1.601   ,1801.6900355999999,0.0014994000000000001,0.226890756302521,1,1
2020,145,93,238,Np,-n,47454.597,1.137,7566.222,0.0048,B-,1291.4491,0.4573,238.050944603,1.22,False,False,False,False,47454.597,7566.2220,  52  145   93  238 Np   -n   47454.597       1.137      7566.2220     0.0048  B-   1291.4491     0.4573  238 050944.603       1.220   ,1800.760836,0.0011423999999999998,0.2184873949579832,0,0
2020,144,94,238,Pu,,46163.148,1.138,7568.3611,0.0048,B-,-2258.2731,58.9005,238.049558175,1.221,False,False,False,False,46163.148,7568.3611,  50  144   94  238 Pu        46163.148       1.138      7568.3611     0.0048  B-  -2258.2731    58.9005  238 049558.175       1.221   ,1801.2699418,0.0011423999999999998,0.21008403361344538,1,1
2020,143,95,238,Am,-a,48421.421,58.911,7555.5853,0.2475,B-,-1023.7818,60.1587,238.051982531,63.243,False,False,False,False,48421.421,7555.5853,  48  143   95  238 Am   -a   48421.421      58.911      7555.5853     0.2475  B-  -1023.7818    60.1587  238 051982.531      63.243   ,1798.2293014,0.058905,0.20168067226890757,0,0
2020,142,96,238,Cm,-a,49445.203,12.234,7547.9966,0.0514,B-,-4771.0,256.0,238.053081606,13.133,False,False,True,False,49445.203,7547.9966,  46  142   96  238 Cm   -a   49445.203      12.234      7547.9966     0.0514  B-  -4771#       256#      238 053081.606      13.133   ,1796.4231908,0.0122332,0.19327731092436976,1,1
2020,147,92,239,U,-n,50572.668,1.502,7558.5624,0.0063,B-,1261.6634,1.4935,239.054291989,1.612,False,False,False,False,50572.668,7558.5624,  55  147   92  239 U    -n   50572.668       1.502      7558.5624     0.0063  B-   1261.6634     1.4935  239 054291.989       1.612   ,1806.4964135999999,0.0015057,0.2301255230125523,0,1
2020,146,93,239,Np,,49311.005,1.31,7560.568,0.0055,B-,722.7849,0.9304,239.052937538,1.406,False,False,False,False,49311.005,7560.5680,  53  146   93  239 Np        49311.005       1.310      7560.5680     0.0055  B-    722.7849     0.9304  239 052937.538       1.406   ,1806.975752,0.0013145,0.2217573221757322,1,0
2020,145,94,239,Pu,,48588.22,1.112,7560.3187,0.0047,B-,-802.1402,1.6635,239.052161596,1.194,False,False,False,False,48588.220,7560.3187,  51  145   94  239 Pu        48588.220       1.112      7560.3187     0.0047  B-   -802.1402     1.6635  239 052161.596       1.194   ,1806.9161692999999,0.0011233,0.21338912133891214,0,1
2020,144,95,239,Am,-a,49390.36,1.982,7553.6891,0.0083,B-,-1756.6021,150.074,239.053022729,2.127,False,False,False,False,49390.360,7553.6891,  49  144   95  239 Am   -a   49390.360       1.982      7553.6891     0.0083  B-  -1756.6021   150.0740  239 053022.729       2.127   ,1805.3316949,0.0019837,0.20502092050209206,1,0
2020,143,96,239,Cm,-a,51146.962,150.07,7543.0659,0.6279,B-,-3103.0,256.0,239.054908519,161.107,False,False,True,False,51146.962,7543.0659,  47  143   96  239 Cm   -a   51146.962     150.070      7543.0659     0.6279  B-  -3103#       256#      239 054908.519     161.107   ,1802.7927501,0.1500681,0.19665271966527198,0,1
2020,148,92,240,U,,52715.497,2.553,7551.7705,0.0106,B-,399.2685,17.083,240.056592411,2.74,False,False,False,False,52715.497,7551.7705,  56  148   92  240 U         52715.497       2.553      7551.7705     0.0106  B-    399.2685    17.0830  240 056592.411       2.740   ,1812.42492,0.0025440000000000003,0.23333333333333334,1,1
2020,147,93,240,Np,,52316.229,17.032,7550.1743,0.071,B-,2190.9095,17.0151,240.056163778,18.284,False,False,False,False,52316.229,7550.1743,  54  147   93  240 Np        52316.229      17.032      7550.1743     0.0710  B-   2190.9095    17.0151  240 056163.778      18.284   ,1812.0418319999999,0.01704,0.225,0,0
2020,146,94,240,Pu,,50125.319,1.105,7556.0433,0.0046,B-,-1384.7902,13.7882,240.05381174,1.186,False,False,False,False,50125.319,7556.0433,  52  146   94  240 Pu        50125.319       1.105      7556.0433     0.0046  B-  -1384.7902    13.7882  240 053811.740       1.186   ,1813.450392,0.0011040000000000002,0.21666666666666667,1,1
2020,145,95,240,Am,+n,51510.11,13.832,7547.0136,0.0576,B-,-214.1127,13.8967,240.055298374,14.849,False,False,False,False,51510.110,7547.0136,  50  145   95  240 Am   +n   51510.110      13.832      7547.0136     0.0576  B-   -214.1127    13.8967  240 055298.374      14.849   ,1811.283264,0.013824,0.20833333333333334,0,0
2020,144,96,240,Cm,,51724.222,1.905,7542.8617,0.0079,B-,-3940.0,150.0,240.055528233,2.045,False,False,True,False,51724.222,7542.8617,  48  144   96  240 Cm        51724.222       1.905      7542.8617     0.0079  B-  -3940#       150#      240 055528.233       2.045   ,1810.2868080000003,0.0018960000000000001,0.2,1,1
2020,142,98,240,Cf,-a,57988.719,18.034,7510.24,0.0751,B-,-6237.0,366.0,240.062253447,19.36,False,False,True,False,57988.719,7510.2400,  44  142   98  240 Cf   -a   57988.719      18.034      7510.2400     0.0751  B-  -6237#       366#      240 062253.447      19.360   ,1802.4576,0.018024000000000002,0.18333333333333332,1,1
2020,148,93,241,Np,+,54315.115,100.006,7544.0426,0.415,B-,1360.0,100.0,241.058309671,107.36,False,False,False,False,54315.115,7544.0426,  55  148   93  241 Np    +   54315.115     100.006      7544.0426     0.4150  B-   1360.0000   100.0000  241 058309.671     107.360   ,1818.1142666,0.100015,0.22821576763485477,1,0
2020,147,94,241,Pu,,52955.115,1.105,7546.4395,0.0046,B-,20.7799,0.1658,241.056849651,1.186,False,False,False,False,52955.115,7546.4395,  53  147   94  241 Pu        52955.115       1.105      7546.4395     0.0046  B-     20.7799     0.1658  241 056849.651       1.186   ,1818.6919195,0.0011086,0.21991701244813278,0,1
2020,146,95,241,Am,,52934.335,1.113,7543.2795,0.0046,B-,-767.4346,1.1685,241.056827343,1.195,False,False,False,False,52934.335,7543.2795,  51  146   95  241 Am        52934.335       1.113      7543.2795     0.0046  B-   -767.4346     1.1685  241 056827.343       1.195   ,1817.9303595000001,0.0011086,0.21161825726141079,1,0
2020,145,96,241,Cm,,53701.77,1.607,7536.8488,0.0067,B-,-2279.0,165.0,241.057651218,1.725,False,False,True,False,53701.770,7536.8488,  49  145   96  241 Cm        53701.770       1.607      7536.8488     0.0067  B-  -2279#       165#      241 057651.218       1.725   ,1816.3805607999998,0.0016147,0.2033195020746888,0,1
2020,149,93,242,Np,+,57416.876,200.004,7533.4042,0.8265,B-,2700.0,200.0,242.061639548,214.712,False,False,False,False,57416.876,7533.4042,  56  149   93  242 Np    +   57416.876     200.004      7533.4042     0.8265  B-   2700.0000   200.0000  242 061639.548     214.712   ,1823.0838164,0.200013,0.23140495867768596,0,0
2020,148,94,242,Pu,,54716.876,1.245,7541.3284,0.0052,B-,-751.1373,0.708,242.058740979,1.336,False,False,False,False,54716.876,7541.3284,  54  148   94  242 Pu        54716.876       1.245      7541.3284     0.0052  B-   -751.1373     0.7080  242 058740.979       1.336   ,1825.0014728,0.0012584,0.2231404958677686,1,1
2020,147,95,242,Am,-n,55468.014,1.118,7534.9917,0.0046,B-,664.3145,0.4143,242.059547358,1.199,False,False,False,False,55468.014,7534.9917,  52  147   95  242 Am   -n   55468.014       1.118      7534.9917     0.0046  B-    664.3145     0.4143  242 059547.358       1.199   ,1823.4679913999998,0.0011132,0.21487603305785125,0,0
2020,146,96,242,Cm,,54803.699,1.141,7534.504,0.0047,B-,-2948.0,135.0,242.058834187,1.224,False,False,True,False,54803.699,7534.5040,  50  146   96  242 Cm        54803.699       1.141      7534.5040     0.0047  B-  -2948#       135#      242 058834.187       1.224   ,1823.349968,0.0011374,0.2066115702479339,1,1
2020,144,98,242,Cf,-a,59386.982,12.892,7509.0991,0.0533,B-,-5414.0,257.0,242.063754544,13.84,False,False,True,False,59386.982,7509.0991,  46  144   98  242 Cf   -a   59386.982      12.892      7509.0991     0.0533  B-  -5414#       257#      242 063754.544      13.840   ,1817.2019822000002,0.0128986,0.19008264462809918,1,1
2020,149,94,243,Pu,,57754.561,2.542,7531.0087,0.0105,B-,579.5559,2.6216,243.062002068,2.728,False,False,False,False,57754.561,7531.0087,  55  149   94  243 Pu        57754.561       2.542      7531.0087     0.0105  B-    579.5559     2.6216  243 062002.068       2.728   ,1830.0351141,0.0025515000000000004,0.22633744855967078,0,1
2020,148,95,243,Am,,57175.005,1.388,7530.1742,0.0057,B-,-6.9302,1.5692,243.061379889,1.49,False,False,False,False,57175.005,7530.1742,  53  148   95  243 Am        57175.005       1.388      7530.1742     0.0057  B-     -6.9302     1.5692  243 061379.889       1.490   ,1829.8323306,0.0013851,0.21810699588477367,1,0
2020,147,96,243,Cm,-a,57181.936,1.496,7526.9261,0.0062,B-,-1507.6936,4.5065,243.061387329,1.605,False,False,False,False,57181.936,7526.9261,  51  147   96  243 Cm   -a   57181.936       1.496      7526.9261     0.0062  B-  -1507.6936     4.5065  243 061387.329       1.605   ,1829.0430422999998,0.0015065999999999999,0.20987654320987653,0,1
2020,146,97,243,Bk,-a,58689.629,4.524,7517.5021,0.0186,B-,-2300.0,181.0,243.063005905,4.856,False,False,True,False,58689.629,7517.5021,  49  146   97  243 Bk   -a   58689.629       4.524      7517.5021     0.0186  B-  -2300#       181#      243 063005.905       4.856   ,1826.7530103,0.0045198,0.20164609053497942,1,0
2020,150,94,244,Pu,,59806.021,2.346,7524.8154,0.0096,B-,-73.1143,2.6856,244.064204401,2.518,False,False,False,False,59806.021,7524.8154,  56  150   94  244 Pu        59806.021       2.346      7524.8154     0.0096  B-    -73.1143     2.6856  244 064204.401       2.518   ,1836.0549576,0.0023423999999999997,0.22950819672131148,1,1
2020,149,95,244,Am,+,59879.135,1.491,7521.3095,0.0061,B-,1427.3,1.0,244.064282892,1.6,False,False,False,False,59879.135,7521.3095,  54  149   95  244 Am    +   59879.135       1.491      7521.3095     0.0061  B-   1427.3000     1.0000  244 064282.892       1.600   ,1835.1995180000001,0.0014884000000000002,0.22131147540983606,0,0
2020,148,96,244,Cm,-a,58451.835,1.106,7523.9527,0.0045,B-,-2261.9902,14.3567,244.062750622,1.187,False,False,False,False,58451.835,7523.9527,  52  148   96  244 Cm   -a   58451.835       1.106      7523.9527     0.0045  B-  -2261.9902    14.3567  244 062750.622       1.187   ,1835.8444588,0.0010979999999999998,0.21311475409836064,1,1
2020,147,97,244,Bk,-a,60713.825,14.399,7511.4759,0.059,B-,-764.2709,14.5724,244.065178969,15.457,False,False,False,False,60713.825,7511.4759,  50  147   97  244 Bk   -a   60713.825      14.399      7511.4759     0.0590  B-   -764.2709    14.5724  244 065178.969      15.457   ,1832.8001196,0.014395999999999999,0.20491803278688525,0,0
2020,146,98,244,Cf,,61478.096,2.617,7505.1373,0.0107,B-,-4547.0,181.0,244.065999447,2.809,False,False,True,False,61478.096,7505.1373,  48  146   98  244 Cf        61478.096       2.617      7505.1373     0.0107  B-  -4547#       181#      244 065999.447       2.809   ,1831.2535012,0.0026108,0.19672131147540983,1,1
2020,151,94,245,Pu,-n,63178.173,13.62,7513.2822,0.0556,B-,1277.7559,13.7334,245.067824554,14.621,False,False,False,False,63178.173,7513.2822,  57  151   94  245 Pu   -n   63178.173      13.620      7513.2822     0.0556  B-   1277.7559    13.7334  245 067824.554      14.621   ,1840.754139,0.013622,0.23265306122448978,0,1
2020,150,95,245,Am,+a,61900.417,1.886,7515.3043,0.0077,B-,895.8929,1.5491,245.066452827,2.024,False,False,False,False,61900.417,7515.3043,  55  150   95  245 Am   +a   61900.417       1.886      7515.3043     0.0077  B-    895.8929     1.5491  245 066452.827       2.024   ,1841.2495534999998,0.0018865000000000002,0.22448979591836735,1,0
2020,149,96,245,Cm,,61004.524,1.149,7515.7677,0.0047,B-,-809.2519,1.4964,245.065491047,1.233,False,False,False,False,61004.524,7515.7677,  53  149   96  245 Cm        61004.524       1.149      7515.7677     0.0047  B-   -809.2519     1.4964  245 065491.047       1.233   ,1841.3630865,0.0011515,0.2163265306122449,0,1
2020,148,97,245,Bk,-a,61813.776,1.792,7509.2714,0.0073,B-,-1571.3755,2.5861,245.066359814,1.923,False,False,False,False,61813.776,7509.2714,  51  148   97  245 Bk   -a   61813.776       1.792      7509.2714     0.0073  B-  -1571.3755     2.5861  245 066359.814       1.923   ,1839.771493,0.0017885,0.20816326530612245,1,0
2020,147,98,245,Cf,,63385.151,2.428,7499.6644,0.0099,B-,-2930.0,165.0,245.068046755,2.606,False,False,True,False,63385.151,7499.6644,  49  147   98  245 Cf        63385.151       2.428      7499.6644     0.0099  B-  -2930#       165#      245 068046.755       2.606   ,1837.417778,0.0024255,0.2,0,1
2020,152,94,246,Pu,,65394.772,14.985,7506.5401,0.0609,B-,401.0,14.0,246.070204172,16.087,False,False,True,False,65394.772,7506.5401,0 58  152   94  246 Pu        65394.772      14.985      7506.5401     0.0609  B-    401#        14#      246 070204.172      16.087   ,1846.6088646,0.0149814,0.23577235772357724,1,1
2020,150,96,246,Cm,,62616.912,1.525,7511.4716,0.0062,B-,-1350.0,60.0,246.067222016,1.637,False,False,False,False,62616.912,7511.4716,  54  150   96  246 Cm        62616.912       1.525      7511.4716     0.0062  B-  -1350.0000    60.0000  246 067222.016       1.637   ,1847.8220136,0.0015252,0.21951219512195122,1,1
2020,149,97,246,Bk,-,63966.912,60.019,7502.8035,0.244,B-,-123.3159,60.0198,246.0686713,64.433,False,False,False,False,63966.912,7502.8035,  52  149   97  246 Bk    -   63966.912      60.019      7502.8035     0.2440  B-   -123.3159    60.0198  246 068671.300      64.433   ,1845.6896610000001,0.060024,0.21138211382113822,0,0
2020,148,98,246,Cf,,64090.228,1.514,7499.122,0.0062,B-,-3728.5741,89.9373,246.068803685,1.625,False,False,False,False,64090.228,7499.1220,  50  148   98  246 Cf        64090.228       1.514      7499.1220     0.0062  B-  -3728.5741    89.9373  246 068803.685       1.625   ,1844.784012,0.0015252,0.2032520325203252,1,1
2020,147,99,246,Es,,67818.802,89.925,7480.7849,0.3655,B-,-2372.3848,90.9577,246.072806474,96.538,False,False,False,False,67818.802,7480.7849,  48  147   99  246 Es        67818.802      89.925      7480.7849     0.3655  B-  -2372.3848    90.9577  246 072806.474      96.538   ,1840.2730854,0.08991299999999999,0.1951219512195122,0,0
2020,146,100,246,Fm,-a,70191.187,13.67,7467.9608,0.0556,B-,-5924.0,260.0,246.075353334,14.675,False,False,True,False,70191.187,7467.9608,  46  146  100  246 Fm   -a   70191.187      13.670      7467.9608     0.0556  B-  -5924#       260#      246 075353.334      14.675   ,1837.1183568,0.0136776,0.18699186991869918,1,1
2020,151,96,247,Cm,,65533.105,3.797,7501.9318,0.0154,B-,43.5841,6.3245,247.070352678,4.076,False,False,False,False,65533.105,7501.9318,  55  151   96  247 Cm        65533.105       3.797      7501.9318     0.0154  B-     43.5841     6.3245  247 070352.678       4.076   ,1852.9771546,0.0038038000000000004,0.22267206477732793,0,1
2020,150,97,247,Bk,-a,65489.521,5.189,7498.9408,0.021,B-,-619.8711,15.2376,247.070305889,5.57,False,False,False,False,65489.521,7498.9408,  53  150   97  247 Bk   -a   65489.521       5.189      7498.9408     0.0210  B-   -619.8711    15.2376  247 070305.889       5.570   ,1852.2383776,0.005187000000000001,0.2145748987854251,1,0
2020,149,98,247,Cf,+a,66109.392,14.327,7493.2638,0.058,B-,-2469.0006,24.1495,247.070971348,15.38,False,False,False,False,66109.392,7493.2638,  51  149   98  247 Cf   +a   66109.392      14.327      7493.2638     0.0580  B-  -2469.0006    24.1495  247 070971.348      15.380   ,1850.8361585999999,0.014326,0.20647773279352227,0,1
2020,148,99,247,Es,+a,68578.393,19.441,7480.1005,0.0787,B-,-3094.0,182.0,247.073621929,20.87,False,False,True,False,68578.393,7480.1005,  49  148   99  247 Es   +a   68578.393      19.441      7480.1005     0.0787  B-  -3094#       182#      247 073621.929      20.870   ,1847.5848234999999,0.019438900000000002,0.19838056680161945,1,0
2020,152,96,248,Cm,,67392.748,2.358,7496.7291,0.0095,B-,-738.3049,50.0026,248.072349086,2.531,False,False,False,False,67392.748,7496.7291,  56  152   96  248 Cm        67392.748       2.358      7496.7291     0.0095  B-   -738.3049    50.0026  248 072349.086       2.531   ,1859.1888167999998,0.002356,0.22580645161290322,1,1
2020,151,97,248,Bk,+a,68131.053,50.058,7490.5975,0.2018,B-,893.1015,50.3143,248.073141689,53.739,False,False,False,False,68131.053,7490.5975,  54  151   97  248 Bk   +a   68131.053      50.058      7490.5975     0.2018  B-    893.1015    50.3143  248 073141.689      53.739   ,1857.66818,0.0500464,0.21774193548387097,0,0
2020,150,98,248,Cf,-a,67237.951,5.121,7491.044,0.0207,B-,-3061.0,53.0,248.072182905,5.497,False,False,True,False,67237.951,7491.0440,  52  150   98  248 Cf   -a   67237.951       5.121      7491.0440     0.0207  B-  -3061#        53#      248 072182.905       5.497   ,1857.778912,0.0051335999999999994,0.20967741935483872,1,1
2020,148,100,248,Fm,,71897.793,8.497,7465.9451,0.0343,B-,-5050.0,184.0,248.077185451,9.122,False,False,True,False,71897.793,7465.9451,  48  148  100  248 Fm        71897.793       8.497      7465.9451     0.0343  B-  -5050#       184#      248 077185.451       9.122   ,1851.5543848,0.008506399999999999,0.1935483870967742,1,1
2020,153,96,249,Cm,-n,70750.696,2.371,7485.551,0.0095,B-,904.363,2.5934,249.075953992,2.545,False,False,False,False,70750.696,7485.5510,  57  153   96  249 Cm   -n   70750.696       2.371      7485.5510     0.0095  B-    904.3630     2.5934  249 075953.992       2.545   ,1863.902199,0.0023655,0.2289156626506024,0,1
2020,152,97,249,Bk,+,69846.333,1.248,7486.041,0.005,B-,123.6,0.4,249.074983118,1.339,False,False,False,False,69846.333,7486.0410,  55  152   97  249 Bk    +   69846.333       1.248      7486.0410     0.0050  B-    123.6000     0.4000  249 074983.118       1.339   ,1864.024209,0.001245,0.22088353413654618,1,0
2020,151,98,249,Cf,,69722.733,1.182,7483.3954,0.0048,B-,-1452.0,30.0,249.074850428,1.269,False,False,True,False,69722.733,7483.3954,  53  151   98  249 Cf        69722.733       1.182      7483.3954     0.0048  B-  -1452#        30#      249 074850.428       1.269   ,1863.3654546,0.0011951999999999998,0.21285140562248997,0,1
2020,149,100,249,Fm,,73519.143,6.212,7461.8649,0.0249,B-,-3661.8091,164.5418,249.078926042,6.668,False,False,False,False,73519.143,7461.8649,  49  149  100  249 Fm        73519.143       6.212      7461.8649     0.0249  B-  -3661.8091   164.5418  249 078926.042       6.668   ,1858.0043601,0.0062001,0.19678714859437751,0,1
2020,148,101,249,Md,,77180.952,164.425,7444.0169,0.6603,B-,-4606.0,324.0,249.082857155,176.516,False,False,True,False,77180.952,7444.0169,  47  148  101  249 Md        77180.952     164.425      7444.0169     0.6603  B-  -4606#       324#      249 082857.155     176.516   ,1853.5602081,0.1644147,0.18875502008032127,1,0
2020,154,96,250,Cm,-nn,72989.588,10.274,7478.9385,0.0411,B-,37.582,10.6414,250.078357541,11.029,False,False,False,False,72989.588,7478.9385,0 58  154   96  250 Cm  -nn   72989.588      10.274      7478.9385     0.0411  B-     37.5820    10.6414  250 078357.541      11.029   ,1869.734625,0.010275,0.232,1,1
2020,153,97,250,Bk,+a,72952.006,2.898,7475.9594,0.0116,B-,1781.6696,2.4561,250.078317195,3.11,False,False,False,False,72952.006,7475.9594,  56  153   97  250 Bk   +a   72952.006       2.898      7475.9594     0.0116  B-   1781.6696     2.4561  250 078317.195       3.110   ,1868.98985,0.0029,0.224,0,0
2020,152,98,250,Cf,-a,71170.336,1.538,7479.9567,0.0062,B-,-2055.0,100.0,250.076404494,1.65,False,False,True,False,71170.336,7479.9567,  54  152   98  250 Cf   -a   71170.336       1.538      7479.9567     0.0062  B-  -2055#       100#      250 076404.494       1.650   ,1869.9891750000002,0.00155,0.216,1,1
2020,150,100,250,Fm,,74072.193,7.888,7462.0905,0.0316,B-,-4326.9476,91.2615,250.079519765,8.468,False,False,False,False,74072.193,7462.0905,  50  150  100  250 Fm        74072.193       7.888      7462.0905     0.0316  B-  -4326.9476    91.2615  250 079519.765       8.468   ,1865.522625,0.0079,0.2,1,1
2020,149,101,250,Md,,78399.14,90.92,7441.6533,0.3637,B-,-3167.0,220.0,250.084164934,97.606,False,False,True,False,78399.140,7441.6533,  48  149  101  250 Md        78399.140      90.920      7441.6533     0.3637  B-  -3167#       220#      250 084164.934      97.606   ,1860.413325,0.090925,0.192,0,0
2020,155,96,251,Cm,+,76647.981,22.698,7466.7233,0.0904,B-,1420.0,20.0,251.082284988,24.367,False,False,False,False,76647.981,7466.7233,0 59  155   96  251 Cm    +   76647.981      22.698      7466.7233     0.0904  B-   1420.0000    20.0000  251 082284.988      24.367   ,1874.1475483,0.022690399999999996,0.2350597609561753,0,1
2020,154,97,251,Bk,+,75227.981,10.734,7469.2637,0.0428,B-,1093.0,10.0,251.080760555,11.523,False,False,False,False,75227.981,7469.2637,  57  154   97  251 Bk    +   75227.981      10.734      7469.2637     0.0428  B-   1093.0000    10.0000  251 080760.555      11.523   ,1874.7851887000002,0.010742799999999999,0.22709163346613545,1,0
2020,153,98,251,Cf,-a,74134.981,3.901,7470.5014,0.0155,B-,-376.566,6.4677,251.079587171,4.187,False,False,False,False,74134.981,7470.5014,  55  153   98  251 Cf   -a   74134.981       3.901      7470.5014     0.0155  B-   -376.5660     6.4677  251 079587.171       4.187   ,1875.0958514000001,0.0038905,0.21912350597609562,0,1
2020,152,99,251,Es,-a,74511.547,5.288,7465.8842,0.0211,B-,-1447.261,15.2387,251.079991431,5.676,False,False,False,False,74511.547,7465.8842,  53  152   99  251 Es   -a   74511.547       5.288      7465.8842     0.0211  B-  -1447.2610    15.2387  251 079991.431       5.676   ,1873.9369342,0.0052961,0.21115537848605578,1,0
2020,151,100,251,Fm,,75958.808,14.292,7457.0013,0.0569,B-,-3007.9406,23.7108,251.08154513,15.342,False,False,False,False,75958.808,7457.0013,  51  151  100  251 Fm        75958.808      14.292      7457.0013     0.0569  B-  -3007.9406    23.7108  251 081545.130      15.342   ,1871.7073263,0.0142819,0.20318725099601595,0,1
2020,150,101,251,Md,+a,78966.749,18.919,7441.9005,0.0754,B-,-3882.0,182.0,251.084774287,20.31,False,False,True,False,78966.749,7441.9005,  49  150  101  251 Md   +a   78966.749      18.919      7441.9005     0.0754  B-  -3882#       182#      251 084774.287      20.310   ,1867.9170255,0.0189254,0.1952191235059761,1,0
2020,154,98,252,Cf,-a,76034.61,2.358,7465.3474,0.0094,B-,-1260.0,50.0,252.081626507,2.531,False,False,False,False,76034.610,7465.3474,  56  154   98  252 Cf   -a   76034.610       2.358      7465.3474     0.0094  B-  -1260.0000    50.0000  252 081626.507       2.531   ,1881.2675447999998,0.0023688000000000003,0.2222222222222222,1,1
2020,153,99,252,Es,-,77294.61,50.056,7457.2428,0.1986,B-,477.9998,50.322,252.082979173,53.736,False,False,False,False,77294.610,7457.2428,  54  153   99  252 Es    -   77294.610      50.056      7457.2428     0.1986  B-    477.9998    50.3220  252 082979.173      53.736   ,1879.2251856,0.0500472,0.21428571428571427,0,0
2020,152,100,252,Fm,-a,76816.611,5.221,7456.0351,0.0207,B-,-3650.5075,91.4356,252.082466019,5.604,False,False,False,False,76816.611,7456.0351,  52  152  100  252 Fm   -a   76816.611       5.221      7456.0351     0.0207  B-  -3650.5075    91.4356  252 082466.019       5.604   ,1878.9208452,0.0052164,0.20634920634920634,1,1
2020,151,101,252,Md,x,80467.118,91.286,7438.4444,0.3622,B-,-2404.2523,91.7581,252.086385,98.0,False,False,False,False,80467.118,7438.4444,  50  151  101  252 Md    x   80467.118      91.286      7438.4444     0.3622  B-  -2404.2523    91.7581  252 086385.000      98.000   ,1874.4879888000003,0.0912744,0.1984126984126984,0,0
2020,150,102,252,No,,82871.37,9.292,7425.7992,0.0369,B-,-5666.0,185.0,252.08896607,9.975,False,False,True,False,82871.370,7425.7992,  48  150  102  252 No        82871.370       9.292      7425.7992     0.0369  B-  -5666#       185#      252 088966.070       9.975   ,1871.3013984000002,0.0092988,0.19047619047619047,1,1
2020,155,98,253,Cf,-a,79301.562,4.257,7454.8297,0.0168,B-,291.0753,4.385,253.085133723,4.57,False,False,False,False,79301.562,7454.8297,  57  155   98  253 Cf   -a   79301.562       4.257      7454.8297     0.0168  B-    291.0753     4.3850  253 085133.723       4.570   ,1886.0719141000002,0.0042504,0.22529644268774704,0,1
2020,154,99,253,Es,-a,79010.486,1.249,7452.8879,0.0049,B-,-335.0623,1.0782,253.084821241,1.341,False,False,False,False,79010.486,7452.8879,  55  154   99  253 Es   -a   79010.486       1.249      7452.8879     0.0049  B-   -335.0623     1.0782  253 084821.241       1.341   ,1885.5806387,0.0012397,0.21739130434782608,1,0
2020,153,100,253,Fm,-a,79345.549,1.549,7448.4712,0.0061,B-,-1827.0,31.0,253.085180945,1.662,False,False,True,False,79345.549,7448.4712,  53  153  100  253 Fm   -a   79345.549       1.549      7448.4712     0.0061  B-  -1827#        31#      253 085180.945       1.662   ,1884.4632135999998,0.0015433,0.20948616600790515,0,1
2020,151,102,253,No,,84358.696,6.912,7422.4719,0.0273,B-,-4164.7752,164.6791,253.09056278,7.42,False,False,False,False,84358.696,7422.4719,  49  151  102  253 No        84358.696       6.912      7422.4719     0.0273  B-  -4164.7752   164.6791  253 090562.780       7.420   ,1877.8853906999998,0.0069069000000000005,0.19367588932806323,0,1
2020,150,103,253,Lr,,88523.471,164.534,7402.918,0.6503,B-,-5118.0,442.0,253.09503385,176.634,False,False,True,False,88523.471,7402.9180,  47  150  103  253 Lr        88523.471     164.534      7402.9180     0.6503  B-  -5118#       442#      253 095033.850     176.634   ,1872.938254,0.1645259,0.1857707509881423,1,0
2020,156,98,254,Cf,-a,81341.395,11.462,7449.2259,0.0451,B-,-652.7561,11.8014,254.087323575,12.304,False,False,False,False,81341.395,7449.2259,  58  156   98  254 Cf   -a   81341.395      11.462      7449.2259     0.0451  B-   -652.7561    11.8014  254 087323.575      12.304   ,1892.1033786000003,0.011455400000000001,0.2283464566929134,1,1
2020,155,99,254,Es,-a,81994.151,2.936,7443.5759,0.0116,B-,1091.63,2.2858,254.088024337,3.152,False,False,False,False,81994.151,7443.5759,  56  155   99  254 Es   -a   81994.151       2.936      7443.5759     0.0116  B-   1091.6300     2.2858  254 088024.337       3.152   ,1890.6682786,0.0029463999999999996,0.2204724409448819,0,0
2020,154,100,254,Fm,-a,80902.521,1.843,7444.7936,0.0073,B-,-2550.0,100.0,254.086852424,1.978,False,False,True,False,80902.521,7444.7936,  54  154  100  254 Fm   -a   80902.521       1.843      7444.7936     0.0073  B-  -2550#       100#      254 086852.424       1.978   ,1890.9775744,0.0018542,0.2125984251968504,1,1
2020,152,102,254,No,,84723.312,9.658,7423.5909,0.038,B-,-4922.5753,91.8208,254.090954211,10.367,False,False,False,False,84723.312,7423.5909,  50  152  102  254 No        84723.312       9.658      7423.5909     0.0380  B-  -4922.5753    91.8208  254 090954.211      10.367   ,1885.5920886000001,0.009651999999999999,0.1968503937007874,1,1
2020,151,103,254,Lr,-a,89645.887,91.312,7401.1306,0.3595,B-,-3555.0,298.0,254.096238813,98.026,False,False,True,False,89645.887,7401.1306,  48  151  103  254 Lr   -a   89645.887      91.312      7401.1306     0.3595  B-  -3555#       298#      254 096238.813      98.026   ,1879.8871724,0.091313,0.1889763779527559,0,0
2020,156,99,255,Es,-a,84089.237,10.817,7437.8216,0.0424,B-,288.7717,10.1024,255.090273504,11.612,False,False,False,False,84089.237,7437.8216,  57  156   99  255 Es   -a   84089.237      10.817      7437.8216     0.0424  B-    288.7717    10.1024  255 090273.504      11.612   ,1896.644508,0.010811999999999999,0.2235294117647059,1,0
2020,155,100,255,Fm,-a,83800.465,3.934,7435.886,0.0154,B-,-1041.6037,6.7172,255.089963495,4.223,False,False,False,False,83800.465,7435.8860,  55  155  100  255 Fm   -a   83800.465       3.934      7435.8860     0.0154  B-  -1041.6037     6.7172  255 089963.495       4.223   ,1896.1509300000002,0.003927,0.21568627450980393,0,1
2020,154,101,255,Md,-a,84842.069,5.567,7428.7333,0.0218,B-,-1969.8648,15.1096,255.091081702,5.976,False,False,False,False,84842.069,7428.7333,  53  154  101  255 Md   -a   84842.069       5.567      7428.7333     0.0218  B-  -1969.8648    15.1096  255 091081.702       5.976   ,1894.3269915,0.005559000000000001,0.20784313725490197,1,0
2020,153,102,255,No,,86811.934,14.047,7417.9403,0.0551,B-,-3135.3716,22.5952,255.093196439,15.079,False,False,False,False,86811.934,7417.9403,  51  153  102  255 No        86811.934      14.047      7417.9403     0.0551  B-  -3135.3716    22.5952  255 093196.439      15.079   ,1891.5747765,0.0140505,0.2,0,1
2020,152,103,255,Lr,x,89947.305,17.698,7402.5767,0.0694,B-,-4382.0,182.0,255.096562399,19.0,False,False,True,False,89947.305,7402.5767,  49  152  103  255 Lr    x   89947.305      17.698      7402.5767     0.0694  B-  -4382#       182#      255 096562.399      19.000   ,1887.6570584999997,0.017696999999999997,0.19215686274509805,1,0
2020,156,100,256,Fm,-a,85484.796,3.02,7431.7888,0.0118,B-,-1971.0,124.0,256.091771699,3.241,False,False,True,False,85484.796,7431.7888,  56  156  100  256 Fm   -a   85484.796       3.020      7431.7888     0.0118  B-  -1971#       124#      256 091771.699       3.241   ,1902.5379328000001,0.0030208,0.21875,1,1
2020,154,102,256,No,-a,87823.046,7.548,7416.5429,0.0295,B-,-3923.5573,83.2459,256.094281912,8.103,False,False,False,False,87823.046,7416.5429,  52  154  102  256 No   -a   87823.046       7.548      7416.5429     0.0295  B-  -3923.5573    83.2459  256 094281.912       8.103   ,1898.6349824000001,0.007552,0.203125,1,1
2020,153,103,256,Lr,x,91746.603,82.903,7398.1605,0.3238,B-,-2475.3893,84.8025,256.098494024,89.0,False,False,False,False,91746.603,7398.1605,  50  153  103  256 Lr    x   91746.603      82.903      7398.1605     0.3238  B-  -2475.3893    84.8025  256 098494.024      89.000   ,1893.929088,0.08289279999999999,0.1953125,0,0
2020,152,104,256,Rf,-a,94221.992,17.848,7385.4349,0.0697,B-,-6076.0,188.0,256.101151464,19.16,False,False,True,False,94221.992,7385.4349,  48  152  104  256 Rf   -a   94221.992      17.848      7385.4349     0.0697  B-  -6076#       188#      256 101151.464      19.160   ,1890.6713344,0.0178432,0.1875,1,1
2020,157,100,257,Fm,-a,88590.137,4.35,7422.1942,0.0169,B-,-402.3347,4.5748,257.095105419,4.669,False,False,False,False,88590.137,7422.1942,  57  157  100  257 Fm   -a   88590.137       4.350      7422.1942     0.0169  B-   -402.3347     4.5748  257 095105.419       4.669   ,1907.5039094,0.0043433,0.22178988326848248,0,1
2020,156,101,257,Md,-a,88992.472,1.569,7417.5845,0.0061,B-,-1254.5923,6.1695,257.095537343,1.683,False,False,False,False,88992.472,7417.5845,  55  156  101  257 Md   -a   88992.472       1.569      7417.5845     0.0061  B-  -1254.5923     6.1695  257 095537.343       1.683   ,1906.3192165,0.0015677,0.2140077821011673,1,0
2020,155,102,257,No,-a,90247.064,6.197,7409.6587,0.0241,B-,-2418.0,45.0,257.096884203,6.652,False,False,True,False,90247.064,7409.6587,  53  155  102  257 No   -a   90247.064       6.197      7409.6587     0.0241  B-  -2418#        45#      257 096884.203       6.652   ,1904.2822859,0.0061937,0.20622568093385213,0,1
2020,153,104,257,Rf,-a,95866.389,10.817,7381.7053,0.0421,B-,-4287.8969,164.9888,257.102916796,11.612,False,False,False,False,95866.389,7381.7053,  49  153  104  257 Rf   -a   95866.389      10.817      7381.7053     0.0421  B-  -4287.8969   164.9888  257 102916.796      11.612   ,1897.0982620999998,0.0108197,0.19066147859922178,0,1
2020,152,105,257,Db,,100154.285,164.634,7361.9767,0.6406,B-,,,257.107520042,176.741,False,False,False,False,100154.285,7361.9767,  47  152  105  257 Db       100154.285     164.634      7361.9767     0.6406  B-      *                  257 107520.042     176.741   ,1892.0280119000001,0.16463419999999998,0.1828793774319066,1,0
2020,157,101,258,Md,-a,91690.35,3.474,7409.6615,0.0135,B-,213.0,100.0,258.098433634,3.729,False,False,True,False,91690.350,7409.6615,  56  157  101  258 Md   -a   91690.350       3.474      7409.6615     0.0135  B-    213#       100#      258 098433.634       3.729   ,1911.692667,0.003483,0.21705426356589147,0,0
2020,154,104,258,Rf,-a,96344.338,16.104,7382.5257,0.0624,B-,-5163.3651,93.2584,258.103429895,17.288,False,False,False,False,96344.338,7382.5257,  50  154  104  258 Rf   -a   96344.338      16.104      7382.5257     0.0624  B-  -5163.3651    93.2584  258 103429.895      17.288   ,1904.6916306,0.0160992,0.1937984496124031,1,1
2020,153,105,258,Db,-a,101507.703,91.857,7359.4803,0.356,B-,-3788.0,423.0,258.108972995,98.613,False,False,True,False,101507.703,7359.4803,  48  153  105  258 Db   -a  101507.703      91.857      7359.4803     0.3560  B-  -3788#       423#      258 108972.995      98.613   ,1898.7459174,0.091848,0.18604651162790697,0,0
2020,157,102,259,No,-a,94079.381,6.362,7399.9714,0.0246,B-,-1771.0,71.0,259.100998364,6.829,False,False,True,False,94079.381,7399.9714,  55  157  102  259 No   -a   94079.381       6.362      7399.9714     0.0246  B-  -1771#        71#      259 100998.364       6.829   ,1916.5925926,0.0063714,0.21235521235521235,0,1
2020,154,105,259,Db,-a,101991.021,56.685,7360.3626,0.2189,B-,-4528.0,190.0,259.109491859,60.854,False,False,True,False,101991.021,7360.3626,  49  154  105  259 Db   -a  101991.021      56.685      7360.3626     0.2189  B-  -4528#       190#      259 109491.859      60.854   ,1906.3339134000003,0.056695100000000005,0.1891891891891892,1,0
2020,154,106,260,Sg,-a,106547.495,20.536,7342.5632,0.079,B-,-6576.0,197.0,260.114383435,22.045,False,False,True,False,106547.495,7342.5632,  48  154  106  260 Sg   -a  106547.495      20.536      7342.5632     0.0790  B-  -6576#       197#      260 114383.435      22.045   ,1909.0664319999998,0.02054,0.18461538461538463,1,1
2020,157,104,261,Rf,-a,101318.233,65.663,7371.3858,0.2516,B-,-2990.0,128.0,261.108769591,70.492,False,False,True,False,101318.233,7371.3858,  53  157  104  261 Rf   -a  101318.233      65.663      7371.3858     0.2516  B-  -2990#       128#      261 108769.591      70.492   ,1923.9316938,0.06566759999999999,0.20306513409961685,0,1
2020,155,106,261,Sg,-a,108005.004,18.494,7339.771,0.0709,B-,-5074.4052,180.7519,261.115948135,19.853,False,False,False,False,108005.004,7339.7710,  49  155  106  261 Sg   -a  108005.004      18.494      7339.7710     0.0709  B-  -5074.4052   180.7519  261 115948.135      19.853   ,1915.6802309999998,0.0185049,0.18773946360153257,0,1
2020,154,107,261,Bh,-a,113079.41,179.803,7317.3313,0.6889,B-,,,261.121395733,193.026,False,False,False,False,113079.410,7317.3313,  47  154  107  261 Bh   -a  113079.410     179.803      7317.3313     0.6889  B-      *                  261 121395.733     193.026   ,1909.8234693,0.1798029,0.18007662835249041,1,0
2020,156,106,262,Sg,-a,108369.072,22.167,7341.1736,0.0846,B-,-5883.0463,95.6774,262.116338978,23.797,False,False,False,False,108369.072,7341.1736,  50  156  106  262 Sg   -a  108369.072      22.167      7341.1736     0.0846  B-  -5883.0463    95.6774  262 116338.978      23.797   ,1923.3874832000001,0.0221652,0.19083969465648856,1,1
2020,155,107,262,Bh,-a,114252.119,93.074,7315.7331,0.3552,B-,,,262.122654688,99.919,False,False,False,False,114252.119,7315.7331,  48  155  107  262 Bh   -a  114252.119      93.074      7315.7331     0.3552  B-      *                  262 122654.688      99.919   ,1916.7220722,0.09306240000000002,0.183206106870229,0,0
2020,156,108,264,Hs,-a,119563.165,28.881,7298.3762,0.1094,B-,,,264.12835633,31.005,False,False,False,False,119563.165,7298.3762,  48  156  108  264 Hs   -a  119563.165      28.881      7298.3762     0.1094  B-      *                  264 128356.330      31.005   ,1926.7713168,0.0288816,0.18181818181818182,1,1
2020,157,108,265,Hs,-a,120900.245,23.958,7296.2474,0.0904,B-,-5724.0,439.0,265.129791744,25.719,False,False,True,False,120900.245,7296.2474,  49  157  108  265 Hs   -a  120900.245      23.958      7296.2474     0.0904  B-  -5724#       439#      265 129791.744      25.719   ,1933.505561,0.023955999999999998,0.18490566037735848,0,1
2020,158,108,266,Hs,-a,121139.675,27.106,7298.2611,0.1019,B-,-6533.0066,100.2087,266.130048783,29.099,False,False,False,False,121139.675,7298.2611,  50  158  108  266 Hs   -a  121139.675      27.106      7298.2611     0.1019  B-  -6533.0066   100.2087  266 130048.783      29.099   ,1941.3374526,0.027105399999999998,0.18796992481203006,1,1
2020,157,109,266,Mt,-a,127672.681,96.473,7270.7598,0.3627,B-,,,266.137062253,103.568,False,False,False,False,127672.681,7270.7598,  48  157  109  266 Mt   -a  127672.681      96.473      7270.7598     0.3627  B-      *                  266 137062.253     103.568   ,1934.0221067999998,0.0964782,0.18045112781954886,0,0
2020,159,110,269,Ds,-a,134834.671,31.403,7250.1551,0.1167,B-,,,269.144750965,33.712,False,False,False,False,134834.671,7250.1551,  49  159  110  269 Ds   -a  134834.671      31.403      7250.1551     0.1167  B-      *                  269 144750.965      33.712   ,1950.2917219,0.0313923,0.1821561338289963,0,1
2020,160,110,270,Ds,-a,134681.584,39.275,7253.7634,0.1455,B-,,,270.14458662,42.163,False,False,False,False,134681.584,7253.7634,  50  160  110  270 Ds   -a  134681.584      39.275      7253.7634     0.1455  B-      *                  270 144586.620      42.163   ,1958.516118,0.039284999999999994,0.18518518518518517,1,1
