old_vintage,new_vintage,N,Z,A,element,label,delta_mass_excess_keV,new_primary_eligible,new_broad_eligible,old_mass_excess_keV,new_mass_excess_keV
2016,2020,1,0,1,n,changed,0.0009299999992435914,False,False,8071.31713,8071.31806
2016,2020,0,1,1,H,changed,0.00045399999999062857,False,False,7288.97061,7288.971064
2016,2020,1,1,2,H,changed,0.0011350000004313188,False,False,13135.72176,13135.722895
2016,2020,2,1,3,H,changed,0.0009700000009615906,False,False,14949.80993,14949.8109
2016,2020,1,2,3,He,changed,0.0009499999996478437,False,False,14931.21793,14931.21888
2016,2020,3,1,4,H,changed,0.0020000000004074536,False,False,24621.127,24621.129
2016,2020,2,2,4,He,changed,0.00025999999979831045,False,False,2424.91561,2424.91587
2016,2020,1,3,4,Li,changed,0.0010000000002037268,False,False,25323.189,25323.19
2016,2020,4,1,5,H,changed,0.0029999999969732016,False,False,32892.444,32892.447
2016,2020,3,2,5,He,changed,0.0010000000002037268,False,False,11231.233,11231.234
2016,2020,2,3,5,Li,changed,0.0010000000002037268,False,False,11678.886,11678.887
2016,2020,5,1,6,H,changed,0.004000000000814907,False,False,41875.721,41875.725
2016,2020,4,2,6,He,unchanged,0.0,False,False,17592.095,17592.095
2016,2020,3,3,6,Li,changed,0.0014900000005582115,False,False,14086.87895,14086.88044
2016,2020,2,4,6,Be,changed,0.0010000000002037268,False,False,18375.033,18375.034
2016,2020,5,2,7,He,changed,0.0020000000004074536,False,False,26073.126,26073.128
2016,2020,4,3,7,Li,changed,-0.0006599999996979022,False,False,14907.10529,14907.10463
2016,2020,3,4,7,Be,changed,-0.0010000000002037268,False,False,15768.999,15768.998
2016,2020,2,5,7,B,changed,0.0030000000006111804,False,False,27676.55,27676.553
2016,2020,6,2,8,He,changed,0.0020000000004074536,False,False,31609.681,31609.683
2016,2020,5,3,8,Li,changed,0.0010000000002037268,False,False,20945.804,20945.805
2016,2020,4,4,8,Be,changed,0.0009999999992942321,False,False,4941.671,4941.672
2016,2020,3,5,8,B,changed,0.0020000000004074536,False,False,22921.567,22921.569
2016,2020,2,6,8,C,changed,0.0010000000038417056,False,False,35064.268,35064.269
2016,2020,7,2,9,He,unchanged,0.0,False,False,40935.826,40935.826
2016,2020,6,3,9,Li,changed,0.0030000000006111804,False,False,24954.902,24954.905
2016,2020,5,4,9,Be,changed,-0.0020000000004074536,False,False,11348.453,11348.451
2016,2020,4,5,9,B,changed,-0.0019999999985884642,False,False,12416.488,12416.486
2016,2020,3,6,9,C,changed,-0.0010000000002037268,False,False,28910.972,28910.971
2016,2020,8,2,10,He,changed,0.004000000000814907,False,False,49197.143,49197.147
2016,2020,7,3,10,Li,changed,0.00399999999353895,False,False,33052.624,33052.628
2016,2020,6,4,10,Be,changed,-0.0010000000002037268,False,False,12607.488,12607.487
2016,2020,5,5,10,B,changed,0.0020000000004074536,False,False,12050.609,12050.611
2016,2020,4,6,10,C,changed,0.0010000000002037268,False,False,15698.672,15698.673
2016,2020,3,7,10,N,changed,0.0010000000038417056,False,False,38800.026,38800.027
2016,2020,8,3,11,Li,changed,0.004999999997380655,False,False,40728.254,40728.259
2016,2020,7,4,11,Be,changed,0.0020000000004074536,False,False,20177.167,20177.169
2016,2020,6,5,11,B,changed,0.0010000000002037268,False,False,8667.707,8667.708
2016,2020,5,6,11,C,changed,0.0010000000002037268,False,False,10649.396,10649.397
2016,2020,4,7,11,N,changed,62.08499999999913,False,False,24303.559,24365.644
2016,2020,3,8,11,O,new,,False,False,,47738.913
2016,2020,9,3,12,Li,changed,0.005999999993946403,False,False,49009.571,49009.577
2016,2020,8,4,12,Be,changed,0.0010000000002037268,False,False,25077.76,25077.761
2016,2020,7,5,12,B,changed,0.0009999999983847374,False,False,13369.397,13369.398
2016,2020,6,6,12,C,unchanged,0.0,False,False,0.0,0.0
2016,2020,5,7,12,N,unchanged,0.0,False,False,17338.068,17338.068
2016,2020,4,8,12,O,changed,98.72199999999793,False,False,31914.613,32013.335
2016,2020,10,3,13,Li,changed,0.006999999997788109,False,False,56980.888,56980.895
2016,2020,9,4,13,Be,changed,0.0030000000042491592,False,False,33659.077,33659.08
2016,2020,8,5,13,B,changed,0.0010000000002037268,False,False,16561.947,16561.948
2016,2020,7,6,13,C,changed,0.0004500000000007276,False,False,3125.00888,3125.00933
2016,2020,6,7,13,N,unchanged,0.0,False,False,5345.481,5345.481
2016,2020,5,8,13,O,unchanged,0.0,False,False,23115.432,23115.432
2016,2020,10,4,14,Be,changed,0.004000000000814907,False,False,39954.498,39954.502
2016,2020,9,5,14,B,changed,0.0010000000002037268,False,False,23663.685,23663.686
2016,2020,8,6,14,C,changed,0.0004999999996471161,False,False,3019.89278,3019.89328
2016,2020,7,7,14,N,changed,0.00010999999994965037,False,False,2863.41672,2863.41683
2016,2020,6,8,14,O,unchanged,0.0,False,False,8007.781,8007.781
2016,2020,5,9,14,F,changed,0.0010000000002037268,False,False,31964.402,31964.403
2016,2020,11,4,15,Be,changed,0.006000000001222361,False,False,49825.815,49825.821
2016,2020,10,5,15,B,changed,-0.8629999999975553,False,False,28958.242,28957.379
2016,2020,9,6,15,C,changed,0.0010000000002037268,False,False,9873.144,9873.145
2016,2020,8,7,15,N,changed,-0.0006199999999978445,False,False,101.43871,101.43809
2016,2020,7,8,15,O,changed,0.016999999999825377,False,False,2855.605,2855.622
2016,2020,6,9,15,F,changed,0.0010000000002037268,False,False,16566.751,16566.752
2016,2020,5,10,15,Ne,changed,0.0010000000038417056,False,False,40215.373,40215.374
2016,2020,12,4,16,Be,changed,0.0070000000050640665,False,False,57447.132,57447.139
2016,2020,11,5,16,B,changed,-0.8110000000015134,False,False,37112.51,37111.699
2016,2020,10,6,16,C,changed,0.0010000000002037268,False,False,13694.132,13694.133
2016,2020,9,7,16,N,unchanged,0.0,False,False,5683.907,5683.907
2016,2020,8,8,16,O,changed,-0.0008200000002034358,True,True,-4737.00135,-4737.00217
2016,2020,7,9,16,F,changed,-5.070999999999913,False,False,10680.253,10675.182
2016,2020,6,10,16,Ne,changed,-0.0010000000002037268,False,False,23986.776,23986.775
2016,2020,12,5,17,B,changed,0.004999999997380655,False,False,43716.317,43716.322
2016,2020,11,6,17,C,changed,-0.018000000000029104,False,False,21031.898,21031.88
2016,2020,10,7,17,N,unchanged,0.0,False,False,7870.079,7870.079
2016,2020,9,8,17,O,changed,-0.0007300000000896034,True,True,-808.76348,-808.76421
2016,2020,8,9,17,F,changed,-0.0009999999999763531,True,True,1951.702,1951.701
2016,2020,7,10,17,Ne,changed,0.005000000001018634,False,False,16500.447,16500.452
2016,2020,6,11,17,Na,changed,-453.6339999999982,False,False,35173.214,34719.58
2016,2020,13,5,18,B,changed,0.006000000001222361,False,False,51792.634,51792.64
2016,2020,12,6,18,C,changed,0.0020000000004074536,False,False,24919.264,24919.266
2016,2020,11,7,18,N,changed,-0.0010000000002037268,False,False,13113.168,13113.167
2016,2020,10,8,18,O,changed,-0.000739999999950669,True,True,-782.8156,-782.81634
2016,2020,9,9,18,F,changed,-0.00100000000009004,True,True,873.113,873.112
2016,2020,8,10,18,Ne,changed,0.0030000000006111804,True,True,5317.614,5317.617
2016,2020,7,11,18,Na,changed,0.0039999999971769284,False,False,25037.988,25037.992
2016,2020,14,5,19,B,changed,0.006999999997788109,False,False,59770.244,59770.251
2016,2020,13,6,19,C,changed,0.0020000000004074536,False,False,32413.752,32413.754
2016,2020,12,7,19,N,changed,-0.027000000000043656,False,False,15856.282,15856.255
2016,2020,11,8,19,O,unchanged,0.0,True,True,3332.858,3332.858
2016,2020,10,9,19,F,changed,-0.0009200000001783337,True,True,-1487.4442,-1487.44512
2016,2020,9,10,19,Ne,changed,0.004000000000132786,True,True,1752.05,1752.054
2016,2020,8,11,19,Na,changed,-0.0059999999994033715,True,True,12929.39,12929.384
2016,2020,7,12,19,Mg,changed,10.005000000001019,False,False,31828.389,31838.394
2016,2020,15,5,20,B,new,,False,False,,69401.569
2016,2020,14,6,20,C,changed,0.004000000000814907,False,False,37503.563,37503.567
2016,2020,13,7,20,N,changed,0.0020000000004074536,False,False,21766.496,21766.498
2016,2020,12,8,20,O,unchanged,0.0,True,True,3796.172,3796.172
2016,2020,11,9,20,F,unchanged,0.0,True,True,-17.463,-17.463
2016,2020,10,10,20,Ne,changed,-0.0016200000000026193,True,True,-7041.93055,-7041.93217
2016,2020,9,11,20,Na,changed,-0.11500000000069122,True,True,6850.604,6850.489
2016,2020,8,12,20,Mg,changed,0.0020000000004074536,True,True,17477.692,17477.694
2016,2020,16,5,21,B,new,,False,False,,78382.887
2016,2020,14,7,21,N,changed,0.0020000000004074536,False,False,25231.913,25231.915
2016,2020,13,8,21,O,changed,-0.0010000000002037268,True,True,8062.035,8062.034
2016,2020,12,9,21,F,unchanged,0.0,True,True,-47.605,-47.605
2016,2020,11,10,21,Ne,unchanged,0.0,True,True,-5731.776,-5731.776
2016,2020,10,11,21,Na,changed,-0.22600000000011278,True,True,-2184.631,-2184.857
2016,2020,9,12,21,Mg,changed,0.0010000000002037268,True,True,10903.85,10903.851
2016,2020,16,6,22,C,changed,0.006000000001222361,False,False,53611.197,53611.203
2016,2020,15,7,22,N,changed,0.004000000000814907,False,False,31764.801,31764.805
2016,2020,14,8,22,O,changed,-0.0010000000002037268,True,True,9283.033,9283.032
2016,2020,13,9,22,F,changed,0.003000000000156433,True,True,2793.373,2793.376
2016,2020,12,10,22,Ne,changed,0.0029999999997016857,True,True,-8024.719,-8024.716
2016,2020,11,11,22,Na,changed,0.12000000000080036,True,True,-5181.511,-5181.391
2016,2020,10,12,22,Mg,changed,-0.05299999999999727,True,True,-399.933,-399.986
2016,2020,16,7,23,N,changed,0.00399999999353895,False,False,36720.425,36720.429
2016,2020,15,8,23,O,changed,0.0019999999985884642,False,True,14621.369,14621.371
2016,2020,14,9,23,F,unchanged,0.0,True,True,3285.263,3285.263
2016,2020,13,10,23,Ne,changed,0.0039999999999054126,True,True,-5154.049,-5154.045
2016,2020,12,11,23,Na,changed,-0.0010400000010122312,True,True,-9529.85248,-9529.85352
2016,2020,11,12,23,Mg,changed,-0.16200000000026193,True,True,-5473.513,-5473.675
2016,2020,10,13,23,Al,changed,0.0010000000002037268,True,True,6748.07,6748.071
2016,2020,16,8,24,O,changed,0.0020000000004074536,False,True,18500.402,18500.404
2016,2020,15,9,24,F,changed,0.0009999999992942321,True,True,7544.515,7544.516
2016,2020,14,10,24,Ne,changed,0.0039999999999054126,True,True,-5951.646,-5951.642
2016,2020,13,11,24,Na,unchanged,0.0,True,True,-8417.901,-8417.901
2016,2020,12,12,24,Mg,changed,-0.009000000000014552,True,True,-13933.569,-13933.578
2016,2020,11,13,24,Al,changed,0.05300000000000438,True,True,-48.865,-48.812
2016,2020,10,14,24,Si,changed,-0.009000000000014552,True,True,10745.195,10745.186
2016,2020,17,8,25,O,changed,0.0030000000006111804,False,True,27329.027,27329.03
2016,2020,16,9,25,F,changed,0.0010000000002037268,True,True,11334.166,11334.167
2016,2020,15,10,25,Ne,changed,-0.0009999999999763531,True,True,-2035.502,-2035.503
2016,2020,14,11,25,Na,changed,-0.0010000000002037268,True,True,-9357.813,-9357.814
2016,2020,13,12,25,Mg,changed,0.0010000000002037268,True,True,-13192.783,-13192.782
2016,2020,12,13,25,Al,changed,0.0010000000002037268,True,True,-8915.975,-8915.974
2016,2020,11,14,25,Si,changed,-0.0019999999999527063,True,True,3827.324,3827.322
2016,2020,18,8,26,O,changed,0.004000000000814907,False,True,34661.037,34661.041
2016,2020,17,9,26,F,changed,25.779999999998836,False,True,18648.875,18674.655
2016,2020,16,10,26,Ne,unchanged,0.0,True,True,481.114,481.114
2016,2020,15,11,26,Na,unchanged,0.0,True,True,-6860.78,-6860.78
2016,2020,14,12,26,Mg,changed,-0.0020000000004074536,True,True,-16214.542,-16214.544
2016,2020,13,13,26,Al,changed,0.012000000000625732,True,True,-12210.151,-12210.139
2016,2020,12,14,26,Si,changed,0.012000000000625732,True,True,-7141.015,-7141.003
2016,2020,18,9,27,F,changed,-316.8009999999995,False,True,25450.279,25133.478
2016,2020,17,10,27,Ne,changed,0.0010000000002037268,True,True,7050.909,7050.91
2016,2020,16,11,27,Na,changed,-0.0010000000002037268,True,True,-5517.79,-5517.791
2016,2020,15,12,27,Mg,changed,0.017000000001644366,True,True,-14586.611,-14586.594
2016,2020,14,13,27,Al,changed,-0.0030000000006111804,True,True,-17196.861,-17196.864
2016,2020,13,14,27,Si,changed,-0.0019999999985884642,True,True,-12384.503,-12384.505
2016,2020,12,15,27,P,changed,63.42599999999993,True,True,-722.458,-659.032
2016,2020,19,9,28,F,changed,-337.79999999999563,False,True,33741.596,33403.796
2016,2020,18,10,28,Ne,changed,0.0010000000002037268,False,True,11299.737,11299.738
2016,2020,17,11,28,Na,unchanged,0.0,True,True,-988.315,-988.315
2016,2020,16,12,28,Mg,changed,-1.1010000000005675,True,True,-15018.845,-15019.946
2016,2020,15,13,28,Al,changed,-0.07400000000052387,True,True,-16850.645,-16850.719
2016,2020,14,14,28,Si,changed,-0.0028099999981350265,True,True,-21492.7943,-21492.79711
2016,2020,13,15,28,P,changed,-0.11599999999998545,True,True,-7147.74,-7147.856
2016,2020,12,16,28,S,changed,-0.003000000000156433,False,True,4073.206,4073.203
2016,2020,20,9,29,F,changed,0.004000000000814907,False,True,40150.186,40150.19
2016,2020,19,10,29,Ne,changed,0.0020000000004074536,False,True,18399.801,18399.803
2016,2020,18,11,29,Na,unchanged,0.0,True,True,2679.994,2679.994
2016,2020,17,12,29,Mg,changed,-9.531000000000859,True,True,-10602.829,-10612.36
2016,2020,16,13,29,Al,changed,-0.0020000000004074536,True,True,-18207.76,-18207.762
2016,2020,15,14,29,Si,changed,-0.0031600000002072193,True,True,-21895.07838,-21895.08154
2016,2020,14,15,29,P,changed,-0.000999999996565748,True,True,-16952.848,-16952.849
2016,2020,13,16,29,S,changed,61.99300000000039,True,True,-3156.416,-3094.423
2016,2020,20,10,30,Ne,changed,0.0030000000006111804,False,True,23280.117,23280.12
2016,2020,19,11,30,Na,unchanged,0.0,True,True,8474.67,8474.67
2016,2020,18,12,30,Mg,changed,2.4470000000001164,True,True,-8883.82,-8881.373
2016,2020,17,13,30,Al,changed,0.727999999999156,True,True,-15864.844,-15864.116
2016,2020,16,14,30,Si,changed,-0.0020000000004074536,True,True,-24432.96,-24432.962
2016,2020,15,15,30,P,changed,-0.0020000000004074536,True,True,-20200.854,-20200.856
2016,2020,14,16,30,S,changed,-0.0010000000002037268,True,True,-14059.253,-14059.254
2016,2020,13,17,30,Cl,new,,True,True,,4674.548
2016,2020,21,10,31,Ne,changed,0.0030000000006111804,False,True,31181.591,31181.594
2016,2020,20,11,31,Na,unchanged,0.0,True,True,12246.031,12246.031
2016,2020,19,12,31,Mg,changed,-0.0010000000002037268,True,True,-3122.151,-3122.152
2016,2020,18,13,31,Al,changed,-0.0030000000006111804,True,True,-14950.706,-14950.709
2016,2020,17,14,31,Si,changed,-0.0010000000002037268,True,True,-22949.036,-22949.037
2016,2020,16,15,31,P,changed,-0.003469999999651918,True,True,-24440.54095,-24440.54442
2016,2020,15,16,31,S,changed,-0.005999999997584382,True,True,-19042.525,-19042.531
2016,2020,14,17,31,Cl,changed,-0.0009999999992942321,True,True,-7034.551,-7034.552
2016,2020,21,11,32,Na,changed,0.000999999996565748,True,True,18640.151,18640.152
2016,2020,20,12,32,Mg,changed,-0.0009999999999763531,True,True,-828.9,-828.901
2016,2020,19,13,32,Al,changed,-0.0010000000002037268,True,True,-11099.367,-11099.368
2016,2020,18,14,32,Si,changed,-0.0029999999969732016,True,True,-24077.686,-24077.689
2016,2020,17,15,32,P,changed,-0.0020000000004074536,True,True,-24304.874,-24304.876
2016,2020,16,16,32,S,changed,-0.003590000000258442,True,True,-26015.53355,-26015.53714
2016,2020,15,17,32,Cl,changed,-0.0319999999992433,True,True,-13334.674,-13334.706
2016,2020,14,18,32,Ar,changed,-0.0009999999997489795,True,True,-2200.351,-2200.352
2016,2020,22,11,33,Na,changed,0.0030000000006111804,False,True,23780.11,23780.113
2016,2020,21,12,33,Mg,changed,0.5760000000000218,True,True,4962.297,4962.873
2016,2020,20,13,33,Al,changed,-0.0020000000004074536,True,True,-8497.38,-8497.382
2016,2020,19,14,33,Si,changed,-0.0030000000006111804,True,True,-20514.325,-20514.328
2016,2020,18,15,33,P,changed,-0.0039999999971769284,True,True,-26337.346,-26337.35
2016,2020,17,16,33,S,changed,-0.0039599999981874134,True,True,-26585.85434,-26585.8583
2016,2020,16,17,33,Cl,changed,-0.0030000000006111804,True,True,-21003.337,-21003.34
2016,2020,15,18,33,Ar,changed,-0.0030000000006111804,True,True,-9384.292,-9384.295
2016,2020,23,11,34,Na,changed,0.0030000000006111804,False,True,31680.111,31680.114
2016,2020,22,12,34,Mg,changed,-0.023999999999432475,True,True,8323.348,8323.324
2016,2020,21,13,34,Al,changed,2.6700000000000728,True,True,-3000.289,-2997.619
2016,2020,20,14,34,Si,changed,-34.832000000002154,True,True,-19956.852,-19991.684
2016,2020,19,15,34,P,changed,-0.004000000000814907,True,True,-24548.698,-24548.702
2016,2020,18,16,34,S,changed,-0.0039999999971769284,True,True,-29931.685,-29931.689
2016,2020,17,17,34,Cl,changed,-0.004000000000814907,True,True,-24440.082,-24440.086
2016,2020,16,18,34,Ar,changed,-0.0030000000006111804,True,True,-18378.29,-18378.293
2016,2020,23,12,35,Mg,changed,0.0020000000004074536,False,True,15639.784,15639.786
2016,2020,22,13,35,Al,changed,-0.001999999999981128,True,True,-223.728,-223.73
2016,2020,21,14,35,Si,changed,-0.02299999999922875,True,True,-14391.457,-14391.48
2016,2020,20,15,35,P,changed,-0.010000000002037268,True,True,-24857.799,-24857.809
2016,2020,19,16,35,S,changed,-0.004000000000814907,True,True,-28846.206,-28846.21
2016,2020,18,17,35,Cl,changed,-0.004000000000814907,True,True,-29013.528,-29013.532
2016,2020,17,18,35,Ar,changed,-0.005000000001018634,True,True,-23047.284,-23047.289
2016,2020,16,19,35,K,changed,-0.0020000000004074536,True,True,-11172.891,-11172.893
2016,2020,24,12,36,Mg,changed,0.0020000000004074536,False,True,20380.157,20380.159
2016,2020,23,13,36,Al,unchanged,0.0,False,True,5950.384,5950.384
2016,2020,22,14,36,Si,changed,-0.0010000000002037268,True,True,-12436.124,-12436.125
2016,2020,21,15,36,P,changed,-0.010999999998603016,True,True,-20251.034,-20251.045
2016,2020,20,16,36,S,changed,-0.00999999999839929,True,True,-30664.131,-30664.141
2016,2020,19,17,36,Cl,changed,-0.0030000000006111804,True,True,-29522.005,-29522.008
2016,2020,18,18,36,Ar,changed,-0.0020000000004074536,True,True,-30231.54,-30231.542
2016,2020,17,19,36,K,changed,-0.11700000000200816,True,True,-17417.065,-17417.182
2016,2020,16,20,36,Ca,changed,-0.016999999999825377,True,True,-6451.149,-6451.166
2016,2020,25,12,37,Mg,changed,0.004000000000814907,False,True,28211.474,28211.478
2016,2020,24,13,37,Al,changed,0.0010000000002037268,False,True,9809.563,9809.564
2016,2020,23,14,37,Si,changed,-0.0009999999992942321,False,True,-6571.511,-6571.512
2016,2020,22,15,37,P,changed,-0.013999999999214197,True,True,-18995.998,-18996.012
2016,2020,21,16,37,S,changed,-0.008999999998195563,True,True,-26896.417,-26896.426
2016,2020,20,17,37,Cl,changed,-0.013999999999214197,True,True,-31761.538,-31761.552
2016,2020,19,18,37,Ar,changed,-0.014999999999417923,True,True,-30947.664,-30947.679
2016,2020,18,19,37,K,changed,-0.0020000000004074536,True,True,-24800.199,-24800.201
2016,2020,17,20,37,Ca,changed,-0.003999999998995918,True,True,-13136.066,-13136.07
2016,2020,24,14,38,Si,unchanged,0.0,False,True,-4170.299,-4170.299
2016,2020,23,15,38,P,changed,-0.0020000000004074536,True,True,-14621.563,-14621.565
2016,2020,22,16,38,S,changed,-0.01299999999901047,True,True,-26861.203,-26861.216
2016,2020,21,17,38,Cl,changed,-0.013000000002648449,True,True,-29798.103,-29798.116
2016,2020,20,18,38,Ar,changed,-0.005999999993946403,True,True,-34714.821,-34714.827
2016,2020,19,19,38,K,changed,-0.004999999997380655,True,True,-28800.755,-28800.76
2016,2020,18,20,38,Ca,changed,-0.004000000000814907,True,True,-22058.499,-22058.503
2016,2020,25,14,39,Si,unchanged,0.0,False,True,2320.352,2320.352
2016,2020,24,15,39,P,changed,-0.0020000000004074536,False,True,-12774.634,-12774.636
2016,2020,23,16,39,S,changed,-0.004999999997380655,True,True,-23162.667,-23162.672
2016,2020,22,17,39,Cl,changed,-0.01299999999901047,True,True,-29800.205,-29800.218
2016,2020,21,18,39,Ar,changed,-0.004999999997380655,True,True,-33242.19,-33242.195
2016,2020,20,19,39,K,changed,-0.0052500000019790605,True,True,-33807.1901,-33807.19535
2016,2020,19,20,39,Ca,changed,-0.004999999997380655,True,True,-27282.702,-27282.707
2016,2020,18,21,39,Sc,changed,-0.016999999999825377,True,True,-14172.709,-14172.726
2016,2020,26,14,40,Si,changed,237.19700000000012,False,True,5429.679,5666.876
2016,2020,25,15,40,P,changed,-24.819000000000415,True,True,-8114.37,-8139.189
2016,2020,24,16,40,S,changed,-0.0039999999971769284,True,True,-22837.846,-22837.85
2016,2020,23,17,40,Cl,changed,-0.005000000001018634,True,True,-27557.813,-27557.818
2016,2020,22,18,40,Ar,changed,-0.0053299999999580905,True,True,-35039.89464,-35039.89997
2016,2020,21,19,40,K,changed,-0.005000000004656613,True,True,-33535.492,-33535.497
2016,2020,20,20,40,Ca,changed,-0.018000000003667083,True,True,-34846.384,-34846.402
2016,2020,19,21,40,Sc,changed,-0.018000000000029104,True,True,-20523.335,-20523.353
2016,2020,18,22,40,Ti,changed,-143.0550000000003,True,True,-8850.384,-8993.439
2016,2020,26,15,41,P,unchanged,0.0,False,True,-4979.767,-4979.767
2016,2020,25,16,41,S,changed,-0.0030000000006111804,True,True,-19008.577,-19008.58
2016,2020,24,17,41,Cl,changed,-0.0030000000006111804,True,True,-27307.189,-27307.192
2016,2020,23,18,41,Ar,changed,-0.005000000004656613,True,True,-33067.505,-33067.51
2016,2020,22,19,41,K,changed,-0.0054899999959161505,True,True,-35559.54331,-35559.5488
2016,2020,21,20,41,Ca,changed,-0.018000000003667083,True,True,-35137.89,-35137.908
2016,2020,20,21,41,Sc,changed,0.05199999999967986,True,True,-28642.412,-28642.36
2016,2020,19,22,41,Ti,changed,-0.0020000000004074536,True,True,-15697.537,-15697.539
2016,2020,27,15,42,P,changed,82.10200000000009,True,True,1009.74,1091.842
2016,2020,26,16,42,S,changed,-0.0020000000004074536,True,True,-17637.746,-17637.748
2016,2020,25,17,42,Cl,changed,-0.0030000000006111804,True,True,-24831.767,-24831.77
2016,2020,24,18,42,Ar,changed,-0.0029999999969732016,True,True,-34422.675,-34422.678
2016,2020,23,19,42,K,changed,-0.005000000004656613,True,True,-35022.026,-35022.031
2016,2020,22,20,42,Ca,changed,-0.04799999999522697,True,True,-38547.245,-38547.293
2016,2020,21,21,42,Sc,changed,0.1499999999978172,True,True,-32121.153,-32121.003
2016,2020,20,22,42,Ti,changed,0.3209999999999127,True,True,-25104.674,-25104.353
2016,2020,27,16,43,S,changed,-0.0019999999985884642,True,True,-12195.459,-12195.461
2016,2020,26,17,43,Cl,changed,-0.001999999996769475,True,True,-24159.508,-24159.51
2016,2020,25,18,43,Ar,changed,-0.0030000000006111804,True,True,-32009.808,-32009.811
2016,2020,24,19,43,K,changed,-0.004999999997380655,True,True,-36575.389,-36575.394
2016,2020,23,20,43,Ca,changed,-0.05099999999947613,True,True,-38408.822,-38408.873
2016,2020,22,21,43,Sc,changed,-0.04800000000250293,True,True,-36188.102,-36188.15
2016,2020,21,22,43,Ti,changed,5.4909999999981665,True,True,-29321.082,-29315.591
2016,2020,20,23,43,V,changed,-0.0020000000004074536,True,True,-17916.356,-17916.358
2016,2020,28,16,44,S,changed,-0.0030000000006111804,True,True,-9204.233,-9204.236
2016,2020,27,17,44,Cl,changed,-94.45000000000073,True,True,-20384.523,-20478.973
2016,2020,26,18,44,Ar,changed,-0.004999999997380655,True,True,-32673.255,-32673.26
2016,2020,25,19,44,K,changed,-0.006000000001222361,True,True,-35781.492,-35781.498
2016,2020,24,20,44,Ca,changed,-0.05500000000029104,True,True,-41468.675,-41468.73
2016,2020,23,21,44,Sc,changed,-0.05000000000291038,True,True,-37815.985,-37816.035
2016,2020,22,22,44,Ti,changed,-0.016999999999825377,True,True,-37548.569,-37548.586
2016,2020,21,23,44,V,changed,308.3009999999995,True,True,-24116.38,-23808.079
2016,2020,20,24,44,Cr,new,,True,True,,-13421.899
2016,2020,28,17,45,Cl,changed,-0.0010000000002037268,False,True,-18262.543,-18262.544
2016,2020,27,18,45,Ar,changed,-0.005000000001018634,True,True,-29770.796,-29770.801
2016,2020,26,19,45,K,changed,-0.004999999997380655,True,True,-36615.638,-36615.643
2016,2020,25,20,45,Ca,changed,-0.056000000004132744,True,True,-40812.174,-40812.23
2016,2020,24,21,45,Sc,changed,-0.4250000000029104,True,True,-41071.896,-41072.321
2016,2020,23,22,45,Ti,changed,-0.4260000000067521,True,True,-39009.84,-39010.266
2016,2020,22,23,45,V,changed,-0.4249999999992724,True,True,-31886.016,-31886.441
2016,2020,21,24,45,Cr,changed,-0.0020000000004074536,True,True,-19514.799,-19514.801
2016,2020,29,17,46,Cl,changed,124.4489999999987,True,True,-13859.398,-13734.949
2016,2020,28,18,46,Ar,changed,1.6709999999984575,True,True,-29772.926,-29771.255
2016,2020,27,19,46,K,changed,-0.004999999997380655,True,True,-35413.924,-35413.929
2016,2020,26,20,46,Ca,changed,-0.24900000000343425,True,True,-43139.361,-43139.61
2016,2020,25,21,46,Sc,changed,-0.4239999999990687,True,True,-41761.219,-41761.643
2016,2020,24,22,46,Ti,changed,-0.47000000000116415,True,True,-44127.799,-44128.269
2016,2020,23,23,46,V,changed,-0.5459999999948195,True,True,-37075.351,-37075.897
2016,2020,22,24,46,Cr,changed,-0.0030000000006111804,True,True,-29471.567,-29471.57
2016,2020,21,25,46,Mn,new,,True,True,,-12417.748
2016,2020,29,18,47,Ar,changed,-0.9360000000015134,True,True,-25366.338,-25367.274
2016,2020,28,19,47,K,changed,-0.006000000001222361,True,True,-35711.976,-35711.982
2016,2020,27,20,47,Ca,changed,-0.2470000000030268,True,True,-42344.418,-42344.665
2016,2020,26,21,47,Sc,changed,-0.24699999999575084,True,True,-44336.595,-44336.842
2016,2020,25,22,47,Ti,changed,-0.24799999999959255,True,True,-44937.364,-44937.612
2016,2020,24,23,47,V,changed,-0.45199999999749707,True,True,-42006.618,-42007.07
2016,2020,23,24,47,Cr,changed,-0.5149999999994179,True,True,-34562.578,-34563.093
2016,2020,22,25,47,Mn,changed,-0.0020000000004074536,True,True,-22566.374,-22566.376
2016,2020,30,18,48,Ar,changed,-73.59000000000015,True,True,-22281.337,-22354.927
2016,2020,29,19,48,K,changed,-0.005000000001018634,True,True,-32284.477,-32284.482
2016,2020,28,20,48,Ca,changed,-0.23900000000139698,True,True,-44224.629,-44224.868
2016,2020,27,21,48,Sc,changed,-0.24100000000180444,True,True,-44503.842,-44504.083
2016,2020,26,22,48,Ti,changed,-0.24299999999493593,True,True,-48492.709,-48492.952
2016,2020,25,23,48,V,changed,-0.31099999999423744,True,True,-44477.694,-44478.005
2016,2020,24,24,48,Cr,changed,0.7069999999948777,True,True,-42822.02,-42821.313
2016,2020,23,25,48,Mn,changed,-0.30600000000049477,True,True,-29296.338,-29296.644
2016,2020,22,26,48,Fe,new,,True,True,,-18008.575
2016,2020,30,19,49,K,changed,-0.005999999997584382,True,True,-29611.49,-29611.496
2016,2020,29,20,49,Ca,changed,-0.23799999999755528,True,True,-41299.765,-41300.003
2016,2020,28,21,49,Sc,changed,-1.1820000000006985,True,True,-46561.265,-46562.447
2016,2020,27,22,49,Ti,changed,-0.22500000000582077,True,True,-48563.787,-48564.012
2016,2020,26,23,49,V,changed,-0.22600000000238651,True,True,-47961.931,-47962.157
2016,2020,25,24,49,Cr,changed,0.7079999999987194,True,True,-45333.06,-45332.352
2016,2020,24,25,49,Mn,changed,0.7089999999952852,True,True,-37620.634,-37619.925
2016,2020,23,26,49,Fe,changed,-0.0030000000006111804,True,True,-24750.727,-24750.73
2016,2020,31,19,50,K,changed,-0.004999999997380655,True,True,-25727.848,-25727.853
2016,2020,30,20,50,Ca,changed,-0.006000000001222361,True,True,-39589.224,-39589.23
2016,2020,29,21,50,Sc,changed,10.261999999995169,True,True,-44547.382,-44537.12
2016,2020,28,22,50,Ti,changed,-0.20699999999487773,True,True,-51431.66,-51431.867
2016,2020,27,23,50,V,changed,0.7730000000010477,True,True,-49224.013,-49223.24
2016,2020,26,24,50,Cr,changed,0.7079999999987194,True,True,-50262.072,-50261.364
2016,2020,25,25,50,Mn,changed,0.7090000000025611,True,True,-42627.595,-42626.886
2016,2020,24,26,50,Fe,changed,-0.004000000000814907,True,True,-34476.456,-34476.46
2016,2020,23,27,50,Co,new,,False,True,,-17589.403
2016,2020,32,19,51,K,changed,0.739000000001397,True,True,-22516.196,-22515.457
2016,2020,31,20,51,Ca,changed,-0.006000000001222361,True,True,-36332.304,-36332.31
2016,2020,30,21,51,Sc,changed,-21.669000000001688,True,True,-43228.684,-43250.353
2016,2020,29,22,51,Ti,changed,-0.1279999999969732,True,True,-49732.837,-49732.965
2016,2020,28,23,51,V,changed,0.7369999999937136,True,True,-52203.842,-52203.105
2016,2020,27,24,51,Cr,changed,0.680000000000291,True,True,-51451.395,-51450.715
2016,2020,26,25,51,Mn,changed,0.6520000000018626,True,True,-48243.877,-48243.225
2016,2020,25,26,51,Fe,changed,13.37000000000262,True,True,-40202.555,-40189.185
2016,2020,24,27,51,Co,changed,-0.0030000000006111804,True,True,-27342.143,-27342.146
2016,2020,33,19,52,K,changed,-0.0010000000002037268,True,True,-17137.627,-17137.628
2016,2020,32,20,52,Ca,changed,-0.005999999993946403,True,True,-34266.266,-34266.272
2016,2020,31,21,52,Sc,changed,-80.2809999999954,True,True,-40443.279,-40523.56
2016,2020,30,22,52,Ti,changed,-7.877999999996973,True,True,-49469.82,-49477.698
2016,2020,29,23,52,V,changed,0.7370000000009895,True,True,-51443.769,-51443.032
2016,2020,28,24,52,Cr,changed,-0.26600000000325963,True,True,-55419.242,-55419.508
2016,2020,27,25,52,Mn,changed,-4.103000000002794,True,True,-50707.284,-50711.387
2016,2020,26,26,52,Fe,changed,-1.7320000000036089,True,True,-48330.363,-48332.095
2016,2020,25,27,52,Co,changed,16.97200000000157,True,True,-34360.951,-34343.979
2016,2020,24,28,52,Ni,new,,True,True,,-22559.856
2016,2020,34,19,53,K,changed,-0.0010000000002037268,False,True,-12295.721,-12295.722
2016,2020,33,20,53,Ca,changed,-0.0029999999969732016,True,True,-29387.704,-29387.707
2016,2020,32,21,53,Sc,changed,137.25299999999697,True,True,-38906.808,-38769.555
2016,2020,31,22,53,Ti,changed,-50.37199999999575,True,True,-46831.061,-46881.433
2016,2020,30,23,53,V,changed,-0.614000000001397,True,True,-51851.061,-51851.675
2016,2020,29,24,53,Cr,changed,-0.6189999999987776,True,True,-55286.999,-55287.618
2016,2020,28,25,53,Mn,changed,-0.23399999999674037,True,True,-54690.116,-54690.35
2016,2020,27,26,53,Fe,changed,0.046999999998661224,True,True,-50947.53,-50947.483
2016,2020,26,27,53,Co,changed,0.05200000000331784,True,True,-42659.428,-42659.376
2016,2020,25,28,53,Ni,changed,-0.0030000000006111804,True,True,-29630.824,-29630.827
2016,2020,34,20,54,Ca,changed,-0.0020000000004074536,True,True,-25160.585,-25160.587
2016,2020,33,21,54,Sc,changed,-547.0339999999997,True,True,-33890.9,-34437.934
2016,2020,32,22,54,Ti,changed,-121.83099999999831,True,True,-45621.981,-45743.812
2016,2020,31,23,54,V,changed,-5.0939999999973224,True,True,-49893.173,-49898.267
2016,2020,30,24,54,Cr,changed,-0.614000000001397,True,True,-56934.765,-56935.379
2016,2020,29,25,54,Mn,changed,-0.6180000000022119,True,True,-55557.629,-55558.247
2016,2020,28,26,54,Fe,changed,-0.11499999999796273,True,True,-56254.5,-56254.615
2016,2020,27,27,54,Co,changed,-0.11499999999796273,True,True,-48009.953,-48010.068
2016,2020,26,28,54,Ni,changed,-0.004000000000814907,True,True,-39278.308,-39278.312
2016,2020,35,20,55,Ca,new,,False,True,,-18650.375
2016,2020,34,21,55,Sc,changed,-682.7560000000012,True,True,-30159.352,-30842.108
2016,2020,33,22,55,Ti,changed,-164.38099999999395,True,True,-41668.088,-41832.469
2016,2020,32,23,55,V,changed,19.450000000004366,True,True,-49144.586,-49125.136
2016,2020,31,24,55,Cr,changed,-0.614000000001397,True,True,-55109.71,-55110.324
2016,2020,30,25,55,Mn,changed,-0.1290000000008149,True,True,-57712.413,-57712.542
2016,2020,29,26,55,Fe,changed,-0.12199999999575084,True,True,-57481.3,-57481.422
2016,2020,28,27,55,Co,changed,-0.11299999999755528,True,True,-54029.883,-54029.996
2016,2020,27,28,55,Ni,changed,-0.11200000000098953,True,True,-45335.849,-45335.961
2016,2020,26,29,55,Cu,changed,-0.0039999999971769284,False,True,-31635.399,-31635.403
2016,2020,36,20,56,Ca,new,,False,True,,-13510.39
2016,2020,35,21,56,Sc,changed,-663.5880000000034,False,True,-24852.26,-25515.848
2016,2020,34,22,56,Ti,changed,-102.94700000000012,False,True,-39320.048,-39422.995
2016,2020,33,23,56,V,changed,-28.5199999999968,False,True,-46154.881,-46183.401
2016,2020,32,24,56,Cr,changed,-0.12700000000040745,True,True,-55285.001,-55285.128
2016,2020,31,25,56,Mn,changed,-0.1279999999969732,True,True,-56911.538,-56911.666
2016,2020,30,26,56,Fe,changed,-0.08099999999831198,True,True,-60607.082,-60607.163
2016,2020,29,27,56,Co,changed,-0.11599999999452848,True,True,-56040.402,-56040.518
2016,2020,28,28,56,Ni,changed,-0.11000000000058208,True,True,-53907.539,-53907.649
2016,2020,27,29,56,Cu,changed,13.296000000002095,True,True,-38643.029,-38629.733
2016,2020,36,21,57,Sc,changed,-383.7779999999984,False,True,-20995.875,-21379.653
2016,2020,35,22,57,Ti,changed,-486.2149999999965,False,True,-33915.633,-34401.848
2016,2020,34,23,57,V,changed,-21.61300000000483,True,True,-44413.45,-44435.063
2016,2020,33,24,57,Cr,changed,-0.283000000003085,True,True,-52524.702,-52524.985
2016,2020,32,25,57,Mn,changed,-0.02800000000570435,True,True,-57486.251,-57486.279
2016,2020,31,26,57,Fe,changed,-0.17799999999988358,True,True,-60181.839,-60182.017
2016,2020,30,27,57,Co,changed,-0.0940000000045984,True,True,-59345.564,-59345.658
2016,2020,29,28,57,Ni,changed,-0.12800000000424916,True,True,-56083.833,-56083.961
2016,2020,28,29,57,Cu,changed,-0.12800000000424916,True,True,-47308.886,-47309.014
2016,2020,37,21,58,Sc,new,,False,True,,-15479.569
2016,2020,36,22,58,Ti,new,,False,True,,-30917.668
2016,2020,35,23,58,V,changed,-28.831000000005588,True,True,-40401.753,-40430.584
2016,2020,34,24,58,Cr,changed,-0.006999999997788109,True,True,-51991.801,-51991.808
2016,2020,33,25,58,Mn,changed,-0.008000000001629815,True,True,-55827.56,-55827.568
2016,2020,32,26,58,Fe,changed,-0.158000000003085,True,True,-62155.113,-62155.271
2016,2020,31,27,58,Co,changed,-0.13399999999819556,True,True,-59847.158,-59847.292
2016,2020,30,28,58,Ni,changed,-0.12700000000040745,True,True,-60228.744,-60228.871
2016,2020,29,29,58,Cu,changed,-0.1260000000038417,True,True,-51667.725,-51667.851
2016,2020,28,30,58,Zn,changed,-0.12700000000040745,True,True,-42298.744,-42298.871
2016,2020,38,21,59,Sc,new,,False,True,,-10829.55
2016,2020,36,23,59,V,changed,221.39800000000105,False,True,-37832.015,-37610.617
2016,2020,35,24,59,Cr,changed,-30.17099999999482,True,True,-48085.76,-48115.931
2016,2020,34,25,59,Mn,changed,-0.008000000001629815,True,True,-55525.32,-55525.328
2016,2020,33,26,59,Fe,changed,-0.15200000000186265,True,True,-60664.805,-60664.957
2016,2020,32,27,59,Co,changed,-0.1290000000008149,True,True,-62229.709,-62229.838
2016,2020,31,28,59,Ni,changed,-0.12599999999656575,True,True,-61156.707,-61156.833
2016,2020,30,29,59,Cu,changed,-0.12700000000040745,True,True,-56358.327,-56358.454
2016,2020,29,30,59,Zn,changed,-0.12700000000040745,True,True,-47215.551,-47215.678
2016,2020,38,22,60,Ti,new,,False,True,,-22099.698
2016,2020,37,23,60,V,changed,154.55399999999645,False,True,-33241.956,-33087.402
2016,2020,36,24,60,Cr,changed,-238.92399999999907,True,True,-46669.576,-46908.5
2016,2020,35,25,60,Mn,changed,-0.008000000001629815,True,True,-52967.938,-52967.946
2016,2020,34,26,60,Fe,changed,-0.1569999999992433,True,True,-61413.017,-61413.174
2016,2020,33,27,60,Co,changed,-0.1279999999969732,True,True,-61650.309,-61650.437
2016,2020,32,28,60,Ni,changed,-0.125,True,True,-64473.118,-64473.243
2016,2020,31,29,60,Cu,changed,-0.125,True,True,-58345.137,-58345.262
2016,2020,30,30,60,Zn,changed,-0.1300000000046566,True,True,-54174.34,-54174.47
2016,2020,38,23,61,V,changed,329.3080000000009,False,True,-30506.429,-30177.121
2016,2020,37,24,61,Cr,changed,-21.273000000001048,True,True,-42475.229,-42496.502
2016,2020,36,25,61,Mn,changed,-0.007999999994353857,True,True,-51742.122,-51742.13
2016,2020,35,26,61,Fe,changed,-0.008999999998195563,True,True,-58920.494,-58920.503
2016,2020,34,27,61,Co,changed,-0.11299999999755528,True,True,-62898.066,-62898.179
2016,2020,33,28,61,Ni,changed,-0.12400000000343425,True,True,-64221.905,-64222.029
2016,2020,32,29,61,Cu,changed,-0.004000000000814907,True,True,-61984.059,-61984.063
2016,2020,31,30,61,Zn,changed,-0.0030000000042491592,True,True,-56348.903,-56348.906
2016,2020,30,31,61,Ga,changed,-0.0029999999969732016,True,True,-47134.659,-47134.662
2016,2020,39,23,62,V,new,,False,True,,-25213.164
2016,2020,38,24,62,Cr,changed,42.35000000000582,True,True,-40894.961,-40852.611
2016,2020,37,25,62,Mn,changed,-0.007999999994353857,True,True,-48523.957,-48523.965
2016,2020,36,26,62,Fe,changed,-0.008999999998195563,True,True,-58878.048,-58878.057
2016,2020,35,27,62,Co,changed,-0.11699999999837019,True,True,-61424.282,-61424.399
2016,2020,34,28,62,Ni,changed,-0.11699999999837019,True,True,-66746.323,-66746.44
2016,2020,33,29,62,Cu,changed,-0.11699999999837019,True,True,-62787.426,-62787.543
2016,2020,32,30,62,Zn,changed,-0.11600000000180444,True,True,-61167.972,-61168.088
2016,2020,31,31,62,Ga,changed,-0.11599999999452848,True,True,-51986.906,-51987.022
2016,2020,40,23,63,V,new,,False,True,,-21740.141
2016,2020,39,24,63,Cr,changed,-170.8249999999971,True,True,-36007.474,-36178.299
2016,2020,38,25,63,Mn,changed,-0.008000000001629815,True,True,-46887.053,-46887.061
2016,2020,37,26,63,Fe,changed,-0.008000000001629815,True,True,-55635.621,-55635.629
2016,2020,36,27,63,Co,changed,-0.11299999999755528,True,True,-61851.44,-61851.553
2016,2020,35,28,63,Ni,changed,-0.11600000000180444,True,True,-65512.775,-65512.891
2016,2020,34,29,63,Cu,changed,-0.1160000000090804,True,True,-65579.752,-65579.868
2016,2020,33,30,63,Zn,changed,-0.0319999999992433,True,True,-62213.397,-62213.429
2016,2020,32,31,63,Ga,changed,-0.006999999997788109,True,True,-56547.093,-56547.1
2016,2020,31,32,63,Ge,changed,-0.004999999997380655,True,True,-46921.216,-46921.221
2016,2020,40,24,64,Cr,changed,-160.221000000005,False,True,-33479.757,-33639.978
2016,2020,39,25,64,Mn,changed,-0.004999999997380655,True,True,-42989.035,-42989.04
2016,2020,38,26,64,Fe,changed,-0.008000000001629815,True,True,-54969.544,-54969.552
2016,2020,37,27,64,Co,changed,-0.11300000000483124,True,True,-59792.329,-59792.442
2016,2020,36,28,64,Ni,changed,-0.11299999999755528,True,True,-67098.921,-67099.034
2016,2020,35,29,64,Cu,changed,0.12700000000040745,True,True,-65424.545,-65424.418
2016,2020,34,30,64,Zn,changed,-0.004000000000814907,True,True,-66004.014,-66004.018
2016,2020,33,31,64,Ga,changed,-0.005999999993946403,True,True,-58832.821,-58832.827
2016,2020,32,32,64,Ge,changed,-0.006999999997788109,True,True,-54315.496,-54315.503
2016,2020,40,25,65,Mn,changed,-0.004999999997380655,True,True,-40967.339,-40967.344
2016,2020,39,26,65,Fe,changed,-0.0070000000050640665,True,True,-51217.895,-51217.902
2016,2020,38,27,65,Co,changed,-0.0070000000050640665,True,True,-59185.198,-59185.205
2016,2020,37,28,65,Ni,changed,-0.11100000000442378,True,True,-65125.685,-65125.796
2016,2020,36,29,65,Cu,changed,-0.01699999999254942,True,True,-67263.66,-67263.677
2016,2020,35,30,65,Zn,changed,-0.005000000004656613,True,True,-65912.019,-65912.024
2016,2020,34,31,65,Ga,changed,0.021000000000640284,True,True,-62657.507,-62657.486
2016,2020,33,32,65,Ge,changed,-0.006999999997788109,True,True,-56478.216,-56478.223
2016,2020,32,33,65,As,changed,-0.004999999997380655,True,True,-46937.051,-46937.056
2016,2020,41,25,66,Mn,changed,-0.004999999997380655,True,True,-36750.387,-36750.392
2016,2020,40,26,66,Fe,changed,-0.008000000001629815,True,True,-50067.839,-50067.847
2016,2020,39,27,66,Co,changed,-0.007999999994353857,True,True,-56408.533,-56408.541
2016,2020,38,28,66,Ni,changed,-0.008000000001629815,True,True,-66006.285,-66006.293
2016,2020,37,29,66,Cu,changed,-0.017000000007101335,True,True,-66258.272,-66258.289
2016,2020,36,30,66,Zn,changed,-0.06900000000314321,True,True,-68899.16,-68899.229
2016,2020,35,31,66,Ga,changed,-0.06899999999586726,True,True,-63723.66,-63723.729
2016,2020,34,32,66,Ge,changed,-0.008999999998195563,True,True,-61607.032,-61607.041
2016,2020,33,33,66,As,changed,-0.0070000000050640665,True,True,-52025.077,-52025.084
2016,2020,41,26,67,Fe,changed,-98.2609999999986,True,True,-45610.155,-45708.416
2016,2020,40,27,67,Co,changed,-0.008000000001629815,True,True,-55321.775,-55321.783
2016,2020,39,28,67,Ni,changed,-0.008000000001629815,True,True,-63742.68,-63742.688
2016,2020,38,29,67,Cu,changed,-0.03999999999359716,True,True,-67319.513,-67319.553
2016,2020,37,30,67,Zn,changed,-0.06300000000919681,True,True,-67880.313,-67880.376
2016,2020,36,31,67,Ga,changed,-0.10800000000745058,True,True,-66879.048,-66879.156
2016,2020,35,32,67,Ge,changed,-15.487999999997555,True,True,-62658.23,-62673.718
2016,2020,34,33,67,As,changed,-0.0070000000050640665,True,True,-56587.225,-56587.232
2016,2020,33,34,67,Se,changed,-0.005000000004656613,True,True,-46580.289,-46580.294
2016,2020,41,27,68,Co,changed,288.0740000000005,True,True,-51930.665,-51642.591
2016,2020,40,28,68,Ni,changed,-0.008000000001629815,True,True,-63463.814,-63463.822
2016,2020,39,29,68,Cu,changed,-0.008000000001629815,True,True,-65567.035,-65567.043
2016,2020,38,30,68,Zn,changed,-0.06199999999080319,True,True,-70007.092,-70007.154
2016,2020,37,31,68,Ga,changed,-0.062000000005355105,True,True,-67085.992,-67086.054
2016,2020,36,32,68,Ge,changed,-0.00999999999476131,True,True,-66978.789,-66978.799
2016,2020,35,33,68,As,changed,-0.008000000001629815,True,True,-58894.519,-58894.527
2016,2020,34,34,68,Se,changed,-0.008000000001629815,True,True,-54189.441,-54189.449
2016,2020,42,27,69,Co,changed,-106.29000000000087,True,True,-50279.157,-50385.447
2016,2020,41,28,69,Ni,changed,-0.008000000001629815,True,True,-59978.648,-59978.656
2016,2020,40,29,69,Cu,changed,-0.008000000001629815,True,True,-65736.213,-65736.221
2016,2020,39,30,69,Zn,changed,-0.0610000000015134,True,True,-68417.845,-68417.906
2016,2020,38,31,69,Ga,changed,-0.011000000013154931,True,True,-69327.809,-69327.82
2016,2020,37,32,69,Ge,changed,-0.010999999998603016,True,True,-67100.663,-67100.674
2016,2020,36,33,69,As,changed,-0.00999999999476131,True,True,-63112.171,-63112.181
2016,2020,35,34,69,Se,changed,-0.008000000001629815,True,True,-56434.706,-56434.714
2016,2020,34,35,69,Br,changed,-0.008000000001629815,True,True,-46259.47,-46259.478
2016,2020,43,27,70,Co,new,,True,True,,-46524.963
2016,2020,42,28,70,Ni,changed,-0.008000000001629815,True,True,-59213.86,-59213.868
2016,2020,41,29,70,Cu,changed,-0.008000000001629815,True,True,-62976.373,-62976.381
2016,2020,40,30,70,Zn,changed,-0.013000000006286427,True,True,-69564.735,-69564.748
2016,2020,39,31,70,Ga,changed,-0.00999999999476131,True,True,-68910.14,-68910.15
2016,2020,38,32,70,Ge,changed,-0.15999999998894054,True,True,-70561.876,-70562.036
2016,2020,37,33,70,As,changed,7.902999999998428,True,True,-64341.876,-64333.973
2016,2020,36,34,70,Se,changed,-0.008999999998195563,True,True,-61929.891,-61929.9
2016,2020,35,35,70,Br,changed,-0.008000000001629815,True,True,-51425.619,-51425.627
2016,2020,44,27,71,Co,changed,-0.004000000000814907,False,True,-44369.926,-44369.93
2016,2020,43,28,71,Ni,changed,-0.007999999994353857,True,True,-55406.228,-55406.236
2016,2020,42,29,71,Cu,changed,-0.006999999997788109,True,True,-62711.127,-62711.134
2016,2020,41,30,71,Zn,changed,-0.008999999990919605,True,True,-67328.777,-67328.786
2016,2020,40,31,71,Ga,changed,0.008000000001629815,True,True,-70139.135,-70139.127
2016,2020,39,32,71,Ge,changed,-0.16000000000349246,True,True,-69906.497,-69906.657
2016,2020,38,33,71,As,changed,-0.16000000000349246,True,True,-67893.097,-67893.257
2016,2020,37,34,71,Se,changed,-0.008000000001629815,True,True,-63146.507,-63146.515
2016,2020,36,35,71,Br,changed,-0.008000000001629815,True,True,-56502.418,-56502.426
2016,2020,35,36,71,Kr,changed,-0.006000000001222361,False,True,-46327.205,-46327.211
2016,2020,44,28,72,Ni,changed,-0.008000000001629815,True,True,-54226.06,-54226.068
2016,2020,43,29,72,Cu,changed,-0.006999999997788109,True,True,-59782.999,-59783.006
2016,2020,42,30,72,Zn,changed,-0.008999999990919605,True,True,-68145.486,-68145.495
2016,2020,41,31,72,Ga,changed,0.00900000000547152,True,True,-68588.293,-68588.284
2016,2020,40,32,72,Ge,changed,-0.010000000009313226,True,True,-72585.9,-72585.91
2016,2020,39,33,72,As,changed,-0.010000000009313226,True,True,-68229.798,-68229.808
2016,2020,38,34,72,Se,changed,-0.00900000000547152,True,True,-67868.18,-67868.189
2016,2020,37,35,72,Br,changed,-0.006999999997788109,True,True,-59061.743,-59061.75
2016,2020,36,36,72,Kr,changed,-0.0070000000050640665,True,True,-53940.575,-53940.582
2016,2020,45,28,73,Ni,changed,-0.006999999997788109,True,True,-50108.152,-50108.159
2016,2020,44,29,73,Cu,changed,-0.008000000001629815,True,True,-58987.437,-58987.445
2016,2020,43,30,73,Zn,changed,-0.008999999990919605,True,True,-65593.402,-65593.411
2016,2020,42,31,73,Ga,changed,-0.0079999999870779,True,True,-69699.335,-69699.343
2016,2020,41,32,73,Ge,changed,-0.00900000000547152,True,True,-71297.523,-71297.532
2016,2020,40,33,73,As,changed,-0.00999999999476131,True,True,-70952.747,-70952.757
2016,2020,39,34,73,Se,changed,-0.008999999990919605,True,True,-68227.387,-68227.396
2016,2020,38,35,73,Br,changed,1.6880000000019209,True,True,-63647.475,-63645.787
2016,2020,37,36,73,Kr,changed,-0.0070000000050640665,True,True,-56551.751,-56551.758
2016,2020,36,37,73,Rb,new,,True,True,,-46011.611
2016,2020,45,29,74,Cu,changed,-0.008000000001629815,True,True,-56006.205,-56006.213
2016,2020,44,30,74,Zn,changed,-0.008000000001629815,True,True,-65756.712,-65756.72
2016,2020,43,31,74,Ga,changed,-0.00900000000547152,True,True,-68049.617,-68049.626
2016,2020,42,32,74,Ge,changed,-0.00900000000547152,True,True,-73422.442,-73422.451
2016,2020,41,33,74,As,changed,-0.00999999999476131,True,True,-70860.054,-70860.064
2016,2020,40,34,74,Se,changed,-0.00900000000547152,True,True,-72213.201,-72213.21
2016,2020,39,35,74,Br,changed,-0.008000000001629815,True,True,-65288.153,-65288.161
2016,2020,38,36,74,Kr,changed,-0.007999999994353857,True,True,-62331.836,-62331.844
2016,2020,37,37,74,Rb,changed,-0.0070000000050640665,True,True,-51916.009,-51916.016
2016,2020,46,29,75,Cu,changed,1.1220000000030268,True,True,-54471.341,-54470.219
2016,2020,45,30,75,Zn,changed,-0.007999999994353857,True,True,-62558.908,-62558.916
2016,2020,44,31,75,Ga,changed,3.94100000000617,True,True,-68464.58,-68460.639
2016,2020,43,32,75,Ge,changed,-0.008000000001629815,True,True,-71856.965,-71856.973
2016,2020,42,33,75,As,changed,-0.0079999999870779,True,True,-73034.195,-73034.203
2016,2020,41,34,75,Se,changed,-0.008000000001629815,True,True,-72169.481,-72169.489
2016,2020,40,35,75,Br,changed,-0.010999999998603016,True,True,-69107.009,-69107.02
2016,2020,39,36,75,Kr,changed,-0.007999999994353857,True,True,-64323.624,-64323.632
2016,2020,38,37,75,Rb,changed,-0.007999999994353857,True,True,-57218.694,-57218.702
2016,2020,37,38,75,Sr,changed,-0.007999999994353857,False,True,-46618.694,-46618.702
2016,2020,47,29,76,Cu,changed,-5.641999999999825,True,True,-50975.985,-50981.627
2016,2020,46,30,76,Zn,changed,-0.007999999994353857,True,True,-62303.016,-62303.024
2016,2020,45,31,76,Ga,changed,-0.008000000001629815,True,True,-66296.64,-66296.648
2016,2020,44,32,76,Ge,changed,-0.00900000000547152,True,True,-73212.889,-73212.898
2016,2020,43,33,76,As,changed,-0.007000000012340024,True,True,-72291.377,-72291.384
2016,2020,42,34,76,Se,changed,-0.00900000000547152,True,True,-75251.95,-75251.959
2016,2020,41,35,76,Br,changed,-0.00999999999476131,True,True,-70289.068,-70289.078
2016,2020,40,36,76,Kr,changed,0.008000000001629815,True,True,-69013.714,-69013.706
2016,2020,39,37,76,Rb,changed,-0.008000000001629815,True,True,-60479.081,-60479.089
2016,2020,38,38,76,Sr,changed,-0.005999999993946403,True,True,-54247.639,-54247.645
2016,2020,48,29,77,Cu,new,,True,True,,-48862.828
2016,2020,47,30,77,Zn,changed,-0.008000000001629815,True,True,-58789.195,-58789.203
2016,2020,46,31,77,Ga,changed,-0.008000000001629815,True,True,-65992.344,-65992.352
2016,2020,45,32,77,Ge,changed,-0.008000000001629815,True,True,-71212.862,-71212.87
2016,2020,44,33,77,As,changed,-0.01600000000325963,True,True,-73916.318,-73916.334
2016,2020,43,34,77,Se,changed,-0.00900000000547152,True,True,-74599.488,-74599.497
2016,2020,42,35,77,Br,changed,-0.00900000000547152,True,True,-73234.809,-73234.818
2016,2020,41,36,77,Kr,changed,-0.008000000001629815,True,True,-70169.443,-70169.451
2016,2020,40,37,77,Rb,changed,-0.008000000001629815,True,True,-64830.492,-64830.5
2016,2020,39,38,77,Sr,changed,-0.006999999997788109,True,True,-57803.436,-57803.443
2016,2020,49,29,78,Cu,changed,-292.00500000000466,True,True,-44497.469,-44789.474
2016,2020,48,30,78,Zn,changed,-0.006999999997788109,True,True,-57483.235,-57483.242
2016,2020,47,31,78,Ga,changed,1.8649999999979627,True,True,-63705.95,-63704.085
2016,2020,46,32,78,Ge,changed,-0.008000000001629815,True,True,-71862.05,-71862.058
2016,2020,45,33,78,As,changed,-0.029999999998835847,True,True,-72816.94,-72816.97
2016,2020,44,34,78,Se,changed,-0.008000000001629815,True,True,-77025.944,-77025.952
2016,2020,43,35,78,Br,changed,-0.008000000001629815,True,True,-73452.16,-73452.168
2016,2020,42,36,78,Kr,changed,-0.008000000001629815,True,True,-74178.275,-74178.283
2016,2020,41,37,78,Rb,changed,-0.008000000001629815,True,True,-66935.419,-66935.427
2016,2020,40,38,78,Sr,changed,-0.008000000001629815,True,True,-63173.941,-63173.949
2016,2020,50,29,79,Cu,new,,False,True,,-42408.039
2016,2020,49,30,79,Zn,changed,-0.0070000000050640665,True,True,-53432.295,-53432.302
2016,2020,48,31,79,Ga,changed,-0.6760000000067521,True,True,-62547.679,-62548.355
2016,2020,47,32,79,Ge,changed,-0.5879999999888241,True,True,-69526.592,-69527.18
2016,2020,46,33,79,As,changed,-0.03200000000651926,True,True,-73636.049,-73636.081
2016,2020,45,34,79,Se,changed,-0.006999999997788109,True,True,-75917.459,-75917.466
2016,2020,44,35,79,Br,changed,-0.03199999999196734,True,True,-76068.035,-76068.067
2016,2020,43,36,79,Kr,changed,-0.03299999999580905,True,True,-74442.257,-74442.29
2016,2020,42,37,79,Rb,changed,0.20699999999487773,True,True,-70802.985,-70802.778
2016,2020,41,38,79,Sr,changed,-2.7749999999941792,True,True,-65476.889,-65479.664
2016,2020,40,39,79,Y,changed,14.898000000001048,True,True,-57817.833,-57802.935
2016,2020,50,30,80,Zn,changed,-0.006999999997788109,True,True,-51648.612,-51648.619
2016,2020,49,31,80,Ga,changed,-0.008000000001629815,True,True,-59223.667,-59223.675
2016,2020,48,32,80,Ge,changed,-0.008000000001629815,True,True,-69535.306,-69535.314
2016,2020,47,33,80,As,changed,-0.10799999999289867,True,True,-72214.493,-72214.601
2016,2020,46,34,80,Se,changed,-0.029999999998835847,True,True,-77759.457,-77759.487
2016,2020,45,35,80,Br,changed,-0.03199999999196734,True,True,-75888.993,-75889.025
2016,2020,44,36,80,Kr,changed,-0.10899999999674037,True,True,-77893.346,-77893.455
2016,2020,43,37,80,Rb,changed,-0.008999999990919605,True,True,-72175.467,-72175.476
2016,2020,42,38,80,Sr,changed,-0.008000000001629815,True,True,-70311.459,-70311.467
2016,2020,41,39,80,Y,changed,-0.00999999999476131,True,True,-61148.152,-61148.162
2016,2020,51,30,81,Zn,changed,-0.006000000001222361,True,True,-46199.663,-46199.669
2016,2020,50,31,81,Ga,changed,-0.008000000001629815,True,True,-57627.954,-57627.962
2016,2020,49,32,81,Ge,changed,-0.008000000001629815,True,True,-66291.687,-66291.695
2016,2020,48,33,81,As,changed,-0.00999999999476131,True,True,-72533.304,-72533.314
2016,2020,47,34,81,Se,changed,-0.031000000002677552,True,True,-76388.988,-76389.019
2016,2020,46,35,81,Br,changed,-0.017000000007101335,True,True,-77977.034,-77977.051
2016,2020,45,36,81,Kr,changed,-0.017999999996391125,True,True,-77696.181,-77696.199
2016,2020,44,37,81,Rb,changed,-0.033999999999650754,True,True,-75456.67,-75456.704
2016,2020,43,38,81,Sr,changed,-0.00900000000547152,True,True,-71528.125,-71528.134
2016,2020,42,39,81,Y,changed,-0.006999999997788109,True,True,-65712.912,-65712.919
2016,2020,41,40,81,Zr,changed,-64.278999999995,True,True,-57460.139,-57524.418
2016,2020,52,30,82,Zn,changed,-0.006000000001222361,True,True,-42313.954,-42313.96
2016,2020,51,31,82,Ga,changed,-0.006000000001222361,True,True,-52930.719,-52930.725
2016,2020,50,32,82,Ge,changed,-0.007999999994353857,True,True,-65415.067,-65415.075
2016,2020,49,33,82,As,changed,-0.008000000001629815,True,True,-70105.419,-70105.427
2016,2020,48,34,82,Se,changed,-0.013000000006286427,True,True,-77593.882,-77593.895
2016,2020,47,35,82,Br,changed,-0.01600000000325963,True,True,-77498.661,-77498.677
2016,2020,46,36,82,Kr,changed,-0.009940000003552996,True,True,-80591.78515,-80591.79509
2016,2020,45,37,82,Rb,changed,-0.00999999999476131,True,True,-76187.803,-76187.813
2016,2020,44,38,82,Sr,changed,-0.00900000000547152,True,True,-76010.053,-76010.062
2016,2020,43,39,82,Y,changed,-0.005999999993946403,True,True,-68064.091,-68064.097
2016,2020,42,40,82,Zr,changed,17.223999999994703,True,True,-63631.287,-63614.063
2016,2020,52,31,83,Ga,changed,-0.006999999997788109,True,True,-49257.122,-49257.129
2016,2020,51,32,83,Ge,changed,-0.0070000000050640665,True,True,-60976.435,-60976.442
2016,2020,50,33,83,As,changed,-0.008000000001629815,True,True,-69669.323,-69669.331
2016,2020,49,34,83,Se,changed,-0.013000000006286427,True,True,-75340.53,-75340.543
2016,2020,48,35,83,Br,changed,-0.012000000002444722,True,True,-79013.709,-79013.721
2016,2020,47,36,83,Kr,changed,-0.00999999999476131,True,True,-79990.633,-79990.643
2016,2020,46,37,83,Rb,changed,-0.008999999990919605,True,True,-79070.63,-79070.639
2016,2020,45,38,83,Sr,changed,-0.00999999999476131,True,True,-76797.606,-76797.616
2016,2020,44,39,83,Y,changed,-0.007000000012340024,True,True,-72205.665,-72205.672
2016,2020,43,40,83,Zr,changed,-0.005000000004656613,True,True,-65911.654,-65911.659
2016,2020,42,41,83,Nb,changed,-56.82700000000477,False,True,-57556.083,-57612.91
2016,2020,53,31,84,Ga,new,,True,True,,-44094.136
2016,2020,52,32,84,Ge,changed,-0.006999999997788109,True,True,-58148.428,-58148.435
2016,2020,51,33,84,As,changed,-0.008000000001629815,True,True,-65853.56,-65853.568
2016,2020,50,34,84,Se,changed,-0.00999999999476131,True,True,-75947.721,-75947.731
2016,2020,49,35,84,Br,changed,-0.00999999999476131,True,True,-77783.084,-77783.094
2016,2020,48,36,84,Kr,changed,-0.010170000008656643,True,True,-82439.3351,-82439.34527
2016,2020,47,37,84,Rb,changed,-0.010999999998603016,True,True,-79758.964,-79758.975
2016,2020,46,38,84,Sr,changed,-0.00999999999476131,True,True,-80649.57,-80649.58
2016,2020,45,39,84,Y,changed,-0.008000000001629815,True,True,-73894.431,-73894.439
2016,2020,44,40,84,Zr,changed,-0.005999999993946403,True,True,-71421.686,-71421.692
2016,2020,43,41,84,Nb,changed,24.875,True,True,-61218.717,-61193.842
2016,2020,54,31,85,Ga,new,,True,True,,-39744.059
2016,2020,53,32,85,Ge,changed,-0.0070000000050640665,True,True,-53123.42,-53123.427
2016,2020,52,33,85,As,changed,-0.008000000001629815,True,True,-63189.144,-63189.152
2016,2020,51,34,85,Se,changed,-0.00900000000547152,True,True,-72413.636,-72413.645
2016,2020,50,35,85,Br,changed,-0.00900000000547152,True,True,-78575.469,-78575.478
2016,2020,49,36,85,Kr,changed,-0.00999999999476131,True,True,-81480.331,-81480.341
2016,2020,48,37,85,Rb,changed,-0.010150000001885928,True,True,-82167.3305,-82167.34065
2016,2020,47,38,85,Sr,changed,-0.00999999999476131,True,True,-81103.28,-81103.29
2016,2020,46,39,85,Y,changed,-0.0079999999870779,True,True,-77842.123,-77842.131
2016,2020,45,40,85,Zr,changed,-0.006999999997788109,True,True,-73175.189,-73175.196
2016,2020,44,41,85,Nb,changed,-0.0079999999870779,True,True,-66279.676,-66279.684
2016,2020,43,42,85,Mo,changed,-0.0070000000050640665,True,True,-57509.753,-57509.76
2016,2020,54,32,86,Ge,changed,-0.005000000004656613,False,True,-49399.922,-49399.927
2016,2020,53,33,86,As,changed,-0.008000000001629815,True,True,-58962.142,-58962.15
2016,2020,52,34,86,Se,changed,-0.008000000001629815,True,True,-70503.167,-70503.175
2016,2020,51,35,86,Br,changed,-0.00900000000547152,True,True,-75632.252,-75632.261
2016,2020,50,36,86,Kr,changed,-0.010289999991073273,True,True,-83265.66564,-83265.67593
2016,2020,49,37,86,Rb,changed,-0.00999999999476131,True,True,-82746.993,-82747.003
2016,2020,48,38,86,Sr,changed,-0.010420000005979091,True,True,-84523.08935,-84523.09977
2016,2020,47,39,86,Y,changed,-0.010999999998603016,True,True,-79283.089,-79283.1
2016,2020,46,40,86,Zr,changed,-0.00900000000547152,True,True,-77969.014,-77969.023
2016,2020,45,41,86,Nb,changed,-0.006999999997788109,True,True,-69134.054,-69134.061
2016,2020,44,42,86,Mo,changed,-0.6820000000006985,True,True,-64110.245,-64110.927
2016,2020,54,33,87,As,changed,-0.006999999997788109,True,True,-55617.907,-55617.914
2016,2020,53,34,87,Se,changed,-0.008000000001629815,True,True,-66426.125,-66426.133
2016,2020,52,35,87,Br,changed,-0.008999999990919605,True,True,-73891.676,-73891.685
2016,2020,51,36,87,Kr,changed,-0.00900000000547152,True,True,-80709.522,-80709.531
2016,2020,50,37,87,Rb,changed,-0.010999999998603016,True,True,-84597.791,-84597.802
2016,2020,49,38,87,Sr,changed,-0.010479999997187406,True,True,-84880.06595,-84880.07643
2016,2020,48,39,87,Y,changed,-0.010999999998603016,True,True,-83018.376,-83018.387
2016,2020,47,40,87,Zr,changed,-0.00999999999476131,True,True,-79347.137,-79347.147
2016,2020,46,41,87,Nb,changed,-0.006999999997788109,True,True,-73874.486,-73874.493
2016,2020,45,42,87,Mo,changed,-0.008999999990919605,True,True,-66884.808,-66884.817
2016,2020,44,43,87,Tc,changed,-0.008000000001629815,True,True,-57690.044,-57690.052
2016,2020,54,34,88,Se,changed,-0.008000000001629815,True,True,-63884.195,-63884.203
2016,2020,53,35,88,Br,changed,-0.008000000001629815,True,True,-70715.959,-70715.967
2016,2020,52,36,88,Kr,changed,-0.00900000000547152,True,True,-79691.286,-79691.295
2016,2020,51,37,88,Rb,changed,-0.00900000000547152,True,True,-82608.995,-82609.004
2016,2020,50,38,88,Sr,changed,-0.010830000013811514,True,True,-87921.61793,-87921.62876
2016,2020,49,39,88,Y,changed,-0.010999999998603016,True,True,-84299.018,-84299.029
2016,2020,48,40,88,Zr,changed,-0.0029999999969732016,True,True,-83628.871,-83628.874
2016,2020,47,41,88,Nb,changed,2.0310000000026776,True,True,-76173.586,-76171.555
2016,2020,46,42,88,Mo,changed,-0.00900000000547152,True,True,-72686.544,-72686.553
2016,2020,45,43,88,Tc,changed,11.014000000002852,True,True,-61681.315,-61670.301
2016,2020,55,34,89,Se,changed,-0.006999999997788109,True,True,-58992.391,-58992.398
2016,2020,54,35,89,Br,changed,-0.0079999999870779,True,True,-68274.263,-68274.271
2016,2020,53,36,89,Kr,changed,-0.00999999999476131,True,True,-76535.785,-76535.795
2016,2020,52,37,89,Rb,changed,-0.010999999998603016,True,True,-81712.388,-81712.399
2016,2020,51,38,89,Sr,changed,-0.008999999990919605,True,True,-86209.017,-86209.026
2016,2020,50,39,89,Y,changed,-2.8500000000058208,True,True,-87708.352,-87711.202
2016,2020,49,40,89,Zr,changed,-2.4130000000004657,True,True,-84875.561,-84877.974
2016,2020,48,41,89,Nb,changed,-0.5460000000020955,True,True,-80625.209,-80625.755
2016,2020,47,42,89,Mo,changed,-0.00900000000547152,True,True,-75014.935,-75014.944
2016,2020,46,43,89,Tc,changed,-0.00900000000547152,True,True,-67394.848,-67394.857
2016,2020,45,44,89,Ru,new,,True,True,,-58369.424
2016,2020,56,34,90,Se,changed,-0.006000000001222361,False,True,-55800.217,-55800.223
2016,2020,55,35,90,Br,changed,-0.007999999994353857,True,True,-64000.298,-64000.306
2016,2020,54,36,90,Kr,changed,-0.00900000000547152,True,True,-74959.25,-74959.259
2016,2020,53,37,90,Rb,changed,-1.169000000008964,True,True,-79364.404,-79365.573
2016,2020,52,38,90,Sr,changed,-2.8180000000138534,True,True,-85948.127,-85950.945
2016,2020,51,39,90,Y,changed,-2.849999999991269,True,True,-86494.062,-86496.912
2016,2020,50,40,90,Zr,changed,-0.012000000002444722,True,True,-88772.535,-88772.547
2016,2020,49,41,90,Nb,changed,-0.012000000002444722,True,True,-82661.519,-82661.531
2016,2020,48,42,90,Mo,changed,-0.010999999998603016,True,True,-80172.503,-80172.514
2016,2020,47,43,90,Tc,changed,-0.008999999990919605,True,True,-70724.687,-70724.696
2016,2020,46,44,90,Ru,changed,-0.008999999998195563,True,True,-64883.792,-64883.801
2016,2020,57,34,91,Se,changed,-0.005999999993946403,False,True,-50580.124,-50580.13
2016,2020,56,35,91,Br,changed,-0.006999999997788109,True,True,-61107.294,-61107.301
2016,2020,55,36,91,Kr,changed,-0.00900000000547152,True,True,-70973.965,-70973.974
2016,2020,54,37,91,Rb,changed,-0.012000000002444722,True,True,-77745.037,-77745.049
2016,2020,53,38,91,Sr,changed,-0.023000000001047738,True,True,-83651.927,-83651.95
2016,2020,52,39,91,Y,changed,-0.02599999999802094,True,True,-86351.295,-86351.321
2016,2020,51,40,91,Zr,changed,-0.02599999999802094,True,True,-87895.566,-87895.592
2016,2020,50,41,91,Nb,changed,-0.027000000001862645,True,True,-86638.001,-86638.028
2016,2020,49,42,91,Mo,changed,-0.013000000006286427,True,True,-82208.821,-82208.834
2016,2020,48,43,91,Tc,changed,-0.011000000013154931,True,True,-75986.646,-75986.657
2016,2020,47,44,91,Ru,changed,-0.00999999999476131,True,True,-68239.823,-68239.833
2016,2020,57,35,92,Br,changed,-0.006999999997788109,True,True,-56232.805,-56232.812
2016,2020,56,36,92,Kr,changed,-0.008999999990919605,True,True,-68769.32,-68769.329
2016,2020,55,37,92,Rb,changed,-0.012000000002444722,True,True,-74772.438,-74772.45
2016,2020,54,38,92,Sr,changed,-0.00999999999476131,True,True,-82867.361,-82867.371
2016,2020,53,39,92,Y,changed,-0.0020000000076834112,True,True,-84816.492,-84816.494
2016,2020,52,40,92,Zr,changed,0.004000000000814907,True,True,-88459.028,-88459.024
2016,2020,51,41,92,Nb,changed,0.0020000000076834112,True,True,-86453.292,-86453.29
2016,2020,50,42,92,Mo,changed,-0.010999999998603016,True,True,-86808.576,-86808.587
2016,2020,49,43,92,Tc,changed,-0.00999999999476131,True,True,-78925.693,-78925.703
2016,2020,48,44,92,Ru,changed,-0.00999999999476131,True,True,-74301.201,-74301.211
2016,2020,47,45,92,Rh,changed,-0.008000000001629815,True,True,-62999.087,-62999.095
2016,2020,46,46,92,Pd,new,,False,True,,-54779.095
2016,2020,58,35,93,Br,changed,-0.004999999997380655,False,True,-52890.23,-52890.235
2016,2020,57,36,93,Kr,changed,-0.008000000001629815,True,True,-64135.994,-64136.002
2016,2020,56,37,93,Rb,changed,0.0010000000038417056,True,True,-72619.901,-72619.9
2016,2020,55,38,93,Sr,changed,-0.005999999993946403,True,True,-80085.838,-80085.844
2016,2020,54,39,93,Y,changed,0.0020000000076834112,True,True,-84227.157,-84227.155
2016,2020,53,40,93,Zr,changed,0.004000000000814907,True,True,-87122.032,-87122.028
2016,2020,52,41,93,Nb,changed,-0.001999999993131496,True,True,-87212.838,-87212.84
2016,2020,51,42,93,Mo,changed,-0.00999999999476131,True,True,-86807.069,-86807.079
2016,2020,50,43,93,Tc,changed,-0.00999999999476131,True,True,-83606.106,-83606.116
2016,2020,49,44,93,Ru,changed,-0.00999999999476131,True,True,-77216.713,-77216.723
2016,2020,48,45,93,Rh,changed,-0.00999999999476131,True,True,-69011.8,-69011.81
2016,2020,47,46,93,Pd,new,,False,True,,-58981.81
2016,2020,58,36,94,Kr,changed,-0.008000000001629815,True,True,-61347.772,-61347.78
2016,2020,57,37,94,Rb,changed,-0.005999999993946403,True,True,-68562.785,-68562.791
2016,2020,56,38,94,Sr,changed,-0.010000000009313226,True,True,-78845.711,-78845.721
2016,2020,55,39,94,Y,changed,-0.00999999999476131,True,True,-82351.463,-82351.473
2016,2020,54,40,94,Zr,changed,-0.00999999999476131,True,True,-87269.322,-87269.332
2016,2020,53,41,94,Nb,changed,-0.0009999999892897904,True,True,-86369.062,-86369.063
2016,2020,52,42,94,Mo,changed,-0.013999999995576218,True,True,-88414.065,-88414.079
2016,2020,51,43,94,Tc,changed,-0.014999999999417923,True,True,-84158.317,-84158.332
2016,2020,50,44,94,Ru,changed,-0.010999999998603016,True,True,-82583.591,-82583.602
2016,2020,49,45,94,Rh,changed,-0.010000000009313226,True,True,-72907.613,-72907.623
2016,2020,48,46,94,Pd,changed,-0.013000000006286427,True,True,-66102.268,-66102.281
2016,2020,59,36,95,Kr,changed,-0.006999999997788109,True,True,-56158.913,-56158.92
2016,2020,58,37,95,Rb,changed,1.1860000000015134,True,True,-65891.493,-65890.307
2016,2020,57,38,95,Sr,changed,2.2670000000071013,True,True,-75119.551,-75117.284
2016,2020,56,39,95,Y,changed,0.9109999999927823,True,True,-81208.848,-81207.937
2016,2020,55,40,95,Zr,unchanged,0.0,True,True,-85659.94,-85659.94
2016,2020,54,41,95,Nb,changed,-0.013999999995576218,True,True,-86786.258,-86786.272
2016,2020,53,42,95,Mo,changed,-0.014000000010128133,True,True,-87711.858,-87711.872
2016,2020,52,43,95,Tc,changed,-0.013999999995576218,True,True,-86021.341,-86021.355
2016,2020,51,44,95,Ru,changed,-0.014000000010128133,True,True,-83457.745,-83457.759
2016,2020,50,45,95,Rh,changed,-0.00999999999476131,True,True,-78340.606,-78340.616
2016,2020,49,46,95,Pd,changed,-0.013000000006286427,True,True,-69965.9,-69965.913
2016,2020,60,36,96,Kr,changed,-2.004000000000815,True,True,-53079.678,-53081.682
2016,2020,59,37,96,Rb,changed,-0.0020000000004074536,True,True,-61354.349,-61354.351
2016,2020,58,38,96,Sr,changed,5.908999999999651,True,True,-72924.157,-72918.248
2016,2020,57,39,96,Y,changed,5.908999999999651,True,True,-78335.895,-78329.986
2016,2020,56,40,96,Zr,changed,-0.013999999995576218,True,True,-85438.846,-85438.86
2016,2020,55,41,96,Nb,changed,-0.013999999995576218,True,True,-85602.816,-85602.83
2016,2020,54,42,96,Mo,changed,-0.012999999991734512,True,True,-88794.876,-88794.889
2016,2020,53,43,96,Tc,changed,-0.013999999995576218,True,True,-85821.634,-85821.648
2016,2020,52,44,96,Ru,changed,-0.012999999991734512,True,True,-86080.372,-86080.385
2016,2020,51,45,96,Rh,changed,-0.014000000010128133,True,True,-79687.718,-79687.732
2016,2020,50,46,96,Pd,changed,-0.013999999995576218,True,True,-76183.406,-76183.42
2016,2020,49,47,96,Ag,changed,-0.008999999998195563,True,True,-64511.636,-64511.645
2016,2020,61,36,97,Kr,changed,-0.0070000000050640665,False,True,-47423.492,-47423.499
2016,2020,60,37,97,Rb,changed,-0.007999999994353857,True,True,-58519.137,-58519.145
2016,2020,59,38,97,Sr,changed,0.7799999999988358,True,True,-68581.454,-68580.674
2016,2020,58,39,97,Y,changed,5.9689999999973224,True,True,-76121.424,-76115.455
2016,2020,57,40,97,Zr,changed,5.967999999993481,True,True,-82942.661,-82936.693
2016,2020,56,41,97,Nb,changed,2.9789999999920838,True,True,-85605.776,-85602.797
2016,2020,55,42,97,Mo,changed,-0.008999999990919605,True,True,-87544.691,-87544.7
2016,2020,54,43,97,Tc,changed,-0.012000000002444722,True,True,-87224.424,-87224.436
2016,2020,53,44,97,Ru,changed,-0.012000000002444722,True,True,-86120.552,-86120.564
2016,2020,52,45,97,Rh,changed,-0.012000000002444722,True,True,-82597.552,-82597.564
2016,2020,51,46,97,Pd,changed,-0.00900000000547152,True,True,-77805.843,-77805.852
2016,2020,50,47,97,Ag,changed,-78.18400000000838,True,True,-70825.843,-70904.027
2016,2020,49,48,97,Cd,new,,False,True,,-60734.027
2016,2020,61,37,98,Rb,changed,-0.006000000001222361,True,True,-54369.146,-54369.152
2016,2020,60,38,98,Sr,changed,0.7150000000110595,True,True,-66423.104,-66422.389
2016,2020,59,39,98,Y,changed,6.028999999994994,True,True,-72294.777,-72288.748
2016,2020,58,40,98,Zr,changed,4.952000000004773,True,True,-81286.709,-81281.757
2016,2020,57,41,98,Nb,changed,-0.013999999995576218,True,True,-83524.598,-83524.612
2016,2020,56,42,98,Mo,changed,-0.008000000001629815,True,True,-88115.972,-88115.98
2016,2020,55,43,98,Tc,changed,-0.00900000000547152,True,True,-86432.205,-86432.214
2016,2020,54,44,98,Ru,changed,-0.013000000006286427,True,True,-88224.858,-88224.871
2016,2020,53,45,98,Rh,changed,-0.013999999995576218,True,True,-83175.205,-83175.219
2016,2020,52,46,98,Pd,changed,-0.00999999999476131,True,True,-81320.975,-81320.985
2016,2020,51,47,98,Ag,changed,-0.010000000009313226,True,True,-73066.415,-73066.425
2016,2020,50,48,98,Cd,changed,-0.010000000009313226,True,True,-67636.415,-67636.425
2016,2020,62,37,99,Rb,changed,-0.0070000000050640665,True,True,-51121.143,-51121.15
2016,2020,61,38,99,Sr,changed,2.8739999999961583,True,True,-62521.401,-62518.527
2016,2020,60,39,99,Y,changed,6.095000000001164,True,True,-70649.825,-70643.73
2016,2020,59,40,99,Zr,changed,3.9470000000001164,True,True,-77620.617,-77616.67
2016,2020,58,41,99,Nb,changed,-0.0029999999969732016,True,True,-82335.341,-82335.344
2016,2020,57,42,99,Mo,changed,-0.008000000001629815,True,True,-85970.098,-85970.106
2016,2020,56,43,99,Tc,changed,-0.007000000012340024,True,True,-87327.862,-87327.869
2016,2020,55,44,99,Ru,changed,-0.004000000000814907,True,True,-87625.381,-87625.385
2016,2020,54,45,99,Rh,changed,-3.2219999999942956,True,True,-85581.3,-85584.522
2016,2020,53,46,99,Pd,changed,-0.21000000000640284,True,True,-82182.651,-82182.861
2016,2020,52,47,99,Ag,changed,-0.00999999999476131,True,True,-76712.473,-76712.483
2016,2020,51,48,99,Cd,changed,-0.008999999990919605,True,True,-69931.123,-69931.132
2016,2020,63,37,100,Rb,changed,-18.81999999999971,True,True,-46247.064,-46265.884
2016,2020,62,38,100,Sr,changed,3.3980000000010477,True,True,-59820.903,-59817.505
2016,2020,61,39,100,Y,changed,6.154999999998836,True,True,-67327.396,-67321.241
2016,2020,60,40,100,Zr,changed,4.701000000000931,True,True,-76377.437,-76372.736
2016,2020,59,41,100,Nb,changed,6.153000000005704,True,True,-79797.399,-79791.246
2016,2020,58,42,100,Mo,changed,-0.004000000000814907,True,True,-86193.025,-86193.029
2016,2020,57,43,100,Tc,changed,-0.005999999993946403,True,True,-86020.945,-86020.951
2016,2020,56,44,100,Ru,changed,-0.0020000000076834112,True,True,-89227.389,-89227.391
2016,2020,55,45,100,Rh,changed,-0.004000000000814907,True,True,-85591.126,-85591.13
2016,2020,54,46,100,Pd,changed,0.10599999999976717,True,True,-85212.778,-85212.672
2016,2020,53,47,100,Ag,changed,-0.00999999999476131,True,True,-78137.959,-78137.969
2016,2020,52,48,100,Cd,changed,0.0010000000038417056,True,True,-74194.596,-74194.595
2016,2020,51,49,100,In,changed,134.82600000000093,True,True,-64312.972,-64178.146
2016,2020,50,50,100,Sn,changed,134.82600000000093,False,True,-57282.972,-57148.146
2016,2020,64,37,101,Rb,new,,True,True,,-42567.417
2016,2020,63,38,101,Sr,changed,-0.006999999997788109,True,True,-55324.907,-55324.914
2016,2020,62,39,101,Y,changed,6.2150000000037835,True,True,-65061.002,-65054.787
2016,2020,61,40,101,Zr,changed,4.970000000001164,True,True,-73165.957,-73160.987
2016,2020,60,41,101,Nb,changed,0.0029999999969732016,True,True,-78891.491,-78891.488
2016,2020,59,42,101,Mo,changed,-0.003000000011525117,True,True,-83519.949,-83519.952
2016,2020,58,43,101,Tc,changed,0.0010000000038417056,True,True,-86344.594,-86344.593
2016,2020,57,44,101,Ru,changed,0.0010000000038417056,True,True,-87958.114,-87958.113
2016,2020,56,45,101,Rh,changed,-0.012000000002444722,True,True,-87412.416,-87412.428
2016,2020,55,46,101,Pd,changed,-0.013000000006286427,True,True,-85432.132,-85432.145
2016,2020,54,47,101,Ag,changed,-0.010000000009313226,True,True,-81334.374,-81334.384
2016,2020,53,48,101,Cd,changed,-0.00999999999476131,True,True,-75836.456,-75836.466
2016,2020,52,49,101,In,new,,True,True,,-68544.901
2016,2020,51,50,101,Sn,changed,0.001999999993131496,False,True,-60305.626,-60305.624
2016,2020,65,37,102,Rb,new,,True,True,,-37252.312
2016,2020,64,38,102,Sr,changed,-0.0070000000050640665,True,True,-52159.304,-52159.311
2016,2020,63,39,102,Y,changed,0.5360000000000582,True,True,-61173.177,-61172.641
2016,2020,62,40,102,Zr,changed,6.279999999998836,True,True,-71587.707,-71581.427
2016,2020,61,41,102,Nb,changed,6.278999999994994,True,True,-76304.544,-76298.265
2016,2020,60,42,102,Mo,changed,5.195000000006985,True,True,-83566.061,-83560.866
2016,2020,59,43,102,Tc,changed,-0.043000000005122274,True,True,-84572.878,-84572.921
2016,2020,58,44,102,Ru,changed,0.0020000000076834112,True,True,-89106.437,-89106.435
2016,2020,57,45,102,Rh,changed,0.001999999993131496,True,True,-86783.318,-86783.316
2016,2020,56,46,102,Pd,changed,0.20799999999871943,True,True,-87903.171,-87902.963
2016,2020,55,47,102,Ag,changed,-0.010999999998603016,True,True,-82246.691,-82246.702
2016,2020,54,48,102,Cd,changed,-0.010999999998603016,True,True,-79659.691,-79659.702
2016,2020,53,49,102,In,changed,-0.011999999987892807,True,True,-70694.884,-70694.896
2016,2020,52,50,102,Sn,changed,-0.012000000002444722,False,True,-64934.884,-64934.896
2016,2020,64,39,103,Y,changed,0.5409999999974389,True,True,-58457.575,-58457.034
2016,2020,63,40,103,Zr,changed,6.341000000000349,True,True,-67815.334,-67808.993
2016,2020,62,41,103,Nb,changed,0.004000000000814907,True,True,-75028.671,-75028.667
2016,2020,61,42,103,Mo,changed,6.338999999992666,True,True,-80960.67,-80954.331
2016,2020,60,43,103,Tc,changed,-0.052999999999883585,True,True,-84603.867,-84603.92
2016,2020,59,44,103,Ru,changed,0.0029999999969732016,True,True,-87267.171,-87267.168
2016,2020,58,45,103,Rh,changed,0.0029999999969732016,True,True,-88031.708,-88031.705
2016,2020,57,46,103,Pd,changed,0.20900000000256114,True,True,-87457.189,-87456.98
2016,2020,56,47,103,Ag,changed,-0.010000000009313226,True,True,-84802.692,-84802.702
2016,2020,55,48,103,Cd,changed,-0.010000000009313226,True,True,-80651.616,-80651.626
2016,2020,54,49,103,In,changed,0.1940000000031432,True,True,-74632.591,-74632.397
2016,2020,64,40,104,Zr,changed,6.399999999994179,True,True,-65724.06,-65717.66
2016,2020,63,41,104,Nb,changed,8.014999999999418,True,True,-71819.012,-71810.997
2016,2020,62,42,104,Mo,changed,6.219999999986612,True,True,-80349.968,-80343.748
2016,2020,61,43,104,Tc,changed,4.475000000005821,True,True,-82503.444,-82498.969
2016,2020,60,44,104,Ru,changed,-0.052999999999883585,True,True,-88095.71,-88095.763
2016,2020,59,45,104,Rh,changed,0.004000000000814907,True,True,-86959.348,-86959.344
2016,2020,58,46,104,Pd,changed,-0.01800000001094304,True,True,-89395.105,-89395.123
2016,2020,57,47,104,Ag,changed,-0.017999999996391125,True,True,-85116.452,-85116.47
2016,2020,56,48,104,Cd,changed,-0.010999999998603016,True,True,-83968.38,-83968.391
2016,2020,55,49,104,In,changed,-0.010000000009313226,True,True,-76182.665,-76182.675
2016,2020,54,50,104,Sn,changed,-0.00999999999476131,True,True,-71627.047,-71627.057
2016,2020,52,52,104,Te,new,,False,True,,-49626.831
2016,2020,65,40,105,Zr,changed,6.459999999999127,True,True,-61464.734,-61458.274
2016,2020,64,41,105,Nb,changed,0.004000000000814907,True,True,-69915.551,-69915.547
2016,2020,63,42,105,Mo,changed,6.353000000002794,True,True,-77337.141,-77330.788
2016,2020,62,43,105,Tc,changed,3.7850000000034925,True,True,-82290.088,-82286.303
2016,2020,61,44,105,Ru,changed,-0.052999999999883585,True,True,-85934.49,-85934.543
2016,2020,60,45,105,Rh,changed,-0.027000000001862645,True,True,-87851.243,-87851.27
2016,2020,59,46,105,Pd,changed,-0.01699999999254942,True,True,-88417.888,-88417.905
2016,2020,58,47,105,Ag,changed,-0.012000000002444722,True,True,-87070.836,-87070.848
2016,2020,57,48,105,Cd,changed,-0.00999999999476131,True,True,-84333.839,-84333.849
2016,2020,56,49,105,In,changed,-0.00999999999476131,True,True,-79640.572,-79640.582
2016,2020,55,50,105,Sn,changed,-0.00900000000547152,True,True,-73337.992,-73338.001
2016,2020,54,51,105,Sb,changed,-0.008999999998195563,True,True,-64015.482,-64015.491
2016,2020,53,52,105,Te,changed,0.0010000000038417056,False,True,-52811.51,-52811.509
2016,2020,65,41,106,Nb,changed,0.6790000000037253,True,True,-66203.357,-66202.678
2016,2020,64,42,106,Mo,changed,6.525000000008731,True,True,-76134.528,-76128.003
2016,2020,63,43,106,Tc,changed,-0.029999999998835847,True,True,-79776.223,-79776.253
2016,2020,62,44,106,Ru,changed,-0.029999999998835847,True,True,-86323.223,-86323.253
2016,2020,61,45,106,Rh,changed,-0.029000000009546056,True,True,-86362.627,-86362.656
2016,2020,60,46,106,Pd,changed,-0.01600000000325963,True,True,-89907.527,-89907.543
2016,2020,59,47,106,Ag,changed,-0.01600000000325963,True,True,-86942.383,-86942.399
2016,2020,58,48,106,Cd,changed,-0.014999999999417923,True,True,-87132.138,-87132.153
2016,2020,57,49,106,In,changed,-0.015999999988707714,True,True,-80608.134,-80608.15
2016,2020,56,50,106,Sn,changed,-0.010999999998603016,True,True,-77353.687,-77353.698
2016,2020,55,51,106,Sb,changed,-0.00900000000547152,True,True,-66473.292,-66473.301
2016,2020,54,52,106,Te,changed,-0.010999999998603016,False,True,-58219.748,-58219.759
2016,2020,66,41,107,Nb,changed,0.004999999997380655,True,True,-63723.81,-63723.805
2016,2020,65,42,107,Mo,changed,6.584999999991851,True,True,-72551.56,-72544.975
2016,2020,64,43,107,Tc,changed,-0.052999999999883585,True,True,-78749.914,-78749.967
2016,2020,63,44,107,Ru,changed,-0.052999999999883585,True,True,-83862.512,-83862.565
2016,2020,62,45,107,Rh,changed,-0.008000000001629815,True,True,-86863.703,-86863.711
2016,2020,61,46,107,Pd,changed,-0.014999999999417923,True,True,-88372.639,-88372.654
2016,2020,60,47,107,Ag,changed,-0.029999999998835847,True,True,-88406.67,-88406.7
2016,2020,59,48,107,Cd,changed,-0.0639999999984866,True,True,-86990.261,-86990.325
2016,2020,58,49,107,In,changed,-2.4060000000026776,True,True,-83564.261,-83566.667
2016,2020,57,50,107,Sn,changed,-0.010999999998603016,True,True,-78512.228,-78512.239
2016,2020,56,51,107,Sb,changed,-0.00900000000547152,True,True,-70653.239,-70653.248
2016,2020,67,41,108,Nb,changed,0.5670000000027358,True,True,-59545.765,-59545.198
2016,2020,66,42,108,Mo,changed,6.644999999989523,True,True,-70755.942,-70749.297
2016,2020,65,43,108,Tc,changed,-0.052999999999883585,True,True,-75922.778,-75922.831
2016,2020,64,44,108,Ru,changed,-0.053999999989173375,True,True,-83661.35,-83661.404
2016,2020,63,45,108,Rh,changed,0.5650000000023283,True,True,-85031.721,-85031.156
2016,2020,62,46,108,Pd,changed,-0.008999999990919605,True,True,-89524.206,-89524.215
2016,2020,61,47,108,Ag,changed,-0.02899999999499414,True,True,-87606.763,-87606.792
2016,2020,60,48,108,Cd,changed,-0.008999999990919605,True,True,-89252.414,-89252.423
2016,2020,59,49,108,In,changed,-0.008999999990919605,True,True,-84119.819,-84119.828
2016,2020,58,50,108,Sn,changed,-0.010999999998603016,True,True,-82069.938,-82069.949
2016,2020,57,51,108,Sb,changed,-0.00999999999476131,True,True,-72445.331,-72445.341
2016,2020,56,52,108,Te,changed,-0.00900000000547152,True,True,-65781.667,-65781.676
2016,2020,54,54,108,Xe,new,,False,True,,-42632.357
2016,2020,68,41,109,Nb,changed,-0.006000000001222361,False,True,-56689.794,-56689.8
2016,2020,67,42,109,Mo,changed,6.710999999995693,True,True,-66665.996,-66659.285
2016,2020,66,43,109,Tc,changed,-0.052999999999883585,True,True,-74282.775,-74282.828
2016,2020,65,44,109,Ru,changed,-0.05400000000372529,True,True,-80738.401,-80738.455
2016,2020,64,45,109,Rh,changed,0.20399999999790452,True,True,-84999.455,-84999.251
2016,2020,63,46,109,Pd,changed,-0.008000000001629815,True,True,-87606.476,-87606.484
2016,2020,62,47,109,Ag,changed,-0.004999999990104698,True,True,-88719.426,-88719.431
2016,2020,61,48,109,Cd,changed,-0.00900000000547152,True,True,-88504.321,-88504.33
2016,2020,60,49,109,In,changed,-0.014999999999417923,True,True,-86489.511,-86489.526
2016,2020,59,50,109,Sn,changed,0.004000000000814907,True,True,-82630.184,-82630.18
2016,2020,58,51,109,Sb,changed,-0.00900000000547152,True,True,-76250.977,-76250.986
2016,2020,57,52,109,Te,changed,-0.00900000000547152,True,True,-67715.39,-67715.399
2016,2020,56,53,109,I,changed,-0.008999999998195563,True,True,-57672.496,-57672.505
2016,2020,55,54,109,Xe,changed,0.0020000000004074536,False,True,-46169.548,-46169.546
2016,2020,69,41,110,Nb,changed,-0.004999999997380655,False,True,-52309.909,-52309.914
2016,2020,68,42,110,Mo,changed,6.77100000000064,True,True,-64542.585,-64535.814
2016,2020,67,43,110,Tc,changed,-0.05400000000372529,True,True,-71034.51,-71034.564
2016,2020,66,44,110,Ru,changed,-0.052999999999883585,True,True,-80072.576,-80072.629
2016,2020,65,45,110,Rh,changed,-0.006999999997788109,True,True,-82828.686,-82828.693
2016,2020,64,46,110,Pd,changed,0.0010000000038417056,True,True,-88330.905,-88330.904
2016,2020,63,47,110,Ag,changed,-0.004000000000814907,True,True,-87457.302,-87457.306
2016,2020,62,48,110,Cd,unchanged,0.0,True,True,-90347.969,-90347.969
2016,2020,61,49,110,In,unchanged,0.0,True,True,-86469.969,-86469.969
2016,2020,60,50,110,Sn,changed,-0.010000000009313226,True,True,-85841.983,-85841.993
2016,2020,59,51,110,Sb,changed,-0.010999999998603016,True,True,-77449.734,-77449.745
2016,2020,58,52,110,Te,changed,-0.00999999999476131,True,True,-72229.811,-72229.821
2016,2020,57,53,110,I,changed,-3.6679999999978463,True,True,-60464.176,-60467.844
2016,2020,56,54,110,Xe,changed,-0.010999999998603016,False,True,-51922.625,-51922.636
2016,2020,69,42,111,Mo,changed,-0.05200000000331784,True,True,-59939.761,-59939.813
2016,2020,68,43,111,Tc,changed,-0.052999999999883585,True,True,-69024.622,-69024.675
2016,2020,67,44,111,Ru,changed,-0.05400000000372529,True,True,-76785.271,-76785.325
2016,2020,66,45,111,Rh,changed,0.5810000000055879,True,True,-82304.452,-82303.871
2016,2020,65,46,111,Pd,changed,0.0020000000076834112,True,True,-85985.888,-85985.886
2016,2020,64,47,111,Ag,unchanged,0.0,True,True,-88215.447,-88215.447
2016,2020,63,48,111,Cd,unchanged,0.0,True,True,-89252.247,-89252.247
2016,2020,62,49,111,In,changed,-0.006999999997788109,True,True,-88392.043,-88392.05
2016,2020,61,50,111,Sn,changed,0.005999999993946403,True,True,-85938.587,-85938.581
2016,2020,60,51,111,Sb,changed,-0.010999999998603016,True,True,-80836.736,-80836.747
2016,2020,59,52,111,Te,changed,-0.00999999999476131,True,True,-73587.477,-73587.487
2016,2020,58,53,111,I,changed,-0.00999999999476131,True,True,-64953.785,-64953.795
2016,2020,69,43,112,Tc,changed,0.006000000001222361,True,True,-65258.938,-65258.932
2016,2020,68,44,112,Ru,changed,-0.055000000007566996,True,True,-75630.818,-75630.873
2016,2020,67,45,112,Rh,changed,0.4510000000009313,True,True,-79731.503,-79731.052
2016,2020,66,46,112,Pd,changed,0.5230000000010477,True,True,-86321.562,-86321.039
2016,2020,65,47,112,Ag,changed,-0.011000000013154931,True,True,-86583.718,-86583.729
2016,2020,64,48,112,Cd,changed,0.001999999993131496,True,True,-90574.859,-90574.857
2016,2020,63,49,112,In,changed,0.004000000000814907,True,True,-87990.131,-87990.127
2016,2020,62,50,112,Sn,changed,0.006999999997788109,True,True,-88655.056,-88655.049
2016,2020,61,51,112,Sb,changed,-0.008000000001629815,True,True,-81598.965,-81598.973
2016,2020,60,52,112,Te,changed,-0.00999999999476131,True,True,-77567.508,-77567.518
2016,2020,59,53,112,I,changed,-0.00900000000547152,True,True,-67063.33,-67063.339
2016,2020,58,54,112,Xe,changed,-0.00999999999476131,True,True,-60026.338,-60026.348
2016,2020,70,43,113,Tc,changed,-0.008000000001629815,True,True,-62811.541,-62811.549
2016,2020,69,44,113,Ru,changed,0.3029999999998836,True,True,-71868.119,-71867.816
2016,2020,68,45,113,Rh,changed,0.591999999989639,True,True,-78767.536,-78766.944
2016,2020,67,46,113,Pd,changed,0.592000000004191,True,True,-83591.092,-83590.5
2016,2020,66,47,113,Ag,changed,-0.0029999999969732016,True,True,-87026.822,-87026.825
2016,2020,65,48,113,Cd,changed,-0.001999999993131496,True,True,-89043.284,-89043.286
2016,2020,64,49,113,In,changed,-0.0060000000084983185,True,True,-89367.117,-89367.123
2016,2020,63,50,113,Sn,changed,0.0029999999969732016,True,True,-88328.132,-88328.129
2016,2020,62,51,113,Sb,changed,0.001999999993131496,True,True,-84416.968,-84416.966
2016,2020,61,52,113,Te,changed,-0.008000000001629815,True,True,-78347.029,-78347.037
2016,2020,60,53,113,I,changed,-0.010000000009313226,True,True,-71119.507,-71119.517
2016,2020,59,54,113,Xe,changed,-0.007999999994353857,True,True,-62203.618,-62203.626
2016,2020,58,55,113,Cs,changed,-0.008999999998195563,True,True,-51764.53,-51764.539
2016,2020,71,43,114,Tc,changed,-0.006000000001222361,False,True,-58600.288,-58600.294
2016,2020,70,44,114,Ru,changed,0.5979999999981374,True,True,-70221.811,-70221.213
2016,2020,69,45,114,Rh,changed,0.35000000000582077,True,True,-75710.625,-75710.275
2016,2020,68,46,114,Pd,changed,0.5969999999942956,True,True,-83490.943,-83490.346
2016,2020,67,47,114,Ag,changed,-0.010999999998603016,True,True,-84930.8,-84930.811
2016,2020,66,48,114,Cd,changed,-0.001999999993131496,True,True,-90014.932,-90014.934
2016,2020,65,49,114,In,changed,-0.005999999993946403,True,True,-88569.801,-88569.807
2016,2020,64,50,114,Sn,changed,-0.012000000002444722,True,True,-90559.723,-90559.735
2016,2020,63,51,114,Sb,changed,-0.04200000000128057,True,True,-84496.574,-84496.616
2016,2020,62,52,114,Te,changed,-1.1070000000036089,True,True,-81888.569,-81889.676
2016,2020,61,53,114,I,new,,True,True,,-72638.935
2016,2020,60,54,114,Xe,changed,-0.00900000000547152,True,True,-67085.89,-67085.899
2016,2020,59,55,114,Cs,changed,-3.6670000000012806,True,True,-54682.261,-54685.928
2016,2020,58,56,114,Ba,changed,-0.010999999998603016,False,True,-45905.426,-45905.437
2016,2020,71,44,115,Ru,changed,84.43799999999464,True,True,-66189.734,-66105.296
2016,2020,70,45,115,Rh,changed,0.603000000002794,True,True,-74229.831,-74229.228
2016,2020,69,46,115,Pd,changed,0.5639999999984866,True,True,-80426.386,-80425.822
2016,2020,68,47,115,Ag,changed,0.0669999999954598,True,True,-84982.654,-84982.587
2016,2020,67,48,115,Cd,changed,-0.0009999999892897904,True,True,-88084.479,-88084.48
2016,2020,66,49,115,In,changed,-0.010999999998603016,True,True,-89536.346,-89536.357
2016,2020,65,50,115,Sn,changed,-0.010999999998603016,True,True,-90033.835,-90033.846
2016,2020,64,51,115,Sb,changed,-0.008999999990919605,True,True,-87003.403,-87003.412
2016,2020,63,52,115,Te,changed,-0.008000000001629815,True,True,-82062.759,-82062.767
2016,2020,62,53,115,I,changed,-0.0079999999870779,True,True,-76337.797,-76337.805
2016,2020,61,54,115,Xe,changed,-0.008999999990919605,True,True,-68656.748,-68656.757
2016,2020,72,44,116,Ru,changed,-0.008000000001629815,True,True,-64068.909,-64068.917
2016,2020,71,45,116,Rh,changed,0.3800000000046566,True,True,-70736.122,-70735.742
2016,2020,70,46,116,Pd,changed,0.6089999999967404,True,True,-79831.635,-79831.026
2016,2020,69,47,116,Ag,changed,-0.010999999998603016,True,True,-82542.653,-82542.664
2016,2020,68,48,116,Cd,changed,-0.00900000000547152,True,True,-88712.48,-88712.489
2016,2020,67,49,116,In,changed,-0.00900000000547152,True,True,-88249.749,-88249.758
2016,2020,66,50,116,Sn,changed,-0.00900000000547152,True,True,-91525.97,-91525.979
2016,2020,65,51,116,Sb,changed,0.1299999999901047,True,True,-86822.15,-86822.02
2016,2020,64,52,116,Te,changed,5.16799999999057,True,True,-85268.961,-85263.793
2016,2020,63,53,116,I,changed,71.58200000000943,True,True,-77492.236,-77420.654
2016,2020,62,54,116,Xe,changed,-0.15299999999115244,True,True,-73046.724,-73046.877
2016,2020,73,44,117,Ru,changed,-0.006000000001222361,False,True,-59489.865,-59489.871
2016,2020,72,45,117,Rh,changed,0.6150000000052387,True,True,-68897.373,-68896.758
2016,2020,71,46,117,Pd,changed,0.5869999999995343,True,True,-76424.477,-76423.89
2016,2020,70,47,117,Ag,changed,0.09599999999045394,True,True,-82182.014,-82181.918
2016,2020,69,48,117,Cd,changed,-0.008000000001629815,True,True,-86418.389,-86418.397
2016,2020,68,49,117,In,changed,0.006999999997788109,True,True,-88943.042,-88943.035
2016,2020,67,50,117,Sn,changed,0.00900000000547152,True,True,-90397.751,-90397.742
2016,2020,66,51,117,Sb,changed,-0.024999999994179234,True,True,-88639.539,-88639.564
2016,2020,65,52,117,Te,changed,-0.08900000000721775,True,True,-85095.411,-85095.5
2016,2020,64,53,117,I,changed,-2.4909999999945285,True,True,-80436.077,-80438.568
2016,2020,63,54,117,Xe,changed,-0.00999999999476131,True,True,-74185.337,-74185.347
2016,2020,62,55,117,Cs,changed,-0.008999999990919605,True,True,-66493.092,-66493.101
2016,2020,61,56,117,Ba,changed,-0.15300000000570435,False,True,-57457.753,-57457.906
2016,2020,73,45,118,Rh,changed,0.6200000000026193,True,True,-64887.46,-64886.84
2016,2020,72,46,118,Pd,changed,0.3880000000062864,True,True,-75388.746,-75388.358
2016,2020,71,47,118,Ag,changed,-0.00999999999476131,True,True,-79553.792,-79553.802
2016,2020,70,48,118,Cd,changed,-0.008000000001629815,True,True,-86701.641,-86701.649
2016,2020,69,49,118,In,changed,0.033999999999650754,True,True,-87228.211,-87228.177
2016,2020,68,50,118,Sn,changed,0.010000000009313226,True,True,-91652.853,-91652.843
2016,2020,67,51,118,Sb,changed,0.00900000000547152,True,True,-87996.213,-87996.204
2016,2020,66,52,118,Te,changed,5.826000000000931,True,True,-87696.584,-87690.758
2016,2020,65,53,118,I,changed,-0.008000000001629815,True,True,-80971.048,-80971.056
2016,2020,64,54,118,Xe,changed,-0.00999999999476131,True,True,-78079.057,-78079.067
2016,2020,63,55,118,Cs,changed,-0.00999999999476131,True,True,-68409.367,-68409.377
2016,2020,74,45,119,Rh,changed,-0.008000000001629815,True,True,-62822.794,-62822.802
2016,2020,73,46,119,Pd,changed,0.625,True,True,-71407.902,-71407.277
2016,2020,72,47,119,Ag,changed,0.005999999993946403,True,True,-78645.765,-78645.759
2016,2020,71,48,119,Cd,changed,0.1290000000008149,True,True,-83977.068,-83976.939
2016,2020,70,49,119,In,changed,0.6230000000068685,True,True,-87699.281,-87698.658
2016,2020,69,50,119,Sn,changed,0.036999999996623956,True,True,-90065.022,-90064.985
2016,2020,68,51,119,Sb,changed,-1.3590000000112923,True,True,-89474.18,-89475.539
2016,2020,67,52,119,Te,changed,-1.3590000000112923,True,True,-87181.18,-87182.539
2016,2020,66,53,119,I,changed,-12.201000000000931,True,True,-83765.53,-83777.731
2016,2020,65,54,119,Xe,changed,-0.07499999999708962,True,True,-78794.413,-78794.488
2016,2020,64,55,119,Cs,changed,-0.00999999999476131,True,True,-72305.051,-72305.061
2016,2020,63,56,119,Ba,changed,-0.00999999999476131,False,True,-64590.086,-64590.096
2016,2020,74,46,120,Pd,changed,0.4459999999962747,True,True,-70280.05,-70279.604
2016,2020,73,47,120,Ag,changed,-0.010000000009313226,True,True,-75651.502,-75651.512
2016,2020,72,48,120,Cd,changed,-0.010999999998603016,True,True,-83957.354,-83957.365
2016,2020,71,49,120,In,changed,0.6280000000115251,True,True,-85728.369,-85727.741
2016,2020,70,50,120,Sn,changed,0.6280000000115251,True,True,-91098.369,-91097.741
2016,2020,69,51,120,Sb,changed,0.6279999999969732,True,True,-88417.761,-88417.133
2016,2020,68,52,120,Te,changed,5.826999999990221,True,True,-89367.987,-89362.16
2016,2020,67,53,120,I,changed,5.826999999990221,True,True,-83752.987,-83747.16
2016,2020,66,54,120,Xe,changed,-0.010999999998603016,True,True,-82172.423,-82172.434
2016,2020,65,55,120,Cs,changed,-0.010000000009313226,True,True,-73888.639,-73888.649
2016,2020,64,56,120,Ba,changed,-0.010000000009313226,False,True,-68888.639,-68888.649
2016,2020,76,45,121,Rh,changed,-0.006000000001222361,False,True,-56250.128,-56250.134
2016,2020,75,46,121,Pd,changed,-0.008000000001629815,True,True,-66182.329,-66182.337
2016,2020,74,47,121,Ag,changed,-0.010000000009313226,True,True,-74402.821,-74402.831
2016,2020,73,48,121,Cd,changed,-0.010999999998603016,True,True,-81073.826,-81073.837
2016,2020,72,49,121,In,changed,1.3810000000084983,True,True,-85835.974,-85834.593
2016,2020,71,50,121,Sn,changed,0.6389999999955762,True,True,-89197.265,-89196.626
2016,2020,70,51,121,Sb,changed,1.1639999999897555,True,True,-89600.321,-89599.157
2016,2020,69,52,121,Te,changed,2.3909999999887077,True,True,-88545.502,-88543.111
2016,2020,68,53,121,I,changed,5.7999999999883585,True,True,-86251.449,-86245.649
2016,2020,67,54,121,Xe,changed,-0.010999999998603016,True,True,-82480.986,-82480.997
2016,2020,66,55,121,Cs,changed,-0.010999999998603016,True,True,-77102.331,-77102.342
2016,2020,65,56,121,Ba,changed,-0.00999999999476131,False,True,-70744.837,-70744.847
2016,2020,76,46,122,Pd,changed,-0.008000000001629815,True,True,-64616.161,-64616.169
2016,2020,75,47,122,Ag,changed,-0.010000000009313226,True,True,-71106.108,-71106.118
2016,2020,74,48,122,Cd,changed,-0.010000000009313226,True,True,-80612.374,-80612.384
2016,2020,73,49,122,In,changed,1.3799999999901047,True,True,-83572.741,-83571.361
2016,2020,72,50,122,Sn,changed,1.3800000000046566,True,True,-89941.333,-89939.953
2016,2020,71,51,122,Sb,changed,1.1649999999935972,True,True,-88335.37,-88334.205
2016,2020,70,52,122,Te,changed,1.1779999999998836,True,True,-90314.46,-90313.282
2016,2020,69,53,122,I,changed,1.1779999999998836,True,True,-86080.46,-86079.282
2016,2020,68,54,122,Xe,changed,-0.010999999998603016,True,True,-85354.977,-85354.988
2016,2020,67,55,122,Cs,changed,-0.00999999999476131,True,True,-78144.759,-78144.769
2016,2020,66,56,122,Ba,changed,-0.008000000001629815,True,True,-74608.944,-74608.952
2016,2020,77,46,123,Pd,changed,-0.006000000001222361,False,True,-60429.742,-60429.748
2016,2020,76,47,123,Ag,changed,-20.503000000011525,True,True,-69548.078,-69568.581
2016,2020,75,48,123,Cd,changed,-0.0020000000076834112,True,True,-77414.181,-77414.183
2016,2020,74,49,123,In,changed,1.3190000000031432,True,True,-83430.353,-83429.034
2016,2020,73,50,123,Sn,changed,1.4979999999923166,True,True,-87816.181,-87814.683
2016,2020,72,51,123,Sb,changed,1.1790000000037253,True,True,-89224.069,-89222.89
2016,2020,71,52,123,Te,changed,1.1779999999998836,True,True,-89172.156,-89170.978
2016,2020,70,53,123,I,changed,1.1389999999955762,True,True,-87943.727,-87942.588
2016,2020,69,54,123,Xe,changed,0.4429999999993015,True,True,-85248.701,-85248.258
2016,2020,68,55,123,Cs,changed,-0.011000000013154931,True,True,-81043.646,-81043.657
2016,2020,67,56,123,Ba,changed,-0.010000000009313226,True,True,-75654.953,-75654.963
2016,2020,77,47,124,Ag,changed,-29.81699999999546,False,True,-66200.134,-66229.951
2016,2020,76,48,124,Cd,changed,2.236000000004424,True,True,-76701.672,-76699.436
2016,2020,75,49,124,In,changed,2.422999999995227,True,True,-80870.201,-80867.778
2016,2020,74,50,124,Sn,changed,2.7179999999934807,True,True,-88234.193,-88231.475
2016,2020,73,51,124,Sb,changed,1.1790000000037253,True,True,-87620.248,-87619.069
2016,2020,72,52,124,Te,changed,1.1789999999891734,True,True,-90525.321,-90524.142
2016,2020,71,53,124,I,changed,1.1790000000037253,True,True,-87365.734,-87364.555
2016,2020,70,54,124,Xe,changed,-5.98399999999674,True,True,-87661.421,-87667.405
2016,2020,69,55,124,Cs,changed,-9.72599999999511,True,True,-81731.334,-81741.06
2016,2020,68,56,124,Ba,changed,-0.010999999998603016,True,True,-79089.775,-79089.786
2016,2020,67,57,124,La,changed,-0.006999999997788109,True,True,-70258.61,-70258.617
2016,2020,78,47,125,Ag,changed,-0.006999999997788109,False,True,-64519.932,-64519.939
2016,2020,77,48,125,Cd,changed,0.005000000004656613,True,True,-73348.095,-73348.09
2016,2020,76,49,125,In,changed,64.49699999998847,True,True,-80476.805,-80412.308
2016,2020,75,50,125,Sn,changed,2.7189999999973224,True,True,-85896.376,-85893.657
2016,2020,74,51,125,Sb,changed,1.180000000007567,True,True,-88256.274,-88255.094
2016,2020,73,52,125,Te,changed,1.180000000007567,True,True,-89022.974,-89021.794
2016,2020,72,53,125,I,changed,1.179999999993015,True,True,-88837.204,-88836.024
2016,2020,71,54,125,Xe,changed,-5.980000000010477,True,True,-87193.381,-87199.361
2016,2020,70,55,125,Cs,changed,-1.7920000000012806,True,True,-84087.95,-84089.742
2016,2020,69,56,125,Ba,changed,-0.010999999998603016,True,True,-79668.965,-79668.976
2016,2020,68,57,125,La,changed,-0.008000000001629815,True,True,-73759.484,-73759.492
2016,2020,78,48,126,Cd,changed,1.0749999999970896,True,True,-72256.802,-72255.727
2016,2020,77,49,126,In,changed,-36.46899999999732,True,True,-77772.908,-77809.377
2016,2020,76,50,126,Sn,changed,0.10500000001047738,True,True,-86015.24,-86015.135
2016,2020,75,51,126,Sb,changed,0.10500000001047738,True,True,-86393.24,-86393.135
2016,2020,74,52,126,Te,changed,1.179999999993015,True,True,-90065.348,-90064.168
2016,2020,73,53,126,I,changed,0.8220000000001164,True,True,-87911.318,-87910.496
2016,2020,72,54,126,Xe,changed,0.5751299999974435,True,True,-89146.962,-89146.38687
2016,2020,71,55,126,Cs,changed,0.14599999999336433,True,True,-84350.829,-84350.683
2016,2020,70,56,126,Ba,changed,-0.010999999998603016,True,True,-82669.902,-82669.913
2016,2020,69,57,126,La,changed,-0.008000000001629815,True,True,-74973.468,-74973.476
2016,2020,68,58,126,Ce,changed,-0.006999999997788109,True,True,-70820.558,-70820.565
2016,2020,79,48,127,Cd,changed,6.203000000008615,True,True,-68747.402,-68741.199
2016,2020,78,49,127,In,changed,16.286999999996624,True,True,-76896.184,-76879.897
2016,2020,77,50,127,Sn,changed,1.2250000000058208,True,True,-83470.803,-83469.578
2016,2020,76,51,127,Sb,changed,1.1830000000045402,True,True,-86699.477,-86698.294
2016,2020,75,52,127,Te,changed,1.1809999999968568,True,True,-88281.678,-88280.497
2016,2020,74,53,127,I,changed,0.6919999999954598,True,True,-88983.909,-88983.217
2016,2020,73,54,127,Xe,changed,0.6769999999960419,True,True,-88321.56,-88320.883
2016,2020,72,55,127,Cs,changed,0.1269999999931315,True,True,-86240.154,-86240.027
2016,2020,71,56,127,Ba,changed,-0.010999999998603016,True,True,-82817.944,-82817.955
2016,2020,70,57,127,La,changed,-0.008000000001629815,True,True,-77896.108,-77896.116
2016,2020,69,58,127,Ce,changed,-0.008000000001629815,True,True,-71979.336,-71979.344
2016,2020,80,48,128,Cd,changed,3.6450000000040745,True,True,-67241.89,-67238.245
2016,2020,79,49,128,In,changed,-44.1759999999922,True,True,-74145.941,-74190.117
2016,2020,78,50,128,Sn,changed,0.5780000000086147,True,True,-83362.008,-83361.43
2016,2020,77,51,128,Sb,changed,0.43399999999383,True,True,-84630.286,-84629.852
2016,2020,76,52,128,Te,changed,-0.07799999999406282,True,True,-88993.716,-88993.794
2016,2020,75,53,128,I,changed,0.6940000000031432,True,True,-87738.724,-87738.03
2016,2020,74,54,128,Xe,changed,-0.23627000000851694,True,True,-89860.298,-89860.53427
2016,2020,73,55,128,Cs,changed,-0.1919999999954598,True,True,-85931.581,-85931.773
2016,2020,72,56,128,Ba,changed,9.34100000000035,True,True,-85378.497,-85369.156
2016,2020,71,57,128,La,changed,-0.008000000001629815,True,True,-78625.431,-78625.439
2016,2020,70,58,128,Ce,changed,-0.008000000001629815,True,True,-75533.917,-75533.925
2016,2020,69,59,128,Pr,changed,-0.006999999997788109,True,True,-66330.757,-66330.764
2016,2020,81,48,129,Cd,changed,-64.09599999999773,True,True,-63058.046,-63122.142
2016,2020,80,49,129,In,changed,2.831000000005588,True,True,-72837.72,-72834.889
2016,2020,79,50,129,Sn,changed,0.3060000000114087,True,True,-80590.903,-80590.597
2016,2020,78,51,129,Sb,changed,-0.07700000000477303,True,True,-84629.307,-84629.384
2016,2020,77,52,129,Te,changed,-0.07700000000477303,True,True,-87004.807,-87004.884
2016,2020,76,53,129,I,changed,-0.05100000000675209,True,True,-88507.125,-88507.176
2016,2020,75,54,129,Xe,changed,-0.010790000000270084,True,True,-88696.05896,-88696.06975
2016,2020,74,55,129,Cs,changed,0.1959999999962747,True,True,-87499.246,-87499.05
2016,2020,73,56,129,Ba,changed,2.3320000000094296,True,True,-85063.198,-85060.866
2016,2020,72,57,129,La,changed,1.0320000000065193,True,True,-81324.573,-81323.541
2016,2020,71,58,129,Ce,changed,-0.008000000001629815,True,True,-76287.496,-76287.504
2016,2020,70,59,129,Pr,changed,-0.008000000001629815,True,True,-69773.558,-69773.566
2016,2020,82,48,130,Cd,changed,-0.008000000001629815,True,True,-61117.589,-61117.597
2016,2020,81,49,130,In,changed,-23.323999999993248,True,True,-69883.206,-69906.53
2016,2020,80,50,130,Sn,changed,-0.010999999998603016,True,True,-80132.206,-80132.217
2016,2020,79,51,130,Sb,changed,-0.010999999998603016,True,True,-82285.676,-82285.687
2016,2020,78,52,130,Te,changed,-0.011000000013154931,True,True,-87352.949,-87352.96
2016,2020,77,53,130,I,changed,-0.04999999998835847,True,True,-86936.138,-86936.188
2016,2020,76,54,130,Xe,changed,-0.010999999998603016,True,True,-89880.463,-89880.474
2016,2020,75,55,130,Cs,changed,-0.010999999998603016,True,True,-86899.743,-86899.754
2016,2020,74,56,130,Ba,changed,4.767999999996391,True,True,-87261.544,-87256.776
2016,2020,73,57,130,La,changed,-0.008000000001629815,True,True,-81627.366,-81627.374
2016,2020,72,58,130,Ce,changed,-0.008000000001629815,True,True,-79422.905,-79422.913
2016,2020,71,59,130,Pr,changed,-0.007000000012340024,True,True,-71175.457,-71175.464
2016,2020,70,60,130,Nd,changed,-0.006999999997788109,True,True,-66596.232,-66596.239
2016,2020,83,48,131,Cd,changed,7.20499999999447,True,True,-55218.965,-55211.76
2016,2020,82,49,131,In,changed,0.6609999999927823,True,True,-68025.03,-68024.369
2016,2020,81,50,131,Sn,changed,-0.008000000001629815,True,True,-77264.571,-77264.579
2016,2020,80,51,131,Sb,changed,-0.010999999998603016,True,True,-81981.401,-81981.412
2016,2020,79,52,131,Te,changed,-0.00999999999476131,True,True,-85211.012,-85211.022
2016,2020,78,53,131,I,changed,-0.01699999999254942,True,True,-87442.71,-87442.727
2016,2020,77,54,131,Xe,changed,-0.01691999999457039,True,True,-88413.558,-88413.57492
2016,2020,76,55,131,Cs,changed,3.2119999999995343,True,True,-88058.786,-88055.574
2016,2020,75,56,131,Ba,changed,4.773000000001048,True,True,-86683.731,-86678.958
2016,2020,74,57,131,La,changed,-0.00900000000547152,True,True,-83769.256,-83769.265
2016,2020,73,58,131,Ce,changed,-0.008000000001629815,True,True,-79708.44,-79708.448
2016,2020,72,59,131,Pr,changed,-0.008000000001629815,True,True,-74300.656,-74300.664
2016,2020,71,60,131,Nd,changed,-0.006999999997788109,True,True,-67768.033,-67768.04
2016,2020,84,48,132,Cd,new,,True,True,,-50465.429
2016,2020,83,49,132,In,changed,-0.011999999995168764,True,True,-62411.542,-62411.554
2016,2020,82,50,132,Sn,changed,-0.012000000002444722,True,True,-76546.542,-76546.554
2016,2020,81,51,132,Sb,changed,-0.011000000013154931,True,True,-79635.271,-79635.282
2016,2020,80,52,132,Te,changed,-0.010999999998603016,True,True,-85188.186,-85188.197
2016,2020,79,53,132,I,changed,-0.011999999987892807,True,True,-85703.49,-85703.502
2016,2020,78,54,132,Xe,changed,-0.012719999998807907,True,True,-89278.96179,-89278.97451
2016,2020,77,55,132,Cs,changed,-0.012000000002444722,True,True,-87152.681,-87152.693
2016,2020,76,56,132,Ba,changed,0.11400000000139698,True,True,-88435.017,-88434.903
2016,2020,75,57,132,La,changed,0.07200000000011642,True,True,-83723.65,-83723.578
2016,2020,74,58,132,Ce,changed,2.2079999999987194,True,True,-82470.896,-82468.688
2016,2020,73,59,132,Pr,changed,-0.008000000001629815,True,True,-75227.456,-75227.464
2016,2020,72,60,132,Nd,changed,-0.008000000001629815,True,True,-71425.807,-71425.815
2016,2020,83,50,133,Sn,changed,-0.00999999999476131,True,True,-70873.88,-70873.89
2016,2020,82,51,133,Sb,changed,-0.010000000009313226,True,True,-78923.503,-78923.513
2016,2020,81,52,133,Te,changed,-0.010999999998603016,True,True,-82937.122,-82937.133
2016,2020,80,53,133,I,changed,0.9579999999987194,True,True,-85858.26,-85857.302
2016,2020,79,54,133,Xe,changed,-0.012000000002444722,True,True,-87643.571,-87643.583
2016,2020,78,55,133,Cs,changed,-0.012000000002444722,True,True,-88070.931,-88070.943
2016,2020,77,56,133,Ba,changed,0.10099999999511056,True,True,-87553.613,-87553.512
2016,2020,76,57,133,La,changed,-0.00900000000547152,True,True,-85494.383,-85494.392
2016,2020,75,58,133,Ce,changed,-0.008999999990919605,True,True,-82418.214,-82418.223
2016,2020,74,59,133,Pr,changed,-0.00999999999476131,True,True,-77937.581,-77937.591
2016,2020,73,60,133,Nd,changed,-0.008000000001629815,True,True,-72332.372,-72332.38
2016,2020,72,61,133,Pm,changed,-0.006999999997788109,True,True,-65407.646,-65407.653
2016,2020,84,50,134,Sn,changed,-0.010999999998603016,True,True,-66433.748,-66433.759
2016,2020,83,51,134,Sb,changed,1.5380000000004657,True,True,-74020.542,-74019.004
2016,2020,82,52,134,Te,changed,-0.010999999998603016,True,True,-82533.741,-82533.752
2016,2020,81,53,134,I,changed,-0.010999999998603016,True,True,-84043.429,-84043.44
2016,2020,80,54,134,Xe,changed,-0.012430000002495944,True,True,-88125.822,-88125.83443
2016,2020,79,55,134,Cs,changed,-0.010999999998603016,True,True,-86891.154,-86891.165
2016,2020,78,56,134,Ba,changed,-0.14899999999033753,True,True,-88949.853,-88950.002
2016,2020,77,57,134,La,changed,-0.00900000000547152,True,True,-85218.65,-85218.659
2016,2020,76,58,134,Ce,changed,-0.00900000000547152,True,True,-84832.889,-84832.898
2016,2020,75,59,134,Pr,changed,-0.00900000000547152,True,True,-78527.991,-78528.0
2016,2020,74,60,134,Nd,changed,-0.010999999998603016,True,True,-75646.432,-75646.443
2016,2020,73,61,134,Pm,changed,-25.156999999991967,True,True,-66738.751,-66763.908
2016,2020,85,50,135,Sn,changed,-0.008000000001629815,True,True,-60632.244,-60632.252
2016,2020,84,51,135,Sb,changed,-0.008999999990919605,True,True,-69690.323,-69690.332
2016,2020,83,52,135,Te,changed,-0.00999999999476131,True,True,-77728.78,-77728.79
2016,2020,82,53,135,I,changed,-0.034999999988940544,True,True,-83779.145,-83779.18
2016,2020,81,54,135,Xe,changed,-0.21400000000721775,True,True,-86413.151,-86413.365
2016,2020,80,55,135,Cs,changed,-0.3130000000091968,True,True,-87581.643,-87581.956
2016,2020,79,56,135,Ba,changed,-0.15699999999196734,True,True,-87850.498,-87850.655
2016,2020,78,57,135,La,changed,-0.14100000000325963,True,True,-86643.317,-86643.458
2016,2020,77,58,135,Ce,changed,-0.13700000000244472,True,True,-84616.171,-84616.308
2016,2020,76,59,135,Pr,changed,-0.010999999998603016,True,True,-80935.861,-80935.872
2016,2020,75,60,135,Nd,changed,-0.010999999998603016,True,True,-76213.609,-76213.62
2016,2020,74,61,135,Pm,changed,-10.254000000000815,True,True,-70052.075,-70062.329
2016,2020,73,62,135,Sm,changed,-0.0070000000050640665,False,True,-62857.215,-62857.222
2016,2020,85,51,136,Sb,changed,-0.010000000002037268,True,True,-64506.88,-64506.89
2016,2020,84,52,136,Te,changed,-0.00999999999476131,True,True,-74425.269,-74425.279
2016,2020,83,53,136,I,changed,-0.010999999998603016,True,True,-79545.214,-79545.225
2016,2020,82,54,136,Xe,changed,-0.010999999998603016,True,True,-86429.159,-86429.17
2016,2020,81,55,136,Cs,changed,-0.15799999999580905,True,True,-86338.697,-86338.855
2016,2020,80,56,136,Ba,changed,-0.15799999999580905,True,True,-88886.921,-88887.079
2016,2020,79,57,136,La,changed,-0.008999999990919605,True,True,-86037.479,-86037.488
2016,2020,78,58,136,Ce,changed,-0.17799999999988358,True,True,-86508.372,-86508.55
2016,2020,77,59,136,Pr,changed,-0.06600000000617001,True,True,-81340.355,-81340.421
2016,2020,76,60,136,Nd,changed,-0.010000000009313226,True,True,-79199.287,-79199.297
2016,2020,75,61,136,Pm,changed,-0.008000000001629815,True,True,-71169.915,-71169.923
2016,2020,74,62,136,Sm,changed,-0.00900000000547152,True,True,-66810.89,-66810.899
2016,2020,86,51,137,Sb,changed,-0.008000000001629815,True,True,-60060.384,-60060.392
2016,2020,85,52,137,Te,changed,-0.00900000000547152,True,True,-69303.753,-69303.762
2016,2020,84,53,137,I,changed,-0.00999999999476131,True,True,-76356.258,-76356.268
2016,2020,83,54,137,Xe,changed,-0.010000000009313226,True,True,-82383.404,-82383.414
2016,2020,82,55,137,Cs,changed,-0.16599999999743886,True,True,-86545.606,-86545.772
2016,2020,81,56,137,Ba,changed,-0.16599999999743886,True,True,-87721.235,-87721.401
2016,2020,80,57,137,La,changed,-0.1770000000105938,True,True,-87140.688,-87140.865
2016,2020,79,58,137,Ce,changed,-0.17699999999604188,True,True,-85918.588,-85918.765
2016,2020,78,59,137,Pr,changed,-0.12099999999918509,True,True,-83201.693,-83201.814
2016,2020,77,60,137,Nd,changed,0.5979999999981374,True,True,-79584.567,-79583.969
2016,2020,76,61,137,Pm,changed,-0.00999999999476131,True,True,-74072.848,-74072.858
2016,2020,75,62,137,Sm,changed,34.86999999999534,True,True,-68026.525,-67991.655
2016,2020,74,63,137,Eu,changed,-0.00900000000547152,True,True,-60145.895,-60145.904
2016,2020,86,52,138,Te,changed,-0.00999999999476131,True,True,-65695.985,-65695.995
2016,2020,85,53,138,I,changed,-0.010000000009313226,True,True,-71979.9,-71979.91
2016,2020,84,54,138,Xe,changed,-0.011000000013154931,True,True,-79972.233,-79972.244
2016,2020,83,55,138,Cs,changed,-0.09100000000034925,True,True,-82886.937,-82887.028
2016,2020,82,56,138,Ba,changed,-0.16799999999057036,True,True,-88261.638,-88261.806
2016,2020,81,57,138,La,changed,5.771999999997206,True,True,-86519.18,-86513.408
2016,2020,80,58,138,Ce,changed,5.055000000007567,True,True,-87570.922,-87565.867
2016,2020,79,59,138,Pr,changed,5.055000000007567,True,True,-83133.922,-83128.867
2016,2020,78,60,138,Nd,changed,1.1279999999969732,True,True,-82018.31,-82017.182
2016,2020,77,61,138,Pm,changed,26.112999999997555,True,True,-74940.483,-74914.37
2016,2020,76,62,138,Sm,changed,-0.00999999999476131,True,True,-71497.762,-71497.772
2016,2020,75,63,138,Eu,changed,-0.006999999997788109,True,True,-61749.669,-61749.676
2016,2020,87,52,139,Te,changed,-0.008000000001629815,True,True,-60205.072,-60205.08
2016,2020,86,53,139,I,changed,-0.010000000009313226,True,True,-68470.954,-68470.964
2016,2020,85,54,139,Xe,changed,-0.00999999999476131,True,True,-75644.576,-75644.586
2016,2020,84,55,139,Cs,changed,-0.16700000000128057,True,True,-80700.921,-80701.088
2016,2020,83,56,139,Ba,changed,-0.16700000000128057,True,True,-84913.751,-84913.918
2016,2020,82,57,139,La,changed,3.831000000005588,True,True,-87226.212,-87222.381
2016,2020,81,58,139,Ce,changed,-9.879000000000815,True,True,-86947.862,-86957.741
2016,2020,80,59,139,Pr,changed,-9.854000000006636,True,True,-84818.798,-84828.652
2016,2020,79,60,139,Nd,changed,-2.9879999999975553,True,True,-82013.942,-82016.93
2016,2020,78,61,139,Pm,changed,-0.5470000000059372,True,True,-77500.481,-77501.028
2016,2020,77,62,139,Sm,changed,-0.010000000009313226,True,True,-72380.219,-72380.229
2016,2020,76,63,139,Eu,changed,-0.008999999998195563,True,True,-65398.042,-65398.051
2016,2020,88,52,140,Te,changed,208.77900000000227,True,True,-56576.228,-56367.449
2016,2020,87,53,140,I,changed,-0.00999999999476131,True,True,-63606.213,-63606.223
2016,2020,86,54,140,Xe,changed,-0.00999999999476131,True,True,-72986.451,-72986.461
2016,2020,85,55,140,Cs,changed,0.3669999999983702,True,True,-77050.105,-77049.738
2016,2020,84,56,140,Ba,changed,1.4490000000077998,True,True,-83269.354,-83267.905
2016,2020,83,57,140,La,changed,3.812000000005355,True,True,-84315.871,-84312.059
2016,2020,82,58,140,Ce,changed,1.8620000000082655,True,True,-88076.089,-88074.227
2016,2020,81,59,140,Pr,changed,1.8620000000082655,True,True,-84688.089,-84686.227
2016,2020,80,60,140,Nd,changed,1.6659999999974389,True,True,-84258.912,-84257.246
2016,2020,79,61,140,Pm,changed,1.6659999999974389,True,True,-78213.712,-78212.046
2016,2020,78,62,140,Sm,changed,-0.010000000009313226,True,True,-75455.935,-75455.945
2016,2020,77,63,140,Eu,changed,-0.010000000009313226,True,True,-66985.935,-66985.945
2016,2020,76,64,140,Gd,changed,-0.006999999997788109,True,True,-61782.271,-61782.278
2016,2020,75,65,140,Tb,changed,-0.006999999997788109,False,True,-50482.271,-50482.278
2016,2020,88,53,141,I,changed,-0.008999999998195563,True,True,-59926.657,-59926.666
2016,2020,87,54,141,Xe,changed,-0.00999999999476131,True,True,-68197.299,-68197.309
2016,2020,86,55,141,Cs,changed,0.17200000000593718,True,True,-74477.523,-74477.351
2016,2020,85,56,141,Ba,changed,0.13400000000547152,True,True,-79732.626,-79732.492
2016,2020,84,57,141,La,changed,1.7920000000012806,True,True,-82931.636,-82929.844
2016,2020,83,58,141,Ce,changed,1.8579999999928987,True,True,-85432.916,-85431.058
2016,2020,82,59,141,Pr,changed,1.1110000000044238,True,True,-86015.644,-86014.533
2016,2020,81,60,141,Nd,changed,1.110000000000582,True,True,-84192.63,-84191.52
2016,2020,80,61,141,Pm,changed,-0.010999999998603016,True,True,-80522.921,-80522.932
2016,2020,79,62,141,Sm,changed,-0.05000000000291038,True,True,-75933.909,-75933.959
2016,2020,78,63,141,Eu,changed,-0.017999999996391125,True,True,-69925.629,-69925.647
2016,2020,77,64,141,Gd,changed,-0.006999999997788109,True,True,-63224.224,-63224.231
2016,2020,76,65,141,Tb,changed,-0.006000000001222361,False,True,-54540.837,-54540.843
2016,2020,89,53,142,I,changed,-32.98500000000058,True,True,-54769.984,-54802.969
2016,2020,88,54,142,Xe,changed,-0.008999999998195563,True,True,-65229.639,-65229.648
2016,2020,87,55,142,Cs,changed,-0.005999999993946403,True,True,-70514.55,-70514.556
2016,2020,86,56,142,Ba,changed,0.006999999997788109,True,True,-77842.264,-77842.257
2016,2020,85,57,142,La,changed,0.27700000000186265,True,True,-80024.227,-80023.95
2016,2020,84,58,142,Ce,changed,0.29200000000128057,True,True,-84533.188,-84532.896
2016,2020,83,59,142,Pr,changed,1.1089999999967404,True,True,-83787.476,-83786.367
2016,2020,82,60,142,Nd,changed,-0.07499999999708962,True,True,-85949.98,-85950.055
2016,2020,81,61,142,Pm,changed,0.5080000000016298,True,True,-81142.044,-81141.536
2016,2020,80,62,142,Sm,changed,4.540000000008149,True,True,-78986.47,-78981.93
2016,2020,79,63,142,Eu,changed,4.540000000008149,True,True,-71313.47,-71308.93
2016,2020,78,64,142,Gd,changed,-0.006999999997788109,True,True,-66959.515,-66959.522
2016,2020,77,65,142,Tb,changed,-0.006999999997788109,False,True,-56559.515,-56559.522
2016,2020,89,54,143,Xe,changed,-0.008999999998195563,True,True,-60202.873,-60202.882
2016,2020,88,55,143,Cs,changed,-0.00999999999476131,True,True,-67675.509,-67675.519
2016,2020,87,56,143,Ba,changed,-0.008000000001629815,True,True,-73937.197,-73937.205
2016,2020,86,57,143,La,changed,0.04799999999522697,True,True,-78171.515,-78171.467
2016,2020,85,58,143,Ce,changed,0.2930000000051223,True,True,-81606.671,-81606.378
2016,2020,84,59,143,Pr,changed,0.046000000002095476,True,True,-83068.246,-83068.2
2016,2020,83,60,143,Nd,changed,-0.07600000000093132,True,True,-84002.234,-84002.31
2016,2020,82,61,143,Pm,changed,-0.013000000006286427,True,True,-82960.651,-82960.664
2016,2020,81,62,143,Sm,changed,0.017000000007101335,True,True,-79517.152,-79517.135
2016,2020,80,63,143,Eu,changed,-0.010999999998603016,True,True,-74241.3,-74241.311
2016,2020,79,64,143,Gd,changed,-0.010999999998603016,False,True,-68231.3,-68231.311
2016,2020,78,65,143,Tb,changed,-0.00900000000547152,True,True,-60419.183,-60419.192
2016,2020,77,66,143,Dy,changed,-0.008000000001629815,True,True,-52168.941,-52168.949
2016,2020,90,54,144,Xe,changed,-0.008000000001629815,True,True,-56872.293,-56872.301
2016,2020,89,55,144,Cs,changed,-0.008999999998195563,True,True,-63271.353,-63271.362
2016,2020,88,56,144,Ba,changed,-0.00900000000547152,True,True,-71767.121,-71767.13
2016,2020,87,57,144,La,changed,-0.008000000001629815,True,True,-74849.652,-74849.66
2016,2020,86,58,144,Ce,changed,-0.07200000000011642,True,True,-80431.87,-80431.942
2016,2020,85,59,144,Pr,changed,-0.07099999999627471,True,True,-80750.517,-80750.588
2016,2020,84,60,144,Nd,changed,-0.07100000001082662,True,True,-83747.957,-83748.028
2016,2020,83,61,144,Pm,changed,-0.023000000001047738,True,True,-81416.093,-81416.116
2016,2020,82,62,144,Sm,changed,-0.09100000000034925,True,True,-81965.535,-81965.626
2016,2020,81,63,144,Eu,changed,-0.04200000000128057,True,True,-75619.133,-75619.175
2016,2020,80,64,144,Gd,changed,-0.006999999997788109,True,True,-71759.504,-71759.511
2016,2020,79,65,144,Tb,changed,-0.0070000000050640665,True,True,-62368.181,-62368.188
2016,2020,78,66,144,Dy,changed,-0.008000000001629815,True,True,-56570.083,-56570.091
2016,2020,77,67,144,Ho,changed,-0.008000000001629815,True,True,-44609.513,-44609.521
2016,2020,91,54,145,Xe,changed,-0.008000000001629815,True,True,-51493.329,-51493.337
2016,2020,90,55,145,Cs,changed,-0.008999999998195563,True,True,-60054.415,-60054.424
2016,2020,89,56,145,Ba,changed,-0.006999999997788109,True,True,-67516.176,-67516.183
2016,2020,88,57,145,La,changed,-0.008000000001629815,True,True,-72835.317,-72835.325
2016,2020,87,58,145,Ce,changed,-0.036999999996623956,True,True,-77067.022,-77067.059
2016,2020,86,59,145,Pr,changed,-0.05000000000291038,True,True,-79625.94,-79625.99
2016,2020,85,60,145,Nd,changed,-0.052999999999883585,True,True,-81431.951,-81432.004
2016,2020,84,61,145,Pm,changed,-0.03199999999196734,True,True,-81267.474,-81267.506
2016,2020,83,62,145,Sm,changed,-0.08900000000721775,True,True,-80651.318,-80651.407
2016,2020,82,63,145,Eu,changed,-0.017000000007101335,True,True,-77991.507,-77991.524
2016,2020,81,64,145,Gd,changed,-0.3059999999968568,True,True,-72926.32,-72926.626
2016,2020,80,65,145,Tb,changed,-11.28200000000652,False,True,-66388.411,-66399.693
2016,2020,79,66,145,Dy,changed,-0.008000000001629815,True,True,-58242.599,-58242.607
2016,2020,78,67,145,Ho,changed,-0.007999999994353857,True,True,-49120.105,-49120.113
2016,2020,92,54,146,Xe,changed,-0.006999999997788109,True,True,-47954.943,-47954.95
2016,2020,91,55,146,Cs,changed,-0.007999999994353857,True,True,-55310.372,-55310.38
2016,2020,90,56,146,Ba,changed,80.81700000000274,True,True,-64947.086,-64866.269
2016,2020,89,57,146,La,changed,-170.89100000000326,True,True,-69050.283,-69221.174
2016,2020,88,58,146,Ce,changed,9.520999999993364,True,True,-75635.389,-75625.868
2016,2020,87,59,146,Pr,changed,7.519999999989523,True,True,-76681.006,-76673.486
2016,2020,86,60,146,Nd,changed,-0.04899999999906868,True,True,-80925.867,-80925.916
2016,2020,85,61,146,Pm,changed,-0.05100000000675209,True,True,-79454.309,-79454.36
2016,2020,84,62,146,Sm,changed,-0.05100000000675209,True,True,-80996.309,-80996.36
2016,2020,83,63,146,Eu,changed,-0.062000000005355105,True,True,-77117.541,-77117.603
2016,2020,82,64,146,Gd,changed,-0.04000000000814907,True,True,-76085.783,-76085.823
2016,2020,81,65,146,Tb,changed,-0.033999999999650754,True,True,-67763.61,-67763.644
2016,2020,80,66,146,Dy,changed,-0.010000000002037268,True,True,-62554.918,-62554.928
2016,2020,79,67,146,Ho,changed,-0.008000000001629815,True,True,-51238.219,-51238.227
2016,2020,78,68,146,Er,changed,-0.006999999997788109,True,True,-44322.012,-44322.019
2016,2020,92,55,147,Cs,changed,-0.008999999998195563,True,True,-51920.064,-51920.073
2016,2020,91,56,147,Ba,changed,-0.006999999997788109,True,True,-60264.029,-60264.036
2016,2020,90,57,147,La,changed,-0.006999999997788109,True,True,-66678.39,-66678.397
2016,2020,89,58,147,Ce,changed,-0.010999999998603016,True,True,-72013.891,-72013.902
2016,2020,88,59,147,Pr,changed,-0.02599999999802094,True,True,-75444.067,-75444.093
2016,2020,87,60,147,Nd,changed,-0.04599999998754356,True,True,-78146.748,-78146.794
2016,2020,86,61,147,Pm,changed,0.27599999999802094,True,True,-79042.26,-79041.984
2016,2020,85,62,147,Sm,changed,0.3060000000114087,True,True,-79266.354,-79266.048
2016,2020,84,63,147,Eu,changed,0.14499999998952262,True,True,-77544.756,-77544.611
2016,2020,83,64,147,Gd,changed,0.017000000007101335,True,True,-75356.945,-75356.928
2016,2020,82,65,147,Tb,changed,-0.00900000000547152,True,True,-70742.665,-70742.674
2016,2020,81,66,147,Dy,changed,-0.008999999998195563,True,True,-64196.038,-64196.047
2016,2020,80,67,147,Ho,changed,-0.00900000000547152,True,True,-55757.092,-55757.101
2016,2020,79,68,147,Er,changed,-0.006999999997788109,True,True,-46607.807,-46607.814
2016,2020,78,69,147,Tm,changed,-0.006999999997788109,True,True,-35974.4,-35974.407
2016,2020,93,55,148,Cs,changed,-0.007999999994353857,True,True,-46910.942,-46910.95
2016,2020,92,56,148,Ba,changed,48.824000000000524,True,True,-57593.735,-57544.911
2016,2020,91,57,148,La,changed,-0.006999999997788109,True,True,-62708.735,-62708.742
2016,2020,90,58,148,Ce,changed,-0.01600000000325963,True,True,-70398.408,-70398.424
2016,2020,89,59,148,Pr,changed,-0.02800000000570435,True,True,-72535.424,-72535.452
2016,2020,88,60,148,Nd,changed,-0.07000000000698492,True,True,-77407.996,-77408.066
2016,2020,87,61,148,Pm,changed,-0.16099999999278225,True,True,-76865.716,-76865.877
2016,2020,86,62,148,Sm,changed,0.19700000000011642,True,True,-79336.264,-79336.067
2016,2020,85,63,148,Eu,changed,1.849000000001979,True,True,-76299.331,-76297.482
2016,2020,84,64,148,Gd,changed,-0.08999999999650754,True,True,-76269.329,-76269.419
2016,2020,83,65,148,Tb,changed,0.1349999999947613,True,True,-70537.082,-70536.947
2016,2020,82,66,148,Dy,changed,0.15300000000570435,True,True,-67859.55,-67859.397
2016,2020,81,67,148,Ho,changed,-0.007999999994353857,True,True,-57991.158,-57991.166
2016,2020,80,68,148,Er,changed,-0.008000000001629815,True,True,-51478.989,-51478.997
2016,2020,79,69,148,Tm,changed,-0.006999999997788109,True,True,-38765.027,-38765.034
2016,2020,93,56,149,Ba,changed,289.6889999999985,True,True,-53120.309,-52830.62
2016,2020,92,57,149,La,changed,-0.008000000001629815,False,True,-60219.913,-60219.921
2016,2020,91,58,149,Ce,changed,-0.008000000001629815,True,True,-66669.913,-66669.921
2016,2020,90,59,149,Pr,changed,-0.007000000012340024,True,True,-71039.366,-71039.373
2016,2020,89,60,149,Nd,changed,-0.06900000000314321,True,True,-74375.466,-74375.535
2016,2020,88,61,149,Pm,changed,-0.14800000000104774,True,True,-76064.256,-76064.404
2016,2020,87,62,149,Sm,changed,-0.16100000000733417,True,True,-77135.737,-77135.898
2016,2020,86,63,149,Eu,changed,-0.20500000000174623,True,True,-76441.112,-76441.317
2016,2020,85,64,149,Gd,changed,-0.16199999999662396,True,True,-75127.011,-75127.173
2016,2020,84,65,149,Tb,changed,0.029999999998835847,True,True,-71488.669,-71488.639
2016,2020,83,66,149,Dy,changed,1.918999999994412,True,True,-67695.909,-67693.99
2016,2020,82,67,149,Ho,changed,0.7240000000019791,True,True,-61646.578,-61645.854
2016,2020,81,68,149,Er,changed,-0.006000000001222361,True,True,-53741.615,-53741.621
2016,2020,94,56,150,Ba,new,,True,True,,-49889.799
2016,2020,93,57,150,La,changed,-181.18099999999686,True,True,-56129.966,-56311.147
2016,2020,92,58,150,Ce,changed,-0.008999999998195563,True,True,-64846.854,-64846.863
2016,2020,91,59,150,Pr,changed,-0.029999999998835847,True,True,-68300.479,-68300.509
2016,2020,90,60,150,Nd,changed,-0.1959999999962747,True,True,-73679.755,-73679.951
2016,2020,89,61,150,Pm,changed,-0.19700000000011642,True,True,-73597.139,-73597.336
2016,2020,88,62,150,Sm,changed,-0.19700000000011642,True,True,-77051.139,-77051.336
2016,2020,87,63,150,Eu,changed,-0.13500000000931323,True,True,-74792.234,-74792.369
2016,2020,86,64,150,Gd,changed,-0.1170000000129221,True,True,-75763.934,-75764.051
2016,2020,85,65,150,Tb,changed,-0.06799999999930151,True,True,-71105.721,-71105.789
2016,2020,84,66,150,Dy,changed,-0.017999999996391125,True,True,-69309.6,-69309.618
2016,2020,83,67,150,Ho,changed,-0.010999999998603016,True,True,-61945.881,-61945.892
2016,2020,82,68,150,Er,changed,-0.00999999999476131,True,True,-57831.313,-57831.323
2016,2020,94,57,151,La,changed,-0.006000000001222361,False,True,-53310.333,-53310.339
2016,2020,93,58,151,Ce,changed,-0.005999999993946403,True,True,-61225.052,-61225.058
2016,2020,92,59,151,Pr,changed,-0.05099999999220017,True,True,-66779.63,-66779.681
2016,2020,91,60,151,Nd,changed,-0.19500000000698492,True,True,-70942.988,-70943.183
2016,2020,90,61,151,Pm,changed,-0.19700000000011642,True,True,-73386.063,-73386.26
2016,2020,89,62,151,Sm,changed,-0.20100000000093132,True,True,-74576.279,-74576.48
2016,2020,88,63,151,Eu,changed,-0.24399999999150168,True,True,-74652.854,-74653.098
2016,2020,87,64,151,Gd,changed,-0.1830000000045402,True,True,-74188.737,-74188.92
2016,2020,86,65,151,Tb,changed,-0.036999999996623956,True,True,-71623.504,-71623.541
2016,2020,85,66,151,Dy,changed,0.01699999999254942,True,True,-68752.405,-68752.388
2016,2020,84,67,151,Ho,changed,-0.008000000001629815,True,True,-63622.738,-63622.746
2016,2020,83,68,151,Er,changed,-0.006000000001222361,True,True,-58266.284,-58266.29
2016,2020,82,69,151,Tm,changed,1.143000000003667,True,True,-50772.756,-50771.613
2016,2020,81,70,151,Yb,changed,-0.010000000002037268,False,True,-41542.342,-41542.352
2016,2020,93,59,152,Pr,changed,-0.006999999997788109,True,True,-63758.063,-63758.07
2016,2020,92,60,152,Nd,changed,-0.2559999999939464,True,True,-70149.407,-70149.663
2016,2020,91,61,152,Pm,changed,-0.28199999999196734,True,True,-71254.186,-71254.468
2016,2020,90,62,152,Sm,changed,-0.3739999999961583,True,True,-74762.603,-74762.977
2016,2020,89,63,152,Eu,changed,-0.2449999999953434,True,True,-72888.255,-72888.5
2016,2020,88,64,152,Gd,changed,-0.3880000000062864,True,True,-74706.916,-74707.304
2016,2020,87,65,152,Tb,changed,-0.3880000000062864,True,True,-70716.916,-70717.304
2016,2020,86,66,152,Dy,changed,-0.08999999999650754,True,True,-70117.873,-70117.963
2016,2020,85,67,152,Ho,changed,0.13500000000203727,True,True,-63604.771,-63604.636
2016,2020,84,68,152,Er,changed,0.15899999999965075,True,True,-60500.377,-60500.218
2016,2020,83,69,152,Tm,changed,-0.006000000001222361,True,True,-51720.273,-51720.279
2016,2020,82,70,152,Yb,changed,-0.004999999997380655,False,True,-46270.381,-46270.386
2016,2020,94,59,153,Pr,changed,-0.026999999994586688,True,True,-61568.463,-61568.49
2016,2020,93,60,153,Nd,changed,-0.08299999999871943,True,True,-67330.297,-67330.38
2016,2020,92,61,153,Pm,changed,-0.1790000000037253,True,True,-70647.824,-70648.003
2016,2020,91,62,153,Sm,changed,-0.3729999999923166,True,True,-72559.686,-72560.059
2016,2020,90,63,153,Eu,changed,-0.2440000000060536,True,True,-73367.222,-73367.466
2016,2020,89,64,153,Gd,changed,-0.3929999999963911,True,True,-72882.551,-72882.944
2016,2020,88,65,153,Tb,changed,-0.27199999999720603,True,True,-71313.338,-71313.61
2016,2020,87,66,153,Dy,changed,-0.2540000000008149,True,True,-69142.943,-69143.197
2016,2020,86,67,153,Ho,changed,0.0290000000022701,True,True,-65012.103,-65012.074
2016,2020,85,68,153,Er,changed,1.9219999999986612,True,True,-60468.604,-60466.682
2016,2020,84,69,153,Tm,changed,0.7189999999973224,True,True,-53973.329,-53972.61
2016,2020,82,71,153,Lu,changed,-2.618000000002212,False,True,-38372.844,-38375.462
2016,2020,95,59,154,Pr,changed,245.37400000000343,False,True,-58104.976,-57859.602
2016,2020,94,60,154,Nd,changed,245.37399999999616,True,True,-65824.976,-65579.602
2016,2020,93,61,154,Pm,changed,245.37399999999616,True,True,-68511.976,-68266.602
2016,2020,92,62,154,Sm,changed,-0.3879999999917345,True,True,-72455.176,-72455.564
2016,2020,91,63,154,Eu,changed,-0.2459999999991851,True,True,-71738.121,-71738.367
2016,2020,90,64,154,Gd,changed,-0.40399999999499414,True,True,-73705.954,-73706.358
2016,2020,89,65,154,Tb,changed,-0.40399999999499414,True,True,-70156.303,-70156.707
2016,2020,88,66,154,Dy,changed,-0.10799999999289867,True,True,-70393.907,-70394.015
2016,2020,87,67,154,Ho,changed,-0.0669999999954598,True,True,-64639.311,-64639.378
2016,2020,86,68,154,Er,changed,0.04599999999481952,True,True,-62605.02,-62604.974
2016,2020,85,69,154,Tm,changed,-0.010999999998603016,True,True,-54427.131,-54427.142
2016,2020,84,70,154,Yb,changed,-0.010000000002037268,True,True,-49932.083,-49932.093
2016,2020,96,59,155,Pr,changed,-0.06700000000273576,True,True,-55415.268,-55415.335
2016,2020,95,60,155,Nd,changed,-0.07200000000011642,True,True,-62283.724,-62283.796
2016,2020,94,61,155,Pm,changed,-0.07499999999708962,True,True,-66939.931,-66940.006
2016,2020,93,62,155,Sm,changed,-0.3870000000024447,True,True,-70190.819,-70191.206
2016,2020,92,63,155,Eu,changed,-0.2449999999953434,True,True,-71818.092,-71818.337
2016,2020,91,64,155,Gd,changed,-0.41799999999057036,True,True,-72069.88,-72070.298
2016,2020,90,65,155,Tb,changed,-0.3889999999955762,True,True,-71250.05,-71250.439
2016,2020,89,66,155,Dy,changed,-0.3889999999955762,True,True,-69155.55,-69155.939
2016,2020,88,67,155,Ho,changed,-0.2599999999947613,True,True,-66039.539,-66039.799
2016,2020,87,68,155,Er,changed,0.016999999999825377,True,True,-62209.189,-62209.172
2016,2020,86,69,155,Tm,changed,-0.008000000001629815,True,True,-56625.913,-56625.921
2016,2020,85,70,155,Yb,changed,-0.006000000001222361,True,True,-50502.608,-50502.614
2016,2020,84,71,155,Lu,changed,-0.008999999998195563,True,True,-42545.047,-42545.056
2016,2020,97,59,156,Pr,new,,True,True,,-51449.307
2016,2020,96,60,156,Nd,changed,271.51400000000285,True,True,-60473.644,-60202.13
2016,2020,95,61,156,Pm,changed,-3.2030000000013388,True,True,-64163.644,-64166.847
2016,2020,94,62,156,Sm,changed,-0.305000000007567,True,True,-69360.43,-69360.735
2016,2020,93,63,156,Eu,changed,-0.2960000000020955,True,True,-70082.548,-70082.844
2016,2020,92,64,156,Gd,changed,-0.41899999999441206,True,True,-72534.914,-72535.333
2016,2020,91,65,156,Tb,changed,-0.21299999998882413,True,True,-70090.797,-70091.01
2016,2020,90,66,156,Dy,changed,-0.42199999999138527,True,True,-70528.964,-70529.386
2016,2020,89,67,156,Ho,changed,-59.43900000000576,True,True,-65478.964,-65538.403
2016,2020,88,68,156,Er,changed,0.026000000005296897,True,True,-64211.709,-64211.683
2016,2020,87,69,156,Tm,changed,0.13300000000162981,True,True,-56834.55,-56834.417
2016,2020,86,70,156,Yb,changed,0.18299999999726424,True,True,-53265.721,-53265.538
2016,2020,85,71,156,Lu,changed,-0.006000000001222361,True,True,-43699.544,-43699.55
2016,2020,84,72,156,Hf,changed,-2.618000000002212,False,True,-37816.896,-37819.514
2016,2020,98,59,157,Pr,new,,True,True,,-48434.806
2016,2020,97,60,157,Nd,changed,-32.574000000000524,True,True,-56461.543,-56494.117
2016,2020,96,61,157,Pm,changed,-0.07300000000395812,True,True,-62297.043,-62297.116
2016,2020,95,62,157,Sm,changed,-0.07699999999022111,True,True,-66677.577,-66677.654
2016,2020,94,63,157,Eu,changed,-0.22600000000966247,True,True,-69458.908,-69459.134
2016,2020,93,64,157,Gd,changed,-0.42299999999522697,True,True,-70823.473,-70823.896
2016,2020,92,65,157,Tb,changed,-0.4180000000051223,True,True,-70763.43,-70763.848
2016,2020,91,66,157,Dy,changed,-0.11099999998987187,True,True,-69424.558,-69424.669
2016,2020,90,67,157,Ho,changed,-0.029999999998835847,True,True,-66832.832,-66832.862
2016,2020,89,68,157,Er,changed,-0.008999999998195563,True,True,-63413.639,-63413.648
2016,2020,88,69,157,Tm,changed,-0.006000000001222361,True,True,-58709.273,-58709.279
2016,2020,87,70,157,Yb,changed,1.9860000000044238,True,True,-53421.898,-53419.912
2016,2020,86,71,157,Lu,changed,0.7050000000017462,True,True,-46440.523,-46439.818
2016,2020,84,73,157,Ta,changed,-2.617999999998574,False,True,-29593.33,-29595.948
2016,2020,98,60,158,Nd,new,,True,True,,-53835.123
2016,2020,97,61,158,Pm,changed,-16.93399999999383,True,True,-59089.209,-59106.143
2016,2020,96,62,158,Sm,changed,-1.6059999999997672,True,True,-65250.243,-65251.849
2016,2020,95,63,158,Eu,changed,-15.273000000001048,True,True,-67255.188,-67270.461
2016,2020,94,64,158,Gd,changed,-0.42299999999522697,True,True,-70689.546,-70689.969
2016,2020,93,65,158,Tb,changed,-0.21499999999650754,True,True,-69470.668,-69470.883
2016,2020,92,66,158,Dy,changed,0.19700000000011642,True,True,-70407.349,-70407.152
2016,2020,91,67,158,Ho,changed,0.19700000000011642,True,True,-66187.593,-66187.396
2016,2020,90,68,158,Er,changed,-0.0070000000050640665,True,True,-65303.808,-65303.815
2016,2020,89,69,158,Tm,changed,-0.005999999993946403,True,True,-58703.194,-58703.2
2016,2020,88,70,158,Yb,changed,0.6169999999983702,True,True,-56010.237,-56009.62
2016,2020,87,71,158,Lu,changed,-0.00999999999476131,True,True,-47212.19,-47212.2
2016,2020,86,72,158,Hf,changed,-0.008999999998195563,True,True,-42102.39,-42102.399
2016,2020,99,60,159,Nd,new,,True,True,,-49724.007
2016,2020,98,61,159,Pm,changed,-0.07100000000355067,True,True,-56554.28,-56554.351
2016,2020,97,62,159,Sm,changed,-0.07400000000052387,True,True,-62207.775,-62207.849
2016,2020,96,63,159,Eu,changed,-0.10099999999511056,True,True,-66043.285,-66043.386
2016,2020,95,64,159,Gd,changed,-0.4210000000020955,True,True,-68561.436,-68561.857
2016,2020,94,65,159,Tb,changed,-0.21899999999732245,True,True,-69532.363,-69532.582
2016,2020,93,66,159,Dy,changed,-0.08599999999569263,True,True,-69167.134,-69167.22
2016,2020,92,67,159,Ho,changed,-0.08599999999569263,True,True,-67329.534,-67329.62
2016,2020,91,68,159,Er,changed,-0.08600000000296859,True,True,-64561.034,-64561.12
2016,2020,90,69,159,Tm,changed,-0.006000000001222361,True,True,-60570.398,-60570.404
2016,2020,89,70,159,Yb,changed,5.088999999999942,True,True,-55838.606,-55833.517
2016,2020,88,71,159,Lu,changed,-0.004999999997380655,True,True,-49708.604,-49708.609
2016,2020,87,72,159,Hf,changed,-0.006000000001222361,True,True,-42852.6,-42852.606
2016,2020,86,73,159,Ta,changed,-0.008999999998195563,True,True,-34439.148,-34439.157
2016,2020,100,60,160,Nd,new,,True,True,,-46724.515
2016,2020,99,61,160,Pm,new,,True,True,,-52894.639
2016,2020,98,62,160,Sm,changed,1.620999999999185,True,True,-60234.793,-60233.172
2016,2020,97,63,160,Eu,changed,-12.985999999997148,True,True,-63480.463,-63493.449
2016,2020,96,64,160,Gd,changed,-0.3190000000031432,True,True,-67941.741,-67942.06
2016,2020,95,65,160,Tb,changed,-0.21700000000419095,True,True,-67836.257,-67836.474
2016,2020,94,66,160,Dy,changed,0.3049999999930151,True,True,-69672.73,-69672.425
2016,2020,93,67,160,Ho,changed,0.3049999999930151,True,True,-66382.73,-66382.425
2016,2020,92,68,160,Er,changed,0.05199999999604188,True,True,-66064.228,-66064.176
2016,2020,91,69,160,Tm,changed,0.9910000000018044,True,True,-60302.028,-60301.037
2016,2020,90,70,160,Yb,changed,-0.5210000000006403,True,True,-58162.706,-58163.227
2016,2020,89,71,160,Lu,changed,-0.005000000004656613,True,True,-50269.937,-50269.942
2016,2020,88,72,160,Hf,changed,0.1959999999962747,True,True,-45938.943,-45938.747
2016,2020,87,73,160,Ta,changed,-0.004999999997380655,True,True,-35823.695,-35823.7
2016,2020,86,74,160,W,changed,-2.617999999998574,False,True,-29326.455,-29329.073
2016,2020,100,61,161,Pm,new,,True,True,,-50086.589
2016,2020,99,62,161,Sm,changed,-0.08099999999831198,True,True,-56671.962,-56672.043
2016,2020,98,63,161,Eu,changed,-0.07700000000477303,True,True,-61791.524,-61791.601
2016,2020,97,64,161,Gd,changed,-0.3179999999993015,True,True,-65505.824,-65506.142
2016,2020,96,65,161,Tb,changed,-0.1889999999984866,True,True,-67461.589,-67461.778
2016,2020,95,66,161,Dy,changed,0.3070000000006985,True,True,-68055.801,-68055.494
2016,2020,94,67,161,Ho,changed,0.9760000000096625,True,True,-67197.27,-67196.294
2016,2020,93,68,161,Er,changed,0.3099999999976717,True,True,-65201.608,-65201.298
2016,2020,92,69,161,Tm,changed,-0.006999999997788109,True,True,-61898.708,-61898.715
2016,2020,91,70,161,Yb,changed,5.152000000001863,True,True,-57839.4,-57834.248
2016,2020,90,71,161,Lu,changed,-0.005000000004656613,True,True,-52562.344,-52562.349
2016,2020,89,72,161,Hf,changed,-1.1450000000040745,True,True,-46314.672,-46315.817
2016,2020,88,73,161,Ta,changed,0.4220000000059372,True,True,-38778.997,-38778.575
2016,2020,86,75,161,Re,changed,-2.61699999999837,False,True,-20840.203,-20842.82
2016,2020,100,62,162,Sm,new,,True,True,,-54379.053
2016,2020,99,63,162,Eu,changed,-19.543000000005122,True,True,-58703.401,-58722.944
2016,2020,98,64,162,Gd,changed,-0.3190000000031432,True,True,-64280.401,-64280.72
2016,2020,97,65,162,Tb,changed,-203.5899999999965,True,True,-65675.958,-65879.548
2016,2020,96,66,162,Dy,changed,0.3090000000083819,True,True,-68181.478,-68181.169
2016,2020,95,67,162,Ho,changed,0.978000000002794,True,True,-66041.541,-66040.563
2016,2020,94,68,162,Er,changed,0.30899999999383,True,True,-66334.519,-66334.21
2016,2020,93,69,162,Tm,changed,0.30899999999383,True,True,-61477.791,-61477.482
2016,2020,92,70,162,Yb,changed,5.184000000001106,True,True,-59826.347,-59821.163
2016,2020,91,71,162,Lu,changed,-0.006000000001222361,True,True,-52831.753,-52831.759
2016,2020,90,72,162,Hf,changed,0.5820000000021537,True,True,-49169.008,-49168.426
2016,2020,89,73,162,Ta,changed,-1.2109999999956926,True,True,-39780.194,-39781.405
2016,2020,88,74,162,W,changed,-0.00999999999476131,True,True,-33999.207,-33999.217
2016,2020,101,62,163,Sm,new,,True,True,,-50599.612
2016,2020,100,63,163,Eu,changed,-88.93300000000454,True,True,-56484.886,-56573.819
2016,2020,99,64,163,Gd,changed,-74.70500000000175,True,True,-61313.886,-61388.591
2016,2020,98,65,163,Tb,changed,0.31700000000273576,True,True,-64596.071,-64595.754
2016,2020,97,66,163,Dy,changed,0.3120000000053551,True,True,-66381.17,-66380.858
2016,2020,96,67,163,Ho,changed,0.3080000000045402,True,True,-66378.335,-66378.027
2016,2020,95,68,163,Er,changed,0.3099999999976717,True,True,-65167.723,-65167.413
2016,2020,94,69,163,Tm,changed,0.3099999999976717,True,True,-62728.723,-62728.413
2016,2020,93,70,163,Yb,changed,5.216000000000349,True,True,-59299.094,-59293.878
2016,2020,92,71,163,Lu,changed,-0.006000000001222361,True,True,-54791.409,-54791.415
2016,2020,91,72,163,Hf,changed,-5.6379999999990105,True,True,-49263.682,-49269.32
2016,2020,90,73,163,Ta,changed,-0.004999999997380655,True,True,-42534.629,-42534.634
2016,2020,89,74,163,W,changed,-0.2459999999991851,True,True,-34908.193,-34908.439
2016,2020,88,75,163,Re,changed,-0.009000000001833541,True,True,-26002.244,-26002.253
2016,2020,102,62,164,Sm,new,,True,True,,-47925.314
2016,2020,101,63,164,Eu,new,,True,True,,-53232.146
2016,2020,100,64,164,Gd,new,,True,True,,-59693.688
2016,2020,99,65,164,Tb,changed,-27.018000000003667,True,True,-62077.965,-62104.983
2016,2020,98,66,164,Dy,changed,0.3159999999916181,True,True,-65967.965,-65967.649
2016,2020,97,67,164,Ho,changed,0.9859999999971478,True,True,-64981.503,-64980.517
2016,2020,96,68,164,Er,changed,0.3169999999954598,True,True,-65942.89,-65942.573
2016,2020,95,69,164,Tm,changed,-4.907999999995809,True,True,-61904.035,-61908.943
2016,2020,94,70,164,Yb,changed,5.246999999995751,True,True,-61017.418,-61012.171
2016,2020,93,71,164,Lu,changed,-0.005999999993946403,True,True,-54642.37,-54642.376
2016,2020,92,72,164,Hf,changed,0.14899999999761349,True,True,-51818.505,-51818.356
2016,2020,91,73,164,Ta,changed,-0.004999999997380655,True,True,-43282.8,-43282.805
2016,2020,90,74,164,W,changed,0.20399999999790452,True,True,-38235.759,-38235.555
2016,2020,89,75,164,Re,changed,-0.004999999997380655,True,True,-27472.436,-27472.441
2016,2020,88,76,164,Os,changed,-2.617000000002008,False,True,-20422.106,-20424.723
2016,2020,102,63,165,Eu,new,,True,True,,-50729.103
2016,2020,101,64,165,Gd,new,,True,True,,-56525.782
2016,2020,100,65,165,Tb,new,,True,True,,-60588.849
2016,2020,99,66,165,Dy,changed,0.31700000000273576,True,True,-63612.606,-63612.289
2016,2020,98,67,165,Ho,changed,0.989000000001397,True,True,-64899.006,-64898.017
2016,2020,97,68,165,Er,changed,0.2569999999977881,True,True,-64521.61,-64521.353
2016,2020,96,69,165,Tm,changed,-0.4029999999984284,True,True,-62929.621,-62930.024
2016,2020,95,70,165,Yb,changed,-0.006000000001222361,True,True,-60295.382,-60295.388
2016,2020,94,71,165,Lu,changed,-0.006000000001222361,True,True,-56442.242,-56442.248
2016,2020,93,72,165,Hf,changed,-0.006000000001222361,True,True,-51635.507,-51635.513
2016,2020,92,73,165,Ta,changed,-0.01900000000023283,True,True,-45847.853,-45847.872
2016,2020,91,74,165,W,changed,-0.294000000001688,True,True,-38861.022,-38861.316
2016,2020,90,75,165,Re,changed,0.42300000000250293,True,True,-30659.776,-30659.353
2016,2020,102,64,166,Gd,new,,True,True,,-54370.926
2016,2020,101,65,166,Tb,changed,76.0109999999986,True,True,-57884.789,-57808.778
2016,2020,100,66,166,Dy,changed,0.3179999999993015,True,True,-62584.789,-62584.471
2016,2020,99,67,166,Ho,changed,0.9899999999979627,True,True,-63071.329,-63070.339
2016,2020,98,68,166,Er,changed,1.897000000004482,True,True,-64926.042,-64924.145
2016,2020,97,69,166,Tm,changed,1.896999999997206,True,True,-61888.375,-61886.478
2016,2020,96,70,166,Yb,changed,2.0339999999996508,True,True,-61595.74,-61593.706
2016,2020,95,71,166,Lu,changed,-0.006000000001222361,True,True,-56020.981,-56020.987
2016,2020,94,72,166,Hf,changed,-0.006000000001222361,True,True,-53858.983,-53858.989
2016,2020,93,73,166,Ta,changed,-0.004999999997380655,True,True,-46097.775,-46097.78
2016,2020,92,74,166,W,changed,0.5600000000049477,True,True,-41888.031,-41887.471
2016,2020,91,75,166,Re,changed,56.14300000000003,True,True,-31893.478,-31837.335
2016,2020,90,76,166,Os,changed,-0.009000000001833541,True,True,-25431.517,-25431.526
2016,2020,103,64,167,Gd,new,,True,True,,-50775.732
2016,2020,102,65,167,Tb,new,,True,True,,-55883.082
2016,2020,101,66,167,Dy,changed,19.174999999995634,True,True,-59930.626,-59911.451
2016,2020,100,67,167,Ho,changed,1.1669999999940046,True,True,-62280.626,-62279.459
2016,2020,99,68,167,Er,changed,1.9239999999990687,True,True,-63291.18,-63289.256
2016,2020,98,69,167,Tm,changed,0.5240000000048894,True,True,-62543.641,-62543.117
2016,2020,97,70,167,Yb,changed,0.6759999999994761,True,True,-60590.576,-60589.9
2016,2020,96,71,167,Lu,changed,-25.156000000002678,True,True,-57501.125,-57526.281
2016,2020,95,72,167,Hf,changed,-0.004999999997380655,True,True,-53467.756,-53467.761
2016,2020,94,73,167,Ta,changed,-0.004999999997380655,True,True,-48351.059,-48351.064
2016,2020,93,74,167,W,changed,4.84599999999773,True,True,-42098.058,-42093.212
2016,2020,91,76,167,Os,changed,3.132999999997992,True,True,-26501.993,-26498.86
2016,2020,90,77,167,Ir,changed,-0.008000000001629815,True,True,-17072.44,-17072.448
2016,2020,103,65,168,Tb,new,,True,True,,-52781.181
2016,2020,102,66,168,Dy,changed,1.1679999999978463,False,True,-58559.566,-58558.398
2016,2020,101,67,168,Ho,changed,1.9400000000023283,True,True,-60061.171,-60059.231
2016,2020,100,68,168,Er,changed,1.9400000000023283,True,True,-62991.171,-62989.231
2016,2020,99,69,168,Tm,changed,0.5420000000012806,True,True,-61312.921,-61312.379
2016,2020,98,70,168,Yb,changed,2.0339999999996508,True,True,-61581.901,-61579.867
2016,2020,97,71,168,Lu,changed,-4.982000000003609,True,True,-57067.85,-57072.832
2016,2020,96,72,168,Hf,changed,-0.004999999997380655,True,True,-55360.552,-55360.557
2016,2020,95,73,168,Ta,changed,-0.004999999997380655,True,True,-48393.908,-48393.913
2016,2020,94,74,168,W,changed,0.17899999999644933,True,True,-44893.109,-44892.93
2016,2020,93,75,168,Re,changed,-0.004000000000814907,True,True,-35794.885,-35794.889
2016,2020,92,76,168,Os,changed,0.2180000000007567,True,True,-29995.213,-29994.995
2016,2020,91,77,168,Ir,changed,-0.004000000000814907,True,True,-18666.226,-18666.23
2016,2020,90,78,168,Pt,changed,-2.618000000000393,False,True,-11007.46,-11010.078
2016,2020,103,66,169,Dy,changed,1.1670000000012806,False,True,-55597.177,-55596.01
2016,2020,102,67,169,Ho,changed,1.1670000000012806,True,True,-58797.177,-58796.01
2016,2020,101,68,169,Er,changed,1.940999999998894,True,True,-60923.104,-60921.163
2016,2020,100,69,169,Tm,changed,0.5579999999972642,True,True,-61275.212,-61274.654
2016,2020,99,70,169,Yb,changed,2.036000000000058,True,True,-60377.563,-60375.527
2016,2020,98,71,169,Lu,changed,2.036000000000058,True,True,-58084.563,-58082.527
2016,2020,97,72,169,Hf,changed,-0.005999999993946403,True,True,-54716.889,-54716.895
2016,2020,96,73,169,Ta,changed,-0.004999999997380655,True,True,-50290.43,-50290.435
2016,2020,95,74,169,W,changed,0.006999999997788109,True,True,-44917.873,-44917.866
2016,2020,94,75,169,Re,changed,-0.014999999999417923,True,True,-38409.232,-38409.247
2016,2020,93,76,169,Os,changed,-0.2930000000014843,True,True,-30722.691,-30722.984
2016,2020,92,77,169,Ir,changed,0.42299999999886495,True,True,-22093.839,-22093.416
2016,2020,103,67,170,Ho,changed,1.1669999999940046,True,True,-56238.681,-56237.514
2016,2020,102,68,170,Er,changed,1.1669999999940046,True,True,-60108.681,-60107.514
2016,2020,101,69,170,Tm,changed,0.5390000000043074,True,True,-59795.853,-59795.314
2016,2020,100,70,170,Yb,changed,-0.00999999999476131,True,True,-60763.919,-60763.929
2016,2020,99,71,170,Lu,changed,-0.00999999999476131,True,True,-57306.224,-57306.234
2016,2020,98,72,170,Hf,changed,-0.006000000001222361,True,True,-56253.854,-56253.86
2016,2020,97,73,170,Ta,changed,-0.004999999997380655,True,True,-50137.665,-50137.67
2016,2020,96,74,170,W,changed,0.02800000000570435,True,True,-47290.832,-47290.804
2016,2020,95,75,170,Re,changed,9.197000000000116,True,True,-38913.193,-38903.996
2016,2020,94,76,170,Os,changed,0.555000000000291,True,True,-33926.247,-33925.692
2016,2020,92,78,170,Pt,changed,-0.009000000000014552,True,True,-16299.193,-16299.202
2016,2020,104,67,171,Ho,changed,1.1339999999981956,False,True,-54518.956,-54517.822
2016,2020,103,68,171,Er,changed,1.1339999999981956,True,True,-57718.956,-57717.822
2016,2020,102,69,171,Tm,changed,0.027000000001862645,True,True,-59210.298,-59210.271
2016,2020,101,70,171,Yb,changed,-0.008000000001629815,True,True,-59306.81,-59306.818
2016,2020,100,71,171,Lu,changed,-0.06999999999970896,True,True,-57828.395,-57828.465
2016,2020,99,72,171,Hf,changed,-0.006000000001222361,True,True,-55431.345,-55431.351
2016,2020,98,73,171,Ta,changed,-0.006000000001222361,True,True,-51720.273,-51720.279
2016,2020,97,74,171,W,changed,-0.005000000004656613,True,True,-47086.09,-47086.095
2016,2020,96,75,171,Re,changed,-0.005000000004656613,True,True,-41250.28,-41250.285
2016,2020,95,76,171,Os,changed,4.7040000000051805,True,True,-34301.942,-34297.238
2016,2020,94,77,171,Ir,changed,-0.004999999997380655,True,True,-26412.025,-26412.03
2016,2020,93,78,171,Pt,changed,3.13300000000163,True,True,-17469.702,-17466.569
2016,2020,92,79,171,Au,changed,-0.007999999999810825,True,True,-7562.295,-7562.303
2016,2020,104,68,172,Er,changed,1.0339999999996508,True,True,-56483.612,-56482.578
2016,2020,103,69,172,Tm,changed,0.8250000000043656,True,True,-57374.379,-57373.554
2016,2020,102,70,172,Yb,changed,-0.00999999999476131,True,True,-59255.446,-59255.456
2016,2020,101,71,172,Lu,changed,-0.0959999999977299,True,True,-56735.98,-56736.076
2016,2020,100,72,172,Hf,changed,-0.006000000001222361,True,True,-56402.226,-56402.232
2016,2020,99,73,172,Ta,changed,-0.006000000001222361,True,True,-51329.977,-51329.983
2016,2020,98,74,172,W,changed,-0.004999999997380655,True,True,-49097.186,-49097.191
2016,2020,97,75,172,Re,changed,-29.733000000000175,True,True,-41537.106,-41566.839
2016,2020,96,76,172,Os,changed,0.20099999999365536,True,True,-37243.842,-37243.641
2016,2020,95,77,172,Ir,changed,-0.004000000000814907,True,True,-27379.369,-27379.373
2016,2020,94,78,172,Pt,changed,0.25,True,True,-21106.92,-21106.67
2016,2020,93,79,172,Au,changed,-0.005000000001018634,True,True,-9318.006,-9318.011
2016,2020,92,80,172,Hg,changed,-2.617000000000189,False,True,-1058.744,-1061.361
2016,2020,104,69,173,Tm,changed,-0.008000000001629815,True,True,-56256.059,-56256.067
2016,2020,103,70,173,Yb,changed,-0.008999999998195563,True,True,-57551.225,-57551.234
2016,2020,102,71,173,Lu,changed,-0.09800000000541331,True,True,-56880.916,-56881.014
2016,2020,101,72,173,Hf,changed,-0.006000000001222361,True,True,-55411.784,-55411.79
2016,2020,100,73,173,Ta,changed,-0.004999999997380655,True,True,-52396.538,-52396.543
2016,2020,99,74,173,W,changed,-0.004999999997380655,True,True,-48727.383,-48727.388
2016,2020,98,75,173,Re,changed,-0.005000000004656613,True,True,-43553.865,-43553.87
2016,2020,97,76,173,Os,changed,0.006999999997788109,True,True,-37438.257,-37438.25
2016,2020,96,77,173,Ir,changed,-0.020999999997002305,True,True,-30268.435,-30268.456
2016,2020,95,78,173,Pt,changed,6.152999999998428,True,True,-21942.911,-21936.758
2016,2020,94,79,173,Au,changed,0.42300000000068394,True,True,-12832.44,-12832.017
2016,2020,105,69,174,Tm,changed,-0.008999999998195563,True,True,-53864.512,-53864.521
2016,2020,104,70,174,Yb,changed,-0.008999999998195563,True,True,-56944.512,-56944.521
2016,2020,103,71,174,Lu,changed,-0.0970000000015716,True,True,-55570.195,-55570.292
2016,2020,102,72,174,Hf,changed,-0.10199999999895226,True,True,-55844.481,-55844.583
2016,2020,101,73,174,Ta,changed,-0.004999999997380655,True,True,-51740.766,-51740.771
2016,2020,100,74,174,W,changed,-0.004999999997380655,True,True,-50227.088,-50227.093
2016,2020,99,75,174,Re,changed,-0.005000000004656613,True,True,-43673.096,-43673.101
2016,2020,98,76,174,Os,changed,0.03299999999580905,True,True,-39995.416,-39995.383
2016,2020,97,77,174,Ir,changed,77.55499999999665,True,True,-30863.492,-30785.937
2016,2020,96,78,174,Pt,changed,0.555000000000291,True,True,-25318.163,-25317.608
2016,2020,94,80,174,Hg,changed,-0.007999999999810825,True,True,-6641.009,-6641.017
2016,2020,106,69,175,Tm,changed,-0.006999999997788109,True,True,-52310.549,-52310.556
2016,2020,105,70,175,Yb,changed,-0.006999999997788109,True,True,-54695.549,-54695.556
2016,2020,104,71,175,Lu,changed,-0.0959999999977299,True,True,-55165.582,-55165.678
2016,2020,103,72,175,Hf,changed,-0.10100000000238651,True,True,-54481.662,-54481.763
2016,2020,102,73,175,Ta,changed,-0.006000000001222361,True,True,-52408.647,-52408.653
2016,2020,101,74,175,W,changed,-0.005000000004656613,True,True,-49632.795,-49632.8
2016,2020,100,75,175,Re,changed,-0.004999999997380655,True,True,-45288.307,-45288.312
2016,2020,99,76,175,Os,changed,0.01599999999598367,True,True,-40105.376,-40105.36
2016,2020,98,77,175,Ir,changed,-0.004999999997380655,True,True,-33394.506,-33394.511
2016,2020,97,78,175,Pt,changed,4.781999999999243,True,True,-25713.466,-25708.684
2016,2020,96,79,175,Au,changed,0.26900000000023283,True,True,-17403.955,-17403.686
2016,2020,95,80,175,Hg,changed,3.132999999999811,True,True,-7972.576,-7969.443
2016,2020,107,69,176,Tm,changed,-0.008000000001629815,False,True,-49371.314,-49371.322
2016,2020,106,70,176,Yb,changed,-0.008000000001629815,True,True,-53491.314,-53491.322
2016,2020,105,71,176,Lu,changed,-0.0970000000015716,True,True,-53382.236,-53382.333
2016,2020,104,72,176,Hf,changed,-0.10699999999633292,True,True,-54576.321,-54576.428
2016,2020,103,73,176,Ta,changed,-0.004999999997380655,True,True,-51365.374,-51365.379
2016,2020,102,74,176,W,changed,-0.004999999997380655,True,True,-50641.603,-50641.608
2016,2020,101,75,176,Re,changed,-0.004999999997380655,True,True,-45062.885,-45062.89
2016,2020,100,76,176,Os,changed,-33.24399999999878,True,True,-42097.94,-42131.184
2016,2020,99,77,176,Ir,changed,-3.5970000000015716,True,True,-33878.326,-33881.923
2016,2020,98,78,176,Pt,changed,-0.05100000000311411,True,True,-28933.867,-28933.918
2016,2020,97,79,176,Au,changed,-0.004000000000814907,True,True,-18520.963,-18520.967
2016,2020,96,80,176,Hg,changed,0.3110000000015134,True,True,-11784.95,-11784.639
2016,2020,95,81,176,Tl,changed,3.133999999999901,True,True,581.594,584.728
2016,2020,107,70,177,Yb,changed,-0.0070000000050640665,True,True,-50986.397,-50986.404
2016,2020,106,71,177,Lu,changed,-0.0970000000015716,True,True,-52383.806,-52383.903
2016,2020,105,72,177,Hf,changed,-0.1290000000008149,True,True,-52880.616,-52880.745
2016,2020,104,73,177,Ta,changed,-0.1290000000008149,True,True,-51714.616,-51714.745
2016,2020,103,74,177,W,changed,-0.004999999997380655,True,True,-49701.726,-49701.731
2016,2020,102,75,177,Re,changed,-0.005000000004656613,True,True,-46269.17,-46269.175
2016,2020,101,76,177,Os,changed,0.014000000002852175,True,True,-41956.462,-41956.448
2016,2020,100,77,177,Ir,changed,-0.004000000000814907,True,True,-36047.421,-36047.425
2016,2020,99,78,177,Pt,changed,0.006999999997788109,True,True,-29370.444,-29370.437
2016,2020,98,79,177,Au,changed,-0.6330000000016298,True,True,-21545.103,-21545.736
2016,2020,97,80,177,Hg,changed,6.718999999999141,True,True,-12782.542,-12775.823
2016,2020,96,81,177,Tl,changed,0.42299999999977445,True,True,-3340.526,-3340.103
2016,2020,108,70,178,Yb,changed,18.335999999995693,True,True,-49695.475,-49677.139
2016,2020,107,71,178,Lu,changed,-0.0970000000015716,True,True,-50337.784,-50337.881
2016,2020,106,72,178,Hf,changed,-0.1300000000046566,True,True,-52435.236,-52435.366
2016,2020,104,74,178,W,changed,-0.12999999999738066,True,True,-50406.936,-50407.066
2016,2020,103,75,178,Re,changed,-0.004000000000814907,True,True,-45653.453,-45653.457
2016,2020,102,76,178,Os,changed,0.026999999994586688,True,True,-43544.27,-43544.243
2016,2020,101,77,178,Ir,changed,-2.430000000000291,True,True,-36251.884,-36254.314
2016,2020,100,78,178,Pt,changed,0.03299999999944703,True,True,-31997.519,-31997.486
2016,2020,99,79,178,Au,changed,0.7139999999999418,True,True,-22303.743,-22303.029
2016,2020,98,80,178,Hg,changed,0.555000000000291,True,True,-16315.901,-16315.346
2016,2020,96,82,178,Pb,changed,-0.9229999999997744,True,True,3574.294,3573.371
2016,2020,108,71,179,Lu,changed,-0.09500000000116415,True,True,-49058.918,-49059.013
2016,2020,107,72,179,Hf,changed,-0.1290000000008149,True,True,-50462.907,-50463.036
2016,2020,106,73,179,Ta,changed,-0.13300000000162981,True,True,-50357.323,-50357.456
2016,2020,105,74,179,W,changed,-0.12000000000261934,True,True,-49295.127,-49295.247
2016,2020,104,75,179,Re,changed,-0.0319999999992433,True,True,-46584.28,-46584.312
2016,2020,103,76,179,Os,changed,-0.6419999999998254,True,True,-43019.495,-43020.137
2016,2020,102,77,179,Ir,changed,-0.004999999997380655,True,True,-38081.714,-38081.719
2016,2020,101,78,179,Pt,changed,0.018000000000029104,True,True,-32268.145,-32268.127
2016,2020,100,79,179,Au,changed,-0.005000000001018634,True,True,-24988.567,-24988.572
2016,2020,99,80,179,Hg,changed,-4.790000000000873,True,True,-16928.134,-16932.924
2016,2020,98,81,179,Tl,changed,-1.1369999999988067,True,True,-8268.495,-8269.632
2016,2020,97,82,179,Pb,changed,0.9690000000000509,True,True,2050.639,2051.608
2016,2020,109,71,180,Lu,changed,-0.12800000000424916,True,True,-46676.348,-46676.476
2016,2020,108,72,180,Hf,changed,-0.12800000000424916,True,True,-49779.348,-49779.476
2016,2020,107,73,180,Ta,changed,-0.7540000000008149,True,True,-48932.877,-48933.631
2016,2020,106,74,180,W,changed,-0.12800000000424916,True,True,-49636.115,-49636.243
2016,2020,105,75,180,Re,changed,-0.005000000004656613,True,True,-45837.359,-45837.364
2016,2020,104,76,180,Os,changed,1.6120000000009895,True,True,-44357.81,-44356.198
2016,2020,103,77,180,Ir,changed,-0.004000000000814907,True,True,-37977.526,-37977.53
2016,2020,102,78,180,Pt,changed,6.0020000000004075,True,True,-34435.877,-34429.875
2016,2020,101,79,180,Au,changed,-0.13700000000244472,True,True,-25625.509,-25625.646
2016,2020,100,80,180,Hg,changed,-0.06599999999889405,True,True,-20250.447,-20250.513
2016,2020,99,81,180,Tl,changed,-3.790999999999258,True,True,-9386.647,-9390.438
2016,2020,98,82,180,Pb,changed,0.31100000000014916,True,True,-1941.38,-1941.069
2016,2020,110,71,181,Lu,changed,-0.00399999999353895,False,True,-44797.41,-44797.414
2016,2020,109,72,181,Hf,changed,-0.12700000000040745,True,True,-47402.831,-47402.958
2016,2020,108,73,181,Ta,changed,-0.7529999999969732,True,True,-48438.311,-48439.064
2016,2020,107,74,181,W,changed,-0.12700000000040745,True,True,-48233.818,-48233.945
2016,2020,106,75,181,Re,changed,-0.020999999993364327,True,True,-46517.391,-46517.412
2016,2020,105,76,181,Os,changed,-0.004999999997380655,True,True,-43549.963,-43549.968
2016,2020,104,77,181,Ir,changed,-0.0070000000050640665,True,True,-39463.028,-39463.035
2016,2020,103,78,181,Pt,changed,0.013999999995576218,True,True,-34381.511,-34381.497
2016,2020,102,79,181,Au,changed,-0.004000000000814907,True,True,-27871.136,-27871.14
2016,2020,101,80,181,Hg,changed,0.008999999998195563,True,True,-20661.136,-20661.127
2016,2020,100,81,181,Tl,changed,-0.013999999999214197,True,True,-12798.735,-12798.749
2016,2020,99,82,181,Pb,changed,6.719000000000051,True,True,-3117.35,-3110.631
2016,2020,110,72,182,Hf,changed,-0.1279999999969732,True,True,-46049.508,-46049.636
2016,2020,109,73,182,Ta,changed,-0.7509999999965657,True,True,-46429.934,-46430.685
2016,2020,108,74,182,W,changed,-0.08400000000256114,True,True,-48246.06,-48246.144
2016,2020,107,75,182,Re,changed,-0.08400000000256114,False,True,-45446.06,-45446.144
2016,2020,106,76,182,Os,changed,-0.004999999997380655,True,True,-44609.104,-44609.109
2016,2020,105,77,182,Ir,changed,-0.0030000000042491592,True,True,-39051.679,-39051.682
2016,2020,104,78,182,Pt,changed,0.0290000000022701,True,True,-36168.449,-36168.42
2016,2020,103,79,182,Au,changed,-3.2079999999987194,True,True,-28300.768,-28303.976
2016,2020,102,80,182,Hg,changed,0.037000000000261934,True,True,-23576.922,-23576.885
2016,2020,101,81,182,Tl,changed,0.7139999999999418,True,True,-13327.927,-13327.213
2016,2020,100,82,182,Pb,changed,0.5560000000004948,True,True,-6825.112,-6824.556
2016,2020,112,71,183,Lu,changed,-0.004000000000814907,True,True,-39716.11,-39716.114
2016,2020,111,72,183,Hf,changed,-0.7509999999965657,True,True,-43282.796,-43283.547
2016,2020,110,73,183,Ta,changed,-0.7509999999965657,True,True,-45292.796,-45293.547
2016,2020,109,74,183,W,changed,-0.08299999999871943,True,True,-46365.58,-46365.663
2016,2020,108,75,183,Re,changed,-0.08299999999871943,True,True,-45809.58,-45809.663
2016,2020,107,76,183,Os,changed,0.28299999999580905,True,True,-43664.043,-43663.76
2016,2020,106,77,183,Ir,changed,1.173000000002503,True,True,-40203.311,-40202.138
2016,2020,105,78,183,Pt,changed,-0.7099999999991269,True,True,-35772.487,-35773.197
2016,2020,104,79,183,Au,changed,-0.005000000001018634,True,True,-30191.483,-30191.488
2016,2020,103,80,183,Hg,changed,0.01900000000023283,True,True,-23804.674,-23804.655
2016,2020,102,81,183,Tl,changed,-0.0039999999971769284,True,True,-16587.257,-16587.261
2016,2020,101,82,183,Pb,changed,-4.789999999999964,True,True,-7575.218,-7580.008
2016,2020,112,72,184,Hf,changed,-0.08000000000174623,True,True,-41499.373,-41499.453
2016,2020,111,73,184,Ta,changed,-0.08000000000174623,True,True,-42839.373,-42839.453
2016,2020,110,74,184,W,changed,-0.08000000000174623,True,True,-45705.373,-45705.453
2016,2020,109,75,184,Re,changed,-0.18500000000494765,True,True,-44219.634,-44219.819
2016,2020,108,76,184,Os,changed,-0.0319999999992433,True,True,-44252.533,-44252.565
2016,2020,107,77,184,Ir,changed,-0.004000000000814907,True,True,-39610.851,-39610.855
2016,2020,106,78,184,Pt,changed,1.757000000005064,True,True,-37334.243,-37332.486
2016,2020,105,79,184,Au,changed,-0.004000000000814907,True,True,-30318.71,-30318.714
2016,2020,104,80,184,Hg,changed,4.177999999999884,True,True,-26348.965,-26344.787
2016,2020,103,81,184,Tl,changed,-0.11300000000119326,True,True,-16883.242,-16883.355
2016,2020,102,82,184,Pb,changed,-0.0639999999984866,True,True,-11051.522,-11051.586
2016,2020,113,72,185,Hf,changed,-0.00399999999353895,True,True,-38319.8,-38319.804
2016,2020,112,73,185,Ta,changed,-0.07800000000133878,True,True,-41394.293,-41394.371
2016,2020,111,74,185,W,changed,-0.07800000000133878,True,True,-43387.793,-43387.871
2016,2020,110,75,185,Re,changed,-0.01999999999679858,True,True,-43819.027,-43819.047
2016,2020,109,76,185,Os,changed,-0.02800000000570435,True,True,-42805.88,-42805.908
2016,2020,108,77,185,Ir,changed,-0.004999999997380655,True,True,-40335.553,-40335.558
2016,2020,107,78,185,Pt,changed,-0.004000000000814907,True,True,-36688.14,-36688.144
2016,2020,106,79,185,Au,changed,-0.007000000001426088,True,True,-31858.143,-31858.15
2016,2020,105,80,185,Hg,changed,0.014999999999417923,True,True,-26183.666,-26183.651
2016,2020,104,81,185,Tl,changed,-0.0039999999971769284,True,True,-19757.741,-19757.745
2016,2020,103,82,185,Pb,changed,0.009000000000014552,True,True,-11541.22,-11541.211
2016,2020,114,72,186,Hf,changed,-0.004000000000814907,True,True,-36424.21,-36424.214
2016,2020,113,73,186,Ta,changed,-0.07400000000052387,True,True,-38607.528,-38607.602
2016,2020,112,74,186,W,changed,-0.07400000000052387,True,True,-42508.528,-42508.602
2016,2020,111,75,186,Re,changed,-0.23399999999674037,True,True,-41927.086,-41927.32
2016,2020,110,76,186,Os,changed,-0.08899999999994179,True,True,-42999.943,-43000.032
2016,2020,109,77,186,Ir,changed,-0.004000000000814907,True,True,-39172.346,-39172.35
2016,2020,108,78,186,Pt,changed,-0.004000000000814907,True,True,-37864.443,-37864.447
2016,2020,107,79,186,Au,changed,-0.004000000000814907,True,True,-31714.852,-31714.856
2016,2020,106,80,186,Hg,changed,0.03800000000046566,True,True,-28539.097,-28539.059
2016,2020,105,81,186,Tl,changed,3.673000000002503,True,True,-19886.613,-19882.94
2016,2020,104,82,186,Pb,changed,1.128999999998996,True,True,-14682.026,-14680.897
2016,2020,103,83,186,Bi,changed,0.7150000000001455,True,True,-3146.212,-3145.497
2016,2020,102,84,186,Po,changed,0.556999999999789,True,True,4100.974,4101.531
2016,2020,114,73,187,Ta,changed,-0.004000000000814907,True,True,-36895.546,-36895.55
2016,2020,113,74,187,W,changed,-0.07400000000052387,True,True,-39903.97,-39904.044
2016,2020,112,75,187,Re,changed,-0.06999999999970896,True,True,-41216.478,-41216.548
2016,2020,111,76,187,Os,changed,-0.06999999999970896,True,True,-41218.945,-41219.015
2016,2020,110,77,187,Ir,changed,-0.004999999997380655,True,True,-39549.372,-39549.377
2016,2020,109,78,187,Pt,changed,-0.31099999999423744,True,True,-36685.05,-36685.361
2016,2020,108,79,187,Au,changed,-0.9419999999954598,True,True,-33027.838,-33028.78
2016,2020,107,80,187,Hg,changed,-0.5789999999979045,True,True,-28117.93,-28118.509
2016,2020,106,81,187,Tl,changed,-0.005000000001018634,True,True,-22444.587,-22444.592
2016,2020,105,82,187,Pb,changed,0.004000000000814907,True,True,-14986.959,-14986.955
2016,2020,104,83,187,Bi,changed,-0.0039999999999054126,True,True,-6383.271,-6383.275
2016,2020,103,84,187,Po,changed,-4.789000000000215,True,True,2828.597,2823.808
2016,2020,114,74,188,W,changed,-0.06899999999586726,True,True,-38667.811,-38667.88
2016,2020,113,75,188,Re,changed,-0.06899999999586726,True,True,-39016.811,-39016.88
2016,2020,112,76,188,Os,changed,-0.06799999999930151,True,True,-41137.233,-41137.301
2016,2020,111,77,188,Ir,changed,-0.04800000000250293,True,True,-38344.907,-38344.955
2016,2020,110,78,188,Pt,changed,-0.04100000000471482,True,True,-37820.929,-37820.97
2016,2020,109,79,188,Au,changed,-0.006999999997788109,True,True,-32371.308,-32371.315
2016,2020,108,80,188,Hg,changed,3.563000000001921,True,True,-30201.914,-30198.351
2016,2020,107,81,188,Tl,changed,-0.0029999999969732016,True,True,-22336.4,-22336.403
2016,2020,106,82,188,Pb,changed,4.177999999999884,True,True,-17815.202,-17811.024
2016,2020,105,83,188,Bi,changed,-0.11300000000028376,True,True,-7194.687,-7194.8
2016,2020,104,84,188,Po,changed,-0.06500000000005457,True,True,-544.313,-544.378
2016,2020,114,75,189,Re,changed,-0.05400000000372529,True,True,-37979.043,-37979.097
2016,2020,113,76,189,Os,changed,-0.05700000000069849,True,True,-38986.745,-38986.802
2016,2020,112,77,189,Ir,changed,-0.06599999999889405,True,True,-38449.586,-38449.652
2016,2020,111,78,189,Pt,changed,-0.05700000000069849,True,True,-36469.348,-36469.405
2016,2020,110,79,189,Au,changed,-0.0029999999969732016,True,True,-33581.955,-33581.958
2016,2020,109,80,189,Hg,changed,0.023000000001047738,True,True,-29626.401,-29626.378
2016,2020,108,81,189,Tl,changed,-0.005000000001018634,True,True,-24616.1,-24616.105
2016,2020,107,82,189,Pb,changed,0.01599999999962165,True,True,-17844.035,-17844.019
2016,2020,106,83,189,Bi,changed,-0.004000000000814907,True,True,-10064.66,-10064.664
2016,2020,105,84,189,Po,changed,0.009000000000014552,True,True,-1422.005,-1421.996
2016,2020,116,74,190,W,changed,13.480999999999767,True,True,-34382.313,-34368.832
2016,2020,115,75,190,Re,changed,52.81500000000233,True,True,-35635.83,-35583.015
2016,2020,114,76,190,Os,changed,-0.05399999999644933,True,True,-38707.771,-38707.825
2016,2020,113,77,190,Ir,changed,-0.06999999999970896,True,True,-36753.544,-36753.614
2016,2020,112,78,190,Pt,changed,-0.05400000000372529,True,True,-37306.45,-37306.504
2016,2020,111,79,190,Au,changed,-0.006999999997788109,True,True,-32833.533,-32833.54
2016,2020,110,80,190,Hg,changed,0.07200000000011642,True,True,-31370.697,-31370.625
2016,2020,109,81,190,Tl,changed,5.790999999997439,True,True,-24372.027,-24366.236
2016,2020,108,82,190,Pb,changed,0.03800000000046566,True,True,-20416.645,-20416.607
2016,2020,107,83,190,Bi,changed,3.672999999998865,True,True,-10599.579,-10595.906
2016,2020,106,84,190,Po,changed,1.129000000000815,True,True,-4563.837,-4562.708
2016,2020,117,74,191,W,changed,-0.0030000000006111804,True,True,-31176.173,-31176.176
2016,2020,116,75,191,Re,changed,-0.11200000000098953,True,True,-34350.296,-34350.408
2016,2020,115,76,191,Os,changed,-0.05400000000372529,True,True,-36395.185,-36395.239
2016,2020,114,77,191,Ir,changed,-0.06999999999970896,True,True,-36708.756,-36708.826
2016,2020,113,78,191,Pt,changed,-0.09900000000197906,True,True,-35698.237,-35698.336
2016,2020,112,79,191,Au,changed,-0.006000000001222361,True,True,-33797.904,-33797.91
2016,2020,111,80,191,Hg,changed,0.0470000000022992,True,True,-30591.896,-30591.849
2016,2020,110,81,191,Tl,changed,-0.006000000001222361,True,True,-26282.945,-26282.951
2016,2020,109,82,191,Pb,changed,-60.125,True,True,-20231.118,-20291.243
2016,2020,108,83,191,Bi,changed,-0.004000000000814907,True,True,-13239.347,-13239.351
2016,2020,107,84,191,Po,changed,0.0039999999999054126,True,True,-5068.735,-5068.731
2016,2020,106,85,191,At,changed,-0.0039999999999054126,True,True,3863.917,3863.913
2016,2020,117,75,192,Re,changed,-0.0030000000006111804,True,True,-31588.825,-31588.828
2016,2020,116,76,192,Os,changed,-0.11200000000098953,True,True,-35882.191,-35882.303
2016,2020,115,77,192,Ir,changed,-0.06999999999970896,True,True,-34835.561,-34835.631
2016,2020,114,78,192,Pt,changed,-0.06799999999930151,True,True,-36288.457,-36288.525
2016,2020,113,79,192,Au,changed,-0.06799999999930151,True,True,-32772.116,-32772.184
2016,2020,112,80,192,Hg,changed,0.07200000000011642,True,True,-32011.553,-32011.481
2016,2020,111,81,192,Tl,changed,-0.0030000000006111804,True,True,-25872.246,-25872.249
2016,2020,110,82,192,Pb,changed,4.173999999999069,True,True,-22556.02,-22551.846
2016,2020,109,83,192,Bi,changed,-0.0020000000004074536,True,True,-13534.535,-13534.537
2016,2020,108,84,192,Po,changed,4.177999999999884,True,True,-8070.661,-8066.483
2016,2020,107,85,192,At,changed,-0.11199999999962529,True,True,2925.854,2925.742
2016,2020,118,75,193,Re,changed,-0.0030000000006111804,True,True,-30231.638,-30231.641
2016,2020,117,76,193,Os,changed,-0.11200000000098953,True,True,-33394.289,-33394.401
2016,2020,116,77,193,Ir,changed,-0.06999999999970896,True,True,-34536.235,-34536.305
2016,2020,115,78,193,Pt,changed,-0.06900000000314321,True,True,-34479.608,-34479.677
2016,2020,114,79,193,Au,changed,-0.007999999994353857,True,True,-33404.821,-33404.829
2016,2020,113,80,193,Hg,changed,0.013999999999214197,True,True,-31062.179,-31062.165
2016,2020,112,81,193,Tl,changed,-0.006000000001222361,True,True,-27477.212,-27477.218
2016,2020,111,82,193,Pb,changed,-34.76499999999942,True,True,-22194.49,-22229.255
2016,2020,110,83,193,Bi,changed,-0.004000000000814907,True,True,-15884.559,-15884.563
2016,2020,109,84,193,Po,changed,0.01599999999962165,True,True,-8325.318,-8325.302
2016,2020,108,85,193,At,changed,-0.0030000000000001137,True,True,-67.32,-67.323
2016,2020,107,86,193,Rn,changed,0.009000000000014552,True,True,9042.911,9042.92
2016,2020,118,76,194,Os,changed,-0.06799999999930151,True,True,-32435.108,-32435.176
2016,2020,117,77,194,Ir,changed,-0.06800000000293949,True,True,-32531.708,-32531.776
2016,2020,116,78,194,Pt,changed,-0.031000000002677552,True,True,-34760.07,-34760.101
2016,2020,115,79,194,Au,changed,-0.013999999999214197,True,True,-32211.936,-32211.95
2016,2020,114,80,194,Hg,changed,-0.007000000001426088,True,True,-32183.945,-32183.952
2016,2020,113,81,194,Tl,changed,-0.006999999997788109,True,True,-26937.491,-26937.498
2016,2020,112,82,194,Pb,changed,0.07399999999688589,True,True,-24207.94,-24207.866
2016,2020,111,83,194,Bi,changed,5.790999999999258,True,True,-16028.811,-16023.02
2016,2020,110,84,194,Po,changed,0.03800000000046566,True,True,-11004.655,-11004.617
2016,2020,109,85,194,At,changed,3.673000000000002,True,True,-720.163,-716.49
2016,2020,108,86,194,Rn,changed,1.1289999999999054,True,True,5723.495,5724.624
2016,2020,119,76,195,Os,changed,-0.0030000000006111804,True,True,-29511.593,-29511.596
2016,2020,118,77,195,Ir,changed,-0.06699999999909778,True,True,-31692.251,-31692.318
2016,2020,117,78,195,Pt,changed,-0.02899999999499414,True,True,-32793.849,-32793.878
2016,2020,116,79,195,Au,changed,-0.030000000002473826,True,True,-32567.031,-32567.061
2016,2020,115,80,195,Hg,changed,0.05099999999947613,True,True,-31013.393,-31013.342
2016,2020,114,81,195,Tl,changed,-0.04400000000168802,True,True,-28155.248,-28155.292
2016,2020,113,82,195,Pb,changed,-30.346000000001368,True,True,-23707.693,-23738.039
2016,2020,112,83,195,Bi,changed,-0.005999999997584382,True,True,-18025.561,-18025.567
2016,2020,111,84,195,Po,changed,-60.39600000000064,True,True,-11056.259,-11116.655
2016,2020,110,85,195,At,changed,-0.0039999999999054126,True,True,-3470.295,-3470.299
2016,2020,109,86,195,Rn,changed,0.0039999999999054126,True,True,5050.281,5050.285
2016,2020,120,76,196,Os,changed,-0.018000000000029104,True,True,-28277.105,-28277.123
2016,2020,119,77,196,Ir,changed,-0.0290000000022701,True,True,-29435.493,-29435.522
2016,2020,118,78,196,Pt,changed,-0.028000000002066372,True,True,-32644.51,-32644.538
2016,2020,117,79,196,Au,changed,-0.012000000002444722,True,True,-31138.706,-31138.718
2016,2020,116,80,196,Hg,changed,-0.0030000000006111804,True,True,-31825.941,-31825.944
2016,2020,115,81,196,Tl,changed,-0.006000000001222361,True,True,-27496.592,-27496.598
2016,2020,114,82,196,Pb,changed,0.07800000000133878,True,True,-25348.312,-25348.234
2016,2020,113,83,196,Bi,changed,-0.0010000000002037268,True,True,-18009.031,-18009.032
2016,2020,112,84,196,Po,changed,4.310999999999694,True,True,-13473.042,-13468.731
2016,2020,111,85,196,At,changed,1.5019999999999527,True,True,-3914.677,-3913.175
2016,2020,110,86,196,Rn,changed,4.178000000000111,True,True,1970.991,1975.169
2016,2020,120,77,197,Ir,changed,-0.018000000000029104,True,True,-28264.105,-28264.123
2016,2020,119,78,197,Pt,changed,-0.02500000000145519,True,True,-30419.75,-30419.775
2016,2020,118,79,197,Au,changed,-0.01299999999901047,True,True,-31139.738,-31139.751
2016,2020,117,80,197,Hg,changed,-0.0020000000004074536,True,True,-30540.229,-30540.231
2016,2020,116,81,197,Tl,changed,-12.57300000000032,True,True,-28341.649,-28354.222
2016,2020,115,82,197,Pb,changed,0.01600000000325963,True,True,-24745.401,-24745.385
2016,2020,114,83,197,Bi,changed,-0.005000000001018634,True,True,-19687.191,-19687.196
2016,2020,113,84,197,Po,changed,-35.08799999999974,True,True,-13357.99,-13393.078
2016,2020,112,85,197,At,changed,-0.005000000000109139,True,True,-6355.25,-6355.255
2016,2020,111,86,197,Rn,changed,0.01499999999987267,True,True,1510.353,1510.368
2016,2020,110,87,197,Fr,changed,-0.002999999998792191,True,True,10253.971,10253.968
2016,2020,120,78,198,Pt,changed,-0.01900000000023283,True,True,-29903.999,-29904.018
2016,2020,119,79,198,Au,changed,-0.012000000002444722,True,True,-29580.781,-29580.793
2016,2020,118,80,198,Hg,changed,-0.004999999997380655,True,True,-30954.31,-30954.315
2016,2020,117,81,198,Tl,changed,-0.007000000001426088,True,True,-27528.746,-27528.753
2016,2020,116,82,198,Pb,changed,0.046000000002095476,True,True,-26067.489,-26067.443
2016,2020,115,83,198,Bi,changed,-4.364999999997963,True,True,-19369.486,-19373.851
2016,2020,114,84,198,Po,changed,0.07400000000052387,True,True,-15473.352,-15473.278
2016,2020,113,85,198,At,changed,5.765999999999622,True,True,-6714.513,-6708.747
2016,2020,112,86,198,Rn,changed,0.038000000000010914,True,True,-1230.358,-1230.32
2016,2020,111,87,198,Fr,changed,3.6740000000008877,True,True,9574.024,9577.698
2016,2020,122,77,199,Ir,changed,-0.01900000000023283,True,True,-24398.515,-24398.534
2016,2020,121,78,199,Pt,changed,-0.018000000000029104,True,True,-27388.682,-27388.7
2016,2020,120,79,199,Au,changed,-0.010999999998603016,True,True,-29093.741,-29093.752
2016,2020,119,80,199,Hg,changed,0.0020000000004074536,True,True,-29546.068,-29546.066
2016,2020,118,81,199,Tl,changed,-0.0030000000006111804,True,True,-28059.394,-28059.397
2016,2020,117,82,199,Pb,changed,0.06999999999970896,True,True,-25231.804,-25231.734
2016,2020,116,83,199,Bi,changed,-0.05000000000291038,True,True,-20797.566,-20797.616
2016,2020,115,84,199,Po,changed,-30.34599999999955,True,True,-15208.483,-15238.829
2016,2020,114,85,199,At,changed,-0.005000000001018634,True,True,-8823.372,-8823.377
2016,2020,113,86,199,Rn,changed,-60.39499999999998,True,True,-1499.451,-1559.846
2016,2020,112,87,199,Fr,changed,-0.005000000000109139,True,True,6771.393,6771.388
2016,2020,122,78,200,Pt,changed,-0.018000000000029104,True,True,-26599.16,-26599.178
2016,2020,121,79,200,Au,changed,-0.0020000000004074536,True,True,-27240.092,-27240.094
2016,2020,120,80,200,Hg,changed,0.0030000000006111804,True,True,-29503.27,-29503.267
2016,2020,119,81,200,Tl,changed,0.0030000000006111804,True,True,-27047.23,-27047.227
2016,2020,118,82,200,Pb,changed,0.1959999999999127,True,True,-26251.054,-26250.858
2016,2020,117,83,200,Bi,changed,0.18100000000049477,True,True,-20370.755,-20370.574
2016,2020,116,84,200,Po,changed,0.0779999999977008,True,True,-16941.761,-16941.683
2016,2020,115,85,200,At,changed,-0.0020000000004074536,True,True,-8987.892,-8987.894
2016,2020,114,86,200,Rn,changed,4.310999999999694,True,True,-4004.765,-4000.454
2016,2020,113,87,200,Fr,changed,1.0800000000008367,True,True,6132.498,6133.578
2016,2020,123,78,201,Pt,changed,0.008999999998195563,True,True,-23740.714,-23740.705
2016,2020,122,79,201,Au,changed,0.008999999998195563,True,True,-26400.714,-26400.705
2016,2020,121,80,201,Hg,changed,0.013000000002648449,True,True,-27662.542,-27662.529
2016,2020,120,81,201,Tl,changed,0.06000000000130967,True,True,-27180.838,-27180.778
2016,2020,119,82,201,Pb,changed,0.0030000000006111804,True,True,-25271.036,-25271.033
2016,2020,118,83,201,Bi,changed,-12.57300000000032,True,True,-21416.433,-21429.006
2016,2020,117,84,201,Po,changed,0.01900000000023283,True,True,-16521.185,-16521.166
2016,2020,116,85,201,At,changed,-0.0030000000006111804,True,True,-10789.438,-10789.441
2016,2020,115,86,201,Rn,changed,-35.08899999999949,True,True,-4072.324,-4107.413
2016,2020,114,87,201,Fr,changed,-0.00400000000036016,True,True,3588.577,3588.573
2016,2020,113,88,201,Ra,changed,0.01599999999962165,True,True,11936.801,11936.817
2016,2020,124,78,202,Pt,changed,-0.0030000000006111804,True,True,-22692.125,-22692.128
2016,2020,123,79,202,Au,changed,-0.0030000000006111804,True,True,-24352.979,-24352.982
2016,2020,122,80,202,Hg,changed,0.013999999999214197,True,True,-27345.324,-27345.31
2016,2020,121,81,202,Tl,changed,-0.20300000000133878,True,True,-25980.216,-25980.419
2016,2020,120,82,202,Pb,changed,0.006000000001222361,True,True,-25940.614,-25940.608
2016,2020,119,83,202,Bi,changed,-9.369999999998981,True,True,-20741.484,-20750.854
2016,2020,118,84,202,Po,changed,0.0470000000022992,True,True,-17941.616,-17941.569
2016,2020,117,85,202,At,changed,-4.373999999999796,True,True,-10590.732,-10595.106
2016,2020,116,86,202,Rn,changed,0.07400000000052387,True,True,-6274.635,-6274.561
2016,2020,115,87,202,Fr,changed,5.300999999999931,True,True,3096.237,3101.538
2016,2020,114,88,202,Ra,changed,0.0389999999988504,True,True,9074.861,9074.9
2016,2020,124,79,203,Au,changed,-0.007999999997991836,True,True,-23143.436,-23143.444
2016,2020,123,80,203,Hg,changed,0.06199999999807915,True,True,-25269.265,-25269.203
2016,2020,122,81,203,Tl,changed,0.06799999999930151,True,True,-25761.377,-25761.309
2016,2020,121,82,203,Pb,changed,0.07400000000052387,True,True,-24786.557,-24786.483
2016,2020,120,83,203,Bi,changed,-0.06599999999889405,True,True,-21524.827,-21524.893
2016,2020,119,84,203,Po,changed,0.06999999999970896,True,True,-17310.889,-17310.819
2016,2020,118,85,203,At,changed,-0.049999999999272404,True,True,-12162.557,-12162.607
2016,2020,117,86,203,Rn,changed,-30.34600000000046,True,True,-6153.699,-6184.045
2016,2020,116,87,203,Fr,changed,-0.0049999999999954525,True,True,876.417,876.412
2016,2020,115,88,203,Ra,changed,-60.39500000000044,True,True,8661.726,8601.331
2016,2020,124,80,204,Hg,changed,-0.0030000000006111804,True,True,-24690.145,-24690.148
2016,2020,123,81,204,Tl,changed,0.0750000000007276,True,True,-24346.145,-24346.07
2016,2020,122,82,204,Pb,changed,0.07700000000113505,True,True,-25109.892,-25109.815
2016,2020,121,83,204,Bi,changed,-0.030999999999039574,True,True,-20645.896,-20645.927
2016,2020,120,84,204,Po,changed,0.19900000000052387,True,True,-18341.244,-18341.045
2016,2020,119,85,204,At,changed,0.18100000000049477,True,True,-11875.433,-11875.252
2016,2020,118,86,204,Rn,changed,0.07800000000042928,True,True,-7970.193,-7970.115
2016,2020,117,87,204,Fr,changed,-0.0019999999999527063,True,True,607.31,607.308
2016,2020,116,88,204,Ra,changed,4.309999999999491,True,True,6056.787,6061.097
2016,2020,125,80,205,Hg,changed,0.021000000000640284,True,True,-22287.74,-22287.719
2016,2020,124,81,205,Tl,changed,0.07200000000011642,True,True,-23820.874,-23820.802
2016,2020,123,82,205,Pb,changed,0.07700000000113505,True,True,-23770.239,-23770.162
2016,2020,122,83,205,Bi,changed,-1.0649999999986903,True,True,-21064.504,-21065.569
2016,2020,121,84,205,Po,unchanged,0.0,True,True,-17521.398,-17521.398
2016,2020,120,85,205,At,changed,-12.57300000000032,True,True,-12971.946,-12984.519
2016,2020,119,86,205,Rn,changed,0.021999999999934516,True,True,-7709.786,-7709.764
2016,2020,118,87,205,Fr,changed,-0.0029999999999290594,True,True,-1309.813,-1309.816
2016,2020,117,88,205,Ra,changed,-35.13799999999992,True,True,5838.991,5803.853
2016,2020,116,89,205,Ac,changed,-0.003999999998995918,True,True,14106.693,14106.689
2016,2020,126,80,206,Hg,changed,0.07300000000032014,True,True,-20945.801,-20945.728
2016,2020,125,81,206,Tl,changed,0.07399999999688589,True,True,-22253.367,-22253.293
2016,2020,124,82,206,Pb,changed,0.0779999999977008,True,True,-23785.584,-23785.506
2016,2020,123,83,206,Bi,changed,0.07699999999749707,True,True,-20028.278,-20028.201
2016,2020,122,84,206,Po,changed,0.005999999997584382,True,True,-18188.674,-18188.668
2016,2020,121,85,206,At,changed,-9.670000000000073,True,True,-12429.718,-12439.388
2016,2020,120,86,206,Rn,changed,0.04700000000048021,True,True,-9132.965,-9132.918
2016,2020,119,87,206,Fr,changed,-4.442999999999984,True,True,-1242.416,-1246.859
2016,2020,118,88,206,Ra,changed,0.07399999999961437,True,True,3565.539,3565.613
2016,2020,117,89,206,Ac,changed,5.302000000001499,True,True,13479.452,13484.754
2016,2020,127,80,207,Hg,changed,-0.0020000000004074536,True,True,-16487.444,-16487.446
2016,2020,126,81,207,Tl,changed,0.014999999999417923,True,True,-21034.451,-21034.436
2016,2020,125,82,207,Pb,changed,0.07899999999790452,True,True,-22452.047,-22451.968
2016,2020,124,83,207,Bi,changed,0.07300000000032014,True,True,-20054.627,-20054.554
2016,2020,123,84,207,Po,changed,0.0750000000007276,True,True,-17145.775,-17145.7
2016,2020,122,85,207,At,changed,-0.06600000000071304,True,True,-13227.416,-13227.482
2016,2020,121,86,207,Rn,changed,0.020000000000436557,True,True,-8634.762,-8634.742
2016,2020,120,87,207,Fr,changed,-4.680000000000291,True,True,-2844.341,-2849.021
2016,2020,119,88,207,Ra,changed,-30.4970000000003,True,True,3544.485,3513.988
2016,2020,118,89,207,Ac,changed,-0.005000000001018634,True,True,11146.233,11146.228
2016,2020,128,80,208,Hg,changed,-0.0019999999985884642,True,True,-13265.406,-13265.408
2016,2020,127,81,208,Tl,changed,0.011000000002240995,True,True,-16750.132,-16750.121
2016,2020,126,82,208,Pb,changed,0.0790000000015425,True,True,-21748.598,-21748.519
2016,2020,125,83,208,Bi,changed,0.07200000000011642,True,True,-18870.223,-18870.151
2016,2020,124,84,208,Po,changed,0.3890000000028522,True,True,-17469.596,-17469.207
2016,2020,123,85,208,At,changed,-0.030000000000654836,True,True,-12469.871,-12469.901
2016,2020,122,86,208,Rn,changed,0.20200000000113505,True,True,-9655.591,-9655.389
2016,2020,121,87,208,Fr,changed,0.9909999999999854,True,True,-2665.919,-2664.928
2016,2020,120,88,208,Ra,changed,0.07799999999997453,True,True,1727.856,1727.934
2016,2020,119,89,208,Ac,changed,7.618999999998778,True,True,10753.235,10760.854
2016,2020,118,90,208,Th,changed,4.311000000001513,True,True,16683.73,16688.041
2016,2020,128,81,209,Tl,changed,-0.03600000000005821,True,True,-13644.757,-13644.793
2016,2020,127,82,209,Pb,changed,0.07200000000011642,True,True,-17614.646,-17614.574
2016,2020,126,83,209,Bi,changed,0.07300000000032014,True,True,-18258.662,-18258.589
2016,2020,125,84,209,Po,changed,0.07700000000113505,True,True,-16366.092,-16366.015
2016,2020,124,85,209,At,changed,-1.1599999999998545,True,True,-12882.613,-12883.773
2016,2020,123,86,209,Rn,unchanged,0.0,True,True,-8941.049,-8941.049
2016,2020,122,87,209,Fr,changed,-12.571999999999662,True,True,-3769.572,-3782.144
2016,2020,121,88,209,Ra,changed,0.020999999999958163,True,True,1858.219,1858.24
2016,2020,120,89,209,Ac,changed,1.0780000000013388,True,True,8843.809,8844.887
2016,2020,129,81,210,Tl,changed,-0.027000000000043656,True,True,-9246.969,-9246.996
2016,2020,128,82,210,Pb,changed,0.07300000000032014,True,True,-14728.502,-14728.429
2016,2020,127,83,210,Bi,changed,0.07399999999870488,True,True,-14791.979,-14791.905
2016,2020,126,84,210,Po,changed,0.07700000000113505,True,True,-15953.137,-15953.06
2016,2020,125,85,210,At,changed,0.07799999999951979,True,True,-11972.177,-11972.099
2016,2020,124,86,210,Rn,changed,0.006000000001222361,True,True,-9604.77,-9604.764
2016,2020,123,87,210,Fr,changed,-10.302999999999884,True,True,-3333.205,-3343.508
2016,2020,122,88,210,Ra,changed,0.047000000000025466,True,True,442.792,442.839
2016,2020,121,89,210,Ac,changed,-25.6200000000008,True,True,8789.699,8764.079
2016,2020,120,90,210,Th,changed,0.0750000000007276,True,True,14059.446,14059.521
2016,2020,130,81,211,Tl,changed,-0.0010000000002037268,True,True,-6077.998,-6077.999
2016,2020,129,82,211,Pb,changed,-0.06400000000030559,True,True,-10492.948,-10493.012
2016,2020,128,83,211,Bi,changed,0.014999999999417923,True,True,-11859.131,-11859.116
2016,2020,127,84,211,Po,changed,0.07899999999972351,True,True,-12432.571,-12432.492
2016,2020,126,85,211,At,changed,0.07299999999850115,True,True,-11647.264,-11647.191
2016,2020,125,86,211,Rn,changed,0.07400000000052387,True,True,-8755.404,-8755.33
2016,2020,124,87,211,Fr,changed,-0.06500000000050932,True,True,-4140.249,-4140.314
2016,2020,123,88,211,Ra,changed,-0.15300000000002,True,True,832.023,831.87
2016,2020,122,89,211,Ac,changed,-58.72900000000027,True,True,7202.214,7143.485
2016,2020,121,90,211,Th,changed,-33.774999999999636,True,True,13910.171,13876.396
2016,2020,120,91,211,Pa,new,,True,True,,22052.226
2016,2020,130,82,212,Pb,changed,-0.07899999999972351,True,True,-7548.85,-7548.929
2016,2020,129,83,212,Bi,changed,0.01099999999951251,True,True,-8117.954,-8117.943
2016,2020,128,84,212,Po,changed,0.07899999999972351,True,True,-10369.487,-10369.408
2016,2020,127,85,212,At,changed,0.07200000000011642,True,True,-8628.221,-8628.149
2016,2020,126,86,212,Rn,changed,0.3890000000010332,True,True,-8659.608,-8659.219
2016,2020,125,87,212,Fr,changed,-0.03000000000020009,True,True,-3515.968,-3515.998
2016,2020,124,88,212,Ra,changed,0.20499999999998408,True,True,-198.968,-198.763
2016,2020,123,89,212,Ac,changed,22.30200000000059,True,True,7277.298,7299.6
2016,2020,122,90,212,Th,changed,0.07799999999951979,True,True,12110.808,12110.886
2016,2020,121,91,212,Pa,changed,3.165000000000873,True,True,21593.358,21596.523
2016,2020,132,81,213,Tl,unchanged,0.0,True,True,1783.811,1783.811
2016,2020,131,82,213,Pb,changed,-0.06599999999980355,True,True,-3203.532,-3203.598
2016,2020,130,83,213,Bi,changed,-0.03600000000005821,True,True,-5231.635,-5231.671
2016,2020,129,84,213,Po,changed,0.06499999999959982,True,True,-6653.584,-6653.519
2016,2020,128,85,213,At,changed,0.07300000000032014,True,True,-6579.595,-6579.522
2016,2020,127,86,213,Rn,changed,0.07700000000022555,True,True,-5696.026,-5695.949
2016,2020,126,87,213,Fr,changed,-1.3510000000001128,True,True,-3552.848,-3554.199
2016,2020,125,88,213,Ra,unchanged,0.0,True,True,345.557,345.557
2016,2020,124,89,213,Ac,changed,-13.662999999999556,True,True,6154.692,6141.029
2016,2020,123,90,213,Th,changed,0.02200000000084401,True,True,12120.086,12120.108
2016,2020,122,91,213,Pa,changed,-8.431000000000495,True,True,19662.625,19654.194
2016,2020,132,82,214,Pb,changed,-0.25,True,True,-182.769,-183.019
2016,2020,131,83,214,Bi,changed,-0.027000000000043656,True,True,-1200.753,-1200.78
2016,2020,130,84,214,Po,changed,0.07400000000052387,True,True,-4470.046,-4469.972
2016,2020,129,85,214,At,changed,0.680000000000291,True,True,-3379.831,-3379.151
2016,2020,128,86,214,Rn,changed,0.07800000000042928,True,True,-4319.742,-4319.664
2016,2020,127,87,214,Fr,changed,0.37999999999999545,True,True,-958.707,-958.327
2016,2020,126,88,214,Ra,changed,0.006000000000000227,True,True,92.734,92.74
2016,2020,125,89,214,Ac,changed,-10.582000000000335,True,True,6443.854,6433.272
2016,2020,124,90,214,Th,changed,0.04700000000048021,True,True,10694.885,10694.932
2016,2020,123,91,214,Pa,changed,-25.61999999999898,True,True,19485.515,19459.895
2016,2020,133,82,215,Pb,changed,0.0010000000002037268,True,True,4342.244,4342.245
2016,2020,132,83,215,Bi,changed,-0.049999999999954525,True,True,1629.322,1629.272
2016,2020,131,84,215,Po,changed,-0.06499999999994088,True,True,-541.706,-541.771
2016,2020,130,85,215,At,changed,-0.8269999999999982,True,True,-1255.756,-1256.583
2016,2020,129,86,215,Rn,changed,-0.4290000000000873,True,True,-1168.561,-1168.99
2016,2020,128,87,215,Fr,changed,0.07200000000000273,True,True,318.065,318.137
2016,2020,127,88,215,Ra,changed,-1.7440000000001419,True,True,2533.739,2531.995
2016,2020,126,89,215,Ac,changed,-0.06499999999959982,True,True,6030.615,6030.55
2016,2020,125,90,215,Th,changed,-0.15200000000004366,True,True,10921.586,10921.434
2016,2020,124,91,215,Pa,changed,-59.401999999998225,True,True,17863.939,17804.537
2016,2020,123,92,215,U,changed,-33.77499999999782,False,True,24923.087,24889.312
2016,2020,133,83,216,Bi,changed,-0.0029999999997016857,True,True,5873.991,5873.988
2016,2020,132,84,216,Po,changed,-0.08400000000006003,True,True,1782.42,1782.336
2016,2020,131,85,216,At,changed,0.011999999999716238,True,True,2256.666,2256.678
2016,2020,130,86,216,Rn,changed,0.4440000000000168,True,True,252.868,253.312
2016,2020,129,87,216,Fr,changed,0.07200000000011642,True,True,2970.95,2971.022
2016,2020,128,88,216,Ra,changed,0.38899999999966894,True,True,3291.077,3291.466
2016,2020,127,89,216,Ac,changed,5.34099999999944,True,True,8144.395,8149.736
2016,2020,126,90,216,Th,changed,0.20499999999992724,True,True,10298.332,10298.537
2016,2020,125,91,216,Pa,changed,24.584999999999127,True,True,17799.214,17823.799
2016,2020,124,92,216,U,changed,0.07800000000133878,True,True,23066.351,23066.429
2016,2020,134,83,217,Bi,changed,0.0010000000002037268,True,True,8729.962,8729.963
2016,2020,133,84,217,Po,changed,-0.06599999999980355,True,True,5883.518,5883.452
2016,2020,132,85,217,At,changed,-0.037000000000261934,True,True,4394.635,4394.598
2016,2020,131,86,217,Rn,changed,0.06499999999959982,True,True,3658.501,3658.566
2016,2020,130,87,217,Fr,changed,0.07299999999941065,True,True,4314.59,4314.663
2016,2020,129,88,217,Ra,changed,-0.11999999999989086,True,True,5889.656,5889.536
2016,2020,128,89,217,Ac,changed,-1.3520000000007713,True,True,8703.673,8702.321
2016,2020,127,90,217,Th,unchanged,0.0,True,True,12205.78,12205.78
2016,2020,126,91,217,Pa,changed,-13.662000000000262,True,True,17068.41,17054.748
2016,2020,135,83,218,Bi,changed,0.0010000000002037268,True,True,13216.037,13216.038
2016,2020,134,84,218,Po,changed,-0.24899999999979627,True,True,8356.901,8356.652
2016,2020,133,85,218,At,changed,2.0559999999995853,True,True,8098.162,8100.218
2016,2020,132,86,218,Rn,changed,0.06599999999980355,True,True,5217.347,5217.413
2016,2020,131,87,218,Fr,changed,0.32299999999941065,True,True,7059.117,7059.44
2016,2020,130,88,218,Ra,changed,-5.6140000000004875,True,True,6651.17,6645.556
2016,2020,129,89,218,Ac,changed,7.235999999998967,True,True,10843.609,10850.845
2016,2020,128,90,218,Th,changed,0.0059999999994033715,True,True,12366.741,12366.747
2016,2020,127,91,218,Pa,changed,-34.202000000001135,True,True,18683.77,18649.568
2016,2020,126,92,218,U,changed,0.046999999998661224,True,True,21894.608,21894.655
2016,2020,135,84,219,Po,changed,0.0020000000004074536,True,True,12681.359,12681.361
2016,2020,134,85,219,At,changed,-0.05499999999847205,True,True,10396.076,10396.021
2016,2020,133,86,219,Rn,changed,-0.06500000000050932,True,True,8829.402,8829.337
2016,2020,132,87,219,Fr,changed,-0.8279999999995198,True,True,8617.767,8616.939
2016,2020,131,88,219,Ra,changed,-0.4290000000000873,True,True,9394.282,9393.853
2016,2020,130,89,219,Ac,changed,0.07300000000032014,True,True,11569.48,11569.553
2016,2020,129,90,219,Th,changed,-8.609999999998763,True,True,14471.39,14462.78
2016,2020,128,91,219,Pa,changed,43.09200000000055,True,True,18540.131,18583.223
2016,2020,127,92,219,U,changed,9.384000000001834,True,True,23286.569,23295.953
2016,2020,126,93,219,Np,changed,-19.703999999997905,True,True,29456.655,29436.951
2016,2020,136,84,220,Po,changed,0.0010000000002037268,True,True,15263.461,15263.462
2016,2020,135,85,220,At,changed,0.0010000000002037268,True,True,14375.747,14375.748
2016,2020,134,86,220,Rn,changed,-0.08299999999871943,True,True,10612.077,10611.994
2016,2020,133,87,220,Fr,changed,0.012000000000625732,True,True,11482.32,11482.332
2016,2020,132,88,220,Ra,changed,1.845999999999549,True,True,10270.245,10272.091
2016,2020,131,89,220,Ac,changed,0.07299999999850115,True,True,13743.682,13743.755
2016,2020,130,90,220,Th,changed,20.438000000000102,True,True,14669.1,14689.538
2016,2020,129,91,220,Pa,new,,True,True,,20278.397
2016,2020,127,93,220,Np,new,,True,True,,30475.022
2016,2020,137,84,221,Po,changed,0.0020000000004074536,True,True,19773.755,19773.757
2016,2020,136,85,221,At,changed,0.0020000000004074536,True,True,16782.727,16782.729
2016,2020,135,86,221,Rn,changed,-0.06600000000071304,True,True,14471.42,14471.354
2016,2020,134,87,221,Fr,changed,-0.03900000000066939,True,True,13277.29,13277.251
2016,2020,133,88,221,Ra,changed,0.06600000000071304,True,True,12963.811,12963.877
2016,2020,132,89,221,Ac,changed,7.939000000000306,True,True,14523.109,14531.048
2016,2020,131,90,221,Th,changed,-0.44499999999970896,True,True,16940.371,16939.926
2016,2020,130,91,221,Pa,changed,-1.3509999999987485,True,True,20376.288,20374.937
2016,2020,129,92,221,U,changed,0.0010000000002037268,True,True,24519.995,24519.996
2016,2020,138,84,222,Po,changed,0.0030000000006111804,True,True,22486.265,22486.268
2016,2020,137,85,222,At,changed,0.001999999996769475,True,True,20953.026,20953.028
2016,2020,136,86,222,Rn,changed,-0.24899999999979627,True,True,16372.206,16371.957
2016,2020,135,87,222,Fr,changed,-0.0020000000004074536,True,True,16378.105,16378.103
2016,2020,134,88,222,Ra,changed,0.016999999999825377,True,True,14320.188,14320.205
2016,2020,133,89,222,Ac,changed,0.32300000000032014,True,True,16621.474,16621.797
2016,2020,132,90,222,Th,changed,-0.07200000000011642,True,True,17203.111,17203.039
2016,2020,131,91,222,Pa,new,,True,True,,22064.361
2016,2020,130,92,222,U,changed,0.006999999997788109,True,True,24272.827,24272.834
2016,2020,129,93,222,Np,new,,True,True,,31274.641
2016,2020,138,85,223,At,changed,0.0020000000004074536,True,True,23428.006,23428.008
2016,2020,137,86,223,Rn,changed,-0.0010000000002037268,True,True,20389.739,20389.738
2016,2020,136,87,223,Fr,changed,-0.06499999999869033,True,True,18382.394,18382.329
2016,2020,135,88,223,Ra,changed,-0.06400000000212458,True,True,17233.309,17233.245
2016,2020,134,89,223,Ac,changed,-0.827000000001135,True,True,17825.882,17825.055
2016,2020,133,90,223,Th,changed,-0.4290000000000873,True,True,19385.831,19385.402
2016,2020,132,91,223,Pa,changed,16.93800000000192,True,True,22320.676,22337.614
2016,2020,131,92,223,U,changed,208.2719999999972,True,True,25837.006,26045.278
2016,2020,130,93,223,Np,new,,True,True,,30658.583
2016,2020,139,85,224,At,changed,0.0030000000006111804,True,True,27711.015,27711.018
2016,2020,138,86,224,Rn,unchanged,0.0,True,True,22445.098,22445.098
2016,2020,137,87,224,Fr,changed,-0.0020000000004074536,True,True,21748.616,21748.614
2016,2020,136,88,224,Ra,changed,-0.08500000000276486,True,True,18825.917,18825.832
2016,2020,135,89,224,Ac,changed,0.013000000002648449,True,True,20234.135,20234.148
2016,2020,134,90,224,Th,changed,1.8469999999979336,True,True,19993.734,19995.581
2016,2020,133,91,224,Pa,changed,0.07300000000032014,True,True,23862.278,23862.351
2016,2020,132,92,224,U,changed,20.437999999998283,True,True,25722.252,25742.69
2016,2020,131,93,224,Np,new,,True,True,,32032.248
2016,2020,139,86,225,Rn,changed,0.0020000000004074536,True,True,26534.141,26534.143
2016,2020,138,87,225,Fr,changed,-0.008000000001629815,True,True,23820.61,23820.602
2016,2020,137,88,225,Ra,changed,-0.06499999999869033,True,True,21993.109,21993.044
2016,2020,136,89,225,Ac,changed,-0.04100000000107684,True,True,21637.346,21637.305
2016,2020,135,90,225,Th,changed,0.06599999999889405,True,True,22310.127,22310.193
2016,2020,134,91,225,Pa,changed,15.915000000000873,True,True,24340.725,24356.64
2016,2020,133,92,225,U,changed,-7.919999999998254,True,True,27379.921,27372.001
2016,2020,132,93,225,Np,changed,30.394000000000233,True,True,31587.704,31618.098
2016,2020,140,86,226,Rn,changed,0.0020000000004074536,True,True,28747.192,28747.194
2016,2020,139,87,226,Fr,unchanged,0.0,True,True,27520.539,27520.539
2016,2020,138,88,226,Ra,changed,-0.24799999999959255,True,True,23667.824,23667.576
2016,2020,137,89,226,Ac,changed,-0.06299999999828287,True,True,24309.264,24309.201
2016,2020,136,90,226,Th,changed,0.015000000003055902,True,True,23197.634,23197.649
2016,2020,135,91,226,Pa,changed,0.3239999999968859,True,True,26033.276,26033.6
2016,2020,134,92,226,U,changed,-0.07200000000011642,True,True,27328.869,27328.797
2016,2020,133,93,226,Np,new,,False,True,,32816.877
2016,2020,141,86,227,Rn,changed,0.000999999996565748,True,True,32885.834,32885.835
2016,2020,140,87,227,Fr,unchanged,0.0,True,True,29682.445,29682.445
2016,2020,139,88,227,Ra,changed,-0.24699999999938882,True,True,27177.711,27177.464
2016,2020,138,89,227,Ac,changed,-0.0650000000023283,True,True,25849.58,25849.515
2016,2020,137,90,227,Th,changed,-0.06400000000212458,True,True,25804.823,25804.759
2016,2020,136,91,227,Pa,changed,-0.827000000001135,True,True,26831.198,26830.371
2016,2020,135,92,227,U,changed,-0.4279999999998836,True,True,29045.462,29045.034
2016,2020,134,93,227,Np,changed,16.937999999998283,True,True,32562.08,32579.018
2016,2020,142,86,228,Rn,changed,0.0010000000038417056,True,True,35243.465,35243.466
2016,2020,141,87,228,Fr,unchanged,0.0,True,True,33384.221,33384.221
2016,2020,140,88,228,Ra,changed,-0.07400000000052387,True,True,28940.268,28940.194
2016,2020,139,89,228,Ac,changed,-0.07400000000052387,True,True,28894.728,28894.654
2016,2020,138,90,228,Th,changed,-0.08499999999912689,True,True,26770.984,26770.899
2016,2020,137,91,228,Pa,changed,0.01299999999901047,True,True,28923.586,28923.599
2016,2020,136,92,228,U,changed,-2.224999999998545,True,True,29222.226,29220.001
2016,2020,134,94,228,Pu,changed,20.438999999998487,True,True,36087.37,36107.809
2016,2020,143,86,229,Rn,unchanged,0.0,True,True,39362.4,39362.4
2016,2020,142,87,229,Fr,changed,-0.00900000000547152,True,True,35668.262,35668.253
2016,2020,141,88,229,Ra,unchanged,0.0,True,True,32561.963,32561.963
2016,2020,140,89,229,Ac,changed,0.0030000000006111804,True,True,30689.933,30689.936
2016,2020,139,90,229,Th,changed,-0.06599999999889405,True,True,29585.583,29585.517
2016,2020,138,91,229,Pa,changed,-0.059999999997671694,True,True,29896.908,29896.848
2016,2020,137,92,229,U,changed,0.06599999999889405,True,True,31210.554,31210.62
2016,2020,136,93,229,Np,changed,21.702999999994063,False,True,33779.675,33801.378
2016,2020,135,94,229,Pu,changed,-0.6659999999974389,True,True,37395.59,37394.924
2016,2020,134,95,229,Am,changed,30.394000000000233,False,True,42150.02,42180.414
2016,2020,143,87,230,Fr,changed,0.0010000000038417056,True,True,39486.768,39486.769
2016,2020,142,88,230,Ra,unchanged,0.0,True,True,34516.306,34516.306
2016,2020,141,89,230,Ac,changed,0.0029999999969732016,True,True,33838.383,33838.386
2016,2020,140,90,230,Th,changed,-0.08100000000194996,True,True,30862.593,30862.512
2016,2020,139,91,230,Pa,changed,-0.0639999999984866,True,True,32173.607,32173.543
2016,2020,138,92,230,U,changed,0.014999999999417923,True,True,31615.002,31615.017
2016,2020,137,93,230,Np,changed,0.32400000000052387,True,True,35236.291,35236.615
2016,2020,136,94,230,Pu,changed,-2.2220000000015716,True,True,36934.392,36932.17
2016,2020,144,87,231,Fr,unchanged,0.0,True,True,42080.575,42080.575
2016,2020,143,88,231,Ra,changed,0.0020000000004074536,True,True,38216.486,38216.488
2016,2020,142,89,231,Ac,changed,0.004000000000814907,True,True,35762.849,35762.853
2016,2020,141,90,231,Th,changed,-0.08000000000174623,True,True,33815.891,33815.811
2016,2020,140,91,231,Pa,changed,-0.06599999999889405,True,True,33424.404,33424.338
2016,2020,139,92,231,U,changed,-0.06300000000192085,True,True,33806.015,33805.952
2016,2020,138,93,231,Np,changed,-0.8269999999974971,True,True,35624.513,35623.686
2016,2020,137,94,231,Pu,changed,-0.4279999999998836,True,True,38309.005,38308.577
2016,2020,145,87,232,Fr,unchanged,0.0,True,True,46072.834,46072.834
2016,2020,144,88,232,Ra,changed,0.0020000000004074536,True,True,40496.953,40496.955
2016,2020,143,89,232,Ac,changed,0.004000000000814907,True,True,39154.419,39154.423
2016,2020,142,90,232,Th,changed,-0.07400000000052387,True,True,35446.784,35446.71
2016,2020,141,91,232,Pa,changed,-0.08400000000256114,True,True,35946.633,35946.549
2016,2020,140,92,232,U,changed,-0.08499999999912689,True,True,34609.53,34609.445
2016,2020,138,94,232,Pu,changed,-2.224999999998545,True,True,38363.14,38360.915
2016,2020,146,87,233,Fr,changed,0.0010000000038417056,True,True,48920.051,48920.052
2016,2020,145,88,233,Ra,changed,0.0020000000004074536,True,True,44334.06,44334.062
2016,2020,144,89,233,Ac,changed,0.00399999999353895,True,True,41308.033,41308.037
2016,2020,143,90,233,Th,changed,-0.07299999999668216,True,True,38731.715,38731.642
2016,2020,142,91,233,Pa,changed,-0.06199999999807915,True,True,37489.472,37489.41
2016,2020,141,92,233,U,changed,-0.0650000000023283,True,True,36919.176,36919.111
2016,2020,140,93,233,Np,changed,-0.05899999999382999,True,True,37948.59,37948.531
2016,2020,139,94,233,Pu,changed,0.06700000000273576,True,True,40051.769,40051.836
2016,2020,137,96,233,Cm,changed,-0.6660000000047148,True,True,47294.006,47293.34
2016,2020,146,88,234,Ra,unchanged,0.0,True,True,46930.629,46930.629
2016,2020,145,89,234,Ac,changed,0.004999999997380655,True,True,44841.19,44841.195
2016,2020,144,90,234,Th,changed,-0.05099999999947613,True,True,40613.009,40612.958
2016,2020,143,91,234,Pa,changed,-0.05099999999947613,True,True,40338.921,40338.87
2016,2020,142,92,234,U,changed,-0.06599999999889405,True,True,38145.025,38144.959
2016,2020,141,93,234,Np,changed,-0.0650000000023283,True,True,39954.871,39954.806
2016,2020,140,94,234,Pu,changed,0.014999999999417923,True,True,40349.971,40349.986
2016,2020,138,96,234,Cm,changed,-2.2220000000015716,True,True,46724.633,46722.411
2016,2020,146,89,235,Ac,changed,0.005000000004656613,True,True,47357.155,47357.16
2016,2020,145,90,235,Th,changed,0.004999999997380655,True,True,44017.749,44017.754
2016,2020,144,91,235,Pa,changed,0.004999999997380655,True,True,42288.896,42288.901
2016,2020,143,92,235,U,changed,-0.0639999999984866,True,True,40918.846,40918.782
2016,2020,142,93,235,Np,changed,-0.0639999999984866,True,True,41043.108,41043.044
2016,2020,141,94,235,Pu,changed,-0.06400000000576256,True,True,42182.41,42182.346
2016,2020,140,95,235,Am,changed,-0.8269999999974971,True,True,44625.429,44624.602
2016,2020,147,89,236,Ac,changed,0.006000000001222361,True,True,51220.992,51220.998
2016,2020,146,90,236,Th,changed,0.005000000004656613,True,True,46255.198,46255.203
2016,2020,145,91,236,Pa,changed,0.005000000004656613,True,True,45333.95,45333.955
2016,2020,144,92,236,U,changed,-0.06199999999807915,True,True,42444.644,42444.582
2016,2020,143,93,236,Np,changed,-0.08400000000256114,True,True,43378.178,43378.094
2016,2020,142,94,236,Pu,changed,-0.08499999999912689,True,True,42901.593,42901.508
2016,2020,140,96,236,Cm,changed,-2.224999999998545,True,True,47855.045,47852.82
2016,2020,147,90,237,Th,changed,0.005000000004656613,True,True,49955.092,49955.097
2016,2020,146,91,237,Pa,changed,0.005000000004656613,True,True,47527.619,47527.624
2016,2020,145,92,237,U,changed,-0.0610000000015134,True,True,45390.194,45390.133
2016,2020,144,93,237,Np,changed,-0.059999999997671694,True,True,44871.659,44871.599
2016,2020,143,94,237,Pu,changed,-0.06000000000494765,True,True,45091.722,45091.662
2016,2020,141,96,237,Cm,changed,0.06599999999889405,True,True,49247.085,49247.151
2016,2020,139,98,237,Cf,changed,-0.6660000000047148,True,True,57938.921,57938.255
2016,2020,147,91,238,Pa,changed,0.004999999997380655,True,True,50894.038,50894.043
2016,2020,146,92,238,U,changed,-0.05099999999947613,True,True,47307.783,47307.732
2016,2020,145,93,238,Np,changed,-0.059000000001105946,True,True,47454.656,47454.597
2016,2020,144,94,238,Pu,changed,-0.0650000000023283,True,True,46163.213,46163.148
2016,2020,143,95,238,Am,changed,-0.06599999999889405,True,True,48421.487,48421.421
2016,2020,142,96,238,Cm,changed,0.014999999999417923,True,True,49445.188,49445.203
2016,2020,147,92,239,U,changed,-0.05000000000291038,True,True,50572.718,50572.668
2016,2020,146,93,239,Np,changed,-0.05200000000331784,True,True,49311.057,49311.005
2016,2020,145,94,239,Pu,changed,-0.06199999999807915,True,True,48588.282,48588.22
2016,2020,144,95,239,Am,changed,-0.0639999999984866,True,True,49390.424,49390.36
2016,2020,143,96,239,Cm,changed,-0.06300000000192085,False,True,51147.025,51146.962
2016,2020,148,92,240,U,changed,-0.007999999994353857,True,True,52715.505,52715.497
2016,2020,147,93,240,Np,changed,-0.04299999999784632,True,True,52316.272,52316.229
2016,2020,146,94,240,Pu,changed,-0.06099999999423744,True,True,50125.38,50125.319
2016,2020,145,95,240,Am,changed,-0.059000000001105946,True,True,51510.169,51510.11
2016,2020,144,96,240,Cm,changed,-0.08399999999528518,True,True,51724.306,51724.222
2016,2020,142,98,240,Cf,changed,-2.2250000000058208,True,True,57990.944,57988.719
2016,2020,148,93,241,Np,changed,54.93999999999505,False,True,54260.175,54315.115
2016,2020,147,94,241,Pu,changed,-0.06000000000494765,True,True,52955.175,52955.115
2016,2020,146,95,241,Am,changed,-0.059999999997671694,True,True,52934.395,52934.335
2016,2020,145,96,241,Cm,changed,-0.06000000000494765,True,True,53701.83,53701.77
2016,2020,149,93,242,Np,changed,-0.056000000004132744,False,True,57416.932,57416.876
2016,2020,148,94,242,Pu,changed,-0.056000000004132744,True,True,54716.932,54716.876
2016,2020,147,95,242,Am,changed,-0.05799999999726424,True,True,55468.072,55468.014
2016,2020,146,96,242,Cm,changed,-0.0650000000023283,True,True,54803.764,54803.699
2016,2020,144,98,242,Cf,changed,0.01600000000325963,True,True,59386.966,59386.982
2016,2020,149,94,243,Pu,changed,-0.04099999999743886,True,True,57754.602,57754.561
2016,2020,148,95,243,Am,changed,-0.04100000000471482,True,True,57175.046,57175.005
2016,2020,147,96,243,Cm,changed,-0.06199999999807915,True,True,57181.998,57181.936
2016,2020,146,97,243,Bk,changed,-0.0639999999984866,True,True,58689.693,58689.629
2016,2020,150,94,244,Pu,changed,-0.006999999997788109,True,True,59806.028,59806.021
2016,2020,149,95,244,Am,changed,-0.0610000000015134,True,True,59879.196,59879.135
2016,2020,148,96,244,Cm,changed,-0.0610000000015134,True,True,58451.896,58451.835
2016,2020,147,97,244,Bk,changed,-0.06000000000494765,True,True,60713.885,60713.825
2016,2020,146,98,244,Cf,changed,-0.08299999999871943,True,True,61478.179,61478.096
2016,2020,151,94,245,Pu,changed,-0.005999999993946403,True,True,63178.179,63178.173
2016,2020,150,95,245,Am,changed,-0.05199999999604188,True,True,61900.469,61900.417
2016,2020,149,96,245,Cm,changed,-0.056000000004132744,True,True,61004.58,61004.524
2016,2020,148,97,245,Bk,changed,-0.06000000000494765,True,True,61813.836,61813.776
2016,2020,147,98,245,Cf,changed,-0.059000000001105946,True,True,63385.21,63385.151
2016,2020,152,94,246,Pu,changed,-0.0290000000022701,True,True,65394.801,65394.772
2016,2020,150,96,246,Cm,changed,-0.05500000000029104,True,True,62616.967,62616.912
2016,2020,149,97,246,Bk,changed,-0.05500000000029104,True,True,63966.967,63966.912
2016,2020,148,98,246,Cf,changed,-0.0639999999984866,True,True,64090.292,64090.228
2016,2020,147,99,246,Es,new,,True,True,,67818.802
2016,2020,146,100,246,Fm,changed,2.3540000000066357,True,True,70188.833,70191.187
2016,2020,151,96,247,Cm,changed,-0.037999999993189704,True,True,65533.143,65533.105
2016,2020,150,97,247,Bk,changed,-0.04099999999743886,True,True,65489.562,65489.521
2016,2020,149,98,247,Cf,changed,5.489000000001397,True,True,66103.903,66109.392
2016,2020,148,99,247,Es,changed,0.004999999990104698,True,True,68578.388,68578.393
2016,2020,152,96,248,Cm,changed,-0.006999999997788109,True,True,67392.755,67392.748
2016,2020,151,97,248,Bk,new,,True,True,,68131.053
2016,2020,150,98,248,Cf,changed,-0.0610000000015134,True,True,67238.012,67237.951
2016,2020,148,100,248,Fm,changed,-0.0639999999984866,True,True,71897.857,71897.793
2016,2020,153,96,249,Cm,changed,-0.0060000000084983185,True,True,70750.702,70750.696
2016,2020,152,97,249,Bk,changed,-0.05100000000675209,True,True,69846.384,69846.333
2016,2020,151,98,249,Cf,changed,-0.05100000000675209,True,True,69722.784,69722.733
2016,2020,149,100,249,Fm,changed,-0.04499999999825377,True,True,73519.188,73519.143
2016,2020,148,101,249,Md,new,,False,True,,77180.952
2016,2020,154,96,250,Cm,changed,-0.005999999993946403,True,True,72989.594,72989.588
2016,2020,153,97,250,Bk,changed,2.0279999999911524,True,True,72949.978,72952.006
2016,2020,152,98,250,Cf,changed,-0.055000000007566996,True,True,71170.391,71170.336
2016,2020,150,100,250,Fm,changed,-0.05000000000291038,True,True,74072.243,74072.193
2016,2020,149,101,250,Md,new,,True,True,,78399.14
2016,2020,155,96,251,Cm,changed,-0.036999999996623956,True,True,76648.018,76647.981
2016,2020,154,97,251,Bk,changed,-0.036999999996623956,True,True,75228.018,75227.981
2016,2020,153,98,251,Cf,changed,-0.036999999996623956,True,True,74135.018,74134.981
2016,2020,152,99,251,Es,changed,-0.7299999999959255,True,True,74512.277,74511.547
2016,2020,151,100,251,Fm,changed,4.889000000010128,True,True,75953.919,75958.808
2016,2020,150,101,251,Md,changed,0.004999999990104698,True,True,78966.744,78966.749
2016,2020,154,98,252,Cf,changed,-0.006999999997788109,True,True,76034.617,76034.61
2016,2020,153,99,252,Es,changed,-0.006999999997788109,True,True,77294.617,77294.61
2016,2020,152,100,252,Fm,changed,0.9840000000112923,True,True,76815.627,76816.611
2016,2020,151,101,252,Md,new,,True,True,,80467.118
2016,2020,150,102,252,No,changed,-0.05700000000069849,True,True,82871.427,82871.37
2016,2020,155,98,253,Cf,changed,-0.004999999990104698,True,True,79301.567,79301.562
2016,2020,154,99,253,Es,changed,-0.05199999999604188,True,True,79010.538,79010.486
2016,2020,153,100,253,Fm,changed,-0.19100000000617,True,True,79345.74,79345.549
2016,2020,151,102,253,No,changed,-0.03900000000430737,True,True,84358.735,84358.696
2016,2020,150,103,253,Lr,new,,False,True,,88523.471
2016,2020,156,98,254,Cf,changed,-0.005999999993946403,True,True,81341.401,81341.395
2016,2020,155,99,254,Es,changed,3.5570000000006985,True,True,81990.594,81994.151
2016,2020,154,100,254,Fm,changed,-0.27300000000104774,True,True,80902.794,80902.521
2016,2020,152,102,254,No,changed,-0.034999999988940544,True,True,84723.347,84723.312
2016,2020,151,103,254,Lr,new,,True,True,,89645.887
2016,2020,156,99,255,Es,changed,-0.03700000001117587,True,True,84089.274,84089.237
2016,2020,155,100,255,Fm,changed,0.8110000000015134,True,True,83799.654,83800.465
2016,2020,154,101,255,Md,changed,-1.0010000000038417,True,True,84843.07,84842.069
2016,2020,153,102,255,No,changed,4.69999999999709,True,True,86807.234,86811.934
2016,2020,152,103,255,Lr,changed,0.004999999990104698,True,True,89947.3,89947.305
2016,2020,156,100,256,Fm,changed,-2.0209999999933643,True,True,85486.817,85484.796
2016,2020,154,102,256,No,changed,0.9839999999967404,True,True,87822.062,87823.046
2016,2020,153,103,256,Lr,changed,0.005000000004656613,True,True,91746.598,91746.603
2016,2020,152,104,256,Rf,changed,-0.05700000000069849,True,True,94222.049,94221.992
2016,2020,157,100,257,Fm,changed,0.10400000000663567,True,True,88590.033,88590.137
2016,2020,156,101,257,Md,changed,-0.5810000000055879,True,True,88993.053,88992.472
2016,2020,155,102,257,No,changed,-0.1919999999954598,True,True,90247.256,90247.064
2016,2020,153,104,257,Rf,changed,-0.03800000000046566,True,True,95866.427,95866.389
2016,2020,152,105,257,Db,new,,False,True,,100154.285
2016,2020,157,101,258,Md,changed,3.55800000000454,True,True,91686.792,91690.35
2016,2020,154,104,258,Rf,changed,3.302000000010594,True,True,96341.036,96344.338
2016,2020,153,105,258,Db,new,,True,True,,101507.703
2016,2020,157,102,259,No,changed,0.8119999999908032,True,True,94078.569,94079.381
2016,2020,154,105,259,Db,changed,0.004999999990104698,True,True,101991.016,101991.021
2016,2020,154,106,260,Sg,changed,-0.05700000000069849,True,True,106547.552,106547.495
2016,2020,157,104,261,Rf,changed,-0.3610000000044238,True,True,101318.594,101318.233
2016,2020,155,106,261,Sg,changed,-0.03900000000430737,True,True,108005.043,108005.004
2016,2020,154,107,261,Bh,new,,False,True,,113079.41
2016,2020,156,106,262,Sg,changed,3.301000000006752,True,True,108365.771,108369.072
2016,2020,155,107,262,Bh,new,,True,True,,114252.119
2016,2020,156,108,264,Hs,changed,-0.05700000000069849,True,True,119563.222,119563.165
2016,2020,157,108,265,Hs,changed,-0.03800000000046566,True,True,120900.283,120900.245
2016,2020,158,108,266,Hs,changed,3.301999999996042,True,True,121136.373,121139.675
2016,2020,157,109,266,Mt,new,,True,True,,127672.681
2016,2020,159,110,269,Ds,changed,-0.03800000000046566,True,True,134834.709,134834.671
2016,2020,160,110,270,Ds,changed,3.301999999996042,True,True,134678.282,134681.584
