N,Z,observable,derived_keV,official_keV,abs_diff_keV
1,1,Sn_keV,2224.566,2224.57,0.00400000000036016
1,1,Sp_keV,2224.566,2224.57,0.00400000000036016
2,1,Sn_keV,6257.229,6257.23,0.0009999999992942321
2,1,S2n_keV,8481.795,8481.79,0.004999999999199645
1,2,Sp_keV,5493.473999999999,5493.47,0.003999999998995918
1,2,S2p_keV,7718.039999999999,7718.04,9.094947017729282e-13
3,1,Sn_keV,-1599.9989999999998,-1600.0,0.0010000000002037268
3,1,S2n_keV,4657.2300000000005,4657.23,9.094947017729282e-13
2,2,Sn_keV,20577.620000000003,20577.62,3.637978807091713e-12
2,2,Sp_keV,19813.864999999998,19813.86,0.004999999997380655
1,3,Sp_keV,-3102.999999999999,-3103.0,9.094947017729282e-13
1,3,S2p_keV,2390.474,2390.47,0.00400000000036016
4,1,Sn_keV,-200.0010000000002,-200.0,0.0010000000002037268
4,1,S2n_keV,-1800.0,-1800.0,0.0
3,2,Sn_keV,-735.0000000000036,-735.0,3.637978807091713e-12
3,2,Sp_keV,20678.863999999994,20678.86,0.00399999999353895
3,2,S2n_keV,19842.619999999995,19842.62,3.637978807091713e-12
3,2,Qalpha_keV,735.0000000000036,735.0,3.637978807091713e-12
2,3,Sn_keV,21715.619999999995,21715.62,3.637978807091713e-12
2,3,Sp_keV,-1965.0000000000036,-1965.0,3.637978807091713e-12
2,3,S2p_keV,17848.864999999998,17848.86,0.004999999997380655
2,3,Qalpha_keV,1965.0000000000036,1965.0,3.637978807091713e-12
5,1,Sn_keV,-911.9610000000002,-911.96,0.0010000000002037268
5,1,S2n_keV,-1111.9620000000004,-1111.96,0.0020000000004074536
4,2,Sn_keV,1710.4540000000052,1710.45,0.004000000005135007
4,2,Sp_keV,22589.319000000003,22589.32,0.000999999996565748
4,2,S2n_keV,975.4540000000015,975.45,0.004000000001497028
3,3,Sn_keV,5663.326000000005,5663.32,0.00600000000486034
3,3,Sp_keV,4433.326000000005,4433.32,0.00600000000486034
3,3,S2n_keV,27378.946,27378.94,0.006000000001222361
3,3,S2p_keV,25112.190000000002,25112.19,3.637978807091713e-12
3,3,Qalpha_keV,-1473.760000000002,-1473.76,2.0463630789890885e-12
2,4,Sp_keV,592.8220000000074,592.82,0.0020000000073423507
2,4,S2p_keV,-1372.1779999999962,-1372.18,0.0020000000038180588
5,2,Sn_keV,-409.7150000000038,-409.71,0.005000000003803962
5,2,Sp_keV,23091.565,23091.56,0.004999999997380655
5,2,S2n_keV,1300.7390000000014,1300.74,0.000999999998612111
4,3,Sn_keV,7251.087000000003,7251.09,0.0029999999969732016
4,3,Sp_keV,9973.959000000003,9973.96,0.000999999996565748
4,3,S2n_keV,12914.413000000008,12914.42,0.006999999992331141
4,3,S2p_keV,32563.278000000006,32563.28,0.001999999993131496
4,3,Qalpha_keV,-2467.618000000002,-2467.62,0.0019999999976789695
3,4,Sn_keV,10677.353999999992,10677.35,0.00399999999171996
3,4,Sp_keV,5606.849999999995,5606.85,5.4569682106375694e-12
3,4,S2p_keV,10040.176,10040.18,0.004000000000814907
3,4,Qalpha_keV,-1587.1359999999986,-1587.13,0.005999999998493877
2,5,Sp_keV,-2012.547000000006,-2012.55,0.002999999994017344
2,5,S2p_keV,-1419.7249999999985,-1419.72,0.004999999998517524
6,2,Sn_keV,2534.7610000000022,2534.76,0.0010000000020227162
6,2,S2n_keV,2125.0459999999985,2125.05,0.004000000001724402
5,3,Sn_keV,2032.6229999999996,2032.62,0.0029999999997016857
5,3,Sp_keV,12416.297000000006,12416.29,0.0070000000050640665
5,3,S2n_keV,9283.710000000003,9283.71,3.637978807091713e-12
5,3,S2p_keV,35507.862,35507.86,0.0020000000004074536
5,3,Qalpha_keV,-6100.240000000005,-6100.24,5.4569682106375694e-12
4,4,Sn_keV,18898.644000000008,18898.64,0.004000000008090865
4,4,Sp_keV,17254.407,17254.4,0.006999999997788109
4,4,S2n_keV,29575.998,29576.0,0.0020000000004074536
4,4,S2p_keV,27228.366,27228.37,0.0039999999971769284
4,4,Qalpha_keV,91.83999999999651,91.84,3.495870259939693e-12
3,5,Sn_keV,12826.305,12826.3,0.005000000001018634
3,5,Sp_keV,136.40400000000227,136.4,0.0040000000022644144
3,5,S2p_keV,5743.253999999997,5743.25,0.0039999999971769284
3,5,Qalpha_keV,-4826.540000000001,-4826.54,9.094947017729282e-13
2,6,Sp_keV,-98.74299999999857,-98.75,0.007000000001426088
2,6,S2p_keV,-2111.2900000000045,-2111.29,4.547473508864641e-12
7,2,Sn_keV,-1254.8270000000011,-1254.83,0.002999999998792191
7,2,S2n_keV,1279.934000000001,1279.93,0.004000000001042281
6,3,Sn_keV,4062.215999999993,4062.22,0.004000000006726623
6,3,Sp_keV,13943.751999999997,13943.75,0.001999999996769475
6,3,S2n_keV,6094.838999999993,6094.84,0.0010000000074796844
6,3,Qalpha_keV,-10362.456999999995,-10362.46,0.0030000000042491592
5,4,Sn_keV,1664.531999999992,1664.54,0.008000000007996277
5,4,Sp_keV,16886.31599999999,16886.32,0.004000000008090865
5,4,S2n_keV,20563.176,20563.18,0.004000000000814907
5,4,S2p_keV,29302.612999999998,29302.61,0.0029999999969732016
5,4,Qalpha_keV,-2307.6920000000027,-2307.7,0.007999999997082341
4,5,Sn_keV,18576.39,18576.4,0.010000000002037268
4,5,Sp_keV,-185.85000000000582,-185.85,5.8264504332328215e-12
4,5,S2n_keV,31402.695,31402.7,0.005000000001018634
4,5,S2p_keV,17068.556999999993,17068.56,0.003000000007887138
4,5,Qalpha_keV,-1687.310000000005,-1687.31,5.002220859751105e-12
3,6,Sn_keV,14224.615000000002,14224.61,0.005000000001018634
3,6,Sp_keV,1299.5670000000027,1299.57,0.0029999999972005753
3,6,S2p_keV,1435.971000000005,1435.97,0.001000000004978574
8,2,Sn_keV,-189.99299999999857,-190.0,0.007000000001426088
8,2,S2n_keV,-1444.8199999999997,-1444.83,0.010000000000218279
7,3,Sn_keV,-26.402000000001863,-26.4,0.0020000000018640662
7,3,Sp_keV,15172.176999999996,15172.17,0.0069999999959691195
7,3,S2n_keV,4035.813999999991,4035.81,0.003999999991265213
7,3,Qalpha_keV,-11248.015999999996,-11248.01,0.005999999995765393
6,4,Sn_keV,6812.288000000008,6812.28,0.008000000007996277
6,4,Sp_keV,19636.388000000006,19636.39,0.001999999993131496
6,4,S2n_keV,8476.82,8476.82,0.0
6,4,S2p_keV,33580.14,33580.13,0.010000000002037268
6,4,Qalpha_keV,-7409.525999999998,-7409.52,0.005999999997584382
5,5,Sn_keV,8437.199999999997,8437.2,3.637978807091713e-12
5,5,Sp_keV,6586.817999999999,6586.81,0.00799999999890133
5,5,S2n_keV,27013.589999999997,27013.59,3.637978807091713e-12
5,5,S2p_keV,23473.13399999999,23473.14,0.0060000000084983185
5,5,Qalpha_keV,-4461.183999999994,-4461.19,0.006000000005769834
4,6,Sn_keV,21283.613000000005,21283.62,0.00699999999415013
4,6,Sp_keV,4006.790000000008,4006.79,8.185452315956354e-12
4,6,S2n_keV,35508.228,35508.23,0.0020000000004074536
4,6,S2p_keV,3820.9400000000023,3820.94,2.2737367544323206e-12
4,6,Qalpha_keV,-5101.277999999998,-5101.28,0.0020000000013169483
3,7,Sp_keV,-2600.0869999999995,-2600.08,0.006999999999607098
3,7,S2p_keV,-1300.5199999999968,-1300.52,3.183231456205249e-12
8,3,Sn_keV,395.6810000000114,395.69,0.008999999988589025
8,3,Sp_keV,15757.851000000006,15757.86,0.008999999994557584
8,3,S2n_keV,369.27900000000955,369.28,0.0009999999904266588
7,4,Sn_keV,501.6399999999994,501.64,5.684341886080801e-13
7,4,Sp_keV,20164.430000000008,20164.43,7.275957614183426e-12
7,4,S2n_keV,7313.928000000007,7313.92,0.008000000007086783
7,4,S2p_keV,35336.607,35336.6,0.0070000000050640665
7,4,Qalpha_keV,-8320.881000000008,-8320.87,0.011000000007697963
6,5,Sn_keV,11454.222000000002,11454.22,0.002000000002226443
6,5,Sp_keV,11228.751999999993,11228.75,0.001999999993131496
6,5,S2n_keV,19891.422,19891.42,0.0020000000004074536
6,5,S2p_keV,30865.14,30865.14,0.0
6,5,Qalpha_keV,-8664.318999999989,-8664.31,0.008999999989100615
5,6,Sn_keV,13120.595999999998,13120.59,0.005999999997584382
5,6,Sp_keV,8690.186000000009,8690.18,0.0060000000084983185
5,6,S2n_keV,34404.209,34404.21,0.000999999996565748
5,6,S2p_keV,15277.004000000008,15277.0,0.004000000008090865
5,6,Qalpha_keV,-7544.520000000004,-7544.52,3.637978807091713e-12
4,7,Sn_keV,22567.786,22567.78,0.006000000001222361
4,7,Sp_keV,-1315.9140000000043,-1315.92,0.005999999995765393
4,7,S2p_keV,2690.876000000004,2690.87,0.006000000003950845
4,7,Qalpha_keV,-5797.911,-5797.91,0.0010000000002037268
9,3,Sn_keV,-209.99100000000908,-210.0,0.008999999990919605
9,3,S2n_keV,185.69000000000233,185.69,2.3305801732931286e-12
8,4,Sn_keV,3170.7239999999874,3170.72,0.003999999987627234
8,4,Sp_keV,22939.472999999984,22939.47,0.0029999999824212864
8,4,S2n_keV,3672.363999999987,3672.36,0.003999999986717739
8,4,S2p_keV,38697.32399999999,38697.32,0.00399999999353895
8,4,Qalpha_keV,-8956.84399999999,-8956.84,0.003999999989900971
7,5,Sn_keV,3369.6240000000107,3369.63,0.00599999998939893
7,5,Sp_keV,14096.736000000004,14096.74,0.003999999995357939
7,5,S2n_keV,14823.846000000012,14823.85,0.003999999988081981
7,5,S2p_keV,34261.16600000001,34261.17,0.003999999986262992
7,5,Qalpha_keV,-10001.320000000007,-10001.32,7.275957614183426e-12
6,6,Sn_keV,18720.712,18720.71,0.0020000000004074536
6,6,Sp_keV,15956.676000000007,15956.68,0.00399999999353895
6,6,S2n_keV,31841.307999999997,31841.31,0.0020000000040454324
6,6,S2p_keV,27185.428,27185.43,0.0020000000004074536
6,6,Qalpha_keV,-7366.588000000003,-7366.59,0.001999999996769475
5,7,Sn_keV,15036.802000000003,15036.81,0.007999999996172846
5,7,Sp_keV,600.2920000000013,600.3,0.007999999998673957
5,7,S2n_keV,37604.588,37604.59,0.001999999993131496
5,7,S2p_keV,9290.47800000001,9290.48,0.001999999989493517
5,7,Qalpha_keV,-8008.40800000001,-8008.41,0.001999999989493517
4,8,Sp_keV,-322.08200000000215,-322.08,0.0020000000021695996
4,8,S2p_keV,-1637.9960000000065,-1638.0,0.00399999999353895
4,8,Qalpha_keV,-5574.572,-5574.57,0.0020000000004074536
10,3,Sn_keV,99.99000000000524,100.0,0.00999999999476131
10,3,S2n_keV,-110.00100000000384,-110.0,0.0010000000038417056
9,4,Sn_keV,-510.0089999999909,-510.0,0.008999999990919605
9,4,Sp_keV,22639.455,22639.47,0.014999999999417923
9,4,S2n_keV,2660.7149999999965,2660.72,0.005000000003292371
9,4,Qalpha_keV,-9701.661999999997,-9701.66,0.001999999996769475
8,5,Sn_keV,4878.770999999993,4878.77,0.0009999999929277692
8,5,Sp_keV,15804.78300000001,15804.78,0.0030000000097061275
8,5,S2n_keV,8248.395000000004,8248.39,0.005000000004656613
8,5,S2p_keV,38744.255999999994,38744.25,0.005999999993946403
8,5,Qalpha_keV,-10817.875,-10817.87,0.004999999999199645
7,6,Sn_keV,4946.308999999994,4946.31,0.0010000000065701897
7,6,Sp_keV,17533.36099999999,17533.36,0.0009999999892897904
7,6,S2n_keV,23667.020999999993,23667.02,0.0009999999929277692
7,6,S2p_keV,31630.096999999994,31630.1,0.0030000000042491592
7,6,Qalpha_keV,-10648.365000000005,-10648.36,0.005000000004656613
6,7,Sn_keV,20063.910999999993,20063.9,0.010999999991327059
6,7,Sp_keV,1943.4909999999945,1943.49,0.000999999994519385
6,7,S2n_keV,35100.712999999996,35100.71,0.0029999999969732016
6,7,S2p_keV,17900.167,17900.17,0.0029999999969732016
6,7,Qalpha_keV,-9495.929000000004,-9495.92,0.00900000000365253
5,8,Sn_keV,16870.494999999995,16870.5,0.005000000004656613
5,8,Sp_keV,1511.6109999999899,1511.61,0.0009999999899719114
5,8,S2p_keV,2111.902999999991,2111.91,0.007000000008702045
5,8,Qalpha_keV,-8220.45199999999,-8220.46,0.008000000008905772
10,4,Sn_keV,1775.9030000000057,1775.9,0.0030000000056134013
10,4,Sp_keV,24315.368000000002,24315.36,0.008000000001629815
10,4,S2n_keV,1265.8940000000148,1265.9,0.005999999985306204
10,4,Qalpha_keV,-11667.558000000005,-11667.56,0.0019999999949504854
9,5,Sn_keV,969.5690000000031,969.58,0.010999999996897714
9,5,Sp_keV,17284.361000000004,17284.36,0.0010000000038417056
9,5,S2n_keV,5848.3399999999965,5848.35,0.010000000003856258
9,5,S2p_keV,39923.816000000006,39923.83,0.013999999995576218
9,5,Qalpha_keV,-11813.846000000005,-11813.85,0.003999999995357939
8,6,Sn_keV,8176.429000000004,8176.43,0.000999999996565748
8,6,Sp_keV,20831.019,20831.02,0.0010000000002037268
8,6,S2n_keV,13122.737999999998,13122.74,0.002000000002226443
8,6,S2p_keV,36635.80200000001,36635.81,0.0079999999870779
8,6,Qalpha_keV,-12012.505999999994,-12012.51,0.0040000000062718755
7,7,Sn_keV,10553.376999999993,10553.38,0.0030000000060681487
7,7,Sp_keV,7550.558999999994,7550.56,0.0010000000065701897
7,7,S2n_keV,30617.287999999986,30617.29,0.002000000014959369
7,7,S2p_keV,25083.919999999984,25083.92,1.4551915228366852e-11
7,7,Qalpha_keV,-11612.106,-11612.11,0.004000000000814907
6,8,Sn_keV,23178.973000000013,23178.97,0.003000000011525117
6,8,Sp_keV,4626.67300000001,4626.67,0.0030000000097061275
6,8,S2n_keV,40049.46800000001,40049.47,0.001999999993131496
6,8,S2p_keV,6570.164000000004,6570.16,0.004000000004452886
6,8,Qalpha_keV,-10115.812000000005,-10115.81,0.002000000005864422
5,9,Sp_keV,-1560.0069999999978,-1560.0,0.006999999997788109
5,9,S2p_keV,-48.396000000007916,-48.39,0.0060000000079156735
5,9,Qalpha_keV,-9260.531999999992,-9260.54,0.008000000008905772
11,4,Sn_keV,-1800.0080000000016,-1800.0,0.008000000001629815
11,4,S2n_keV,-24.104999999995925,-24.1,0.004999999995924043
10,5,Sn_keV,2776.758999999991,2776.76,0.0010000000092986738
10,5,Sp_keV,18285.21699999999,18285.23,0.013000000009924406
10,5,S2n_keV,3746.327999999994,3746.34,0.0120000000060827
10,5,S2p_keV,42600.58499999999,42600.59,0.005000000004656613
10,5,Qalpha_keV,-14194.923999999985,-14194.93,0.006000000015774276
9,6,Sn_keV,1218.0690000000031,1218.07,0.0009999999967931217
9,6,Sp_keV,21079.519,21079.51,0.009000000001833541
9,6,S2n_keV,9394.498000000007,9394.5,0.001999999993131496
9,6,S2p_keV,38363.880000000005,38363.87,0.010000000002037268
9,6,Qalpha_keV,-12728.934999999998,-12728.94,0.0050000000028376235
8,7,Sn_keV,10833.304000000004,10833.3,0.004000000004452886
8,7,Sp_keV,10207.433999999994,10207.42,0.013999999993757228
8,7,S2n_keV,21386.680999999997,21386.68,0.000999999996565748
8,7,S2p_keV,31038.452999999994,31038.45,0.002999999993335223
8,7,Qalpha_keV,-10991.187999999995,-10991.18,0.007999999994353857
7,8,Sn_keV,13223.487999999998,13223.49,0.002000000002226443
7,8,Sp_keV,7296.784000000014,7296.78,0.004000000014457328
7,8,S2n_keV,36402.46100000001,36402.46,0.0010000000111176632
7,8,S2p_keV,14847.343000000008,14847.34,0.003000000007887138
7,8,Qalpha_keV,-10218.703999999998,-10218.71,0.006000000001222361
6,9,Sn_keV,23468.972999999998,23468.97,0.0029999999969732016
6,9,Sp_keV,-1270.0070000000123,-1270.0,0.007000000012340024
6,9,S2p_keV,3356.6659999999974,3356.67,0.004000000002633897
6,9,Qalpha_keV,-10161.718999999997,-10161.72,0.0010000000020227162
5,10,Sp_keV,-961.9919999999984,-962.0,0.008000000001629815
5,10,S2p_keV,-2521.998999999996,-2522.0,0.0010000000038417056
12,4,Sn_keV,450.00999999999476,450.0,0.00999999999476131
12,4,S2n_keV,-1349.9980000000069,-1350.0,0.001999999993131496
11,5,Sn_keV,-82.9429999999993,-82.95,0.007000000000701334
11,5,Sp_keV,20002.281999999992,20002.28,0.001999999993131496
11,5,S2n_keV,2693.8159999999916,2693.81,0.0059999999916726665
11,5,Qalpha_keV,-14321.971999999994,-14321.98,0.008000000005267793
10,6,Sn_keV,4250.328999999998,4250.33,0.0010000000020227162
10,6,Sp_keV,22553.089000000007,22553.08,0.00900000000547152
10,6,S2n_keV,5468.398000000001,5468.39,0.00800000000072032
10,6,S2p_keV,40838.306,40838.31,0.004000000000814907
10,6,Qalpha_keV,-13808.540000000008,-13808.54,7.275957614183426e-12
9,7,Sn_keV,2488.8360000000102,2488.85,0.013999999989664502
9,7,Sp_keV,11478.201000000001,11478.21,0.008999999998195563
9,7,S2n_keV,13322.140000000014,13322.14,1.4551915228366852e-11
9,7,S2p_keV,32557.72,32557.72,0.0
9,7,Qalpha_keV,-10110.399999999994,-10110.41,0.010000000005675247
8,8,Sn_keV,15663.915999999997,15663.92,0.004000000002633897
8,8,Sp_keV,12127.396000000008,12127.41,0.013999999991938239
8,8,S2n_keV,28887.403999999995,28887.42,0.01600000000325963
8,8,S2p_keV,22334.83,22334.84,0.00999999999839929
8,8,Qalpha_keV,-7161.907999999996,-7161.92,0.012000000004263711
7,9,Sn_keV,13957.811000000002,13957.82,0.008999999998195563
7,9,Sp_keV,-535.6840000000084,-535.68,0.004000000008431925
7,9,S2n_keV,37426.784,37426.78,0.004000000000814907
7,9,S2p_keV,6761.100000000006,6761.11,0.009999999993851816
7,9,Qalpha_keV,-9082.727999999988,-9082.73,0.00200000001132139
6,10,Sn_keV,24299.911999999997,24299.91,0.001999999996769475
6,10,Sp_keV,-131.05299999999988,-131.05,0.002999999999872216
6,10,S2p_keV,-1401.0600000000122,-1401.05,0.010000000012269084
6,10,Qalpha_keV,-10352.747999999992,-10352.75,0.0020000000076834112
12,5,Sn_keV,1467.5070000000123,1467.51,0.002999999987650881
12,5,Sp_keV,21019.77900000001,21019.79,0.010999999991327059
12,5,S2n_keV,1384.564000000013,1384.56,0.004000000013093086
12,5,Qalpha_keV,-15689.489000000001,-15689.49,0.0009999999983847374
11,6,Sn_keV,733.544000000009,733.55,0.0059999999909905455
11,6,Sp_keV,23369.576000000015,23369.58,0.003999999986262992
11,6,S2n_keV,4983.873000000007,4983.88,0.006999999993240635
11,6,S2p_keV,43371.85800000001,43371.86,0.001999999993131496
11,6,Qalpha_keV,-15052.093000000008,-15052.09,0.003000000007887138
10,7,Sn_keV,5885.1570000000065,5885.15,0.007000000006883056
10,7,Sp_keV,13113.02900000001,13113.02,0.009000000009109499
10,7,S2n_keV,8373.993000000017,8373.99,0.003000000016982085
10,7,S2p_keV,35666.11800000002,35666.1,0.018000000018218998
10,7,Qalpha_keV,-11116.786000000007,-11116.78,0.006000000006679329
9,8,Sn_keV,4143.079999999987,4143.08,1.2732925824820995e-11
9,8,Sp_keV,13781.639999999985,13781.64,1.4551915228366852e-11
9,8,S2n_keV,19806.995999999985,19807.0,0.0040000000153668225
9,8,S2p_keV,25259.840999999986,25259.85,0.009000000012747478
9,8,Qalpha_keV,-6358.678999999989,-6358.69,0.011000000010426447
8,9,Sn_keV,16799.880000000005,16799.87,0.010000000005675247
8,9,Sp_keV,600.2799999999988,600.27,0.009999999998854037
8,9,S2n_keV,30757.691000000006,30757.68,0.011000000005878974
8,9,S2p_keV,12727.676000000007,12727.68,0.00399999999353895
8,9,Qalpha_keV,-5818.697,-5818.69,0.007000000000516593
7,10,Sn_keV,15557.650999999998,15557.65,0.0009999999983847374
7,10,Sp_keV,1468.7869999999966,1468.78,0.0069999999966512405
7,10,S2n_keV,39857.562999999995,39857.56,0.0029999999969732016
7,10,S2p_keV,933.1029999999882,933.1,0.002999999988219315
7,10,Qalpha_keV,-9039.903999999995,-9039.9,0.003999999995357939
6,11,Sp_keV,-3897.4719999999943,-3897.47,0.001999999994495738
6,11,S2p_keV,-4028.524999999994,-4028.52,0.004999999994197424
13,5,Sn_keV,-4.99900000001071,-5.0,0.0009999999892897904
13,5,S2n_keV,1462.5080000000016,1462.51,0.0019999999983610905
12,6,Sn_keV,4183.949999999997,4183.95,2.7284841053187847e-12
12,6,Sp_keV,26086.019,26086.02,0.0010000000002037268
12,6,S2n_keV,4917.494000000006,4917.5,0.005999999993946403
12,6,S2p_keV,47105.79800000001,47105.81,0.011999999987892807
12,6,Qalpha_keV,-17460.14,-17460.15,0.010000000002037268
11,7,Sn_keV,2828.2229999999836,2828.23,0.00700000001643275
11,7,Sp_keV,15207.707999999984,15207.7,0.00799999998343992
11,7,S2n_keV,8713.37999999999,8713.37,0.009999999989304342
11,7,S2p_keV,38577.284,38577.28,0.004000000000814907
11,7,Qalpha_keV,-12975.439999999988,-12975.43,0.009999999987485353
10,8,Sn_keV,8045.369999999995,8045.37,4.547473508864641e-12
10,8,Sp_keV,15941.852999999974,15941.86,0.007000000026891939
10,8,S2n_keV,12188.449999999983,12188.45,1.8189894035458565e-11
10,8,S2p_keV,29054.881999999983,29054.89,0.00800000001618173
10,8,Qalpha_keV,-6227.619999999995,-6227.62,4.547473508864641e-12
9,9,Sn_keV,9149.907999999996,9149.91,0.0020000000040454324
9,9,Sp_keV,5607.108000000007,5607.09,0.01800000000730506
9,9,S2n_keV,25949.788,25949.77,0.018000000000029104
9,9,S2p_keV,19388.747999999992,19388.74,0.007999999990715878
9,9,Qalpha_keV,-4415.228000000003,-4415.22,0.00800000000253931
8,10,Sn_keV,19254.142999999996,19254.15,0.0070000000050640665
8,10,Sp_keV,3923.0499999999884,3923.06,0.010000000011586963
8,10,S2n_keV,34811.793999999994,34811.8,0.0060000000084983185
8,10,S2p_keV,4523.329999999987,4523.33,1.2732925824820995e-11
8,10,Qalpha_keV,-5115.073999999979,-5115.08,0.006000000021231244
7,11,Sn_keV,18206.545999999988,18206.54,0.005999999986670446
7,11,Sp_keV,-1248.5770000000048,-1248.57,0.007000000004836693
7,11,S2p_keV,220.20999999999185,220.21,8.15703060652595e-12
7,11,Qalpha_keV,-9351.333999999988,-9351.33,0.003999999988081981
14,5,Sn_keV,93.70600000000559,93.71,0.003999999994405812
14,5,S2n_keV,88.70699999999488,88.71,0.0030000000051160214
13,6,Sn_keV,576.8289999999979,576.83,0.001000000002136403
13,6,Sp_keV,26667.84700000001,26667.85,0.002999999989697244
13,6,S2n_keV,4760.778999999995,4760.78,0.0010000000047512003
13,6,Qalpha_keV,-19836.977,-19836.98,0.0030000000006111804
12,7,Sn_keV,5328.200999999986,5328.2,0.0009999999865613063
12,7,Sp_keV,16351.958999999973,16351.95,0.00899999997272971
12,7,S2n_keV,8156.42399999997,8156.43,0.006000000030326191
12,7,S2p_keV,42437.977999999974,42437.98,0.002000000029511284
12,7,Qalpha_keV,-15526.881999999983,-15526.88,0.001999999984036549
11,8,Sn_keV,3955.659000000014,3955.64,0.01900000001433
11,8,Sp_keV,17069.289000000004,17069.28,0.00900000000547152
11,8,S2n_keV,12001.02900000001,12001.01,0.019000000009327778
11,8,S2p_keV,32276.99699999999,32276.98,0.01699999998891144
11,8,Qalpha_keV,-8965.209999999992,-8965.2,0.009999999991123332
10,9,Sn_keV,10431.858000000007,10431.87,0.011999999993349775
10,9,Sp_keV,7993.59600000002,7993.6,0.003999999980806024
10,9,S2n_keV,19581.766000000003,19581.78,0.013999999995576218
10,9,S2p_keV,23935.448999999993,23935.46,0.011000000005878974
10,9,Qalpha_keV,-4013.7820000000065,-4013.8,0.01799999999366264
9,10,Sn_keV,11636.891000000003,11636.88,0.011000000004059984
9,10,Sp_keV,6410.032999999996,6410.03,0.002999999996063707
9,10,S2n_keV,30891.034,30891.03,0.004000000000814907
9,10,S2p_keV,12017.141000000003,12017.13,0.011000000004059984
9,10,Qalpha_keV,-3528.4769999999844,-3528.47,0.006999999984600436
8,11,Sn_keV,20179.909000000014,20179.91,0.0009999999856518116
8,11,Sp_keV,-322.81099999998696,-322.81,0.0009999999869592102
8,11,S2n_keV,38386.455,38386.46,0.004999999997380655
8,11,S2p_keV,3600.2390000000014,3600.25,0.010999999998603016
8,11,Qalpha_keV,-6062.270000000004,-6062.28,0.009999999995670805
7,12,Sp_keV,498.56900000000314,498.57,0.000999999996849965
7,12,S2p_keV,-750.0080000000016,-750.0,0.008000000001629815
7,12,Qalpha_keV,-10811.89499999999,-10811.9,0.005000000010113581
14,6,Sn_keV,2981.5130000000063,2981.51,0.0030000000060681487
14,6,Sp_keV,29555.65400000001,29555.65,0.004000000008090865
14,6,S2n_keV,3558.342000000004,3558.34,0.0020000000040454324
14,6,Qalpha_keV,-22368.48000000001,-22368.49,0.009999999991123332
13,7,Sn_keV,2161.103000000032,2161.1,0.0030000000319887477
13,7,Sp_keV,17936.233000000007,17936.23,0.003000000007887138
13,7,S2n_keV,7489.304000000018,7489.31,0.005999999982122972
13,7,S2p_keV,44604.080000000016,44604.08,1.4551915228366852e-11
13,7,Qalpha_keV,-17770.928000000014,-17770.93,0.0019999999858555384
12,8,Sn_keV,7607.994999999995,7608.0,0.005000000004656613
12,8,Sp_keV,19349.083000000013,19349.08,0.003000000011525117
12,8,S2n_keV,11563.65400000001,11563.65,0.004000000009909854
12,8,S2p_keV,35701.04199999999,35701.03,0.011999999987892807
12,8,Qalpha_keV,-12322.87599999999,-12322.88,0.004000000009909854
11,9,Sn_keV,6601.337999999989,6601.34,0.00200000001132139
11,9,Sp_keV,10639.274999999994,10639.29,0.015000000006693881
11,9,S2n_keV,17033.195999999996,17033.21,0.014000000002852175
11,9,S2p_keV,27708.564,27708.57,0.006000000001222361
11,9,Qalpha_keV,-8126.283999999985,-8126.29,0.006000000014864781
10,10,Sn_keV,16865.282999999996,16865.3,0.017000000003463356
10,10,Sp_keV,12843.457999999984,12843.46,0.002000000014959369
10,10,S2n_keV,28502.174,28502.18,0.006000000001222361
10,10,S2p_keV,20837.054000000004,20837.06,0.005999999997584382
10,10,Qalpha_keV,-4729.843999999983,-4729.84,0.003999999982625013
9,11,Sn_keV,14150.10500000001,14150.1,0.005000000010113581
9,11,Sp_keV,2190.4030000000203,2190.42,0.016999999979816494
9,11,S2n_keV,34330.014000000025,34330.02,0.00599999997211853
9,11,S2p_keV,8600.436000000016,8600.45,0.013999999984662281
9,11,Qalpha_keV,-6254.564000000013,-6254.56,0.004000000012638338
8,12,Sn_keV,22422.02500000001,22422.01,0.01500000001033186
8,12,Sp_keV,2740.6849999999977,2740.67,0.014999999997598934
8,12,S2p_keV,2417.8740000000107,2417.86,0.01400000001058288
8,12,Qalpha_keV,-8934.008000000002,-8934.0,0.008000000001629815
14,7,Sn_keV,4605.8949999999895,4605.9,0.005000000010113581
14,7,Sp_keV,19560.61499999999,19560.62,0.005000000008294592
14,7,S2n_keV,6766.998000000021,6767.0,0.001999999978579581
14,7,S2p_keV,49116.269,49116.27,0.000999999996565748
14,7,Qalpha_keV,-20909.31599999999,-20909.32,0.004000000008090865
13,8,Sn_keV,3805.453999999998,3805.45,0.003999999998086423
13,8,Sp_keV,20993.43399999998,20993.43,0.003999999978987034
13,8,S2n_keV,11413.448999999993,11413.46,0.011000000005878974
13,8,S2p_keV,38929.66699999999,38929.66,0.006999999983236194
13,8,Qalpha_keV,-15394.785999999993,-15394.78,0.005999999992127414
12,9,Sn_keV,8101.472999999998,8101.46,0.012999999998100975
12,9,Sp_keV,11132.752999999997,11132.75,0.0029999999969732016
12,9,S2n_keV,14702.810999999987,14702.79,0.02099999998608837
12,9,S2p_keV,30481.83600000001,30481.83,0.0060000000084983185
12,9,Qalpha_keV,-10342.599999999977,-10342.6,2.3646862246096134e-11
11,10,Sn_keV,6761.17300000001,6761.16,0.013000000009924406
11,10,Sp_keV,13003.293000000005,13003.28,0.013000000004467438
11,10,S2n_keV,23626.456000000006,23626.46,0.00399999999353895
11,10,S2p_keV,23642.568,23642.57,0.0020000000004074536
11,10,Qalpha_keV,-7347.937000000005,-7347.93,0.0070000000050640665
10,11,Sn_keV,17106.56699999998,17106.55,0.016999999981635483
10,11,Sp_keV,2431.6870000000054,2431.67,0.017000000005282345
10,11,S2n_keV,31256.67199999999,31256.66,0.011999999991530785
10,11,S2p_keV,15275.14499999999,15275.13,0.014999999990322976
10,11,Qalpha_keV,-6561.250999999989,-6561.25,0.0009999999892897904
9,12,Sn_keV,14645.151000000013,14645.16,0.008999999987281626
9,12,Sp_keV,3235.7309999999998,3235.73,0.0009999999997489795
9,12,S2n_keV,37067.17600000002,37067.17,0.006000000023050234
9,12,S2p_keV,5426.13400000002,5426.14,0.005999999980303983
9,12,Qalpha_keV,-8021.508000000031,-8021.51,0.0019999999694846338
16,6,S2n_keV,34.9939999999915,35.0,0.0060000000084983185
15,7,Sn_keV,1538.43299999999,1538.43,0.0029999999899246177
15,7,S2n_keV,6144.3279999999795,6144.33,0.002000000020416337
15,7,Qalpha_keV,-22452.747999999992,-22452.75,0.0020000000076834112
14,8,Sn_keV,6850.308000000019,6850.32,0.011999999980616849
14,8,Sp_keV,23237.84700000001,23237.85,0.002999999989697244
14,8,S2n_keV,10655.762000000017,10655.77,0.00799999998343992
14,8,S2p_keV,42798.462,42798.47,0.008000000001629815
14,8,Qalpha_keV,-18061.144,-18061.15,0.006000000001222361
13,9,Sn_keV,5230.3369999999995,5230.34,0.0030000000006111804
13,9,Sp_keV,12557.635999999999,12557.63,0.0059999999994033715
13,9,S2n_keV,13331.809999999998,13331.8,0.00999999999839929
13,9,S2p_keV,33551.06999999998,33551.06,0.009999999980209395
13,9,Qalpha_keV,-12744.714000000007,-12744.71,0.004000000008090865
12,10,Sn_keV,10364.257000000012,10364.26,0.0029999999878782546
12,10,Sp_keV,15266.07700000002,15266.08,0.002999999980602297
12,10,S2n_keV,17125.430000000022,17125.42,0.010000000023865141
12,10,S2p_keV,26398.830000000016,26398.83,1.4551915228366852e-11
12,10,Qalpha_keV,-9666.824000000022,-9666.82,0.00400000002264278
11,11,Sn_keV,11068.187000000005,11068.2,0.012999999995372491
11,11,Sp_keV,6738.701000000001,6738.71,0.008999999999105057
11,11,S2n_keV,28174.753999999986,28174.75,0.003999999986262992
11,11,S2p_keV,19741.994000000006,19741.99,0.004000000004452886
11,11,Qalpha_keV,-8479.529999999999,-8479.54,0.010000000002037268
10,12,Sn_keV,19375.090999999986,19375.1,0.009000000012747478
10,12,Sp_keV,5504.255000000005,5504.27,0.014999999995779945
10,12,S2n_keV,34020.242,34020.26,0.018000000003667083
10,12,S2p_keV,7935.94200000001,7935.94,0.0020000000104118953
10,12,Qalpha_keV,-8142.456000000006,-8142.46,0.003999999994448444
16,7,Sn_keV,3115.685000000027,3115.69,0.004999999973279046
16,7,Sp_keV,24179.739000000016,24179.74,0.0009999999856518116
16,7,S2n_keV,4654.118000000017,4654.12,0.0019999999831270543
16,7,Qalpha_keV,-25474.727000000014,-25474.73,0.002999999986059265
15,8,Sn_keV,2732.9929999999877,2732.98,0.012999999987641786
15,8,Sp_keV,24432.407000000007,24432.4,0.0070000000050640665
15,8,S2n_keV,9583.301000000007,9583.3,0.0010000000074796844
15,8,Qalpha_keV,-20217.30799999999,-20217.3,0.007999999990715878
14,9,Sn_keV,7579.4220000000205,7579.43,0.007999999979801942
14,9,Sp_keV,13286.75,13286.74,0.010000000000218279
14,9,S2n_keV,12809.75900000002,12809.77,0.010999999980413122
14,9,S2p_keV,36524.59700000001,36524.59,0.007000000012340024
14,9,Qalpha_keV,-14995.935000000027,-14995.93,0.005000000026484486
13,10,Sn_keV,5200.657999999996,5200.65,0.007999999996172846
13,10,Sp_keV,15236.398000000016,15236.39,0.00800000001618173
13,10,S2n_keV,15564.915000000008,15564.91,0.005000000008294592
13,10,S2p_keV,27794.034000000014,27794.02,0.014000000013766112
13,10,Qalpha_keV,-10911.823000000004,-10911.82,0.0030000000042491592
12,11,Sn_keV,12419.665000000008,12419.66,0.005000000008294592
12,11,Sp_keV,8794.108999999997,8794.1,0.008999999996376573
12,11,S2n_keV,23487.852000000014,23487.86,0.0079999999870779
12,11,S2p_keV,24060.186000000016,24060.19,0.003999999982625013
12,11,Qalpha_keV,-10467.337,-10467.32,0.016999999999825377
11,12,Sn_keV,13144.902999999991,13144.9,0.0029999999915162334
11,12,Sp_keV,7580.97099999999,7580.97,0.000999999990199285
11,12,S2n_keV,32519.993999999977,32520.0,0.006000000023050234
11,12,S2p_keV,14319.671999999991,14319.68,0.008000000008905772
11,12,Qalpha_keV,-9650.467999999993,-9650.48,0.0120000000060827
10,13,Sp_keV,140.97899999999208,140.97,0.008999999992084895
10,13,S2p_keV,5645.233999999997,5645.24,0.00600000000304135
10,13,Qalpha_keV,-8606.245999999985,-8606.24,0.005999999984851456
16,8,Sn_keV,4192.2850000000035,4192.28,0.005000000003747118
16,8,Sp_keV,25509.006999999983,25508.99,0.016999999981635483
16,8,S2n_keV,6925.277999999991,6925.27,0.007999999990715878
16,8,S2p_keV,49688.746,49688.74,0.006000000001222361
16,8,Qalpha_keV,-21428.079999999987,-21428.08,1.4551915228366852e-11
15,9,Sn_keV,3812.0559999999823,3812.06,0.004000000017640559
15,9,Sp_keV,14365.812999999995,14365.82,0.0070000000050640665
15,9,S2n_keV,11391.478000000003,11391.49,0.011999999996987754
15,9,S2p_keV,38798.22,38798.23,0.010000000002037268
15,9,Qalpha_keV,-16646.887999999977,-16646.9,0.012000000024272595
14,10,Sn_keV,8868.911999999982,8868.91,0.0019999999822175596
14,10,Sp_keV,16525.887999999977,16525.88,0.007999999976163963
14,10,S2n_keV,14069.569999999978,14069.56,0.009999999978390406
14,10,S2p_keV,29812.637999999977,29812.62,0.01799999997820123
14,10,Qalpha_keV,-12172.73999999999,-12172.73,0.009999999991123332
13,11,Sn_keV,6959.372999999992,6959.37,0.002999999992425728
13,11,Sp_keV,10552.823999999993,10552.82,0.00399999999353895
13,11,S2n_keV,19379.038,19379.02,0.018000000000029104
13,11,S2p_keV,25789.22200000001,25789.21,0.01200000000972068
13,11,Qalpha_keV,-10825.372000000003,-10825.35,0.022000000002663
12,12,Sn_keV,16531.371000000014,16531.37,0.001000000014755642
12,12,Sp_keV,11692.676999999996,11692.69,0.013000000004467438
12,12,S2n_keV,29676.274000000005,29676.27,0.004000000004452886
12,12,S2p_keV,20486.785999999993,20486.79,0.004000000008090865
12,12,Qalpha_keV,-9316.556000000011,-9316.55,0.006000000012136297
11,13,Sn_keV,14868.247000000003,14868.25,0.0029999999969732016
11,13,Sp_keV,1864.323000000004,1864.32,0.0030000000040217856
11,13,S2p_keV,9445.293999999994,9445.3,0.00600000000486034
11,13,Qalpha_keV,-9324.387999999977,-9324.38,0.007999999977982952
10,14,Sp_keV,3291.847000000009,3291.85,0.002999999991061486
10,14,S2p_keV,3432.826000000001,3432.81,0.016000000000985892
10,14,Qalpha_keV,-9157.407999999996,-9157.41,0.0020000000040454324
17,8,Sn_keV,-757.3150000000023,-757.31,0.005000000002382876
17,8,S2n_keV,3434.970000000001,3434.98,0.009999999998854037
16,9,Sn_keV,4281.682000000001,4281.67,0.012000000000625732
16,9,Sp_keV,14455.209999999992,14455.21,7.275957614183426e-12
16,9,S2n_keV,8093.737999999983,8093.73,0.00799999998343992
16,9,S2p_keV,39964.216999999975,39964.2,0.016999999977997504
16,9,Qalpha_keV,-16322.674999999988,-16322.66,0.014999999988503987
15,10,Sn_keV,4155.1750000000175,4155.17,0.005000000017389539
15,10,Sp_keV,16869.007000000012,16868.99,0.017000000010739313
15,10,S2n_keV,13024.087,13024.09,0.0030000000006111804
15,10,S2p_keV,31234.820000000007,31234.81,0.010000000005675247
15,10,Qalpha_keV,-12522.46100000001,-12522.45,0.011000000009516953
14,11,Sn_keV,9011.212999999989,9011.23,0.017000000010739313
14,11,Sp_keV,10695.125,10695.14,0.014999999999417923
14,11,S2n_keV,15970.585999999981,15970.59,0.004000000019004801
14,11,S2p_keV,27221.012999999977,27221.02,0.0070000000232539605
14,11,Qalpha_keV,-11735.111999999994,-11735.12,0.008000000007086783
13,12,Sn_keV,7330.534000000014,7330.53,0.004000000014457328
13,12,Sp_keV,12063.838000000018,12063.85,0.011999999982435838
13,12,S2n_keV,23861.905000000028,23861.9,0.005000000026484486
13,12,S2p_keV,22616.66200000001,22616.68,0.017999999989115167
13,12,Qalpha_keV,-9885.917000000016,-9885.92,0.002999999984240276
12,13,Sn_keV,16938.43200000003,16938.43,0.002000000029511284
12,13,Sp_keV,2271.38400000002,2271.38,0.004000000019914296
12,13,S2n_keV,31806.679000000033,31806.68,0.0009999999674619175
12,13,S2p_keV,13964.061000000016,13964.06,0.0010000000165746314
12,13,Qalpha_keV,-9156.253000000026,-9156.26,0.006999999974141247
11,14,Sn_keV,14989.182,14989.19,0.007999999999810825
11,14,Sp_keV,3412.7820000000065,3412.78,0.002000000006319169
11,14,S2p_keV,5277.1050000000105,5277.1,0.005000000010113581
11,14,Qalpha_keV,-9501.438999999984,-9501.44,0.0010000000165746314
18,8,Sn_keV,739.3030000000144,739.31,0.00699999998550993
18,8,S2n_keV,-18.011999999987893,-18.0,0.011999999987892807
18,8,Qalpha_keV,-21375.074000000022,-21375.08,0.005999999979394488
17,9,Sn_keV,756.5899999999965,756.61,0.020000000003506102
17,9,Sp_keV,15969.11499999999,15969.12,0.005000000010113581
17,9,S2n_keV,5038.271999999997,5038.27,0.001999999996769475
17,9,Qalpha_keV,-15540.831999999995,-15540.84,0.008000000005267793
16,10,Sn_keV,5554.684999999998,5554.7,0.015000000002146407
16,10,Sp_keV,18142.01000000001,18142.02,0.009999999991123332
16,10,S2n_keV,9709.860000000015,9709.88,0.019999999984065653
16,10,S2p_keV,32597.22,32597.23,0.00999999999839929
16,10,Qalpha_keV,-11226.837999999989,-11226.84,0.00200000001132139
15,11,Sn_keV,5574.301000000007,5574.28,0.021000000007006747
15,11,Sp_keV,12114.25099999999,12114.25,0.0009999999892897904
15,11,S2n_keV,14585.513999999996,14585.51,0.003999999995357939
15,11,S2p_keV,28983.258,28983.24,0.018000000000029104
15,11,Qalpha_keV,-12079.076000000001,-12079.07,0.006000000001222361
14,12,Sn_keV,11093.070000000007,11093.08,0.009999999992942321
14,12,Sp_keV,14145.695000000036,14145.7,0.004999999964638846
14,12,S2n_keV,18423.60400000002,18423.61,0.005999999979394488
14,12,S2p_keV,24840.820000000036,24840.84,0.01999999996405677
14,12,Qalpha_keV,-10614.73000000001,-10614.74,0.009999999989304342
13,13,Sn_keV,11365.48999999999,11365.49,9.094947017729282e-12
13,13,Sp_keV,6306.3399999999965,6306.34,3.637978807091713e-12
13,13,S2n_keV,28303.92200000002,28303.92,0.0020000000222353265
13,13,S2p_keV,18370.178000000014,18370.19,0.011999999984254828
13,13,Qalpha_keV,-9453.556000000011,-9453.56,0.003999999988081981
12,14,Sn_keV,19039.657999999996,19039.66,0.0020000000040454324
12,14,Sp_keV,5514.0079999999725,5514.01,0.0020000000276922947
12,14,S2n_keV,34028.84,34028.84,0.0
12,14,S2p_keV,7785.391999999993,7785.39,0.0019999999922220013
12,14,Qalpha_keV,-9166.005999999994,-9166.0,0.005999999993946403
18,9,Sn_keV,1269.923999999999,1269.91,0.013999999998986823
18,9,Sp_keV,16499.735999999975,16499.73,0.005999999975756509
18,9,S2n_keV,2026.5139999999956,2026.52,0.006000000004405592
18,9,Qalpha_keV,-13695.070999999967,-13695.06,0.010999999967680196
17,10,Sn_keV,1501.5179999999818,1501.52,0.0020000000181426003
17,10,Sp_keV,18886.937999999995,18886.94,0.0020000000040454324
17,10,S2n_keV,7056.2029999999795,7056.22,0.017000000020743755
17,10,S2p_keV,34856.052999999985,34856.06,0.007000000012340024
17,10,Qalpha_keV,-9995.362999999983,-9995.38,0.01700000001619628
16,11,Sn_keV,6728.315999999992,6728.33,0.014000000008309144
16,11,Sp_keV,13287.881999999983,13287.87,0.011999999982435838
16,11,S2n_keV,12302.616999999998,12302.61,0.006999999997788109
16,11,S2p_keV,31429.891999999993,31429.9,0.008000000008905772
16,11,Qalpha_keV,-11227.969999999972,-11227.97,2.7284841053187847e-11
15,12,Sn_keV,6443.383999999991,6443.39,0.006000000009407813
15,12,Sp_keV,15014.77800000002,15014.8,0.021999999979016138
15,12,S2n_keV,17536.453999999998,17536.46,0.006000000001222361
15,12,S2p_keV,27129.02900000001,27129.05,0.020999999989726348
15,12,Qalpha_keV,-11857.456000000006,-11857.48,0.023999999993975507
14,13,Sn_keV,13058.040999999968,13058.03,0.010999999967680196
14,13,Sp_keV,8271.310999999958,8271.29,0.02099999995698454
14,13,S2n_keV,24423.53099999996,24423.52,0.01099999995858525
14,13,S2p_keV,22417.005999999994,22416.99,0.015999999992345693
14,13,Qalpha_keV,-10091.931999999972,-10091.92,0.011999999971521902
13,14,Sn_keV,13314.798999999999,13314.8,0.0010000000002037268
13,14,Sp_keV,7463.316999999981,7463.32,0.0030000000188010745
13,14,S2n_keV,32354.456999999995,32354.46,0.0030000000042491592
13,14,S2p_keV,13769.656999999977,13769.66,0.0030000000224390533
13,14,Qalpha_keV,-9335.902000000002,-9335.91,0.007999999997991836
12,15,Sp_keV,870.4180000000051,870.41,0.008000000005154106
12,15,S2p_keV,6384.425999999978,6384.42,0.005999999977575499
12,15,Qalpha_keV,-9895.445000000007,-9895.44,0.005000000006475602
19,9,Sn_keV,-219.987999999983,-220.0,0.012000000016996637
19,9,S2n_keV,1049.936000000016,1049.91,0.02600000001598346
18,10,Sn_keV,3822.5100000000093,3822.49,0.020000000009531504
18,10,Sp_keV,21439.524000000005,21439.51,0.014000000006490154
18,10,S2n_keV,5324.027999999991,5324.01,0.017999999990934157
18,10,S2p_keV,37939.25999999998,37939.24,0.019999999982246663
18,10,Qalpha_keV,-9625.587999999989,-9625.58,0.007999999988896889
17,11,Sn_keV,3541.850000000006,3541.84,0.010000000005675247
17,11,Sp_keV,15328.214000000007,15328.19,0.024000000006708433
17,11,S2n_keV,10270.165999999997,10270.17,0.004000000002633897
17,11,S2p_keV,34215.152,34215.13,0.02200000000448199
17,11,Qalpha_keV,-10957.763999999996,-10957.75,0.013999999995576218
16,12,Sn_keV,8503.559999999998,8503.55,0.00999999999839929
16,12,Sp_keV,16790.022000000026,16790.03,0.007999999972525984
16,12,S2n_keV,14946.943999999989,14946.94,0.003999999988081981
16,12,S2p_keV,30077.90400000001,30077.9,0.004000000008090865
16,12,Qalpha_keV,-11492.104000000021,-11492.11,0.005999999979394488
15,13,Sn_keV,7725.101000000024,7725.1,0.001000000023850589
15,13,Sp_keV,9553.027999999991,9553.0,0.027999999991152436
15,13,S2n_keV,20783.141999999993,20783.13,0.011999999991530785
15,13,S2p_keV,24567.80600000001,24567.81,0.003999999989900971
15,13,Qalpha_keV,-10857.660000000003,-10857.66,3.637978807091713e-12
14,14,Sn_keV,17179.62500000003,17179.61,0.015000000028521754
14,14,Sp_keV,11584.901000000042,11584.9,0.001000000042040483
14,14,S2n_keV,30494.424000000028,30494.41,0.014000000028318027
14,14,S2p_keV,19856.212,19856.19,0.02200000000084401
14,14,Qalpha_keV,-9984.156000000017,-9984.14,0.016000000017811544
13,15,Sn_keV,14496.58600000001,14496.6,0.01399999999011925
13,15,Sp_keV,2052.2050000000163,2052.21,0.004999999983738235
13,15,S2p_keV,9515.521999999997,9515.53,0.008000000003448804
13,15,Qalpha_keV,-9523.784000000014,-9523.79,0.005999999986670446
12,16,Sp_keV,2493.2939999999944,2493.31,0.016000000005533366
12,16,S2p_keV,3363.7119999999995,3363.72,0.008000000000265572
12,16,Qalpha_keV,-9096.891999999993,-9096.9,0.008000000007086783
20,9,Sn_keV,1662.7229999999981,1662.73,0.007000000001880835
20,9,S2n_keV,1442.7350000000151,1442.73,0.005000000015115802
19,10,Sn_keV,971.2550000000047,971.25,0.005000000004656613
19,10,Sp_keV,22630.766999999993,22630.77,0.003000000007887138
19,10,S2n_keV,4793.765000000014,4793.74,0.025000000014188117
19,10,Qalpha_keV,-11354.157999999996,-11354.14,0.017999999996391125
18,11,Sn_keV,4402.986999999994,4403.01,0.023000000006504706
18,11,Sp_keV,15908.690999999992,15908.71,0.019000000007508788
18,11,S2n_keV,7944.8369999999995,7944.85,0.01300000000082946
18,11,S2p_keV,37348.215,37348.23,0.015000000006693881
18,11,Qalpha_keV,-11079.068999999989,-11079.09,0.02100000001155422
17,12,Sn_keV,3655.2939999999944,3655.3,0.006000000005769834
17,12,Sp_keV,16903.466000000015,16903.48,0.013999999984662281
17,12,S2n_keV,12158.853999999992,12158.85,0.00399999999171996
17,12,S2p_keV,32231.680000000022,32231.68,2.1827872842550278e-11
17,12,Qalpha_keV,-10992.222999999998,-10992.24,0.017000000001644366
16,13,Sn_keV,9428.423999999999,9428.43,0.006000000001222361
16,13,Sp_keV,10477.891999999993,10477.89,0.001999999993131496
16,13,S2n_keV,17153.525000000023,17153.53,0.004999999975552782
16,13,S2p_keV,27267.91400000002,27267.91,0.004000000019004801
16,13,Qalpha_keV,-11274.871000000014,-11274.86,0.011000000013154931
15,14,Sn_keV,8473.582999999984,8473.6,0.01700000001619628
15,14,Sp_keV,12333.383000000002,12333.4,0.016999999998006388
15,14,S2n_keV,25653.208000000013,25653.21,0.0019999999858555384
15,14,S2p_keV,21886.410999999993,21886.41,0.0009999999929277692
15,14,Qalpha_keV,-11127.204999999987,-11127.21,0.0050000000119325705
14,15,Sn_keV,17876.432,17876.43,0.0020000000004074536
14,15,Sp_keV,2749.011999999988,2749.02,0.008000000012089004
14,15,S2n_keV,32373.01800000001,32373.02,0.001999999989493517
14,15,S2p_keV,14333.91300000003,14333.93,0.016999999970721547
14,15,Qalpha_keV,-10461.783999999985,-10461.79,0.006000000015774276
13,16,Sn_keV,15300.960000000021,15300.94,0.02000000002044544
13,16,Sp_keV,3297.668000000005,3297.65,0.018000000005031325
13,16,S2p_keV,5349.873000000021,5349.85,0.02300000002105662
13,16,Qalpha_keV,-9408.670000000013,-9408.65,0.020000000013169483
12,17,Sp_keV,-1799.9919999999984,-1800.0,0.008000000001629815
12,17,S2p_keV,693.301999999996,693.31,0.008000000003903551
20,10,Sn_keV,3190.9869999999937,3191.0,0.013000000006286427
20,10,Sp_keV,24159.030999999988,24159.04,0.009000000012747478
20,10,S2n_keV,4162.241999999998,4162.25,0.008000000001629815
20,10,Qalpha_keV,-13805.841999999975,-13805.83,0.01199999997515988
19,11,Sn_keV,2276.661000000022,2276.64,0.02100000002201341
19,11,Sp_keV,17214.09700000001,17214.1,0.002999999989697244
19,11,S2n_keV,6679.648000000016,6679.65,0.001999999984036549
19,11,S2p_keV,39844.864,39844.87,0.006000000001222361
19,11,Qalpha_keV,-12599.140000000014,-12599.12,0.020000000013169483
18,12,Sn_keV,6352.322000000015,6352.31,0.012000000014268153
18,12,Sp_keV,18852.801000000036,18852.79,0.011000000034982804
18,12,S2n_keV,10007.616000000009,10007.61,0.0060000000084983185
18,12,S2p_keV,34761.49200000003,34761.5,0.007999999972525984
18,12,Qalpha_keV,-11789.860000000015,-11789.85,0.010000000014770194
17,13,Sn_keV,5728.38400000002,5728.4,0.015999999979612767
17,13,Sp_keV,12550.982000000018,12550.99,0.007999999981620931
17,13,S2n_keV,15156.80800000002,15156.83,0.021999999980835128
17,13,S2p_keV,29454.448000000033,29454.47,0.021999999968102202
17,13,Qalpha_keV,-11428.954000000027,-11428.98,0.025999999972555088
16,14,Sn_keV,10609.205000000016,10609.2,0.005000000015570549
16,14,Sp_keV,13514.164000000019,13514.17,0.0059999999812134774
16,14,S2n_keV,19082.788,19082.8,0.011999999998806743
16,14,S2p_keV,23992.05600000001,23992.06,0.003999999989900971
16,14,Qalpha_keV,-10643.339999999997,-10643.33,0.0099999999965803
15,15,Sn_keV,11319.335999999981,11319.32,0.015999999981431756
15,15,Sp_keV,5594.764999999985,5594.75,0.014999999984866008
15,15,S2n_keV,29195.767999999982,29195.75,0.01799999998183921
15,15,S2p_keV,17928.147999999986,17928.15,0.002000000014959369
15,15,Qalpha_keV,-10415.629999999976,-10415.62,0.009999999974752427
14,16,Sn_keV,18974.130000000005,18974.15,0.01999999999679858
14,16,Sp_keV,4395.366000000009,4395.38,0.013999999991028744
14,16,S2n_keV,34275.090000000026,34275.09,2.9103830456733704e-11
14,16,S2p_keV,7144.377999999997,7144.4,0.022000000002663
14,16,Qalpha_keV,-9343.142000000022,-9343.15,0.007999999977982952
12,18,Sp_keV,-480.00800000000163,-480.0,0.008000000001629815
12,18,S2p_keV,-2280.0,-2280.0,0.0
21,10,Sn_keV,169.86000000001513,169.84,0.02000000001513058
21,10,S2n_keV,3360.847000000009,3360.84,0.007000000008702045
20,11,Sn_keV,4299.946999999986,4299.96,0.01300000001447188
20,11,Sp_keV,18323.057,18323.06,0.0030000000006111804
20,11,S2n_keV,6576.608000000007,6576.6,0.008000000007086783
20,11,S2p_keV,42482.08799999999,42482.1,0.01200000000972068
20,11,Qalpha_keV,-15629.163,-15629.16,0.0030000000006111804
19,12,Sn_keV,2309.6479999999865,2309.65,0.002000000013595127
19,12,Sp_keV,18885.788,18885.79,0.0020000000004074536
19,12,S2n_keV,8661.970000000001,8661.96,0.010000000002037268
19,12,S2p_keV,36099.88500000001,36099.89,0.004999999990104698
19,12,Qalpha_keV,-12597.99000000002,-12597.98,0.010000000020227162
18,13,Sn_keV,7157.186999999976,7157.18,0.006999999975960236
18,13,Sp_keV,13355.84699999998,13355.86,0.013000000020838343
18,13,S2n_keV,12885.570999999996,12885.58,0.00900000000365253
18,13,S2p_keV,32208.648000000016,32208.64,0.00800000001618173
18,13,Qalpha_keV,-11857.825000000012,-11857.83,0.004999999988285708
17,14,Sn_keV,6587.400999999925,6587.39,0.010999999924933945
17,14,Sp_keV,14373.180999999924,14373.16,0.02099999992424273
17,14,S2n_keV,17196.60599999994,17196.59,0.01599999994141399
17,14,S2p_keV,26924.162999999942,26924.15,0.012999999940802809
17,14,Qalpha_keV,-10787.35699999993,-10787.34,0.01699999993070378
16,15,Sn_keV,12310.996999999974,12311.0,0.003000000026077032
16,15,Sp_keV,7296.5569999999425,7296.55,0.006999999942308932
16,15,S2n_keV,23630.332999999955,23630.33,0.002999999953317456
16,15,S2p_keV,20810.72099999996,20810.72,0.00099999996018596
16,15,Qalpha_keV,-9668.585999999981,-9668.6,0.01400000001922308
15,16,Sn_keV,13054.589999999967,13054.59,3.2741809263825417e-11
15,16,Sp_keV,6130.619999999995,6130.64,0.02000000000498403
15,16,S2n_keV,32028.719999999972,32028.74,0.020000000029540388
15,16,S2p_keV,11725.38499999998,11725.39,0.005000000019208528
15,16,Qalpha_keV,-9082.93299999999,-9082.94,0.007000000010521035
14,17,Sp_keV,264.26899999997113,264.27,0.00100000002885281
14,17,S2n_keV,36339.350999999995,36339.36,0.00900000000547152
14,17,S2p_keV,4659.63499999998,4659.64,0.005000000020118023
14,17,Qalpha_keV,-8736.992999999988,-8737.01,0.017000000012558303
21,11,Sn_keV,1677.2050000000163,1677.2,0.00500000001625267
21,11,Sp_keV,19830.402000000002,19830.41,0.007999999997991836
21,11,S2n_keV,5977.152000000002,5977.15,0.002000000002226443
21,11,Qalpha_keV,-17526.356,-17526.36,0.004000000000814907
20,12,Sn_keV,5778.051999999996,5778.07,0.018000000003667083
20,12,Sp_keV,20363.89300000001,20363.9,0.006999999990512151
20,12,S2n_keV,8087.6999999999825,8087.71,0.010000000017498678
20,12,S2p_keV,38686.95000000001,38686.96,0.009999999987485353
20,12,Qalpha_keV,-14553.532000000007,-14553.55,0.017999999992753146
19,13,Sn_keV,4219.981,4219.98,0.0010000000002037268
19,13,Sp_keV,15266.179999999993,15266.19,0.010000000007494236
19,13,S2n_keV,11377.167999999976,11377.16,0.007999999976163963
19,13,S2p_keV,34151.96799999999,34151.98,0.01200000000972068
19,13,Qalpha_keV,-12535.956000000006,-12535.97,0.013999999993757228
18,14,Sn_keV,9199.955000000075,9199.97,0.014999999924839358
18,14,Sp_keV,16415.949000000022,16415.95,0.000999999978375854
18,14,S2n_keV,15787.356,15787.36,0.004000000000814907
18,14,S2p_keV,29771.796000000002,29771.81,0.013999999999214197
18,14,Qalpha_keV,-11483.752000000008,-11483.76,0.007999999992534867
17,15,Sn_keV,7935.663000000059,7935.65,0.01300000005903712
17,15,Sp_keV,8644.819000000076,8644.81,0.009000000076412107
17,15,S2n_keV,20246.660000000033,20246.65,0.010000000031141099
17,15,S2p_keV,23018.0,23017.97,0.029999999998835847
17,15,Qalpha_keV,-9879.148000000016,-9879.14,0.00800000001618173
16,16,Sn_keV,15044.328000000038,15044.33,0.001999999962208676
16,16,Sp_keV,8863.95100000006,8863.96,0.008999999939987902
16,16,S2n_keV,28098.918000000005,28098.91,0.008000000005267793
16,16,S2p_keV,16160.508000000002,16160.51,0.0019999999985884642
16,16,Qalpha_keV,-6947.635999999999,-6947.65,0.014000000001033186
15,17,Sn_keV,14371.449000000022,14371.44,0.009000000021842425
15,17,Sp_keV,1581.128000000026,1581.12,0.008000000026186171
15,17,S2p_keV,7711.748000000021,7711.76,0.01199999997879786
15,17,Qalpha_keV,-8611.856,-8611.85,0.0059999999994033715
14,18,Sp_keV,2454.777000000002,2454.77,0.007000000001880835
14,18,S2n_keV,39274.136,39274.13,0.006000000001222361
14,18,S2p_keV,2719.045999999973,2719.04,0.005999999973028025
14,18,Qalpha_keV,-8698.475999999995,-8698.47,0.005999999995765393
22,11,Sn_keV,2931.366000000009,2931.36,0.006000000008953066
22,11,S2n_keV,4608.571000000025,4608.56,0.011000000024978362
22,11,Qalpha_keV,-18794.99900000001,-18794.99,0.009000000009109499
21,12,Sn_keV,2280.13499999998,2280.12,0.014999999980318535
21,12,Sp_keV,20966.822999999975,20966.82,0.002999999975145329
21,12,S2n_keV,8058.186999999976,8058.19,0.003000000023348548
21,12,S2p_keV,40797.22499999998,40797.23,0.005000000026484486
21,12,Qalpha_keV,-15862.411999999982,-15862.42,0.00800000001800072
20,13,Sn_keV,5469.319999999978,5469.33,0.010000000022046152
20,13,Sp_keV,14957.447999999975,14957.45,0.0020000000258733053
20,13,S2n_keV,9689.300999999978,9689.31,0.009000000021842425
20,13,S2p_keV,35321.340999999986,35321.35,0.009000000012747478
20,13,Qalpha_keV,-13602.28899999999,-13602.29,0.0010000000111176632
19,14,Sn_keV,4507.970999999961,4507.96,0.010999999961313733
19,14,Sp_keV,16703.938999999984,16703.93,0.008999999983643647
19,14,S2n_keV,13707.926000000036,13707.92,0.0060000000357831595
19,14,S2p_keV,31970.118999999977,31970.12,0.0010000000220315997
19,14,Qalpha_keV,-12336.429000000004,-12336.41,0.01900000000387081
18,15,Sn_keV,10103.757999999973,10103.79,0.03200000002834713
18,15,Sp_keV,9548.621999999974,9548.63,0.008000000025276677
18,15,S2n_keV,18039.42100000003,18039.44,0.01899999996749102
18,15,S2p_keV,25964.570999999996,25964.58,0.00900000000547152
18,15,Qalpha_keV,-10554.482000000018,-10554.5,0.01799999998183921
17,16,Sn_keV,8641.661999999953,8641.64,0.021999999953550287
17,16,Sp_keV,9569.949999999953,9569.95,4.729372449219227e-11
17,16,S2n_keV,23685.98999999999,23685.96,0.02999999999155989
17,16,S2p_keV,18214.76900000003,18214.76,0.009000000030937372
17,16,Qalpha_keV,-7115.714999999967,-7115.69,0.024999999967803888
16,17,Sn_keV,15739.986999999965,15739.98,0.0069999999650463
16,17,Sp_keV,2276.786999999953,2276.77,0.0169999999529864
16,17,S2n_keV,30111.435999999987,30111.42,0.015999999988707714
16,17,S2p_keV,11140.738000000012,11140.74,0.001999999987674528
16,17,Qalpha_keV,-6475.410999999964,-6475.4,0.010999999964042217
15,18,Sn_keV,15255.258999999991,15255.26,0.0010000000092986738
15,18,Sp_keV,3338.5869999999704,3338.59,0.003000000029715011
15,18,S2p_keV,4919.7149999999965,4919.71,0.0049999999964711606
15,18,Qalpha_keV,-8652.774999999965,-8652.79,0.015000000035797711
23,11,Sn_keV,171.29999999998836,171.32,0.02000000001163471
23,11,S2n_keV,3102.6659999999974,3102.67,0.004000000002633897
22,12,Sn_keV,4710.245000000024,4710.27,0.02499999997598934
22,12,Sp_keV,22745.70199999999,22745.73,0.02800000000934233
22,12,S2n_keV,6990.380000000005,6990.39,0.009999999995670805
22,12,Qalpha_keV,-17381.670000000013,-17381.69,0.019999999985884642
21,13,Sn_keV,2574.2240000000456,2574.23,0.005999999954383384
21,13,Sp_keV,15251.53700000004,15251.56,0.02299999995921098
21,13,S2n_keV,8043.5440000000235,8043.56,0.015999999976884283
21,13,S2p_keV,36218.360000000015,36218.38,0.019999999982246663
21,13,Qalpha_keV,-13899.852000000014,-13899.87,0.017999999987296178
20,14,Sn_keV,7513.847000000009,7513.84,0.007000000008702045
20,14,Sp_keV,18748.466000000015,18748.44,0.026000000016210834
20,14,S2n_keV,12021.81799999997,12021.8,0.017999999970925273
20,14,S2p_keV,33705.91399999999,33705.89,0.02399999999033753
20,14,Qalpha_keV,-13497.953999999969,-13497.95,0.003999999968073098
19,15,Sn_keV,6282.691999999981,6282.67,0.021999999980835128
19,15,Sp_keV,11323.342999999993,11323.34,0.002999999993335223
19,15,S2n_keV,16386.449999999953,16386.46,0.010000000045693014
19,15,S2p_keV,28027.281999999977,28027.27,0.01199999997697887
19,15,Qalpha_keV,-11108.789999999979,-11108.77,0.019999999978608685
18,16,Sn_keV,11417.141999999993,11417.15,0.008000000007086783
18,16,Sp_keV,10883.333999999973,10883.31,0.023999999973966624
18,16,S2n_keV,20058.803999999946,20058.79,0.013999999944644514
18,16,S2p_keV,20431.955999999947,20431.94,0.015999999948689947
18,16,Qalpha_keV,-7923.651999999944,-7923.64,0.011999999943327566
17,17,Sn_keV,11508.065000000002,11508.06,0.0050000000028376235
17,17,Sp_keV,5143.190000000002,5143.2,0.009999999997489795
17,17,S2n_keV,27248.051999999967,27248.04,0.011999999966064934
17,17,S2p_keV,14713.139999999956,14713.15,0.010000000043874024
17,17,Qalpha_keV,-6664.140000000014,-6664.14,1.3642420526593924e-11
16,18,Sn_keV,17065.333000000013,17065.31,0.023000000011961674
16,18,Sp_keV,4663.933000000019,4663.92,0.013000000019019353
16,18,S2n_keV,32320.592000000004,32320.57,0.02200000000448199
16,18,S2p_keV,6940.719999999972,6940.7,0.01999999997224222
16,18,Qalpha_keV,-6743.978000000003,-6743.95,0.028000000002975867
23,12,Sn_keV,754.8949999999895,754.88,0.014999999989527169
23,12,Sp_keV,23329.29699999999,23329.3,0.003000000007887138
23,12,S2n_keV,5465.140000000014,5465.15,0.009999999985666364
23,12,Qalpha_keV,-17966.704999999987,-17966.72,0.015000000013969839
22,13,Sn_keV,5294.787999999942,5294.76,0.02799999994203972
22,13,Sp_keV,15836.079999999958,15836.05,0.02999999995881808
22,13,S2n_keV,7869.011999999988,7868.98,0.031999999988329364
22,13,S2p_keV,38581.78199999995,38581.78,0.0019999999494757503
22,13,Qalpha_keV,-14894.69299999997,-14894.68,0.01299999996990664
21,14,Sn_keV,2505.911000000022,2505.92,0.008999999978186679
21,14,Sp_keV,18680.15299999999,18680.14,0.012999999991734512
21,14,S2n_keV,10019.75800000003,10019.77,0.011999999969702912
21,14,S2p_keV,33931.69000000003,33931.7,0.00999999996565748
21,14,Qalpha_keV,-13694.217000000004,-13694.22,0.0029999999951542122
20,15,Sn_keV,8380.424999999988,8380.42,0.004999999988285708
20,15,Sp_keV,12189.920999999973,12189.92,0.0009999999729188858
20,15,S2n_keV,14663.11699999997,14663.09,0.026999999969120836
20,15,S2p_keV,30938.386999999988,30938.36,0.02699999998731073
20,15,Qalpha_keV,-12332.027999999991,-12332.01,0.017999999990934157
19,16,Sn_keV,6985.818000000028,6985.84,0.02199999997174018
19,16,Sp_keV,11586.460000000021,11586.48,0.019999999978608685
19,16,S2n_keV,18402.96000000002,18402.99,0.029999999980645953
19,16,S2p_keV,22909.803000000014,22909.82,0.016999999985273462
19,16,Qalpha_keV,-8322.069000000076,-8322.09,0.02099999992424273
18,17,Sn_keV,12644.75,12644.76,0.010000000000218279
18,17,Sp_keV,6370.79800000001,6370.81,0.01199999999062129
18,17,S2n_keV,24152.815000000002,24152.83,0.014999999999417923
18,17,S2p_keV,17254.131999999983,17254.12,0.011999999984254828
18,17,Qalpha_keV,-6997.89300000004,-6997.9,0.006999999959589331
17,18,Sn_keV,12740.286999999953,12740.31,0.023000000046522473
17,18,Sp_keV,5896.15499999997,5896.17,0.015000000030340743
17,18,S2n_keV,29805.619999999966,29805.63,0.010000000034779077
17,18,S2p_keV,11039.344999999972,11039.37,0.025000000028740033
17,18,Qalpha_keV,-6429.674999999988,-6429.68,0.0050000000119325705
16,19,Sp_keV,83.55200000002515,83.57,0.01799999997484747
16,19,S2p_keV,4747.485000000044,4747.49,0.004999999955543899
16,19,Qalpha_keV,-6563.261000000057,-6563.26,0.0010000000565923983
24,12,Sn_keV,3330.9290000000037,3330.94,0.01099999999632928
24,12,S2n_keV,4085.8239999999932,4085.82,0.003999999993084202
23,13,Sn_keV,1897.2000000000698,1897.21,0.009999999930187187
23,13,Sp_keV,16978.38500000004,16978.37,0.01500000003943569
23,13,S2n_keV,7191.988000000012,7191.96,0.028000000012070814
23,13,S2p_keV,40307.68200000003,40307.67,0.012000000031548552
23,13,Qalpha_keV,-15114.688000000024,-15114.68,0.008000000023457687
22,14,Sn_keV,6115.978999999992,6115.98,0.0010000000074796844
22,14,Sp_keV,19501.34400000004,19501.37,0.025999999958003173
22,14,S2n_keV,8621.890000000014,8621.91,0.019999999985884642
22,14,S2p_keV,35337.424,35337.41,0.013999999995576218
22,14,Qalpha_keV,-14032.14400000003,-14032.14,0.004000000029918738
21,15,Sn_keV,3464.533000000054,3464.55,0.01699999994616519
21,15,Sp_keV,13148.543000000005,13148.55,0.00699999999415013
21,15,S2n_keV,11844.958000000042,11844.97,0.011999999956969987
21,15,S2p_keV,31828.695999999996,31828.69,0.005999999997584382
21,15,Qalpha_keV,-11576.580000000016,-11576.58,1.6370904631912708e-11
20,16,Sn_keV,9889.253999999957,9889.24,0.01399999995737744
20,16,Sp_keV,13095.28899999999,13095.3,0.011000000009516953
20,16,S2n_keV,16875.071999999986,16875.08,0.00800000001618173
20,16,S2p_keV,25285.209999999963,25285.22,0.010000000038417056
20,16,Qalpha_keV,-9011.367999999959,-9011.36,0.007999999957974069
19,17,Sn_keV,8579.786000000022,8579.79,0.003999999978987034
19,17,Sp_keV,7964.766000000003,7964.77,0.0039999999971769284
19,17,S2n_keV,21224.536000000022,21224.56,0.023999999979423592
19,17,S2p_keV,19551.226000000024,19551.25,0.023999999975785613
19,17,Qalpha_keV,-7642.016000000003,-7642.05,0.03399999999692227
18,18,Sn_keV,15255.589000000036,15255.57,0.01900000003661262
18,18,Sp_keV,8506.994000000006,8506.98,0.014000000006490154
18,18,S2n_keV,27995.87599999999,27995.88,0.004000000011728844
18,18,S2p_keV,14877.792000000016,14877.8,0.00799999998343992
18,18,Qalpha_keV,-6640.935999999987,-6640.92,0.015999999986888724
17,19,Sn_keV,14315.483999999997,14315.49,0.00600000000304135
17,19,Sp_keV,1658.749000000069,1658.75,0.0009999999310821295
17,19,S2p_keV,7554.904000000039,7554.92,0.015999999961422873
17,19,Qalpha_keV,-6507.296000000031,-6507.31,0.013999999969200871
16,20,Sp_keV,2567.243999999948,2567.23,0.013999999947827746
16,20,S2p_keV,2650.795999999973,2650.8,0.004000000027190254
16,20,Qalpha_keV,-6675.728000000003,-6675.71,0.018000000002757588
25,12,Sn_keV,240.0229999999865,240.0,0.022999999986495823
25,12,S2n_keV,3570.95199999999,3570.94,0.011999999990166543
24,13,Sn_keV,4212.1149999999325,4212.14,0.025000000067848305
24,13,Sp_keV,17859.570999999967,17859.56,0.010999999965861207
24,13,S2n_keV,6109.315000000002,6109.34,0.024999999997817213
24,13,Qalpha_keV,-16395.436999999976,-16395.46,0.02300000002287561
23,14,Sn_keV,2206.7270000000135,2206.7,0.027000000013686076
23,14,Sp_keV,19810.870999999985,19810.87,0.0009999999856518116
23,14,S2n_keV,8322.706000000006,8322.69,0.01600000000507862
23,14,S2p_keV,36789.25600000002,36789.24,0.016000000025087502
23,14,Qalpha_keV,-13958.736000000034,-13958.72,0.01600000003418245
22,15,Sn_keV,6816.287000000011,6816.28,0.007000000011430529
22,15,Sp_keV,13848.851000000024,13848.84,0.011000000024068868
22,15,S2n_keV,10280.820000000065,10280.83,0.00999999993473466
22,15,S2p_keV,33350.195000000065,33350.21,0.014999999933934305
22,15,Qalpha_keV,-12923.547000000079,-12923.53,0.01700000007804192
21,16,Sn_keV,4303.591000000015,4303.6,0.008999999985462637
21,16,Sp_keV,13934.34699999995,13934.35,0.0030000000497238943
21,16,S2n_keV,14192.844999999972,14192.84,0.004999999971914804
21,16,S2p_keV,27082.889999999956,27082.9,0.010000000045693014
21,16,Qalpha_keV,-8806.988000000012,-8807.01,0.021999999988111085
20,17,Sn_keV,10310.881000000052,10310.85,0.031000000051790266
20,17,Sp_keV,8386.393000000098,8386.38,0.013000000099054887
20,17,S2n_keV,18890.667000000074,18890.64,0.02700000007462222
20,17,S2p_keV,21481.682000000088,21481.68,0.002000000087718945
20,17,Qalpha_keV,-7849.139000000083,-7849.11,0.029000000083215127
19,18,Sn_keV,8787.418999999994,8787.44,0.021000000006097252
19,18,Sp_keV,8714.626999999979,8714.63,0.003000000020620064
19,18,S2n_keV,24043.00800000003,24043.01,0.0019999999676656444
19,18,S2p_keV,16679.392999999982,16679.4,0.007000000019615982
19,18,Qalpha_keV,-6786.693000000028,-6786.73,0.036999999971158104
18,19,Sn_keV,15454.454999999958,15454.45,0.004999999957362888
18,19,Sp_keV,1857.6149999999907,1857.63,0.015000000009422365
18,19,S2n_keV,29769.938999999955,29769.94,0.0010000000438594725
18,19,S2p_keV,10364.608999999997,10364.61,0.0010000000038417056
18,19,Qalpha_keV,-6221.764000000025,-6221.78,0.015999999975065293
17,20,Sn_keV,14756.228000000061,14756.23,0.001999999938561814
17,20,Sp_keV,3007.988000000012,3007.97,0.018000000012307282
17,20,S2p_keV,4666.737000000081,4666.72,0.017000000080770405
17,20,Qalpha_keV,-6176.697000000044,-6176.69,0.007000000044172339
25,13,Sn_keV,1671.0310000000172,1671.02,0.011000000017247658
25,13,Sp_keV,19290.578999999998,19290.59,0.011000000002240995
25,13,S2n_keV,5883.14599999995,5883.16,0.0140000000501459
25,13,Qalpha_keV,-17895.168000000005,-17895.17,0.001999999993131496
24,14,Sn_keV,5670.090999999957,5670.1,0.009000000043670298
24,14,Sp_keV,21268.84700000001,21268.83,0.017000000007101335
24,14,S2n_keV,7876.81799999997,7876.81,0.0079999999697975
24,14,S2p_keV,39128.417999999976,39128.4,0.017999999974563252
24,14,Qalpha_keV,-14918.581999999995,-14918.56,0.021999999995387043
23,15,Sn_keV,3696.8769999999786,3696.88,0.0030000000215295586
23,15,Sp_keV,15339.00099999999,15339.02,0.019000000011146767
23,15,S2n_keV,10513.16399999999,10513.16,0.003999999989900971
23,15,S2p_keV,35149.871999999974,35149.89,0.018000000025494955
23,15,Qalpha_keV,-14046.200000000012,-14046.19,0.010000000011132215
22,16,Sn_keV,8036.120999999985,8036.1,0.02099999998426938
22,16,Sp_keV,15154.180999999924,15154.18,0.0009999999238061719
22,16,S2n_keV,12339.712,12339.71,0.0020000000004074536
22,16,S2p_keV,29003.03199999995,29003.02,0.01199999994787504
22,16,Qalpha_keV,-9329.261999999988,-9329.27,0.008000000012543751
21,17,Sn_keV,6107.880999999936,6107.88,0.000999999935629603
21,17,Sp_keV,10190.68300000002,10190.66,0.023000000019237632
21,17,S2n_keV,16418.761999999988,16418.73,0.031999999988329364
21,17,S2p_keV,24125.02999999997,24125.01,0.019999999971332727
21,17,Qalpha_keV,-7674.328000000038,-7674.32,0.008000000038009603
20,18,Sn_keV,11838.497000000032,11838.47,0.027000000032785465
20,18,Sp_keV,10242.242999999959,10242.25,0.007000000041443855
20,18,S2n_keV,20625.916000000027,20625.92,0.003999999971711077
20,18,S2p_keV,18628.636000000057,18628.63,0.006000000055792043
20,18,Qalpha_keV,-7208.048000000068,-7208.05,0.001999999932195351
19,19,Sn_keV,12071.865000000049,12071.87,0.00499999995190592
19,19,Sp_keV,5142.061000000045,5142.06,0.0010000000447689672
19,19,S2n_keV,27526.320000000007,27526.32,7.275957614183426e-12
19,19,S2p_keV,13856.688000000024,13856.69,0.0019999999767605914
19,19,Qalpha_keV,-6785.564000000071,-6785.59,0.025999999928899342
18,20,Sn_keV,16993.76199999993,16993.75,0.011999999929685146
18,20,Sp_keV,4547.294999999984,4547.27,0.024999999983265297
18,20,S2n_keV,31749.98999999999,31749.98,0.009999999991123332
18,20,S2p_keV,6404.909999999974,6404.9,0.009999999974752427
18,20,Qalpha_keV,-6105.125999999989,-6105.12,0.00599999998939893
25,14,Sn_keV,1580.6790000000037,1580.67,0.00900000000365253
25,14,Sp_keV,21178.494999999995,21178.48,0.014999999995779945
25,14,S2n_keV,7250.76999999996,7250.77,4.001776687800884e-11
25,14,S2p_keV,40469.07399999999,40469.06,0.013999999995576218
25,14,Qalpha_keV,-15744.36599999998,-15744.35,0.015999999979612767
24,15,Sn_keV,6224.379000000015,6224.39,0.010999999984960596
24,15,Sp_keV,15893.289000000048,15893.31,0.02099999995152757
24,15,S2n_keV,9921.255999999994,9921.27,0.014000000006490154
24,15,S2p_keV,37162.13600000006,37162.14,0.003999999942607246
24,15,Qalpha_keV,-14975.791000000085,-14975.82,0.028999999914958607
23,16,Sn_keV,4372.7750000000815,4372.78,0.004999999918254616
23,16,Sp_keV,15830.079000000027,15830.07,0.009000000027299393
23,16,S2n_keV,12408.896000000066,12408.88,0.016000000066924258
23,16,S2p_keV,31169.080000000016,31169.1,0.019999999982246663
23,16,Qalpha_keV,-11196.126000000047,-11196.13,0.003999999951702193
22,17,Sn_keV,8073.400000000023,8073.42,0.019999999976789695
22,17,Sp_keV,10227.962000000058,10227.97,0.007999999941603164
22,17,S2n_keV,14181.280999999959,14181.3,0.019000000040250598
22,17,S2p_keV,25382.142999999982,25382.15,0.007000000019615982
22,17,Qalpha_keV,-7367.303000000073,-7367.32,0.0169999999270658
21,18,Sn_keV,6598.681999999972,6598.69,0.00800000002800516
21,18,Sp_keV,10733.043999999994,10733.06,0.01600000000507862
21,18,S2n_keV,18437.179000000004,18437.16,0.01900000000387081
21,18,S2p_keV,20923.727000000014,20923.71,0.017000000014377292
21,18,Qalpha_keV,-6820.912000000011,-6820.9,0.012000000011539669
20,19,Sn_keV,13077.77099999995,13077.75,0.02099999994970858
20,19,Sp_keV,6381.334999999963,6381.34,0.005000000037398422
20,19,S2n_keV,25149.636,25149.63,0.005999999997584382
20,19,S2p_keV,16623.57799999992,16623.59,0.012000000078842277
20,19,Qalpha_keV,-7218.585000000021,-7218.58,0.0050000000210275175
19,20,Sn_keV,13295.496000000043,13295.52,0.02399999995759572
19,20,Sp_keV,5770.925999999978,5770.92,0.005999999977575499
19,20,S2n_keV,30289.257999999973,30289.27,0.012000000027910573
19,20,S2p_keV,10912.987000000023,10912.98,0.0070000000232539605
19,20,Qalpha_keV,-6660.335000000079,-6660.33,0.005000000079235178
18,21,Sp_keV,-596.8499999999767,-596.82,0.029999999976666913
18,21,S2p_keV,3950.445000000007,3950.45,0.004999999992833182
18,21,Qalpha_keV,-5424.723999999987,-5424.73,0.006000000012136297
26,14,Sn_keV,4961.978999999992,4961.99,0.011000000007697963
26,14,S2n_keV,6542.657999999996,6542.66,0.0020000000040454324
26,14,Qalpha_keV,-17375.41599999997,-17375.39,0.02599999996891711
25,15,Sn_keV,3411.048999999999,3411.05,0.0010000000011132215
25,15,Sp_keV,17723.659000000043,17723.69,0.030999999955383828
25,15,S2n_keV,9635.428000000014,9635.44,0.011999999986073817
25,15,S2p_keV,38902.15400000004,38902.17,0.015999999959603883
25,15,Qalpha_keV,-16489.640000000014,-16489.67,0.02999999998428393
24,16,Sn_keV,7746.508999999962,7746.5,0.008999999961815774
24,16,Sp_keV,17352.208999999973,17352.18,0.02899999997316627
24,16,S2n_keV,12119.284000000043,12119.28,0.0040000000426516635
24,16,S2p_keV,33245.49800000002,33245.49,0.008000000023457687
24,16,Qalpha_keV,-12826.656000000017,-12826.64,0.016000000017811544
23,17,Sn_keV,5828.921999999962,5828.93,0.008000000038009603
23,17,Sp_keV,11684.108999999939,11684.12,0.011000000062267645
23,17,S2n_keV,13902.321999999986,13902.34,0.01800000001458102
23,17,S2p_keV,27514.187999999966,27514.19,0.002000000033149263
23,17,Qalpha_keV,-9731.69199999998,-9731.69,0.00199999998039857
22,18,Sn_keV,9869.038,9869.02,0.018000000000029104
22,18,Sp_keV,12528.681999999972,12528.66,0.02199999997174018
22,18,S2n_keV,16467.719999999972,16467.71,0.009999999972933438
22,18,S2p_keV,22756.64400000003,22756.63,0.014000000028318027
22,18,Qalpha_keV,-6800.6960000000545,-6800.68,0.016000000054191332
21,19,Sn_keV,7799.625,7799.62,0.005000000000109139
21,19,Sp_keV,7582.277999999991,7582.27,0.007999999990715878
21,19,S2n_keV,20877.39599999995,20877.37,0.025999999950727215
21,19,S2p_keV,18315.321999999986,18315.33,0.00800000001618173
21,19,Qalpha_keV,-6438.423999999999,-6438.4,0.023999999999432475
20,20,Sn_keV,15634.98999999999,15635.0,0.010000000009313226
20,20,Sp_keV,8328.145000000019,8328.16,0.01499999998122803
20,20,S2n_keV,28930.486000000034,28930.52,0.033999999966908945
20,20,S2p_keV,14709.479999999981,14709.5,0.02000000001862645
20,20,Qalpha_keV,-7039.7360000000335,-7039.76,0.023999999966690666
19,21,Sn_keV,14421.976000000024,14421.94,0.03600000002370507
19,21,Sp_keV,529.6300000000047,529.6,0.030000000004633876
19,21,S2p_keV,6300.555999999982,6300.52,0.035999999981868314
19,21,Qalpha_keV,-5531.216000000015,-5531.19,0.02600000001530134
18,22,Sp_keV,1966.6560000000172,1966.65,0.006000000017138518
18,22,S2p_keV,1369.8060000000405,1369.83,0.02399999995941471
18,22,Qalpha_keV,-4824.136000000057,-4824.15,0.013999999942825525
27,14,Sn_keV,1381.3330000000424,1381.33,0.0030000000424479367
27,14,S2n_keV,6343.3120000000345,6343.32,0.007999999965250026
27,14,Qalpha_keV,-18516.726000000024,-18516.72,0.006000000023050234
26,15,Sn_keV,4936.750999999989,4936.71,0.04099999998925341
26,15,Sp_keV,17698.43100000004,17698.42,0.011000000042258762
26,15,S2n_keV,8347.799999999988,8347.77,0.02999999998792191
26,15,Qalpha_keV,-17214.27600000007,-17214.25,0.026000000070780516
25,16,Sn_keV,4242.035000000033,4242.05,0.014999999967585609
25,16,Sp_keV,18183.195000000007,18183.18,0.015000000006693881
25,16,S2n_keV,11988.543999999994,11988.54,0.00399999999353895
25,16,S2p_keV,35906.85400000005,35906.87,0.015999999952327926
25,16,Qalpha_keV,-14861.964000000036,-14861.98,0.015999999963241862
24,17,Sn_keV,7820.719000000041,7820.69,0.02900000004137837
24,17,Sp_keV,11758.319000000018,11758.31,0.009000000018204446
24,17,S2n_keV,13649.641000000003,13649.62,0.021000000002459274
24,17,S2p_keV,29110.52799999999,29110.5,0.027999999991152436
24,17,Qalpha_keV,-10736.12400000001,-10736.11,0.014000000010128133
23,18,Sn_keV,6098.891999999993,6098.93,0.03800000000774162
23,18,Sp_keV,12798.652000000002,12798.66,0.007999999997991836
23,18,S2n_keV,15967.929999999993,15967.95,0.020000000007712515
23,18,S2p_keV,24482.76099999994,24482.78,0.01900000005844049
23,18,Qalpha_keV,-8595.997000000032,-8596.0,0.002999999967869371
22,19,Sn_keV,10095.352000000014,10095.37,0.017999999987296178
22,19,Sp_keV,7808.592000000004,7808.62,0.02799999999569991
22,19,S2n_keV,17894.977000000014,17894.99,0.012999999988096533
22,19,S2p_keV,20337.273999999976,20337.28,0.006000000023050234
22,19,Qalpha_keV,-6222.89499999996,-6222.92,0.02500000003965397
21,20,Sn_keV,8362.826000000001,8362.82,0.006000000001222361
21,20,Sp_keV,8891.34600000002,8891.37,0.02399999998124258
21,20,S2n_keV,23997.81599999999,23997.82,0.004000000008090865
21,20,S2p_keV,16473.62400000001,16473.64,0.015999999988707714
21,20,Qalpha_keV,-6615.14300000004,-6615.14,0.0030000000397194526
20,21,Sn_keV,16190.358000000007,16190.39,0.03199999999196734
20,21,Sp_keV,1084.9980000000214,1085.0,0.001999999978579581
20,21,S2n_keV,30612.33400000003,30612.34,0.005999999968480552
20,21,S2p_keV,9413.14300000004,9413.16,0.01699999995980761
20,21,Qalpha_keV,-6267.119000000064,-6267.13,0.010999999935847882
19,22,Sn_keV,14918.467999999993,14918.47,0.002000000005864422
19,22,Sp_keV,2463.1479999999865,2463.17,0.022000000013576937
19,22,S2p_keV,2992.777999999991,2992.78,0.0020000000090476533
19,22,Qalpha_keV,-4986.375999999989,-4986.39,0.014000000011037628
27,15,Sn_keV,2081.780999999959,2081.81,0.029000000040923624
27,15,Sp_keV,18398.878999999957,18398.9,0.02100000004429603
27,15,S2n_keV,7018.531999999948,7018.52,0.01199999994787504
27,15,Qalpha_keV,-17625.026000000013,-17625.03,0.003999999986262992
26,16,Sn_keV,6700.499000000011,6700.49,0.009000000010928488
26,16,Sp_keV,19946.94300000003,19946.95,0.006999999972322257
26,16,S2n_keV,10942.534000000043,10942.53,0.0040000000426516635
26,16,S2p_keV,37645.37400000007,37645.37,0.004000000066298526
26,16,Qalpha_keV,-15892.37200000009,-15892.36,0.012000000089756213
25,17,Sn_keV,5595.892999999982,5595.9,0.007000000017796992
25,17,Sp_keV,13112.176999999967,13112.16,0.016999999967083568
25,17,S2n_keV,13416.612000000023,13416.59,0.022000000022671884
25,17,S2p_keV,31295.371999999974,31295.34,0.03199999997377745
25,17,Qalpha_keV,-12635.140000000014,-12635.12,0.020000000013169483
24,18,Sn_keV,9426.494000000006,9426.49,0.0040000000062718755
24,18,Sp_keV,14404.426999999967,14404.46,0.033000000032188836
24,18,S2n_keV,15525.385999999999,15525.41,0.024000000001251465
24,18,S2p_keV,26162.745999999985,26162.77,0.02400000001580338
24,18,Qalpha_keV,-9986.370000000054,-9986.39,0.019999999945866875
23,19,Sn_keV,7533.799999999988,7533.8,1.1823431123048067e-11
23,19,Sp_keV,9243.5,9243.49,0.010000000000218279
23,19,S2n_keV,17629.152000000002,17629.17,0.017999999996391125
23,19,S2p_keV,22042.152000000002,22042.15,0.0020000000004074536
23,19,Qalpha_keV,-7648.814000000013,-7648.84,0.025999999987107003
22,20,Sn_keV,11480.700000000012,11480.67,0.030000000011568773
22,20,Sp_keV,10276.694000000018,10276.67,0.02400000001762237
22,20,S2n_keV,19843.526000000013,19843.49,0.036000000010972144
22,20,S2p_keV,18085.286000000022,18085.29,0.003999999978987034
22,20,Qalpha_keV,-6257.34600000002,-6257.34,0.006000000019412255
21,21,Sn_keV,11550.068000000028,11550.06,0.008000000028914656
21,21,Sp_keV,4272.240000000049,4272.23,0.010000000049330993
21,21,S2n_keV,27740.426000000036,27740.45,0.023999999964871677
21,21,S2p_keV,13163.586000000068,13163.6,0.013999999931911589
21,21,Qalpha_keV,-5745.322000000044,-5745.31,0.012000000043371983
20,22,Sn_keV,17478.465999999957,17478.45,0.015999999955965905
20,22,Sp_keV,3751.2559999999357,3751.23,0.025999999935720552
20,22,S2n_keV,32396.93399999995,32396.92,0.013999999951920472
20,22,S2p_keV,4836.253999999957,4836.23,0.02399999995759572
20,22,Qalpha_keV,-5471.080000000016,-5471.09,0.009999999983847374
28,15,Sn_keV,4401.224000000046,4401.23,0.005999999953928636
28,15,S2n_keV,6483.005000000005,6483.04,0.03499999999530701
27,16,Sn_keV,2629.0269999999437,2629.03,0.0030000000565451046
27,16,Sp_keV,20494.189000000013,20494.17,0.019000000014784746
27,16,S2n_keV,9329.525999999954,9329.52,0.005999999953928636
27,16,S2p_keV,38893.06799999997,38893.07,0.002000000029511284
27,16,Qalpha_keV,-16940.72000000003,-16940.73,0.009999999969295459
26,17,Sn_keV,7399.026000000013,7399.06,0.03399999998782732
26,17,Sp_keV,13810.703999999969,13810.73,0.02600000003076275
26,17,S2n_keV,12994.918999999994,12994.95,0.03100000000631553
26,17,S2p_keV,33757.647,33757.68,0.033000000003085006
26,17,Qalpha_keV,-13809.787000000011,-13809.79,0.002999999989697244
25,18,Sn_keV,5658.445000000007,5658.45,0.004999999992833182
25,18,Sp_keV,14466.978999999992,14467.01,0.03100000000813452
25,18,S2n_keV,15084.939000000013,15084.94,0.000999999987470801
25,18,S2p_keV,27579.15599999996,27579.17,0.014000000039231963
25,18,Qalpha_keV,-11272.039999999979,-11272.06,0.02000000002044544
24,19,Sn_keV,9624.707999999984,9624.68,0.027999999983876478
24,19,Sp_keV,9441.713999999978,9441.68,0.03399999997782288
24,19,S2n_keV,17158.507999999973,17158.48,0.02799999997296254
24,19,S2p_keV,23846.140999999945,23846.14,0.0009999999456340447
24,19,Qalpha_keV,-9200.121999999974,-9200.1,0.02199999997355917
23,20,Sn_keV,7932.863000000012,7932.89,0.026999999988220225
23,20,Sp_keV,10675.757000000041,10675.77,0.012999999958992703
23,20,S2n_keV,19413.563000000024,19413.57,0.006999999975960236
23,20,S2p_keV,19919.25700000004,19919.26,0.0029999999569554348
23,20,Qalpha_keV,-7591.52700000006,-7591.55,0.022999999940111593
22,21,Sn_keV,12138.28899999999,12138.27,0.018999999989318894
22,21,Sp_keV,4929.829000000027,4929.83,0.0009999999729188858
22,21,S2n_keV,23688.357000000018,23688.32,0.03700000001845183
22,21,S2p_keV,15206.523000000045,15206.5,0.023000000044703484
22,21,Qalpha_keV,-4805.840000000084,-4805.83,0.010000000083891791
21,22,Sn_keV,12287.702000000048,12287.73,0.02799999995113467
21,22,Sp_keV,4488.889999999956,4488.9,0.010000000043874024
21,22,S2n_keV,29766.168000000005,29766.18,0.011999999995168764
21,22,S2p_keV,8761.130000000005,8761.13,5.4569682106375694e-12
21,22,Qalpha_keV,-4463.286000000022,-4463.3,0.013999999978295818
20,23,Sp_keV,100.64200000005076,100.65,0.007999999949248604
20,23,S2p_keV,3851.8979999999865,3851.88,0.017999999986386683
20,23,Qalpha_keV,-6168.572000000044,-6168.56,0.012000000043371983
28,16,Sn_keV,5080.099000000046,5080.09,0.009000000045489287
28,16,Sp_keV,21173.064000000013,21173.03,0.03400000001420267
28,16,S2n_keV,7709.125999999989,7709.12,0.00599999998939893
28,16,Qalpha_keV,-17058.840000000084,-17058.83,0.010000000082072802
27,17,Sn_keV,4296.369999999995,4296.33,0.03999999999541615
27,17,Sp_keV,15478.04700000002,15478.03,0.01700000001983426
27,17,S2n_keV,11695.396000000008,11695.39,0.0060000000084983185
27,17,S2p_keV,35972.23600000003,35972.2,0.036000000036437996
27,17,Qalpha_keV,-14695.108000000007,-14695.07,0.03800000000774162
26,18,Sn_keV,8734.76900000003,8734.76,0.009000000029118382
26,18,Sp_keV,15802.722000000009,15802.72,0.0020000000095024006
26,18,S2n_keV,14393.214000000036,14393.21,0.004000000037194695
26,18,S2p_keV,29613.425999999978,29613.45,0.024000000023079338
26,18,Qalpha_keV,-12260.300000000047,-12260.32,0.019999999953142833
25,19,Sn_keV,7277.38400000002,7277.42,0.035999999980049324
25,19,Sp_keV,11060.652999999991,11060.65,0.0029999999915162334
25,19,S2n_keV,16902.092000000004,16902.1,0.007999999994353857
25,19,S2p_keV,25527.631999999983,25527.67,0.038000000015017577
25,19,Qalpha_keV,-10648.584000000032,-10648.59,0.005999999968480552
24,20,Sn_keV,11131.190999999933,11131.17,0.020999999933337676
24,20,Sp_keV,12182.23999999999,12182.26,0.020000000009531504
24,20,S2n_keV,19064.053999999946,19064.06,0.006000000055792043
24,20,S2p_keV,21623.95399999997,21623.94,0.013999999970110366
24,20,Qalpha_keV,-8853.679999999993,-8853.7,0.020000000007712515
23,21,Sn_keV,9699.201000000001,9699.2,0.0010000000002037268
23,21,Sp_keV,6696.167000000016,6696.13,0.037000000015723344
23,21,S2n_keV,21837.48999999999,21837.47,0.01999999998952262
23,21,S2p_keV,17371.924000000057,17371.9,0.024000000055821147
23,21,Qalpha_keV,-6705.416000000085,-6705.41,0.0060000000848958734
22,22,Sn_keV,16298.804000000004,16298.8,0.004000000004452886
22,22,Sp_keV,8649.40499999997,8649.44,0.0350000000307773
22,22,S2n_keV,28586.506000000052,28586.53,0.023999999946681783
22,22,S2p_keV,13579.233999999997,13579.27,0.036000000003696186
22,22,Qalpha_keV,-5127.100000000035,-5127.1,3.456079866737127e-11
21,23,Sn_keV,14271.35599999997,14271.34,0.01599999997051782
21,23,Sp_keV,2084.295999999973,2084.27,0.025999999973009835
21,23,S2p_keV,6573.185999999929,6573.17,0.015999999928681063
21,23,Qalpha_keV,-6017.95199999999,-6017.96,0.008000000009815267
29,16,Sn_keV,2856.6549999999697,2856.67,0.015000000030340743
29,16,S2n_keV,7936.754000000015,7936.76,0.005999999984851456
29,16,Qalpha_keV,-18534.16200000001,-18534.17,0.0079999999870779
28,17,Sn_keV,5949.301999999967,5949.34,0.03800000003320747
28,17,Sp_keV,16347.249999999942,16347.28,0.030000000058862497
28,17,S2n_keV,10245.671999999962,10245.67,0.001999999962208676
28,17,S2p_keV,37520.313999999955,37520.31,0.003999999957159162
28,17,Qalpha_keV,-15707.658999999985,-15707.69,0.031000000015410478
27,18,Sn_keV,5168.879999999946,5168.86,0.01999999994677637
27,18,Sp_keV,16675.23199999996,16675.24,0.008000000041647581
27,18,S2n_keV,13903.648999999976,13903.62,0.028999999974985258
27,18,S2p_keV,32153.27899999998,32153.28,0.0010000000183936208
27,18,Qalpha_keV,-13187.14499999996,-13187.13,0.014999999961219146
26,19,Sn_keV,8905.486000000034,8905.46,0.026000000034400728
26,19,Sp_keV,11231.369999999995,11231.35,0.01999999999497959
26,19,S2n_keV,16182.870000000054,16182.88,0.009999999945648597
26,19,S2p_keV,27034.092000000004,27034.07,0.02200000000448199
26,19,Qalpha_keV,-11733.351000000024,-11733.36,0.00899999997636769
25,20,Sn_keV,7414.82500000007,7414.82,0.005000000070140231
25,20,Sp_keV,12319.68100000004,12319.65,0.03100000004087633
25,20,S2n_keV,18546.016000000003,18545.99,0.02600000000165892
25,20,S2p_keV,23380.33400000003,23380.31,0.024000000030355295
25,20,Qalpha_keV,-10169.61300000007,-10169.58,0.033000000070387614
24,21,Sn_keV,11327.218999999983,11327.23,0.01100000001679291
24,21,Sp_keV,6892.195000000065,6892.19,0.005000000065592758
24,21,S2n_keV,21026.419999999984,21026.43,0.010000000016589183
24,21,S2p_keV,19074.435000000056,19074.45,0.014999999944848241
24,21,Qalpha_keV,-7937.283000000054,-7937.27,0.013000000053580152
23,22,Sn_keV,9532.609999999986,9532.59,0.019999999985884642
23,22,Sp_keV,8482.813999999955,8482.83,0.016000000045096385
23,22,S2n_keV,25831.41399999999,25831.39,0.02399999999033753
23,22,S2p_keV,15178.98099999997,15178.96,0.020999999971536454
23,22,Qalpha_keV,-6296.88400000002,-6296.87,0.014000000020132575
22,23,Sn_keV,15840.93300000002,15840.95,0.016999999981635483
22,23,Sp_keV,1626.4249999999884,1626.42,0.004999999988285708
22,23,S2n_keV,30112.28899999999,30112.29,0.0010000000111176632
22,23,S2p_keV,10275.829999999958,10275.86,0.030000000042491592
22,23,Qalpha_keV,-5668.527000000002,-5668.52,0.007000000001426088
21,24,Sp_keV,2687.3880000000354,2687.39,0.001999999964482413
21,24,S2p_keV,4771.684000000008,4771.66,0.024000000008527422
21,24,Qalpha_keV,-6242.192000000039,-6242.18,0.01200000003882451
29,17,Sn_keV,3668.1699999999837,3668.17,1.6370904631912708e-11
29,17,Sp_keV,17158.764999999956,17158.78,0.015000000043073669
29,17,S2n_keV,9617.47199999995,9617.51,0.038000000049578375
29,17,Qalpha_keV,-17294.04800000001,-17294.05,0.001999999989493517
28,18,Sn_keV,8073.434000000008,8073.45,0.015999999991436198
28,18,Sp_keV,18799.364,18799.35,0.014000000002852175
28,18,S2n_keV,13242.313999999955,13242.31,0.003999999955340172
28,18,S2p_keV,35146.61399999994,35146.63,0.016000000054191332
28,18,Qalpha_keV,-14560.079999999958,-14560.1,0.020000000042273314
27,19,Sn_keV,6869.601999999955,6869.6,0.0019999999549327185
27,19,Sp_keV,12932.092000000004,12932.1,0.007999999996172846
27,19,S2n_keV,15775.087999999989,15775.07,0.017999999989115167
27,19,S2p_keV,29607.323999999964,29607.34,0.01600000003600144
27,19,Qalpha_keV,-13007.059999999998,-13007.07,0.010000000002037268
26,20,Sn_keV,10398.508999999962,10398.5,0.008999999961815774
26,20,Sp_keV,13812.703999999969,13812.69,0.013999999968291377
26,20,S2n_keV,17813.33400000003,17813.32,0.014000000031956006
26,20,S2p_keV,25044.073999999964,25044.05,0.023999999964871677
26,20,Qalpha_keV,-11141.628000000026,-11141.6,0.028000000025713234
25,21,Sn_keV,8760.657000000007,8760.64,0.017000000007101335
25,21,Sp_keV,8238.027000000002,8238.02,0.007000000001426088
25,21,S2n_keV,20087.87599999999,20087.87,0.0059999999903084245
25,21,S2p_keV,20557.708000000042,20557.67,0.03800000004412141
25,21,Qalpha_keV,-9164.140000000072,-9164.11,0.030000000071595423
24,22,Sn_keV,13189.255999999994,13189.28,0.024000000006708433
24,22,Sp_keV,10344.850999999966,10344.87,0.01900000003479363
24,22,S2n_keV,22721.86599999998,22721.86,0.005999999979394488
24,22,S2p_keV,17237.04600000003,17237.07,0.023999999968509655
24,22,Qalpha_keV,-8005.440000000002,-8005.47,0.029999999997926352
23,23,Sn_keV,13260.674999999988,13260.65,0.024999999988722266
23,23,Sp_keV,5354.489999999991,5354.48,0.009999999991123332
23,23,S2n_keV,29101.608000000007,29101.61,0.001999999993131496
23,23,S2p_keV,13837.303999999946,13837.31,0.006000000053973054
23,23,Qalpha_keV,-7379.133999999962,-7379.11,0.023999999962143193
22,24,Sn_keV,18028.097999999998,18028.08,0.017999999996391125
22,24,Sp_keV,4874.553000000014,4874.52,0.03300000001399894
22,24,S2p_keV,6500.978000000003,6500.94,0.038000000003194145
22,24,Qalpha_keV,-6791.824000000081,-6791.81,0.014000000080159225
29,18,Sn_keV,3664.7140000000363,3664.73,0.01599999996369661
29,18,Sp_keV,18795.908000000054,18795.91,0.0019999999458377715
29,18,S2n_keV,11738.148000000045,11738.18,0.031999999955587555
29,18,S2p_keV,35954.67300000001,35954.69,0.01699999999254942
29,18,Qalpha_keV,-15595.76700000005,-15595.79,0.022999999950116035
28,19,Sn_keV,8369.381000000052,8369.37,0.011000000051353709
28,19,Sp_keV,13228.039000000048,13228.02,0.019000000047526555
28,19,S2n_keV,15238.983000000007,15238.97,0.013000000008105417
28,19,S2p_keV,32027.40300000005,32027.37,0.03300000005037873
28,19,Qalpha_keV,-13977.415000000037,-13977.38,0.03500000003805326
27,20,Sn_keV,7276.369000000006,7276.37,0.000999999993837264
27,20,Sp_keV,14219.47100000002,14219.46,0.011000000020430889
27,20,S2n_keV,17674.877999999968,17674.88,0.002000000033149263
27,20,S2p_keV,27151.563000000024,27151.56,0.0030000000224390533
27,20,Qalpha_keV,-12759.552000000025,-12759.53,0.022000000024490873
26,21,Sn_keV,10646.677999999956,10646.69,0.012000000044281478
26,21,Sp_keV,8486.195999999996,8486.2,0.004000000004452886
26,21,S2n_keV,19407.334999999963,19407.33,0.004999999961000867
26,21,S2p_keV,22298.899999999965,22298.9,3.637978807091713e-11
26,21,Qalpha_keV,-10186.110000000044,-10186.12,0.009999999956562533
25,22,Sn_keV,8880.923000000068,8880.88,0.0430000000687869
25,22,Sp_keV,10465.117000000027,10465.12,0.0029999999733263394
25,22,S2n_keV,22070.179000000062,22070.16,0.01900000006207847
25,22,S2p_keV,18703.14400000003,18703.13,0.014000000028318027
25,22,Qalpha_keV,-8953.500000000058,-8953.46,0.040000000059080776
24,23,Sn_keV,13002.59500000003,13002.58,0.015000000030340743
24,23,Sp_keV,5167.829000000027,5167.79,0.039000000027044734
24,23,S2n_keV,26263.27000000002,26263.24,0.03000000001702574
24,23,S2p_keV,15512.679999999993,15512.66,0.0199999999931606
24,23,Qalpha_keV,-8243.440000000002,-8243.43,0.010000000002037268
23,24,Sn_keV,13162.306999999972,13162.33,0.02300000002833258
23,24,Sp_keV,4776.184999999998,4776.2,0.015000000002146407
23,24,S2n_keV,31190.40499999997,31190.41,0.0050000000301224645
23,24,S2p_keV,10130.674999999988,10130.68,0.0050000000119325705
23,24,Qalpha_keV,-7666.429000000004,-7666.41,0.01900000000387081
22,25,Sp_keV,383.7589999999618,383.78,0.02100000003815694
22,25,S2p_keV,5258.311999999976,5258.3,0.011999999976069375
22,25,Qalpha_keV,-7074.940999999992,-7074.93,0.010999999991327059
30,18,Sn_keV,4986.347999999998,4986.32,0.027999999998428393
30,18,S2n_keV,8651.062000000034,8651.04,0.02200000003358582
30,18,Qalpha_keV,-15502.016000000003,-15502.02,0.0039999999971769284
29,19,Sn_keV,4643.822999999975,4643.82,0.002999999975145329
29,19,Sp_keV,14207.147999999986,14207.11,0.037999999985913746
29,19,S2n_keV,13013.204000000027,13013.19,0.014000000026499038
29,19,S2p_keV,33003.05600000004,33003.02,0.03600000004371395
29,19,Qalpha_keV,-14324.868000000017,-14324.87,0.001999999984036549
28,20,Sn_keV,9951.524999999965,9951.53,0.005000000035579433
28,20,Sp_keV,15801.614999999932,15801.62,0.005000000068321242
28,20,S2n_keV,17227.89399999997,17227.9,0.006000000030326191
28,20,S2p_keV,29029.65399999998,29029.64,0.013999999981024303
28,20,Qalpha_keV,-13976.30799999996,-13976.29,0.017999999960011337
27,21,Sn_keV,8238.562000000034,8238.56,0.0020000000349682523
27,21,Sp_keV,9448.389000000025,9448.39,0.0009999999747378752
27,21,S2n_keV,18885.23999999999,18885.26,0.020000000007712515
27,21,S2p_keV,23667.860000000044,23667.86,4.3655745685100555e-11
27,21,Qalpha_keV,-11147.288000000059,-11147.27,0.018000000058236765
26,22,Sn_keV,11626.61899999989,11626.66,0.041000000110216206
26,22,Sp_keV,11445.05799999996,11445.08,0.02200000003904279
26,22,S2n_keV,20507.541999999958,20507.54,0.001999999956751708
26,22,S2p_keV,19931.253999999957,19931.29,0.03600000004371395
26,22,Qalpha_keV,-9448.928000000014,-9448.95,0.021999999986292096
25,23,Sn_keV,10542.352999999945,10542.39,0.03700000005483162
25,23,Sp_keV,6829.258999999904,6829.3,0.041000000096573785
25,23,S2n_keV,23544.947999999975,23544.98,0.03200000002470915
25,23,S2p_keV,17294.37599999993,17294.42,0.04400000006717164
25,23,Qalpha_keV,-9086.591999999946,-9086.62,0.028000000054817065
24,24,Sn_keV,16330.747000000032,16330.76,0.01299999996808765
24,24,Sp_keV,8104.3369999999995,8104.37,0.03300000000035652
24,24,S2n_keV,29493.054000000004,29493.09,0.03599999999642023
24,24,S2p_keV,13272.166000000027,13272.16,0.0060000000266882125
24,24,Qalpha_keV,-7698.372000000032,-7698.37,0.002000000032239768
23,25,Sn_keV,14801.263000000035,14801.28,0.01699999996526458
23,25,Sp_keV,2022.7150000000256,2022.73,0.014999999974406819
23,25,S2p_keV,6798.900000000023,6798.93,0.029999999977007974
23,25,Qalpha_keV,-7604.848000000056,-7604.87,0.021999999943545845
30,19,Sn_keV,5398.289999999979,5398.33,0.040000000020882
30,19,Sp_keV,14619.089999999967,14619.12,0.030000000033396645
30,19,S2n_keV,10042.112999999954,10042.15,0.03700000004573667
30,19,Qalpha_keV,-13773.856000000029,-13773.86,0.003999999971711077
29,20,Sn_keV,5146.428000000014,5146.45,0.0219999999853826
29,20,Sp_keV,16304.219999999972,16304.26,0.040000000028157956
29,20,S2n_keV,15097.95299999998,15097.98,0.02700000002005254
29,20,S2p_keV,30511.36799999996,30511.37,0.0020000000404252205
29,20,Qalpha_keV,-13953.856000000029,-13953.88,0.023999999970328645
28,21,Sn_keV,10128.751999999979,10128.74,0.01199999997879786
28,21,Sp_keV,9625.616000000038,9625.61,0.006000000037602149
28,21,S2n_keV,18367.314000000013,18367.3,0.014000000013766112
28,21,S2p_keV,25427.23099999997,25427.23,0.0009999999710998964
28,21,Qalpha_keV,-12370.554000000004,-12370.54,0.014000000002852175
27,22,Sn_keV,8142.405000000028,8142.4,0.005000000028303475
27,22,Sp_keV,11348.900999999954,11348.92,0.019000000045707566
27,22,S2n_keV,19769.023999999918,19769.06,0.03600000008373172
27,22,S2p_keV,20797.28999999998,20797.31,0.02000000002226443
27,22,Qalpha_keV,-10176.507999999973,-10176.53,0.022000000028128852
26,23,Sn_keV,11555.564000000013,11555.55,0.014000000013766112
26,23,Sp_keV,6758.204000000027,6758.19,0.014000000027408532
26,23,S2n_keV,22097.916999999958,22097.95,0.03300000004310277
26,23,S2p_keV,18203.261999999988,18203.28,0.01800000001094304
26,23,Qalpha_keV,-9314.936999999976,-9314.95,0.013000000024476321
25,24,Sn_keV,10582.34699999995,10582.36,0.013000000049942173
25,24,Sp_keV,8144.331000000006,8144.34,0.008999999994557584
25,24,S2n_keV,26913.093999999983,26913.12,0.026000000016210834
25,24,S2p_keV,14973.58999999991,14973.64,0.050000000090221874
25,24,Qalpha_keV,-8748.108999999997,-8748.14,0.031000000002677552
24,25,Sn_keV,16395.641000000003,16395.61,0.031000000002677552
24,25,Sp_keV,2087.6089999999967,2087.58,0.02899999999681313
24,25,S2n_keV,31196.90400000004,31196.89,0.014000000039231963
24,25,S2p_keV,10191.945999999996,10191.96,0.014000000002852175
24,25,Qalpha_keV,-8159.5560000000405,-8159.53,0.02600000004076719
23,26,Sp_keV,2743.3589999999967,2743.36,0.0010000000033869583
23,26,S2p_keV,4766.074000000022,4766.09,0.015999999977793777
23,26,Qalpha_keV,-7660.819000000018,-7660.84,0.02099999998245039
31,19,Sn_keV,4187.674000000057,4187.67,0.004000000057203579
31,19,S2n_keV,9585.964000000036,9586.01,0.0459999999638967
31,19,Qalpha_keV,-14293.360000000102,-14293.37,0.009999999898354872
30,20,Sn_keV,6360.794000000053,6360.78,0.014000000052874384
30,20,Sp_keV,17266.724000000046,17266.7,0.02400000004490721
30,20,S2n_keV,11507.222000000067,11507.23,0.007999999932508217
30,20,S2p_keV,31885.814000000013,31885.83,0.015999999988707714
30,20,Qalpha_keV,-12241.216000000073,-12241.21,0.006000000073981937
29,21,Sn_keV,6057.406000000017,6057.43,0.02399999998306157
29,21,Sp_keV,10536.594000000041,10536.59,0.004000000040832674
29,21,S2n_keV,16186.157999999996,16186.17,0.012000000004263711
29,21,S2p_keV,26840.814000000013,26840.85,0.03599999998550629
29,21,Qalpha_keV,-11558.358000000066,-11558.37,0.011999999935142114
28,22,Sn_keV,10939.207000000053,10939.19,0.01700000005257607
28,22,Sp_keV,12159.356000000029,12159.37,0.013999999971929356
28,22,S2n_keV,19081.61200000008,19081.59,0.022000000080879545
28,22,S2p_keV,21784.972000000067,21784.97,0.002000000065891072
28,22,Qalpha_keV,-10717.206000000064,-10717.21,0.003999999935331289
27,23,Sn_keV,9333.407999999996,9333.4,0.007999999996172846
27,23,Sp_keV,7949.206999999995,7949.2,0.006999999995059625
27,23,S2n_keV,20888.97200000001,20888.95,0.02200000000811997
27,23,S2p_keV,19298.10799999995,19298.11,0.002000000051339157
27,23,Qalpha_keV,-9887.687999999966,-9887.71,0.02200000003358582
26,24,Sn_keV,13000.341000000015,13000.33,0.01100000001497392
26,24,Sp_keV,9589.108000000007,9589.11,0.001999999993131496
26,24,S2n_keV,23582.687999999966,23582.69,0.002000000033149263
26,24,S2p_keV,16347.312000000034,16347.3,0.012000000035186531
26,24,Qalpha_keV,-8559.194000000018,-8559.19,0.004000000017185812
25,25,Sn_keV,13078.27899999998,13078.28,0.0010000000202126103
25,25,Sp_keV,4583.5410000000265,4583.51,0.031000000026324415
25,25,S2n_keV,29473.919999999984,29473.89,0.02999999998428393
25,25,S2p_keV,12727.872000000032,12727.84,0.03200000003198511
25,25,Qalpha_keV,-7977.160000000033,-7977.16,3.2741809263825417e-11
24,26,Sn_keV,17797.060999999987,17797.05,0.01099999998768908
24,26,Sp_keV,4144.77899999998,4144.79,0.011000000019521394
24,26,S2p_keV,6232.387999999977,6232.38,0.007999999977073458
24,26,Qalpha_keV,-7429.7820000000065,-7429.81,0.02799999999388092
32,19,Sn_keV,4859.698999999964,4859.67,0.02899999996407132
32,19,S2n_keV,9047.373000000021,9047.34,0.0330000000212749
31,20,Sn_keV,4814.4130000000005,4814.4,0.01300000000082946
31,20,Sp_keV,17893.46299999999,17893.43,0.03299999998853309
31,20,S2n_keV,11175.207000000053,11175.17,0.03700000005301263
31,20,Qalpha_keV,-13390.915000000037,-13390.88,0.03500000003805326
30,21,Sn_keV,6752.646000000008,6752.62,0.02600000000802538
30,21,Sp_keV,10928.445999999996,10928.43,0.01599999999598367
30,21,S2n_keV,12810.052000000025,12810.05,0.0020000000258733053
30,21,S2p_keV,28195.170000000042,28195.14,0.030000000042491592
30,21,Qalpha_keV,-9941.623000000021,-9941.62,0.003000000020620064
29,22,Sn_keV,6372.487999999954,6372.49,0.0020000000458821887
29,22,Sp_keV,12474.437999999966,12474.43,0.007999999965250026
29,22,S2n_keV,17311.695000000007,17311.68,0.015000000006693881
29,22,S2p_keV,23011.032000000007,23011.01,0.02200000000811997
29,22,Qalpha_keV,-9813.325000000012,-9813.33,0.004999999988285708
28,23,Sn_keV,11051.149000000034,11051.15,0.0009999999656429281
28,23,Sp_keV,8061.148999999976,8061.15,0.001000000023850589
28,23,S2n_keV,20384.55700000003,20384.55,0.007000000030529918
28,23,S2p_keV,20220.505000000005,20220.52,0.014999999995779945
28,23,Qalpha_keV,-10292.159000000043,-10292.16,0.0009999999565479811
27,24,Sn_keV,9260.65499999997,9260.64,0.014999999970314093
27,24,Sp_keV,9516.354999999981,9516.35,0.004999999981009751
27,24,S2n_keV,22260.995999999985,22260.97,0.025999999983469024
27,24,S2p_keV,17465.561999999976,17465.55,0.01199999997697887
27,24,Qalpha_keV,-8938.92599999992,-8938.95,0.024000000081287
26,25,Sn_keV,13687.572000000044,13687.6,0.027999999956591637
26,25,Sp_keV,5270.772000000055,5270.78,0.007999999944331648
26,25,S2n_keV,26765.851000000024,26765.88,0.028999999976804247
26,25,S2p_keV,14859.880000000063,14859.89,0.00999999993655365
26,25,Qalpha_keV,-8662.137000000046,-8662.17,0.03299999995397229
25,26,Sn_keV,13797.408999999985,13797.42,0.01100000001497392
25,26,Sp_keV,4863.908999999985,4863.93,0.0210000000151922
25,26,S2n_keV,31594.469999999972,31594.46,0.009999999972933438
25,26,S2p_keV,9447.450000000012,9447.44,0.010000000011132215
25,26,Qalpha_keV,-8064.88400000002,-8064.89,0.005999999980303983
24,27,Sp_keV,154.65400000003865,154.66,0.0059999999613467025
24,27,S2p_keV,4299.433000000019,4299.45,0.01699999998072599
24,27,Qalpha_keV,-7200.677000000083,-7200.69,0.012999999916246452
33,19,Sn_keV,2692.7090000000317,2692.75,0.04099999996833503
33,19,S2n_keV,7552.407999999996,7552.41,0.0020000000040454324
32,20,Sn_keV,6005.2489999999525,6005.28,0.031000000047242793
32,20,Sp_keV,19039.012999999977,19039.04,0.027000000023690518
32,20,S2n_keV,10819.661999999953,10819.68,0.01800000004732283
32,20,Qalpha_keV,-14409.815999999992,-14409.84,0.024000000008527422
31,21,Sn_keV,5285.90399999998,5285.91,0.006000000019412255
31,21,Sp_keV,11399.936999999976,11399.95,0.013000000024476321
31,21,S2n_keV,12038.549999999988,12038.53,0.01999999998770363
31,21,S2p_keV,29293.399999999965,29293.37,0.029999999966094038
31,21,Qalpha_keV,-10583.704000000027,-10583.72,0.01599999997233681
30,22,Sn_keV,7808.295999999973,7808.3,0.004000000027190254
30,22,Sp_keV,13530.08799999993,13530.11,0.02200000006996561
30,22,S2n_keV,14180.783999999927,14180.79,0.006000000073981937
30,22,S2p_keV,24458.533999999927,24458.54,0.006000000073981937
30,22,Qalpha_keV,-7670.09600000002,-7670.11,0.013999999980114808
29,23,Sn_keV,7311.215000000026,7311.24,0.02499999997417035
29,23,Sp_keV,8999.876000000047,8999.9,0.02399999995213875
29,23,S2n_keV,18362.36400000006,18362.39,0.02599999993981328
29,23,S2p_keV,21474.314000000013,21474.33,0.015999999988707714
29,23,Qalpha_keV,-9364.812000000034,-9364.84,0.027999999965686584
28,24,Sn_keV,12039.17300000001,12039.16,0.013000000009924406
28,24,Sp_keV,10504.378999999957,10504.37,0.008999999956358806
28,24,S2n_keV,21299.82799999998,21299.8,0.0279999999802385
28,24,S2p_keV,18565.527999999933,18565.52,0.007999999932508217
28,24,Qalpha_keV,-9351.48000000004,-9351.45,0.030000000038853614
27,25,Sn_keV,10534.735999999975,10534.72,0.015999999975974788
27,25,Sp_keV,6544.853000000061,6544.86,0.006999999938670953
27,25,S2n_keV,24222.30800000002,24222.32,0.011999999980616849
27,25,S2p_keV,16061.208000000042,16061.21,0.001999999956751708
27,25,Qalpha_keV,-8654.520000000077,-8654.51,0.010000000076615834
26,26,Sn_keV,16199.139000000025,16199.13,0.009000000025480404
26,26,Sp_keV,7375.475999999966,7375.46,0.015999999965970346
26,26,S2n_keV,29996.54800000001,29996.54,0.008000000008905772
26,26,S2p_keV,12646.248000000021,12646.23,0.018000000021856977
26,26,Qalpha_keV,-7933.276000000013,-7933.26,0.016000000012354576
25,27,Sn_keV,15090.118000000017,15090.12,0.001999999984036549
25,27,Sp_keV,1447.3630000000703,1447.37,0.006999999929576006
25,27,S2p_keV,6311.272000000055,6311.3,0.027999999944768206
25,27,Qalpha_keV,-7489.532000000065,-7489.53,0.0020000000649815775
34,19,Sn_keV,3229.435999999987,3229.41,0.025999999987107003
34,19,S2n_keV,5922.145000000019,5922.16,0.01499999998122803
33,20,Sn_keV,3192.768999999971,3192.76,0.008999999970910721
33,20,Sp_keV,19539.072999999917,19539.05,0.022999999917374225
33,20,S2n_keV,9198.017999999924,9198.04,0.022000000077241566
32,21,Sn_keV,6534.813000000024,6534.85,0.03699999997661507
32,21,Sp_keV,11929.501000000047,11929.51,0.008999999952720827
32,21,S2n_keV,11820.717000000004,11820.76,0.04299999999602733
32,21,S2p_keV,30968.514000000025,30968.55,0.035999999974592356
32,21,Qalpha_keV,-11720.227000000072,-11720.23,0.0029999999278516043
31,22,Sn_keV,5432.538000000117,5432.56,0.021999999883519195
31,22,Sp_keV,13676.722000000067,13676.75,0.027999999932944775
31,22,S2n_keV,13240.83400000009,13240.86,0.025999999910709448
31,22,S2p_keV,25076.659000000043,25076.7,0.040999999957421096
31,22,Qalpha_keV,-7956.206000000122,-7956.21,0.0039999998780331225
30,23,Sn_keV,8478.625999999931,8478.61,0.015999999930500053
30,23,Sp_keV,9670.206000000006,9670.21,0.00399999999353895
30,23,S2n_keV,15789.840999999957,15789.85,0.009000000043670298
30,23,S2p_keV,23200.293999999936,23200.32,0.026000000063504558
30,23,Qalpha_keV,-7714.685999999987,-7714.71,0.024000000013074896
29,24,Sn_keV,7939.06600000005,7939.07,0.003999999949883204
29,24,Sp_keV,11132.229999999981,11132.2,0.029999999980645953
29,24,S2n_keV,19978.23900000006,19978.24,0.000999999941996066
29,24,S2p_keV,20132.10600000003,20132.1,0.006000000030326191
29,24,Qalpha_keV,-9148.141000000061,-9148.13,0.011000000062267645
28,25,Sn_keV,12054.166999999958,12054.15,0.01699999995798862
28,25,Sp_keV,6559.847000000009,6559.84,0.007000000008702045
28,25,S2n_keV,22588.902999999933,22588.87,0.03299999993396341
28,25,S2p_keV,17064.225999999966,17064.22,0.005999999964842573
28,25,Qalpha_keV,-9153.123000000021,-9153.1,0.02300000002105662
27,26,Sn_keV,10688.499000000069,10688.48,0.019000000069354428
27,26,Sp_keV,7529.23900000006,7529.22,0.019000000059349986
27,26,S2n_keV,26887.638000000094,26887.61,0.028000000093015842
27,26,S2p_keV,14074.09200000012,14074.08,0.012000000120679033
27,26,Qalpha_keV,-8039.428000000131,-8039.39,0.038000000130523404
26,27,Sn_keV,16369.801999999909,16369.79,0.011999999907857273
26,27,Sp_keV,1618.0259999999544,1618.04,0.014000000045598426
26,27,S2n_keV,31459.919999999925,31459.92,7.275957614183426e-11
26,27,S2p_keV,8993.50199999992,8993.49,0.011999999920590199
26,27,Qalpha_keV,-7463.69299999997,-7463.71,0.017000000029838702
25,28,Sp_keV,2558.8499999999767,2558.84,0.009999999976571416
25,28,S2p_keV,4006.213000000047,4006.21,0.0030000000469954102
25,28,Qalpha_keV,-7305.023000000045,-7305.01,0.013000000044485205
34,20,Sn_keV,3844.2030000000377,3844.2,0.003000000037900463
34,20,Sp_keV,20153.839999999967,20153.83,0.00999999996565748
34,20,S2n_keV,7036.972000000009,7036.95,0.022000000009029463
33,21,Sn_keV,3055.4610000000102,3055.41,0.05100000001039007
33,21,Sp_keV,11792.193000000087,11792.17,0.02300000008654024
33,21,S2n_keV,9590.274000000034,9590.25,0.024000000033993274
33,21,S2p_keV,31331.266000000003,31331.21,0.056000000004132744
33,21,Qalpha_keV,-10588.014000000025,-10587.97,0.044000000025334884
32,22,Sn_keV,6862.267999999924,6862.24,0.027999999923849828
32,22,Sp_keV,14004.176999999967,14004.14,0.036999999967520125
32,22,S2n_keV,12294.80600000004,12294.79,0.016000000039639417
32,22,S2p_keV,25933.678000000014,25933.66,0.01800000001458102
32,22,Qalpha_keV,-8457.679999999993,-8457.67,0.009999999992942321
31,23,Sn_keV,6113.43200000003,6113.43,0.002000000029511284
31,23,Sp_keV,10351.099999999919,10351.08,0.019999999918582034
31,23,S2n_keV,14592.05799999996,14592.04,0.017999999960011337
31,23,S2p_keV,24027.821999999986,24027.83,0.00800000001618173
31,23,Qalpha_keV,-7770.7119999999995,-7770.71,0.001999999999497959
30,24,Sn_keV,9719.076000000001,9719.08,0.003999999998995918
30,24,Sp_keV,12372.680000000051,12372.67,0.010000000051149982
30,24,S2n_keV,17658.14200000005,17658.16,0.0179999999490974
30,24,S2p_keV,22042.886000000057,22042.89,0.003999999942607246
30,24,Qalpha_keV,-7928.010000000009,-7928.02,0.009999999991123332
29,25,Sn_keV,8938.835000000021,8938.83,0.0050000000210275175
29,25,Sp_keV,7559.61599999998,7559.6,0.015999999979612767
29,25,S2n_keV,20993.00199999998,20992.98,0.021999999979016138
29,25,S2p_keV,18691.84599999996,18691.8,0.04599999996207771
29,25,Qalpha_keV,-8758.550000000047,-8758.53,0.020000000045911293
28,26,Sn_keV,13378.2809999999,13378.29,0.009000000100058969
28,26,Sp_keV,8853.353000000003,8853.36,0.006999999997788109
28,26,S2n_keV,24066.77999999997,24066.77,0.009999999969295459
28,26,S2p_keV,15413.200000000012,15413.2,1.0913936421275139e-11
28,26,Qalpha_keV,-8417.368000000017,-8417.34,0.028000000016618287
27,27,Sn_keV,13421.8440000001,13421.84,0.004000000099040335
27,27,Sp_keV,4351.370999999985,4351.39,0.01900000001569424
27,27,S2n_keV,29791.646000000008,29791.64,0.0060000000084983185
27,27,S2p_keV,11880.610000000044,11880.61,4.3655745685100555e-11
27,27,Qalpha_keV,-7807.258000000089,-7807.27,0.011999999911495252
26,28,Sn_keV,17718.805999999924,17718.8,0.005999999924824806
26,28,Sp_keV,3907.853999999992,3907.85,0.003999999992174708
26,28,S2p_keV,5525.879999999946,5525.89,0.010000000053878466
26,28,Qalpha_keV,-7226.767999999982,-7226.77,0.0020000000185973477
34,21,Sn_keV,4339.750999999989,4339.77,0.019000000011146767
34,21,Sp_keV,12287.741000000038,12287.74,0.0010000000384025043
34,21,S2n_keV,7395.2119999999995,7395.18,0.0319999999992433
34,21,S2p_keV,32441.581000000006,32441.57,0.011000000005878974
34,21,Qalpha_keV,-10068.06600000005,-10068.07,0.003999999949883204
33,22,Sn_keV,4117.409999999974,4117.42,0.01000000002568413
33,22,Sp_keV,15066.125999999931,15066.16,0.03400000006877235
33,22,S2n_keV,10979.677999999898,10979.66,0.017999999898165697
33,22,S2p_keV,26858.319000000018,26858.32,0.0009999999820138328
33,22,Qalpha_keV,-7760.676999999967,-7760.7,0.023000000032880052
32,23,Sn_keV,7322.737999999954,7322.73,0.00799999995433609
32,23,Sp_keV,10811.569999999949,10811.58,0.010000000051149982
32,23,S2n_keV,13436.169999999984,13436.16,0.009999999983847374
32,23,S2p_keV,24815.746999999916,24815.72,0.026999999914551154
32,23,Qalpha_keV,-8340.803999999946,-8340.82,0.016000000054191332
31,24,Sn_keV,6246.250000000058,6246.26,0.009999999942010618
31,24,Sp_keV,12505.49800000008,12505.51,0.011999999920590199
31,24,S2n_keV,15965.32600000006,15965.35,0.023999999941224814
31,24,S2p_keV,22856.597999999998,22856.59,0.007999999997991836
31,24,Qalpha_keV,-7801.772000000114,-7801.79,0.017999999886342266
30,25,Sn_keV,10226.100000000035,10226.1,3.456079866737127e-11
30,25,Sp_keV,8066.640000000014,8066.62,0.020000000014078978
30,25,S2n_keV,19164.935000000056,19164.93,0.005000000055588316
30,25,S2p_keV,20439.320000000065,20439.29,0.030000000064319465
30,25,Qalpha_keV,-7933.5010000000475,-7933.49,0.01100000004771573
29,26,Sn_keV,9298.097000000009,9298.12,0.02299999999195279
29,26,Sp_keV,9212.61499999999,9212.64,0.02500000000873115
29,26,S2n_keV,22676.37799999991,22676.4,0.02200000009179348
29,26,S2p_keV,16772.23099999997,16772.24,0.009000000030937372
29,26,Qalpha_keV,-8454.810000000056,-8454.82,0.009999999943829607
28,27,Sn_keV,14091.271999999997,14091.25,0.021999999997206032
28,27,Sp_keV,5064.362000000081,5064.35,0.012000000080661266
28,27,S2n_keV,27513.116000000096,27513.09,0.026000000096246367
28,27,S2p_keV,13917.715000000084,13917.71,0.005000000084692147
28,27,Qalpha_keV,-8210.958000000042,-8210.92,0.03800000004230242
27,28,Sn_keV,14128.872000000032,14128.86,0.012000000031548552
27,28,Sp_keV,4614.881999999925,4614.87,0.011999999925137672
27,28,S2n_keV,31847.677999999956,31847.66,0.017999999956373358
27,28,S2p_keV,8966.25299999991,8966.26,0.0070000000905565685
27,28,Qalpha_keV,-7558.231000000029,-7558.21,0.02100000002883462
26,29,Sp_keV,-353.94799999997485,-353.94,0.007999999974856564
26,29,S2p_keV,3553.9060000000172,3553.91,0.003999999982625013
26,29,Qalpha_keV,-6718.165999999968,-6718.17,0.004000000031737727
35,21,Sn_keV,2764.2429999999003,2764.22,0.022999999900548573
35,21,S2n_keV,7103.99399999989,7103.99,0.003999999889856554
35,21,Qalpha_keV,-10139.599999999919,-10139.55,0.04999999991923687
34,22,Sn_keV,5723.2600000000675,5723.28,0.019999999932224455
34,22,Sp_keV,16449.63500000001,16449.67,0.034999999988940544
34,22,S2n_keV,9840.670000000042,9840.7,0.02999999995881808
34,22,S2p_keV,28737.376000000047,28737.4,0.02399999995395774
34,22,Qalpha_keV,-7478.688000000082,-7478.7,0.011999999917861714
33,23,Sn_keV,5081.636000000115,5081.61,0.026000000115345756
33,23,Sp_keV,11775.79600000009,11775.76,0.03600000008918869
33,23,S2n_keV,12404.374000000069,12404.34,0.03400000006877235
33,23,S2p_keV,26841.92200000002,26841.92,0.0020000000222353265
33,23,Qalpha_keV,-8136.53600000008,-8136.52,0.016000000079657184
32,24,Sn_keV,8246.62799999991,8246.61,0.017999999909079634
32,24,Sp_keV,13429.388000000035,13429.39,0.0019999999640276656
32,24,S2n_keV,14492.877999999968,14492.87,0.007999999967069016
32,24,S2p_keV,24240.957999999984,24240.96,0.002000000014959369
32,24,Qalpha_keV,-8240.10400000005,-8240.1,0.004000000049927621
31,25,Sn_keV,7270.438000000024,7270.44,0.0019999999758510967
31,25,Sp_keV,9090.82799999998,9090.8,0.0279999999802385
31,25,S2n_keV,17496.53800000006,17496.54,0.0019999999421997927
31,25,S2p_keV,21596.32600000006,21596.31,0.01600000005782931
31,25,Qalpha_keV,-7892.724000000046,-7892.68,0.04400000004534377
30,26,Sn_keV,11197.098999999987,11197.1,0.0010000000129366526
30,26,Sp_keV,10183.613999999943,10183.64,0.0260000000562286
30,26,S2n_keV,20495.195999999996,20495.22,0.024000000004889444
30,26,S2p_keV,18250.253999999957,18250.26,0.006000000041240128
30,26,Qalpha_keV,-7612.7360000000335,-7612.76,0.023999999966690666
29,27,Sn_keV,10081.825999999943,10081.84,0.014000000057421857
29,27,Sp_keV,5848.091000000015,5848.07,0.0210000000151922
29,27,S2n_keV,24173.09799999994,24173.08,0.017999999938183464
29,27,S2p_keV,15060.706000000006,15060.71,0.00399999999353895
29,27,Qalpha_keV,-7758.04800000001,-7758.03,0.018000000010033546
28,28,Sn_keV,16643.024000000034,16643.01,0.014000000035593985
28,28,Sp_keV,7166.633999999962,7166.63,0.003999999961706635
28,28,S2n_keV,30771.896000000066,30771.87,0.026000000067142537
28,28,S2p_keV,12230.996000000043,12230.98,0.016000000043277396
28,28,Qalpha_keV,-8002.116000000038,-8002.09,0.026000000038038706
27,29,Sn_keV,15078.932000000088,15078.95,0.017999999912717612
27,29,Sp_keV,596.112000000081,596.15,0.0379999999189522
27,29,S2p_keV,5210.994000000006,5211.02,0.02599999999438296
27,29,Qalpha_keV,-6706.98000000004,-6706.99,0.009999999960200512
36,21,Sn_keV,4214.913000000059,4214.93,0.016999999941617716
36,21,S2n_keV,6979.155999999959,6979.16,0.004000000040832674
36,21,Qalpha_keV,-11125.07699999999,-11125.07,0.006999999990512151
35,22,Sn_keV,2666.929999999993,2666.9,0.02999999999292413
35,22,Sp_keV,16352.322000000102,16352.34,0.017999999898165697
35,22,S2n_keV,8390.19000000006,8390.18,0.010000000060244929
35,22,Qalpha_keV,-6952.849000000104,-6952.84,0.009000000103696948
34,23,Sn_keV,6329.872999999905,6329.89,0.01700000009532232
34,23,Sp_keV,12382.408999999927,12382.37,0.03899999992609082
34,23,S2n_keV,11411.50900000002,11411.5,0.009000000020023435
34,23,S2p_keV,28832.043999999936,28832.04,0.003999999935331289
34,23,Qalpha_keV,-7931.595999999961,-7931.56,0.035999999960949935
33,24,Sn_keV,5311.010000000009,5311.02,0.009999999991123332
33,24,Sp_keV,13658.76199999993,13658.79,0.02800000007118797
33,24,S2n_keV,13557.637999999919,13557.63,0.007999999919775291
33,24,S2p_keV,25434.55800000002,25434.56,0.0019999999822175596
33,24,Qalpha_keV,-8118.575999999943,-8118.56,0.015999999942323484
32,25,Sn_keV,8645.992999999959,8646.03,0.03700000004209869
32,25,Sp_keV,9490.193000000028,9490.22,0.026999999970939825
32,25,S2n_keV,15916.430999999982,15916.47,0.03900000001704029
32,25,S2p_keV,22919.581000000064,22919.61,0.02899999993678648
32,25,Qalpha_keV,-8060.091000000073,-8060.11,0.01899999992656376
31,26,Sn_keV,7646.079000000085,7646.07,0.009000000085507054
31,26,Sp_keV,10559.255000000005,10559.27,0.014999999995779945
31,26,S2n_keV,18843.178000000073,18843.17,0.00800000007438939
31,26,S2p_keV,19650.082999999984,19650.07,0.012999999984458555
31,26,Qalpha_keV,-7319.749000000069,-7319.76,0.010999999931300408
30,27,Sn_keV,11376.457999999984,11376.48,0.022000000015395926
30,27,Sp_keV,6027.450000000012,6027.45,1.1823431123048067e-11
30,27,S2n_keV,21458.283999999927,21458.32,0.036000000072817784
30,27,S2p_keV,16211.063999999955,16211.09,0.026000000045314664
30,27,Qalpha_keV,-7080.339000000036,-7080.36,0.020999999963351
29,28,Sn_keV,10247.55700000003,10247.61,0.052999999970779754
29,28,Sp_keV,7332.365000000049,7332.4,0.03499999995074177
29,28,S2n_keV,26890.581000000064,26890.62,0.03899999993518577
29,28,S2p_keV,13180.456000000064,13180.47,0.013999999935549567
29,28,Qalpha_keV,-7561.173999999999,-7561.22,0.04600000000118598
28,29,Sn_keV,16737.22199999995,16737.17,0.05199999995238613
28,29,Sp_keV,690.3099999999977,690.32,0.010000000002378329
28,29,S2n_keV,31816.15400000004,31816.12,0.03400000003966852
28,29,S2p_keV,7856.9439999999595,7856.94,0.003999999959887646
28,29,Qalpha_keV,-7074.4000000000815,-7074.37,0.030000000081599865
35,23,Sn_keV,4059.5950000000303,4059.62,0.024999999969622877
35,23,Sp_keV,13775.073999999964,13775.09,0.01600000003600144
35,23,S2n_keV,10389.467999999935,10389.51,0.0420000000649452
35,23,S2p_keV,30127.396000000066,30127.43,0.033999999934167136
35,23,Qalpha_keV,-8935.729999999981,-8935.77,0.04000000001906301
34,24,Sn_keV,7538.425999999978,7538.42,0.005999999977575499
34,24,Sp_keV,14867.315000000002,14867.32,0.004999999997380655
34,24,S2n_keV,12849.435999999987,12849.43,0.005999999986670446
34,24,S2p_keV,27249.72399999993,27249.69,0.03399999993052916
34,24,Qalpha_keV,-8794.733999999997,-8794.74,0.00600000000304135
33,25,Sn_keV,6412.652999999991,6412.63,0.022999999991043296
33,25,Sp_keV,10591.83600000001,10591.83,0.006000000010317308
33,25,S2n_keV,15058.64599999995,15058.66,0.0140000000501459
33,25,S2p_keV,24250.59799999994,24250.62,0.022000000059051672
33,25,Qalpha_keV,-8359.312000000034,-8359.3,0.012000000035186531
32,26,Sn_keV,10044.59699999995,10044.59,0.006999999950494384
32,26,Sp_keV,11957.858999999997,11957.83,0.02899999999681313
32,26,S2n_keV,17690.676000000036,17690.66,0.01600000003600144
32,26,S2p_keV,21448.052000000025,21448.05,0.0020000000258733053
32,26,Qalpha_keV,-7645.270000000019,-7645.26,0.010000000018408173
31,27,Sn_keV,8572.927999999956,8572.91,0.017999999956373358
31,27,Sp_keV,6954.298999999883,6954.29,0.008999999882689735
31,27,S2n_keV,19949.38599999994,19949.39,0.004000000059022568
31,27,S2p_keV,17513.553999999887,17513.56,0.006000000113999704
31,27,Qalpha_keV,-6714.431999999972,-6714.45,0.01800000002822344
30,28,Sn_keV,12216.240999999922,12216.23,0.010999999922205461
30,28,Sp_keV,8172.1479999999865,8172.15,0.0020000000131403795
30,28,S2n_keV,22463.79799999995,22463.84,0.04200000004857429
30,28,S2p_keV,14199.597999999998,14199.6,0.002000000002226443
30,28,Qalpha_keV,-6399.13400000002,-6399.16,0.025999999979831045
29,29,Sn_keV,12430.152000000002,12430.16,0.007999999997991836
29,29,Sp_keV,2872.9049999999697,2872.86,0.04499999996960469
29,29,S2n_keV,29167.373999999953,29167.33,0.04399999995075632
29,29,S2p_keV,10205.270000000019,10205.26,0.010000000018408173
29,29,Qalpha_keV,-6082.707999999984,-6082.69,0.017999999984567694
28,30,Sp_keV,2278.81799999997,2278.83,0.012000000029729563
28,30,S2p_keV,2969.127999999968,2969.15,0.02200000003222158
28,30,Qalpha_keV,-5445.36400000006,-5445.35,0.014000000059240847
36,23,Sn_keV,5501.581000000006,5501.58,0.001000000005660695
36,23,S2n_keV,9561.176000000036,9561.2,0.023999999964871677
36,23,S2p_keV,31414.064000000013,31414.08,0.015999999988707714
36,23,Qalpha_keV,-10097.559999999998,-10097.58,0.020000000002255547
35,24,Sn_keV,4165.249000000011,4165.28,0.030999999989035132
35,24,Sp_keV,14972.968999999983,14972.98,0.01100000001679291
35,24,S2n_keV,11703.674999999988,11703.69,0.01500000001215085
35,24,S2p_keV,28748.042999999947,28748.07,0.02700000005279435
35,24,Qalpha_keV,-8842.573000000033,-8842.59,0.016999999967083568
34,25,Sn_keV,7769.045000000042,7769.08,0.034999999958017725
34,25,Sp_keV,10822.455000000075,10822.49,0.034999999925275915
34,25,S2n_keV,14181.698000000033,14181.7,0.0019999999676656444
34,25,S2p_keV,25689.770000000077,25689.81,0.03999999992447556
34,25,Qalpha_keV,-8805.619000000122,-8805.65,0.030999999877167284
33,26,Sn_keV,6580.98900000006,6581.01,0.020999999940613634
33,26,Sp_keV,12126.195000000065,12126.22,0.024999999934152584
33,26,S2n_keV,16625.58600000001,16625.6,0.01399999998830026
33,26,S2p_keV,22718.031000000075,22718.04,0.008999999925435986
33,26,Qalpha_keV,-7980.00900000002,-7980.01,0.0009999999801948434
32,27,Sn_keV,10453.86300000007,10453.87,0.006999999930485501
32,27,Sp_keV,7363.565000000002,7363.57,0.004999999997380655
32,27,S2n_keV,19026.791000000027,19026.78,0.011000000027706847
32,27,S2p_keV,19321.424,19321.4,0.023999999997613486
32,27,Qalpha_keV,-6942.195000000007,-6942.21,0.01499999999305146
31,28,Sn_keV,8999.270000000019,8999.28,0.009999999982028385
31,28,Sp_keV,8598.490000000049,8598.52,0.029999999951542122
31,28,S2n_keV,21215.51099999994,21215.51,0.000999999941996066
31,28,S2p_keV,15552.788999999932,15552.81,0.021000000067942892
31,28,Qalpha_keV,-6100.30700000003,-6100.32,0.01299999996990664
30,29,Sn_keV,12761.91399999999,12761.92,0.006000000010317308
30,29,Sp_keV,3418.5780000000377,3418.55,0.028000000037536665
30,29,S2n_keV,25192.06599999999,25192.08,0.014000000010128133
30,29,S2p_keV,11590.726000000024,11590.7,0.02600000002348679
30,29,Qalpha_keV,-4753.349999999977,-4753.36,0.010000000022955646
29,30,Sn_keV,12988.091000000015,12988.12,0.028999999985899194
29,30,Sp_keV,2836.7569999999832,2836.8,0.043000000016945705
29,30,S2p_keV,5709.661999999953,5709.66,0.001999999953113729
29,30,Qalpha_keV,-4304.583000000042,-4304.62,0.036999999957515683
37,23,Sn_keV,3481.255000000063,3481.26,0.004999999937354005
37,23,S2n_keV,8982.836000000068,8982.84,0.00399999993169331
37,23,Qalpha_keV,-10814.57200000016,-10814.61,0.037999999840394594
36,24,Sn_keV,6655.167000000016,6655.13,0.037000000015723344
36,24,Sp_keV,16126.554999999993,16126.53,0.024999999992360245
36,24,S2n_keV,10820.416000000027,10820.41,0.0060000000266882125
36,24,Qalpha_keV,-9774.479999999981,-9774.44,0.03999999998086423
35,25,Sn_keV,5513.940999999992,5513.93,0.010999999991327059
35,25,Sp_keV,12171.147000000055,12171.15,0.002999999944222509
35,25,S2n_keV,13282.986000000034,13283.01,0.023999999966690666
35,25,S2p_keV,27144.11600000004,27144.13,0.013999999962834409
35,25,Qalpha_keV,-9237.923999999999,-9237.97,0.046000000000276486
34,26,Sn_keV,8819.570999999996,8819.53,0.040999999995619874
34,26,Sp_keV,13176.72100000002,13176.67,0.051000000019485014
34,26,S2n_keV,15400.560000000056,15400.54,0.02000000005500624
34,26,S2p_keV,23999.176000000094,23999.16,0.0160000000942091
34,26,Qalpha_keV,-8552.952000000107,-8552.93,0.022000000106345396
33,27,Sn_keV,7491.89499999996,7491.92,0.02500000003965397
33,27,Sp_keV,8274.470999999903,8274.47,0.0009999999037972884
33,27,S2n_keV,17945.75800000003,17945.79,0.03199999997013947
33,27,S2p_keV,20400.66599999997,20400.69,0.024000000030355295
33,27,Qalpha_keV,-7163.651999999944,-7163.69,0.03800000005594484
32,28,Sn_keV,11387.747999999963,11387.73,0.017999999963649316
32,28,Sp_keV,9532.374999999942,9532.38,0.005000000057407306
32,28,S2n_keV,20387.017999999982,20387.01,0.00799999998343992
32,28,S2p_keV,16895.939999999944,16895.95,0.01000000005660695
32,28,Qalpha_keV,-6290.956000000006,-6290.95,0.006000000005769834
31,29,Sn_keV,10058.120000000054,10058.13,0.009999999945648597
31,29,Sp_keV,4477.428000000073,4477.4,0.02800000007300696
31,29,S2n_keV,22820.034000000043,22820.05,0.015999999955965905
31,29,S2p_keV,13075.918000000122,13075.92,0.0019999998785351636
31,29,Qalpha_keV,-4729.6440000000875,-4729.65,0.00599999991209188
30,30,Sn_keV,15030.156999999948,15030.11,0.04699999994772952
30,30,Sp_keV,5104.999999999942,5104.98,0.019999999942228897
30,30,S2n_keV,28018.247999999963,28018.23,0.017999999963649316
30,30,S2p_keV,8523.57799999998,8523.54,0.03799999997863779
30,30,Qalpha_keV,-2691.7159999999567,-2691.72,0.004000000043106411
38,23,Sn_keV,5335.77899999998,5335.79,0.011000000019521394
38,23,S2n_keV,8817.034000000043,8817.05,0.015999999955965905
38,23,Qalpha_keV,-11935.438000000082,-11935.47,0.03199999991738878
37,24,Sn_keV,3876.9640000000363,3876.97,0.005999999963478331
37,24,Sp_keV,16522.263999999966,16522.24,0.023999999964871677
37,24,S2n_keV,10532.131000000052,10532.1,0.031000000051790266
37,24,Qalpha_keV,-10984.514000000025,-10984.51,0.0040000000244617695
36,25,Sn_keV,6845.535000000033,6845.5,0.03500000003259629
36,25,Sp_keV,12361.515000000072,12361.52,0.004999999928259058
36,25,S2n_keV,12359.476000000024,12359.44,0.03600000002370507
36,25,S2p_keV,28488.070000000065,28488.05,0.020000000065920176
36,25,Qalpha_keV,-9753.586000000127,-9753.59,0.003999999873485649
35,26,Sn_keV,5578.787999999942,5578.79,0.00200000005770562
35,26,Sp_keV,13241.56799999997,13241.53,0.03799999996954284
35,26,S2n_keV,14398.358999999939,14398.32,0.03899999993882375
35,26,S2p_keV,25412.715000000026,25412.68,0.03500000002532033
35,26,Qalpha_keV,-8820.73000000004,-8820.71,0.020000000040454324
34,27,Sn_keV,9319.06799999997,9319.07,0.002000000029511284
34,27,Sp_keV,8773.967999999877,8774.02,0.05200000012337114
34,27,S2n_keV,16810.96299999993,16810.99,0.027000000070984242
34,27,S2p_keV,21950.688999999897,21950.69,0.0010000001020671334
34,27,Qalpha_keV,-7836.726999999955,-7836.73,0.003000000044266926
33,28,Sn_keV,7820.085000000079,7820.1,0.014999999921201379
33,28,Sp_keV,9860.56500000006,9860.57,0.004999999939172994
33,28,S2n_keV,19207.833000000042,19207.83,0.0030000000406289473
33,28,S2p_keV,18135.035999999964,18135.04,0.004000000037194695
33,28,Qalpha_keV,-6464.961999999941,-6464.98,0.018000000058236765
32,29,Sn_keV,11710.23399999988,11710.24,0.006000000119456672
32,29,Sp_keV,4799.91399999999,4799.91,0.003999999989900971
32,29,S2n_keV,21768.353999999934,21768.37,0.01600000006510527
32,29,S2p_keV,14332.288999999932,14332.29,0.0010000000693253241
32,29,Qalpha_keV,-5063.4199999999255,-5063.41,0.009999999925639713
31,30,Sn_keV,10245.848999999987,10245.88,0.0310000000117725
31,30,Sp_keV,5292.728999999876,5292.74,0.011000000124113285
31,30,S2n_keV,25276.005999999936,25275.99,0.01599999993413803
31,30,S2p_keV,9770.156999999948,9770.14,0.016999999948893674
31,30,Qalpha_keV,-2690.0079999999143,-2689.99,0.017999999914536602
30,31,Sp_keV,249.29100000008475,249.29,0.0010000000847583124
30,31,S2p_keV,5354.2910000000265,5354.27,0.021000000026106136
30,31,Qalpha_keV,-2250.6970000000438,-2250.69,0.007000000043717591
38,24,Sn_keV,6491.0139999999665,6491.05,0.03600000003370951
38,24,Sp_keV,17677.498999999953,17677.5,0.0010000000474974513
38,24,S2n_keV,10367.978000000003,10368.02,0.04199999999764259
37,25,Sn_keV,4853.122999999905,4853.15,0.027000000094631105
37,25,Sp_keV,13337.67399999994,13337.7,0.02600000005986658
37,25,S2n_keV,11698.657999999938,11698.65,0.007999999937965185
37,25,S2p_keV,29859.937999999907,29859.94,0.002000000091356924
37,25,Qalpha_keV,-10547.114000000001,-10547.12,0.0059999999994033715
36,26,Sn_keV,8028.83600000001,8028.87,0.03399999998964631
36,26,Sp_keV,14424.868999999948,14424.9,0.031000000051790266
36,26,S2n_keV,13607.623999999953,13607.67,0.04600000004757021
36,26,S2p_keV,26786.38400000002,26786.41,0.025999999979831045
36,26,Qalpha_keV,-9311.140000000014,-9311.16,0.019999999985884642
35,27,Sn_keV,6597.556000000099,6597.53,0.02600000009897485
35,27,Sp_keV,9792.736000000034,9792.76,0.023999999966690666
35,27,S2n_keV,15916.624000000069,15916.61,0.014000000068335794
35,27,S2p_keV,23034.304000000004,23034.29,0.014000000002852175
35,27,Qalpha_keV,-8021.630000000005,-8021.64,0.009999999995670805
34,28,Sn_keV,10595.76099999994,10595.73,0.030999999940831913
34,28,Sp_keV,11137.25800000003,11137.23,0.028000000031170202
34,28,S2n_keV,18415.84600000002,18415.84,0.006000000019412255
34,28,S2p_keV,19911.225999999908,19911.25,0.024000000092200935
34,28,Qalpha_keV,-7016.125999999931,-7016.13,0.00400000006902701
33,29,Sn_keV,8874.668000000063,8874.68,0.011999999936961103
33,29,Sp_keV,5854.496999999974,5854.49,0.006999999974141247
33,29,S2n_keV,20584.901999999944,20584.92,0.018000000054598786
33,29,S2p_keV,15715.062000000034,15715.06,0.0020000000349682523
33,29,Qalpha_keV,-5365.160000000033,-5365.18,0.019999999967694748
32,30,Sn_keV,12890.417000000132,12890.39,0.027000000132829882
32,30,Sp_keV,6472.912000000128,6472.88,0.03200000012748205
32,30,S2n_keV,23136.26600000012,23136.27,0.003999999880761607
32,30,S2p_keV,11272.826000000117,11272.79,0.03600000011647353
32,30,Qalpha_keV,-3364.184000000125,-3364.14,0.044000000124924554
31,31,Sn_keV,12923.512999999977,12923.56,0.047000000022308086
31,31,Sp_keV,2926.9550000000745,2926.97,0.014999999925294105
31,31,S2p_keV,8219.68399999995,8219.71,0.026000000048952643
31,31,Qalpha_keV,-2744.057999999961,-2744.1,0.0420000000390246
39,24,Sn_keV,3183.8859999999986,3183.83,0.055999999998675776
39,24,S2n_keV,9674.899999999965,9674.88,0.01999999996587576
38,25,Sn_keV,6434.425000000047,6434.41,0.015000000046711648
38,25,Sp_keV,13281.085000000021,13281.06,0.025000000021464075
38,25,S2n_keV,11287.547999999952,11287.57,0.022000000048137736
38,25,S2p_keV,30958.583999999973,30958.57,0.013999999973748345
38,25,Qalpha_keV,-11479.957999999984,-11479.95,0.00799999998343992
37,26,Sn_keV,4828.903000000049,4828.89,0.013000000049032678
37,26,Sp_keV,14400.649000000092,14400.63,0.01900000009300129
37,26,S2n_keV,12857.73900000006,12857.76,0.020999999940613634
37,26,S2p_keV,27738.323000000033,27738.33,0.006999999968684278
37,26,Qalpha_keV,-9974.79400000011,-9974.78,0.01400000011017255
36,27,Sn_keV,8498.500999999931,8498.48,0.020999999931518687
36,27,Sp_keV,10262.400999999954,10262.36,0.04099999995378312
36,27,S2n_keV,15096.05700000003,15096.01,0.047000000029584044
36,27,S2p_keV,24687.269999999902,24687.26,0.00999999990381184
36,27,Qalpha_keV,-8751.085999999894,-8751.04,0.04599999989295611
35,28,Sn_keV,6837.773000000045,6837.77,0.003000000044266926
35,28,Sp_keV,11377.474999999977,11377.46,0.01499999997759005
35,28,S2n_keV,17433.533999999985,17433.5,0.03399999998509884
35,28,S2p_keV,21170.21100000001,21170.22,0.008999999990919605
35,28,Qalpha_keV,-7272.909999999916,-7272.89,0.01999999991585355
34,29,Sn_keV,10863.67200000002,10863.64,0.03200000002107117
34,29,Sp_keV,6122.408000000054,6122.4,0.008000000054380507
34,29,S2n_keV,19738.340000000084,19738.33,0.010000000082072802
34,29,S2p_keV,17259.666000000085,17259.63,0.03600000008373172
34,29,Qalpha_keV,-5774.969000000041,-5774.96,0.009000000040941813
33,30,Sn_keV,9116.688999999897,9116.74,0.05100000010315853
33,30,Sp_keV,6714.932999999961,6714.94,0.0070000000387153705
33,30,S2n_keV,22007.10600000003,22007.13,0.023999999972147634
33,30,S2p_keV,12569.429999999935,12569.43,6.548361852765083e-11
33,30,Qalpha_keV,-3481.603000000003,-3481.61,0.0069999999973333615
32,31,Sn_keV,12631.533999999985,12631.5,0.03399999998509884
32,31,Sp_keV,2668.0719999999274,2668.09,0.01800000007278868
32,31,S2n_keV,25555.046999999962,25555.07,0.023000000037427526
32,31,S2p_keV,9140.984000000055,9140.97,0.014000000055602868
32,31,Qalpha_keV,-2613.6779999999562,-2613.68,0.002000000043608452
31,32,Sp_keV,2223.3040000000037,2223.28,0.0240000000035252
31,32,S2p_keV,5150.259000000078,5150.25,0.009000000078231096
31,32,Qalpha_keV,-2130.6049999999814,-2130.58,0.024999999981446308
40,24,Sn_keV,5543.548000000068,5543.6,0.05199999993237725
40,24,S2n_keV,8727.434000000067,8727.43,0.004000000066298526
39,25,Sn_keV,4173.324999999953,4173.3,0.024999999953251972
39,25,Sp_keV,14270.523999999976,14270.53,0.006000000024869223
39,25,S2n_keV,10607.75,10607.71,0.040000000000873115
39,25,Qalpha_keV,-12172.027999999933,-12171.99,0.03799999993316305
38,26,Sn_keV,7405.244999999995,7405.24,0.004999999995561666
38,26,Sp_keV,15371.469000000041,15371.46,0.009000000041851308
38,26,S2n_keV,12234.148000000045,12234.13,0.01800000004550384
38,26,S2p_keV,28652.554000000062,28652.52,0.034000000061496394
38,26,Qalpha_keV,-10724.87200000009,-10724.88,0.007999999908861355
37,27,Sn_keV,6012.195000000065,6012.21,0.0149999999348438
37,27,Sp_keV,11445.69299999997,11445.68,0.01299999996990664
37,27,S2n_keV,14510.695999999996,14510.68,0.01599999999598367
37,27,S2p_keV,25846.342000000062,25846.31,0.03200000006108894
37,27,Qalpha_keV,-9249.339999999967,-9249.31,0.029999999967913027
36,28,Sn_keV,9657.444999999949,9657.46,0.015000000050349627
36,28,Sp_keV,12536.418999999994,12536.45,0.03100000000631553
36,28,S2n_keV,16495.217999999993,16495.23,0.0120000000060827
36,28,S2p_keV,22798.81999999995,22798.81,0.009999999947467586
36,28,Qalpha_keV,-8110.783999999869,-8110.82,0.036000000131025445
35,29,Sn_keV,7916.106000000029,7916.11,0.003999999970801582
35,29,Sp_keV,7200.741000000038,7200.74,0.0010000000384025043
35,29,S2n_keV,18779.77800000005,18779.75,0.028000000049360096
35,29,S2p_keV,18578.216000000015,18578.2,0.016000000014173565
35,29,Qalpha_keV,-6199.180000000051,-6199.15,0.03000000005158654
34,30,Sn_keV,11861.965000000084,11861.93,0.03500000008352799
34,30,Sp_keV,7713.226000000024,7713.23,0.003999999975349056
34,30,S2n_keV,20978.65399999998,20978.68,0.026000000019848812
34,30,S2p_keV,13835.634000000078,13835.63,0.004000000079031452
34,30,Qalpha_keV,-3955.820000000065,-3955.81,0.01000000006524715
33,31,Sn_keV,10357.045999999973,10357.05,0.004000000026280759
33,31,Sp_keV,3908.4290000000037,3908.39,0.03900000000385262
33,31,S2n_keV,22988.579999999958,22988.55,0.02999999995881808
33,31,S2p_keV,10623.361999999965,10623.34,0.021999999964464223
33,31,Qalpha_keV,-2912.603999999934,-2912.6,0.003999999933967047
32,32,Sn_keV,15465.564000000013,15465.6,0.03599999998732528
32,32,Sp_keV,5057.334000000032,5057.37,0.03599999996822589
32,32,S2p_keV,7725.405999999959,7725.47,0.06400000004123285
32,32,Qalpha_keV,-2566.0120000001043,-2566.07,0.05799999989585558
40,25,Sn_keV,6049.577000000048,6049.62,0.04299999995146209
40,25,Sp_keV,14776.552999999956,14776.55,0.0029999999569554348
40,25,S2n_keV,10222.902000000002,10222.92,0.017999999998210114
40,25,Qalpha_keV,-12885.826000000001,-12885.83,0.003999999998995918
39,26,Sn_keV,4319.657999999938,4319.67,0.012000000062471372
39,26,Sp_keV,15517.802000000025,15517.83,0.02799999997478153
39,26,S2n_keV,11724.902999999933,11724.91,0.007000000066909706
39,26,S2p_keV,29788.326,29788.36,0.033999999999650754
39,26,Qalpha_keV,-11167.565999999992,-11167.58,0.014000000008309144
38,27,Sn_keV,7464.179999999935,7464.19,0.010000000064792403
38,27,Sp_keV,11504.62799999991,11504.62,0.007999999908861355
38,27,S2n_keV,13476.375,13476.39,0.014999999999417923
38,27,S2p_keV,26876.09699999995,26876.09,0.006999999950494384
38,27,Qalpha_keV,-9867.98499999987,-9867.99,0.005000000130166882
37,28,Sn_keV,6098.09600000002,6098.08,0.016000000019630534
37,28,Sp_keV,12622.319999999949,12622.33,0.010000000051149982
37,28,S2n_keV,15755.540999999968,15755.54,0.0009999999674619175
37,28,S2p_keV,24068.01299999992,24068.0,0.012999999918974936
37,28,Qalpha_keV,-8630.091999999946,-8630.11,0.018000000054598786
36,29,Sn_keV,9910.439999999944,9910.43,0.009999999943829607
36,29,Sp_keV,7453.7360000000335,7453.71,0.026000000033491233
36,29,S2n_keV,17826.545999999973,17826.54,0.00599999997211853
36,29,S2p_keV,19990.155000000028,19990.16,0.004999999971914804
36,29,Qalpha_keV,-6790.552000000025,-6790.51,0.04200000002492743
35,30,Sn_keV,7979.304999999935,7979.32,0.015000000064901542
35,30,Sp_keV,7776.42499999993,7776.44,0.015000000069449015
35,30,S2n_keV,19841.27000000002,19841.26,0.010000000020227162
35,30,S2p_keV,14977.165999999968,14977.19,0.024000000032174285
35,30,Qalpha_keV,-4115.039999999921,-4115.03,0.00999999992109224
34,31,Sn_keV,11896.016000000061,11896.0,0.01600000006146729
34,31,Sp_keV,3942.4799999999814,3942.46,0.01999999998133717
34,31,S2n_keV,22253.062000000034,22253.05,0.012000000035186531
34,31,S2p_keV,11655.706000000006,11655.7,0.00600000000486034
34,31,Qalpha_keV,-3098.386000000057,-3098.36,0.026000000056683348
33,32,Sn_keV,10234.097999999998,10234.04,0.05799999999726424
33,32,Sp_keV,4934.386000000057,4934.37,0.016000000056919816
33,32,S2n_keV,25699.66200000001,25699.63,0.03200000001015724
33,32,S2p_keV,8842.81500000006,8842.76,0.05500000006031769
33,32,Qalpha_keV,-2554.261000000057,-2554.23,0.031000000056792487
32,33,Sp_keV,-89.46199999994133,-89.47,0.008000000058672185
32,33,S2p_keV,4967.87200000009,4967.9,0.027999999909297912
32,33,Qalpha_keV,-2227.2590000000782,-2227.31,0.050999999921714334
41,25,Sn_keV,3854.4030000000494,3854.37,0.033000000049469236
41,25,S2n_keV,9903.980000000098,9903.99,0.009999999901992851
40,26,Sn_keV,6921.293999999994,6921.26,0.033999999994193786
40,26,Sp_keV,16389.51899999997,16389.47,0.04899999996996485
40,26,S2n_keV,11240.951999999932,11240.93,0.021999999931722414
40,26,S2p_keV,31166.071999999927,31166.02,0.05199999992692028
40,26,Qalpha_keV,-11597.84600000002,-11597.79,0.05600000001868466
39,27,Sn_keV,5294.646000000066,5294.65,0.003999999933512299
39,27,Sp_keV,12479.616000000038,12479.61,0.006000000037602149
39,27,S2n_keV,12758.826000000001,12758.84,0.013999999999214197
39,27,S2p_keV,27997.418000000063,27997.44,0.021999999935360393
39,27,Qalpha_keV,-10309.50800000003,-10309.49,0.018000000030951924
38,28,Sn_keV,8951.927999999956,8951.92,0.00799999995615508
38,28,Sp_keV,14110.06799999997,14110.06,0.007999999970706995
38,28,S2n_keV,15050.023999999976,15050.0,0.023999999975785613
38,28,S2p_keV,25614.69599999988,25614.68,0.01599999987956835
38,28,Qalpha_keV,-9553.183999999892,-9553.15,0.03399999989233038
37,29,Sn_keV,7065.912000000011,7065.93,0.017999999989115167
37,29,Sp_keV,8421.552000000025,8421.56,0.007999999974344973
37,29,S2n_keV,16976.351999999955,16976.36,0.00800000004528556
37,29,S2p_keV,21043.871999999974,21043.88,0.008000000027095666
37,29,Qalpha_keV,-7258.907999999938,-7258.91,0.0020000000622530933
36,30,Sn_keV,11058.486999999965,11058.46,0.026999999965482857
36,30,Sp_keV,8924.47199999995,8924.47,0.0019999999512947397
36,30,S2n_keV,19037.7919999999,19037.78,0.011999999900581315
36,30,S2p_keV,16378.207999999984,16378.18,0.027999999983876478
36,30,Qalpha_keV,-4577.765999999945,-4577.75,0.015999999945051968
35,31,Sn_keV,9137.425999999978,9137.47,0.044000000021696906
35,31,Sp_keV,5100.601000000024,5100.61,0.008999999975458195
35,31,S2n_keV,21033.44200000004,21033.47,0.027999999962048605
35,31,S2p_keV,12877.025999999954,12877.06,0.03400000004512549
35,31,Qalpha_keV,-3361.143999999971,-3361.15,0.006000000028961949
34,32,Sn_keV,13200.071999999927,13200.13,0.058000000071842805
34,32,Sp_keV,6238.441999999923,6238.5,0.058000000077299774
34,32,S2n_keV,23434.169999999925,23434.17,7.275957614183426e-11
34,32,S2p_keV,10180.921999999904,10180.96,0.03800000009505311
34,32,Qalpha_keV,-2863.915999999852,-2863.98,0.06400000014809848
33,33,Sn_keV,13159.387999999919,13159.34,0.04799999991882942
33,33,Sp_keV,2835.8279999999795,2835.83,0.002000000020416337
33,33,S2p_keV,7770.214000000036,7770.2,0.01400000003650348
33,33,Qalpha_keV,-2463.133999999962,-2463.09,0.043999999961670255
41,26,Sn_keV,3613.6389999999665,3613.63,0.008999999966363248
41,26,Sp_keV,16148.754999999888,16148.74,0.01499999988845957
41,26,S2n_keV,10534.93299999996,10534.89,0.04299999996146653
41,26,Qalpha_keV,-12027.59899999993,-12027.6,0.0010000000711443136
40,27,Sn_keV,6984.540999999968,6984.56,0.019000000032065145
40,27,Sp_keV,12542.863000000012,12542.91,0.04699999998774729
40,27,S2n_keV,12279.187000000034,12279.21,0.02299999996466795
40,27,S2p_keV,28932.381999999983,28932.38,0.0019999999822175596
40,27,Qalpha_keV,-10859.623999999953,-10859.64,0.016000000046915375
39,28,Sn_keV,5807.722000000067,5807.71,0.012000000067018846
39,28,Sp_keV,14623.143999999971,14623.12,0.023999999970328645
39,28,S2n_keV,14759.650000000023,14759.63,0.02000000002408342
39,28,S2p_keV,27102.76000000001,27102.73,0.030000000009749783
39,28,Qalpha_keV,-10532.00299999991,-10531.97,0.032999999910316546
38,29,Sn_keV,9132.533999999985,9132.56,0.026000000014391844
38,29,Sp_keV,8602.158000000054,8602.2,0.041999999946710886
38,29,S2n_keV,16198.445999999996,16198.49,0.04400000000350701
38,29,S2p_keV,22712.226000000024,22712.26,0.0339999999741849
38,29,Qalpha_keV,-7892.940999999992,-7892.99,0.049000000008163624
37,30,Sn_keV,7052.472000000067,7052.47,0.002000000066800567
37,30,Sp_keV,8911.032000000007,8911.01,0.02200000000630098
37,30,S2n_keV,18110.95900000003,18110.93,0.02900000003137393
37,30,S2p_keV,17332.58400000003,17332.57,0.014000000031956006
37,30,Qalpha_keV,-4792.464999999967,-4792.45,0.014999999967585609
36,31,Sn_keV,11226.751000000047,11226.7,0.051000000046769856
36,31,Sp_keV,5268.865000000107,5268.86,0.005000000107429514
36,31,S2n_keV,20364.177000000025,20364.18,0.002999999975145329
36,31,S2p_keV,14193.337000000058,14193.33,0.007000000057814759
36,31,Qalpha_keV,-3724.222999999998,-3724.21,0.012999999998100975
35,32,Sn_keV,9122.577000000048,9122.51,0.0670000000482105
35,32,Sp_keV,6223.5929999999935,6223.54,0.05299999999351712
35,32,S2n_keV,22322.648999999976,22322.65,0.0010000000256695785
35,32,S2p_keV,11324.194000000018,11324.15,0.04400000001805893
35,32,Qalpha_keV,-2869.8040000000037,-2869.75,0.05400000000372529
34,33,Sn_keV,12633.457999999984,12633.47,0.012000000015177648
34,33,Sp_keV,2269.2140000000363,2269.16,0.0540000000364671
34,33,S2n_keV,25792.845999999903,25792.81,0.03599999990183278
34,33,S2p_keV,8507.655999999959,8507.66,0.004000000040832674
34,33,Qalpha_keV,-2465.057999999961,-2465.05,0.007999999960702553
33,34,Sp_keV,1844.1799999999348,1844.18,6.52562448522076e-11
33,34,S2p_keV,4680.007999999914,4680.01,0.0020000000858999556
33,34,Qalpha_keV,-2084.009999999893,-2083.99,0.019999999893116183
42,26,Sn_keV,5948.041000000085,5948.08,0.038999999915176886
42,26,S2n_keV,9561.680000000051,9561.71,0.029999999947904143
42,26,Qalpha_keV,-12432.091999999946,-12432.07,0.02199999994627433
41,27,Sn_keV,4680.241000000038,4680.21,0.031000000038147846
41,27,Sp_keV,13609.465000000084,13609.48,0.01499999991574441
41,27,S2n_keV,11664.782000000007,11664.77,0.0120000000060827
41,27,S2p_keV,29758.219999999972,29758.22,2.9103830456733704e-11
41,27,Qalpha_keV,-11366.540000000037,-11366.55,0.009999999962019501
40,28,Sn_keV,7792.438000000082,7792.45,0.011999999917861714
40,28,Sp_keV,15431.041000000085,15431.01,0.031000000084532076
40,28,S2n_keV,13600.160000000149,13600.16,1.4915713109076023e-10
40,28,S2p_keV,27973.904000000097,27973.92,0.015999999901396222
40,28,Qalpha_keV,-10919.195999999996,-10919.19,0.005999999995765393
39,29,Sn_keV,6318.834000000032,6318.84,0.005999999968480552
39,29,Sp_keV,9113.270000000019,9113.33,0.05999999998130079
39,29,S2n_keV,15451.368000000017,15451.4,0.031999999982872396
39,29,S2p_keV,23736.41399999999,23736.44,0.026000000008934876
39,29,Qalpha_keV,-8199.579999999958,-8199.62,0.04000000004270987
38,30,Sn_keV,10198.055999999982,10198.1,0.04400000001805893
38,30,Sp_keV,9976.554000000004,9976.55,0.004000000004452886
38,30,S2n_keV,17250.52800000005,17250.57,0.041999999950348865
38,30,S2p_keV,18578.712000000058,18578.75,0.037999999942258
38,30,Qalpha_keV,-5333.076000000001,-5333.09,0.013999999999214197
37,31,Sn_keV,8278.246999999974,8278.26,0.01300000002629531
37,31,Sp_keV,6494.640000000014,6494.65,0.009999999985666364
37,31,S2n_keV,19504.99800000002,19504.97,0.028000000020256266
37,31,S2p_keV,15405.67200000002,15405.66,0.012000000020634616
37,31,Qalpha_keV,-4086.363999999943,-4086.36,0.003999999943061994
36,32,Sn_keV,12391.829000000027,12391.88,0.05099999997219129
36,32,Sp_keV,7388.670999999973,7388.71,0.039000000027044734
36,32,S2n_keV,21514.406000000075,21514.39,0.016000000076019205
36,32,S2p_keV,12657.53600000008,12657.57,0.03399999991961522
36,32,Qalpha_keV,-3399.667999999947,-3399.69,0.022000000053139956
35,33,Sn_keV,10378.60400000005,10378.61,0.005999999950290658
35,33,Sp_keV,3525.241000000038,3525.26,0.018999999962034053
35,33,S2n_keV,23012.062000000034,23012.08,0.017999999967287295
35,33,S2p_keV,9748.834000000032,9748.8,0.03400000003239256
35,33,Qalpha_keV,-2486.616000000038,-2486.61,0.006000000038056896
34,34,Sn_keV,15680.418000000063,15680.47,0.05199999993601523
34,34,Sp_keV,4891.140000000014,4891.19,0.049999999985629984
34,34,S2p_keV,7160.35400000005,7160.35,0.004000000049927621
34,34,Qalpha_keV,-2298.863999999943,-2298.86,0.003999999943061994
42,27,Sn_keV,6419.796999999904,6419.81,0.013000000096326403
42,27,Sp_keV,14081.220999999903,14081.21,0.010999999904015567
42,27,S2n_keV,11100.037999999942,11100.02,0.017999999941821443
42,27,Qalpha_keV,-11736.759999999893,-11736.73,0.02999999989333446
41,28,Sn_keV,4586.142999999924,4586.15,0.007000000076004653
41,28,Sp_keV,15336.94299999997,15336.95,0.007000000030529918
41,28,S2n_keV,12378.581000000006,12378.6,0.018999999994775862
41,28,S2p_keV,28946.408000000054,28946.43,0.02199999994627433
41,28,Qalpha_keV,-11185.680999999982,-11185.67,0.010999999982232112
40,29,Sn_keV,8240.555999999982,8240.5,0.05599999998230487
40,29,Sp_keV,9561.387999999919,9561.37,0.01799999991817458
40,29,S2n_keV,14559.390000000014,14559.33,0.0600000000140426
40,29,S2p_keV,24992.429000000004,24992.38,0.049000000002706656
40,29,Qalpha_keV,-8975.956000000006,-8975.93,0.026000000005296897
39,30,Sn_keV,6482.060999999987,6482.07,0.009000000012747478
39,30,Sp_keV,10139.780999999959,10139.78,0.0009999999583669705
39,30,S2n_keV,16680.11699999997,16680.17,0.053000000028987415
39,30,S2p_keV,19253.050999999978,19253.11,0.05900000002293382
39,30,Qalpha_keV,-5717.040999999968,-5717.08,0.03900000003159221
38,31,Sn_keV,10313.126999999979,10313.13,0.003000000020620064
38,31,Sp_keV,6609.71100000001,6609.69,0.021000000010644726
38,31,S2n_keV,18591.373999999953,18591.39,0.016000000046915375
38,31,S2p_keV,16586.265000000014,16586.24,0.025000000012369128
38,31,Qalpha_keV,-4489.050999999978,-4489.06,0.00900000002275192
37,32,Sn_keV,8193.198999999906,8193.19,0.008999999905427103
37,32,Sp_keV,7303.622999999905,7303.64,0.01700000009532232
37,32,S2n_keV,20585.027999999933,20585.07,0.04200000006676419
37,32,S2p_keV,13798.262999999919,13798.29,0.02700000008189818
37,32,Qalpha_keV,-3613.561999999918,-3613.56,0.001999999918098183
36,33,Sn_keV,12288.988999999943,12288.97,0.01899999994384416
36,33,Sp_keV,3422.4009999999544,3422.35,0.05099999995445614
36,33,S2n_keV,22667.592999999993,22667.58,0.012999999991734512
36,33,S2p_keV,10811.071999999927,10811.06,0.011999999927866156
36,33,Qalpha_keV,-2879.58899999992,-2879.58,0.008999999919979018
35,34,Sn_keV,10316.587000000058,10316.58,0.007000000057814759
35,34,Sp_keV,4829.123000000021,4829.16,0.03699999997843406
35,34,S2n_keV,25997.00500000012,25997.05,0.04499999987820047
35,34,S2p_keV,8354.36400000006,8354.42,0.055999999940468115
35,34,Qalpha_keV,-2381.353000000003,-2381.41,0.05699999999706051
34,35,Sp_keV,-640.9579999999842,-641.0,0.042000000015832484
34,35,S2p_keV,4250.18200000003,4250.19,0.0079999999697975
34,35,Qalpha_keV,-1747.3679999999003,-1747.33,0.037999999900421244
42,28,Sn_keV,7306.53899999999,7306.53,0.00899999999001011
42,28,Sp_keV,16223.685000000056,16223.67,0.015000000055806595
42,28,S2n_keV,11892.681999999913,11892.68,0.0019999999130959623
42,28,S2p_keV,30304.90599999996,30304.89,0.015999999959603883
42,28,Qalpha_keV,-11570.925999999978,-11570.94,0.014000000022861059
41,29,Sn_keV,5311.473999999929,5311.48,0.006000000070343958
41,29,Sp_keV,10286.718999999925,10286.69,0.028999999924053554
41,29,S2n_keV,13552.029999999912,13551.97,0.05999999991217919
41,29,S2p_keV,25623.661999999895,25623.65,0.011999999893305358
41,29,Qalpha_keV,-8992.783999999869,-8992.76,0.023999999868465238
40,30,Sn_keV,9218.259000000078,9218.21,0.04900000007910421
40,30,Sp_keV,11117.484000000055,11117.49,0.005999999944833689
40,30,S2n_keV,15700.320000000065,15700.28,0.040000000064537744
40,30,S2p_keV,20678.871999999974,20678.86,0.011999999973340891
40,30,Qalpha_keV,-5983.37200000009,-5983.37,0.002000000090447429
39,31,Sn_keV,7653.649000000092,7653.65,0.0009999999074352672
39,31,Sp_keV,7781.2990000001155,7781.27,0.029000000115047442
39,31,S2n_keV,17966.77600000007,17966.78,0.003999999928055331
39,31,S2p_keV,17921.080000000075,17921.05,0.0300000000752334
39,31,Qalpha_keV,-5076.788000000059,-5076.78,0.00800000005892798
38,32,Sn_keV,11532.553000000073,11532.53,0.023000000071988325
38,32,Sp_keV,8523.048999999999,8523.04,0.008999999998195563
38,32,S2n_keV,19725.75199999998,19725.72,0.03199999997741543
38,32,S2p_keV,15132.76000000001,15132.72,0.04000000000996806
38,32,Qalpha_keV,-4087.628000000026,-4087.63,0.0019999999740321073
37,33,Sn_keV,9300.97100000002,9301.02,0.04899999998087878
37,33,Sp_keV,4530.173000000068,4530.18,0.00699999993230449
37,33,S2n_keV,21589.959999999963,21589.99,0.030000000038853614
37,33,S2p_keV,11833.795999999973,11833.82,0.024000000026717316
37,33,Qalpha_keV,-3043.133999999962,-3043.13,0.003999999961706635
36,34,Sn_keV,13566.526999999885,13566.5,0.026999999885447323
36,34,Sp_keV,6106.660999999964,6106.69,0.029000000035921403
36,34,S2n_keV,23883.113999999943,23883.08,0.03399999994144309
36,34,S2p_keV,9529.061999999918,9529.04,0.0219999999171705
36,34,Qalpha_keV,-2747.807999999961,-2747.77,0.03799999996090264
35,35,Sn_keV,13237.48199999996,13237.47,0.011999999960607965
35,35,Sp_keV,2279.936999999918,2279.88,0.056999999917934474
35,35,S2p_keV,7109.0599999999395,7109.04,0.019999999939500412
35,35,Qalpha_keV,-1825.4619999999413,-1825.46,0.001999999941290298
44,27,S2n_keV,10233.42900000012,10233.4,0.02900000012050441
43,28,Sn_keV,4263.706000000122,4263.68,0.02600000012171222
43,28,S2n_keV,11570.245000000112,11570.21,0.035000000112631824
43,28,Qalpha_keV,-12220.993000000133,-12220.99,0.003000000133397407
42,29,Sn_keV,7806.012000000104,7806.07,0.05799999989540083
42,29,Sp_keV,10786.19200000004,10786.24,0.04799999996066617
42,29,S2n_keV,13117.486000000034,13117.55,0.06399999996574479
42,29,S2p_keV,27009.877000000095,27009.91,0.03299999990485958
42,29,Qalpha_keV,-9814.255000000005,-9814.27,0.014999999995779945
41,30,Sn_keV,5835.350999999908,5835.36,0.009000000091873517
41,30,Sp_keV,11641.361000000034,11641.38,0.018999999965672032
41,30,S2n_keV,15053.609999999986,15053.57,0.0399999999863212
41,30,S2p_keV,21928.079999999958,21928.07,0.009999999958381522
41,30,Qalpha_keV,-6011.000999999931,-6011.01,0.00900000006913615
40,31,Sn_keV,9300.283999999869,9300.31,0.026000000130807166
40,31,Sp_keV,7863.323999999906,7863.37,0.04600000009395444
40,31,S2n_keV,16953.93299999996,16953.96,0.027000000038242433
40,31,S2p_keV,18980.80799999996,18980.86,0.052000000039697625
40,31,Qalpha_keV,-5244.537999999942,-5244.54,0.00200000005770562
39,32,Sn_keV,7415.938999999897,7415.94,0.0010000001029766281
39,32,Sp_keV,8285.338999999803,8285.33,0.008999999803563696
39,32,S2n_keV,18948.49199999997,18948.47,0.021999999968102202
39,32,S2p_keV,16066.637999999919,16066.59,0.04799999991882942
39,32,Qalpha_keV,-4451.094999999856,-4451.1,0.005000000144718797
38,33,Sn_keV,11622.552000000025,11622.54,0.012000000024272595
38,33,Sp_keV,4620.1720000000205,4620.19,0.017999999979110726
38,33,S2n_keV,20923.523000000045,20923.56,0.03699999995660619
38,33,S2p_keV,13143.22100000002,13143.23,0.008999999980005668
38,33,Qalpha_keV,-3438.9349999999395,-3438.96,0.025000000060572347
37,34,Sn_keV,9287.95000000007,9287.93,0.020000000069558155
37,34,Sp_keV,6093.640000000014,6093.6,0.04000000001360604
37,34,S2n_keV,22854.476999999955,22854.44,0.03699999995660619
37,34,S2p_keV,10623.813000000082,10623.79,0.02300000008108327
37,34,Qalpha_keV,-2913.1809999999823,-2913.19,0.009000000017749699
36,35,Sn_keV,13148.081999999937,13148.12,0.03800000006413029
36,35,Sp_keV,1861.4919999999693,1861.5,0.008000000030733645
36,35,S2n_keV,26385.563999999897,26385.58,0.016000000105123036
36,35,S2p_keV,7968.152999999933,7968.19,0.03700000006665505
36,35,Qalpha_keV,-2340.085999999894,-2340.11,0.024000000106298103
35,36,Sp_keV,2190.5100000000093,2190.56,0.049999999990632205
35,36,S2p_keV,4470.446999999927,4470.44,0.006999999927757017
35,36,Qalpha_keV,-2171.792000000016,-2171.83,0.03799999998409476
44,28,Sn_keV,6891.115999999805,6891.15,0.03400000019428262
44,28,Sp_keV,17145.077999999863,17145.11,0.032000000137486495
44,28,S2n_keV,11154.821999999927,11154.83,0.008000000072570401
44,28,Qalpha_keV,-13164.067999999854,-13164.06,0.007999999854291673
43,29,Sn_keV,5143.237999999896,5143.19,0.04799999989609205
43,29,Sp_keV,11665.723999999813,11665.74,0.01600000018697756
43,29,S2n_keV,12949.25,12949.26,0.010000000000218279
43,29,Qalpha_keV,-10277.251999999862,-10277.25,0.001999999862164259
42,30,Sn_keV,8888.048999999999,8888.03,0.01899999999841384
42,30,Sp_keV,12723.397999999928,12723.33,0.06799999992836092
42,30,S2n_keV,14723.399999999907,14723.39,0.00999999990744982
42,30,S2p_keV,23509.589999999967,23509.57,0.019999999967694748
42,30,Qalpha_keV,-7106.611999999848,-7106.59,0.0219999998480489
41,31,Sn_keV,6520.524000000092,6520.47,0.054000000091946276
41,31,Sp_keV,8548.49700000009,8548.49,0.0070000000905565685
41,31,S2n_keV,15820.80799999996,15820.79,0.017999999960011337
41,31,S2p_keV,20189.858000000124,20189.86,0.001999999876716174
41,31,Qalpha_keV,-5446.228000000003,-5446.17,0.05800000000272121
40,32,Sn_keV,10750.701000000117,10750.72,0.01899999988199852
40,32,Sp_keV,9735.756000000052,9735.74,0.016000000052372343
40,32,S2n_keV,18166.640000000014,18166.66,0.019999999985884642
40,32,S2p_keV,17599.079999999958,17599.11,0.030000000042491592
40,32,Qalpha_keV,-5003.739999999991,-5003.72,0.019999999990432116
39,33,Sn_keV,8408.043999999994,8408.02,0.023999999993975507
39,33,Sp_keV,5612.277000000118,5612.27,0.0070000001178414095
39,33,S2n_keV,20030.59600000002,20030.56,0.0360000000182481
39,33,S2p_keV,13897.615999999922,13897.6,0.015999999921405106
39,33,Qalpha_keV,-3568.73199999996,-3568.72,0.011999999960153218
38,34,Sn_keV,12792.947999999975,12792.99,0.04200000002492743
38,34,Sp_keV,7264.035999999964,7264.05,0.01400000003650348
38,34,S2n_keV,22080.898000000045,22080.92,0.021999999953550287
38,34,S2p_keV,11884.207999999984,11884.25,0.042000000015832484
38,34,Qalpha_keV,-3314.29999999993,-3314.31,0.010000000069794623
37,35,Sn_keV,10630.662000000128,10630.64,0.02200000012817327
37,35,Sp_keV,3204.204000000027,3204.21,0.005999999973028025
37,35,S2n_keV,23778.744000000064,23778.76,0.01599999993413803
37,35,S2p_keV,9297.844000000041,9297.81,0.03400000004148751
37,35,Qalpha_keV,-2592.143999999971,-2592.14,0.0039999999712563294
36,36,Sn_keV,15684.738000000012,15684.69,0.048000000011597876
36,36,Sp_keV,4727.166000000085,4727.13,0.036000000084641215
36,36,S2p_keV,6588.658000000054,6588.63,0.02800000005390757
36,36,Qalpha_keV,-2176.1119999999646,-2176.05,0.06199999996442784
45,28,Sn_keV,3953.404000000097,3953.41,0.005999999902996933
45,28,S2n_keV,10844.519999999902,10844.56,0.04000000009727955
44,29,Sn_keV,7275.737000000081,7275.75,0.012999999918974936
44,29,Sp_keV,12050.345000000088,12050.35,0.004999999911888153
44,29,S2n_keV,12418.974999999977,12418.94,0.03499999997620762
44,29,S2p_keV,29195.42299999995,29195.45,0.02700000004915637
44,29,Qalpha_keV,-11133.19200000004,-11133.2,0.007999999961612048
43,30,Sn_keV,5519.224999999977,5519.23,0.005000000022846507
43,30,Sp_keV,13099.38500000001,13099.37,0.01500000000851287
43,30,S2n_keV,14407.273999999976,14407.26,0.013999999975567334
43,30,S2p_keV,24765.108999999822,24765.12,0.011000000176863978
43,30,Qalpha_keV,-8039.693999999901,-8039.67,0.023999999901207048
42,31,Sn_keV,9182.32099999988,9182.36,0.03900000012072269
42,31,Sp_keV,8842.768999999971,8842.82,0.05100000002857996
42,31,S2n_keV,15702.844999999972,15702.83,0.014999999972133082
42,31,S2p_keV,21566.1669999999,21566.15,0.01699999989796197
42,31,Qalpha_keV,-6387.9929999999,-6388.04,0.047000000099615136
41,32,Sn_keV,6782.9370000000345,6782.94,0.002999999965140887
41,32,Sp_keV,9998.168999999994,9998.2,0.03100000000631553
41,32,S2n_keV,17533.63800000015,17533.66,0.0219999998480489
41,32,S2p_keV,18546.666000000085,18546.69,0.023999999913939973
41,32,Qalpha_keV,-5304.616000000038,-5304.59,0.026000000038038706
40,33,Sn_keV,10794.241000000038,10794.27,0.028999999962252332
40,33,Sp_keV,5655.817000000039,5655.82,0.0029999999605934136
40,33,S2n_keV,19202.285000000033,19202.28,0.005000000033760443
40,33,S2p_keV,15391.573000000091,15391.55,0.023000000091997208
40,33,Qalpha_keV,-4049.8460000000196,-4049.85,0.0039999999803512765
39,34,Sn_keV,8430.52600000007,8430.52,0.006000000070343958
39,34,Sp_keV,7286.51800000004,7286.56,0.04199999996035331
39,34,S2n_keV,21223.474000000046,21223.51,0.03599999995276448
39,34,S2p_keV,12898.795000000158,12898.83,0.0349999998416024
39,34,Qalpha_keV,-3551.627000000095,-3551.64,0.012999999904877768
38,35,Sn_keV,12657.054999999935,12657.05,0.0049999999355350155
38,35,Sp_keV,3068.310999999987,3068.27,0.040999999986979674
38,35,S2n_keV,23287.717000000062,23287.69,0.027000000063708285
38,35,S2p_keV,10332.34699999995,10332.32,0.026999999950930942
38,35,Qalpha_keV,-2960.2099999999627,-2960.22,0.010000000037052814
37,36,Sn_keV,10682.46399999992,10682.49,0.026000000079875463
37,36,Sp_keV,4778.967999999877,4778.98,0.012000000122498022
37,36,S2n_keV,26367.201999999932,26367.18,0.021999999931722414
37,36,S2p_keV,7983.171999999904,7983.19,0.018000000095526048
37,36,Qalpha_keV,-2541.988999999827,-2541.96,0.02899999982673762
45,29,Sn_keV,5090.050999999978,5090.09,0.03900000002249726
45,29,Sp_keV,13186.99199999997,13187.02,0.028000000031170202
45,29,S2n_keV,12365.788000000059,12365.84,0.0519999999414722
44,30,Sn_keV,8234.61100000015,8234.63,0.01899999984925671
44,30,Sp_keV,14058.259000000078,14058.25,0.009000000078231096
44,30,S2n_keV,13753.836000000127,13753.86,0.023999999873922206
44,30,S2p_keV,26108.604000000167,26108.59,0.014000000166561222
44,30,Qalpha_keV,-8967.766000000061,-8967.77,0.0039999999389692675
43,31,Sn_keV,6421.629000000074,6421.6,0.029000000073210686
43,31,Sp_keV,9745.173000000068,9745.19,0.01699999993252277
43,31,S2n_keV,15603.949999999953,15603.96,0.010000000045693014
43,31,S2p_keV,22844.558000000077,22844.56,0.0019999999240098987
43,31,Qalpha_keV,-7498.148000000045,-7498.16,0.011999999955150997
42,32,Sn_keV,10196.222999999998,10196.24,0.017000000001644366
42,32,Sp_keV,11012.071000000113,11012.08,0.008999999887237209
42,32,S2n_keV,16979.160000000033,16979.18,0.019999999967694748
42,32,S2p_keV,19854.840000000084,19854.9,0.05999999991763616
42,32,Qalpha_keV,-6282.579999999958,-6282.62,0.040000000041800376
41,33,Sn_keV,7978.616999999969,7978.62,0.0030000000306245056
41,33,Sp_keV,6851.496999999974,6851.5,0.003000000026077032
41,33,S2n_keV,18772.858000000007,18772.89,0.03199999999196734
41,33,S2p_keV,16849.66599999997,16849.7,0.03400000003239256
41,33,Qalpha_keV,-4374.813999999897,-4374.83,0.016000000103304046
40,34,Sn_keV,12057.175999999978,12057.13,0.045999999978448614
40,34,Sp_keV,8549.45299999998,8549.43,0.022999999979219865
40,34,S2n_keV,20487.70200000005,20487.66,0.04200000004857429
40,34,S2p_keV,14205.270000000019,14205.24,0.03000000001884473
40,34,Qalpha_keV,-4076.25,-4076.24,0.010000000000218279
39,35,Sn_keV,9711.994999999995,9711.99,0.004999999995561666
39,35,Sp_keV,4349.7799999999115,4349.74,0.039999999911742634
39,35,S2n_keV,22369.04999999993,22369.04,0.009999999929277692
39,35,S2p_keV,11636.297999999952,11636.3,0.002000000047701178
39,35,Qalpha_keV,-3371.2339999999385,-3371.19,0.04399999993847814
38,36,Sn_keV,13851.380000000121,13851.4,0.019999999878564267
38,36,Sp_keV,5973.293000000063,5973.33,0.036999999936597305
38,36,S2n_keV,24533.84400000004,24533.9,0.055999999960477
38,36,S2p_keV,9041.60400000005,9041.6,0.004000000049927621
38,36,Qalpha_keV,-2826.8420000000624,-2826.86,0.017999999937728717
37,37,Sp_keV,2653.256000000052,2653.23,0.026000000052135874
37,37,S2p_keV,7432.223999999929,7432.21,0.013999999929183105
37,37,Qalpha_keV,-2915.307999999961,-2915.31,0.0020000000390609785
46,29,Sn_keV,6536.461999999941,6536.45,0.011999999941508577
46,29,S2n_keV,11626.512999999919,11626.54,0.02700000008189818
46,29,Qalpha_keV,-12526.275999999838,-12526.33,0.05400000016197737
45,30,Sn_keV,4873.4789999998175,4873.51,0.031000000182757503
45,30,Sp_keV,13841.686999999918,13841.67,0.016999999917970854
45,30,S2n_keV,13108.089999999967,13108.14,0.050000000032014214
45,30,S2p_keV,27028.678999999887,27028.7,0.021000000113417627
45,30,Qalpha_keV,-9577.538999999757,-9577.6,0.06100000024343899
44,31,Sn_keV,8486.242000000086,8486.28,0.03799999991497316
44,31,Sp_keV,9996.804000000004,9996.84,0.03599999999642023
44,31,S2n_keV,14907.87100000016,14907.88,0.008999999839943484
44,31,S2p_keV,24055.063000000082,24055.08,0.016999999919789843
44,31,Qalpha_keV,-8178.378000000026,-8178.37,0.008000000026186171
43,32,Sn_keV,6505.875,6505.84,0.03499999999985448
43,32,Sp_keV,11096.31700000004,11096.32,0.0029999999605934136
43,32,S2n_keV,16702.097999999998,16702.08,0.017999999996391125
43,32,S2p_keV,20841.490000000107,20841.5,0.009999999892897904
43,32,Qalpha_keV,-6953.10400000005,-6953.1,0.004000000049927621
42,33,Sn_keV,10245.475999999908,10245.46,0.01599999990867218
42,33,Sp_keV,6900.749999999884,6900.72,0.02999999988333002
42,33,S2n_keV,18224.092999999877,18224.08,0.01299999987531919
42,33,S2p_keV,17912.820999999996,17912.8,0.020999999997002305
42,33,Qalpha_keV,-5320.005999999936,-5319.98,0.0259999999361753
41,34,Sn_keV,8027.5650000000605,8027.6,0.03499999993982783
41,34,Sp_keV,8598.40100000007,8598.4,0.0010000000711443136
41,34,S2n_keV,20084.74100000004,20084.73,0.011000000038620783
41,34,S2p_keV,15449.898000000045,15449.9,0.0019999999549327185
41,34,Qalpha_keV,-4687.876000000164,-4687.9,0.02399999983572343
40,35,Sn_keV,11890.160999999964,11890.17,0.00900000003639434
40,35,Sp_keV,4182.764999999898,4182.78,0.015000000102190825
40,35,S2n_keV,21602.15599999996,21602.17,0.014000000039231963
40,35,S2p_keV,12732.217999999877,12732.2,0.017999999876337824
40,35,Qalpha_keV,-3638.842999999877,-3638.83,0.01299999987713818
39,36,Sn_keV,10063.113000000012,10063.1,0.013000000011743396
39,36,Sp_keV,6324.41100000008,6324.44,0.02899999991950608
39,36,S2n_keV,23914.493000000133,23914.51,0.01699999986522016
39,36,S2p_keV,10674.190999999992,10674.18,0.010999999991327059
39,36,Qalpha_keV,-3602.0050000000047,-3602.03,0.024999999995543476
38,37,Sn_keV,13373.937000000034,13374.0,0.06299999996554106
38,37,Sp_keV,2175.8129999999655,2175.83,0.017000000034386176
38,37,S2p_keV,8149.106000000029,8149.16,0.05399999997098348
38,37,Qalpha_keV,-3141.1630000000587,-3141.19,0.026999999941381247
37,38,Sp_keV,1991.6370000001043,1991.66,0.022999999895773726
37,38,S2p_keV,4644.8930000001565,4644.88,0.013000000156353053
37,38,Qalpha_keV,-2716.435000000056,-2716.4,0.035000000055788405
47,29,Sn_keV,4576.002000000095,4575.96,0.04200000009495852
47,29,S2n_keV,11112.464000000036,11112.41,0.0540000000364671
46,30,Sn_keV,7815.472999999998,7815.43,0.04299999999784632
46,30,Sp_keV,15120.697999999975,15120.65,0.04799999997521809
46,30,S2n_keV,12688.951999999816,12688.94,0.011999999815088813
46,30,Qalpha_keV,-10501.89599999995,-10501.87,0.025999999948908226
45,31,Sn_keV,5903.375999999931,5903.38,0.00400000006902701
45,31,Sp_keV,11026.701000000117,11026.7,0.0010000001166190486
45,31,S2n_keV,14389.618000000017,14389.66,0.041999999983090675
45,31,S2p_keV,24868.388000000035,24868.38,0.008000000034371624
45,31,Qalpha_keV,-8938.516000000061,-8938.56,0.04399999993802339
44,32,Sn_keV,9427.261000000057,9427.24,0.021000000057028956
44,32,Sp_keV,12037.33600000001,12037.28,0.05600000000958971
44,32,S2n_keV,15933.136000000057,15933.08,0.05600000005688344
44,32,S2p_keV,22034.140000000014,22034.12,0.020000000014988473
44,32,Qalpha_keV,-7492.316000000108,-7492.32,0.003999999891675543
43,33,Sn_keV,7328.466000000131,7328.5,0.03399999986868352
43,33,Sp_keV,7723.341000000015,7723.38,0.03899999998520798
43,33,S2n_keV,17573.94200000004,17573.96,0.017999999960011337
43,33,S2p_keV,18819.658000000054,18819.7,0.041999999946710886
43,33,Qalpha_keV,-6127.947999999975,-6128.0,0.05200000002514571
42,34,Sn_keV,11153.777000000002,11153.79,0.01299999999901047
42,34,Sp_keV,9506.702000000165,9506.73,0.027999999834719347
42,34,S2n_keV,19181.342000000062,19181.38,0.03799999993862002
42,34,S2p_keV,16407.45200000005,16407.45,0.002000000047701178
42,34,Qalpha_keV,-5090.952000000048,-5090.97,0.017999999951825885
41,35,Sn_keV,9253.357000000076,9253.38,0.022999999922831194
41,35,Sp_keV,5408.556999999913,5408.56,0.003000000087013177
41,35,S2n_keV,21143.51800000004,21143.55,0.031999999959225534
41,35,S2p_keV,14006.957999999984,14006.96,0.002000000014959369
41,35,Qalpha_keV,-4484.155999999959,-4484.19,0.034000000040578016
40,36,Sn_keV,12761.407000000007,12761.41,0.002999999993335223
40,36,Sp_keV,7195.657000000123,7195.68,0.02299999987735646
40,36,S2n_keV,22824.52000000002,22824.51,0.010000000020227162
40,36,S2p_keV,11378.42200000002,11378.45,0.0279999999802385
40,36,Qalpha_keV,-3570.4640000000363,-3570.45,0.01400000003650348
39,37,Sn_keV,11331.714999999967,11331.7,0.014999999966676114
39,37,Sp_keV,3444.414999999921,3444.43,0.01500000007899871
39,37,S2n_keV,24705.652000000002,24705.71,0.05799999999726424
39,37,S2p_keV,9768.826000000001,9768.87,0.04399999999986903
39,37,Qalpha_keV,-3842.2159999998985,-3842.25,0.03400000010151416
38,38,Sn_keV,15700.27899999998,15700.26,0.018999999980223947
38,38,Sp_keV,4317.97900000005,4317.92,0.05900000005021866
38,38,S2p_keV,6493.792000000016,6493.74,0.05200000001605076
38,38,Qalpha_keV,-2731.976000000024,-2731.98,0.003999999975803803
47,30,Sn_keV,4557.483000000124,4557.5,0.016999999876134098
47,30,Sp_keV,15102.179000000004,15102.18,0.000999999996565748
47,30,S2n_keV,12372.956000000122,12372.92,0.0360000001219305
47,30,Qalpha_keV,-11105.974999999977,-11105.96,0.01499999997759005
46,31,Sn_keV,7767.053999999887,7767.02,0.03399999988687341
46,31,Sp_keV,10978.282000000007,10978.3,0.017999999992753146
46,31,S2n_keV,13670.429999999818,13670.4,0.029999999818755896
46,31,S2p_keV,26098.97999999998,26098.94,0.03999999998268322
46,31,Qalpha_keV,-9429.832999999868,-9429.82,0.012999999868043233
45,32,Sn_keV,6071.219999999972,6071.29,0.0700000000279033
45,32,Sp_keV,12205.180000000051,12205.19,0.009999999949286575
45,32,S2n_keV,15498.481000000029,15498.53,0.048999999971783836
45,32,S2p_keV,23231.88100000017,23231.89,0.008999999830848537
45,32,Qalpha_keV,-8044.311000000103,-8044.37,0.058999999896514055
44,33,Sn_keV,9696.28999999992,9696.26,0.029999999920619302
44,33,Sp_keV,7992.369999999879,7992.4,0.030000000120708137
44,33,S2n_keV,17024.756000000052,17024.76,0.003999999946245225
44,33,S2p_keV,20029.70599999989,20029.68,0.025999999888881575
44,33,Qalpha_keV,-6641.917000000016,-6641.9,0.01700000001619628
43,34,Sn_keV,7418.87799999991,7418.86,0.01799999990998913
43,34,Sp_keV,9597.113999999943,9597.08,0.03399999994326208
43,34,S2n_keV,18572.65499999991,18572.64,0.014999999912106432
43,34,S2p_keV,17320.454999999958,17320.47,0.015000000043073669
43,34,Qalpha_keV,-5726.892999999924,-5726.88,0.01299999992352241
42,35,Sn_keV,11017.030000000028,11017.06,0.029999999971551006
42,35,Sp_keV,5271.8099999999395,5271.83,0.020000000060463208
42,35,S2n_keV,20270.387000000104,20270.43,0.04299999989598291
42,35,S2p_keV,14778.512000000104,14778.55,0.037999999894964276
42,35,Qalpha_keV,-4706.944999999949,-4706.98,0.035000000050786184
41,36,Sn_keV,9227.03999999992,9227.05,0.010000000078434823
41,36,Sp_keV,7169.339999999967,7169.34,3.2741809263825417e-11
41,36,S2n_keV,21988.446999999927,21988.45,0.0030000000733707566
41,36,S2p_keV,12577.89699999988,12577.9,0.0030000001188454917
41,36,Qalpha_keV,-4366.977999999886,-4366.97,0.007999999886123987
40,37,Sn_keV,12422.763000000035,12422.73,0.033000000035826815
40,37,Sp_keV,3105.7709999999497,3105.75,0.02099999994970858
40,37,S2n_keV,23754.478000000003,23754.43,0.04800000000250293
40,37,S2p_keV,10301.428000000073,10301.42,0.008000000072570401
40,37,Qalpha_keV,-3607.923999999999,-3607.93,0.0060000000007676135
39,38,Sn_keV,11627.081999999937,11627.11,0.02800000006391201
39,38,Sp_keV,4613.34600000002,4613.33,0.016000000019630534
39,38,S2n_keV,27327.360999999917,27327.38,0.019000000083906343
39,38,S2p_keV,8057.76099999994,8057.75,0.010999999940395355
39,38,Qalpha_keV,-3676.594000000041,-3676.6,0.005999999958930857
49,29,S2n_keV,9664.097999999882,9664.12,0.022000000119078322
48,30,Sn_keV,6765.331000000006,6765.36,0.028999999994084646
48,30,S2n_keV,11322.81400000013,11322.85,0.03599999987090996
47,31,Sn_keV,5784.876000000164,5784.92,0.043999999836159986
47,31,Sp_keV,12205.675000000047,12205.73,0.054999999952997314
47,31,S2n_keV,13551.930000000051,13551.95,0.019999999949504854
47,31,S2p_keV,27307.85400000005,27307.91,0.05599999994956306
47,31,Qalpha_keV,-10124.658000000054,-10124.66,0.0019999999458377715
46,32,Sn_keV,8720.55799999996,8720.5,0.05799999996088445
46,32,Sp_keV,13158.684000000125,13158.68,0.004000000124506187
46,32,S2n_keV,14791.777999999933,14791.79,0.01200000006792834
46,32,S2p_keV,24136.96600000013,24136.97,0.00399999986984767
46,32,Qalpha_keV,-8530.257999999914,-8530.25,0.007999999914318323
45,33,Sn_keV,6971.944000000018,6971.94,0.004000000018095307
45,33,Sp_keV,8893.093999999925,8893.05,0.04399999992529047
45,33,S2n_keV,16668.23399999994,16668.2,0.033999999937805114
45,33,S2p_keV,21098.273999999976,21098.24,0.0339999999741849
45,33,Qalpha_keV,-7192.23199999996,-7192.24,0.008000000039828592
44,34,Sn_keV,10497.738000000012,10497.77,0.031999999988329364
44,34,Sp_keV,10398.562000000034,10398.6,0.03799999996590486
44,34,S2n_keV,17916.61599999992,17916.63,0.01400000007924973
44,34,S2p_keV,18390.931999999913,18391.0,0.068000000086613
44,34,Qalpha_keV,-6028.407999999938,-6028.42,0.012000000062471372
43,35,Sn_keV,8288.73999999999,8288.67,0.06999999999061401
43,35,Sp_keV,6141.6720000000205,6141.64,0.03200000002016168
43,35,S2n_keV,19305.77000000002,19305.73,0.04000000001906301
43,35,S2p_keV,15738.785999999964,15738.72,0.06599999996433326
43,35,Qalpha_keV,-5017.06799999997,-5017.02,0.04799999996976112
42,36,Sn_keV,12080.191999999923,12080.15,0.041999999923064024
42,36,Sp_keV,8232.501999999862,8232.44,0.06199999986165494
42,36,S2n_keV,21307.231999999844,21307.2,0.03199999984281021
42,36,S2p_keV,13504.311999999802,13504.27,0.041999999801191734
42,36,Qalpha_keV,-4389.993999999831,-4389.99,0.003999999831648893
41,37,Sn_keV,10176.197000000044,10176.24,0.04299999995600956
41,37,Sp_keV,4054.9280000000726,4054.95,0.02199999992717494
41,37,S2n_keV,22598.96000000008,22598.97,0.009999999922001734
41,37,S2p_keV,11224.26800000004,11224.29,0.021999999960826244
41,37,Qalpha_keV,-4072.1260000000475,-4072.18,0.05399999995233884
40,38,Sn_keV,13441.802000000025,13441.82,0.017999999974563252
40,38,Sp_keV,5632.385000000009,5632.42,0.034999999990759534
40,38,S2n_keV,25068.88399999996,25068.94,0.05600000003687455
40,38,S2p_keV,8738.155999999959,8738.17,0.014000000041050953
40,38,Qalpha_keV,-3267.015999999945,-3267.02,0.004000000054929842
49,30,Sn_keV,4020.4159999999683,4020.38,0.03599999996822589
49,30,Sp_keV,16223.828000000096,16223.8,0.02800000009665382
49,30,S2n_keV,10785.746999999974,10785.73,0.016999999974359525
48,31,Sn_keV,6913.07099999988,6913.05,0.02099999987967749
48,31,Sp_keV,12353.41499999992,12353.41,0.0049999999209831
48,31,S2n_keV,12697.947000000044,12697.97,0.022999999955573003
48,31,Qalpha_keV,-10501.266999999993,-10501.25,0.01699999999254942
47,32,Sn_keV,5735.864999999991,5735.86,0.004999999991014192
47,32,Sp_keV,13109.672999999952,13109.61,0.06299999995098915
47,32,S2n_keV,14456.422999999952,14456.36,0.06299999995098915
47,32,S2p_keV,25315.347999999998,25315.34,0.007999999997991836
47,32,Qalpha_keV,-9392.644000000088,-9392.6,0.044000000087180524
46,33,Sn_keV,8890.41399999999,8890.43,0.016000000010535587
46,33,Sp_keV,9062.949999999953,9062.97,0.020000000045911293
46,33,S2n_keV,15862.358000000007,15862.37,0.011999999993349775
46,33,S2p_keV,22221.63400000008,22221.65,0.015999999923224095
46,33,Qalpha_keV,-7596.403999999864,-7596.38,0.023999999863917765
45,34,Sn_keV,6962.900000000023,6962.83,0.07000000002335582
45,34,Sp_keV,10389.51800000004,10389.49,0.02800000004026515
45,34,S2n_keV,17460.638000000035,17460.6,0.03800000003684545
45,34,S2p_keV,19282.611999999965,19282.54,0.07199999996373663
45,34,Qalpha_keV,-6485.432999999961,-6485.41,0.02299999996102997
44,35,Sn_keV,10687.123999999953,10687.19,0.06600000004800677
44,35,Sp_keV,6331.057999999961,6331.06,0.002000000039515726
44,35,S2n_keV,18975.863999999943,18975.86,0.003999999942607246
44,35,S2p_keV,16729.619999999995,16729.66,0.040000000004511094
44,35,Qalpha_keV,-5458.716000000015,-5458.75,0.03399999998509884
43,36,Sn_keV,8335.283999999985,8335.3,0.016000000014173565
43,36,Sp_keV,8279.045999999857,8279.07,0.024000000143132638
43,36,S2n_keV,20415.475999999908,20415.45,0.02599999990707147
43,36,S2p_keV,14420.717999999877,14420.71,0.007999999877938535
43,36,Qalpha_keV,-4697.712999999756,-4697.69,0.022999999756393663
42,37,Sn_keV,11938.917999999947,11938.88,0.03799999994771497
42,37,Sp_keV,3913.654000000097,3913.68,0.025999999902978743
42,37,S2n_keV,22115.11499999999,22115.13,0.01500000001033186
42,37,S2p_keV,12146.155999999959,12146.12,0.03599999995822145
42,37,Qalpha_keV,-4120.883000000031,-4120.89,0.006999999969593773
41,38,Sn_keV,10374.292000000016,10374.26,0.032000000015614205
41,38,Sp_keV,5830.479999999981,5830.44,0.039999999981773726
41,38,S2n_keV,23816.09400000004,23816.09,0.004000000040832674
41,38,S2p_keV,9885.408000000054,9885.39,0.018000000054598786
41,38,Qalpha_keV,-3578.194999999949,-3578.18,0.014999999948940967
40,39,Sp_keV,1932.905000000028,1932.86,0.04500000002803972
40,39,S2p_keV,7565.290000000037,7565.28,0.010000000037507562
40,39,Qalpha_keV,-3024.1080000000075,-3024.05,0.05800000000726868
50,30,Sn_keV,6287.621999999974,6287.63,0.008000000026186171
50,30,S2n_keV,10308.037999999942,10308.01,0.02799999994203972
49,31,Sn_keV,4747.3429999999935,4747.31,0.032999999993080564
49,31,Sp_keV,13080.341999999946,13080.34,0.0019999999458377715
49,31,S2n_keV,11660.413999999873,11660.35,0.06399999987297633
49,31,S2p_keV,29304.170000000042,29304.14,0.030000000042491592
49,31,Qalpha_keV,-10672.607999999891,-10672.6,0.007999999890671461
48,32,Sn_keV,8080.02099999995,8080.03,0.00900000005003676
48,32,Sp_keV,14276.623000000021,14276.6,0.02300000002105662
48,32,S2n_keV,13815.88599999994,13815.89,0.004000000059022568
48,32,S2p_keV,26630.037999999942,26630.01,0.02799999994385871
48,32,Qalpha_keV,-9657.19200000004,-9657.21,0.017999999960011337
47,33,Sn_keV,6649.7360000000335,6649.76,0.023999999966690666
47,33,Sp_keV,9976.820999999996,9976.87,0.049000000004525646
47,33,S2n_keV,15540.150000000023,15540.19,0.03999999997722625
47,33,S2p_keV,23086.493999999948,23086.48,0.013999999948282493
47,33,Qalpha_keV,-8342.763999999966,-8342.77,0.00600000003396417
46,34,Sn_keV,9913.271999999997,9913.31,0.03800000000228465
46,34,Sp_keV,11412.376000000047,11412.38,0.003999999951702193
46,34,S2n_keV,16876.17200000002,16876.15,0.022000000019033905
46,34,S2p_keV,20475.326,20475.35,0.023999999997613486
46,34,Qalpha_keV,-6971.443999999901,-6971.48,0.036000000098283635
45,35,Sn_keV,7892.314000000013,7892.28,0.034000000013293175
45,35,Sp_keV,7260.471999999951,7260.5,0.028000000049360096
45,35,S2n_keV,18579.437999999966,18579.47,0.03200000003562309
45,35,S2p_keV,17649.98999999999,17649.99,1.0913936421275139e-11
45,35,Qalpha_keV,-6022.563999999897,-6022.53,0.03399999989687785
44,36,Sn_keV,11522.392000000109,11522.41,0.01799999989088974
44,36,Sp_keV,9114.314000000013,9114.28,0.03400000001238368
44,36,S2n_keV,19857.676000000094,19857.71,0.033999999905063305
44,36,S2p_keV,15445.371999999974,15445.34,0.03199999997377745
44,36,Qalpha_keV,-5066.327999999863,-5066.31,0.017999999862695404
43,37,Sn_keV,9443.782000000007,9443.8,0.017999999992753146
43,37,Sp_keV,5022.152000000118,5022.18,0.02799999988201307
43,37,S2n_keV,21382.699999999953,21382.68,0.019999999953142833
43,37,S2p_keV,13301.197999999975,13301.25,0.05200000002514571
43,37,Qalpha_keV,-4311.307999999961,-4311.31,0.002000000039515726
42,38,Sn_keV,12905.899999999907,12905.89,0.00999999990744982
42,38,Sp_keV,6797.461999999941,6797.44,0.021999999941726855
42,38,S2n_keV,23280.191999999923,23280.15,0.041999999921245035
42,38,S2p_keV,10711.116000000038,10711.12,0.00399999996261613
42,38,Qalpha_keV,-3722.687999999849,-3722.66,0.027999999849271262
41,39,Sn_keV,11401.60699999996,11401.64,0.033000000039464794
41,39,Sp_keV,2960.219999999972,2960.23,0.010000000027957867
41,39,S2p_keV,8790.699999999953,8790.67,0.02999999995336111
41,39,Qalpha_keV,-3094.0,-3093.99,0.010000000000218279
51,30,Sn_keV,2622.3249999999534,2622.37,0.04500000004645699
51,30,S2n_keV,8909.946999999927,8910.0,0.05300000007264316
50,31,Sn_keV,6475.597000000067,6475.6,0.0029999999333085725
50,31,Sp_keV,13268.31700000004,13268.31,0.007000000039624865
50,31,S2n_keV,11222.94000000006,11222.91,0.030000000060681487
49,32,Sn_keV,4827.697999999975,4827.7,0.0020000000249638106
49,32,Sp_keV,14356.978000000003,14356.99,0.011999999996987754
49,32,S2n_keV,12907.718999999925,12907.73,0.011000000075000571
49,32,S2p_keV,27437.31999999995,27437.33,0.010000000052968971
49,32,Qalpha_keV,-9927.40699999989,-9927.41,0.0030000001097505447
48,33,Sn_keV,8390.136000000057,8390.13,0.006000000057611032
48,33,Sp_keV,10286.936000000103,10286.97,0.03399999989596836
48,33,S2n_keV,15039.87200000009,15039.89,0.017999999909079634
48,33,S2p_keV,24563.559000000125,24563.57,0.010999999874911737
48,33,Qalpha_keV,-8965.846000000136,-8965.88,0.03399999986322655
47,34,Sn_keV,6700.878999999957,6700.85,0.028999999956795364
47,34,Sp_keV,11463.518999999971,11463.47,0.048999999971783836
47,34,S2n_keV,16614.150999999954,16614.16,0.009000000045489287
47,34,S2p_keV,21440.339999999967,21440.34,3.2741809263825417e-11
47,34,Qalpha_keV,-7601.102999999886,-7601.04,0.06299999988641503
46,35,Sn_keV,10159.386000000057,10159.36,0.0260000000562286
46,35,Sp_keV,7506.58600000001,7506.55,0.03600000001006265
46,35,S2n_keV,18051.70000000007,18051.63,0.07000000006883056
46,35,S2p_keV,18918.962000000058,18918.93,0.03200000005745096
46,35,Qalpha_keV,-6485.660000000033,-6485.63,0.03000000003248715
45,36,Sn_keV,7874.179999999935,7874.15,0.029999999935171218
45,36,Sp_keV,9096.179999999935,9096.16,0.01999999993495294
45,36,S2n_keV,19396.572000000044,19396.56,0.012000000042462489
45,36,S2p_keV,16356.651999999885,16356.66,0.008000000114407158
45,36,Qalpha_keV,-5521.629999999888,-5521.61,0.01999999988856871
44,37,Sn_keV,11352.553000000073,11352.52,0.0330000000722066
44,37,Sp_keV,4852.313000000082,4852.29,0.023000000081992766
44,37,S2n_keV,20796.33500000008,20796.32,0.015000000079453457
44,37,S2p_keV,13966.627000000095,13966.58,0.04700000009506766
44,37,Qalpha_keV,-4646.831000000006,-4646.78,0.051000000005842594
43,38,Sn_keV,9287.994000000064,9287.98,0.014000000064697815
43,38,Sp_keV,6641.673999999999,6641.63,0.04399999999895954
43,38,S2n_keV,22193.89399999997,22193.87,0.023999999972147634
43,38,S2p_keV,11663.826000000117,11663.81,0.01600000011785596
43,38,Qalpha_keV,-3783.6419999999925,-3783.6,0.04199999999264037
42,39,Sn_keV,12636.062000000034,12636.08,0.017999999965468305
42,39,Sp_keV,2690.3820000000997,2690.42,0.037999999900421244
42,39,S2n_keV,24037.668999999994,24037.71,0.04100000000471482
42,39,S2p_keV,9487.844000000041,9487.87,0.025999999959822162
42,39,Qalpha_keV,-3307.298999999999,-3307.34,0.04100000000107684
41,40,Sp_keV,3600.9980000000214,3600.96,0.03800000002138404
41,40,S2p_keV,6561.2179999999935,6561.19,0.02799999999388092
41,40,Qalpha_keV,-2081.652000000002,-2081.62,0.032000000001971785
52,30,Sn_keV,4185.669000000111,4185.61,0.059000000111154804
52,30,S2n_keV,6807.994000000064,6807.98,0.014000000064697815
51,31,Sn_keV,3374.101000000024,3374.08,0.021000000024287147
51,31,Sp_keV,14020.09300000011,14020.03,0.06300000010924123
51,31,S2n_keV,9849.698000000091,9849.69,0.008000000090760295
51,31,Qalpha_keV,-10858.2080000001,-10858.17,0.03800000010051008
50,32,Sn_keV,7194.694000000018,7194.7,0.005999999982122972
50,32,Sp_keV,15076.074999999953,15076.08,0.005000000046493369
50,32,S2n_keV,12022.391999999993,12022.4,0.008000000007086783
50,32,S2p_keV,28344.391999999993,28344.4,0.008000000008905772
50,32,Qalpha_keV,-10356.769999999902,-10356.75,0.01999999990221113
49,33,Sn_keV,5643.412000000011,5643.43,0.017999999989115167
49,33,Sp_keV,11102.65000000014,11102.7,0.04999999986102921
49,33,S2n_keV,14033.548000000068,14033.56,0.011999999931504135
49,33,S2p_keV,25459.628000000142,25459.69,0.061999999856197974
49,33,Qalpha_keV,-8824.381999999983,-8824.38,0.001999999984036549
48,34,Sn_keV,9276.15300000005,9276.21,0.05699999994976679
48,34,Sp_keV,12349.535999999964,12349.55,0.014000000035593985
48,34,S2n_keV,15977.032000000007,15977.06,0.027999999992971425
48,34,S2p_keV,22636.472000000067,22636.52,0.04799999993338133
48,34,Qalpha_keV,-8156.697999999975,-8156.75,0.05200000002514571
47,35,Sn_keV,7592.881999999983,7592.94,0.05800000001636363
47,35,Sp_keV,8398.589000000036,8398.64,0.05099999996309634
47,35,S2n_keV,17752.26800000004,17752.3,0.031999999959225534
47,35,S2p_keV,19862.108000000007,19862.11,0.001999999993131496
47,35,Qalpha_keV,-7106.597999999998,-7106.64,0.04200000000219006
46,36,Sn_keV,10966.930000000051,10966.92,0.010000000051149982
46,36,Sp_keV,9903.72399999993,9903.72,0.0039999999298743205
46,36,S2n_keV,18841.109999999986,18841.07,0.0399999999863212
46,36,S2p_keV,17410.30999999994,17410.27,0.039999999939027475
46,36,Qalpha_keV,-5990.821999999927,-5990.76,0.06199999992713856
45,37,Sn_keV,8802.460999999894,8802.45,0.01099999989310163
45,37,Sp_keV,5780.594000000041,5780.59,0.004000000040832674
45,37,S2n_keV,20155.013999999966,20154.97,0.043999999965308234
45,37,S2p_keV,14876.773999999976,14876.75,0.023999999975785613
45,37,Qalpha_keV,-5160.551999999909,-5160.56,0.00800000009166979
44,38,Sn_keV,12553.202000000048,12553.24,0.03799999995135295
44,38,Sp_keV,7842.322999999975,7842.35,0.027000000025509507
44,38,S2n_keV,21841.196000000113,21841.23,0.03399999988687341
44,38,S2p_keV,12694.636000000057,12694.65,0.013999999942825525
44,38,Qalpha_keV,-4256.652000000118,-4256.69,0.037999999881321855
43,39,Sn_keV,10422.487999999896,10422.5,0.012000000104308128
43,39,Sp_keV,3824.875999999931,3824.94,0.06400000006897244
43,39,S2n_keV,23058.54999999993,23058.57,0.020000000069558155
43,39,S2p_keV,10466.54999999993,10466.56,0.010000000069339876
43,39,Qalpha_keV,-3553.589999999851,-3553.59,1.4915713109076023e-10
42,40,Sn_keV,14242.433999999892,14242.46,0.026000000107160304
42,40,Sp_keV,5207.369999999879,5207.35,0.019999999878564267
42,40,S2p_keV,7897.751999999979,7897.77,0.018000000021856977
42,40,Qalpha_keV,-2882.2839999998687,-2882.26,0.023999999868465238
52,31,Sn_keV,4397.707000000053,4397.72,0.012999999947169272
52,31,Sp_keV,14232.131000000052,14232.14,0.00899999994726386
52,31,S2n_keV,7771.808000000077,7771.8,0.008000000077117875
51,32,Sn_keV,3632.6429999999236,3632.68,0.03700000007620474
51,32,Sp_keV,15334.616999999853,15334.69,0.07300000014765828
51,32,S2n_keV,10827.336999999941,10827.38,0.04300000005787297
51,32,S2p_keV,29354.709999999963,29354.71,3.637978807091713e-11
51,32,Qalpha_keV,-9968.996999999858,-9969.06,0.06300000014198304
50,33,Sn_keV,7635.250999999931,7635.22,0.03099999993082747
50,33,Sp_keV,11543.207000000053,11543.23,0.022999999946478056
50,33,S2n_keV,13278.662999999942,13278.65,0.012999999942621798
50,33,S2p_keV,26619.282000000007,26619.31,0.027999999994790414
50,33,Qalpha_keV,-9546.562000000034,-9546.56,0.0020000000349682523
49,34,Sn_keV,5817.993000000017,5817.97,0.023000000016509148
49,34,Sp_keV,12524.11699999997,12524.08,0.036999999969339115
49,34,S2n_keV,15094.146000000066,15094.18,0.033999999934167136
49,34,S2p_keV,23626.76700000011,23626.78,0.012999999889871106
49,34,Qalpha_keV,-8238.826000000001,-8238.85,0.023999999999432475
48,35,Sn_keV,9586.363999999943,9586.37,0.006000000057611032
48,35,Sp_keV,8708.79999999993,8708.8,6.912159733474255e-11
48,35,S2n_keV,17179.245999999926,17179.31,0.06400000007488416
48,35,S2p_keV,21058.335999999894,21058.35,0.014000000104715582
48,35,Qalpha_keV,-7802.547999999952,-7802.58,0.032000000048356014
47,36,Sn_keV,7470.1570000000065,7470.17,0.012999999993553502
47,36,Sp_keV,9780.998999999953,9780.94,0.05899999995199323
47,36,S2n_keV,18437.087000000058,18437.09,0.0029999999424035195
47,36,S2p_keV,18179.58799999999,18179.59,0.00200000001132139
47,36,Qalpha_keV,-6498.078999999911,-6498.09,0.011000000089552486
46,37,Sn_keV,10954.080000000075,10954.14,0.05999999992491212
46,37,Sp_keV,5767.744000000064,5767.82,0.0759999999354477
46,37,S2n_keV,19756.54099999997,19756.59,0.04900000003181049
46,37,S2p_keV,15671.467999999993,15671.54,0.07200000000739237
46,37,Qalpha_keV,-5427.508000000031,-5427.51,0.0019999999694846338
45,38,Sn_keV,8858.904999999912,8858.87,0.034999999910724
45,38,Sp_keV,7898.766999999993,7898.77,0.003000000007887138
45,38,S2n_keV,21412.10699999996,21412.11,0.0030000000406289473
45,38,S2p_keV,13679.361000000034,13679.37,0.008999999967272743
45,38,Qalpha_keV,-4780.273000000045,-4780.26,0.013000000044485205
44,39,Sn_keV,12212.898000000161,12212.89,0.008000000161700882
44,39,Sp_keV,3484.5720000000438,3484.58,0.00799999995615508
44,39,S2n_keV,22635.386000000057,22635.39,0.003999999942607246
44,39,S2p_keV,11326.895000000019,11326.94,0.044999999981882866
44,39,Qalpha_keV,-3827.570000000065,-3827.6,0.02999999993471647
43,40,Sn_keV,10351.685000000056,10351.68,0.005000000055588316
43,40,Sp_keV,5136.567000000039,5136.53,0.03700000003937021
43,40,S2n_keV,24594.118999999948,24594.15,0.031000000053609256
43,40,S2p_keV,8961.44299999997,8961.47,0.027000000029147486
43,40,Qalpha_keV,-2859.6769999999087,-2859.68,0.0030000000911059033
42,41,Sp_keV,1213.8000000000466,1213.77,0.03000000004658432
42,41,S2p_keV,6421.1699999999255,6421.11,0.05999999992582161
42,41,Qalpha_keV,-2163.1789999998873,-2163.17,0.008999999887237209
52,32,Sn_keV,5243.381000000052,5243.31,0.07100000005175389
52,32,Sp_keV,16180.290999999852,16180.28,0.010999999851264874
52,32,S2n_keV,8876.023999999976,8876.0,0.023999999975785613
52,32,S2p_keV,30412.421999999904,30412.41,0.011999999904219294
52,32,Qalpha_keV,-8924.755999999936,-8924.73,0.0259999999361753
51,33,Sn_keV,4255.5929999999935,4255.55,0.04299999999329884
51,33,Sp_keV,12166.157000000123,12166.1,0.05700000012257078
51,33,S2n_keV,11890.843999999925,11890.78,0.06399999992390804
51,33,S2p_keV,27500.773999999976,27500.78,0.006000000023050234
51,33,Qalpha_keV,-9054.812000000034,-9054.81,0.0020000000349682523
50,34,Sn_keV,8678.546999999904,8678.51,0.036999999903855496
50,34,Sp_keV,13567.412999999942,13567.37,0.042999999941457645
50,34,S2n_keV,14496.53999999992,14496.47,0.06999999992149242
50,34,S2p_keV,25110.619999999995,25110.6,0.01999999999679858
50,34,Qalpha_keV,-8837.351999999955,-8837.33,0.021999999955369276
49,35,Sn_keV,6840.7639999999665,6840.69,0.07399999996687256
49,35,Sp_keV,9731.57099999988,9731.52,0.05099999987942283
49,35,S2n_keV,16427.12799999991,16427.06,0.06799999990835204
49,35,S2p_keV,22255.68799999985,22255.61,0.07799999984854367
49,35,Qalpha_keV,-7993.5759999998845,-7993.51,0.06599999988429772
48,36,Sn_keV,10519.957000000053,10520.02,0.06299999994735117
48,36,Sp_keV,10714.592000000062,10714.6,0.007999999937965185
48,36,S2n_keV,17990.11400000006,17990.18,0.0659999999406864
48,36,S2p_keV,19423.391999999993,19423.39,0.001999999993131496
48,36,Qalpha_keV,-7104.7639999999665,-7104.79,0.026000000033491233
47,37,Sn_keV,8759.72199999995,8759.65,0.0719999999510037
47,37,Sp_keV,7057.309000000008,7057.3,0.009000000008200004
47,37,S2n_keV,19713.802000000025,19713.8,0.0020000000258733053
47,37,S2p_keV,16838.30799999996,16838.24,0.06799999995928374
47,37,Qalpha_keV,-6294.915999999968,-6294.89,0.025999999968007614
46,38,Sn_keV,11923.227000000072,11923.28,0.052999999928943
46,38,Sp_keV,8867.91399999999,8867.91,0.003999999989900971
46,38,S2n_keV,20782.131999999983,20782.15,0.018000000018218998
46,38,S2p_keV,14635.658000000054,14635.73,0.07199999994554673
46,38,Qalpha_keV,-5181.108000000007,-5181.14,0.03199999999287684
45,39,Sn_keV,9760.071999999927,9760.08,0.008000000072570401
45,39,Sp_keV,4385.73900000006,4385.8,0.060999999940577254
45,39,S2n_keV,21972.97000000009,21972.97,8.731149137020111e-11
45,39,S2p_keV,12284.506000000052,12284.57,0.0639999999475549
45,39,Qalpha_keV,-4143.859999999986,-4143.88,0.020000000014078978
44,40,Sn_keV,13581.319000000018,13581.35,0.03099999998266867
44,40,Sp_keV,6504.987999999896,6504.99,0.0020000001040898496
44,40,S2n_keV,23933.004000000074,23933.03,0.025999999925261363
44,40,S2p_keV,9989.55999999994,9989.57,0.010000000060244929
44,40,Qalpha_keV,-3535.0960000000196,-3535.14,0.0439999999803149
43,41,Sn_keV,11733.936000000103,11733.95,0.01399999989735079
43,41,Sp_keV,2596.051000000094,2596.03,0.02100000009386349
43,41,S2p_keV,7732.618000000133,7732.57,0.048000000133470166
43,41,Qalpha_keV,-2495.5080000000307,-2495.48,0.028000000030715455
53,32,Sn_keV,3046.264000000083,3046.31,0.04599999991705772
53,32,S2n_keV,8289.645000000135,8289.62,0.025000000134241418
53,32,Qalpha_keV,-9348.695000000065,-9348.67,0.02500000006511982
52,33,Sn_keV,5406.847999999998,5406.9,0.05200000000149885
52,33,Sp_keV,12329.624000000069,12329.69,0.06599999993159145
52,33,S2n_keV,9662.440999999992,9662.46,0.019000000007508788
52,33,S2p_keV,28509.91499999992,28509.96,0.045000000078289304
52,33,Qalpha_keV,-7986.0629999999655,-7986.11,0.04700000003413152
51,34,Sn_keV,4537.228000000003,4537.23,0.001999999996769475
51,34,Sp_keV,13849.047999999952,13849.05,0.002000000047701178
51,34,S2n_keV,13215.774999999907,13215.74,0.03499999990708602
51,34,S2p_keV,26015.205000000075,26015.14,0.06500000007508788
51,34,Qalpha_keV,-8546.881999999983,-8546.86,0.021999999982654117
50,35,Sn_keV,8863.684000000125,8863.7,0.01599999987593037
50,35,Sp_keV,9916.7080000001,9916.72,0.011999999898762326
50,35,S2n_keV,15704.448000000091,15704.39,0.05800000009185169
50,35,S2p_keV,23484.121000000043,23484.09,0.03100000004269532
50,35,Qalpha_keV,-8467.123999999953,-8467.08,0.04399999995257531
49,36,Sn_keV,7112.305999999982,7112.31,0.004000000018095307
49,36,Sp_keV,10986.134000000078,10986.22,0.08599999992111407
49,36,S2n_keV,17632.263000000035,17632.33,0.06699999996635597
49,36,S2p_keV,20717.704999999958,20717.74,0.03500000004351023
49,36,Qalpha_keV,-7516.190999999992,-7516.26,0.06900000000860018
48,37,Sn_keV,10479.66900000011,10479.68,0.010999999889463652
48,37,Sp_keV,7017.021000000066,7016.97,0.051000000065869244
48,37,S2n_keV,19239.39100000006,19239.34,0.05100000006132177
48,37,S2p_keV,17731.61300000013,17731.56,0.05300000012721284
48,37,Qalpha_keV,-6615.199000000022,-6615.21,0.010999999977684638
47,38,Sn_keV,8525.021999999997,8525.03,0.008000000003448804
47,38,Sp_keV,8633.214000000036,8633.29,0.07599999996455153
47,38,S2n_keV,20448.24900000007,20448.31,0.0609999999323918
47,38,S2p_keV,15690.523000000045,15690.59,0.06699999995544204
47,38,Qalpha_keV,-5831.95000000007,-5832.01,0.059999999930369086
46,39,Sn_keV,12019.05999999994,12019.01,0.049999999939245754
46,39,Sp_keV,4481.571999999927,4481.52,0.05199999992692028
46,39,S2n_keV,21779.131999999867,21779.09,0.04199999986667535
46,39,S2p_keV,13349.485999999917,13349.43,0.05599999991682125
46,39,Qalpha_keV,-4810.366999999853,-4810.37,0.0030000001470398274
45,40,Sn_keV,9824.879000000074,9824.82,0.05900000007386552
45,40,Sp_keV,6569.795000000042,6569.73,0.06500000004234607
45,40,S2n_keV,23406.19800000009,23406.17,0.028000000093015842
45,40,S2p_keV,10955.534000000102,10955.52,0.014000000101077603
45,40,Qalpha_keV,-4071.981000000029,-4071.98,0.00100000002885281
44,41,Sn_keV,13132.266999999876,13132.28,0.013000000124520739
44,41,Sp_keV,2146.9989999999525,2146.96,0.03899999995246617
44,41,S2n_keV,24866.20299999998,24866.23,0.02700000002005254
44,41,S2p_keV,8651.986999999848,8651.95,0.036999999847466825
44,41,Qalpha_keV,-2991.7129999998724,-2991.68,0.032999999872572516
43,42,Sp_keV,3579.966999999946,3580.01,0.04300000005423499
43,42,S2p_keV,6176.01800000004,6176.04,0.02199999995991675
43,42,Qalpha_keV,-2474.4769999999553,-2474.53,0.05300000004490357
54,32,Sn_keV,4347.814000000013,4347.82,0.005999999986670446
54,32,S2n_keV,7394.078000000096,7394.13,0.051999999904182914
54,32,Qalpha_keV,-9510.839999999967,-9510.88,0.040000000031795935
53,33,Sn_keV,3844.3659999999218,3844.32,0.045999999921605195
53,33,Sp_keV,13127.725999999908,13127.69,0.03599999990728975
53,33,S2n_keV,9251.21399999992,9251.22,0.006000000079438905
53,33,Qalpha_keV,-8456.327999999863,-8456.34,0.012000000137049938
52,34,Sn_keV,6160.852000000072,6160.85,0.0020000000713480404
52,34,Sp_keV,14603.052000000025,14602.99,0.06200000002536399
52,34,S2n_keV,10698.080000000075,10698.08,7.457856554538012e-11
52,34,S2p_keV,26932.676000000094,26932.68,0.003999999906227458
52,34,Qalpha_keV,-7513.040000000037,-7513.02,0.020000000036816346
51,35,Sn_keV,5128.069999999949,5128.1,0.03000000005158654
51,35,Sp_keV,10507.550000000047,10507.59,0.03999999995357939
51,35,S2n_keV,13991.754000000074,13991.8,0.04599999992569792
51,35,S2p_keV,24356.597999999998,24356.63,0.03200000000288128
51,35,Qalpha_keV,-7951.78199999989,-7951.75,0.031999999890103936
50,36,Sn_keV,9856.724000000046,9856.65,0.0740000000459986
50,36,Sp_keV,11979.173999999999,11979.17,0.003999999998995918
50,36,S2n_keV,16969.030000000028,16968.96,0.07000000002881279
50,36,S2p_keV,21895.8820000001,21895.89,0.007999999899766408
50,36,Qalpha_keV,-8096.761999999988,-8096.7,0.061999999988074705
49,37,Sn_keV,8651.000999999931,8650.98,0.020999999931518687
49,37,Sp_keV,8555.716000000015,8555.63,0.08600000001570152
49,37,S2n_keV,19130.670000000042,19130.66,0.010000000042055035
49,37,S2p_keV,19541.850000000093,19541.85,9.458744898438454e-11
49,37,Qalpha_keV,-7673.31799999997,-7673.25,0.06799999997019768
48,38,Sn_keV,11491.185999999987,11491.13,0.05599999998776184
48,38,Sp_keV,9644.730999999912,9644.73,0.0009999999128922354
48,38,S2n_keV,20016.207999999984,20016.15,0.057999999982712325
48,38,S2p_keV,16661.75199999998,16661.7,0.051999999977851985
48,38,Qalpha_keV,-6356.206000000006,-6356.22,0.013999999994666723
47,39,Sn_keV,9512.228000000003,9512.28,0.05199999999786087
47,39,Sp_keV,5468.777999999933,5468.78,0.002000000066800567
47,39,S2n_keV,21531.287999999942,21531.29,0.0020000000586151145
47,39,S2p_keV,14101.99199999997,14102.07,0.0780000000304426
47,39,Qalpha_keV,-5520.133999999962,-5520.2,0.06600000003800233
46,40,Sn_keV,12865.07099999988,12865.14,0.06900000011955854
46,40,Sp_keV,7415.805999999982,7415.86,0.05400000001736771
46,40,S2n_keV,22689.949999999953,22689.96,0.010000000045693014
46,40,S2p_keV,11897.37799999991,11897.39,0.012000000089756213
46,40,Qalpha_keV,-4383.84999999986,-4383.88,0.030000000139807526
45,41,Sn_keV,10925.657000000007,10925.7,0.04299999999420834
45,41,Sp_keV,3247.7769999998854,3247.84,0.0630000001146982
45,41,S2n_keV,24057.923999999883,24057.97,0.0460000001185108
45,41,S2p_keV,9817.571999999927,9817.56,0.011999999927866156
45,41,Qalpha_keV,-3494.8819999999832,-3494.88,0.0019999999831270543
44,42,Sn_keV,14671.839000000036,14671.81,0.029000000036830897
44,42,Sp_keV,5119.539000000106,5119.54,0.0009999998937928467
44,42,S2p_keV,7266.538000000059,7266.5,0.03800000005867332
44,42,Qalpha_keV,-2903.8820000000997,-2903.87,0.012000000099760655
54,33,Sn_keV,4727.031000000075,4727.08,0.04899999992449011
54,33,Sp_keV,13506.94299999997,13506.96,0.017000000028929207
54,33,S2n_keV,8571.396999999997,8571.4,0.00300000000243017
54,33,Qalpha_keV,-8785.651999999885,-8785.7,0.04800000011528027
53,34,Sn_keV,3994.2249999999767,3994.28,0.05500000002348315
53,34,Sp_keV,14752.91100000008,14752.95,0.038999999920633854
53,34,S2n_keV,10155.077000000048,10155.12,0.04299999995237158
53,34,S2p_keV,27880.636999999988,27880.65,0.013000000013562385
53,34,Qalpha_keV,-7874.62200000009,-7874.61,0.012000000090665708
52,35,Sn_keV,6330.780000000028,6330.74,0.040000000028157956
52,35,Sp_keV,10677.478000000003,10677.48,0.001999999996769475
52,35,S2n_keV,11458.849999999977,11458.84,0.009999999976571416
52,35,S2p_keV,25280.530000000028,25280.47,0.060000000026775524
52,35,Qalpha_keV,-6647.310999999987,-6647.27,0.040999999986524926
51,36,Sn_keV,5515.126999999862,5515.17,0.0430000001379085
51,36,Sp_keV,12366.230999999912,12366.24,0.009000000087326043
51,36,S2n_keV,15371.850999999908,15371.83,0.020999999907871825
51,36,S2p_keV,22873.78099999996,22873.83,0.04900000004272442
51,36,Qalpha_keV,-7793.895999999833,-7793.91,0.014000000166561222
50,37,Sn_keV,9922.035000000033,9922.11,0.07499999996798579
50,37,Sp_keV,8621.027000000002,8621.1,0.07299999999850115
50,37,S2n_keV,18573.035999999964,18573.09,0.0540000000364671
50,37,S2p_keV,20600.201,20600.26,0.05899999999746797
50,37,Qalpha_keV,-8008.98900000006,-8009.0,0.010999999940395355
49,38,Sn_keV,8428.316000000108,8428.29,0.026000000107160304
49,38,Sp_keV,9422.04600000009,9422.04,0.006000000088533852
49,38,S2n_keV,19919.502000000095,19919.42,0.08200000009674113
49,38,S2p_keV,17977.762000000104,17977.68,0.08200000010401709
49,38,Qalpha_keV,-7314.365000000107,-7314.35,0.015000000106738298
48,39,Sn_keV,11806.619999999995,11806.6,0.01999999999497959
48,39,Sp_keV,5784.211999999941,5784.26,0.0480000000588916
48,39,S2n_keV,21318.847999999998,21318.89,0.04200000000128057
48,39,S2p_keV,15428.942999999854,15428.99,0.047000000145999365
48,39,Qalpha_keV,-6372.673999999883,-6372.66,0.013999999882798875
47,40,Sn_keV,9449.512000000104,9449.44,0.07200000010379881
47,40,Sp_keV,7353.090000000084,7353.02,0.07000000008338247
47,40,S2n_keV,22314.582999999984,22314.58,0.0029999999824212864
47,40,S2p_keV,12821.868000000017,12821.8,0.0680000000174914
47,40,Qalpha_keV,-4974.457000000053,-4974.45,0.007000000053267286
46,41,Sn_keV,12811.766999999993,12811.75,0.01699999999254942
46,41,Sp_keV,3194.472999999998,3194.44,0.032999999998082785
46,41,S2n_keV,23737.424,23737.44,0.01599999999962165
46,41,S2p_keV,10610.27899999998,10610.3,0.02100000001883018
46,41,Qalpha_keV,-4093.7509999998147,-4093.74,0.010999999814885086
45,42,Sn_keV,10845.91399999999,10845.88,0.03399999999055581
45,42,Sp_keV,5039.796000000089,5039.72,0.07600000008915231
45,42,S2n_keV,25517.753000000026,25517.69,0.0630000000273867
45,42,S2p_keV,8287.572999999975,8287.56,0.012999999975363608
45,42,Qalpha_keV,-3398.1110000000335,-3398.07,0.041000000033363904
44,43,Sp_keV,868.7539999999572,868.77,0.01600000004282265
44,43,S2p_keV,5988.293000000063,5988.31,0.016999999937070243
44,43,Qalpha_keV,-2558.8360000000102,-2558.88,0.04399999998986459
54,34,Sn_keV,5529.435000000056,5529.39,0.045000000055551936
54,34,Sp_keV,15555.31500000006,15555.26,0.05500000006031769
54,34,S2n_keV,9523.660000000033,9523.66,3.2741809263825417e-11
54,34,S2p_keV,29062.25800000003,29062.22,0.03800000002956949
54,34,Qalpha_keV,-8160.676000000094,-8160.68,0.003999999906227458
53,35,Sn_keV,4895.565999999875,4895.6,0.03400000012516102
53,35,Sp_keV,11578.818999999901,11578.8,0.018999999902007403
53,35,S2n_keV,11226.345999999903,11226.34,0.005999999902996933
53,35,S2p_keV,26331.72999999998,26331.76,0.03000000001702574
53,35,Qalpha_keV,-7287.283999999869,-7287.31,0.02600000013171666
52,36,Sn_keV,7053.091000000131,7053.08,0.011000000131389243
52,36,Sp_keV,13088.542000000016,13088.58,0.03799999998409476
52,36,S2n_keV,12568.217999999993,12568.25,0.03200000000651926
52,36,S2p_keV,23766.02000000002,23766.06,0.03999999998268322
52,36,Qalpha_keV,-6168.4400000000605,-6168.48,0.039999999939027475
51,37,Sn_keV,6082.598999999929,6082.52,0.07899999992878293
51,37,Sp_keV,9188.499000000069,9188.44,0.059000000068408553
51,37,S2n_keV,16004.633999999962,16004.64,0.006000000037602149
51,37,S2p_keV,21554.72999999998,21554.68,0.04999999998108251
51,37,Qalpha_keV,-7250.824000000022,-7250.83,0.005999999977575499
50,38,Sn_keV,11112.827999999863,11112.87,0.042000000137704774
50,38,Sp_keV,10612.83899999992,10612.8,0.038999999920633854
50,38,S2n_keV,19541.14399999997,19541.16,0.01600000002872548
50,38,S2p_keV,19233.86599999992,19233.89,0.02400000007764902
50,38,Qalpha_keV,-7907.235999999917,-7907.2,0.03599999991729419
49,39,Sn_keV,9352.004000000074,9351.96,0.0440000000744476
49,39,Sp_keV,6707.899999999907,6707.92,0.020000000093205017
49,39,S2n_keV,21158.62400000007,21158.56,0.0640000000676082
49,39,S2p_keV,16129.945999999996,16129.97,0.024000000003070454
49,39,Qalpha_keV,-6964.956000000006,-6964.97,0.013999999994666723
48,40,Sn_keV,12353.005999999936,12353.05,0.04400000006353366
48,40,Sp_keV,7899.476000000024,7899.47,0.006000000023959728
48,40,S2n_keV,21802.51800000004,21802.49,0.02800000003844616
48,40,S2p_keV,13683.687999999966,13683.72,0.0320000000338041
48,40,Qalpha_keV,-5404.235999999917,-5404.22,0.015999999916857632
47,41,Sn_keV,10370.453000000096,10370.42,0.033000000095853466
47,41,Sp_keV,4115.41399999999,4115.42,0.006000000010317308
47,41,S2n_keV,23182.22000000009,23182.17,0.050000000090221874
47,41,S2p_keV,11468.504000000074,11468.44,0.06400000007306517
47,41,Qalpha_keV,-4704.131999999983,-4704.07,0.06199999998352723
46,42,Sn_keV,13873.015999999945,13873.05,0.034000000054220436
46,42,Sp_keV,6101.045000000042,6101.03,0.015000000042164174
46,42,S2n_keV,24718.929999999935,24718.93,6.548361852765083e-11
46,42,S2p_keV,9295.51800000004,9295.47,0.04800000004070171
46,42,Qalpha_keV,-3689.807999999961,-3689.77,0.03799999996090264
45,43,Sn_keV,12062.576000000001,12062.59,0.013999999999214197
45,43,Sp_keV,2085.4159999999683,2085.48,0.06400000003168316
45,43,S2p_keV,7125.212000000058,7125.2,0.012000000057923899
45,43,Qalpha_keV,-2887.475999999908,-2887.51,0.034000000092419214
55,34,Sn_keV,3179.478999999934,3179.51,0.03100000006634218
55,34,S2n_keV,8708.91399999999,8708.9,0.01399999999011925
55,34,Qalpha_keV,-8293.890999999945,-8293.89,0.0009999999456340447
54,35,Sn_keV,5629.5950000000885,5629.62,0.024999999911415216
54,35,Sp_keV,11678.978999999934,11679.04,0.06100000006699702
54,35,S2n_keV,10525.160999999964,10525.22,0.059000000035666744
54,35,S2p_keV,27234.293999999994,27234.3,0.00600000000486034
54,35,Qalpha_keV,-7510.030999999959,-7510.03,0.0009999999592764652
53,36,Sn_keV,4915.822999999975,4915.82,0.002999999975145329
53,36,Sp_keV,13108.799000000115,13108.8,0.000999999883788405
53,36,S2n_keV,11968.914000000106,11968.9,0.014000000106534571
53,36,S2p_keV,24687.618000000017,24687.6,0.018000000018218998
53,36,Qalpha_keV,-6547.035000000033,-6547.06,0.024999999967803888
52,37,Sn_keV,7174.701000000001,7174.71,0.008999999999105057
52,37,Sp_keV,9310.108999999939,9310.07,0.03899999993882375
52,37,S2n_keV,13257.29999999993,13257.23,0.06999999993058736
52,37,S2p_keV,22398.650999999954,22398.65,0.0009999999529100023
52,37,Qalpha_keV,-5561.8409999998985,-5561.84,0.0009999998983403202
51,38,Sn_keV,6358.698000000091,6358.72,0.021999999908985046
51,38,Sp_keV,10888.938000000082,10888.99,0.051999999917825335
51,38,S2n_keV,17471.525999999954,17471.58,0.054000000047381036
51,38,S2p_keV,20077.43700000015,20077.44,0.0029999998478160705
51,38,Qalpha_keV,-7153.628000000026,-7153.6,0.028000000025713234
50,39,Sn_keV,11480.60999999987,11480.65,0.04000000013002136
50,39,Sp_keV,7075.681999999913,7075.71,0.02800000008664938
50,39,S2n_keV,20832.613999999943,20832.61,0.003999999942607246
50,39,S2p_keV,17688.520999999833,17688.5,0.02099999983329326
50,39,Qalpha_keV,-7965.896999999764,-7965.94,0.043000000235224434
49,40,Sn_keV,9318.04700000002,9318.01,0.03700000002027082
49,40,Sp_keV,7865.518999999971,7865.51,0.008999999970910721
49,40,S2n_keV,21671.052999999956,21671.06,0.007000000045081833
49,40,S2p_keV,14573.418999999878,14573.44,0.021000000122512574
49,40,Qalpha_keV,-6197.26099999994,-6197.2,0.060999999940577254
48,41,Sn_keV,12522.956000000006,12522.94,0.01600000000507862
48,41,Sp_keV,4285.36400000006,4285.31,0.05400000005920447
48,41,S2n_keV,22893.4090000001,22893.36,0.049000000100932084
48,41,S2p_keV,12184.840000000084,12184.77,0.07000000008338247
48,41,Qalpha_keV,-5208.028000000049,-5208.0,0.028000000049360096
47,42,Sn_keV,10399.67200000002,10399.71,0.03799999997863779
47,42,Sp_keV,6130.2639999999665,6130.32,0.056000000033236574
47,42,S2n_keV,24272.687999999966,24272.76,0.07200000003285822
47,42,S2p_keV,10245.677999999956,10245.74,0.06200000004355388
47,42,Qalpha_keV,-4264.600999999908,-4264.66,0.059000000092055416
46,43,Sn_keV,13784.871000000043,13784.85,0.02100000004247704
46,43,Sp_keV,1997.2710000000661,1997.27,0.0010000000661420927
46,43,S2n_keV,25847.447000000044,25847.44,0.007000000045081833
46,43,S2p_keV,8098.316000000108,8098.3,0.01600000010785152
46,43,Qalpha_keV,-3540.0800000000745,-3540.09,0.009999999925639713
56,34,Sn_keV,4879.1089999999385,4879.14,0.031000000061794708
56,34,S2n_keV,8058.587999999872,8058.66,0.07200000012744567
56,34,Qalpha_keV,-8825.18599999987,-8825.21,0.024000000128580723
55,35,Sn_keV,3797.408999999985,3797.35,0.05899999998518979
55,35,Sp_keV,12296.908999999985,12296.88,0.028999999985899194
55,35,S2n_keV,9427.004000000074,9426.97,0.03400000007422932
55,35,Qalpha_keV,-7463.074000000022,-7463.07,0.00400000002264278
54,36,Sn_keV,6494.775000000023,6494.78,0.004999999976462277
54,36,Sp_keV,13973.97900000005,13973.96,0.019000000051164534
54,36,S2n_keV,11410.597999999998,11410.6,0.002000000002226443
54,36,S2p_keV,25652.957999999984,25653.0,0.042000000015832484
54,36,Qalpha_keV,-6880.957999999984,-6881.0,0.042000000015832484
53,37,Sn_keV,5723.259000000078,5723.33,0.07099999992169614
53,37,Sp_keV,10117.545000000042,10117.59,0.044999999958236
53,37,S2n_keV,12897.96000000008,12898.04,0.0799999999217107
53,37,S2p_keV,23226.344000000157,23226.39,0.04599999984202441
53,37,Qalpha_keV,-6157.030000000028,-6157.07,0.039999999971769284
52,38,Sn_keV,7810.421999999904,7810.43,0.008000000096217263
52,38,Sp_keV,11524.658999999985,11524.71,0.051000000014028046
52,38,S2n_keV,14169.119999999995,14169.14,0.020000000004074536
52,38,S2p_keV,20834.767999999924,20834.78,0.012000000075204298
52,38,Qalpha_keV,-5107.3259999998845,-5107.38,0.05400000011559314
51,39,Sn_keV,6857.008000000031,6857.03,0.021999999969011697
51,39,Sp_keV,7573.991999999853,7574.02,0.028000000147585524
51,39,S2n_keV,18337.6179999999,18337.68,0.062000000099942554
51,39,S2p_keV,18462.929999999935,18463.01,0.08000000006359187
51,39,Qalpha_keV,-6171.903999999864,-6171.98,0.07600000013553654
50,40,Sn_keV,11968.258999999962,11968.29,0.03100000003905734
50,40,Sp_keV,8353.168000000063,8353.15,0.018000000063693733
50,40,S2n_keV,21286.305999999982,21286.3,0.005999999983032467
50,40,S2p_keV,15428.849999999977,15428.86,0.010000000023865141
50,40,Qalpha_keV,-6674.333999999915,-6674.36,0.026000000084422936
49,41,Sn_keV,10107.571999999927,10107.63,0.058000000071842805
49,41,Sp_keV,5074.8889999999665,5074.93,0.04100000003381865
49,41,S2n_keV,22630.527999999933,22630.57,0.04200000006676419
49,41,S2p_keV,12940.407999999938,12940.44,0.03200000006290793
49,41,Qalpha_keV,-5803.371999999974,-5803.35,0.02199999997355917
48,42,Sn_keV,13228.944000000018,13228.89,0.054000000018277206
48,42,Sp_keV,6836.251999999979,6836.26,0.008000000021638698
48,42,S2n_keV,23628.61600000004,23628.59,0.026000000038038706
48,42,S2p_keV,11121.616000000038,11121.57,0.046000000038475264
48,42,Qalpha_keV,-4628.474000000046,-4628.4,0.0740000000459986
47,43,Sn_keV,11401.13500000001,11401.16,0.024999999990541255
47,43,Sp_keV,2998.734000000055,2998.72,0.01400000005514812
47,43,S2n_keV,25186.006000000052,25186.01,0.003999999946245225
47,43,S2p_keV,9128.998000000021,9129.04,0.041999999979452696
47,43,Qalpha_keV,-4015.5580000000773,-4015.55,0.008000000077117875
46,44,Sp_keV,4777.944999999949,4777.92,0.0249999999487045
46,44,S2p_keV,6775.216000000015,6775.19,0.02600000001530134
46,44,Qalpha_keV,-3198.485999999917,-3198.46,0.02599999991707591
57,34,Sn_keV,2851.2269999999553,2851.22,0.006999999955496605
57,34,S2n_keV,7730.335999999894,7730.37,0.034000000106061634
56,35,Sn_keV,5178.253000000026,5178.31,0.056999999974323146
56,35,Sp_keV,12596.053000000073,12596.05,0.0030000000733707566
56,35,S2n_keV,8975.662000000011,8975.66,0.00200000001132139
56,35,Qalpha_keV,-7914.295999999973,-7914.3,0.004000000027190254
55,36,Sn_keV,4086.030999999959,4086.03,0.0009999999588217179
55,36,Sp_keV,14262.601000000024,14262.64,0.038999999975203536
55,36,S2n_keV,10580.805999999982,10580.81,0.004000000017185812
55,36,S2p_keV,26559.51000000001,26559.51,1.0913936421275139e-11
55,36,Qalpha_keV,-6972.7639999999665,-6972.76,0.003999999966254109
54,37,Sn_keV,6451.970999999903,6451.95,0.02099999990332435
54,37,Sp_keV,10074.740999999922,10074.76,0.019000000078449375
54,37,S2n_keV,12175.229999999981,12175.28,0.05000000001928129
54,37,S2p_keV,24048.719999999972,24048.71,0.009999999972933438
54,37,Qalpha_keV,-6278.220999999903,-6278.28,0.05900000009660289
53,38,Sn_keV,5775.145000000019,5775.12,0.02500000001873559
53,38,Sp_keV,11576.544999999925,11576.49,0.05499999992571247
53,38,S2n_keV,13585.566999999923,13585.54,0.02699999992182711
53,38,S2p_keV,21694.089999999967,21694.08,0.00999999996565748
53,38,Qalpha_keV,-5367.344000000041,-5367.32,0.02400000004126923
52,39,Sn_keV,7928.581000000122,7928.55,0.03100000012182136
52,39,Sp_keV,7692.151000000071,7692.14,0.011000000070453098
52,39,S2n_keV,14785.589000000153,14785.58,0.009000000152809662
52,39,S2p_keV,19216.810000000056,19216.85,0.039999999942665454
52,39,Qalpha_keV,-4178.449999999953,-4178.42,0.02999999995336111
51,40,Sn_keV,7194.36400000006,7194.35,0.014000000059240847
51,40,Sp_keV,8690.524000000092,8690.47,0.05400000009285577
51,40,S2n_keV,19162.62300000002,19162.64,0.016999999977997504
51,40,S2p_keV,16264.515999999945,16264.49,0.025999999945270247
51,40,Qalpha_keV,-5440.381999999867,-5440.42,0.03800000013325189
50,41,Sn_keV,12047.787000000128,12047.8,0.012999999871681212
50,41,Sp_keV,5154.417000000132,5154.44,0.022999999867352017
50,41,S2n_keV,22155.359000000055,22155.43,0.070999999945343
50,41,S2p_keV,13507.585000000196,13507.59,0.0049999998045677785
50,41,Qalpha_keV,-6044.539000000106,-6044.54,0.0009999998937928467
49,42,Sn_keV,10107.628000000026,10107.64,0.011999999973340891
49,42,Sp_keV,6836.308000000077,6836.27,0.038000000076863216
49,42,S2n_keV,23336.572000000044,23336.52,0.052000000043335604
49,42,S2p_keV,11911.197000000044,11911.2,0.0029999999569554348
49,42,Qalpha_keV,-5286.589999999967,-5286.6,0.010000000032960088
48,43,Sn_keV,13333.295000000042,13333.28,0.01500000004125468
48,43,Sp_keV,3103.085000000079,3103.11,0.02499999992096491
48,43,S2n_keV,24734.43000000005,24734.43,5.093170329928398e-11
48,43,S2p_keV,9939.337000000058,9939.38,0.042999999941457645
48,43,Qalpha_keV,-4537.086000000127,-4537.08,0.00600000012673263
47,44,Sn_keV,11427.32799999998,11427.35,0.022000000020852895
47,44,Sp_keV,4804.137999999919,4804.11,0.027999999919302354
47,44,S2p_keV,7802.871999999974,7802.83,0.04199999997399573
47,44,Qalpha_keV,-3779.899999999907,-3779.93,0.03000000009296855
57,35,Sn_keV,3196.8190000000177,3196.83,0.010999999982232112
57,35,Sp_keV,12941.645000000135,12941.65,0.004999999864594429
57,35,S2n_keV,8375.072000000044,8375.14,0.06799999995564576
56,36,Sn_keV,5866.667000000016,5866.67,0.002999999984240276
56,36,Sp_keV,14951.015000000014,14951.0,0.015000000013969839
56,36,S2n_keV,9952.697999999975,9952.7,0.0020000000258733053
56,36,S2p_keV,27547.068000000087,27547.04,0.028000000085739885
56,36,Qalpha_keV,-7309.995999999926,-7310.04,0.044000000073538104
55,37,Sn_keV,5098.773000000045,5098.72,0.053000000044448825
55,37,Sp_keV,11087.483000000007,11087.44,0.043000000006941264
55,37,S2n_keV,11550.743999999948,11550.67,0.07399999994777318
55,37,S2p_keV,25350.08400000003,25350.08,0.004000000029918738
55,37,Qalpha_keV,-6481.428000000073,-6481.39,0.03800000007231574
54,38,Sn_keV,7286.727000000072,7286.75,0.022999999928288162
54,38,Sp_keV,12411.301000000094,12411.29,0.011000000093190465
54,38,S2n_keV,13061.87200000009,13061.87,0.0020000000895379344
54,38,S2p_keV,22486.042000000016,22486.05,0.00799999998343992
54,38,Qalpha_keV,-5600.979999999981,-5600.99,0.010000000018408173
53,39,Sn_keV,6536.556999999913,6536.51,0.04699999991316872
53,39,Sp_keV,8453.562999999966,8453.54,0.02299999996466795
53,39,S2n_keV,14465.138000000035,14465.06,0.07800000003589957
53,39,S2p_keV,20030.10799999989,20030.03,0.07799999989219941
53,39,Qalpha_keV,-4632.407999999938,-4632.41,0.0020000000622530933
52,40,Sn_keV,8634.801999999909,8634.78,0.02199999990807555
52,40,Sp_keV,9396.744999999879,9396.7,0.04499999987820047
52,40,S2n_keV,15829.165999999968,15829.13,0.03599999996913539
52,40,S2p_keV,17088.89599999995,17088.84,0.05599999994956306
52,40,Qalpha_keV,-2962.3559999999125,-2962.33,0.025999999912528438
51,41,Sn_keV,7886.596999999834,7886.61,0.013000000165448
51,41,Sp_keV,5846.649999999907,5846.7,0.05000000009295036
51,41,S2n_keV,19934.38399999996,19934.41,0.026000000038038706
51,41,S2p_keV,14537.173999999999,14537.17,0.003999999998995918
51,41,Qalpha_keV,-4579.131999999867,-4579.19,0.05800000013277895
50,42,Sn_keV,12671.011999999871,12671.07,0.05800000012823148
50,42,Sp_keV,7459.532999999821,7459.55,0.017000000178995833
50,42,S2n_keV,22778.639999999898,22778.71,0.07000000010157237
50,42,S2p_keV,12613.949999999953,12613.98,0.03000000004612957
50,42,Qalpha_keV,-5604.595999999903,-5604.62,0.02400000009674841
49,43,Sn_keV,11010.350999999908,11010.36,0.009000000092783011
49,43,Sp_keV,4005.807999999961,4005.84,0.03200000003926107
49,43,S2n_keV,24343.64599999995,24343.64,0.005999999950290658
49,43,S2p_keV,10842.116000000038,10842.11,0.006000000037602149
49,43,Qalpha_keV,-5176.9839999999385,-5177.02,0.03600000006190385
48,44,Sn_keV,14132.667999999947,14132.7,0.03200000005381298
48,44,Sp_keV,5603.510999999824,5603.53,0.019000000175765308
48,44,S2n_keV,25559.995999999926,25560.04,0.0440000000744476
48,44,S2p_keV,8706.595999999903,8706.64,0.04400000009627547
48,44,Qalpha_keV,-4039.5519999999087,-4039.57,0.01800000009143332
47,45,Sp_keV,2048.192000000039,2048.23,0.03799999996090264
47,45,S2p_keV,6852.329999999958,6852.34,0.010000000042055035
47,45,Qalpha_keV,-3742.6759999999776,-3742.69,0.014000000022406311
58,35,Sn_keV,4728.801999999909,4728.74,0.061999999908948666
58,35,S2n_keV,7925.620999999926,7925.57,0.050999999926716555
57,36,Sn_keV,3438.0359999999637,3437.99,0.0459999999638967
57,36,Sp_keV,15192.23199999996,15192.16,0.07199999996009865
57,36,S2n_keV,9304.70299999998,9304.66,0.04299999997965642
57,36,S2p_keV,28133.877000000095,28133.81,0.06700000009368523
57,36,Qalpha_keV,-7568.552999999956,-7568.52,0.03299999995579128
56,37,Sn_keV,5918.7360000000335,5918.78,0.04399999996621773
56,37,Sp_keV,11139.552000000025,11139.55,0.0020000000258733053
56,37,S2n_keV,11017.509000000078,11017.5,0.009000000078231096
56,37,S2p_keV,26090.56700000004,26090.55,0.017000000039843144
56,37,Qalpha_keV,-6770.569000000018,-6770.55,0.01900000001751323
55,38,Sn_keV,5289.83899999992,5289.79,0.04899999991994264
55,38,Sp_keV,12602.36699999997,12602.37,0.0030000000315340003
55,38,S2n_keV,12576.565999999992,12576.55,0.015999999992345693
55,38,S2p_keV,23689.849999999977,23689.81,0.03999999997540726
55,38,Qalpha_keV,-5974.995999999926,-5974.97,0.025999999926170858
54,39,Sn_keV,7481.977000000072,7481.98,0.0029999999278516043
54,39,Sp_keV,8648.812999999966,8648.77,0.04299999996510451
54,39,S2n_keV,14018.533999999985,14018.5,0.03399999998509884
54,39,S2p_keV,21060.11400000006,21060.06,0.05400000005829497
54,39,Qalpha_keV,-4939.684000000008,-4939.68,0.004000000008090865
53,40,Sn_keV,6734.2840000001015,6734.32,0.0359999998981948
53,40,Sp_keV,9594.472000000067,9594.51,0.03799999993316305
53,40,S2n_keV,15369.08600000001,15369.1,0.01399999999011925
53,40,S2p_keV,18048.035000000033,18048.05,0.014999999966676114
53,40,Qalpha_keV,-3337.9419999999227,-3337.93,0.011999999922863935
52,41,Sn_keV,8830.888000000035,8830.86,0.02800000003480818
52,41,Sp_keV,6042.7360000000335,6042.78,0.04399999996621773
52,41,S2n_keV,16717.48499999987,16717.47,0.014999999868450686
52,41,S2p_keV,15439.480999999912,15439.48,0.0009999999128922354
52,41,Qalpha_keV,-1929.4100000000326,-1929.4,0.01000000003250534
51,42,Sn_keV,8069.877000000095,8069.81,0.06700000009459472
51,42,Sp_keV,7642.813000000082,7642.75,0.06300000008195639
51,42,S2n_keV,20740.888999999966,20740.88,0.008999999965453753
51,42,S2p_keV,13489.462999999989,13489.44,0.022999999988314812
51,42,Qalpha_keV,-4356.425999999978,-4356.42,0.005999999977575499
50,43,Sn_keV,12751.704999999958,12751.73,0.02500000004147296
50,43,Sp_keV,4086.5010000000475,4086.5,0.0010000000474974513
50,43,S2n_keV,23762.055999999866,23762.09,0.03400000013425597
50,43,S2p_keV,11546.033999999869,11546.05,0.016000000130588887
50,43,Qalpha_keV,-5405.732999999891,-5405.81,0.07700000010936492
49,44,Sn_keV,10986.850000000093,10986.83,0.020000000093205017
49,44,Sp_keV,5580.010000000009,5579.99,0.020000000009531504
49,44,S2n_keV,25119.51800000004,25119.52,0.0019999999603896867
49,44,S2p_keV,9585.81799999997,9585.83,0.012000000029729563
49,44,Qalpha_keV,-4626.729999999981,-4626.69,0.039999999981773726
48,45,Sn_keV,14084.08500000008,14084.03,0.05500000007850758
48,45,Sp_keV,1999.6090000001714,1999.57,0.03900000017142702
48,45,S2p_keV,7603.119999999995,7603.09,0.029999999995197868
48,45,Qalpha_keV,-4041.890000000014,-4041.87,0.020000000014078978
58,36,Sn_keV,5283.070000000065,5283.09,0.01999999993495294
58,36,Sp_keV,15746.500000000116,15746.51,0.009999999883802957
58,36,S2n_keV,8721.106000000029,8721.09,0.01600000002872548
58,36,Qalpha_keV,-7972.514000000083,-7972.47,0.04400000008263305
57,37,Sn_keV,4014.2559999998193,4014.2,0.05599999981950532
57,37,Sp_keV,11715.77199999988,11715.76,0.011999999880572432
57,37,S2n_keV,9932.991999999853,9932.98,0.01199999985328759
57,37,S2p_keV,26908.00399999984,26907.92,0.08399999984249007
57,37,Qalpha_keV,-6987.415999999852,-6987.4,0.01599999985228351
56,38,Sn_keV,6831.2050000000745,6831.19,0.015000000074905984
56,38,Sp_keV,13514.83600000001,13514.78,0.05600000000958971
56,38,S2n_keV,12121.043999999994,12120.98,0.06399999999484862
56,38,S2p_keV,24654.388000000035,24654.33,0.05800000003364403
56,38,Qalpha_keV,-6311.425999999978,-6311.38,0.04599999997753912
55,39,Sn_keV,6195.599000000046,6195.62,0.020999999954256054
55,39,Sp_keV,9554.573000000091,9554.59,0.016999999908875907
55,39,S2n_keV,13677.576000000117,13677.6,0.023999999883017153
55,39,S2p_keV,22156.94000000006,22156.97,0.029999999940628186
55,39,Qalpha_keV,-5412.023999999976,-5411.97,0.053999999975530955
54,40,Sn_keV,8218.633999999962,8218.61,0.023999999961233698
54,40,Sp_keV,10331.128999999957,10331.14,0.011000000042258762
54,40,S2n_keV,14952.918000000063,14952.93,0.011999999936961103
54,40,S2p_keV,18979.941999999923,18979.9,0.041999999921245035
54,40,Qalpha_keV,-3746.1539999999804,-3746.11,0.0439999999803149
53,41,Sn_keV,7227.582000000053,7227.54,0.04200000005312177
53,41,Sp_keV,6536.033999999985,6536.0,0.03399999998509884
53,41,S2n_keV,16058.470000000088,16058.4,0.07000000008883944
53,41,S2p_keV,16130.506000000052,16130.51,0.0039999999480642145
53,41,Qalpha_keV,-2299.984000000055,-2299.92,0.06400000005487527
52,42,Sn_keV,9678.265000000014,9678.31,0.044999999985520844
52,42,Sp_keV,8490.19000000006,8490.2,0.009999999940191628
52,42,S2n_keV,17748.14200000011,17748.12,0.022000000109983375
52,42,S2p_keV,14532.926000000094,14532.98,0.05399999990549986
52,42,Qalpha_keV,-2066.43200000003,-2066.45,0.01799999997001578
51,43,Sn_keV,8623.523000000161,8623.53,0.006999999839536031
51,43,Sp_keV,4640.147000000114,4640.22,0.0729999998866333
51,43,S2n_keV,21375.22800000012,21375.26,0.03199999987919
51,43,S2p_keV,12282.960000000196,12282.97,0.009999999803767423
51,43,Qalpha_keV,-3921.684000000125,-3921.71,0.025999999875239155
50,44,Sn_keV,13438.167999999947,13438.2,0.03200000005381298
50,44,Sp_keV,6266.472999999998,6266.46,0.012999999998100975
50,44,S2n_keV,24425.01800000004,24425.02,0.0019999999603896867
50,44,S2p_keV,10352.974000000046,10352.96,0.014000000046507921
50,44,Qalpha_keV,-4835.953999999911,-4836.0,0.04600000008940697
49,45,Sn_keV,11967.062999999966,11967.13,0.06700000003365858
49,45,Sp_keV,2979.8220000000438,2979.87,0.0479999999561187
49,45,S2n_keV,26051.148000000045,26051.16,0.011999999955150997
49,45,S2p_keV,8559.832000000053,8559.86,0.02799999994749669
49,45,Qalpha_keV,-4607.81799999997,-4607.84,0.02200000002994784
48,46,Sp_keV,4379.382999999914,4379.44,0.0570000000852815
48,46,S2p_keV,6378.992000000086,6379.01,0.017999999914536602
48,46,Qalpha_keV,-3643.3279999999795,-3643.39,0.06200000002036177
59,36,Sn_keV,2882.4109999999637,2882.46,0.04900000003635796
59,36,S2n_keV,8165.481000000029,8165.55,0.0689999999713109
59,36,Qalpha_keV,-8003.698000000091,-8003.7,0.0019999999085484887
58,37,Sn_keV,5399.944000000134,5400.03,0.08599999986563489
58,37,Sp_keV,11832.64599999995,11832.69,0.044000000050800736
58,37,S2n_keV,9414.199999999953,9414.23,0.03000000004612957
58,37,S2p_keV,27579.146000000066,27579.2,0.05399999993460369
58,37,Qalpha_keV,-7209.10699999996,-7209.11,0.0030000000397194526
57,38,Sn_keV,4345.148999999976,4345.16,0.011000000024068868
57,38,Sp_keV,13845.729000000167,13845.74,0.01099999983307498
57,38,S2n_keV,11176.35400000005,11176.35,0.004000000049927621
57,38,S2p_keV,25561.501000000047,25561.5,0.0010000000474974513
57,38,Qalpha_keV,-6570.543999999994,-6570.5,0.043999999994412065
56,39,Sn_keV,6928.670999999857,6928.7,0.029000000143241778
56,39,Sp_keV,9652.038999999873,9652.11,0.07100000012724195
56,39,S2n_keV,13124.269999999902,13124.32,0.05000000009749783
56,39,S2p_keV,23166.874999999884,23166.89,0.015000000115833245
56,39,Qalpha_keV,-5888.723999999929,-5888.73,0.006000000070343958
55,40,Sn_keV,6461.946000000113,6461.93,0.016000000112398993
55,40,Sp_keV,10597.476000000024,10597.45,0.02600000002348679
55,40,S2n_keV,14680.580000000075,14680.54,0.04000000007363269
55,40,S2p_keV,20152.049000000115,20152.04,0.009000000114610884
55,40,Qalpha_keV,-4432.9550000000745,-4432.93,0.025000000074214768
54,41,Sn_keV,8488.44599999988,8488.51,0.06400000012035889
54,41,Sp_keV,6805.845999999903,6805.91,0.06400000009671203
54,41,S2n_keV,15716.027999999933,15716.05,0.02200000006632763
54,41,S2p_keV,17136.97499999986,17137.04,0.0650000001405715
54,41,Qalpha_keV,-2859.848999999813,-2859.88,0.031000000187304977
53,42,Sn_keV,7369.097999999882,7369.11,0.012000000117950549
53,42,Sp_keV,8631.70599999989,8631.77,0.06400000011126394
53,42,S2n_keV,17047.362999999896,17047.42,0.0570000001025619
53,42,S2p_keV,15167.739999999874,15167.77,0.030000000126165105
53,42,Qalpha_keV,-2241.165999999852,-2241.21,0.04400000014811667
52,43,Sn_keV,9934.365999999922,9934.34,0.025999999921623385
52,43,Sp_keV,4896.248000000021,4896.25,0.001999999978579581
52,43,S2n_keV,18557.889000000083,18557.87,0.019000000083906343
52,43,S2p_keV,13386.438000000082,13386.44,0.0019999999185529305
52,43,Qalpha_keV,-1808.262999999919,-1808.25,0.012999999918974936
51,44,Sn_keV,8945.515999999945,8945.47,0.045999999945706804
51,44,Sp_keV,6588.465999999782,6588.4,0.06599999978243432
51,44,S2n_keV,22383.683999999892,22383.67,0.013999999893712811
51,44,S2p_keV,11228.612999999896,11228.62,0.007000000105108484
51,44,Qalpha_keV,-3673.8419999998296,-3673.84,0.0019999998294224497
50,45,Sn_keV,13504.361999999965,13504.31,0.05199999996511906
50,45,Sp_keV,3046.0160000000615,3045.99,0.02600000006168557
50,45,S2n_keV,25471.42499999993,25471.44,0.01500000006853952
50,45,S2p_keV,9312.48900000006,9312.44,0.04900000005909533
50,45,Qalpha_keV,-4778.884999999893,-4778.88,0.0049999998927887646
49,46,Sn_keV,11934.99199999997,11934.95,0.04199999996853876
49,46,Sp_keV,4347.311999999918,4347.26,0.051999999917825335
49,46,S2p_keV,7327.133999999962,7327.13,0.003999999961706635
49,46,Qalpha_keV,-4150.991999999969,-4150.99,0.0019999999694846338
60,36,Sn_keV,4992.170999999973,4992.08,0.0909999999730644
60,36,S2n_keV,7874.581999999937,7874.54,0.041999999936706445
59,37,Sn_keV,3534.256000000052,3534.17,0.0860000000520813
59,37,Sp_keV,12484.491000000038,12484.41,0.08100000003832974
59,37,S2n_keV,8934.200000000186,8934.2,1.8553691916167736e-10
59,37,Qalpha_keV,-7546.543999999994,-7546.46,0.08399999999437568
58,38,Sn_keV,5875.894999999902,5875.92,0.02500000009786163
58,38,Sp_keV,14321.679999999935,14321.63,0.049999999935607775
58,38,S2n_keV,10221.043999999878,10221.08,0.0360000001219305
58,38,S2p_keV,26154.325999999885,26154.33,0.004000000117230229
58,38,Qalpha_keV,-6579.771999999881,-6579.75,0.02199999988079071
57,39,Sn_keV,5198.413000000059,5198.36,0.05300000005900074
57,39,Sp_keV,10505.302999999956,10505.31,0.007000000043262844
57,39,S2n_keV,12127.083999999915,12127.07,0.013999999915540684
57,39,S2p_keV,24351.032000000123,24351.05,0.017999999876337824
57,39,Qalpha_keV,-5988.363999999943,-5988.37,0.006000000056701538
56,40,Sn_keV,7850.151999999885,7850.22,0.06800000011480734
56,40,Sp_keV,11518.957000000053,11518.97,0.012999999946259777
56,40,S2n_keV,14312.097999999998,14312.16,0.062000000001717126
56,40,S2p_keV,21170.995999999926,21171.08,0.08400000007532071
56,40,Qalpha_keV,-4996.379999999888,-4996.4,0.02000000011139491
55,41,Sn_keV,6887.916000000201,6887.88,0.03600000020105654
55,41,Sp_keV,7231.815999999992,7231.85,0.0340000000087457
55,41,S2n_keV,15376.362000000081,15376.39,0.02799999991839286
55,41,S2p_keV,17829.292000000016,17829.3,0.00799999998343992
55,41,Qalpha_keV,-3211.2080000001006,-3211.24,0.03199999989919888
54,42,Sn_keV,9154.351999999955,9154.33,0.021999999955369276
54,42,Sp_keV,9297.611999999965,9297.59,0.021999999964464223
54,42,S2n_keV,16523.449999999837,16523.45,1.6370904631912708e-10
54,42,S2p_keV,16103.457999999868,16103.49,0.03200000013202953
54,42,Qalpha_keV,-2760.7159999998985,-2760.76,0.04400000010173244
53,43,Sn_keV,7871.585999999894,7871.61,0.024000000105843355
53,43,Sp_keV,5398.7360000000335,5398.75,0.013999999966472387
53,43,S2n_keV,17805.951999999816,17805.95,0.0019999998148705345
53,43,S2p_keV,14030.441999999923,14030.51,0.06800000007751805
53,43,Qalpha_keV,-1793.2519999999786,-1793.26,0.008000000021411324
52,44,Sn_keV,10693.902000000118,10693.94,0.03799999988223135
52,44,Sp_keV,7348.001999999979,7348.0,0.001999999978579581
52,44,S2n_keV,19639.418000000063,19639.41,0.008000000063475454
52,44,S2p_keV,12244.25,12244.25,0.0
52,44,Qalpha_keV,-1696.7320000000764,-1696.71,0.02200000007633207
51,45,Sn_keV,9418.457999999984,9418.43,0.027999999983876478
51,45,Sp_keV,3518.9580000001006,3518.94,0.01800000010052827
51,45,S2n_keV,22922.81999999995,22922.74,0.07999999994717655
51,45,S2p_keV,10107.423999999883,10107.34,0.08399999988250784
51,45,Qalpha_keV,-3186.9919999999693,-3186.94,0.051999999969211785
50,46,Sn_keV,14288.820000000065,14288.82,6.548361852765083e-11
50,46,Sp_keV,5131.770000000019,5131.77,1.8189894035458565e-11
50,46,S2n_keV,26223.812000000034,26223.77,0.04200000003402238
50,46,S2p_keV,8177.78600000008,8177.76,0.026000000079875463
50,46,Qalpha_keV,-4307.1440000000875,-4307.12,0.02400000008765346
49,47,Sp_keV,1834.740000000107,1834.71,0.030000000107065716
49,47,S2p_keV,6182.052000000025,6181.96,0.09200000002510933
49,47,Qalpha_keV,-3937.5400000000373,-3937.46,0.08000000003721652
61,36,Sn_keV,2415.1119999999646,2415.13,0.018000000035499397
61,36,S2n_keV,7407.282999999938,7407.21,0.07299999993756501
60,37,Sn_keV,5236.025999999954,5236.11,0.08400000004530739
60,37,Sp_keV,12728.34600000002,12728.43,0.08399999998073326
60,37,S2n_keV,8770.282000000007,8770.28,0.002000000005864422
60,37,Qalpha_keV,-8053.76800000004,-8053.82,0.05199999995966209
59,38,Sn_keV,3728.5920000000624,3728.61,0.017999999937728717
59,38,Sp_keV,14516.015999999945,14516.08,0.06400000005487527
59,38,S2n_keV,9604.486999999965,9604.54,0.05300000003626337
59,38,S2p_keV,27000.506999999983,27000.48,0.02699999998367275
59,38,Qalpha_keV,-6870.3279999999795,-6870.38,0.052000000020598236
58,39,Sn_keV,5856.78600000008,5856.85,0.06399999992027006
58,39,Sp_keV,10486.194000000134,10486.24,0.04599999986567127
58,39,S2n_keV,11055.199000000139,11055.21,0.010999999860359821
58,39,S2p_keV,24807.87400000007,24807.87,0.004000000069936505
58,39,Qalpha_keV,-5926.41399999999,-5926.44,0.02600000000984437
57,40,Sn_keV,5575.171000000089,5575.13,0.04100000008929783
57,40,Sp_keV,11895.715000000084,11895.74,0.02499999991596269
57,40,S2n_keV,13425.322999999975,13425.36,0.037000000025727786
57,40,S2p_keV,22401.01800000004,22401.05,0.031999999959225534
57,40,Qalpha_keV,-5281.712000000058,-5281.74,0.02799999994203972
56,41,Sn_keV,8074.239999999874,8074.28,0.04000000012547389
56,41,Sp_keV,7455.90399999998,7455.9,0.003999999980806024
56,41,S2n_keV,14962.156000000075,14962.15,0.006000000075800926
56,41,S2p_keV,18974.861000000034,18974.87,0.008999999965453753
56,41,Qalpha_keV,-3803.470999999903,-3803.53,0.05900000009705764
55,42,Sn_keV,6821.172000000137,6821.13,0.04200000013679528
55,42,Sp_keV,9230.8679999999,9230.85,0.017999999899984687
55,42,S2n_keV,15975.524000000092,15975.47,0.05400000009285577
55,42,S2p_keV,16462.683999999892,16462.69,0.006000000106723746
55,42,Qalpha_keV,-2847.603999999934,-2847.57,0.03399999993371239
54,43,Sn_keV,9474.18900000013,9474.11,0.07900000012887176
54,43,Sp_keV,5718.573000000208,5718.52,0.05300000020724838
54,43,S2n_keV,17345.775000000023,17345.72,0.05500000002211891
54,43,S2p_keV,15016.185000000172,15016.11,0.0750000001717126
54,43,Qalpha_keV,-2436.5530000000726,-2436.5,0.05300000007264316
53,44,Sn_keV,8111.511000000057,8111.5,0.011000000056810677
53,44,Sp_keV,7587.927000000142,7587.89,0.03700000014123361
53,44,S2n_keV,18805.413000000175,18805.44,0.026999999823601684
53,44,S2p_keV,12986.663000000175,12986.63,0.033000000175889
53,44,Qalpha_keV,-1738.3660000000382,-1738.4,0.033999999961906724
52,45,Sn_keV,10981.109999999986,10981.15,0.04000000001360604
52,45,Sp_keV,3806.1659999999683,3806.15,0.015999999968244083
52,45,S2n_keV,20399.56799999997,20399.58,0.012000000031548552
52,45,S2p_keV,11154.167999999947,11154.15,0.01799999994727841
52,45,Qalpha_keV,-1416.3969999999972,-1416.36,0.03699999999730608
51,46,Sn_keV,9693.790000000037,9693.75,0.0400000000372529
51,46,Sp_keV,5407.102000000072,5407.09,0.012000000071566319
51,46,S2n_keV,23982.610000000102,23982.58,0.030000000100699253
51,46,S2p_keV,8926.060000000172,8926.04,0.02000000017142156
51,46,Qalpha_keV,-3014.0840000000317,-3014.05,0.03400000003148307
50,47,Sn_keV,14385.444999999949,14385.52,0.0750000000516593
50,47,Sp_keV,1931.3649999999907,1931.41,0.04500000000939508
50,47,S2p_keV,7063.135000000009,7063.18,0.04499999999097781
50,47,Qalpha_keV,-4238.899999999907,-4238.96,0.06000000009316864
61,37,Sn_keV,3921.399999999907,3921.33,0.0699999999069405
61,37,Sp_keV,14234.633999999962,14234.62,0.013999999961015419
61,37,S2n_keV,9157.425999999861,9157.43,0.004000000139058102
60,38,Sn_keV,5912.978000000119,5912.97,0.008000000118954631
60,38,Sp_keV,15192.96800000011,15192.94,0.028000000109386747
60,38,S2n_keV,9641.570000000182,9641.58,0.009999999818319338
60,38,S2p_keV,27921.31400000013,27921.37,0.05599999986952753
60,38,Qalpha_keV,-7500.2360000000335,-7500.25,0.013999999966472387
59,39,Sn_keV,4244.711999999941,4244.67,0.04199999994125392
59,39,Sp_keV,11002.314000000013,11002.29,0.0240000000121654
59,39,S2n_keV,10101.498000000021,10101.52,0.021999999979016138
59,39,S2p_keV,25518.329999999958,25518.37,0.04000000004089088
59,39,Qalpha_keV,-6156.870000000112,-6156.91,0.03999999988809577
58,40,Sn_keV,6415.3409999998985,6415.36,0.019000000101186743
58,40,Sp_keV,12454.269999999902,12454.26,0.009999999901992851
58,40,S2n_keV,11990.511999999988,11990.5,0.011999999987892807
58,40,S2p_keV,22940.464000000036,22940.49,0.02599999996527913
58,40,Qalpha_keV,-4865.847999999882,-4865.91,0.06200000011813245
57,41,Sn_keV,5990.201999999932,5990.14,0.061999999931686034
57,41,Sp_keV,7870.934999999823,7870.91,0.02499999982319423
57,41,S2n_keV,14064.441999999806,14064.42,0.021999999806212145
57,41,S2p_keV,19766.649999999907,19766.64,0.00999999990744982
57,41,Qalpha_keV,-3598.0739999997895,-3598.05,0.0239999997893392
56,42,Sn_keV,8642.53999999992,8642.6,0.06000000007952622
56,42,Sp_keV,9799.167999999947,9799.17,0.0020000000531581463
56,42,S2n_keV,15463.712000000058,15463.73,0.017999999941821443
56,42,S2p_keV,17255.071999999927,17255.07,0.0019999999276478775
56,42,Qalpha_keV,-3271.509999999893,-3271.57,0.060000000107265805
55,43,Sn_keV,7279.067000000039,7279.1,0.03299999996124825
55,43,Sp_keV,6176.46800000011,6176.49,0.021999999889885657
55,43,S2n_keV,16753.25600000017,16753.21,0.0460000001694425
55,43,S2p_keV,15407.33600000001,15407.33,0.006000000010317308
55,43,Qalpha_keV,-2488.0380000000587,-2488.06,0.021999999941272108
54,44,Sn_keV,10175.610999999917,10175.62,0.009000000083688064
54,44,Sp_keV,8289.34899999993,8289.4,0.05100000007041672
54,44,S2n_keV,18287.121999999974,18287.12,0.001999999974941602
54,44,S2p_keV,14007.922000000137,14007.92,0.002000000136831659
54,44,Qalpha_keV,-2235.7119999999413,-2235.71,0.001999999941290298
53,45,Sn_keV,8648.976000000024,8648.97,0.006000000024869223
53,45,Sp_keV,4343.630999999936,4343.62,0.010999999935847882
53,45,S2n_keV,19630.08600000001,19630.12,0.03399999998873682
53,45,S2p_keV,11931.558000000077,11931.51,0.048000000077081495
53,45,Qalpha_keV,-1441.8499999998603,-1441.8,0.04999999986034709
52,46,Sn_keV,11586.391999999876,11586.45,0.0580000001245935
52,46,Sp_keV,6012.383999999962,6012.39,0.006000000038511644
52,46,S2n_keV,21280.181999999913,21280.2,0.018000000087340595
52,46,S2p_keV,9818.54999999993,9818.54,0.009999999929277692
52,46,Qalpha_keV,-1162.3079999999609,-1162.3,0.007999999960929927
51,47,Sn_keV,10311.94299999997,10311.89,0.052999999970779754
51,47,Sp_keV,2549.5179999999236,2549.54,0.02200000007633207
51,47,S2n_keV,24697.38799999992,24697.41,0.022000000080879545
51,47,S2p_keV,7956.619999999995,7956.64,0.02000000000498403
51,47,Qalpha_keV,-2583.7799999999115,-2583.72,0.059999999911724444
50,48,Sp_keV,4099.625,4099.54,0.08500000000003638
50,48,S2p_keV,6030.989999999991,6030.95,0.03999999999086867
50,48,Qalpha_keV,-3959.1419999999925,-3959.06,0.08199999999260399
62,37,Sn_keV,4823.258000000031,4823.31,0.05199999996966653
62,37,S2n_keV,8744.657999999938,8744.64,0.017999999938183464
61,38,Sn_keV,4169.637999999803,4169.61,0.027999999802887032
61,38,Sp_keV,15441.206000000006,15441.23,0.023999999993975507
61,38,S2n_keV,10082.615999999922,10082.58,0.03599999992184166
61,38,S2p_keV,29675.839999999967,29675.85,0.010000000031141099
61,38,Qalpha_keV,-8787.462999999872,-8787.4,0.0629999998727726
60,39,Sn_keV,6426.398999999859,6426.37,0.02899999985947943
60,39,Sp_keV,11515.734999999753,11515.69,0.0449999997526902
60,39,S2n_keV,10671.1109999998,10671.04,0.07099999979982385
60,39,S2p_keV,26708.702999999863,26708.63,0.07299999986207695
60,39,Qalpha_keV,-7183.324999999837,-7183.25,0.07499999983701855
59,40,Sn_keV,4405.23199999996,4405.23,0.0019999999603896867
59,40,Sp_keV,12614.78999999992,12614.81,0.020000000078653102
59,40,S2n_keV,10820.572999999858,10820.59,0.01700000014170655
59,40,S2p_keV,23617.103999999934,23617.1,0.003999999935331289
59,40,Qalpha_keV,-4925.930999999866,-4925.98,0.04900000013367389
58,41,Sn_keV,6882.017000000109,6882.06,0.042999999891435436
58,41,Sp_keV,8337.611000000034,8337.6,0.011000000033163815
58,41,S2n_keV,12872.219000000041,12872.2,0.019000000040250598
58,41,S2p_keV,20791.880999999936,20791.86,0.020999999935156666
58,41,Qalpha_keV,-3551.420000000042,-3551.41,0.010000000042055035
57,42,Sn_keV,5925.439000000129,5925.44,0.0009999998701459845
57,42,Sp_keV,9734.405000000144,9734.47,0.06499999985499016
57,42,S2n_keV,14567.97900000005,14568.04,0.060999999950581696
57,42,S2p_keV,17605.339999999967,17605.38,0.040000000033614924
57,42,Qalpha_keV,-2735.0029999999097,-2735.07,0.067000000090502
56,43,Sn_keV,8966.997999999905,8966.97,0.027999999905659934
56,43,Sp_keV,6500.926000000094,6500.86,0.066000000094391
56,43,S2n_keV,16246.064999999944,16246.07,0.005000000055588316
56,43,S2p_keV,16300.094000000041,16300.03,0.06400000004032336
56,43,Qalpha_keV,-2966.590000000084,-2966.52,0.07000000008383722
55,44,Sn_keV,7471.813999999897,7471.84,0.026000000103522325
55,44,Sp_keV,8482.095999999787,8482.15,0.05400000021290907
55,44,S2n_keV,17647.424999999814,17647.46,0.0350000001853914
55,44,S2p_keV,14658.563999999897,14658.63,0.06600000010257645
55,44,Qalpha_keV,-2338.4279999999562,-2338.44,0.01200000004382673
54,45,Sn_keV,10477.443000000087,10477.41,0.03300000008675852
54,45,Sp_keV,4645.463000000105,4645.41,0.05300000010538497
54,45,S2n_keV,19126.41900000011,19126.38,0.03900000010980875
54,45,S2p_keV,12934.812000000034,12934.82,0.007999999965250026
54,45,Qalpha_keV,-1984.9270000000251,-1984.88,0.04700000002503657
53,46,Sn_keV,8932.96800000011,8932.99,0.021999999889885657
53,46,Sp_keV,6296.3760000000475,6296.42,0.04399999995257531
53,46,S2n_keV,20519.359999999986,20519.44,0.08000000001266017
53,46,S2p_keV,10640.006999999983,10640.04,0.03300000001763692
53,46,Qalpha_keV,-1149.7600000001257,-1149.82,0.05999999987420779
52,47,Sn_keV,11717.397999999928,11717.38,0.017999999929088517
52,47,Sp_keV,2680.523999999976,2680.47,0.0539999999759857
52,47,S2n_keV,22029.3409999999,22029.26,0.08099999990008655
52,47,S2p_keV,8692.907999999938,8692.86,0.04799999993701931
52,47,Qalpha_keV,-796.8159999998752,-796.78,0.03599999987523006
51,48,Sn_keV,10366.016999999876,10366.02,0.00300000012430246
51,48,Sp_keV,4153.698999999906,4153.68,0.01899999990564538
51,48,S2p_keV,6703.21699999983,6703.22,0.0030000001706866897
51,48,Qalpha_keV,-2390.1669999998994,-2390.14,0.02699999989954449
63,37,Sn_keV,3197.3000000000466,3197.24,0.06000000004678441
63,37,S2n_keV,8020.558000000077,8020.55,0.008000000077117875
62,38,Sn_keV,5370.752000000095,5370.82,0.06799999990471406
62,38,Sp_keV,15988.70000000007,15988.73,0.02999999992971425
62,38,S2n_keV,9540.389999999898,9540.43,0.04000000010273652
62,38,Qalpha_keV,-9166.043999999994,-9166.14,0.09600000000500586
61,39,Sn_keV,4748.855000000214,4748.89,0.034999999786123226
61,39,Sp_keV,12094.952000000165,12094.97,0.017999999834501068
61,39,S2n_keV,11175.254000000074,11175.25,0.004000000073574483
61,39,S2p_keV,27536.15800000017,27536.19,0.031999999828258296
61,39,Qalpha_keV,-8397.923999999999,-8397.96,0.03600000000005821
60,40,Sn_keV,6828.164000000106,6828.14,0.024000000105843355
60,40,Sp_keV,13016.555000000168,13016.58,0.024999999832289177
60,40,S2n_keV,11233.396000000066,11233.36,0.036000000065541826
60,40,S2p_keV,24532.28999999992,24532.27,0.019999999920401024
60,40,Qalpha_keV,-5878.20000000007,-5878.2,7.003109203651547e-11
59,41,Sn_keV,5533.385000000009,5533.38,0.005000000009204086
59,41,Sp_keV,9465.764000000083,9465.75,0.01400000008288771
59,41,S2n_keV,12415.402000000118,12415.44,0.03799999988223135
59,41,S2p_keV,22080.554000000004,22080.56,0.005999999997584382
59,41,Qalpha_keV,-3886.3919999999925,-3886.42,0.02800000000752334
58,42,Sn_keV,8294.29700000002,8294.24,0.057000000020707375
58,42,Sp_keV,11146.685000000056,11146.65,0.03500000005624315
58,42,S2n_keV,14219.73600000015,14219.69,0.04600000014943362
58,42,S2p_keV,19484.29600000009,19484.26,0.03600000009100768
58,42,Qalpha_keV,-3179.1480000000447,-3179.09,0.058000000044557964
57,43,Sn_keV,6764.410000000033,6764.4,0.010000000032960088
57,43,Sp_keV,7339.896999999997,7339.82,0.07699999999749707
57,43,S2n_keV,15731.407999999938,15731.37,0.03799999993680103
57,43,S2p_keV,17074.30200000014,17074.29,0.012000000140687916
57,43,Qalpha_keV,-2843.0839999999152,-2843.04,0.043999999915286025
56,44,Sn_keV,9673.412000000128,9673.32,0.09200000012788223
56,44,Sp_keV,9188.51000000001,9188.5,0.010000000009313226
56,44,S2n_keV,17145.226000000024,17145.16,0.0660000000243599
56,44,S2p_keV,15689.436000000103,15689.36,0.07600000010279473
56,44,Qalpha_keV,-2857.4880000001285,-2857.43,0.058000000128686224
55,45,Sn_keV,8081.0629999999655,8081.14,0.07700000003478635
55,45,Sp_keV,5254.712000000174,5254.72,0.007999999826097337
55,45,S2n_keV,18558.506000000052,18558.56,0.05399999994915561
55,45,S2p_keV,13736.80799999996,13736.86,0.052000000039697625
55,45,Qalpha_keV,-2194.404000000097,-2194.41,0.005999999902996933
54,46,Sn_keV,11101.530000000028,11101.44,0.09000000002743036
54,46,Sp_keV,6920.462999999989,6920.45,0.012999999989006028
54,46,S2n_keV,20034.498000000138,20034.44,0.05800000013914541
54,46,S2p_keV,11565.926000000094,11565.86,0.0660000000934815
54,46,Qalpha_keV,-1557.3880000000354,-1557.32,0.06800000003545392
53,47,Sn_keV,9496.774000000092,9496.8,0.02599999990707147
53,47,Sp_keV,3244.329999999958,3244.28,0.049999999957890395
53,47,S2n_keV,21214.17200000002,21214.18,0.007999999979801942
53,47,S2p_keV,9540.706000000006,9540.7,0.00600000000486034
53,47,Qalpha_keV,-875.1319999999832,-875.16,0.028000000016731974
52,48,Sn_keV,12334.773000000045,12334.79,0.01699999995616963
52,48,Sp_keV,4771.074000000022,4771.09,0.015999999977793777
52,48,S2n_keV,22700.78999999992,22700.82,0.03000000007887138
52,48,S2p_keV,7451.597999999998,7451.56,0.03799999999773718
52,48,Qalpha_keV,-436.1199999998789,-436.11,0.009999999878914423
51,49,Sp_keV,1670.7730000000447,1670.82,0.04699999995523285
51,49,S2p_keV,5824.471999999951,5824.5,0.028000000049360096
51,49,Qalpha_keV,-2226.199999999837,-2226.25,0.05000000016298145
50,50,S2p_keV,4224.489999999991,4224.5,0.010000000009313226
63,38,Sn_keV,3575.3399999999674,3575.32,0.01999999996724
63,38,Sp_keV,16366.73999999999,16366.81,0.07000000000880391
63,38,S2n_keV,8946.092000000062,8946.14,0.04799999993701931
63,38,Qalpha_keV,-10326.271999999997,-10326.33,0.05800000000272121
62,39,Sn_keV,5804.890999999829,5804.92,0.029000000171436113
62,39,Sp_keV,12529.090999999898,12529.07,0.020999999898776878
62,39,S2n_keV,10553.746000000043,10553.81,0.06399999995664984
62,39,S2p_keV,28517.79099999997,28517.8,0.009000000030937372
62,39,Qalpha_keV,-8966.788999999873,-8966.78,0.008999999872685294
61,40,Sn_keV,4859.791999999899,4859.84,0.04800000010072836
61,40,Sp_keV,13127.491999999853,13127.53,0.0380000001478038
61,40,S2n_keV,11687.956000000006,11687.97,0.013999999993757228
61,40,S2p_keV,25222.444000000018,25222.5,0.05599999998230487
61,40,Qalpha_keV,-7009.399999999907,-7009.42,0.020000000093205017
60,41,Sn_keV,7165.4349999999395,7165.41,0.024999999939609552
60,41,Sp_keV,9803.034999999916,9803.02,0.01499999991574441
60,41,S2n_keV,12698.819999999949,12698.78,0.03999999994812242
60,41,S2p_keV,22819.590000000084,22819.61,0.019999999916763045
60,41,Qalpha_keV,-5195.040999999852,-5194.98,0.06099999985235627
59,42,Sn_keV,5398.214999999967,5398.24,0.02500000003237801
59,42,Sp_keV,11011.515000000014,11011.52,0.004999999986466719
59,42,S2n_keV,13692.511999999988,13692.48,0.031999999988329364
59,42,S2p_keV,20477.279000000097,20477.27,0.00900000009642099
59,42,Qalpha_keV,-3002.1919999999227,-3002.2,0.008000000077117875
58,43,Sn_keV,8394.935999999987,8394.97,0.03400000001238368
58,43,Sp_keV,7440.535999999964,7440.54,0.004000000036285201
58,43,S2n_keV,15159.34600000002,15159.37,0.02399999998124258
58,43,S2p_keV,18587.22100000002,18587.19,0.031000000020867446
58,43,Qalpha_keV,-3163.780000000028,-3163.73,0.05000000002792149
57,44,Sn_keV,6801.964999999967,6802.04,0.07500000003255991
57,44,Sp_keV,9226.064999999944,9226.14,0.07500000005529728
57,44,S2n_keV,16475.377000000095,16475.37,0.007000000096013537
57,44,S2p_keV,16565.96199999994,16565.96,0.0019999999421997927
57,44,Qalpha_keV,-2838.280999999959,-2838.34,0.05900000004112371
56,45,Sn_keV,9892.615999999922,9892.61,0.005999999921186827
56,45,Sp_keV,5473.915999999968,5474.0,0.08400000003166497
56,45,S2n_keV,17973.678999999887,17973.75,0.07100000011269003
56,45,S2p_keV,14662.425999999978,14662.5,0.07400000002235174
56,45,Qalpha_keV,-2612.830999999889,-2612.91,0.07900000011068187
55,46,Sn_keV,8290.663999999873,8290.67,0.00600000012673263
55,46,Sp_keV,7130.063999999897,7129.98,0.08399999989705975
55,46,S2n_keV,19392.1939999999,19392.12,0.07399999990229844
55,46,S2p_keV,12384.77600000007,12384.69,0.0860000000702712
55,46,Qalpha_keV,-1736.540999999852,-1736.5,0.04099999985191971
54,47,Sn_keV,11267.746000000043,11267.73,0.016000000043277396
54,47,Sp_keV,3410.545999999973,3410.57,0.024000000027172064
54,47,S2n_keV,20764.520000000135,20764.54,0.01999999986583134
54,47,S2p_keV,10331.008999999962,10331.01,0.0010000000384025043
54,47,Qalpha_keV,-1161.76800000004,-1161.74,0.028000000040037776
53,48,Sn_keV,9713.165000000037,9713.18,0.014999999963038135
53,48,Sp_keV,4987.464999999967,4987.47,0.005000000032850949
53,48,S2n_keV,22047.938000000082,22047.97,0.03199999991920777
53,48,S2p_keV,8231.794999999925,8231.75,0.044999999925494194
53,48,Qalpha_keV,-455.4949999998789,-455.53,0.03500000012104465
51,50,Sn_keV,11093.902000000002,11093.97,0.06799999999748252
51,50,Sp_keV,3281.6020000000717,3281.62,0.017999999928179022
51,50,S2p_keV,4952.375000000116,4952.44,0.0649999998831845
64,38,Sn_keV,4905.699999999953,4905.71,0.010000000046602509
64,38,S2n_keV,8481.03999999992,8481.04,8.003553375601768e-11
63,39,Sn_keV,4183.553000000073,4183.49,0.06300000007286144
63,39,Sp_keV,13137.304000000004,13137.24,0.06400000000394357
63,39,S2n_keV,9988.443999999901,9988.42,0.023999999901207048
63,39,S2p_keV,29504.043999999994,29504.05,0.00600000000486034
63,39,Qalpha_keV,-9228.94200000004,-9228.95,0.007999999961612048
62,40,Sn_keV,6493.118000000017,6493.07,0.048000000017054845
62,40,Sp_keV,13815.719000000041,13815.68,0.039000000040687155
62,40,S2n_keV,11352.909999999916,11352.9,0.009999999916544766
62,40,S2p_keV,26344.80999999994,26344.75,0.05999999993946403
62,40,Qalpha_keV,-7589.539999999804,-7589.52,0.019999999803985702
61,41,Sn_keV,5484.320999999996,5484.37,0.04900000000361615
61,41,Sp_keV,10427.564000000013,10427.56,0.004000000013547833
61,41,S2n_keV,12649.755999999936,12649.78,0.024000000064916094
61,41,S2p_keV,23555.055999999866,23555.09,0.03400000013425597
61,41,Qalpha_keV,-6434.649999999907,-6434.68,0.030000000093423296
60,42,Sn_keV,8117.484999999986,8117.43,0.05499999998573912
60,42,Sp_keV,11963.56500000006,11963.54,0.025000000059662852
60,42,S2n_keV,13515.699999999953,13515.67,0.02999999995336111
60,42,S2p_keV,21766.599999999977,21766.57,0.029999999977007974
60,42,Qalpha_keV,-4704.33600000001,-4704.27,0.06600000000980799
59,43,Sn_keV,6299.563999999897,6299.6,0.036000000103740604
59,43,Sp_keV,8341.884999999893,8341.9,0.015000000106738298
59,43,S2n_keV,14694.499999999884,14694.57,0.07000000011612428
59,43,S2p_keV,19353.399999999907,19353.42,0.020000000091386028
59,43,Qalpha_keV,-3473.1419999999925,-3473.2,0.05800000000726868
58,44,Sn_keV,9219.689000000013,9219.64,0.04900000001362059
58,44,Sp_keV,10050.81799999997,10050.81,0.007999999970706995
58,44,S2n_keV,16021.65399999998,16021.68,0.026000000019848812
58,44,S2p_keV,17491.353999999934,17491.35,0.003999999935331289
58,44,Qalpha_keV,-3415.430000000051,-3415.38,0.0500000000511136
57,45,Sn_keV,7442.245999999926,7442.22,0.025999999926170858
57,45,Sp_keV,6114.196999999927,6114.17,0.02699999992728408
57,45,S2n_keV,17334.86199999985,17334.83,0.03199999984644819
57,45,S2p_keV,15340.261999999871,15340.31,0.0480000001280132
57,45,Qalpha_keV,-2776.0099999997765,-2776.03,0.020000000223717507
56,46,Sn_keV,10542.316000000108,10542.36,0.04399999989254866
56,46,Sp_keV,7779.764000000083,7779.73,0.03400000008332427
56,46,S2n_keV,18832.97999999998,18833.03,0.0500000000174623
56,46,S2p_keV,13253.680000000051,13253.72,0.03999999994812242
56,46,Qalpha_keV,-2103.246000000043,-2103.23,0.01600000004282265
55,47,Sn_keV,8983.582000000053,8983.63,0.04799999994611426
55,47,Sp_keV,4103.464000000153,4103.53,0.06599999984700844
55,47,S2n_keV,20251.328000000096,20251.37,0.04199999990305514
55,47,S2p_keV,11233.52800000005,11233.51,0.018000000049141818
55,47,Qalpha_keV,-1496.374000000069,-1496.4,0.02599999993117308
54,48,Sn_keV,11894.496999999974,11894.55,0.053000000025349436
54,48,Sp_keV,5614.2159999998985,5614.29,0.07400000010147778
54,48,S2n_keV,21607.66200000001,21607.73,0.06799999998838757
54,48,S2p_keV,9024.761999999871,9024.85,0.08800000012888631
54,48,Qalpha_keV,-763.5999999999767,-763.63,0.030000000023278517
53,49,Sp_keV,2147.3769999999786,2147.4,0.02300000002151137
53,49,S2n_keV,22524.542000000016,22524.55,0.00799999998343992
53,49,S2p_keV,7134.841999999946,7134.87,0.02800000005390757
53,49,Qalpha_keV,-53.353999999933876,-53.38,0.02600000006612646
52,50,Sn_keV,12700.55799999996,12700.58,0.02200000003904279
52,50,S2n_keV,23794.459999999963,23794.55,0.09000000003652531
52,50,S2p_keV,5318.160000000033,5318.23,0.06999999996696715
52,50,Qalpha_keV,276.71000000007916,276.62,0.09000000007915787
64,39,Sn_keV,5355.670000000042,5355.71,0.039999999958126864
64,39,Sp_keV,13587.274000000092,13587.24,0.034000000092419214
64,39,S2n_keV,9539.223000000115,9539.21,0.013000000115425792
64,39,Qalpha_keV,-9761.35400000005,-9761.35,0.004000000049927621
63,40,Sn_keV,4298.975000000093,4298.94,0.035000000093532435
63,40,Sp_keV,13931.141000000061,13931.13,0.011000000062267645
63,40,S2n_keV,10792.09300000011,10792.01,0.08300000010967779
63,40,S2p_keV,27068.445000000065,27068.37,0.07500000006621121
63,40,Qalpha_keV,-7718.877000000095,-7718.85,0.027000000094631105
62,41,Sn_keV,6795.4370000000345,6795.44,0.002999999965140887
62,41,Sp_keV,10729.88300000003,10729.93,0.04699999996955739
62,41,S2n_keV,12279.75800000003,12279.81,0.05199999996875704
62,41,S2p_keV,24545.60200000007,24545.61,0.007999999928870238
62,41,Qalpha_keV,-6803.688000000082,-6803.76,0.07199999991826189
61,42,Sn_keV,5465.883999999962,5465.93,0.046000000038475264
61,42,Sp_keV,11945.128000000026,11945.1,0.028000000025713234
61,42,S2n_keV,13583.368999999948,13583.36,0.00899999994726386
61,42,S2p_keV,22372.69200000004,22372.65,0.04200000003766036
61,42,Qalpha_keV,-5764.988000000012,-5764.97,0.018000000011852535
60,43,Sn_keV,8102.309000000008,8102.31,0.0009999999920182745
60,43,Sp_keV,8326.708999999915,8326.78,0.07100000008540519
60,43,S2n_keV,14401.872999999905,14401.91,0.03700000009484938
60,43,S2p_keV,20290.273999999976,20290.32,0.04600000002392335
60,43,Qalpha_keV,-4693.433999999892,-4693.44,0.006000000107633241
59,44,Sn_keV,6232.040999999968,6232.05,0.009000000031846866
59,44,Sp_keV,9983.295000000042,9983.26,0.03500000004169124
59,44,S2n_keV,15451.729999999981,15451.69,0.03999999998086423
59,44,S2p_keV,18325.179999999935,18325.16,0.01999999993495294
59,44,Qalpha_keV,-3722.03199999989,-3721.99,0.041999999890322215
58,45,Sn_keV,9319.714000000036,9319.71,0.004000000037194695
58,45,Sp_keV,6214.221999999951,6214.24,0.018000000049141818
58,45,S2n_keV,16761.959999999963,16761.93,0.02999999996245606
58,45,S2p_keV,16265.03999999992,16265.06,0.020000000078653102
58,45,Qalpha_keV,-3128.725999999908,-3128.76,0.034000000092419214
57,46,Sn_keV,7625.376999999979,7625.34,0.03699999997843406
57,46,Sp_keV,7962.895000000135,7962.84,0.055000000134896254
57,46,S2n_keV,18167.693000000087,18167.69,0.003000000087922672
57,46,S2p_keV,14077.092000000062,14077.02,0.07200000006196206
57,46,Qalpha_keV,-2256.809000000125,-2256.72,0.08900000012499731
56,47,Sn_keV,10627.324999999837,10627.32,0.004999999837309588
56,47,Sp_keV,4188.472999999882,4188.49,0.017000000118059688
56,47,S2n_keV,19610.90699999989,19610.95,0.04300000011062366
56,47,S2p_keV,11968.236999999965,11968.22,0.01699999996526458
56,47,Qalpha_keV,-1646.2559999998193,-1646.31,0.05400000018062201
55,48,Sn_keV,9063.300000000163,9063.24,0.06000000016319973
55,48,Sp_keV,5693.934000000008,5693.9,0.0340000000087457
55,48,S2n_keV,20957.797000000137,20957.79,0.0070000001360313036
55,48,S2p_keV,9797.398000000161,9797.43,0.03199999983917223
55,48,Qalpha_keV,-893.9320000000298,-893.88,0.05200000002980687
54,49,Sn_keV,12009.02099999995,12009.02,0.0009999999492720235
54,49,Sp_keV,2261.9009999999544,2261.87,0.030999999954474333
54,49,S2p_keV,7876.116999999853,7876.16,0.04300000014700345
54,49,Qalpha_keV,-344.9769999999553,-345.03,0.0530000000446762
53,50,Sn_keV,10109.110999999917,10109.02,0.09099999991667573
53,50,Sp_keV,3566.728999999934,3566.68,0.048999999934039806
53,50,S2n_keV,22809.668999999878,22809.6,0.06899999987945193
53,50,S2p_keV,5714.1059999999125,5714.08,0.025999999912528438
53,50,Qalpha_keV,533.6160000000382,533.62,0.003999999961820322
64,40,Sn_keV,5980.023000000045,5980.04,0.016999999955260137
64,40,Sp_keV,14555.494000000064,14555.46,0.03400000006513437
64,40,S2n_keV,10278.998000000138,10278.99,0.00800000013805402
64,40,S2p_keV,28142.768000000156,28142.7,0.0680000001557346
64,40,Qalpha_keV,-8328.148000000045,-8328.07,0.07800000004499452
63,41,Sn_keV,4861.64300000004,4861.66,0.01699999995980761
63,41,Sp_keV,11292.550999999978,11292.65,0.09900000002198794
63,41,S2n_keV,11657.080000000075,11657.1,0.019999999925857992
63,41,S2p_keV,25223.69200000004,25223.78,0.0879999999597203
63,41,Qalpha_keV,-6916.475999999908,-6916.53,0.054000000091946276
62,42,Sn_keV,7460.576000000001,7460.62,0.04399999999895954
62,42,Sp_keV,12610.266999999993,12610.27,0.003000000007887138
62,42,S2n_keV,12926.459999999963,12926.54,0.08000000003812602
62,42,S2p_keV,23340.150000000023,23340.2,0.04999999997744453
62,42,Qalpha_keV,-6397.399999999907,-6397.45,0.05000000009295036
61,43,Sn_keV,5970.886999999988,5970.89,0.0030000000124346116
61,43,Sp_keV,8831.711999999941,8831.74,0.028000000058455043
61,43,S2n_keV,14073.195999999996,14073.2,0.004000000004452886
61,43,S2p_keV,20776.839999999967,20776.84,3.2741809263825417e-11
61,43,Qalpha_keV,-5130.935999999871,-5130.96,0.024000000129490218
60,44,Sn_keV,8899.900999999954,8899.86,0.04099999995378312
60,44,Sp_keV,10780.886999999988,10780.81,0.07699999998840212
60,44,S2n_keV,15131.941999999923,15131.91,0.031999999922845745
60,44,S2p_keV,19107.595999999903,19107.59,0.005999999902996933
60,44,Qalpha_keV,-4327.635999999824,-4327.6,0.035999999823616236
59,45,Sn_keV,6998.920000000042,6998.96,0.039999999958126864
59,45,Sp_keV,6981.101000000024,6981.15,0.048999999975421815
59,45,S2n_keV,16318.634000000078,16318.66,0.025999999921623385
59,45,S2p_keV,16964.396000000066,16964.41,0.013999999933730578
59,45,Qalpha_keV,-3363.235999999917,-3363.32,0.08400000008305142
58,46,Sn_keV,10009.234999999986,10009.23,0.004999999986466719
58,46,Sp_keV,8652.416000000085,8652.37,0.04600000008395
58,46,S2n_keV,17634.611999999965,17634.57,0.04199999996490078
58,46,S2p_keV,14866.638000000035,14866.61,0.02800000003480818
58,46,Qalpha_keV,-2592.6319999999832,-2592.63,0.0019999999831270543
57,47,Sn_keV,8385.082999999984,8385.08,0.002999999984240276
57,47,Sp_keV,4948.178999999887,4948.23,0.051000000112253474
57,47,S2n_keV,19012.40799999982,19012.4,0.007999999819730874
57,47,S2p_keV,12911.074000000022,12911.08,0.005999999977575499
57,47,Qalpha_keV,-1950.275999999838,-1950.24,0.03599999983794078
56,48,Sn_keV,11388.025999999838,11388.08,0.05400000016197737
56,48,Sp_keV,6454.635000000009,6454.66,0.024999999990541255
56,48,S2n_keV,20451.326,20451.32,0.006000000001222361
56,48,S2p_keV,10643.107999999891,10643.15,0.04200000010860094
56,48,Qalpha_keV,-1180.4279999998398,-1180.52,0.09200000016016929
55,49,Sn_keV,9621.38500000001,9621.39,0.004999999990104698
55,49,Sp_keV,2819.9859999998007,2820.02,0.03400000019928484
55,49,S2n_keV,21630.40599999996,21630.41,0.004000000040832674
55,49,S2p_keV,8513.919999999809,8513.91,0.009999999809224391
55,49,Qalpha_keV,-469.5879999998724,-469.62,0.03200000012759574
54,50,Sn_keV,12725.773000000045,12725.77,0.003000000044266926
54,50,Sp_keV,4283.481000000029,4283.43,0.05100000002857996
54,50,S2n_keV,22834.88399999996,22834.8,0.08399999996254337
54,50,S2p_keV,6545.381999999983,6545.3,0.0819999999830543
54,50,Qalpha_keV,142.61600000003818,142.63,0.013999999961811227
53,51,Sp_keV,-509.9949999998789,-510.0,0.005000000121071935
53,51,S2p_keV,3056.734000000055,3056.68,0.05400000005511174
53,51,Qalpha_keV,2714.383999999962,2714.44,0.056000000038238795
66,39,S2n_keV,8955.386000000057,8955.42,0.03399999994326208
65,40,Sn_keV,3811.986999999848,3811.99,0.003000000151587301
65,40,S2n_keV,9792.009999999893,9792.03,0.020000000107756932
65,40,Qalpha_keV,-8564.794999999925,-8564.74,0.05499999992571247
64,41,Sn_keV,6167.923999999883,6167.86,0.06399999988298077
64,41,Sp_keV,11480.451999999816,11480.46,0.008000000183528755
64,41,S2n_keV,11029.566999999923,11029.51,0.05699999992248195
64,41,S2p_keV,26035.94599999988,26035.92,0.025999999881605618
64,41,Qalpha_keV,-7279.508999999962,-7279.47,0.038999999961561116
63,42,Sn_keV,5058.555000000051,5058.49,0.06500000005144102
63,42,Sp_keV,12807.179000000004,12807.1,0.07900000000336149
63,42,S2n_keV,12519.131000000052,12519.1,0.031000000051790266
63,42,S2p_keV,24099.72999999998,24099.75,0.02000000001862645
63,42,Qalpha_keV,-6596.163000000059,-6596.1,0.06300000005830952
62,43,Sn_keV,7858.0190000000875,7857.96,0.05900000008750794
62,43,Sp_keV,9229.155000000028,9229.09,0.06500000002779416
62,43,S2n_keV,13828.906000000075,13828.86,0.04600000007485505
62,43,S2p_keV,21839.42200000002,21839.36,0.06200000001990702
62,43,Qalpha_keV,-5823.520000000019,-5823.51,0.010000000018408173
61,44,Sn_keV,5910.004000000074,5910.1,0.09599999992678931
61,44,Sp_keV,10720.004000000074,10720.02,0.015999999926862074
61,44,S2n_keV,14809.905000000028,14809.95,0.04499999997278792
61,44,S2p_keV,19551.716000000015,19551.76,0.04399999998349813
61,44,Qalpha_keV,-4839.42499999993,-4839.46,0.03500000006988557
60,45,Sn_keV,8963.22399999993,8963.21,0.0139999999300926
60,45,Sp_keV,7044.423999999999,7044.5,0.07600000000093132
60,45,S2n_keV,15962.143999999971,15962.17,0.02600000002894376
60,45,S2p_keV,17825.310999999987,17825.32,0.009000000012747478
60,45,Qalpha_keV,-3931.5239999998594,-3931.56,0.03600000014057514
59,46,Sn_keV,7094.057999999961,7094.1,0.042000000039479346
59,46,Sp_keV,8747.554000000004,8747.51,0.04400000000350701
59,46,S2n_keV,17103.292999999947,17103.33,0.03700000005483162
59,46,S2p_keV,15728.655000000028,15728.66,0.004999999971914804
59,46,Qalpha_keV,-2884.7249999999767,-2884.69,0.034999999976662366
58,47,Sn_keV,10025.714000000153,10025.7,0.014000000152009306
58,47,Sp_keV,4964.658000000054,4964.7,0.04199999994580139
58,47,S2n_keV,18410.797000000137,18410.78,0.01700000013806857
58,47,S2p_keV,13617.074000000139,13617.07,0.004000000139058102
58,47,Qalpha_keV,-2083.374000000069,-2083.34,0.03400000006877235
57,48,Sn_keV,8436.772000000114,8436.78,0.007999999887033482
57,48,Sp_keV,6506.324000000139,6506.36,0.03599999986090552
57,48,S2n_keV,19824.79799999995,19824.86,0.06200000004901085
57,48,S2p_keV,11454.503000000026,11454.59,0.08699999997406849
57,48,Qalpha_keV,-1326.53600000008,-1326.62,0.08399999991979712
56,49,Sn_keV,11529.271999999997,11529.22,0.05199999999786087
56,49,Sp_keV,2961.23199999996,2961.16,0.07199999996009865
56,49,S2n_keV,21150.657000000007,21150.62,0.03700000000753789
56,49,S2p_keV,9415.86699999997,9415.82,0.04699999996955739
56,49,Qalpha_keV,-731.1139999998268,-731.11,0.003999999826760359
55,50,Sn_keV,9782.195999999996,9782.26,0.06400000000394357
55,50,Sp_keV,4444.292000000016,4444.3,0.007999999984349415
55,50,S2n_keV,22507.96900000004,22508.04,0.07099999995989492
55,50,S2p_keV,7264.2779999998165,7264.32,0.04200000018317951
55,50,Qalpha_keV,73.58500000007916,73.55,0.03500000007916526
54,51,Sn_keV,12913.184000000008,12913.18,0.004000000008090865
54,51,Sp_keV,-322.58399999991525,-322.59,0.006000000084725343
54,51,S2p_keV,3960.8970000001136,3960.83,0.06700000011369411
53,52,Sp_keV,926.8040000000037,926.86,0.05599999999628835
53,52,S2p_keV,416.8090000001248,416.86,0.05099999987521642
53,52,Qalpha_keV,5069.18200000003,5069.2,0.01799999997001578
66,40,Sn_keV,5156.505000000121,5156.57,0.06499999987863703
66,40,Sp_keV,14568.599999999977,14568.6,2.3646862246096134e-11
66,40,S2n_keV,8968.49199999997,8968.56,0.06800000003022433
66,40,Qalpha_keV,-8815.600000000093,-8815.6,9.276845958083868e-11
65,41,Sn_keV,4359.066000000108,4359.12,0.05399999989185744
65,41,Sp_keV,12027.531000000075,12027.59,0.05899999992470839
65,41,S2n_keV,10526.98999999999,10526.98,0.009999999991123332
65,41,Qalpha_keV,-7455.021999999997,-7455.1,0.07800000000315777
64,42,Sn_keV,6868.670999999973,6868.7,0.029000000026826456
64,42,Sp_keV,13507.926000000094,13507.95,0.023999999906664016
64,42,S2n_keV,11927.226000000024,11927.19,0.03600000002370507
64,42,S2p_keV,24988.37799999991,24988.41,0.03200000009019277
64,42,Qalpha_keV,-6971.716000000015,-6971.74,0.02399999998488056
63,43,Sn_keV,5557.421000000089,5557.45,0.028999999910411134
63,43,Sp_keV,9728.021000000066,9728.05,0.0289999999331485
63,43,S2n_keV,13415.440000000177,13415.41,0.03000000017709681
63,43,S2p_keV,22535.20000000007,22535.15,0.050000000068394
63,43,Qalpha_keV,-5896.620000000112,-5896.59,0.03000000011161319
62,44,Sn_keV,8460.140000000014,8460.05,0.09000000001469743
62,44,Sp_keV,11322.125,11322.11,0.014999999999417923
62,44,S2n_keV,14370.144000000088,14370.15,0.00599999991209188
62,44,S2p_keV,20551.280000000028,20551.2,0.08000000002721208
62,44,Qalpha_keV,-5182.079999999958,-5182.08,4.18367562815547e-11
61,45,Sn_keV,6582.766000000178,6582.7,0.06600000017806451
61,45,Sp_keV,7717.186000000103,7717.11,0.07600000010370422
61,45,S2n_keV,15545.990000000107,15545.91,0.08000000010724762
61,45,S2p_keV,18437.190000000177,18437.12,0.07000000017796992
61,45,Qalpha_keV,-4214.726000000141,-4214.66,0.06600000014077523
60,46,Sn_keV,9560.902000000002,9560.96,0.05799999999726424
60,46,Sp_keV,9345.232000000076,9345.26,0.027999999923849828
60,46,S2n_keV,16654.959999999963,16655.06,0.10000000003856258
60,46,S2p_keV,16389.656000000075,16389.76,0.10399999992296216
60,46,Qalpha_keV,-3225.9379999999655,-3226.01,0.07200000003467721
59,47,Sn_keV,7942.883999999845,7942.86,0.02399999984572787
59,47,Sp_keV,5813.4839999999385,5813.46,0.02399999993849633
59,47,S2n_keV,17968.597999999998,17968.57,0.027999999998428393
59,47,S2p_keV,14561.037999999942,14560.98,0.05799999994269456
59,47,Qalpha_keV,-2584.011999999988,-2583.98,0.03199999998787462
58,48,Sn_keV,10869.628000000026,10869.62,0.008000000025276677
58,48,Sp_keV,7350.238000000012,7350.27,0.031999999988329364
58,48,S2n_keV,19306.40000000014,19306.39,0.010000000140280463
58,48,S2p_keV,12314.896000000066,12314.97,0.07399999993322126
58,48,Qalpha_keV,-1653.8479999999981,-1653.88,0.032000000001971785
57,49,Sn_keV,9038.800000000163,9038.88,0.0799999998362182
57,49,Sp_keV,3563.2600000000093,3563.27,0.009999999990668584
57,49,S2n_keV,20568.07200000016,20568.1,0.027999999838357326
57,49,S2p_keV,10069.584000000148,10069.62,0.035999999852720066
57,49,Qalpha_keV,-786.3319999999367,-786.36,0.028000000063343577
56,50,Sn_keV,12087.088000000105,12087.01,0.07800000010502117
56,50,Sp_keV,5002.108000000124,5002.09,0.018000000123720383
56,50,S2n_keV,21869.2840000001,21869.27,0.014000000101077603
56,50,S2p_keV,7963.340000000084,7963.25,0.09000000008381903
56,50,Qalpha_keV,-119.00600000005215,-118.91,0.09600000005215747
55,51,Sn_keV,10529.112000000081,10529.13,0.01799999991817458
55,51,Sp_keV,424.3320000001695,424.27,0.0620000001695189
55,51,S2n_keV,23442.29600000009,23442.31,0.013999999911902705
55,51,S2p_keV,4868.624000000185,4868.57,0.05400000018562423
55,51,Qalpha_keV,1796.6299999998882,1796.68,0.050000000111822374
54,52,Sn_keV,13479.521999999997,13479.55,0.028000000002066372
54,52,Sp_keV,1493.1419999999925,1493.24,0.09800000000745968
54,52,S2p_keV,1170.5580000000773,1170.64,0.08199999992280027
54,52,Qalpha_keV,4290.2179999999935,4290.22,0.0020000000067739165
67,40,Sn_keV,3901.110999999917,3901.02,0.09099999991713048
67,40,S2n_keV,9057.616000000038,9057.59,0.026000000038038706
66,41,Sn_keV,5591.7970000000205,5591.77,0.02700000002005254
66,41,Sp_keV,12462.822999999975,12462.79,0.032999999973981176
66,41,S2n_keV,9950.863000000129,9950.89,0.026999999870895408
66,41,S2p_keV,27031.42299999995,27031.39,0.0329999999521533
66,41,Qalpha_keV,-7691.148999999976,-7691.15,0.001000000023850589
65,42,Sn_keV,4488.374000000069,4488.35,0.024000000068554073
65,42,Sp_keV,13637.234000000055,13637.17,0.06400000005487527
65,42,S2n_keV,11357.045000000042,11357.05,0.004999999957362888
65,42,S2p_keV,25664.76500000013,25664.77,0.004999999870051397
65,42,Qalpha_keV,-7161.114999999991,-7161.14,0.025000000009640644
64,43,Sn_keV,7045.042999999947,7045.01,0.032999999946696335
64,43,Sp_keV,9904.39300000004,9904.36,0.033000000039464794
64,43,S2n_keV,12602.464000000036,12602.46,0.004000000037194695
64,43,S2p_keV,23412.319000000134,23412.3,0.019000000134838047
64,43,Qalpha_keV,-6146.226000000024,-6146.16,0.0660000000243599
63,44,Sn_keV,5610.521999999997,5610.61,0.08800000000246655
63,44,Sp_keV,11375.225999999908,11375.26,0.034000000092419214
63,44,S2n_keV,14070.662000000011,14070.66,0.00200000001132139
63,44,S2p_keV,21103.246999999974,21103.31,0.0630000000273867
63,44,Qalpha_keV,-5326.7179999999935,-5326.76,0.04200000000673754
62,45,Sn_keV,8572.334999999846,8572.39,0.05500000015308615
62,45,Sp_keV,7829.380999999936,7829.45,0.06900000006407936
62,45,S2n_keV,15155.101000000024,15155.09,0.011000000024068868
62,45,S2p_keV,19151.505999999936,19151.56,0.05400000006557093
62,45,Qalpha_keV,-4684.751999999979,-4684.75,0.001999999978579581
61,46,Sn_keV,6536.506000000052,6536.43,0.07600000005186303
61,46,Sp_keV,9298.97199999995,9298.98,0.008000000048923539
61,46,S2n_keV,16097.408000000054,16097.38,0.028000000054817065
61,46,S2p_keV,17016.158000000054,17016.09,0.06800000005387119
61,46,Qalpha_keV,-3530.4030000000494,-3530.38,0.023000000049250957
60,47,Sn_keV,9535.565999999992,9535.6,0.0340000000087457
60,47,Sp_keV,5788.147999999928,5788.11,0.03799999992861558
60,47,S2n_keV,17478.449999999837,17478.47,0.020000000164145604
60,47,S2p_keV,15133.380000000005,15133.37,0.010000000003856258
60,47,Qalpha_keV,-2799.863999999943,-2799.88,0.016000000056919816
59,48,Sn_keV,7929.468999999925,7929.44,0.02899999992496305
59,48,Sp_keV,7336.823000000091,7336.85,0.026999999909094186
59,48,S2n_keV,18799.09699999995,18799.06,0.03699999994933023
59,48,S2p_keV,13150.30700000003,13150.31,0.0029999999696883606
59,48,Qalpha_keV,-1957.9399999999441,-1957.99,0.05000000005588845
58,49,Sn_keV,11027.527000000002,11027.44,0.08700000000135333
58,49,Sp_keV,3721.158999999985,3721.09,0.06899999998495332
58,49,S2n_keV,20066.327000000165,20066.32,0.007000000165135134
58,49,S2p_keV,11071.396999999997,11071.37,0.026999999996405677
58,49,Qalpha_keV,-1186.5340000001015,-1186.48,0.05400000010149597
57,50,Sn_keV,9229.829999999958,9229.86,0.030000000042491592
57,50,Sp_keV,5193.137999999919,5193.06,0.07799999991857476
57,50,S2n_keV,21316.918000000063,21316.87,0.04800000006434857
57,50,S2p_keV,8756.397999999928,8756.33,0.06799999992836092
57,50,Qalpha_keV,-285.53599999984726,-285.53,0.005999999847290383
56,51,Sn_keV,12251.265999999945,12251.26,0.005999999944833689
56,51,Sp_keV,588.5100000000093,588.52,0.009999999990668584
56,51,S2n_keV,22780.378000000026,22780.39,0.011999999973340891
56,51,S2p_keV,5590.618000000133,5590.61,0.008000000133506546
56,51,Qalpha_keV,1554.384999999893,1554.44,0.055000000107156666
55,52,Sn_keV,10390.890999999945,10390.9,0.009000000054584234
55,52,Sp_keV,1354.9209999998566,1355.0,0.07900000014342368
55,52,S2n_keV,23870.412999999942,23870.45,0.037000000058469595
55,52,S2p_keV,1779.253000000026,1779.28,0.026999999973895683
55,52,Qalpha_keV,4008.4379999999655,4008.35,0.08799999996563201
67,41,Sn_keV,3893.2970000000205,3893.27,0.027000000020507287
67,41,Sp_keV,12455.009000000078,12455.05,0.04099999992104131
67,41,S2n_keV,9485.094000000041,9485.04,0.05400000004010508
66,42,Sn_keV,6275.691999999806,6275.7,0.008000000193533197
66,42,Sp_keV,14321.12899999984,14321.1,0.028999999840380042
66,42,S2n_keV,10764.065999999875,10764.05,0.01599999987593037
66,42,S2p_keV,26783.951999999816,26783.9,0.05199999981414294
66,42,Qalpha_keV,-7456.783999999752,-7456.8,0.016000000247913704
65,43,Sn_keV,5244.148999999976,5244.18,0.031000000024505425
65,43,Sp_keV,10660.167999999947,10660.19,0.022000000053594704
65,43,S2n_keV,12289.191999999923,12289.19,0.0019999999221909093
65,43,S2p_keV,24297.402000000002,24297.36,0.04200000000128057
65,43,Qalpha_keV,-6528.73199999996,-6528.68,0.05199999995966209
64,44,Sn_keV,7870.138000000035,7870.16,0.021999999964464223
64,44,Sp_keV,12200.320999999996,12200.41,0.08900000000357977
64,44,S2n_keV,13480.660000000033,13480.76,0.09999999996762199
64,44,S2p_keV,22104.714000000036,22104.76,0.04599999996207771
64,44,Qalpha_keV,-5736.280000000028,-5736.3,0.01999999997224222
63,45,Sn_keV,6239.339000000036,6239.34,0.0009999999638239387
63,45,Sp_keV,8458.197999999975,8458.18,0.017999999974563252
63,45,S2n_keV,14811.673999999883,14811.73,0.05600000011691009
63,45,S2p_keV,19833.423999999883,19833.44,0.016000000116036972
63,45,Qalpha_keV,-4953.204000000027,-4953.19,0.014000000027408532
62,46,Sn_keV,9222.825999999885,9222.88,0.054000000114683644
62,46,Sp_keV,9949.462999999989,9949.47,0.007000000010521035
62,46,S2n_keV,15759.331999999937,15759.31,0.021999999937179382
62,46,S2p_keV,17778.843999999925,17778.93,0.08600000007572817
62,46,Qalpha_keV,-3853.3279999999795,-3853.41,0.08200000002034358
61,47,Sn_keV,7271.400000000023,7271.41,0.009999999976571416
61,47,Sp_keV,6523.041999999899,6523.09,0.04800000010072836
61,47,S2n_keV,16806.966000000015,16807.01,0.04399999998349813
61,47,S2p_keV,15822.01399999985,15822.08,0.06600000014987017
61,47,Qalpha_keV,-3072.3439999999246,-3072.33,0.013999999924635631
60,48,Sn_keV,10333.494999999995,10333.47,0.024999999995998223
60,48,Sp_keV,8134.752000000095,8134.71,0.04200000009495852
60,48,S2n_keV,18262.96399999992,18262.91,0.05399999992005178
60,48,S2p_keV,13922.900000000023,13922.83,0.07000000002335582
60,48,Qalpha_keV,-2282.1999999999534,-2282.22,0.02000000004636604
59,49,Sn_keV,8626.860999999917,8626.88,0.019000000082087354
59,49,Sp_keV,4418.550999999978,4418.53,0.020999999977902917
59,49,S2n_keV,19654.38799999992,19654.32,0.06799999991926597
59,49,S2p_keV,11755.374000000069,11755.38,0.005999999930281774
59,49,Qalpha_keV,-1428.3120000000345,-1428.28,0.03200000003448622
58,50,Sn_keV,11629.05799999996,11629.03,0.027999999960229616
58,50,Sp_keV,5794.668999999878,5794.65,0.01899999987836054
58,50,S2n_keV,20858.88799999992,20858.88,0.007999999917956302
58,50,S2p_keV,9515.827999999863,9515.74,0.08799999986331386
58,50,Qalpha_keV,-526.5679999999702,-526.47,0.09799999997017039
57,51,Sn_keV,9863.389999999898,9863.41,0.020000000102299964
57,51,Sp_keV,1222.0699999999488,1222.07,5.1159076974727213e-11
57,51,S2n_keV,22114.655999999843,22114.67,0.014000000155647285
57,51,S2p_keV,6415.207999999868,6415.14,0.06799999986742478
57,51,Qalpha_keV,1312.3800000000047,1312.42,0.03999999999541615
56,52,Sn_keV,13313.67499999993,13313.66,0.014999999930296326
56,52,Sp_keV,2417.3299999998417,2417.4,0.07000000015841579
56,52,S2n_keV,23704.565999999875,23704.55,0.01599999987593037
56,52,S2p_keV,3005.839999999851,3005.92,0.08000000014908437
56,52,Qalpha_keV,3420.53600000008,3420.46,0.07600000008005736
55,53,Sp_keV,-600.7210000000196,-600.75,0.028999999980442226
55,53,S2p_keV,754.199999999837,754.25,0.05000000016298145
55,53,Qalpha_keV,4099.164000000106,4099.1,0.06400000010580698
68,41,Sn_keV,5215.34999999986,5215.35,1.4006218407303095e-10
68,41,S2n_keV,9108.64699999988,9108.62,0.026999999879990355
68,41,Qalpha_keV,-7844.4099999998,-7844.35,0.05999999979940185
67,42,Sn_keV,3981.3410000002477,3981.37,0.028999999752159056
67,42,Sp_keV,14409.173000000068,14409.2,0.026999999932741048
67,42,S2n_keV,10257.033000000054,10257.07,0.03699999994569225
67,42,S2p_keV,26864.182000000146,26864.25,0.06799999985378236
67,42,Qalpha_keV,-7626.138000000152,-7626.18,0.04199999984848546
66,43,Sn_keV,6431.273999999976,6431.31,0.036000000024614565
66,43,Sp_keV,10815.750000000116,10815.8,0.04999999988285708
66,43,S2n_keV,11675.422999999952,11675.5,0.07700000004842877
66,43,S2p_keV,25136.878999999957,25136.91,0.03100000004269532
66,43,Qalpha_keV,-6792.082000000053,-6792.14,0.05799999994724203
65,44,Sn_keV,5148.443000000087,5148.37,0.07300000008672214
65,44,Sp_keV,12104.615000000107,12104.59,0.025000000106956577
65,44,S2n_keV,13018.581000000122,13018.52,0.0610000001215667
65,44,S2p_keV,22764.783000000054,22764.78,0.0030000000551808625
65,44,Qalpha_keV,-5826.168000000063,-5826.18,0.011999999936961103
64,45,Sn_keV,8039.118000000017,8039.05,0.06800000001658191
64,45,Sp_keV,8627.177999999956,8627.08,0.0979999999563006
64,45,S2n_keV,14278.457000000053,14278.39,0.06700000005366746
64,45,S2p_keV,20827.498999999953,20827.48,0.018999999952939106
64,45,Qalpha_keV,-5134.302999999956,-5134.28,0.022999999956482498
63,46,Sn_keV,6153.65399999998,6153.59,0.0639999999802967
63,46,Sp_keV,9863.777999999933,9863.73,0.04799999993338133
63,46,S2n_keV,15376.479999999865,15376.47,0.009999999865613063
63,46,S2p_keV,18321.975999999908,18321.9,0.07599999990634387
63,46,Qalpha_keV,-4096.977999999886,-4096.9,0.07799999988674244
62,47,Sn_keV,9184.035000000149,9183.98,0.05500000014944817
62,47,Sp_keV,6484.251000000164,6484.19,0.06100000016431295
62,47,S2n_keV,16455.435000000172,16455.39,0.04500000017287675
62,47,S2p_keV,16433.714000000153,16433.66,0.05400000015288242
62,47,Qalpha_keV,-3293.1550000001444,-3293.1,0.05500000014444595
61,48,Sn_keV,7323.223999999929,7323.22,0.003999999928964826
61,48,Sp_keV,8186.576000000001,8186.53,0.04600000000118598
61,48,S2n_keV,17656.718999999925,17656.69,0.028999999925872544
61,48,S2p_keV,14709.6179999999,14709.62,0.002000000100451871
61,48,Qalpha_keV,-2511.3659999999218,-2511.35,0.015999999921859853
60,49,Sn_keV,10441.010000000126,10441.01,1.255102688446641e-10
60,49,Sp_keV,4526.066000000108,4526.07,0.003999999891675543
60,49,S2n_keV,19067.871000000043,19067.88,0.008999999958177796
60,49,S2p_keV,12660.818000000203,12660.78,0.038000000202373485
60,49,Qalpha_keV,-1843.6080000000075,-1843.59,0.018000000007532435
59,50,Sn_keV,8631.54600000009,8631.56,0.013999999910083716
59,50,Sp_keV,5799.35400000005,5799.34,0.0140000000501459
59,50,S2n_keV,20260.60400000005,20260.59,0.0140000000501459
59,50,S2p_keV,10217.905000000028,10217.86,0.0450000000273576
59,50,Qalpha_keV,-721.341999999946,-721.26,0.08199999994599239
58,51,Sn_keV,11876.907000000123,11876.96,0.052999999876192305
58,51,Sp_keV,1469.9190000001108,1470.01,0.09099999988916352
58,51,S2n_keV,21740.29700000002,21740.37,0.07299999997849227
58,51,S2p_keV,7264.587999999989,7264.66,0.07200000001103035
58,51,Qalpha_keV,964.7449999998789,964.68,0.06499999987897809
57,52,Sn_keV,10005.102000000072,10005.04,0.06200000007083872
57,52,Sp_keV,2559.042000000016,2559.03,0.012000000015632395
57,52,S2n_keV,23318.777000000002,23318.7,0.07700000000113505
57,52,S2p_keV,3781.1119999999646,3781.1,0.011999999964700692
57,52,Qalpha_keV,3197.6300000000047,3197.69,0.05999999999539796
56,53,Sn_keV,13094.271999999997,13094.21,0.06199999999807915
56,53,Sp_keV,-820.1239999999525,-820.2,0.07600000004754293
56,53,S2p_keV,1597.2059999998892,1597.2,0.005999999889127139
56,53,Qalpha_keV,3918.0760000001173,3918.07,0.006000000117182935
55,54,Sp_keV,808.8819999999832,808.91,0.028000000016731974
55,54,S2p_keV,208.16099999996368,208.16,0.0009999999636818302
55,54,Qalpha_keV,4217.086000000127,4217.05,0.03600000012647797
69,41,Sn_keV,3691.430000000051,3691.43,5.1386450650170445e-11
69,41,S2n_keV,8906.779999999912,8906.78,8.913048077374697e-11
68,42,Sn_keV,5947.946999999811,5947.91,0.036999999811087037
68,42,Sp_keV,15141.770000000019,15141.76,0.010000000018408173
68,42,S2n_keV,9929.288000000059,9929.28,0.008000000058018486
68,42,Qalpha_keV,-8417.579999999842,-8417.51,0.06999999984145688
67,43,Sn_keV,4823.087999999989,4823.05,0.03799999998864223
67,43,Sp_keV,11657.496999999858,11657.49,0.006999999857725925
67,43,S2n_keV,11254.361999999965,11254.37,0.008000000036190613
67,43,S2p_keV,26066.669999999925,26066.69,0.020000000073196134
67,43,Qalpha_keV,-7256.103999999934,-7256.07,0.033999999934167136
66,44,Sn_keV,7405.46699999983,7405.49,0.023000000170213752
66,44,Sp_keV,13078.80799999996,13078.77,0.037999999960447894
66,44,S2n_keV,12553.909999999916,12553.86,0.04999999991559889
66,44,S2p_keV,23894.558000000077,23894.58,0.021999999924446456
66,44,Qalpha_keV,-6362.96399999992,-6362.96,0.003999999919869879
65,45,Sn_keV,5900.462000000058,5900.55,0.0879999999424399
65,45,Sp_keV,9379.196999999927,9379.26,0.06300000007286144
65,45,S2n_keV,13939.580000000075,13939.6,0.019999999925857992
65,45,S2p_keV,21483.812000000034,21483.85,0.03799999996408587
65,45,Qalpha_keV,-5477.343999999925,-5477.38,0.03600000007554627
64,46,Sn_keV,8795.682000000146,8795.75,0.06799999985378236
64,46,Sp_keV,10620.342000000062,10620.42,0.07799999993767415
64,46,S2n_keV,14949.336000000127,14949.33,0.00600000012673263
64,46,S2p_keV,19247.52000000002,19247.5,0.02000000001862645
64,46,Qalpha_keV,-4432.520000000019,-4432.6,0.07999999998173735
63,47,Sn_keV,6809.144999999902,6809.19,0.04500000009738869
63,47,Sp_keV,7139.742000000086,7139.8,0.05799999991450022
63,47,S2n_keV,15993.180000000051,15993.17,0.010000000051149982
63,47,S2p_keV,17003.52000000002,17003.52,1.8189894035458565e-11
63,47,Qalpha_keV,-3519.5339999998687,-3519.59,0.056000000131462
62,48,Sn_keV,9914.974000000046,9914.97,0.004000000046289642
62,48,Sp_keV,8917.514999999898,8917.51,0.004999999897336238
62,48,S2n_keV,17238.197999999975,17238.19,0.007999999976163963
62,48,S2p_keV,15401.766000000061,15401.7,0.0660000000607397
62,48,Qalpha_keV,-2865.4379999999655,-2865.36,0.07799999996541374
61,49,Sn_keV,8051.761999999755,8051.77,0.008000000245374395
61,49,Sp_keV,5254.603999999934,5254.62,0.016000000066014763
61,49,S2n_keV,18492.77199999988,18492.78,0.008000000118045136
61,49,S2p_keV,13441.179999999935,13441.15,0.029999999935171218
61,49,Qalpha_keV,-1952.485999999917,-1952.5,0.01400000008288771
60,50,Sn_keV,11283.107999999891,11283.12,0.012000000109765097
60,50,Sp_keV,6641.451999999816,6641.44,0.011999999815998308
60,50,S2n_keV,19914.65399999998,19914.68,0.026000000019848812
60,50,S2p_keV,11167.517999999924,11167.51,0.00799999992341327
60,50,Qalpha_keV,-1134.821999999811,-1134.76,0.06199999981095061
59,51,Sn_keV,9270.074999999953,9270.07,0.00499999995372491
59,51,Sp_keV,2108.447999999975,2108.52,0.07200000002512752
59,51,S2n_keV,21146.982000000076,21147.04,0.057999999924504664
59,51,S2p_keV,7907.802000000025,7907.86,0.05799999997452687
59,51,Qalpha_keV,733.4700000000885,733.48,0.009999999911542545
58,52,Sn_keV,12585.680000000051,12585.74,0.05999999994855898
58,52,Sp_keV,3267.814999999944,3267.8,0.014999999943938747
58,52,S2n_keV,22590.782000000123,22590.78,0.002000000124098733
58,52,S2p_keV,4737.734000000055,4737.81,0.07599999994545215
58,52,Qalpha_keV,2699.0380000000587,2698.96,0.07800000005863694
57,53,Sn_keV,10862.986000000034,10863.0,0.013999999966472387
57,53,Sp_keV,37.76000000000931,37.76,9.315215265814913e-12
57,53,S2n_keV,23957.25800000003,23957.21,0.04800000003160676
57,53,S2p_keV,2596.802000000025,2596.79,0.01200000002518209
57,53,Qalpha_keV,3584.202000000165,3584.2,0.0020000001650259946
56,54,Sn_keV,13824.445999999996,13824.39,0.055999999996856786
56,54,Sp_keV,1539.0559999999823,1539.1,0.04400000001760418
56,54,S2p_keV,718.9320000000298,718.9,0.03200000002982506
56,54,Qalpha_keV,3872.1620000001276,3872.21,0.04799999987244519
69,42,Sn_keV,3468.4719999999506,3468.49,0.018000000049141818
69,42,Sp_keV,14918.811999999918,14918.82,0.008000000081665348
69,42,S2n_keV,9416.418999999762,9416.4,0.01899999976194522
69,42,Qalpha_keV,-7984.940999999875,-7984.99,0.049000000124578946
68,43,Sn_keV,6061.3889999999665,6061.43,0.04100000003381865
68,43,Sp_keV,11770.939000000013,11771.01,0.07099999998717976
68,43,S2n_keV,10884.476999999955,10884.48,0.003000000044266926
68,43,S2p_keV,26912.70900000003,26912.77,0.06099999996877159
68,43,Qalpha_keV,-7725.69599999988,-7725.73,0.034000000119704055
67,44,Sn_keV,4784.017000000109,4784.01,0.0070000001087464625
67,44,Sp_keV,13039.737000000081,13039.73,0.0070000000814616214
67,44,S2n_keV,12189.483999999939,12189.5,0.01600000006146729
67,44,S2p_keV,24697.23399999994,24697.22,0.013999999937368557
67,44,Qalpha_keV,-6658.60699999996,-6658.63,0.02300000004015601
66,45,Sn_keV,7547.100999999908,7547.08,0.020999999907871825
66,45,Sp_keV,9520.831000000006,9520.85,0.018999999994775862
66,45,S2n_keV,13447.562999999966,13447.63,0.06700000003365858
66,45,S2p_keV,22599.638999999966,22599.62,0.01899999996749102
66,45,Qalpha_keV,-5979.401999999885,-5979.45,0.04800000011437078
65,46,Sn_keV,5726.318999999901,5726.3,0.018999999901097908
65,46,Sp_keV,10446.198999999906,10446.17,0.02899999990586366
65,46,S2n_keV,14522.001000000047,14522.05,0.04899999995177495
65,46,S2p_keV,19825.395999999833,19825.43,0.03400000016699778
65,46,Qalpha_keV,-4548.316999999923,-4548.29,0.026999999922736606
64,47,Sn_keV,8829.477000000072,8829.46,0.017000000072584953
64,47,Sp_keV,7173.537000000011,7173.51,0.027000000010957592
64,47,S2n_keV,15638.621999999974,15638.66,0.03800000002593151
64,47,S2p_keV,17793.879000000074,17793.93,0.050999999926716555
64,47,Qalpha_keV,-3776.676000000094,-3776.66,0.0160000000942091
63,48,Sn_keV,6975.518999999971,6975.6,0.0810000000292348
63,48,Sp_keV,9083.888999999966,9083.92,0.031000000033600372
63,48,S2n_keV,16890.493000000017,16890.56,0.06699999998454587
63,48,S2p_keV,16223.631000000052,16223.71,0.07899999994697282
63,48,Qalpha_keV,-3304.4509999998845,-3304.52,0.06900000011546581
62,49,Sn_keV,9993.42200000002,9993.39,0.03200000002107117
62,49,Sp_keV,5333.051999999909,5333.04,0.011999999908766767
62,49,S2n_keV,18045.183999999776,18045.17,0.01399999977729749
62,49,S2p_keV,14250.566999999806,14250.56,0.0069999998067942215
62,49,Qalpha_keV,-2410.341999999946,-2410.29,0.05199999994601967
61,50,Sn_keV,8167.859999999986,8167.92,0.0600000000140426
61,50,Sp_keV,6757.550000000047,6757.59,0.03999999995357939
61,50,S2n_keV,19450.967999999877,19451.04,0.0720000001238077
61,50,S2p_keV,12012.15399999998,12012.21,0.05600000001868466
61,50,Qalpha_keV,-1373.2129999998724,-1373.24,0.027000000127600288
60,51,Sn_keV,11458.410000000033,11458.32,0.09000000003288733
60,51,Sp_keV,2283.7500000001164,2283.72,0.03000000011661541
60,51,S2n_keV,20728.484999999986,20728.39,0.09499999998661224
60,51,S2p_keV,8925.201999999932,8925.17,0.03199999993194069
60,51,Qalpha_keV,302.58700000005774,302.61,0.022999999942271643
59,52,Sn_keV,9429.043000000063,9428.98,0.06300000006376649
59,52,Sp_keV,3426.783000000054,3426.71,0.07300000005398033
59,52,S2n_keV,22014.723000000115,22014.72,0.0030000001133885235
59,52,S2p_keV,5535.231000000029,5535.23,0.0010000000293075573
59,52,Qalpha_keV,2499.8249999999534,2499.84,0.015000000046711648
58,53,Sn_keV,12560.943999999901,12560.93,0.013999999900988769
58,53,Sp_keV,13.02399999985937,12.95,0.073999999859371
58,53,S2n_keV,23423.929999999935,23423.92,0.00999999993655365
58,53,S2p_keV,3280.8389999998035,3280.75,0.08899999980349094
58,53,Qalpha_keV,3274.5240000002086,3274.54,0.015999999791347363
57,54,Sn_keV,10544.226000000024,10544.23,0.003999999975349056
57,54,Sp_keV,1220.295999999973,1220.33,0.034000000026935595
57,54,S2n_keV,24368.67200000002,24368.62,0.05200000002150773
57,54,S2p_keV,1258.0559999999823,1258.08,0.02400000001762237
57,54,Qalpha_keV,3718.8270000000484,3718.88,0.052999999951680365
69,43,Sn_keV,4305.672999999952,4305.63,0.04299999995146209
69,43,Sp_keV,12608.140000000014,12608.15,0.009999999985666364
69,43,S2n_keV,10367.061999999918,10367.06,0.0019999999185529305
69,43,S2p_keV,27526.951999999932,27526.97,0.0180000000691507
69,43,Qalpha_keV,-8138.071999999811,-8138.09,0.018000000189204002
68,44,Sn_keV,6916.876999999979,6916.86,0.016999999978907
68,44,Sp_keV,13895.225000000093,13895.17,0.0550000000930595
68,44,S2n_keV,11700.894000000088,11700.88,0.014000000088344677
68,44,S2p_keV,25666.164000000106,25666.17,0.005999999892082997
68,44,Qalpha_keV,-7299.792000000132,-7299.79,0.0020000001322841854
67,45,Sn_keV,5498.399000000092,5498.37,0.029000000092310074
67,45,Sp_keV,10235.212999999989,10235.2,0.012999999988096533
67,45,S2n_keV,13045.5,13045.45,0.049999999999272404
67,45,S2p_keV,23274.95000000007,23274.93,0.020000000069558155
67,45,Qalpha_keV,-6233.652000000002,-6233.64,0.012000000001535227
66,46,Sn_keV,8406.949000000022,8406.99,0.04099999997742998
66,46,Sp_keV,11306.04700000002,11306.08,0.032999999979438144
66,46,S2n_keV,14133.267999999924,14133.29,0.022000000077241566
66,46,S2p_keV,20826.878000000026,20826.93,0.051999999974214006
66,46,Qalpha_keV,-5085.12799999991,-5085.13,0.002000000090447429
65,47,Sn_keV,6439.602999999886,6439.59,0.012999999886233127
65,47,Sp_keV,7886.820999999996,7886.8,0.02099999999609281
65,47,S2n_keV,15269.079999999958,15269.05,0.02999999995881808
65,47,S2p_keV,18333.019999999902,18332.97,0.049999999901046976
65,47,Qalpha_keV,-3976.939999999944,-3976.91,0.029999999944266165
64,48,Sn_keV,9393.991000000038,9393.93,0.06100000003789319
64,48,Sp_keV,9648.402999999933,9648.38,0.02299999993374513
64,48,S2n_keV,16369.51000000001,16369.52,0.009999999991123332
64,48,S2p_keV,16821.939999999944,16821.9,0.039999999942665454
64,48,Qalpha_keV,-3475.616000000038,-3475.57,0.046000000038020517
63,49,Sn_keV,7669.402000000002,7669.4,0.002000000002226443
63,49,Sp_keV,6026.9349999999395,6026.85,0.08499999993910023
63,49,S2n_keV,17662.824000000022,17662.8,0.024000000023079338
63,49,S2p_keV,15110.823999999906,15110.77,0.05399999990549986
63,49,Qalpha_keV,-2808.3439999999246,-2808.28,0.06399999992436278
62,50,Sn_keV,10787.78600000008,10787.79,0.0039999999207793735
62,50,Sp_keV,7551.914000000106,7551.98,0.06599999989339267
62,50,S2n_keV,18955.646000000066,18955.71,0.06399999993300298
62,50,S2p_keV,12884.966000000015,12885.03,0.06399999998575367
62,50,Qalpha_keV,-1827.5039999999572,-1827.56,0.05600000004278627
61,51,Sn_keV,8833.46399999992,8833.55,0.08600000007936615
61,51,Sp_keV,2949.3540000000503,2949.35,0.0040000000503823685
61,51,S2n_keV,20291.873999999953,20291.86,0.013999999951920472
61,51,S2p_keV,9706.904000000097,9706.94,0.03599999990365177
61,51,Qalpha_keV,95.98400000005495,95.94,0.044000000054950306
60,52,Sn_keV,12051.33099999989,12051.35,0.019000000111191184
60,52,Sp_keV,4019.7039999999106,4019.74,0.03600000008918869
60,52,S2n_keV,21480.373999999953,21480.33,0.04399999995075632
60,52,S2p_keV,6303.454000000027,6303.47,0.015999999973246304
60,52,Qalpha_keV,2077.552000000025,2077.51,0.04200000002492743
59,53,Sn_keV,10180.774000000209,10180.86,0.08599999979196582
59,53,Sp_keV,764.7550000000047,764.82,0.06499999999539341
59,53,S2n_keV,22741.71800000011,22741.79,0.07199999989097705
59,53,S2p_keV,4191.538000000059,4191.54,0.001999999941290298
59,53,Qalpha_keV,2957.1399999998976,2957.09,0.049999999897409
58,54,Sn_keV,13702.142000000109,13702.12,0.022000000108164386
58,54,Sp_keV,2361.4940000001807,2361.52,0.02599999981930523
58,54,S2n_keV,24246.368000000133,24246.35,0.01800000013463432
58,54,S2p_keV,2374.51800000004,2374.47,0.04800000004024696
58,54,Qalpha_keV,3330.3599999998696,3330.41,0.05000000013023964
57,55,Sp_keV,-816.3059999998659,-816.29,0.01599999986592593
57,55,S2p_keV,403.9900000001071,404.04,0.04999999989291837
57,55,Qalpha_keV,3934.4119999998948,3934.41,0.0019999998949060682
70,43,Sn_keV,5623.880000000121,5623.92,0.039999999879000825
70,43,S2n_keV,9929.553000000073,9929.55,0.0030000000733707566
70,43,Qalpha_keV,-8546.602000000072,-8546.66,0.05799999992814264
69,44,Sn_keV,4308.640000000014,4308.62,0.020000000014078978
69,44,Sp_keV,13898.192000000156,13898.15,0.04200000015589467
69,44,S2n_keV,11225.516999999993,11225.48,0.03699999999298598
69,44,S2p_keV,26506.33200000017,26506.3,0.032000000170228304
69,44,Qalpha_keV,-7627.0909999998985,-7627.04,0.05099999989852222
68,45,Sn_keV,7107.332999999984,7107.35,0.01700000001619628
68,45,Sp_keV,10425.668999999994,10425.69,0.021000000006097252
68,45,S2n_keV,12605.732000000076,12605.72,0.012000000077023287
68,45,S2p_keV,24320.894000000088,24320.86,0.034000000086962245
68,45,Qalpha_keV,-6909.71100000001,-6909.68,0.03100000000995351
67,46,Sn_keV,5340.904000000097,5340.85,0.05400000009649375
67,46,Sp_keV,11148.552000000025,11148.56,0.007999999974344973
67,46,S2n_keV,13747.85300000012,13747.84,0.01300000011906377
67,46,S2p_keV,21383.765000000014,21383.76,0.005000000015570549
67,46,Qalpha_keV,-5277.58899999992,-5277.61,0.021000000079766323
66,47,Sn_keV,8514.385000000126,8514.42,0.03499999987434421
66,47,Sp_keV,7994.2570000001,7994.23,0.027000000100088073
66,47,S2n_keV,14953.988000000012,14954.01,0.021999999988111085
66,47,S2p_keV,19300.30400000012,19300.31,0.00599999988116906
66,47,Qalpha_keV,-4452.207000000053,-4452.28,0.07299999994665995
65,48,Sn_keV,6539.77099999995,6539.74,0.03099999994992686
65,48,Sp_keV,9748.570999999996,9748.54,0.030999999995401595
65,48,S2n_keV,15933.761999999988,15933.67,0.09199999998782005
65,48,S2p_keV,17635.391999999993,17635.34,0.0519999999924039
65,48,Qalpha_keV,-3861.7330000000075,-3861.72,0.01300000000765067
64,49,Sn_keV,9448.273000000045,9448.3,0.02699999995456892
64,49,Sp_keV,6081.216999999946,6081.23,0.013000000053580152
64,49,S2n_keV,17117.675000000047,17117.71,0.034999999952560756
64,49,S2p_keV,15729.619999999879,15729.61,0.009999999878345989
64,49,Qalpha_keV,-3072.5819999998203,-3072.61,0.028000000179872586
63,50,Sn_keV,7744.426999999909,7744.39,0.03699999990840297
63,50,Sp_keV,7626.939000000013,7626.97,0.030999999987216142
63,50,S2n_keV,18532.21299999999,18532.18,0.03299999998853309
63,50,S2p_keV,13653.873999999953,13653.83,0.04399999995257531
63,50,Qalpha_keV,-2248.7069999999367,-2248.73,0.023000000063348125
62,51,Sn_keV,10889.290999999968,10889.32,0.02900000003137393
62,51,Sp_keV,3050.8589999999385,3050.88,0.02100000006157643
62,51,S2n_keV,19722.75499999989,19722.87,0.11500000011074007
62,51,S2p_keV,10602.773000000045,10602.87,0.09699999995609687
62,51,Qalpha_keV,-352.29699999978766,-352.37,0.0730000002123461
61,52,Sn_keV,8850.844000000041,8850.84,0.004000000040832674
61,52,Sp_keV,4037.0840000000317,4037.04,0.04400000003170135
61,52,S2n_keV,20902.17499999993,20902.19,0.01500000006853952
61,52,S2p_keV,6986.438000000082,6986.38,0.05800000008184725
61,52,Qalpha_keV,1858.2540000000736,1858.24,0.014000000073565388
60,53,Sn_keV,12127.527999999933,12127.49,0.03799999993316305
60,53,Sp_keV,840.9520000000484,840.97,0.01799999995159851
60,53,S2n_keV,22308.30200000014,22308.36,0.057999999859021045
60,53,S2p_keV,4860.655999999959,4860.71,0.05400000004101457
60,53,Qalpha_keV,2706.5190000000875,2706.55,0.030999999912637577
59,54,Sn_keV,10248.582999999868,10248.6,0.017000000132611603
59,54,Sp_keV,2429.30299999984,2429.26,0.04299999983959424
59,54,S2n_keV,23950.724999999977,23950.72,0.004999999975552782
59,54,S2p_keV,3194.0579999998445,3194.08,0.02200000015545811
59,54,Qalpha_keV,3086.8790000000736,3086.86,0.019000000073447154
58,55,Sn_keV,13545.565999999992,13545.57,0.004000000008090865
58,55,Sp_keV,-972.8819999999832,-972.84,0.04199999998320436
58,55,S2p_keV,1388.6120000001974,1388.69,0.07799999980261418
58,55,Qalpha_keV,3483.1179999999003,3483.05,0.06799999990016659
71,43,Sn_keV,3860.0939999999246,3860.06,0.03399999992461744
71,43,S2n_keV,9483.974000000046,9483.98,0.005999999953928636
71,43,Qalpha_keV,-8715.265999999945,-8715.29,0.024000000055821147
70,44,Sn_keV,6425.015999999945,6425.01,0.005999999944833689
70,44,Sp_keV,14699.32799999998,14699.24,0.08799999997972918
70,44,S2n_keV,10733.655999999959,10733.63,0.025999999959822162
70,44,Qalpha_keV,-8104.160000000033,-8104.14,0.020000000032268872
69,45,Sn_keV,5014.362999999896,5014.41,0.04700000010416261
69,45,Sp_keV,11131.391999999876,11131.48,0.08800000012342934
69,45,S2n_keV,12121.69599999988,12121.76,0.06400000012035889
69,45,S2p_keV,25029.58400000003,25029.63,0.045999999969353667
69,45,Qalpha_keV,-7100.985999999917,-7101.03,0.04400000008263305
68,46,Sn_keV,7971.147999999928,7971.17,0.022000000071784598
68,46,Sp_keV,12012.36699999997,12012.38,0.01300000002993329
68,46,S2n_keV,13312.052000000025,13312.02,0.03200000002470915
68,46,S2p_keV,22438.035999999964,22438.07,0.03400000003603054
68,46,Qalpha_keV,-5843.270000000019,-5843.28,0.00999999998111889
67,47,Sn_keV,5975.346999999951,5975.29,0.05699999995067628
67,47,Sp_keV,8628.699999999953,8628.68,0.019999999953142833
67,47,S2n_keV,14489.732000000076,14489.72,0.012000000077023287
67,47,S2p_keV,19777.25199999998,19777.24,0.01199999997697887
67,47,Qalpha_keV,-4527.091999999946,-4527.03,0.06199999994623795
66,48,Sn_keV,9042.951000000117,9042.97,0.01899999988199852
66,48,Sp_keV,10277.136999999988,10277.08,0.056999999987965566
66,48,S2n_keV,15582.722000000067,15582.71,0.01200000006792834
66,48,S2p_keV,18271.394000000088,18271.31,0.08400000008623465
66,48,Qalpha_keV,-4109.001999999979,-4108.94,0.06199999997897976
65,49,Sn_keV,7273.945000000065,7274.0,0.05499999993480742
65,49,Sp_keV,6815.3910000000615,6815.49,0.09899999993831443
65,49,S2n_keV,16722.21800000011,16722.3,0.08199999988937634
65,49,S2p_keV,16563.962000000058,16564.02,0.05799999994269456
65,49,Qalpha_keV,-3537.3819999999832,-3537.41,0.028000000016618287
64,50,Sn_keV,10302.881000000169,10302.91,0.028999999831285095
64,50,Sp_keV,8481.547000000137,8481.58,0.03299999986302282
64,50,S2n_keV,18047.308000000077,18047.3,0.00800000007802737
64,50,S2p_keV,14562.764000000083,14562.81,0.045999999916602974
64,50,Qalpha_keV,-2636.6140000000596,-2636.67,0.055999999940468115
63,51,Sn_keV,8150.977000000072,8150.92,0.05700000007163908
63,51,Sp_keV,3457.4090000001015,3457.41,0.0009999998983403202
63,51,S2n_keV,19040.26800000004,19040.24,0.02800000003844616
63,51,S2p_keV,11084.348000000115,11084.38,0.03199999988464697
63,51,Qalpha_keV,-451.5120000001043,-451.52,0.007999999895673682
62,52,Sn_keV,11612.824000000022,11612.86,0.035999999978230335
62,52,Sp_keV,4760.617000000086,4760.57,0.047000000085972715
62,52,S2n_keV,20463.668000000063,20463.7,0.03199999993739766
62,52,S2p_keV,7811.476000000024,7811.45,0.026000000024396286
62,52,Qalpha_keV,1528.5379999999423,1528.5,0.037999999942258
60,54,Sn_keV,12953.619000000064,12953.59,0.02900000006411574
60,54,Sp_keV,3255.393999999971,3255.35,0.04399999997121995
60,54,S2n_keV,23202.201999999932,23202.19,0.011999999933323124
60,54,S2p_keV,4096.34600000002,4096.32,0.026000000019848812
60,54,Qalpha_keV,2718.9400000000605,2719.01,0.06999999993968231
59,55,Sn_keV,10989.045999999857,10989.05,0.004000000142696081
59,55,Sp_keV,-232.4189999999944,-232.39,0.028999999994425707
59,55,S2n_keV,24534.61199999985,24534.62,0.008000000150786946
59,55,S2p_keV,2196.8839999998454,2196.87,0.013999999845509592
59,55,Qalpha_keV,3357.0580000000773,3357.0,0.058000000077299774
58,56,Sp_keV,1429.9179999998305,1429.87,0.04799999983060843
58,56,S2p_keV,457.03599999984726,457.03,0.005999999847290383
58,56,Qalpha_keV,3592.256000000052,3592.28,0.023999999948046025
72,43,Sn_keV,5791.079000000027,5791.02,0.0590000000265718
72,43,S2n_keV,9651.172999999952,9651.08,0.09299999995164399
71,44,Sn_keV,4039.1450000000186,4039.24,0.09499999998115527
71,44,Sp_keV,14878.379000000074,14878.42,0.040999999926498276
71,44,S2n_keV,10464.160999999964,10464.25,0.08900000003632158
71,44,Qalpha_keV,-8674.8330000001,-8674.89,0.056999999898835085
70,45,Sn_keV,6590.533999999985,6590.52,0.013999999984662281
70,45,Sp_keV,11296.909999999916,11296.99,0.08000000008360075
70,45,S2n_keV,11604.89699999988,11604.93,0.03300000011950033
70,45,S2p_keV,25996.237999999896,25996.23,0.007999999896128429
70,45,Qalpha_keV,-7630.130999999936,-7630.12,0.010999999935847882
69,46,Sn_keV,5006.729999999865,5006.76,0.030000000135260052
69,46,Sp_keV,12004.733999999939,12004.73,0.0039999999389692675
69,46,S2n_keV,12977.877999999793,12977.93,0.05200000020704465
69,46,S2p_keV,23136.125999999815,23136.21,0.08400000018446008
69,46,Qalpha_keV,-6065.982999999775,-6066.03,0.047000000225125405
68,47,Sn_keV,8123.133000000031,8123.17,0.036999999969339115
68,47,Sp_keV,8780.685000000056,8780.68,0.005000000055588316
68,47,S2n_keV,14098.479999999981,14098.47,0.009999999982028385
68,47,S2p_keV,20793.052000000025,20793.06,0.007999999976163963
68,47,Qalpha_keV,-5103.124000000069,-5103.12,0.00400000006902701
67,48,Sn_keV,6140.777999999933,6140.86,0.08200000006672781
67,48,Sp_keV,10442.56799999997,10442.65,0.08200000002943852
67,48,S2n_keV,15183.72900000005,15183.83,0.10099999994963582
67,48,S2p_keV,19071.267999999924,19071.33,0.06200000007811468
67,48,Qalpha_keV,-4523.46100000001,-4523.51,0.04899999998997373
66,49,Sn_keV,9037.868000000017,9037.86,0.00800000001618173
66,49,Sp_keV,6810.307999999961,6810.38,0.07200000003922469
66,49,S2n_keV,16311.813000000082,16311.86,0.04699999991862569
66,49,S2p_keV,17087.44499999995,17087.46,0.015000000050349627
66,49,Qalpha_keV,-3745.7729999999283,-3745.81,0.03700000007165727
65,50,Sn_keV,7545.410999999847,7545.43,0.01900000015302794
65,50,Sp_keV,8753.012999999919,8753.0,0.012999999918974936
65,50,S2n_keV,17848.292000000016,17848.34,0.047999999984313035
65,50,S2p_keV,15568.40399999998,15568.49,0.0860000000193395
65,50,Qalpha_keV,-3206.5059999999357,-3206.5,0.005999999935738742
64,51,Sn_keV,10578.173000000068,10578.15,0.023000000068350346
64,51,Sp_keV,3732.701000000001,3732.65,0.05100000000084037
64,51,S2n_keV,18729.15000000014,18729.07,0.08000000013998942
64,51,S2p_keV,12214.248000000138,12214.23,0.0180000001382723
64,51,Qalpha_keV,-1036.2630000001518,-1036.28,0.016999999848167135
63,52,Sn_keV,8245.55799999996,8245.51,0.04799999996066617
63,52,Sp_keV,4855.197999999975,4855.16,0.03799999997499981
63,52,S2n_keV,19858.381999999983,19858.36,0.021999999982654117
63,52,S2p_keV,8312.607000000076,8312.57,0.03700000007665949
63,52,Qalpha_keV,1450.8399999999674,1450.91,0.07000000003267814
62,53,Sp_keV,1738.167999999947,1738.2,0.03200000005313086
62,53,S2n_keV,21360.88399999996,21360.92,0.036000000036437996
62,53,S2p_keV,6498.785000000033,6498.77,0.015000000032159733
62,53,Qalpha_keV,2074.1200000001118,2074.02,0.1000000001117769
61,54,Sn_keV,9642.179999999935,9642.18,6.548361852765083e-11
61,54,S2n_keV,22595.799,22595.76,0.03900000000066939
61,54,S2p_keV,4887.681999999913,4887.66,0.02199999991353252
61,54,Qalpha_keV,2505.803000000189,2505.81,0.006999999810886948
72,44,Sn_keV,5950.522999999928,5950.49,0.03299999992850644
72,44,Sp_keV,15037.822999999975,15037.89,0.06700000002456363
72,44,S2n_keV,9989.667999999947,9989.73,0.06200000005264883
71,45,Sn_keV,4577.670000000042,4577.61,0.060000000042236934
71,45,Sp_keV,11835.43499999994,11835.36,0.07499999993888196
71,45,S2n_keV,11168.204000000027,11168.13,0.07400000002780871
71,45,S2p_keV,26713.814000000013,26713.78,0.03400000001420267
71,45,Qalpha_keV,-7902.128000000026,-7902.1,0.028000000025713234
70,46,Sn_keV,7476.610000000219,7476.57,0.04000000021915184
70,46,Sp_keV,12890.810000000172,12890.77,0.04000000017185812
70,46,S2n_keV,12483.340000000084,12483.33,0.010000000083891791
70,46,S2p_keV,24187.72000000009,24187.76,0.039999999909923645
70,46,Qalpha_keV,-6625.716000000015,-6625.73,0.013999999984662281
69,47,Sn_keV,5631.3869999998715,5631.32,0.06699999987176852
69,47,Sp_keV,9405.342000000062,9405.24,0.10200000006261689
69,47,S2n_keV,13754.519999999902,13754.49,0.02999999990242941
69,47,S2p_keV,21410.076,21409.97,0.10599999999976717
69,47,Qalpha_keV,-5236.111999999848,-5236.07,0.04199999984848546
68,48,Sn_keV,8699.340000000084,8699.32,0.02000000008411007
68,48,Sp_keV,11018.775000000023,11018.8,0.02499999997598934
68,48,S2n_keV,14840.118000000017,14840.18,0.06199999998352723
68,48,S2p_keV,19799.46000000008,19799.48,0.019999999920401024
68,48,Qalpha_keV,-4815.852000000072,-4815.83,0.022000000071784598
67,49,Sn_keV,6784.7820000000065,6784.72,0.0620000000062646
67,49,Sp_keV,7454.3120000000345,7454.24,0.07200000003467721
67,49,S2n_keV,15822.650000000023,15822.58,0.07000000002335582
67,49,S2p_keV,17896.880000000005,17896.89,0.00999999999476131
67,49,Qalpha_keV,-4090.9520000000484,-4090.95,0.002000000048610673
66,50,Sn_keV,9563.521000000066,9563.45,0.07100000006539631
66,50,Sp_keV,9278.665999999968,9278.59,0.07599999996818951
66,50,S2n_keV,17108.931999999913,17108.88,0.051999999912368366
66,50,S2p_keV,16088.97399999993,16088.98,0.006000000070343958
66,50,Qalpha_keV,-3376.0359999999637,-3376.03,0.005999999963478331
65,51,Sn_keV,7890.01099999994,7890.06,0.04900000006000482
65,51,Sp_keV,4077.301000000094,4077.29,0.01100000009409996
65,51,S2n_keV,18468.18400000001,18468.21,0.025999999990744982
65,51,S2p_keV,12830.314000000013,12830.29,0.0240000000121654
65,51,Qalpha_keV,-1256.8720000000903,-1256.93,0.057999999909725375
64,52,Sn_keV,11277.44200000004,11277.52,0.07799999996132101
64,52,Sp_keV,5554.466999999946,5554.53,0.06300000005376205
64,52,S2n_keV,19523.0,19523.03,0.029999999998835847
64,52,S2p_keV,9287.167999999947,9287.18,0.012000000053376425
64,52,Qalpha_keV,961.1840000000084,961.18,0.004000000008431925
63,53,Sn_keV,9225.771999999997,9225.76,0.011999999996987754
63,53,Sp_keV,2718.3819999999832,2718.45,0.06800000001658191
63,53,S2p_keV,7573.579999999958,7573.6,0.020000000042273314
63,53,Qalpha_keV,1681.8120000000345,1681.81,0.002000000034513505
62,54,Sn_keV,12461.194000000134,12461.29,0.09599999986676266
62,54,Sp_keV,3997.8840000000782,3997.9,0.015999999921859853
62,54,S2n_keV,22103.37400000007,22103.47,0.09599999993224628
62,54,S2p_keV,5736.052000000025,5736.1,0.04799999997521809
62,54,Qalpha_keV,2095.939999999944,2095.87,0.06999999994422978
73,44,Sn_keV,3492.326000000001,3492.27,0.05600000000094951
73,44,S2n_keV,9442.84899999993,9442.76,0.0889999999290012
72,45,Sn_keV,6232.537000000128,6232.57,0.03299999987211777
72,45,Sp_keV,12117.449000000139,12117.43,0.019000000138476025
72,45,S2n_keV,10810.20700000017,10810.18,0.02700000016920967
72,45,S2p_keV,27155.272000000114,27155.32,0.04799999988608761
72,45,Qalpha_keV,-8510.785000000033,-8510.75,0.03500000003259629
71,46,Sn_keV,4664.212999999872,4664.16,0.052999999872554326
71,46,Sp_keV,12977.353000000003,12977.33,0.023000000002866727
71,46,S2n_keV,12140.823000000091,12140.73,0.09300000009170617
71,46,S2p_keV,24812.787999999942,24812.68,0.10799999994196696
71,46,Qalpha_keV,-6981.288999999873,-6981.27,0.018999999872903572
70,47,Sn_keV,7710.6720000000205,7710.68,0.007999999979801942
70,47,Sp_keV,9639.403999999864,9639.35,0.053999999863663106
70,47,S2n_keV,13342.058999999892,13341.99,0.06899999989218486
70,47,S2p_keV,22530.214000000036,22530.12,0.09400000003734021
70,47,Qalpha_keV,-5839.4509999998845,-5839.39,0.06099999988418858
69,48,Sn_keV,5777.240999999922,5777.23,0.010999999922205461
69,48,Sp_keV,11164.629000000074,11164.71,0.0809999999255524
69,48,S2n_keV,14476.581000000006,14476.54,0.04100000000471482
69,48,S2p_keV,20569.971000000136,20569.94,0.031000000137282768
69,48,Qalpha_keV,-5252.188999999897,-5252.21,0.021000000103413186
68,49,Sn_keV,8764.632999999914,8764.61,0.022999999913736247
68,49,Sp_keV,7519.604999999865,7519.53,0.07499999986521289
68,49,S2n_keV,15549.41499999992,15549.33,0.08499999992091034
68,49,S2p_keV,18538.37999999989,18538.33,0.04999999988649506
68,49,Qalpha_keV,-4341.199999999837,-4341.14,0.05999999983669113
67,50,Sn_keV,6943.031000000075,6943.1,0.06899999992492667
67,50,Sp_keV,9436.915000000037,9436.97,0.05499999996209226
67,50,S2n_keV,16506.55200000014,16506.55,0.002000000142288627
67,50,S2p_keV,16891.22700000007,16891.21,0.017000000072584953
67,50,Qalpha_keV,-3779.2960000000894,-3779.38,0.08399999991070217
66,51,Sn_keV,9888.713000000105,9888.71,0.003000000106112566
66,51,Sp_keV,4402.493000000133,4402.54,0.04699999986678449
66,51,S2n_keV,17778.724000000046,17778.77,0.04599999995480175
66,51,S2p_keV,13681.159000000102,13681.13,0.029000000102314516
66,51,Qalpha_keV,-1697.3120000001509,-1697.34,0.02799999984904389
65,52,Sn_keV,7897.830999999889,7897.77,0.060999999888736056
65,52,Sp_keV,5562.286999999895,5562.23,0.056999999895197107
65,52,S2n_keV,19175.27299999993,19175.29,0.017000000072584953
65,52,S2p_keV,9639.587999999989,9639.52,0.06799999998838757
65,52,Qalpha_keV,807.7800000000279,807.81,0.029999999972005753
64,53,Sn_keV,11015.22100000002,11015.16,0.06100000001970329
64,53,Sp_keV,2456.1609999999637,2456.09,0.0709999999635329
64,53,S2n_keV,20240.993000000017,20240.91,0.08300000001690933
64,53,S2p_keV,8010.62799999991,8010.62,0.00799999990977085
64,53,Qalpha_keV,1555.8819999999832,1555.98,0.098000000016782
63,54,Sn_keV,9210.005000000005,9209.93,0.07500000000436557
63,54,Sp_keV,3982.1170000000857,3982.07,0.04700000008551797
63,54,S2n_keV,21671.19900000014,21671.22,0.02099999986239709
63,54,S2p_keV,6700.499000000069,6700.52,0.020999999931518687
63,54,Qalpha_keV,1736.7789999999804,1736.78,0.0010000000195304892
62,55,Sp_keV,735.3439999999246,735.34,0.003999999924531039
62,55,S2p_keV,4733.228000000003,4733.24,0.011999999996987754
62,55,Qalpha_keV,2201.548000000068,2201.5,0.04800000006798655
61,56,S2p_keV,3378.9510000001173,3378.95,0.0010000001175285433
61,56,Qalpha_keV,2320.909999999916,2320.95,0.04000000008363713
73,45,Sn_keV,4061.3669999999693,4061.4,0.033000000030824594
73,45,Sp_keV,12686.490000000107,12686.57,0.07999999989260687
73,45,S2n_keV,10293.904000000097,10293.97,0.06599999990248762
73,45,Qalpha_keV,-8712.058000000077,-8712.09,0.031999999922845745
72,46,Sn_keV,7035.503000000026,7035.59,0.08699999997406849
72,46,Sp_keV,13780.318999999901,13780.34,0.021000000098865712
72,46,S2n_keV,11699.715999999898,11699.75,0.03400000010151416
72,46,S2p_keV,25897.76800000004,25897.78,0.011999999958788976
72,46,Qalpha_keV,-7591.775999999954,-7591.85,0.0740000000459986
71,47,Sn_keV,5443.017999999924,5443.09,0.07200000007651397
71,47,Sp_keV,10418.208999999915,10418.28,0.07100000008540519
71,47,S2n_keV,13153.689999999944,13153.77,0.08000000005631591
71,47,S2p_keV,23395.561999999918,23395.61,0.04800000008253846
71,47,Qalpha_keV,-6268.1059999999125,-6268.08,0.025999999912528438
70,48,Sn_keV,8354.571000000113,8354.57,0.0010000001129810698
70,48,Sp_keV,11808.528000000166,11808.6,0.07199999983458838
70,48,S2n_keV,14131.812000000034,14131.79,0.02200000003358582
70,48,S2p_keV,21447.93200000003,21447.95,0.017999999970925273
70,48,Qalpha_keV,-5635.612000000081,-5635.61,0.002000000081352482
69,49,Sn_keV,6356.500999999931,6356.49,0.010999999931300408
69,49,Sp_keV,8098.864999999874,8098.79,0.07499999987430783
69,49,S2n_keV,15121.133999999845,15121.1,0.033999999845036655
69,49,S2p_keV,19263.493999999948,19263.5,0.006000000052154064
69,49,Qalpha_keV,-4722.3539999998175,-4722.33,0.023999999817533535
68,50,Sn_keV,9326.40699999989,9326.42,0.013000000109968823
68,50,Sp_keV,9998.689000000013,9998.78,0.09099999998761632
68,50,S2n_keV,16269.437999999966,16269.52,0.08200000003489549
68,50,S2p_keV,17518.293999999878,17518.31,0.01600000012331293
68,50,Qalpha_keV,-4062.751999999862,-4062.84,0.08800000013798126
67,51,Sn_keV,7428.02099999995,7427.99,0.03099999994992686
67,51,Sp_keV,4887.483000000007,4887.43,0.05300000000715954
67,51,S2n_keV,17316.734000000055,17316.7,0.034000000054220436
67,51,S2p_keV,14324.398000000045,14324.41,0.011999999955150997
67,51,Qalpha_keV,-1851.3880000000354,-1851.33,0.05800000003546302
66,52,Sn_keV,10672.505000000005,10672.49,0.015000000004874892
66,52,Sp_keV,6346.078999999794,6346.02,0.058999999793741154
66,52,S2n_keV,18570.335999999894,18570.26,0.07599999989542994
66,52,S2p_keV,10748.571999999927,10748.56,0.011999999927866156
66,52,Qalpha_keV,438.15600000019185,438.22,0.06399999980817483
65,53,Sn_keV,8606.307000000146,8606.29,0.01700000014534453
65,53,Sp_keV,3164.6370000002207,3164.61,0.02700000022059612
65,53,S2n_keV,19621.528000000166,19621.45,0.07800000016504782
65,53,S2p_keV,8726.924000000115,8726.84,0.08400000011533848
65,53,Qalpha_keV,1100.5519999999087,1100.61,0.05800000009116957
64,54,Sn_keV,11965.008999999845,11965.04,0.031000000155472662
64,54,Sp_keV,4931.9049999999115,4931.95,0.045000000088293746
64,54,S2n_keV,21175.01399999985,21174.97,0.04399999984889291
64,54,S2p_keV,7388.065999999875,7388.04,0.025999999875239155
64,54,Qalpha_keV,1384.5940000001574,1384.6,0.005999999842515535
63,55,Sn_keV,9987.584000000032,9987.59,0.005999999968480552
63,55,Sp_keV,1512.9229999999516,1513.0,0.07700000004842877
63,55,S2p_keV,5495.040000000037,5495.07,0.02999999996245606
74,45,Sn_keV,6006.641999999993,6006.65,0.008000000007086783
74,45,S2n_keV,10068.008999999962,10068.06,0.05100000003767491
74,45,Qalpha_keV,-8927.621000000043,-8927.72,0.09899999995650433
73,46,Sn_keV,4090.5200000000186,4090.47,0.05000000001882654
73,46,Sp_keV,13809.47199999995,13809.41,0.06199999995078542
73,46,S2n_keV,11126.023000000045,11126.06,0.0369999999547872
73,46,S2p_keV,26495.962000000058,26495.98,0.017999999941821443
73,46,Qalpha_keV,-7643.150999999954,-7643.08,0.07099999995443795
72,47,Sn_keV,7163.326000000001,7163.29,0.0360000000009677
72,47,Sp_keV,10546.03199999989,10545.99,0.041999999890322215
72,47,S2n_keV,12606.343999999925,12606.39,0.04600000007485505
72,47,S2p_keV,24326.35099999979,24326.33,0.020999999789637513
72,47,Qalpha_keV,-6840.897999999928,-6840.85,0.047999999927924364
71,48,Sn_keV,5346.709999999846,5346.74,0.030000000153449946
71,48,Sp_keV,11712.220000000088,11712.25,0.029999999911524355
71,48,S2n_keV,13701.280999999959,13701.31,0.029000000040468876
71,48,S2p_keV,22130.429000000004,22130.53,0.10099999999511056
71,48,Qalpha_keV,-5975.592000000062,-5975.6,0.007999999937965185
70,49,Sn_keV,8542.311000000103,8542.39,0.07899999989604112
70,49,Sp_keV,8286.604999999865,8286.61,0.00500000013562385
70,49,S2n_keV,14898.812000000034,14898.87,0.05799999996634142
70,49,S2p_keV,20095.13300000003,20095.21,0.07699999996839324
70,49,Qalpha_keV,-5141.53199999989,-5141.54,0.008000000109859684
69,50,Sn_keV,6483.537000000128,6483.49,0.04700000012780947
69,50,Sp_keV,10125.72500000021,10125.78,0.05499999979110726
69,50,S2n_keV,15809.944000000018,15809.91,0.03400000001784065
69,50,S2p_keV,18224.590000000084,18224.57,0.02000000008411007
69,50,Qalpha_keV,-4405.511000000057,-4405.46,0.0510000000567743
68,51,Sn_keV,9549.319999999949,9549.28,0.03999999994812242
68,51,Sp_keV,5110.396000000066,5110.3,0.096000000065942
68,51,S2n_keV,16977.3409999999,16977.27,0.07099999989804928
68,51,S2p_keV,15109.08500000008,15109.08,0.005000000079235178
68,51,Qalpha_keV,-2362.8399999999674,-2362.75,0.08999999996740371
67,52,Sn_keV,7555.826000000117,7555.91,0.08399999988250784
67,52,Sp_keV,6473.883999999962,6473.94,0.05600000003778405
67,52,S2n_keV,18228.331000000122,18228.4,0.06899999987945193
67,52,S2p_keV,11361.36699999997,11361.37,0.0030000000315340003
67,52,Qalpha_keV,427.74099999992177,427.74,0.0009999999217598088
66,53,Sn_keV,10865.730999999912,10865.8,0.06900000008681673
66,53,Sp_keV,3357.8630000001285,3357.92,0.056999999871550244
66,53,S2n_keV,19472.03800000006,19472.09,0.0519999999414722
66,53,S2p_keV,9703.941999999923,9703.93,0.011999999922409188
66,53,Qalpha_keV,812.9940000000643,812.96,0.03400000006422488
65,54,Sn_keV,8786.721000000136,8786.67,0.051000000135900336
65,54,Sp_keV,5112.318999999901,5112.34,0.021000000098865712
65,54,S2n_keV,20751.72999999998,20751.71,0.019999999982246663
65,54,S2p_keV,8276.956000000122,8276.94,0.01600000012149394
65,54,Qalpha_keV,843.4309999999823,843.43,0.0009999999823548933
64,55,Sn_keV,11967.074000000022,11967.0,0.07400000002235174
64,55,Sp_keV,1514.9880000001285,1514.97,0.01800000012849523
64,55,S2n_keV,21954.658000000054,21954.59,0.06800000005387119
64,55,S2p_keV,6446.89300000004,6446.92,0.02699999996002589
64,55,Qalpha_keV,1607.7739999999758,1607.83,0.05600000002414163
63,56,Sp_keV,3469.7600000000093,3469.69,0.07000000000925866
63,56,S2n_keV,23274.930999999982,23274.97,0.03900000001885928
63,56,S2p_keV,4982.682999999961,4982.69,0.0070000000387153705
63,56,Qalpha_keV,1641.777999999933,1641.75,0.027999999932944775
74,46,Sn_keV,6943.4839999999385,6943.47,0.013999999938278052
74,46,Sp_keV,14746.313999999897,14746.23,0.08399999989705975
74,46,S2n_keV,11034.003999999957,11033.94,0.06399999995664984
74,46,Qalpha_keV,-8636.111999999965,-8636.06,0.05199999996511906
73,47,Sn_keV,5077.011999999988,5077.05,0.03800000001228909
73,47,Sp_keV,11532.52399999986,11532.57,0.04600000014033867
73,47,S2n_keV,12240.337999999989,12240.34,0.00200000001132139
73,47,S2p_keV,25341.99599999981,25341.98,0.015999999810446752
73,47,Qalpha_keV,-7340.239999999874,-7340.3,0.060000000125910447
72,48,Sn_keV,8051.637999999919,8051.6,0.03799999991861114
72,48,Sp_keV,12600.532000000007,12600.56,0.027999999992971425
72,48,S2n_keV,13398.347999999765,13398.35,0.0020000002350570867
72,48,S2p_keV,23146.563999999897,23146.55,0.01399999989735079
72,48,Qalpha_keV,-6550.6199999997625,-6550.64,0.020000000237814675
71,49,Sn_keV,6100.423000000068,6100.41,0.013000000068132067
71,49,Sp_keV,9040.318000000087,9040.27,0.04800000008617644
71,49,S2n_keV,14642.734000000171,14642.79,0.05599999982950976
71,49,S2p_keV,20752.538000000175,20752.52,0.018000000174652087
71,49,Qalpha_keV,-5610.568000000087,-5610.63,0.06199999991349614
70,50,Sn_keV,9104.608999999939,9104.66,0.05100000006132177
70,50,Sp_keV,10688.023000000045,10688.06,0.0369999999547872
70,50,S2n_keV,15588.146000000066,15588.15,0.003999999933512299
70,50,S2p_keV,18974.62799999991,18974.67,0.04200000008859206
70,50,Qalpha_keV,-4810.7799999999115,-4810.8,0.020000000088657544
69,51,Sn_keV,7014.910000000033,7014.9,0.010000000032960088
69,51,Sp_keV,5641.768999999971,5641.71,0.05899999997109262
69,51,S2n_keV,16564.22999999998,16564.18,0.04999999998108251
69,51,S2p_keV,15767.49400000018,15767.49,0.004000000180894858
69,51,Qalpha_keV,-2592.9679999999935,-2592.93,0.03799999999364445
68,52,Sn_keV,10258.225999999908,10258.12,0.10599999990699871
68,52,Sp_keV,7182.789999999921,7182.78,0.00999999992109224
68,52,S2n_keV,17814.052000000025,17814.04,0.012000000024272595
68,52,S2p_keV,12293.185999999987,12293.07,0.11599999998725252
68,52,Qalpha_keV,-266.9639999999199,-266.93,0.03399999991989944
67,53,Sn_keV,8058.7489999999525,8058.77,0.02100000004793401
67,53,Sp_keV,3860.7859999999637,3860.78,0.005999999963478331
67,53,S2n_keV,18924.479999999865,18924.57,0.09000000013475074
67,53,S2p_keV,10334.669999999925,10334.71,0.04000000007363269
67,53,Qalpha_keV,644.2560000000522,644.25,0.006000000052154064
66,54,Sn_keV,11449.241000000038,11449.33,0.08899999996174301
66,54,Sp_keV,5695.829000000027,5695.86,0.030999999972664227
66,54,S2n_keV,20235.962000000174,20236.0,0.03799999982584268
66,54,S2p_keV,9053.692000000156,9053.78,0.08799999984512397
66,54,Qalpha_keV,671.6319999999832,671.62,0.011999999983231646
65,55,Sn_keV,9654.853999999934,9654.9,0.046000000065760105
65,55,Sp_keV,2383.1209999999264,2383.2,0.07900000007339258
65,55,S2n_keV,21621.927999999956,21621.91,0.017999999956373358
65,55,S2p_keV,7495.439999999828,7495.53,0.09000000017204002
65,55,Qalpha_keV,1178.6920000000391,1178.68,0.012000000039051884
64,56,Sn_keV,12369.847999999998,12369.87,0.022000000002663
64,56,Sp_keV,3872.533999999985,3872.56,0.02600000001484659
64,56,S2p_keV,5387.522000000114,5387.52,0.0020000001131847966
64,56,Qalpha_keV,1733.124000000069,1733.17,0.04599999993115489
76,45,S2n_keV,9570.032999999938,9569.97,0.06299999993825622
75,46,Sn_keV,3973.6180000000168,3973.6,0.018000000016854756
75,46,S2n_keV,10917.101999999955,10917.06,0.04199999995580583
75,46,Qalpha_keV,-9117.40399999998,-9117.38,0.02399999998124258
74,47,Sn_keV,6822.6900000000605,6822.64,0.05000000006020855
74,47,Sp_keV,11411.729999999981,11411.74,0.010000000018408173
74,47,S2n_keV,11899.702000000048,11899.69,0.012000000047919457
74,47,S2p_keV,26158.043999999878,26157.97,0.07399999987683259
74,47,Qalpha_keV,-7930.392999999807,-7930.36,0.032999999807543645
73,48,Sn_keV,5187.756000000052,5187.79,0.033999999947809556
73,48,Sp_keV,12711.27600000007,12711.29,0.0139999999300926
73,48,S2n_keV,13239.393999999971,13239.39,0.003999999971711077
73,48,S2p_keV,24243.79999999993,24243.87,0.07000000006883056
73,48,Qalpha_keV,-7074.162999999942,-7074.26,0.09700000005796028
72,49,Sn_keV,8178.886999999988,8178.92,0.03300000001217995
72,49,Sp_keV,9167.567000000156,9167.59,0.02299999984461465
72,49,S2n_keV,14279.310000000056,14279.33,0.019999999944047886
72,49,S2p_keV,21768.099000000162,21768.15,0.050999999839405064
72,49,Qalpha_keV,-6078.783000000054,-6078.88,0.09699999994609243
71,50,Sn_keV,6170.280999999843,6170.21,0.0709999998425701
71,50,Sp_keV,10757.88099999982,10757.87,0.010999999818523065
71,50,S2n_keV,15274.889999999781,15274.88,0.00999999978193955
71,50,S2p_keV,19798.198999999906,19798.14,0.0589999999065185
71,50,Qalpha_keV,-5203.819999999832,-5203.79,0.029999999832398316
70,51,Sn_keV,9253.785999999964,9253.88,0.09400000003552123
70,51,Sp_keV,5790.945999999996,5790.92,0.02599999999620195
70,51,S2n_keV,16268.695999999996,16268.78,0.08400000000438013
70,51,S2p_keV,16478.96900000004,16478.98,0.01099999995858525
70,51,Qalpha_keV,-3082.121000000043,-3082.2,0.07899999995697726
69,52,Sn_keV,7248.763000000035,7248.83,0.06699999996453698
69,52,Sp_keV,7416.642999999924,7416.71,0.06700000007640483
69,52,S2n_keV,17506.988999999943,17506.96,0.028999999944062438
69,52,S2p_keV,13058.411999999895,13058.42,0.00800000010531221
69,52,Qalpha_keV,-572.6959999998799,-572.67,0.025999999879900315
68,53,Sn_keV,10569.77800000005,10569.78,0.0019999999512947397
68,53,Sp_keV,4172.338000000105,4172.43,0.09199999989505159
68,53,S2n_keV,18628.527000000002,18628.55,0.02299999999740976
68,53,S2p_keV,11355.128000000026,11355.21,0.08199999997304985
68,53,Qalpha_keV,-36.80899999989197,-36.83,0.021000000108031713
67,54,Sn_keV,8379.951999999932,8379.88,0.07199999993281381
67,54,Sp_keV,6017.0320000000065,6016.97,0.0620000000062646
67,54,S2n_keV,19829.19299999997,19829.21,0.017000000028929207
67,54,S2p_keV,9877.81799999997,9877.75,0.06799999997019768
67,54,Qalpha_keV,189.5109999999404,189.51,0.0009999999404044502
66,55,Sn_keV,11284.994000000064,11285.01,0.01599999993595702
66,55,Sp_keV,2218.8739999999525,2218.88,0.006000000047606591
66,55,S2n_keV,20939.847999999998,20939.91,0.062000000001717126
66,55,S2p_keV,7914.7029999999795,7914.74,0.03700000002027082
66,55,Qalpha_keV,908.9189999999944,908.83,0.08899999999437114
65,56,Sn_keV,9927.46699999983,9927.52,0.05300000017086859
65,56,Sp_keV,4145.146999999881,4145.17,0.02300000011928205
65,56,S2n_keV,22297.314999999828,22297.38,0.06500000017331331
65,56,S2p_keV,6528.267999999807,6528.37,0.10200000019267463
65,56,Qalpha_keV,1015.662000000244,1015.58,0.08200000024396559
76,46,Sn_keV,6505.1320000001,6505.15,0.017999999899984687
76,46,Sp_keV,15655.031000000075,15655.0,0.03100000007543713
76,46,S2n_keV,10478.750000000116,10478.74,0.0100000001166336
75,47,Sn_keV,4774.546000000089,4774.6,0.05399999991095683
75,47,Sp_keV,12212.658000000054,12212.75,0.09199999994598329
75,47,S2n_keV,11597.23600000015,11597.24,0.003999999849838787
75,47,Qalpha_keV,-8643.571999999927,-8643.56,0.011999999927866156
74,48,Sn_keV,7609.935999999987,7609.86,0.0759999999872889
74,48,Sp_keV,13498.521999999997,13498.52,0.001999999996769475
74,48,S2n_keV,12797.69200000004,12797.65,0.042000000039479346
74,48,S2p_keV,24910.25199999998,24910.26,0.008000000019819709
74,48,Qalpha_keV,-7648.595999999903,-7648.54,0.05599999990317883
73,49,Sn_keV,5808.069000000018,5808.08,0.010999999982232112
73,49,Sp_keV,9787.880000000121,9787.89,0.009999999878345989
73,49,S2n_keV,13986.956000000006,13987.01,0.05399999999463034
73,49,S2p_keV,22499.156000000192,22499.18,0.023999999808438588
73,49,Qalpha_keV,-6443.834000000148,-6443.87,0.03599999985181057
72,50,Sn_keV,8815.332999999984,8815.39,0.05700000001525041
72,50,Sp_keV,11394.326999999816,11394.33,0.00300000018432911
72,50,S2n_keV,14985.613999999827,14985.6,0.013999999826410203
72,50,S2p_keV,20561.89399999997,20561.92,0.02600000002712477
72,50,Qalpha_keV,-5664.581999999704,-5664.61,0.02800000029583316
71,51,Sn_keV,6806.39599999995,6806.37,0.02599999994981772
71,51,Sp_keV,6427.061000000103,6427.08,0.018999999896550435
71,51,S2n_keV,16060.181999999913,16060.24,0.05800000008639472
71,51,S2p_keV,17184.941999999923,17184.94,0.0019999999240098987
71,51,Qalpha_keV,-3532.0160000000615,-3532.08,0.06399999993845995
70,52,Sn_keV,9840.236999999965,9840.27,0.033000000035826815
70,52,Sp_keV,8003.093999999925,8003.11,0.01600000007510971
70,52,S2n_keV,17089.0,17089.11,0.11000000000058208
70,52,S2p_keV,13794.03999999992,13794.03,0.009999999920182745
70,52,Qalpha_keV,-1086.5259999999544,-1086.52,0.005999999954383384
69,53,Sn_keV,7900.387999999803,7900.33,0.057999999802632374
69,53,Sp_keV,4823.962999999872,4823.93,0.03299999987211777
69,53,S2n_keV,18470.165999999852,18470.11,0.055999999851337634
69,53,S2p_keV,12240.605999999796,12240.64,0.03400000020337757
69,53,Qalpha_keV,-509.1759999997448,-509.16,0.015999999744792603
68,54,Sn_keV,10945.33600000001,10945.31,0.026000000010753865
68,54,Sp_keV,6392.589999999967,6392.5,0.08999999996740371
68,54,S2n_keV,19325.287999999942,19325.19,0.09799999994356767
68,54,S2p_keV,10564.928000000073,10564.93,0.0019999999276478775
68,54,Qalpha_keV,-83.32000000006519,-83.31,0.010000000065190306
67,55,Sn_keV,9113.82799999998,9113.74,0.08799999997972918
67,55,Sp_keV,2952.75,2952.74,0.010000000000218279
67,55,S2n_keV,20398.822000000044,20398.75,0.07200000004377216
67,55,S2p_keV,8969.782000000007,8969.71,0.07200000000739237
67,55,Qalpha_keV,401.3980000001611,401.37,0.028000000161114258
66,56,Sn_keV,11935.485000000102,11935.42,0.06500000010237272
66,56,Sp_keV,4795.637999999919,4795.58,0.057999999919047696
66,56,S2n_keV,21862.951999999932,21862.94,0.011999999933323124
66,56,S2p_keV,7014.5119999998715,7014.46,0.051999999871441105
66,56,Qalpha_keV,1045.185999999987,1045.2,0.01400000001308399
77,46,Sn_keV,3884.863000000012,3884.9,0.036999999987983756
77,46,S2n_keV,10389.995000000112,10390.05,0.054999999887513695
76,47,Sn_keV,6513.292999999947,6513.29,0.002999999946950993
76,47,Sp_keV,12220.818999999901,12220.89,0.07100000009813812
76,47,S2n_keV,11287.839000000036,11287.89,0.05099999996309634
76,47,S2p_keV,27875.849999999977,27875.89,0.04000000002270099
76,47,Qalpha_keV,-9150.222999999882,-9150.2,0.022999999880994437
75,48,Sn_keV,4873.133000000147,4873.12,0.013000000147258106
75,48,Sp_keV,13597.109000000055,13597.04,0.06900000005407492
75,48,S2n_keV,12483.069000000134,12482.99,0.07900000013432873
75,48,S2p_keV,25809.76700000011,25809.79,0.022999999891908374
75,48,Qalpha_keV,-8431.209000000032,-8431.19,0.01900000003115565
74,49,Sn_keV,7928.961999999941,7928.93,0.03199999994103564
74,49,Sp_keV,10106.906000000075,10106.95,0.04399999992529047
74,49,S2n_keV,13737.030999999959,13737.01,0.020999999958803528
74,49,S2p_keV,23605.428000000073,23605.47,0.04199999992852099
74,49,Qalpha_keV,-7209.4700000000885,-7209.5,0.029999999911524355
73,50,Sn_keV,5946.235000000219,5946.16,0.07500000021900632
73,50,Sp_keV,11532.493000000017,11532.41,0.08300000001690933
73,50,S2n_keV,14761.568000000203,14761.55,0.018000000203755917
73,50,S2p_keV,21320.373000000138,21320.3,0.07300000013856334
73,50,Qalpha_keV,-6264.107000000076,-6264.03,0.07700000007662311
72,51,Sn_keV,8959.961999999941,8960.02,0.05800000005910988
72,51,Sp_keV,6571.6900000000605,6571.71,0.019999999939500412
72,51,S2n_keV,15766.357999999891,15766.38,0.022000000108164386
72,51,S2p_keV,17966.016999999876,17966.04,0.023000000124739017
72,51,Qalpha_keV,-3949.6669999998994,-3949.7,0.03300000010040094
71,52,Sn_keV,6929.078000000096,6929.01,0.06800000009570795
71,52,Sp_keV,8125.776000000071,8125.76,0.016000000070562237
71,52,S2n_keV,16769.31500000006,16769.29,0.025000000059662852
71,52,S2p_keV,14552.837000000174,14552.83,0.007000000174230081
71,52,Qalpha_keV,-1532.0669999999227,-1532.05,0.0169999999227457
70,53,Sn_keV,9934.548000000184,9934.59,0.04199999981574365
70,53,Sp_keV,4918.274000000092,4918.24,0.034000000092419214
70,53,S2n_keV,17834.935999999987,17834.91,0.025999999987107003
70,53,S2p_keV,12921.368000000017,12921.35,0.01800000001640001
70,53,Qalpha_keV,-894.4039999999804,-894.46,0.056000000019594154
69,54,Sn_keV,7965.012999999919,7965.04,0.027000000080988684
69,54,Sp_keV,6457.215000000084,6457.21,0.005000000083782652
69,54,S2n_keV,18910.34899999993,18910.35,0.0010000000693253241
69,54,S2p_keV,11281.177999999956,11281.14,0.037999999956809916
69,54,Qalpha_keV,-492.5069999998668,-492.44,0.06699999986682315
68,55,Sn_keV,10970.195000000065,10970.2,0.0049999999355350155
68,55,Sp_keV,2977.609000000055,2977.64,0.03099999994492464
68,55,S2n_keV,20084.023000000045,20083.95,0.07300000004397589
68,55,S2p_keV,9370.199000000022,9370.14,0.05900000002293382
68,55,Qalpha_keV,296.9340000000084,296.97,0.03599999999164538
67,56,Sn_keV,9117.352000000072,9117.33,0.022000000071784598
67,56,Sp_keV,4799.162000000011,4799.16,0.00200000001132139
67,56,S2n_keV,21052.837000000174,21052.75,0.08700000017415732
67,56,S2p_keV,7751.912000000011,7751.91,0.00200000001132139
67,56,Qalpha_keV,714.5550000000512,714.54,0.015000000051259121
77,47,Sn_keV,4723.451000000117,4723.37,0.08100000011745578
77,47,Sp_keV,13059.407000000007,13059.36,0.04700000000593718
77,47,S2n_keV,11236.744000000064,11236.66,0.08400000006440678
76,48,Sn_keV,7358.754999999888,7358.81,0.05500000011215889
76,48,Sp_keV,14442.570999999996,14442.56,0.010999999996784027
76,48,S2n_keV,12231.888000000035,12231.93,0.04199999996490078
76,48,S2p_keV,26663.389999999898,26663.45,0.06000000010317308
76,48,Qalpha_keV,-8846.479999999981,-8846.54,0.060000000019499566
75,49,Sn_keV,5511.1740000001155,5511.16,0.014000000115629518
75,49,Sp_keV,10744.947000000044,10744.99,0.04299999995600956
75,49,S2n_keV,13440.136000000057,13440.09,0.04600000005666516
75,49,S2p_keV,24342.0560000001,24342.03,0.026000000099884346
75,49,Qalpha_keV,-7643.632000000216,-7643.61,0.022000000216394255
74,50,Sn_keV,8489.31500000006,8489.33,0.014999999939391273
74,50,Sp_keV,12092.846000000136,12092.81,0.03600000013648241
74,50,S2n_keV,14435.55000000028,14435.49,0.06000000027961505
74,50,S2p_keV,22199.75200000021,22199.76,0.007999999786989065
74,50,Qalpha_keV,-6701.784000000218,-6701.75,0.03400000021792948
73,51,Sn_keV,6467.496000000043,6467.5,0.003999999957159162
73,51,Sp_keV,7092.9509999998845,7093.04,0.08900000011544762
73,51,S2n_keV,15427.457999999984,15427.51,0.05200000001605076
73,51,S2p_keV,18625.4439999999,18625.45,0.006000000099447789
73,51,Qalpha_keV,-4316.739999999874,-4316.8,0.060000000125910447
72,52,Sn_keV,9424.438000000082,9424.48,0.041999999917607056
72,52,Sp_keV,8590.252000000211,8590.22,0.03200000021206506
72,52,S2n_keV,16353.516000000178,16353.5,0.016000000177882612
72,52,S2p_keV,15161.942000000272,15161.93,0.012000000271655153
72,52,Qalpha_keV,-1851.8960000001825,-1851.87,0.026000000182648364
71,53,Sn_keV,7493.28199999989,7493.32,0.038000000109605026
71,53,Sp_keV,5482.477999999886,5482.55,0.07200000011380325
71,53,S2n_keV,17427.830000000075,17427.91,0.07999999992534867
71,53,S2p_keV,13608.253999999957,13608.31,0.05600000004233152
71,53,Qalpha_keV,-1372.775999999838,-1372.89,0.11400000016215017
70,54,Sn_keV,10484.039000000106,10484.04,0.0009999998947023414
70,54,Sp_keV,7006.706000000006,7006.66,0.046000000005733455
70,54,S2n_keV,18449.052000000025,18449.08,0.02799999997660052
70,54,S2p_keV,11924.980000000098,11924.9,0.08000000009815267
70,54,Qalpha_keV,-718.3200000000652,-718.35,0.029999999934830157
69,55,Sn_keV,8758.951000000001,8759.01,0.058999999999286956
69,55,Sp_keV,3771.547000000137,3771.6,0.05299999986300463
69,55,S2n_keV,19729.146000000066,19729.21,0.06399999993300298
69,55,S2p_keV,10228.76200000022,10228.82,0.05799999977898551
69,55,Qalpha_keV,-403.26800000004005,-403.26,0.008000000040055966
68,56,Sn_keV,11506.095999999903,11506.14,0.04400000009627547
68,56,Sp_keV,5335.062999999849,5335.1,0.037000000151238055
68,56,S2n_keV,20623.447999999975,20623.47,0.022000000026309863
68,56,S2p_keV,8312.671999999904,8312.74,0.06800000009570795
68,56,Qalpha_keV,657.7000000001863,657.73,0.029999999813753675
67,57,Sp_keV,1892.6239999999525,1892.63,0.006000000047606591
67,57,S2p_keV,6691.785999999964,6691.79,0.004000000036285201
67,57,Qalpha_keV,1205.0520000000251,1205.11,0.057999999974754246
78,47,Sn_keV,6391.0299999999115,6391.12,0.0900000000883665
78,47,S2n_keV,11114.481000000029,11114.49,0.008999999970910721
78,47,Qalpha_keV,-10694.670999999973,-10694.72,0.04900000002635352
77,48,Sn_keV,4717.785000000149,4717.74,0.04500000014922989
77,48,Sp_keV,14436.905000000028,14436.93,0.02499999997235136
77,48,S2n_keV,12076.540000000037,12076.55,0.009999999962019501
77,48,S2p_keV,27496.312000000034,27496.29,0.02200000003358582
77,48,Qalpha_keV,-9590.647000000114,-9590.68,0.032999999886669684
76,49,Sn_keV,7677.967999999877,7677.92,0.04799999987699266
76,49,Sp_keV,11064.160000000033,11064.1,0.06000000003223249
76,49,S2n_keV,13189.141999999993,13189.09,0.0519999999924039
76,49,S2p_keV,25506.73100000003,25506.67,0.06100000003061723
76,49,Qalpha_keV,-8498.910000000033,-8498.9,0.010000000032960088
75,50,Sn_keV,5733.545999999857,5733.5,0.045999999856576324
75,50,Sp_keV,12315.217999999877,12315.15,0.06799999987742922
75,50,S2n_keV,14222.860999999917,14222.83,0.03099999991718505
75,50,S2p_keV,23060.16499999992,23060.14,0.024999999921419658
75,50,Qalpha_keV,-7247.574000000022,-7247.47,0.10400000002209708
74,51,Sn_keV,8707.410000000033,8707.34,0.07000000003245077
74,51,Sp_keV,7311.045999999857,7311.05,0.004000000143605575
74,51,S2n_keV,15174.906000000075,15174.84,0.06600000007529161
74,51,S2p_keV,19403.891999999993,19403.86,0.03199999999196734
74,51,Qalpha_keV,-4845.263000000035,-4845.22,0.0430000000351356
73,52,Sn_keV,6569.028999999864,6568.97,0.058999999863772246
73,52,Sp_keV,8691.785000000033,8691.7,0.0850000000318687
73,52,S2n_keV,15993.466999999946,15993.45,0.016999999945255695
73,52,S2p_keV,15784.735999999917,15784.73,0.005999999917548848
73,52,Qalpha_keV,-2250.6440000000875,-2250.63,0.014000000087435183
72,53,Sn_keV,9542.86400000006,9542.79,0.07400000005873153
72,53,Sp_keV,5600.903999999864,5600.85,0.053999999863663106
72,53,S2n_keV,17036.14599999995,17036.11,0.035999999949126504
72,53,S2p_keV,14191.156000000075,14191.08,0.07600000007550989
72,53,Qalpha_keV,-1661.8540000000503,-1661.8,0.054000000050336894
71,54,Sn_keV,7603.189999999944,7603.28,0.0900000000556247
71,54,Sp_keV,7116.61400000006,7116.62,0.005999999940286216
71,54,S2n_keV,18087.22900000005,18087.31,0.08099999995101825
71,54,S2p_keV,12599.091999999946,12599.17,0.07800000005408947
71,54,Qalpha_keV,-1072.746999999974,-1072.79,0.04300000002604065
70,55,Sn_keV,10427.931999999913,10427.93,0.0019999999130959623
70,55,Sp_keV,3715.439999999944,3715.5,0.060000000055879354
70,55,S2n_keV,19186.882999999914,19186.94,0.057000000084372004
70,55,S2p_keV,10722.14599999995,10722.16,0.0140000000501459
70,55,Qalpha_keV,-261.4220000000205,-261.42,0.0020000000204731805
69,56,Sn_keV,8650.570000000065,8650.51,0.0600000000649743
69,56,Sp_keV,5226.681999999913,5226.6,0.0819999999130232
69,56,S2n_keV,20156.66599999997,20156.65,0.01599999996687984
69,56,S2p_keV,8998.22900000005,8998.21,0.019000000051164534
69,56,Qalpha_keV,387.0820000000531,387.1,0.01799999994693735
68,57,Sn_keV,11572.167000000016,11572.19,0.022999999984676833
68,57,Sp_keV,1958.6950000000652,1958.68,0.015000000065128916
68,57,S2p_keV,7293.757999999914,7293.78,0.02200000008542702
68,57,Qalpha_keV,917.8790000000736,917.93,0.050999999926375494
78,48,Sn_keV,6979.9969999998575,6980.02,0.02300000014292891
78,48,Sp_keV,15025.871999999974,15025.84,0.03199999997377745
78,48,S2n_keV,11697.782000000007,11697.76,0.02200000000630098
78,48,Qalpha_keV,-10065.511999999871,-10065.56,0.0480000001280132
77,49,Sn_keV,5367.441999999806,5367.42,0.021999999806212145
77,49,Sp_keV,11713.81699999969,11713.78,0.036999999689214746
77,49,S2n_keV,13045.409999999683,13045.34,0.0699999996832048
77,49,S2p_keV,26150.721999999718,26150.72,0.0019999997166451067
77,49,Qalpha_keV,-9091.80599999975,-9091.72,0.08599999975012906
76,50,Sn_keV,8190.147999999812,8190.18,0.0320000001884182
76,50,Sp_keV,12827.397999999812,12827.41,0.012000000187981641
76,50,S2n_keV,13923.693999999668,13923.68,0.013999999668158125
76,50,S2p_keV,23891.557999999844,23891.51,0.04799999984606984
76,50,Qalpha_keV,-7827.785999999847,-7827.78,0.005999999847517756
75,51,Sn_keV,6208.314000000013,6208.28,0.034000000013293175
75,51,Sp_keV,7785.814000000013,7785.84,0.025999999987107003
75,51,S2n_keV,14915.724000000046,14915.63,0.09400000004643516
75,51,S2p_keV,20101.03199999989,20100.98,0.051999999890540494
75,51,Qalpha_keV,-5245.507999999914,-5245.41,0.09799999991446384
74,52,Sn_keV,9113.622999999905,9113.69,0.06700000009550422
74,52,Sp_keV,9097.997999999905,9098.04,0.04200000009586802
74,52,S2n_keV,15682.651999999769,15682.66,0.00800000023082248
74,52,S2p_keV,16409.04399999976,16409.1,0.05600000023696339
74,52,Qalpha_keV,-2548.934000000125,-2548.93,0.004000000124960934
73,53,Sn_keV,7145.443999999901,7145.43,0.013999999900988769
73,53,Sp_keV,6177.318999999901,6177.31,0.00899999990087963
73,53,S2n_keV,16688.30799999996,16688.22,0.0879999999597203
73,53,S2p_keV,14869.103999999934,14869.01,0.09399999993365782
73,53,Qalpha_keV,-2000.9020000000019,-2000.86,0.04200000000196269
72,54,Sn_keV,10024.915999999968,10024.9,0.01599999996869883
72,54,Sp_keV,7598.665999999968,7598.73,0.06400000003122841
72,54,S2n_keV,17628.105999999912,17628.18,0.07400000008783536
72,54,S2p_keV,13199.569999999832,13199.58,0.010000000167565304
72,54,Qalpha_keV,-1257.4259999999776,-1257.42,0.005999999977575499
71,55,Sn_keV,8334.267999999924,8334.2,0.06799999992290395
71,55,Sp_keV,4446.517999999924,4446.42,0.09799999992355879
71,55,S2n_keV,18762.199999999837,18762.13,0.06999999983599992
71,55,S2p_keV,11563.131999999983,11563.04,0.09199999998236308
71,55,Qalpha_keV,-695.3020000001416,-695.29,0.012000000141597411
70,56,Sn_keV,11072.21800000011,11072.25,0.031999999890103936
70,56,Sp_keV,5870.96800000011,5870.92,0.048000000109823304
70,56,S2n_keV,19722.788000000175,19722.76,0.028000000176689355
70,56,S2p_keV,9586.408000000054,9586.42,0.01199999994605605
70,56,Qalpha_keV,260.19999999995343,260.16,0.03999999995340886
69,57,Sn_keV,9285.300999999978,9285.3,0.000999999978375854
69,57,Sp_keV,2593.4259999999776,2593.47,0.04400000002215165
69,57,S2n_keV,20857.467999999993,20857.49,0.02200000000811997
69,57,S2p_keV,7820.107999999891,7820.07,0.0379999998913263
69,57,Qalpha_keV,746.4060000000754,746.38,0.026000000075441676
68,58,Sp_keV,4350.006999999983,4350.04,0.03300000001672743
68,58,S2p_keV,6308.702000000048,6308.72,0.017999999951825885
68,58,Qalpha_keV,1363.5100000000093,1363.47,0.04000000000928594
79,48,Sn_keV,4561.892999999924,4561.92,0.02700000007644121
79,48,S2n_keV,11541.889999999781,11541.94,0.05000000021937012
79,48,Qalpha_keV,-10742.541999999783,-10742.58,0.0380000002169254
78,49,Sn_keV,7194.581000000238,7194.59,0.00899999976172694
78,49,Sp_keV,11928.40100000007,11928.35,0.05100000007041672
78,49,S2n_keV,12562.023000000045,12562.01,0.013000000044485205
78,49,S2p_keV,26954.273000000045,26954.19,0.08300000004601316
78,49,Qalpha_keV,-9773.094000000041,-9773.02,0.07400000004054164
77,50,Sn_keV,5526.841000000248,5526.88,0.038999999752377335
77,50,Sp_keV,12986.797000000253,12986.87,0.07299999974748062
77,50,S2n_keV,13716.98900000006,13717.06,0.07099999993988604
77,50,S2p_keV,24700.613999999943,24700.65,0.03600000005826587
77,50,Qalpha_keV,-8481.493999999948,-8481.54,0.04600000005302718
76,51,Sn_keV,8377.575999999885,8377.55,0.025999999885243597
76,51,Sp_keV,7973.242000000086,7973.21,0.0320000000856453
76,51,S2n_keV,14585.889999999898,14585.84,0.049999999897409
76,51,S2p_keV,20800.639999999898,20800.61,0.02999999989697244
76,51,Qalpha_keV,-5694.121999999974,-5694.04,0.08199999997395935
75,52,Sn_keV,6287.7380000001285,6287.65,0.08800000012888631
75,52,Sp_keV,9177.42200000002,9177.41,0.012000000020634616
75,52,S2n_keV,15401.361000000034,15401.34,0.021000000033382094
75,52,S2p_keV,16963.236000000034,16963.24,0.003999999968073098
75,52,Qalpha_keV,-2890.436999999918,-2890.41,0.026999999918189133
74,53,Sn_keV,9143.905000000028,9143.91,0.004999999971914804
74,53,Sp_keV,6207.601000000024,6207.53,0.07100000002446905
74,53,S2n_keV,16289.34899999993,16289.34,0.008999999929073965
74,53,S2p_keV,15305.59899999993,15305.58,0.018999999929292244
74,53,Qalpha_keV,-2184.844999999972,-2184.76,0.08499999997184204
73,54,Sn_keV,7245.931000000099,7245.92,0.011000000098647433
73,54,Sp_keV,7699.153000000166,7699.21,0.05699999983426096
73,54,S2n_keV,17270.847000000067,17270.81,0.03700000006574555
73,54,S2p_keV,13876.472000000067,13876.53,0.05799999993359961
73,54,Qalpha_keV,-1574.2790000000969,-1574.32,0.04099999990307879
72,55,Sn_keV,9960.606000000145,9960.64,0.0339999998541316
72,55,Sp_keV,4382.208000000101,4382.16,0.04800000010072836
72,55,S2n_keV,18294.87400000007,18294.84,0.03400000006877235
72,55,S2p_keV,11980.874000000069,11980.89,0.015999999930500053
72,55,Qalpha_keV,-721.3600000001024,-721.34,0.02000000010241365
71,56,Sn_keV,8219.316999999806,8219.36,0.04300000019429717
71,56,Sp_keV,5756.016999999993,5756.09,0.0730000000075961
71,56,S2n_keV,19291.534999999916,19291.61,0.07500000008440111
71,56,S2p_keV,10202.534999999916,10202.5,0.03499999991618097
71,56,Qalpha_keV,5.895999999949709,5.84,0.05599999994970872
70,57,Sn_keV,10993.904000000097,10993.96,0.05599999990226934
70,57,Sp_keV,2515.1119999999646,2515.18,0.06800000003522655
70,57,S2n_keV,20279.205000000075,20279.26,0.05499999992389348
70,57,S2p_keV,8386.080000000075,8386.1,0.019999999925857992
70,57,Qalpha_keV,722.6969999999274,722.62,0.07699999992735229
69,58,Sn_keV,9230.074999999953,9230.1,0.025000000046929927
69,58,Sp_keV,4294.780999999959,4294.84,0.05900000004112371
69,58,S2p_keV,6888.206999999937,6888.31,0.10300000006373011
69,58,Qalpha_keV,1250.7870000000112,1250.7,0.0870000000111304
80,48,Sn_keV,6565.777000000002,6565.81,0.03299999999853753
80,48,S2n_keV,11127.669999999925,11127.72,0.05000000007385097
79,49,Sn_keV,5320.996999999974,5321.07,0.073000000025786
79,49,Sp_keV,12687.505000000121,12687.51,0.004999999879146344
79,49,S2n_keV,12515.578000000212,12515.67,0.09199999978773121
79,49,Qalpha_keV,-10370.639999999898,-10370.72,0.08000000010179065
78,50,Sn_keV,7962.572999999858,7962.52,0.05299999985800241
78,50,Sp_keV,13754.788999999873,13754.79,0.001000000127532985
78,50,S2n_keV,13489.414000000106,13489.4,0.014000000106534571
78,50,S2p_keV,25683.189999999944,25683.15,0.039999999942665454
78,50,Qalpha_keV,-9085.311999999918,-9085.25,0.06199999991804361
77,51,Sn_keV,6002.060000000056,6002.13,0.06999999994422978
77,51,Sp_keV,8448.460999999894,8448.45,0.01099999989310163
77,51,S2n_keV,14379.63599999994,14379.68,0.04400000005989568
77,51,S2p_keV,21435.258000000147,21435.32,0.061999999852559995
77,51,Qalpha_keV,-6185.007999999914,-6185.0,0.007999999914318323
76,52,Sn_keV,8783.270000000019,8783.35,0.07999999998173735
76,52,Sp_keV,9583.116000000155,9583.21,0.09399999984452734
76,52,S2n_keV,15071.008000000147,15071.0,0.008000000147148967
76,52,S2p_keV,17556.35800000024,17556.42,0.061999999757972546
76,52,Qalpha_keV,-3184.3919999999925,-3184.44,0.04800000000750515
75,53,Sn_keV,6826.158999999985,6826.13,0.0289999999849897
75,53,Sp_keV,6746.021999999881,6746.02,0.001999999880354153
75,53,S2n_keV,15970.064000000013,15970.04,0.0240000000121654
75,53,S2p_keV,15923.443999999901,15923.42,0.023999999901207048
75,53,Qalpha_keV,-2543.5079999999143,-2543.39,0.11799999991444565
74,54,Sn_keV,9610.04700000002,9610.06,0.012999999979001586
74,54,Sp_keV,8165.295000000158,8165.36,0.06499999984134774
74,54,S2n_keV,16855.97800000012,16855.97,0.008000000118045136
74,54,S2p_keV,14372.896000000183,14372.89,0.006000000183121301
74,54,Qalpha_keV,-1759.8880000000354,-1759.89,0.0019999999647097866
73,55,Sn_keV,7762.729999999981,7762.74,0.010000000018408173
73,55,Sp_keV,4899.006999999983,4898.99,0.016999999983454472
73,55,S2n_keV,17723.336000000127,17723.39,0.05399999987275805
73,55,S2p_keV,12598.160000000149,12598.2,0.039999999851715984
73,55,Qalpha_keV,-990.8080000001937,-990.76,0.04800000019372419
72,56,Sn_keV,10631.895000000019,10631.87,0.025000000017826096
72,56,Sp_keV,6427.305999999866,6427.31,0.004000000134510628
72,56,S2n_keV,18851.211999999825,18851.23,0.018000000174652087
72,56,S2p_keV,10809.513999999966,10809.48,0.033999999966908945
72,56,Qalpha_keV,-141.95999999996275,-141.99,0.030000000037261998
71,57,Sn_keV,8800.73999999999,8800.64,0.09999999999126885
71,57,Sp_keV,3096.535000000149,3096.46,0.07500000014897523
71,57,S2n_keV,19794.644000000088,19794.6,0.044000000088999514
71,57,S2p_keV,8852.552000000142,8852.54,0.012000000140687916
71,57,Qalpha_keV,680.908000000054,680.99,0.08199999994599239
70,58,Sn_keV,11625.94299999997,11625.9,0.042999999970561475
70,58,Sp_keV,4926.819999999832,4926.78,0.039999999832616595
70,58,S2n_keV,20856.017999999924,20855.99,0.027999999922030838
70,58,S2p_keV,7441.931999999797,7441.96,0.0280000002030647
70,58,Qalpha_keV,1130.9399999999441,1130.94,5.5933924159035087e-11
69,59,Sp_keV,1640.407000000123,1640.39,0.017000000122834535
69,59,S2p_keV,5935.188000000082,5935.23,0.041999999917607056
69,59,Qalpha_keV,1503.0039999999572,1502.94,0.06399999995710459
81,48,Sn_keV,3887.594000000041,3887.47,0.12400000004117828
81,48,S2n_keV,10453.371000000043,10453.28,0.091000000042186
80,49,Sn_keV,6763.100000000093,6763.1,9.276845958083868e-11
80,49,Sp_keV,12884.828000000212,12884.8,0.028000000213069143
80,49,S2n_keV,12084.097000000067,12084.17,0.07299999993301753
80,49,Qalpha_keV,-10742.710000000196,-10742.7,0.010000000194850145
79,50,Sn_keV,5300.209999999963,5300.21,3.728928277269006e-11
79,50,Sp_keV,13734.001999999862,13733.93,0.07199999986187322
79,50,S2n_keV,13262.782999999821,13262.73,0.05299999982162262
79,50,S2p_keV,26421.506999999983,26421.44,0.06699999998454587
79,50,Qalpha_keV,-9667.736999999732,-9667.72,0.016999999732433935
78,51,Sn_keV,8070.282000000123,8070.34,0.05799999987721094
78,51,Sp_keV,8556.170000000158,8556.27,0.09999999984211172
78,51,S2n_keV,14072.342000000179,14072.46,0.11799999982031295
78,51,S2p_keV,22310.95900000003,22311.06,0.1009999999696447
78,51,Qalpha_keV,-6577.32200000016,-6577.42,0.09799999983988528
77,52,Sn_keV,6082.504999999888,6082.41,0.09499999988838681
77,52,Sp_keV,9663.560999999987,9663.49,0.07099999998717976
77,52,S2n_keV,14865.774999999907,14865.76,0.014999999906649464
77,52,S2p_keV,18112.02199999988,18111.95,0.07199999988006311
77,52,Qalpha_keV,-3533.351000000024,-3533.35,0.0010000000243053364
76,53,Sn_keV,8839.702000000048,8839.72,0.01799999995091639
76,53,Sp_keV,6802.453999999911,6802.38,0.0739999999104839
76,53,S2n_keV,15665.861000000034,15665.85,0.011000000033163815
76,53,S2p_keV,16385.570000000065,16385.59,0.01999999993495294
76,53,Qalpha_keV,-2675.8000000000466,-2675.77,0.03000000004658432
75,54,Sn_keV,6907.1659999997355,6907.08,0.08599999973557715
75,54,Sp_keV,8246.301999999909,8246.31,0.008000000090760295
75,54,S2n_keV,16517.212999999756,16517.13,0.08299999975497485
75,54,S2p_keV,14992.32399999979,14992.32,0.0039999997898121364
75,54,Qalpha_keV,-2098.024999999907,-2098.0,0.024999999906867743
74,55,Sn_keV,9638.959000000032,9638.98,0.020999999967898475
74,55,Sp_keV,4927.918999999994,4927.92,0.001000000005660695
74,55,S2n_keV,17401.689000000013,17401.73,0.040999999986524926
74,55,S2p_keV,13093.214000000153,13093.28,0.06599999984791793
74,55,Qalpha_keV,-1086.9030000001658,-1086.96,0.05699999983426096
73,56,Sn_keV,7755.962000000058,7756.02,0.05799999994269456
73,56,Sp_keV,6420.537999999942,6420.59,0.05200000005788752
73,56,S2n_keV,18387.857000000076,18387.89,0.03299999992304947
73,56,S2p_keV,11319.544999999925,11319.58,0.035000000074433046
73,56,Qalpha_keV,-294.73200000007637,-294.73,0.0020000000763502612
72,57,Sn_keV,10770.387999999803,10770.46,0.07200000019656727
72,57,Sp_keV,3235.027999999933,3235.05,0.022000000067237124
72,57,S2n_keV,19571.127999999793,19571.1,0.02799999979470158
72,57,S2p_keV,9662.333999999799,9662.36,0.026000000201747753
72,57,Qalpha_keV,338.45200000004843,338.46,0.007999999951550762
71,58,Sn_keV,8824.860000000102,8824.9,0.03999999989719072
71,58,Sp_keV,4950.939999999944,4951.04,0.10000000005584297
71,58,S2n_keV,20450.803000000073,20450.79,0.013000000071770046
71,58,S2p_keV,8047.475000000093,8047.49,0.014999999906649464
71,58,Qalpha_keV,956.6499999999069,956.55,0.09999999990691322
70,59,Sn_keV,11514.155999999726,11514.12,0.03599999972539081
70,59,Sp_keV,1528.619999999879,1528.61,0.00999999987902811
70,59,S2p_keV,6455.439999999711,6455.39,0.049999999710962584
70,59,Qalpha_keV,1561.0150000001304,1561.01,0.005000000130394255
82,48,Sn_keV,6130.793999999994,6130.86,0.06600000000526052
82,48,S2n_keV,10018.388000000035,10018.33,0.05800000003546302
81,49,Sn_keV,5116.85999999987,5116.8,0.05999999986943294
81,49,Sp_keV,14114.094000000041,14114.13,0.03599999995822145
81,49,S2n_keV,11879.959999999963,11879.9,0.059999999963110895
80,50,Sn_keV,7612.558000000194,7612.62,0.061999999806175765
80,50,Sp_keV,14583.459999999963,14583.46,3.637978807091713e-11
80,50,S2n_keV,12912.768000000156,12912.83,0.06199999984346505
80,50,S2p_keV,27468.288000000175,27468.26,0.028000000176689355
80,50,Qalpha_keV,-10300.298000000184,-10300.32,0.021999999815307092
79,51,Sn_keV,5727.707999999868,5727.69,0.017999999868152372
79,51,Sp_keV,8983.668000000063,8983.74,0.07199999993645179
79,51,S2n_keV,13797.98999999999,13798.02,0.030000000009749783
79,51,S2p_keV,22717.669999999925,22717.68,0.010000000074796844
79,51,Qalpha_keV,-6937.588000000222,-6937.68,0.09199999977863627
78,52,Sn_keV,8419.359000000171,8419.46,0.10099999982776353
78,52,Sp_keV,10012.638000000035,10012.61,0.02800000003480818
78,52,S2n_keV,14501.86400000006,14501.87,0.0059999999411957106
78,52,S2p_keV,18568.808000000194,18568.88,0.07199999980730354
78,52,Qalpha_keV,-3762.5620000003837,-3762.62,0.05799999961618596
77,53,Sn_keV,6500.290000000037,6500.33,0.03999999996267434
77,53,Sp_keV,7220.23900000006,7220.3,0.060999999940577254
77,53,S2n_keV,15339.992000000086,15340.05,0.05799999991359073
77,53,S2p_keV,16883.800000000047,16883.79,0.010000000045693014
77,53,Qalpha_keV,-2967.776000000071,-2967.81,0.033999999929164915
76,54,Sn_keV,9255.720000000205,9255.72,2.0554580260068178e-10
76,54,Sp_keV,8662.320000000065,8662.31,0.010000000065701897
76,54,S2n_keV,16162.88599999994,16162.8,0.08599999994112295
76,54,S2p_keV,15464.773999999976,15464.69,0.0839999999752763
76,54,Qalpha_keV,-2240.1220000002068,-2240.03,0.09200000020655352
75,55,Sn_keV,7471.8569999998435,7471.81,0.04699999984313763
75,55,Sp_keV,5492.610000000102,5492.65,0.03999999989719072
75,55,S2n_keV,17110.815999999875,17110.8,0.01599999987593037
75,55,S2p_keV,13738.912000000011,13738.96,0.047999999987951014
75,55,Qalpha_keV,-1413.316000000108,-1413.34,0.023999999891884727
74,56,Sn_keV,10269.72800000012,10269.66,0.06800000011935481
74,56,Sp_keV,7051.30700000003,7051.27,0.037000000029365765
74,56,S2n_keV,18025.690000000177,18025.68,0.010000000176660251
74,56,S2p_keV,11979.226000000024,11979.19,0.03600000002370507
74,56,Qalpha_keV,-539.5440000002272,-539.5,0.04400000022724271
73,57,Sn_keV,8374.122000000207,8374.11,0.012000000206171535
73,57,Sp_keV,3853.188000000082,3853.14,0.048000000082083716
73,57,S2n_keV,19144.51000000001,19144.57,0.059999999990395736
73,57,S2p_keV,10273.726000000024,10273.73,0.003999999975349056
73,57,Qalpha_keV,298.5979999997653,298.55,0.04799999976529534
72,58,Sn_keV,11206.820000000065,11206.73,0.09000000006562914
72,58,Sp_keV,5387.372000000207,5387.3,0.07200000020657171
72,58,S2n_keV,20031.680000000168,20031.62,0.0600000001686567
72,58,S2p_keV,8622.40000000014,8622.35,0.05000000013933459
72,58,Qalpha_keV,822.0479999999516,822.08,0.0320000000484697
71,59,Sn_keV,9473.260000000242,9473.22,0.040000000242798706
71,59,Sp_keV,2177.0200000000186,2176.93,0.09000000001879016
71,59,S2n_keV,20987.41599999997,20987.33,0.0859999999665888
71,59,S2p_keV,7127.959999999963,7127.97,0.010000000037507562
71,59,Qalpha_keV,1373.055999999866,1373.1,0.0440000001340195
70,60,Sp_keV,4111.670000000391,4111.64,0.030000000390828063
70,60,S2p_keV,5640.29000000027,5640.26,0.030000000269865268
70,60,Qalpha_keV,1799.3519999997225,1799.41,0.05800000027761598
83,48,Sn_keV,2172.744999999879,2172.69,0.054999999878873496
83,48,S2n_keV,8303.538999999873,8303.55,0.011000000125932274
82,49,Sn_keV,6213.149000000209,6213.14,0.009000000208288839
82,49,Sp_keV,14196.449000000255,14196.41,0.039000000255327905
82,49,S2n_keV,11330.009000000078,11329.94,0.06900000007772178
81,50,Sn_keV,5203.646999999881,5203.68,0.03300000011950033
81,50,Sp_keV,14670.246999999974,14670.34,0.09300000002622255
81,50,S2n_keV,12816.205000000075,12816.3,0.0949999999247666
81,50,S2p_keV,28784.341000000015,28784.47,0.128999999986263
81,50,Qalpha_keV,-10942.052000000142,-10942.09,0.03799999985858449
80,51,Sn_keV,7767.121999999974,7767.04,0.08199999997395935
80,51,Sp_keV,9138.231999999844,9138.17,0.06199999984346505
80,51,S2n_keV,13494.829999999842,13494.73,0.09999999984211172
80,51,S2p_keV,23721.691999999806,23721.62,0.07199999980730354
80,51,Qalpha_keV,-7510.128999999957,-7510.13,0.0010000000429499778
79,52,Sn_keV,5929.402999999933,5929.38,0.022999999932835635
79,52,Sp_keV,10214.3330000001,10214.31,0.023000000101092155
79,52,S2n_keV,14348.762000000104,14348.84,0.07799999989583739
79,52,S2p_keV,19198.001000000164,19198.05,0.04899999983535963
79,52,Qalpha_keV,-4165.124000000069,-4165.12,0.00400000006902701
78,53,Sn_keV,8577.907000000123,8577.89,0.017000000123516656
78,53,Sp_keV,7378.787000000011,7378.73,0.05700000001161243
78,53,S2n_keV,15078.19700000016,15078.22,0.02299999983915768
78,53,S2p_keV,17391.425000000047,17391.34,0.08500000004642061
78,53,Qalpha_keV,-3168.107000000309,-3168.15,0.042999999690891855
77,54,Sn_keV,6604.386000000173,6604.41,0.023999999826628482
77,54,Sp_keV,8766.416000000201,8766.39,0.026000000201747753
77,54,S2n_keV,15860.106000000378,15860.13,0.02399999962108268
77,54,S2p_keV,15986.65500000026,15986.69,0.034999999739738996
77,54,Qalpha_keV,-2556.7700000002515,-2556.8,0.029999999748724804
76,55,Sn_keV,9230.416000000201,9230.36,0.0560000002005836
76,55,Sp_keV,5467.306000000099,5467.29,0.016000000098756573
76,55,S2n_keV,16702.273000000045,16702.17,0.10300000004644971
76,55,S2p_keV,14129.626000000164,14129.6,0.026000000163548975
76,55,Qalpha_keV,-1499.8270000002813,-1499.79,0.0370000002812958
75,56,Sn_keV,7493.526999999769,7493.5,0.026999999769032
75,56,Sp_keV,7072.976999999955,7072.96,0.016999999955260137
75,56,S2n_keV,17763.25499999989,17763.17,0.08499999988998752
75,56,S2p_keV,12565.587000000058,12565.61,0.022999999942840077
75,56,Qalpha_keV,-787.1399999998976,-787.09,0.049999999897522684
74,57,Sn_keV,10213.246999999974,10213.21,0.03699999997479608
74,57,Sp_keV,3796.7069999999367,3796.68,0.026999999936833774
74,57,S2n_keV,18587.36900000018,18587.32,0.04900000018096762
74,57,S2p_keV,10848.013999999966,10847.95,0.06399999996574479
74,57,Qalpha_keV,45.95699999993667,45.98,0.02300000006332681
73,58,Sn_keV,8356.79600000009,8356.85,0.05399999991095683
73,58,Sp_keV,5370.046000000089,5370.04,0.006000000089443347
73,58,S2n_keV,19563.616000000155,19563.58,0.03600000015285332
73,58,S2p_keV,9223.234000000171,9223.18,0.054000000171072315
73,58,Qalpha_keV,684.5689999996684,684.59,0.02100000033158267
72,59,Sn_keV,11196.45299999998,11196.52,0.06700000002092565
72,59,Sp_keV,2166.652999999933,2166.72,0.06700000006685514
72,59,S2n_keV,20669.71300000022,20669.73,0.01699999977790867
72,59,S2p_keV,7554.02500000014,7554.02,0.005000000139261829
72,59,Qalpha_keV,1170.5069999999832,1170.54,0.03300000001672743
71,60,Sn_keV,9243.133999999845,9243.12,0.013999999844600097
71,60,Sp_keV,3881.5439999999944,3881.55,0.006000000005769834
71,60,S2p_keV,6058.564000000013,6058.48,0.08400000001347507
71,60,Qalpha_keV,1786.2929999998305,1786.39,0.09700000016960075
83,49,Sn_keV,2457.750999999931,2457.83,0.07900000006884511
83,49,Sp_keV,14481.455000000307,14481.55,0.09499999969193595
83,49,S2n_keV,8670.90000000014,8670.97,0.06999999985964678
82,50,Sn_keV,7353.376999999862,7353.29,0.08699999986220064
82,50,Sp_keV,15810.474999999627,15810.48,0.005000000372092472
82,50,S2n_keV,12557.023999999743,12556.97,0.053999999743609806
82,50,S2p_keV,30006.923999999883,30006.89,0.03399999988323543
82,50,Qalpha_keV,-11729.652000000002,-11729.57,0.08200000000215368
81,51,Sn_keV,5725.095999999903,5725.19,0.09400000009645737
81,51,Sp_keV,9659.680999999866,9659.67,0.01099999986581679
81,51,S2n_keV,13492.217999999877,13492.23,0.012000000122498022
81,51,S2p_keV,24329.92799999984,24330.01,0.08200000015858677
81,51,Qalpha_keV,-7914.227999999886,-7914.25,0.022000000113621354
80,52,Sn_keV,8048.496999999974,8048.49,0.006999999974141247
80,52,Sp_keV,10495.7080000001,10495.76,0.05199999989963544
80,52,S2n_keV,13977.899999999907,13977.87,0.029999999906067387
80,52,S2p_keV,19633.939999999944,19633.92,0.019999999945866875
80,52,Qalpha_keV,-4251.048000000184,-4251.09,0.04199999981574365
79,53,Sn_keV,6332.076999999816,6332.1,0.023000000184765668
79,53,Sp_keV,7781.460999999894,7781.45,0.010999999894011125
79,53,S2n_keV,14909.983999999939,14909.99,0.006000000061249011
79,53,S2p_keV,17995.793999999994,17995.75,0.043999999994412065
79,53,Qalpha_keV,-3498.124000000069,-3498.12,0.00400000006902701
78,54,Sn_keV,8936.687999999616,8936.72,0.032000000383050065
78,54,Sp_keV,9125.196999999695,9125.22,0.02300000030481897
78,54,S2n_keV,15541.07399999979,15541.13,0.056000000209678547
78,54,S2p_keV,16503.983999999706,16503.95,0.03399999970497447
78,54,Qalpha_keV,-2710.187999999849,-2710.16,0.027999999849271262
77,55,Sn_keV,7165.147999999812,7165.21,0.06200000018816354
77,55,Sp_keV,6028.067999999737,6028.09,0.022000000262778485
77,55,S2n_keV,16395.564000000013,16395.57,0.005999999986670446
77,55,S2p_keV,14794.483999999939,14794.48,0.0039999999389692675
77,55,Qalpha_keV,-1838.816000000108,-1838.87,0.05399999989185744
76,56,Sn_keV,9822.60300000012,9822.6,0.0030000001188454917
76,56,Sp_keV,7665.163999999873,7665.2,0.03600000012647797
76,56,S2n_keV,17316.12999999989,17316.11,0.019999999887659214
76,56,S2p_keV,13132.469999999972,13132.5,0.030000000027939677
76,56,Qalpha_keV,-999.6959999999963,-999.63,0.06599999999627926
75,57,Sn_keV,8025.714999999851,8025.71,0.004999999850952008
75,57,Sp_keV,4328.895000000019,4328.89,0.005000000018299033
75,57,S2n_keV,18238.961999999825,18238.92,0.041999999826657586
75,57,S2p_keV,11401.871999999974,11401.85,0.02199999997355917
75,57,Qalpha_keV,-217.02799999993294,-216.98,0.047999999932955006
74,58,Sn_keV,10833.739999999758,10833.77,0.030000000242580427
74,58,Sp_keV,5990.538999999873,5990.61,0.07100000012633245
74,58,S2n_keV,19190.535999999847,19190.63,0.09400000015375554
74,58,S2p_keV,9787.24599999981,9787.29,0.04400000019086292
74,58,Qalpha_keV,482.7239999999292,482.69,0.03399999992922176
73,59,Sn_keV,8998.15100000007,8998.12,0.03100000006998016
73,59,Sp_keV,2808.0079999999143,2807.99,0.017999999914536602
73,59,S2n_keV,20194.60400000005,20194.63,0.025999999950727215
73,59,S2p_keV,8178.054000000004,8178.03,0.02400000000397995
73,59,Qalpha_keV,973.0959999999031,973.06,0.03599999990319702
72,60,Sn_keV,11729.095999999903,11729.09,0.005999999902996933
72,60,Sp_keV,4414.186999999918,4414.12,0.06699999991815275
72,60,S2n_keV,20972.22999999975,20972.21,0.01999999974941602
72,60,S2p_keV,6580.839999999851,6580.84,1.4915713109076023e-10
72,60,Qalpha_keV,1683.1399999998976,1683.19,0.05000000010250005
83,50,Sn_keV,2398.600000000093,2398.65,0.04999999990695869
83,50,Sp_keV,15751.32399999979,15751.31,0.013999999790030415
83,50,S2n_keV,9751.976999999955,9751.94,0.0369999999547872
83,50,S2p_keV,30232.779000000097,30232.86,0.08099999990372453
83,50,Qalpha_keV,-10240.658000000054,-10240.75,0.09199999994598329
82,51,Sn_keV,7359.5490000001155,7359.55,0.0009999998846978997
82,51,Sp_keV,9665.85300000012,9665.93,0.07699999988108175
82,51,S2n_keV,13084.645000000019,13084.74,0.09499999998115527
82,51,S2p_keV,25476.327999999747,25476.41,0.08200000025317422
82,51,Qalpha_keV,-8510.676999999909,-8510.7,0.023000000091997208
81,52,Sn_keV,5820.304999999935,5820.25,0.05499999993480742
81,52,Sp_keV,10590.917000000132,10590.82,0.09700000013253884
81,52,S2n_keV,13868.801999999909,13868.74,0.061999999908948666
81,52,S2p_keV,20250.597999999998,20250.49,0.10799999999653664
81,52,Qalpha_keV,-4771.1430000001565,-4771.13,0.013000000156353053
80,53,Sn_keV,8226.11400000006,8226.09,0.024000000059459126
80,53,Sp_keV,7959.0779999999795,7959.05,0.027999999979329004
80,53,S2n_keV,14558.190999999875,14558.18,0.010999999874911737
80,53,S2p_keV,18454.78600000008,18454.8,0.013999999919178663
80,53,Qalpha_keV,-3653.9560000000056,-3653.87,0.08600000000569707
79,54,Sn_keV,6435.947000000393,6435.93,0.017000000392727088
79,54,Sp_keV,9229.067000000272,9229.05,0.017000000272673788
79,54,S2n_keV,15372.63500000001,15372.65,0.014999999990322976
79,54,S2p_keV,17010.528000000166,17010.5,0.02800000016577542
79,54,Qalpha_keV,-3063.630000000354,-3063.68,0.04999999964593371
78,55,Sn_keV,8989.589999999851,8989.57,0.019999999851279426
78,55,Sp_keV,6080.969999999972,6080.94,0.0299999999724605
78,55,S2n_keV,16154.737999999663,16154.78,0.04200000033779361
78,55,S2p_keV,15206.166999999667,15206.16,0.0069999996667320374
78,55,Qalpha_keV,-1988.7039999999106,-1988.72,0.016000000089434252
77,56,Sn_keV,7189.898000000045,7189.91,0.011999999955150997
77,56,Sp_keV,7689.914000000106,7689.9,0.014000000106534571
77,56,S2n_keV,17012.501000000164,17012.52,0.018999999836523784
77,56,S2p_keV,13717.981999999844,13718.0,0.018000000156462193
77,56,Qalpha_keV,-1282.4280000003055,-1282.47,0.04199999969455348
76,57,Sn_keV,9842.06100000022,9842.05,0.011000000220519723
76,57,Sp_keV,4348.353000000119,4348.34,0.01300000011906377
76,57,S2n_keV,17867.77600000007,17867.76,0.016000000072381226
76,57,S2p_keV,12013.516999999993,12013.54,0.023000000008323696
76,57,Qalpha_keV,-420.1300000001211,-420.05,0.08000000012106057
75,58,Sn_keV,8018.6410000000615,8018.64,0.0010000000611398718
75,58,Sp_keV,5983.465000000084,5983.54,0.07499999991614459
75,58,S2n_keV,18852.38099999982,18852.41,0.02900000018053106
75,58,S2p_keV,10312.360000000102,10312.42,0.059999999897627276
75,58,Qalpha_keV,220.0449999999255,220.07,0.025000000074498985
74,59,Sn_keV,10781.429999999935,10781.44,0.010000000065701897
74,59,Sp_keV,2755.6980000000913,2755.66,0.03800000009141513
74,59,S2n_keV,19779.581000000006,19779.56,0.021000000004278263
74,59,S2p_keV,8746.236999999965,8746.27,0.033000000035826815
74,59,Qalpha_keV,962.0539999997709,962.08,0.02600000022914628
73,60,Sn_keV,8977.803000000073,8977.88,0.07699999992655648
73,60,Sp_keV,4393.83899999992,4393.89,0.05100000008042116
73,60,S2n_keV,20706.898999999976,20706.97,0.07100000002537854
73,60,S2p_keV,7201.846999999834,7201.87,0.02300000016566628
73,60,Qalpha_keV,1530.1969999999274,1530.21,0.01300000007267954
72,61,Sp_keV,1270.719000000041,1270.81,0.09099999995896724
72,61,S2p_keV,5684.905999999959,5684.93,0.02400000004126923
72,61,Qalpha_keV,1941.0409999997355,1941.0,0.04099999973550439
84,50,Sn_keV,3631.2100000001956,3631.19,0.02000000019552317
84,50,S2n_keV,6029.810000000289,6029.84,0.02999999971143552
84,50,Qalpha_keV,-7741.074000000255,-7741.07,0.004000000255473424
83,51,Sn_keV,3168.34300000011,3168.36,0.016999999890231265
83,51,Sp_keV,10435.596000000136,10435.63,0.03399999986322655
83,51,S2n_keV,10527.892000000225,10527.9,0.007999999774256139
83,51,S2p_keV,26186.919999999925,26186.94,0.020000000073196134
83,51,Qalpha_keV,-6562.160000000149,-6562.25,0.08999999985098839
82,52,Sn_keV,7667.837000000058,7667.94,0.10299999994185782
82,52,Sp_keV,10899.205000000075,10899.21,0.004999999924621079
82,52,S2n_keV,13488.141999999993,13488.19,0.0480000000079599
82,52,S2p_keV,20565.058000000194,20565.14,0.08199999980570283
82,52,Qalpha_keV,-4826.4220000000205,-4826.45,0.027999999979329004
81,53,Sn_keV,6256.415999999968,6256.49,0.07400000003144669
81,53,Sp_keV,8395.189000000013,8395.28,0.09099999998761632
81,53,S2n_keV,14482.530000000028,14482.57,0.039999999971769284
81,53,S2p_keV,18986.106000000145,18986.1,0.006000000146741513
81,53,Qalpha_keV,-4182.664000000106,-4182.67,0.005999999893901986
80,54,Sn_keV,8553.614999999758,8553.57,0.04499999975814717
80,54,Sp_keV,9556.56799999997,9556.53,0.03799999996954284
80,54,S2n_keV,14989.56200000015,14989.49,0.07200000015109254
80,54,S2p_keV,17515.64599999995,17515.58,0.06599999994796235
80,54,Qalpha_keV,-3197.8859999999404,-3197.79,0.09599999994043174
79,55,Sn_keV,6891.4900000002235,6891.54,0.0499999997764462
79,55,Sp_keV,6536.512999999803,6536.55,0.037000000197622285
79,55,S2n_keV,15881.080000000075,15881.11,0.02999999992607627
79,55,S2p_keV,15765.580000000075,15765.61,0.02999999992607627
79,55,Qalpha_keV,-2379.904000000097,-2379.93,0.025999999902978743
78,56,Sn_keV,9467.516000000061,9467.56,0.04399999993802339
78,56,Sp_keV,8167.840000000317,8167.89,0.04999999968367774
78,56,S2n_keV,16657.414000000106,16657.47,0.05599999989499338
78,56,S2p_keV,14248.810000000289,14248.83,0.019999999711217242
78,56,Qalpha_keV,-1494.224000000162,-1494.31,0.0859999998378953
77,57,Sn_keV,7795.538999999873,7795.58,0.04100000012658711
77,57,Sp_keV,4953.993999999948,4954.01,0.016000000052372343
77,57,S2n_keV,17637.600000000093,17637.63,0.029999999907886377
77,57,S2p_keV,12643.908000000054,12643.91,0.0019999999458377715
77,57,Qalpha_keV,-743.8120000001509,-743.82,0.007999999849175765
76,58,Sn_keV,10486.05700000003,10485.99,0.0670000000300206
76,58,Sp_keV,6627.460999999894,6627.48,0.019000000105734216
76,58,S2n_keV,18504.69800000009,18504.63,0.06800000009025098
76,58,S2p_keV,10975.814000000013,10975.81,0.004000000013547833
76,58,Qalpha_keV,3.716000000014901,3.74,0.023999999985099052
75,59,Sn_keV,8661.73999999999,8661.73,0.009999999991123332
75,59,Sp_keV,3398.7970000000205,3398.75,0.0470000000204891
75,59,S2n_keV,19443.169999999925,19443.17,7.275957614183426e-11
75,59,S2p_keV,9382.262000000104,9382.28,0.017999999896346708
75,59,Qalpha_keV,674.435999999987,674.46,0.024000000013074896
74,60,Sn_keV,11385.36900000018,11385.38,0.010999999818523065
74,60,Sp_keV,4997.778000000166,4997.82,0.04199999983393354
74,60,S2n_keV,20363.172000000253,20363.26,0.08799999974507955
74,60,S2p_keV,7753.476000000257,7753.48,0.003999999742518412
74,60,Qalpha_keV,1351.6479999998119,1351.56,0.08799999981192741
73,61,Sn_keV,9402.511000000173,9402.42,0.09100000017315324
73,61,Sp_keV,1695.4270000001416,1695.35,0.07700000014165198
73,61,S2p_keV,6089.2660000000615,6089.24,0.02600000006168557
73,61,Qalpha_keV,2011.7899999998044,2011.79,1.9554136088117957e-10
85,50,Sn_keV,2269.8309999997728,2269.81,0.02099999977281186
85,50,S2n_keV,5901.040999999968,5901.0,0.04099999996833503
85,50,Qalpha_keV,-7838.160000000149,-7838.19,0.02999999985058821
84,51,Sn_keV,3741.214999999851,3741.1,0.11499999985107934
84,51,Sp_keV,10545.600999999791,10545.55,0.05099999979211134
84,51,S2n_keV,6909.557999999961,6909.45,0.10799999996106635
84,51,Qalpha_keV,-4090.2259999997914,-4090.21,0.015999999791347363
83,52,Sn_keV,3266.467999999877,3266.36,0.10799999987693809
83,52,Sp_keV,10997.329999999842,10997.21,0.11999999984254828
83,52,S2n_keV,10934.304999999935,10934.29,0.014999999933934305
83,52,S2p_keV,21432.925999999978,21432.84,0.08599999997750274
83,52,Qalpha_keV,-2889.2430000000168,-2889.12,0.12300000001687295
82,53,Sn_keV,7807.086000000127,7807.03,0.05600000012691453
82,53,Sp_keV,8534.438000000082,8534.37,0.06800000008115603
82,53,S2n_keV,14063.502000000095,14063.52,0.017999999905441655
82,53,S2p_keV,19433.643000000156,19433.58,0.06300000015471596
82,53,Qalpha_keV,-4222.628000000259,-4222.66,0.031999999740946805
81,54,Sn_keV,6358.594000000041,6358.65,0.05599999995865801
81,54,Sp_keV,9658.746000000043,9658.69,0.05600000004233152
81,54,S2n_keV,14912.208999999799,14912.21,0.0010000002002925612
81,54,S2p_keV,18053.935000000056,18053.97,0.0349999999452848
81,54,Qalpha_keV,-3627.0770000000484,-3627.05,0.027000000048246875
80,55,Sn_keV,8761.795999999857,8761.81,0.01400000014291436
80,55,Sp_keV,6744.693999999901,6744.79,0.09600000009868381
80,55,S2n_keV,15653.28600000008,15653.35,0.06399999992027006
80,55,S2p_keV,16301.261999999871,16301.32,0.05800000012823148
80,55,Qalpha_keV,-2563.7929999998305,-2563.85,0.05700000016940976
79,56,Sn_keV,6972.0409999997355,6971.96,0.08099999973546801
79,56,Sp_keV,8248.390999999829,8248.31,0.08099999982914596
79,56,S2n_keV,16439.556999999797,16439.52,0.03699999979653512
79,56,S2p_keV,14784.903999999631,14784.87,0.033999999630395905
79,56,Qalpha_keV,-1861.8789999997243,-1861.86,0.018999999724428562
78,57,Sn_keV,9495.93299999996,9495.98,0.04700000003867899
78,57,Sp_keV,4982.410999999847,4982.43,0.01900000015302794
78,57,S2n_keV,17291.471999999834,17291.57,0.09800000016548438
78,57,S2p_keV,13150.251000000164,13150.33,0.07899999983601447
78,57,Qalpha_keV,-1009.3289999999106,-1009.45,0.12100000008945244
77,58,Sn_keV,7854.526000000071,7854.6,0.07399999992958328
77,58,Sp_keV,6686.448000000091,6686.49,0.04199999990851211
77,58,S2n_keV,18340.5830000001,18340.59,0.006999999899562681
77,58,S2p_keV,11640.44200000004,11640.5,0.05799999996088445
77,58,Qalpha_keV,-357.28300000028685,-357.36,0.07699999971316629
76,59,Sn_keV,10479.226000000024,10479.19,0.03600000002370507
76,59,Sp_keV,3391.966000000015,3391.94,0.02600000001484659
76,59,S2n_keV,19140.966000000015,19140.91,0.05600000001504668
76,59,S2p_keV,10019.426999999909,10019.42,0.006999999908657628
76,59,Qalpha_keV,408.45699999993667,408.48,0.023000000063348125
75,60,Sn_keV,8638.56299999985,8638.49,0.07299999984934402
75,60,Sp_keV,4974.601000000024,4974.59,0.011000000024068868
75,60,S2n_keV,20023.93200000003,20023.87,0.062000000030820956
75,60,S2p_keV,8373.398000000045,8373.34,0.058000000044557964
75,60,Qalpha_keV,1069.8810000000522,1069.91,0.02899999994792779
74,61,Sn_keV,11384.645000000019,11384.64,0.005000000019208528
74,61,Sp_keV,1694.7029999999795,1694.61,0.09299999997961095
74,61,S2n_keV,20787.156000000192,20787.06,0.09600000019054278
74,61,S2p_keV,6692.481000000145,6692.44,0.0410000001456865
74,61,Qalpha_keV,1823.5979999997653,1823.67,0.07200000023476605
73,62,Sp_keV,3407.3599999998696,3407.44,0.08000000013043973
73,62,S2p_keV,5102.787000000011,5102.78,0.007000000011430529
73,62,Qalpha_keV,2485.973999999929,2485.9,0.07399999992912853
85,51,Sn_keV,2887.757000000216,2887.87,0.11299999978382402
85,51,Sp_keV,11163.527000000235,11163.61,0.08299999976588879
85,51,S2n_keV,6628.972000000067,6628.97,0.002000000066800567
85,51,Qalpha_keV,-4520.232000000076,-4520.25,0.01799999992363155
84,52,Sn_keV,4767.714000000153,4767.81,0.09599999984766328
84,52,Sp_keV,12023.829000000143,12023.92,0.09099999985664908
84,52,S2n_keV,8034.18200000003,8034.16,0.02200000002994784
84,52,S2p_keV,22569.429999999935,22569.46,0.030000000064319465
84,52,Qalpha_keV,-303.58000000030734,-303.64,0.05999999969264991
83,53,Sn_keV,3837.3279999999795,3837.39,0.06200000002036177
83,53,Sp_keV,9105.298000000184,9105.4,0.10199999981523433
83,53,S2n_keV,11644.414000000106,11644.42,0.005999999893901986
83,53,S2p_keV,20102.628000000026,20102.61,0.018000000025494955
83,53,Qalpha_keV,-2334.8600000003353,-2334.86,3.3514879760332406e-10
82,54,Sn_keV,8087.307999999961,8087.33,0.02200000003904279
82,54,Sp_keV,9938.967999999877,9938.98,0.012000000122498022
82,54,S2n_keV,14445.902000000002,14445.97,0.06799999999748252
82,54,S2p_keV,18473.40599999996,18473.36,0.04599999995843973
82,54,Qalpha_keV,-3665.8880000000354,-3665.89,0.001999999964482413
81,55,Sn_keV,6828.360000000102,6828.37,0.009999999897445377
81,55,Sp_keV,7214.459999999963,7214.52,0.06000000003768946
81,55,S2n_keV,15590.155999999959,15590.18,0.02400000004126923
81,55,S2p_keV,16873.206000000006,16873.21,0.00399999999353895
81,55,Qalpha_keV,-3060.0760000001173,-3060.12,0.043999999882544216
80,56,Sn_keV,9107.725000000093,9107.74,0.014999999906649464
80,56,Sp_keV,8594.320000000065,8594.25,0.07000000006519258
80,56,S2n_keV,16079.765999999829,16079.7,0.06599999982790905
80,56,S2p_keV,15339.013999999966,15339.04,0.026000000034400728
80,56,Qalpha_keV,-2032.9160000002012,-2032.88,0.03600000020105654
79,57,Sn_keV,7465.47499999986,7465.48,0.005000000139261829
79,57,Sp_keV,5475.844999999972,5475.95,0.10500000002775778
79,57,S2n_keV,16961.40799999982,16961.46,0.05200000017794082
79,57,S2p_keV,13724.2359999998,13724.27,0.03400000019973959
79,57,Qalpha_keV,-1309.655999999959,-1309.71,0.05400000004101457
78,58,Sn_keV,9963.520000000019,9963.52,1.8189894035458565e-11
78,58,Sp_keV,7154.035000000149,7154.03,0.0050000001492662705
78,58,S2n_keV,17818.04600000009,17818.12,0.0739999999095744
78,58,S2p_keV,12136.445999999996,12136.46,0.014000000002852175
78,58,Qalpha_keV,-498.20000000018626,-498.27,0.0699999998137173
77,59,Sn_keV,8475.80799999996,8475.81,0.002000000038606231
77,59,Sp_keV,4013.247999999905,4013.15,0.09799999990491415
77,59,S2n_keV,18955.033999999985,18955.0,0.03399999998509884
77,59,S2p_keV,10699.695999999996,10699.65,0.04599999999663851
77,59,Qalpha_keV,-41.636000000173226,-41.62,0.016000000173228557
76,60,Sn_keV,11056.976999999955,11056.99,0.013000000044485205
76,60,Sp_keV,5552.351999999955,5552.4,0.048000000044339686
76,60,S2n_keV,19695.539999999804,19695.49,0.04999999980282155
76,60,S2p_keV,8944.31799999997,8944.34,0.02200000002994784
76,60,Qalpha_keV,846.6439999998547,846.69,0.04600000014534089
75,61,Sn_keV,9189.124999999767,9189.16,0.035000000232685125
75,61,Sp_keV,2245.2649999998976,2245.28,0.015000000102645572
75,61,S2n_keV,20573.769999999786,20573.8,0.030000000213476596
75,61,S2p_keV,7219.865999999922,7219.87,0.004000000078121957
75,61,Qalpha_keV,1632.624000000069,1632.62,0.00400000006902701
74,62,Sn_keV,12025.065999999875,12024.99,0.07599999987542105
74,62,Sp_keV,4047.780999999726,4047.79,0.009000000273772457
74,62,S2p_keV,5742.483999999706,5742.4,0.08399999970606586
74,62,Qalpha_keV,2190.003999999957,2190.0,0.003999999957159162
86,51,Sn_keV,3624.939999999944,3624.82,0.11999999994395694
86,51,S2n_keV,6512.69700000016,6512.7,0.0029999998396306182
85,52,Sn_keV,2949.851000000024,2949.8,0.05100000002403249
85,52,Sp_keV,12085.922999999952,12085.84,0.08299999995142571
85,52,S2n_keV,7717.565000000177,7717.61,0.04499999982272129
85,52,S2p_keV,23249.450000000186,23249.45,1.8553691916167736e-10
85,52,Qalpha_keV,-854.8310000002384,-854.79,0.04100000023845496
84,53,Sn_keV,4882.345999999903,4882.36,0.01400000009653013
84,53,Sp_keV,9219.929999999935,9219.96,0.030000000064319465
84,53,S2n_keV,8719.673999999883,8719.75,0.07600000011734664
84,53,S2p_keV,21243.75900000008,21243.88,0.12099999992278754
84,53,Qalpha_keV,142.34299999987707,142.33,0.012999999877052915
83,54,Sn_keV,4025.6140000000596,4025.56,0.054000000059659214
83,54,Sp_keV,10127.253999999957,10127.16,0.09399999995730468
83,54,S2n_keV,12112.92200000002,12112.89,0.03200000002107117
83,54,S2p_keV,19232.55200000014,19232.57,0.01799999985814793
83,54,Qalpha_keV,-1871.1970000001602,-1871.2,0.002999999839857992
82,55,Sn_keV,8278.252000000095,8278.23,0.02200000009543146
82,55,Sp_keV,7405.404000000097,7405.42,0.015999999903215212
82,55,S2n_keV,15106.612000000197,15106.6,0.012000000197076588
82,55,S2p_keV,17344.371999999974,17344.4,0.028000000027532224
82,55,Qalpha_keV,-3112.2140000001527,-3112.26,0.045999999847481376
81,56,Sn_keV,6905.618999999948,6905.63,0.011000000052263204
81,56,Sp_keV,8671.57899999991,8671.51,0.06899999991037475
81,56,S2n_keV,16013.344000000041,16013.37,0.025999999959822162
81,56,S2p_keV,15886.038999999873,15886.03,0.008999999872685294
81,56,Qalpha_keV,-2502.587999999756,-2502.58,0.007999999756066245
80,57,Sn_keV,9174.62300000037,9174.53,0.09300000037001155
80,57,Sp_keV,5542.74300000025,5542.74,0.0030000002498127287
80,57,S2n_keV,16640.09800000023,16640.01,0.08800000023256871
80,57,S2p_keV,14137.063000000315,14136.99,0.07300000031500531
80,57,Qalpha_keV,-1494.6890000004787,-1494.67,0.019000000478627044
79,58,Sn_keV,7481.615999999922,7481.53,0.08599999992202356
79,58,Sp_keV,7170.1760000002105,7170.08,0.09600000021055166
79,58,S2n_keV,17445.13599999994,17445.05,0.08599999994112295
79,58,S2p_keV,12646.021000000183,12646.03,0.008999999818115612
79,58,Qalpha_keV,-789.9180000000633,-789.89,0.028000000063343577
78,59,Sn_keV,9932.634000000078,9932.65,0.015999999921405106
78,59,Sp_keV,3982.3619999999646,3982.29,0.07199999996464612
78,59,S2n_keV,18408.44200000004,18408.47,0.027999999962048605
78,59,S2p_keV,11136.397000000114,11136.32,0.07700000011391239
78,59,Qalpha_keV,-132.20900000003166,-132.23,0.0209999999683248
77,60,Sn_keV,8456.609000000171,8456.6,0.009000000170999556
77,60,Sp_keV,5533.153000000166,5533.18,0.02699999983451562
77,60,S2n_keV,19513.586000000127,19513.59,0.003999999873485649
77,60,S2p_keV,9546.40100000007,9546.34,0.061000000070634997
77,60,Qalpha_keV,408.6759999997448,408.73,0.054000000255200575
76,61,Sn_keV,10974.266999999993,10974.25,0.01699999999254942
76,61,Sp_keV,2162.554999999935,2162.53,0.02499999993460733
76,61,S2n_keV,20163.39199999976,20163.41,0.018000000240135705
76,61,S2p_keV,7714.90699999989,7714.93,0.023000000110187102
76,61,Qalpha_keV,1439.7870000000112,1439.82,0.032999999988760464
75,62,Sn_keV,9286.846000000136,9286.95,0.1039999998647545
75,62,Sp_keV,4145.502000000095,4145.58,0.07799999990493234
75,62,S2n_keV,21311.91200000001,21311.94,0.027999999987514457
75,62,S2p_keV,6390.766999999993,6390.86,0.09300000000712316
75,62,Qalpha_keV,1880.9609999998938,1880.93,0.030999999893765562
74,63,Sp_keV,623.9250000000466,623.98,0.05499999995345206
74,63,S2p_keV,4671.705999999773,4671.76,0.05400000022746099
74,63,Qalpha_keV,2836.7979999999516,2836.84,0.04200000004857429
87,51,Sn_keV,2231.345999999903,2231.34,0.005999999902996933
87,51,S2n_keV,5856.285999999847,5856.16,0.12599999984740862
86,52,Sn_keV,4463.568999999901,4463.55,0.018999999901097908
86,52,Sp_keV,12924.551999999909,12924.57,0.018000000090978574
86,52,S2n_keV,7413.4199999999255,7413.35,0.0699999999251304
86,52,Qalpha_keV,-1687.1899999999441,-1687.15,0.039999999944029696
85,53,Sn_keV,3694.997999999905,3694.96,0.03799999990496872
85,53,Sp_keV,9965.076999999816,9965.12,0.043000000185202225
85,53,S2n_keV,8577.343999999808,8577.32,0.023999999808438588
85,53,S2p_keV,22050.999999999767,22050.96,0.03999999976804247
85,53,Qalpha_keV,-384.31199999991804,-384.27,0.0419999999180618
84,54,Sn_keV,5660.037999999942,5660.15,0.1120000000573782
84,54,Sp_keV,10904.945999999996,10904.95,0.004000000004452886
84,54,S2n_keV,9685.652000000002,9685.71,0.05799999999726424
84,54,S2p_keV,20124.87599999993,20124.91,0.03400000006877235
84,54,Qalpha_keV,136.6019999999553,136.59,0.011999999955293106
83,55,Sn_keV,4412.623999999836,4412.65,0.026000000163548975
83,55,Sp_keV,7792.413999999873,7792.5,0.08600000012665987
83,55,S2n_keV,12690.875999999931,12690.87,0.005999999930281774
83,55,S2p_keV,17919.66799999983,17919.66,0.00799999983064481
83,55,Qalpha_keV,-1268.4220000000205,-1268.42,0.002000000020416337
82,56,Sn_keV,8611.66100000008,8611.72,0.05899999991925142
82,56,Sp_keV,9004.987999999896,9005.0,0.012000000104308128
82,56,S2n_keV,15517.280000000028,15517.35,0.06999999997242412
82,56,S2p_keV,16410.391999999993,16410.42,0.02800000000570435
82,56,Qalpha_keV,-2560.6340000000782,-2560.73,0.0959999999217871
81,57,Sn_keV,7449.826999999816,7449.81,0.016999999815197953
81,57,Sp_keV,6086.951000000117,6086.92,0.031000000117273885
81,57,S2n_keV,16624.450000000186,16624.34,0.110000000186119
81,57,S2p_keV,14758.530000000028,14758.42,0.11000000002786692
81,57,Qalpha_keV,-2053.026000000071,-2052.94,0.08600000007072595
80,58,Sn_keV,9723.649999999907,9723.65,9.276845958083868e-11
80,58,Sp_keV,7719.202999999747,7719.2,0.0029999997468621586
80,58,S2n_keV,17205.26599999983,17205.18,0.08599999982834561
80,58,S2p_keV,13261.945999999996,13261.94,0.005999999995765393
80,58,Qalpha_keV,-1046.0519999999087,-1045.98,0.0719999999087122
79,59,Sn_keV,8003.467999999877,8003.55,0.08200000012311648
79,59,Sp_keV,4504.21399999992,4504.3,0.08600000008027564
79,59,S2n_keV,17936.101999999955,17936.2,0.09800000004543108
79,59,S2p_keV,11674.39000000013,11674.38,0.010000000131185516
79,59,Qalpha_keV,-340.1380000000354,-340.19,0.05199999996460747
78,60,Sn_keV,10505.034999999916,10505.06,0.025000000083309715
78,60,Sp_keV,6105.554000000004,6105.59,0.03599999999642023
78,60,S2n_keV,18961.644000000088,18961.66,0.01599999991231016
78,60,S2p_keV,10087.915999999968,10087.88,0.03599999996913539
78,60,Qalpha_keV,389.69799999985844,389.66,0.03799999985841396
77,61,Sn_keV,8938.88500000001,8938.95,0.06499999999141437
77,61,Sp_keV,2644.8309999997728,2644.89,0.05900000022711538
77,61,S2n_keV,19913.152000000002,19913.2,0.04799999999886495
77,61,S2p_keV,8177.9839999999385,8178.07,0.08600000006117625
77,61,Qalpha_keV,1162.6419999999925,1162.59,0.051999999992631274
76,62,Sn_keV,11542.641999999993,11542.55,0.09199999999327702
76,62,Sp_keV,4713.877000000095,4713.89,0.012999999905332515
76,62,S2n_keV,20829.48800000013,20829.51,0.021999999869876774
76,62,S2p_keV,6876.43200000003,6876.42,0.012000000029729563
76,62,Qalpha_keV,1723.688000000082,1723.75,0.06199999991804361
75,63,Sn_keV,9675.059000000125,9675.09,0.030999999875348294
75,63,Sp_keV,1012.1380000000354,1012.11,0.028000000035376615
75,63,S2p_keV,5157.64000000013,5157.7,0.05999999986943294
75,63,Qalpha_keV,2564.25,2564.17,0.07999999999992724
87,52,Sn_keV,2580.405000000028,2580.4,0.005000000027848728
87,52,Sp_keV,13273.611000000034,13273.64,0.02899999996589031
87,52,S2n_keV,7043.973999999929,7043.95,0.023999999929401383
87,52,Qalpha_keV,-1997.7640000001993,-1997.74,0.024000000199293936
86,53,Sn_keV,4562.37900000019,4562.37,0.009000000190098945
86,53,Sp_keV,10063.887000000104,10063.94,0.05299999989620119
86,53,S2n_keV,8257.377000000095,8257.33,0.04700000009506766
86,53,S2p_keV,22988.439000000013,22988.51,0.07099999998536077
86,53,Qalpha_keV,-1205.476000000257,-1205.55,0.0739999997429095
85,54,Sn_keV,3743.7900000000373,3743.66,0.13000000003739842
85,54,Sp_keV,10953.738000000129,10953.65,0.08800000012888631
85,54,S2n_keV,9403.82799999998,9403.81,0.01799999998002022
85,54,S2p_keV,20918.814999999944,20918.76,0.054999999945721356
85,54,Qalpha_keV,-340.7200000002049,-340.71,0.01000000020491143
84,55,Sn_keV,5885.386000000173,5885.3,0.0860000001730441
84,55,Sp_keV,8017.762000000104,8017.66,0.10200000010445365
84,55,S2n_keV,10298.01000000001,10297.95,0.06000000000858563
84,55,S2p_keV,18922.7080000001,18922.6,0.10800000010203803
84,55,Qalpha_keV,653.277999999933,653.31,0.032000000067000656
83,56,Sn_keV,4723.402999999933,4723.43,0.027000000067346264
83,56,Sp_keV,9315.766999999993,9315.78,0.013000000008105417
83,56,S2n_keV,13335.064000000013,13335.15,0.08599999998659769
83,56,S2p_keV,17108.180999999866,17108.29,0.10900000013498357
83,56,Qalpha_keV,-925.4429999999702,-925.52,0.07700000002978413
82,57,Sn_keV,8778.22499999986,8778.35,0.12500000014006218
82,57,Sp_keV,6253.514999999898,6253.54,0.025000000102409103
82,57,S2n_keV,16228.051999999676,16228.16,0.10800000032395474
82,57,S2p_keV,15258.502999999793,15258.55,0.047000000206026016
82,57,Qalpha_keV,-2069.4550000000745,-2069.49,0.034999999925275915
81,58,Sn_keV,7448.279000000097,7448.26,0.01900000009663927
81,58,Sp_keV,7717.655000000028,7717.65,0.005000000028303475
81,58,S2n_keV,17171.929000000004,17171.91,0.01900000000387081
81,58,S2p_keV,13804.606000000145,13804.57,0.03600000014557736
81,58,Qalpha_keV,-1522.29000000027,-1522.28,0.010000000270110831
80,59,Sn_keV,9756.221000000136,9756.19,0.03100000013546378
80,59,Sp_keV,4536.785000000149,4536.85,0.06499999985135219
80,59,S2n_keV,17759.689000000013,17759.74,0.050999999988562195
80,59,S2p_keV,12255.987999999896,12256.05,0.06200000010358053
80,59,Qalpha_keV,-600.4260000002105,-600.4,0.02600000021050164
79,60,Sn_keV,8066.961999999825,8066.95,0.011999999825093255
79,60,Sp_keV,6169.047999999952,6168.99,0.057999999951789505
79,60,S2n_keV,18571.99699999974,18572.01,0.013000000257306965
79,60,S2p_keV,10673.261999999871,10673.29,0.02800000012939563
79,60,Qalpha_keV,177.2620000001043,177.31,0.047999999895694145
78,61,Sn_keV,10631.405000000028,10631.32,0.08500000002823072
78,61,Sp_keV,2771.2009999998845,2771.14,0.06099999988464333
78,61,S2n_keV,19570.290000000037,19570.27,0.020000000036816346
78,61,S2p_keV,8876.754999999888,8876.73,0.02499999988867785
78,61,Qalpha_keV,1010.4629999999888,1010.46,0.0029999999887877493
77,62,Sn_keV,8953.777999999933,8953.77,0.007999999932508217
77,62,Sp_keV,4728.770000000019,4728.71,0.06000000001859007
77,62,S2n_keV,20496.419999999925,20496.33,0.08999999992374796
77,62,S2p_keV,7373.600999999791,7373.59,0.010999999791238224
77,62,Qalpha_keV,1408.4729999999981,1408.47,0.00299999999811007
76,63,Sn_keV,11719.741999999853,11719.69,0.051999999852341716
76,63,Sp_keV,1189.2379999998957,1189.25,0.012000000104308128
76,63,S2n_keV,21394.800999999978,21394.78,0.02099999997881241
76,63,S2p_keV,5903.114999999991,5903.14,0.025000000009640644
76,63,Qalpha_keV,2229.153000000166,2229.12,0.03300000016588456
88,52,Sn_keV,4442.41100000008,4442.47,0.05899999992016092
88,52,S2n_keV,7022.816000000108,7022.88,0.06399999989207572
87,53,Sn_keV,3206.5689999999013,3206.58,0.011000000098647433
87,53,Sp_keV,10690.050999999978,10690.11,0.05900000002293382
87,53,S2n_keV,7768.948000000091,7768.95,0.0019999999085484887
87,53,S2p_keV,23963.66200000001,23963.75,0.08799999998882413
87,53,Qalpha_keV,-1524.2879999999423,-1524.25,0.037999999942258
86,54,Sn_keV,5413.170000000158,5413.19,0.019999999841274985
86,54,Sp_keV,11804.529000000097,11804.47,0.059000000097512384
86,54,S2n_keV,9156.960000000196,9156.85,0.11000000019521394
86,54,S2p_keV,21868.4160000002,21868.41,0.006000000201311195
86,54,Qalpha_keV,-986.1760000002105,-986.1,0.07600000021045616
85,55,Sn_keV,4420.517999999924,4420.5,0.01799999992363155
85,55,Sp_keV,8694.48999999999,8694.5,0.010000000009313226
85,55,S2n_keV,10305.904000000097,10305.8,0.10400000009758514
85,55,S2p_keV,19648.22800000012,19648.15,0.0780000001177541
85,55,Qalpha_keV,70.08799999998882,70.19,0.1020000000111736
84,56,Sn_keV,6427.037000000011,6426.92,0.11700000001110311
84,56,Sp_keV,9857.41799999983,9857.4,0.01799999983086309
84,56,S2n_keV,11150.439999999944,11150.35,0.08999999994375685
84,56,S2p_keV,17875.179999999935,17875.06,0.11999999993349775
84,56,Qalpha_keV,734.8279999999795,734.89,0.062000000020475454
83,57,Sn_keV,5161.105000000214,5160.98,0.12500000021464075
83,57,Sp_keV,6691.217000000179,6691.09,0.12700000017866842
83,57,S2n_keV,13939.330000000075,13939.33,7.457856554538012e-11
83,57,S2p_keV,16006.984000000171,16006.87,0.114000000170563
83,57,Qalpha_keV,-402.20000000018626,-402.09,0.11000000018628953
82,58,Sn_keV,9199.47499999986,9199.54,0.0650000001405715
82,58,Sp_keV,8138.905000000028,8138.85,0.05500000002757588
82,58,S2n_keV,16647.753999999957,16647.8,0.04600000004211324
82,58,S2p_keV,14392.419999999925,14392.39,0.02999999992607627
82,58,Qalpha_keV,-1614.0400000000373,-1614.08,0.03999999996267434
81,59,Sn_keV,7940.648999999976,7940.61,0.03899999997611303
81,59,Sp_keV,5029.155000000028,5029.2,0.044999999971878424
81,59,S2n_keV,17696.87000000011,17696.8,0.0700000001124863
81,59,S2p_keV,12746.810000000056,12746.85,0.03999999994448444
81,59,Qalpha_keV,-1075.600000000326,-1075.53,0.07000000032599019
80,60,Sn_keV,10316.262000000104,10316.29,0.027999999896564987
80,60,Sp_keV,6729.08899999992,6729.08,0.008999999919979018
80,60,S2n_keV,18383.22399999993,18383.24,0.016000000072381226
80,60,S2p_keV,11265.874000000069,11265.93,0.05599999993137317
80,60,Qalpha_keV,-175.47999999998137,-175.46,0.01999999998136559
79,61,Sn_keV,8784.503000000026,8784.55,0.04699999997319537
79,61,Sp_keV,3488.7420000000857,3488.74,0.0020000000858999556
79,61,S2n_keV,19415.908000000054,19415.86,0.04800000005343463
79,61,S2p_keV,9657.790000000037,9657.73,0.06000000003768946
79,61,Qalpha_keV,701.7679999999236,701.73,0.03799999992361336
78,62,Sn_keV,11146.9580000001,11147.03,0.071999999900072
78,62,Sp_keV,5244.323000000091,5244.42,0.09699999990880315
78,62,S2n_keV,20100.736000000034,20100.81,0.07399999996778206
78,62,S2p_keV,8015.523999999976,8015.57,0.04600000002392335
78,62,Qalpha_keV,1318.4919999998529,1318.44,0.051999999852796464
77,63,Sn_keV,9659.178000000073,9659.21,0.031999999926483724
77,63,Sp_keV,1894.6380000000354,1894.69,0.05199999996466431
77,63,S2n_keV,21378.919999999925,21378.9,0.019999999924039003
77,63,S2p_keV,6623.408000000054,6623.39,0.01800000005368929
77,63,Qalpha_keV,1759.0999999998603,1759.06,0.039999999860356183
76,64,Sp_keV,3673.1980000000913,3673.2,0.0019999999085484887
76,64,S2p_keV,4862.435999999987,4862.45,0.014000000012856617
76,64,Qalpha_keV,2603.7359999998007,2603.7,0.03599999980087887
75,65,S2p_keV,3310.519999999786,3310.54,0.020000000214167812
88,53,Sn_keV,4391.73499999987,4391.76,0.02500000013060344
88,53,Sp_keV,10639.374999999767,10639.4,0.025000000232466846
88,53,S2n_keV,7598.303999999771,7598.34,0.03600000022925087
88,53,Qalpha_keV,-2291.0829999998678,-2291.19,0.10700000013230238
87,54,Sn_keV,3282.1439999998547,3282.16,0.016000000145140802
87,54,Sp_keV,11880.10400000005,11880.06,0.044000000050800736
87,54,S2n_keV,8695.314000000013,8695.36,0.04599999998754356
87,54,S2p_keV,22570.155000000028,22570.17,0.014999999970314093
87,54,Qalpha_keV,-1318.469000000041,-1318.46,0.009000000040941813
86,55,Sn_keV,5498.695999999996,5498.74,0.04400000000350701
86,55,Sp_keV,8780.015999999829,8780.04,0.02400000017223647
86,55,S2n_keV,9919.21399999992,9919.24,0.026000000079875463
86,55,S2p_keV,20584.544999999925,20584.51,0.034999999927094905
86,55,Qalpha_keV,-546.2620000001043,-546.18,0.08200000010435815
85,56,Sn_keV,4534.597999999998,4534.59,0.007999999997991836
85,56,Sp_keV,9971.497999999905,9971.49,0.007999999905223376
85,56,S2n_keV,10961.63500000001,10961.51,0.12500000000909495
85,56,S2p_keV,18665.987999999896,18665.99,0.002000000105908839
85,56,Qalpha_keV,225.84400000004098,225.86,0.01599999995903545
84,57,Sn_keV,6687.016999999993,6687.08,0.06300000000737782
84,57,Sp_keV,6951.19700000016,6951.25,0.05299999983981252
84,57,S2n_keV,11848.122000000207,11848.06,0.06200000020726293
84,57,S2p_keV,16808.61499999999,16808.66,0.04500000000916771
84,57,Qalpha_keV,1189.0349999999162,1189.06,0.025000000083764462
83,58,Sn_keV,5428.148000000045,5428.14,0.008000000044376065
83,58,Sp_keV,8405.947999999858,8406.02,0.07200000014199759
83,58,S2n_keV,14627.622999999905,14627.69,0.06700000009550422
83,58,S2p_keV,15097.165000000037,15097.11,0.055000000036670826
83,58,Qalpha_keV,-136.5690000001341,-136.6,0.030999999865883865
82,59,Sn_keV,9398.811999999918,9398.87,0.05800000008275674
82,59,Sp_keV,5228.492000000086,5228.53,0.037999999914063665
82,59,S2n_keV,17339.460999999894,17339.48,0.019000000105734216
82,59,S2p_keV,13367.397000000114,13367.37,0.027000000112821
82,59,Qalpha_keV,-1299.7889999998733,-1299.87,0.08100000012655073
81,60,Sn_keV,8005.114999999991,8005.04,0.07499999999072315
81,60,Sp_keV,6793.554999999935,6793.51,0.04499999993458914
81,60,S2n_keV,18321.377000000095,18321.32,0.05700000009528594
81,60,S2p_keV,11822.709999999963,11822.71,3.637978807091713e-11
81,60,Qalpha_keV,-698.9790000000503,-698.96,0.01900000005025504
80,61,Sn_keV,10380.560000000056,10380.53,0.03000000005522452
80,61,Sp_keV,3553.0400000000373,3552.98,0.06000000003723471
80,61,S2n_keV,19165.063000000082,19165.07,0.006999999917752575
80,61,S2p_keV,10282.128999999957,10282.06,0.06899999995766848
80,61,Qalpha_keV,253.84199999994598,253.86,0.018000000054030352
79,62,Sn_keV,8549.344999999972,8549.29,0.05499999997118721
79,62,Sp_keV,5009.165000000037,5009.17,0.004999999962819857
79,62,S2n_keV,19696.303000000073,19696.32,0.0169999999270658
79,62,S2p_keV,8497.907000000123,8497.91,0.002999999876919901
79,62,Qalpha_keV,1225.7560000000522,1225.74,0.01600000005214497
78,63,Sn_keV,11010.96399999992,11011.01,0.04600000008031202
78,63,Sp_keV,1758.6439999998547,1758.66,0.016000000145368176
78,63,S2n_keV,20670.141999999993,20670.22,0.07800000000861473
78,63,S2p_keV,7002.966999999946,7003.09,0.12300000005416223
78,63,Qalpha_keV,1722.402999999933,1722.3,0.10299999993299025
77,64,Sn_keV,9513.22800000012,9513.27,0.04199999988122727
77,64,Sp_keV,3527.248000000138,3527.26,0.011999999862382538
77,64,S2p_keV,5421.886000000173,5421.95,0.0639999998265921
77,64,Qalpha_keV,2377.3539999998175,2377.39,0.036000000182411895
76,65,Sn_keV,12129.895000000251,12129.88,0.01500000025225745
76,65,Sp_keV,47.47500000009313,47.54,0.06499999990686689
76,65,S2p_keV,3720.6730000001844,3720.74,0.06699999981537985
76,65,Qalpha_keV,3180.185999999754,3180.14,0.04599999975425817
89,53,Sn_keV,2914.7430000002496,2914.64,0.10300000024972178
89,53,S2n_keV,7306.478000000119,7306.41,0.06800000011935481
89,53,Qalpha_keV,-2974.480000000214,-2974.5,0.019999999785795808
88,54,Sn_keV,5103.673999999883,5103.66,0.013999999882798875
88,54,Sp_keV,12592.043000000063,12591.95,0.09300000006260234
88,54,S2n_keV,8385.817999999737,8385.82,0.0020000002623419277
88,54,S2p_keV,23231.41799999983,23231.35,0.06799999983195448
88,54,Qalpha_keV,-1958.5740000000224,-1958.57,0.004000000022415406
87,55,Sn_keV,4108.337999999989,4108.34,0.00200000001132139
87,55,Sp_keV,9606.209999999963,9606.22,0.010000000036598067
87,55,S2n_keV,9607.033999999985,9607.08,0.0460000000148284
87,55,S2p_keV,21486.314000000013,21486.28,0.03400000001420267
87,55,Qalpha_keV,-959.6020000001881,-959.57,0.03200000018807714
86,56,Sn_keV,6180.884000000078,6180.95,0.065999999921587
86,56,Sp_keV,10653.685999999987,10653.71,0.0240000000121654
86,56,S2n_keV,10715.482000000076,10715.54,0.057999999924504664
86,56,S2p_keV,19433.701999999816,19433.75,0.04800000018440187
86,56,Qalpha_keV,-295.002000000095,-294.95,0.05200000009500627
85,57,Sn_keV,5163.9789999998175,5163.91,0.0689999998176063
85,57,Sp_keV,7580.5779999999795,7580.57,0.007999999979801942
85,57,S2n_keV,11850.99599999981,11850.99,0.0059999998102284735
85,57,S2p_keV,17552.075999999885,17552.06,0.01599999988320633
85,57,Qalpha_keV,437.6799999999348,437.79,0.11000000006521304
84,58,Sn_keV,7171.554000000004,7171.59,0.03599999999642023
84,58,Sp_keV,8890.48499999987,8890.52,0.03500000013082172
84,58,S2n_keV,12599.702000000048,12599.73,0.02799999995113467
84,58,S2p_keV,15841.68200000003,15841.78,0.09799999997085251
84,58,Qalpha_keV,1303.5379999999423,1303.53,0.007999999942285285
83,59,Sn_keV,5843.148000000045,5843.15,0.0019999999549327185
83,59,Sp_keV,5643.492000000086,5643.53,0.037999999914063665
83,59,S2n_keV,15241.959999999963,15242.02,0.06000000003768946
83,59,S2p_keV,14049.439999999944,14049.55,0.11000000005515176
83,59,Qalpha_keV,306.88999999989755,306.79,0.09999999989753405
82,60,Sn_keV,9828.645000000019,9828.67,0.024999999981446308
82,60,Sp_keV,7223.388000000035,7223.31,0.07800000003499008
82,60,S2n_keV,17833.76000000001,17833.7,0.06000000000858563
82,60,S2p_keV,12451.880000000121,12451.83,0.050000000121144694
82,60,Qalpha_keV,-803.974000000162,-803.97,0.004000000162022843
81,61,Sn_keV,8690.46399999992,8690.44,0.02399999991939694
81,61,Sp_keV,4238.3889999999665,4238.38,0.008999999966363248
81,61,S2n_keV,19071.023999999976,19070.97,0.05399999997462146
81,61,S2p_keV,11031.943999999901,11031.9,0.043999999901643605
81,61,Qalpha_keV,-433.15400000009686,-433.04,0.11400000009683708
80,62,Sn_keV,11123.878999999957,11123.88,0.001000000042040483
80,62,Sp_keV,5752.4839999999385,5752.52,0.03600000006190385
80,62,S2n_keV,19673.22399999993,19673.17,0.053999999930965714
80,62,S2p_keV,9305.523999999976,9305.5,0.023999999975785613
80,62,Qalpha_keV,606.9120000000112,606.92,0.007999999988783202
79,63,Sn_keV,9459.189999999944,9459.16,0.029999999944266165
79,63,Sp_keV,2668.488999999827,2668.53,0.04100000017342609
79,63,S2n_keV,20470.153999999864,20470.17,0.016000000134226866
79,63,S2p_keV,7677.653999999864,7677.7,0.0460000001357912
79,63,Qalpha_keV,1202.0979999999981,1202.1,0.0020000000017716957
78,64,Sn_keV,11806.623999999836,11806.61,0.01399999983550515
78,64,Sp_keV,4322.908000000054,4322.86,0.04800000005434413
78,64,S2n_keV,21319.851999999955,21319.88,0.028000000045722118
78,64,S2p_keV,6081.551999999909,6081.52,0.03199999990829383
78,64,Qalpha_keV,2113.371999999974,2113.33,0.04199999997399573
77,65,Sn_keV,10090.018999999855,10090.0,0.01899999985471368
77,65,Sp_keV,624.2659999998286,624.26,0.005999999828645741
77,65,S2n_keV,22219.914000000106,22219.88,0.03400000010515214
77,65,S2p_keV,4151.5139999999665,4151.52,0.00600000003396417
77,65,Qalpha_keV,2765.226000000024,2765.24,0.013999999975567334
89,54,Sn_keV,3044.55700000003,3044.55,0.0070000000296204234
89,54,Sp_keV,12721.856999999844,12721.86,0.003000000157044269
89,54,S2n_keV,8148.2309999999125,8148.21,0.020999999912419298
89,54,Qalpha_keV,-2422.726000000024,-2422.72,0.006000000024414476
88,55,Sn_keV,5232.276000000071,5232.28,0.003999999928964826
88,55,Sp_keV,9734.81200000015,9734.84,0.027999999849271262
88,55,S2n_keV,9340.61400000006,9340.62,0.0059999999411957106
88,55,S2p_keV,22326.855000000214,22326.79,0.06500000021333108
88,55,Qalpha_keV,-1629.499000000069,-1629.47,0.029000000068890586
87,56,Sn_keV,4166.258999999845,4166.25,0.008999999845400453
87,56,Sp_keV,10711.606999999844,10711.62,0.013000000157262548
87,56,S2n_keV,10347.142999999924,10347.2,0.05700000007709605
87,56,S2p_keV,20317.816999999806,20317.84,0.023000000193860615
87,56,Qalpha_keV,-717.4709999999031,-717.54,0.06900000009682117
86,57,Sn_keV,6218.585000000196,6218.61,0.02499999980409484
86,57,Sp_keV,7618.279000000097,7618.22,0.05900000009660289
86,57,S2n_keV,11382.564000000013,11382.51,0.05400000001282024
86,57,S2p_keV,18271.965000000084,18271.93,0.03500000008352799
86,57,Qalpha_keV,104.48099999991246,104.49,0.009000000087539206
85,58,Sn_keV,5144.871999999974,5144.8,0.07199999997374107
85,58,Sp_keV,8871.378000000026,8871.41,0.03199999997377745
85,58,S2n_keV,12316.425999999978,12316.39,0.035999999978230335
85,58,S2p_keV,16451.956000000006,16451.99,0.033999999996012775
85,58,Qalpha_keV,882.0689999999013,882.16,0.09100000009868836
84,59,Sn_keV,7352.183999999892,7352.09,0.09399999989182106
84,59,Sp_keV,5824.121999999974,5824.03,0.09199999997417763
84,59,S2n_keV,13195.331999999937,13195.24,0.09199999993688834
84,59,S2p_keV,14714.606999999844,14714.55,0.0569999998442654
84,59,Qalpha_keV,1732.930999999866,1733.05,0.11900000013406498
83,60,Sn_keV,6123.523999999976,6123.57,0.04600000002392335
83,60,Sp_keV,7503.7639999999665,7503.73,0.033999999966908945
83,60,S2n_keV,15952.168999999994,15952.24,0.07100000000536966
83,60,S2p_keV,13147.256000000052,13147.26,0.0039999999480642145
83,60,Qalpha_keV,520.780999999959,520.71,0.07099999995898543
82,61,Sn_keV,9889.815000000177,9889.92,0.10499999982312147
82,61,Sp_keV,4299.559000000125,4299.64,0.0809999998755302
82,61,S2n_keV,18580.279000000097,18580.36,0.08099999990372453
82,61,S2p_keV,11522.94700000016,11522.95,0.002999999840540113
82,61,Qalpha_keV,-566.7480000001378,-566.77,0.02199999986214607
81,62,Sn_keV,8602.002000000095,8602.0,0.0020000000949949026
81,62,Sp_keV,5664.022000000114,5664.08,0.057999999886305886
81,62,S2n_keV,19725.881000000052,19725.88,0.0010000000511354301
81,62,S2p_keV,9902.41100000008,9902.46,0.048999999919033144
81,62,Qalpha_keV,71.87199999974109,71.87,0.001999999741087777
80,63,Sn_keV,10999.196999999927,10999.15,0.04699999992772064
80,63,Sp_keV,2543.806999999797,2543.8,0.00699999979678978
80,63,S2n_keV,20458.38699999987,20458.31,0.07699999987016781
80,63,S2p_keV,8296.290999999736,8296.32,0.029000000264204573
80,63,Qalpha_keV,834.3060000000987,834.27,0.03600000009873838
79,64,Sn_keV,9343.121999999974,9343.1,0.02199999997355917
79,64,Sp_keV,4206.840000000084,4206.8,0.04000000008363713
79,64,S2n_keV,21149.74599999981,21149.71,0.03599999981088331
79,64,S2p_keV,6875.328999999911,6875.33,0.0010000000893342076
79,64,Qalpha_keV,1724.027999999933,1724.0,0.027999999932944775
78,65,Sn_keV,11931.037000000011,11930.99,0.04700000001139415
78,65,Sp_keV,748.6790000000037,748.64,0.03900000000373893
78,65,S2n_keV,22021.055999999866,22020.98,0.0759999998663261
78,65,S2p_keV,5071.587000000058,5071.5,0.087000000057742
78,65,Qalpha_keV,2553.930999999866,2553.94,0.00900000013416502
77,66,Sp_keV,2898.442000000039,2898.4,0.0420000000390246
77,66,S2p_keV,3522.7079999998678,3522.66,0.047999999867897714
90,54,Sn_keV,4740.741000000155,4740.74,0.0010000001548178261
90,54,S2n_keV,7785.298000000184,7785.29,0.00800000018443825
90,54,Qalpha_keV,-2721.0560000000987,-2720.98,0.076000000098702
89,55,Sn_keV,3667.2059999997728,3667.16,0.04599999977290281
89,55,Sp_keV,10357.460999999894,10357.45,0.01099999989310163
89,55,S2n_keV,8899.481999999844,8899.44,0.04199999984302849
89,55,S2p_keV,23079.317999999737,23079.31,0.007999999736057362
89,55,Qalpha_keV,-2090.1359999999404,-2090.06,0.07599999994044992
88,56,Sn_keV,5901.235000000102,5901.24,0.004999999897336238
88,56,Sp_keV,11380.565999999875,11380.58,0.014000000124724465
88,56,S2n_keV,10067.493999999948,10067.49,0.0039999999480642145
88,56,S2p_keV,21115.378000000026,21115.42,0.04199999997217674
88,56,Qalpha_keV,-1205.5359999998473,-1205.59,0.05400000015265505
87,57,Sn_keV,4749.470999999903,4749.45,0.02099999990332435
87,57,Sp_keV,8201.491000000155,8201.43,0.06100000015430851
87,57,S2n_keV,10968.056000000099,10968.06,0.00399999990077049
87,57,S2p_keV,18913.097999999998,18913.04,0.05799999999726424
87,57,Qalpha_keV,-224.47200000006706,-224.46,0.012000000067047267
86,58,Sn_keV,6896.4860000000335,6896.52,0.033999999966908945
86,58,Sp_keV,9549.278999999864,9549.33,0.051000000135900336
86,58,S2n_keV,12041.358000000007,12041.32,0.03800000000774162
86,58,S2p_keV,17167.55799999996,17167.55,0.007999999961612048
86,58,Qalpha_keV,412.6199999998789,412.57,0.049999999878934887
85,59,Sn_keV,5753.556000000332,5753.59,0.03399999966859468
85,59,Sp_keV,6432.806000000332,6432.82,0.013999999668158125
85,59,S2n_keV,13105.740000000224,13105.68,0.06000000022322638
85,59,S2p_keV,15304.184000000358,15304.23,0.045999999641935574
85,59,Qalpha_keV,1140.4799999997485,1140.44,0.039999999748488335
84,60,Sn_keV,7816.984000000171,7817.04,0.055999999828600266
84,60,Sp_keV,7968.564000000246,7968.68,0.11599999975442188
84,60,S2n_keV,13940.508000000147,13940.61,0.10199999985343311
84,60,S2p_keV,13792.68600000022,13792.71,0.023999999779334757
84,60,Qalpha_keV,1903.271999999648,1903.22,0.05199999964793278
83,61,Sn_keV,6526.804999999935,6526.76,0.04499999993458914
83,61,Sp_keV,4702.840000000084,4702.83,0.010000000083891791
83,61,S2n_keV,16416.62000000011,16416.68,0.05999999988853233
83,61,S2p_keV,12206.60400000005,12206.56,0.044000000050800736
83,61,Qalpha_keV,847.0959999999031,847.08,0.015999999903101525
82,62,Sn_keV,10519.75,10519.7,0.049999999999272404
82,62,Sp_keV,6293.956999999937,6293.86,0.09699999993699748
82,62,S2n_keV,19121.752000000095,19121.7,0.05200000009426731
82,62,S2p_keV,10593.516000000061,10593.5,0.01600000006146729
82,62,Qalpha_keV,-131.6160000001546,-131.54,0.0760000001546075
81,63,Sn_keV,9449.081000000238,9449.15,0.06899999976121762
81,63,Sp_keV,3390.8859999999404,3390.95,0.06400000005942275
81,63,S2n_keV,20448.278000000166,20448.3,0.021999999833496986
81,63,S2p_keV,9054.908000000054,9055.03,0.12199999994663813
81,63,Qalpha_keV,169.72799999988638,169.66,0.06799999988638206
80,64,Sn_keV,11599.454000000143,11599.52,0.06599999985701288
80,64,Sp_keV,4807.0970000003,4807.17,0.07299999970018689
80,64,S2n_keV,20942.576000000117,20942.62,0.04399999988163472
80,64,S2p_keV,7350.904000000097,7350.98,0.0759999999027059
80,64,Qalpha_keV,1271.53199999989,1271.52,0.011999999890122126
79,65,Sn_keV,10020.29700000002,10020.31,0.012999999979001586
79,65,Sp_keV,1425.8540000000503,1425.85,0.0040000000503823685
79,65,S2n_keV,21951.33400000003,21951.3,0.03400000003239256
79,65,S2p_keV,5632.694000000134,5632.65,0.04400000013447425
79,65,Qalpha_keV,2192.811999999918,2192.84,0.028000000082101906
78,66,Sn_keV,12472.380000000121,12472.46,0.07999999987805495
78,66,Sp_keV,3439.785000000149,3439.87,0.08499999985087925
78,66,S2p_keV,4188.464000000153,4188.51,0.045999999847481376
78,66,Qalpha_keV,2787.343999999808,2787.27,0.07399999980816574
77,67,Sp_keV,-270.4680000001099,-270.46,0.008000000109916527
77,67,S2p_keV,2627.973999999929,2627.94,0.033999999929164915
77,67,Qalpha_keV,3447.771999999881,3447.84,0.06800000011935481
91,54,Sn_keV,2692.3189999999013,2692.35,0.031000000098629243
91,54,S2n_keV,7433.060000000056,7433.09,0.029999999944266165
90,55,Sn_keV,4854.2690000000875,4854.38,0.11099999991256482
90,55,Sp_keV,10470.988999999827,10471.09,0.10100000017337152
90,55,S2n_keV,8521.47499999986,8521.54,0.0650000001405715
90,55,Qalpha_keV,-2552.6700000001583,-2552.67,1.5825207810848951e-10
89,56,Sn_keV,3820.3340000002645,3820.37,0.03599999973539525
89,56,Sp_keV,11533.694000000367,11533.79,0.09599999963393202
89,56,S2n_keV,9721.569000000367,9721.61,0.04099999963364098
89,56,S2p_keV,21891.15500000026,21891.24,0.08499999974083039
89,56,Qalpha_keV,-1743.726000000257,-1743.79,0.06399999974291859
88,57,Sn_keV,6056.983000000007,6056.98,0.003000000007887138
88,57,Sp_keV,8357.23900000006,8357.17,0.06900000005953189
88,57,S2n_keV,10806.45399999991,10806.44,0.013999999910083716
88,57,S2p_keV,19737.804999999935,19737.75,0.05499999993480742
88,57,Qalpha_keV,-782.7590000000782,-782.71,0.049000000078194716
87,58,Sn_keV,4706.435000000056,4706.47,0.034999999944375304
87,58,Sp_keV,9506.243000000017,9506.34,0.09699999998338171
87,58,S2n_keV,11602.92100000009,11602.98,0.058999999910156475
87,58,S2p_keV,17707.73400000017,17707.77,0.035999999829073204
87,58,Qalpha_keV,240.7829999998212,240.69,0.09299999982118834
86,59,Sn_keV,6946.654999999795,6946.74,0.08500000020467269
86,59,Sp_keV,6482.975000000093,6483.04,0.06499999990683136
86,59,S2n_keV,12700.211000000127,12700.33,0.11899999987326737
86,59,S2p_keV,16032.253999999957,16032.37,0.1160000000436412
86,59,Qalpha_keV,880.841999999946,880.78,0.061999999946010576
85,60,Sn_keV,5755.346999999834,5755.31,0.036999999833824404
85,60,Sp_keV,7970.3549999997485,7970.41,0.055000000251311576
85,60,S2n_keV,13572.331000000006,13572.35,0.018999999994775862
85,60,S2p_keV,14403.16100000008,14403.22,0.05899999991925142
85,60,Qalpha_keV,1576.0729999998584,1576.05,0.022999999858484443
84,61,Sn_keV,7922.640999999829,7922.7,0.059000000171181455
84,61,Sp_keV,4808.496999999741,4808.49,0.006999999741310603
84,61,S2n_keV,14449.445999999763,14449.46,0.014000000235682819
84,61,S2p_keV,12777.060999999987,12777.17,0.10900000001311128
84,61,Qalpha_keV,2323.2669999999925,2323.25,0.01699999999254942
83,62,Sn_keV,6757.1089999999385,6757.1,0.008999999938168912
83,62,Sp_keV,6524.26099999994,6524.2,0.060999999940577254
83,62,S2n_keV,17276.85899999994,17276.8,0.058999999939260306
83,62,S2p_keV,11227.101000000024,11227.02,0.08100000002377783
83,62,Qalpha_keV,1116.3899999998976,1116.4,0.010000000102536433
82,63,Sn_keV,10443.81799999997,10443.69,0.12799999996968836
82,63,Sp_keV,3314.9539999999106,3314.94,0.013999999910538463
82,63,S2n_keV,19892.89900000021,19892.84,0.05900000020847074
82,63,S2p_keV,9608.910999999847,9608.8,0.1109999998479907
82,63,Qalpha_keV,106.46999999997206,106.5,0.030000000027939677
81,64,Sn_keV,9238.241999999853,9238.13,0.11199999985365139
81,64,Sp_keV,4596.257999999914,4596.16,0.09799999991446384
81,64,S2n_keV,20837.695999999996,20837.65,0.04599999999481952
81,64,S2p_keV,7987.143999999855,7987.11,0.033999999855041096
81,64,Qalpha_keV,582.6350000000093,582.67,0.03499999999064585
80,65,Sn_keV,12091.516999999993,12091.55,0.033000000006722985
80,65,Sp_keV,1917.9169999998994,1917.88,0.03699999989930802
80,65,S2n_keV,22111.814000000013,22111.86,0.04599999998754356
80,65,S2p_keV,6725.014000000199,6725.05,0.03599999980087887
80,65,Qalpha_keV,1112.2589999998454,1112.3,0.04100000015455407
79,66,Sn_keV,9743.943999999901,9743.83,0.11399999990135257
79,66,Sp_keV,3163.43200000003,3163.39,0.04200000002992965
79,66,S2n_keV,22216.324000000022,22216.29,0.03400000002147863
79,66,S2p_keV,4589.28600000008,4589.24,0.04600000008031202
79,66,Qalpha_keV,2556.628000000026,2556.71,0.08199999997395935
78,67,Sn_keV,12581.842000000179,12581.91,0.06799999982104055
78,67,Sp_keV,-161.00600000005215,-161.01,0.003999999947836841
78,67,S2p_keV,3278.779000000097,3278.86,0.08099999990326978
78,67,Qalpha_keV,2995.8249999999534,2995.82,0.004999999953270162
92,54,Sn_keV,4532.975000000093,4532.93,0.04500000009284122
92,54,S2n_keV,7225.293999999994,7225.28,0.013999999994666723
91,55,Sn_keV,3327.371000000043,3327.27,0.10100000004285903
91,55,Sp_keV,11106.040999999968,11106.01,0.030999999968116754
91,55,S2n_keV,8181.64000000013,8181.65,0.009999999869251042
91,55,Qalpha_keV,-2965.2979999999516,-2965.3,0.002000000048610673
90,56,Sn_keV,5502.2619999998715,5502.23,0.03199999987191404
90,56,Sp_keV,12181.68700000015,12181.64,0.047000000151456334
90,56,S2n_keV,9322.596000000136,9322.6,0.003999999864390702
90,56,S2p_keV,22652.675999999978,22652.73,0.054000000021915184
90,56,Qalpha_keV,-2142.314000000246,-2142.36,0.04599999975425817
89,57,Sn_keV,4286.273000000045,4286.28,0.006999999955041858
89,57,Sp_keV,8823.17799999984,8823.08,0.09799999983988528
89,57,S2n_keV,10343.256000000052,10343.27,0.013999999948282493
89,57,S2p_keV,20356.872000000207,20356.87,0.0020000002077722456
89,57,Qalpha_keV,-960.6940000001341,-960.65,0.04400000013413319
88,58,Sn_keV,6639.783000000054,6639.68,0.10300000005372567
88,58,Sp_keV,10089.043000000063,10089.04,0.00300000006245682
88,58,S2n_keV,11346.21800000011,11346.15,0.06800000011025986
88,58,S2p_keV,18446.282000000123,18446.21,0.0720000001238077
88,58,Qalpha_keV,-218.1160000001546,-218.04,0.0760000001546075
87,59,Sn_keV,5126.4809999999125,5126.38,0.10099999991234654
87,59,Sp_keV,6903.02099999995,6902.95,0.07099999994989048
87,59,S2n_keV,12073.135999999708,12073.12,0.015999999706764356
87,59,S2p_keV,16409.263999999966,16409.3,0.03600000003280002
87,59,Qalpha_keV,918.339999999851,918.31,0.029999999851042958
86,60,Sn_keV,7565.317000000039,7565.23,0.0870000000395521
86,60,Sp_keV,8589.016999999993,8588.9,0.11699999999291322
86,60,S2n_keV,13320.663999999873,13320.54,0.12399999987246701
86,60,S2p_keV,15071.992000000086,15071.94,0.05200000008517236
86,60,Qalpha_keV,1182.309999999823,1182.41,0.10000000017703314
85,61,Sn_keV,6258.219000000274,6258.15,0.06900000027417263
85,61,Sp_keV,5311.369000000181,5311.33,0.03900000018074934
85,61,S2n_keV,14180.860000000102,14180.85,0.010000000102081685
85,61,S2p_keV,13281.72399999993,13281.73,0.006000000070343958
85,61,Qalpha_keV,1908.1959999997634,1908.25,0.054000000236555934
84,62,Sn_keV,8416.236999999965,8416.31,0.07300000003488094
84,62,Sp_keV,7017.857000000076,7017.81,0.04700000007596827
84,62,S2n_keV,15173.345999999903,15173.41,0.06400000009671203
84,62,S2p_keV,11826.353999999817,11826.29,0.06399999981658766
84,62,Qalpha_keV,2528.7979999999516,2528.76,0.03799999995135295
83,63,Sn_keV,7197.342000000179,7197.35,0.007999999821549864
83,63,Sp_keV,3755.187000000151,3755.19,0.0029999998491803126
83,63,S2n_keV,17641.16000000015,17641.04,0.1200000001481385
83,63,S2p_keV,10279.448000000091,10279.39,0.05800000009185169
83,63,Qalpha_keV,1599.5919999997132,1599.59,0.0019999997132345015
82,64,Sn_keV,11230.706000000006,11230.78,0.0739999999950669
82,64,Sp_keV,5383.14599999995,5383.25,0.10400000005029142
82,64,S2n_keV,20468.94799999986,20468.91,0.03799999985858449
82,64,S2p_keV,8698.09999999986,8698.19,0.0900000001402077
82,64,Qalpha_keV,475.8079999999609,475.77,0.03799999996090264
81,65,Sn_keV,9446.470999999903,9446.52,0.049000000097294105
81,65,Sp_keV,2126.1459999999497,2126.26,0.1140000000505097
81,65,S2n_keV,21537.987999999896,21538.06,0.0720000001056178
81,65,S2p_keV,6722.403999999864,6722.42,0.016000000136045855
81,65,Qalpha_keV,1124.9779999998864,1124.94,0.037999999886324076
80,66,Sn_keV,12383.591999999946,12383.64,0.04800000005343463
80,66,Sp_keV,3455.5069999999832,3455.48,0.026999999983218004
80,66,S2n_keV,22127.535999999847,22127.47,0.06599999984609894
80,66,S2p_keV,5373.423999999883,5373.36,0.06399999988298077
80,66,Qalpha_keV,1979.6599999999162,1979.68,0.020000000083882696
79,67,Sn_keV,10189.52199999988,10189.43,0.09199999988049967
79,67,Sp_keV,284.57199999992736,284.59,0.01800000007261815
79,67,S2n_keV,22771.36400000006,22771.34,0.024000000059459126
79,67,S2p_keV,3448.003999999957,3447.98,0.02399999995714097
79,67,Qalpha_keV,2896.3219999999274,2896.38,0.0580000000727523
78,68,Sp_keV,2490.9419999998063,2490.88,0.061999999806175765
78,68,S2p_keV,2329.935999999754,2329.87,0.06599999975423998
92,55,Sn_keV,4680.944000000134,4681.01,0.06599999986610783
92,55,Sp_keV,11254.01000000001,11254.09,0.0799999999908323
92,55,S2n_keV,8008.315000000177,8008.28,0.03500000017720595
91,56,Sn_keV,3388.307999999961,3388.26,0.04799999996066617
91,56,Sp_keV,12242.624000000069,12242.63,0.005999999930281774
91,56,S2n_keV,8890.569999999832,8890.49,0.07999999983258022
91,56,S2p_keV,23348.665000000037,23348.64,0.02500000003783498
91,56,Qalpha_keV,-2486.065000000177,-2486.07,0.00499999982321242
90,57,Sn_keV,5699.402999999933,5699.42,0.017000000067127985
90,57,Sp_keV,9020.318999999901,9020.27,0.04899999990084325
90,57,S2n_keV,9985.675999999978,9985.71,0.03400000002147863
90,57,S2p_keV,21202.006000000052,21201.92,0.0860000000539003
90,57,Qalpha_keV,-1427.8209999999963,-1427.8,0.020999999996320184
89,58,Sn_keV,4449.810999999987,4449.82,0.009000000012747478
89,58,Sp_keV,10252.581000000006,10252.58,0.001000000005660695
89,58,S2n_keV,11089.594000000041,11089.5,0.0940000000409782
89,58,S2p_keV,19075.758999999845,19075.66,0.09899999984554597
89,58,Qalpha_keV,-501.66800000029616,-501.61,0.058000000296146936
88,59,Sn_keV,6834.337000000058,6834.38,0.04299999994236714
88,59,Sp_keV,7097.574999999953,7097.65,0.07500000004620233
88,59,S2n_keV,11960.81799999997,11960.76,0.0579999999699794
88,59,S2p_keV,17186.618000000017,17186.69,0.07199999998192652
88,59,Qalpha_keV,302.5879999999888,302.53,0.057999999988851414
87,60,Sn_keV,5292.208999999799,5292.2,0.008999999799016223
87,60,Sp_keV,8754.744999999879,8754.71,0.03499999987980118
87,60,S2n_keV,12857.525999999838,12857.43,0.09599999983765883
87,60,S2p_keV,15657.765999999829,15657.67,0.09599999982856389
87,60,Qalpha_keV,1034.9729999999981,1035.01,0.03700000000185355
86,61,Sn_keV,7659.199999999721,7659.27,0.07000000027983333
86,61,Sp_keV,5405.251999999862,5405.36,0.10800000013750832
86,61,S2n_keV,13917.418999999994,13917.42,0.001000000005660695
86,61,S2p_keV,13994.268999999855,13994.26,0.0089999998544954
86,61,Qalpha_keV,1601.1799999999348,1601.07,0.10999999993487108
85,62,Sn_keV,6341.403000000166,6341.36,0.043000000166102836
85,62,Sp_keV,7101.040999999968,7101.02,0.020999999967898475
85,62,S2n_keV,14757.64000000013,14757.67,0.0299999998696876
85,62,S2p_keV,12412.410000000149,12412.34,0.07000000014886609
85,62,Qalpha_keV,2310.9189999997616,2310.96,0.04100000023845496
84,63,Sn_keV,8498.454999999842,8498.53,0.07500000015897967
84,63,Sp_keV,3837.405000000028,3837.42,0.014999999972133082
84,63,S2n_keV,15695.79700000002,15695.88,0.08299999997871055
84,63,S2p_keV,10855.262000000104,10855.22,0.042000000104962965
84,63,Qalpha_keV,2990.9520000000484,2990.98,0.027999999951589416
83,64,Sn_keV,7342.5160000000615,7342.48,0.03600000006190385
83,64,Sp_keV,5528.319999999832,5528.37,0.050000000167528924
83,64,S2n_keV,18573.222000000067,18573.26,0.037999999931344064
83,64,S2p_keV,9283.506999999983,9283.57,0.06300000001647277
83,64,Qalpha_keV,1735.2939999999944,1735.29,0.003999999994448444
82,65,Sn_keV,11050.412000000011,11050.37,0.042000000010375516
82,65,Sp_keV,1945.8519999999553,1945.85,0.001999999955387466
82,65,S2n_keV,20496.882999999914,20496.89,0.0070000000850996
82,65,S2p_keV,7328.997999999905,7329.1,0.1020000000953587
82,65,Qalpha_keV,1073.7629999998026,1073.72,0.04299999980253233
81,66,Sn_keV,9712.397000000114,9712.44,0.04299999988688796
81,66,Sp_keV,3721.4330000001937,3721.4,0.033000000193624146
81,66,S2n_keV,22095.98900000006,22096.07,0.08099999994010432
81,66,S2p_keV,5847.579000000143,5847.66,0.0809999998564308
81,66,Qalpha_keV,1610.3849999997765,1610.35,0.03499999977657353
80,67,Sn_keV,12590.107000000076,12590.19,0.08299999992414087
80,67,Sp_keV,491.08700000005774,491.14,0.05299999994224436
80,67,S2n_keV,22779.628999999957,22779.62,0.008999999958177796
80,67,S2p_keV,3946.594000000041,3946.62,0.025999999958912667
80,67,Qalpha_keV,2237.251999999862,2237.18,0.07199999986232797
79,68,Sn_keV,10357.073000000091,10357.11,0.036999999909312464
79,68,Sp_keV,2658.4930000000168,2658.56,0.06699999998318162
79,68,S2p_keV,2943.064999999944,2943.15,0.0850000000559703
79,68,Qalpha_keV,3136.2709999999497,3136.22,0.05099999994990867
78,69,Sp_keV,-1058.652999999933,-1058.64,0.01299999993284473
78,69,S2p_keV,1432.2889999998733,1432.24,0.048999999873331035
93,55,Sn_keV,3062.2079999998678,3062.19,0.017999999867697625
93,55,S2n_keV,7743.152000000002,7743.2,0.047999999997955456
92,56,Sn_keV,5400.987999999896,5401.02,0.032000000104744686
92,56,Sp_keV,12962.66799999983,12962.64,0.027999999831081368
92,56,S2n_keV,8789.295999999857,8789.28,0.015999999855921487
92,56,S2p_keV,24216.67799999984,24216.73,0.052000000159750925
92,56,Qalpha_keV,-3146.311999999918,-3146.36,0.048000000082083716
91,57,Sn_keV,4101.677000000142,4101.66,0.01700000014170655
91,57,Sp_keV,9733.688000000082,9733.68,0.008000000081665348
91,57,S2n_keV,9801.080000000075,9801.09,0.009999999925639713
91,57,S2p_keV,21976.31200000015,21976.3,0.012000000151601853
91,57,Qalpha_keV,-1862.292000000365,-1862.3,0.007999999634876076
90,58,Sn_keV,6455.80700000003,6455.83,0.022999999970124918
90,58,Sp_keV,11008.985000000102,11008.99,0.004999999897336238
90,58,S2n_keV,10905.618000000017,10905.65,0.031999999982872396
90,58,S2p_keV,20029.304000000004,20029.26,0.044000000005326
90,58,Qalpha_keV,-1056.2400000002235,-1056.2,0.04000000022347194
89,59,Sn_keV,5162.687000000151,5162.67,0.017000000150801498
89,59,Sp_keV,7810.451000000117,7810.5,0.048999999882653356
89,59,S2n_keV,11997.024000000209,11997.05,0.025999999790656148
89,59,S2p_keV,18063.032000000123,18063.08,0.04799999987881165
89,59,Qalpha_keV,-110.62800000025891,-110.69,0.06199999974109005
88,60,Sn_keV,7332.555000000168,7332.56,0.004999999832762114
88,60,Sp_keV,9252.962999999989,9252.9,0.06299999998918793
88,60,S2n_keV,12624.763999999966,12624.76,0.003999999966254109
88,60,S2p_keV,16350.537999999942,16350.55,0.012000000057014404
88,60,Qalpha_keV,598.903999999864,598.96,0.056000000136009476
87,61,Sn_keV,5894.764000000199,5894.77,0.0059999998011335265
87,61,Sp_keV,6007.807000000263,6007.94,0.13299999973696686
87,61,S2n_keV,13553.96399999992,13554.04,0.07600000008096686
87,61,S2p_keV,14762.552000000142,14762.65,0.09799999985807517
87,61,Qalpha_keV,1459.972000000067,1459.89,0.08200000006695518
86,62,Sn_keV,8141.158999999752,8141.23,0.07100000024729525
86,62,Sp_keV,7583.0,7582.97,0.02999999999974534
86,62,S2n_keV,14482.561999999918,14482.59,0.028000000082101906
86,62,S2p_keV,12988.251999999862,12988.34,0.08800000013798126
86,62,Qalpha_keV,1986.7440000001807,1986.78,0.035999999819296136
85,63,Sn_keV,6825.868999999948,6825.89,0.021000000052481482
85,63,Sp_keV,4321.87099999981,4321.95,0.0790000001898079
85,63,S2n_keV,15324.32399999979,15324.42,0.09600000021055166
85,63,S2p_keV,11422.911999999778,11422.96,0.04800000022078166
85,63,Qalpha_keV,2691.8880000000354,2691.85,0.03800000003548121
84,64,Sn_keV,8983.631999999983,8983.7,0.0680000000174914
84,64,Sp_keV,6013.496999999974,6013.54,0.04300000002604065
84,64,S2n_keV,16326.148000000045,16326.18,0.031999999955587555
84,64,S2p_keV,9850.902000000002,9850.96,0.05799999999726424
84,64,Qalpha_keV,3271.412000000011,3271.29,0.12200000001121225
83,65,Sn_keV,7865.780000000028,7865.73,0.050000000028376235
83,65,Sp_keV,2469.1159999999218,2469.11,0.0059999999216415745
83,65,S2n_keV,18916.19200000004,18916.11,0.08200000003853347
83,65,S2p_keV,7997.435999999754,7997.48,0.0440000002454326
83,65,Qalpha_keV,2657.064000000013,2657.14,0.07599999998683415
82,66,Sn_keV,11734.814999999944,11734.83,0.015000000055806595
82,66,Sp_keV,4405.836000000127,4405.86,0.023999999873012712
82,66,S2n_keV,21447.212000000058,21447.27,0.05799999994269456
82,66,S2p_keV,6351.688000000082,6351.71,0.021999999918079993
82,66,Qalpha_keV,1475.0239999999758,1475.04,0.016000000024178007
81,67,Sn_keV,10305.45299999998,10305.38,0.07299999998031126
81,67,Sp_keV,1084.1429999999236,1084.09,0.0529999999237134
81,67,S2n_keV,22895.560000000056,22895.57,0.009999999943829607
81,67,S2p_keV,4805.576000000117,4805.49,0.08600000011756492
81,67,Qalpha_keV,1952.0959999999031,1952.11,0.014000000096757503
80,68,Sn_keV,12942.591000000015,12942.5,0.09100000001490116
80,68,Sp_keV,3010.9769999999553,3010.87,0.10699999995540566
80,68,S2n_keV,23299.664000000106,23299.61,0.0540000001055887
80,68,S2p_keV,3502.064000000013,3502.01,0.05400000001282024
80,68,Qalpha_keV,2666.060000000056,2666.18,0.11999999994395694
79,69,Sn_keV,10861.90100000007,10861.94,0.0389999999297288
79,69,Sp_keV,-553.8249999999534,-553.81,0.014999999953488441
79,69,S2p_keV,2104.6680000000633,2104.75,0.08199999993667006
79,69,Qalpha_keV,3419.6279999997932,3419.57,0.05799999979308268
93,56,Sn_keV,3597.8889999999665,3597.89,0.0010000000334002834
93,56,Sp_keV,13498.34899999993,13498.34,0.008999999929073965
93,56,S2n_keV,8998.876999999862,8998.91,0.03300000013769022
93,56,Qalpha_keV,-4051.8819999999832,-4051.9,0.018000000016854756
92,57,Sn_keV,5582.490999999922,5582.5,0.009000000078231096
92,57,Sp_keV,9915.191000000108,9915.15,0.04100000010839722
92,57,S2n_keV,9684.168000000063,9684.16,0.008000000063475454
92,57,S2p_keV,22877.85899999994,22877.79,0.0689999999376596
92,57,Qalpha_keV,-2590.5140000001993,-2590.41,0.10400000019944855
91,58,Sn_keV,4342.844999999739,4342.82,0.024999999739520717
91,58,Sp_keV,11250.1529999997,11250.15,0.002999999700477929
91,58,S2n_keV,10798.651999999769,10798.66,0.00800000023082248
91,58,S2p_keV,20983.840999999782,20983.83,0.010999999780324288
91,58,Qalpha_keV,-1578.7509999996983,-1578.65,0.10099999969816054
90,59,Sn_keV,6575.2269999997225,6575.26,0.033000000277752406
90,59,Sp_keV,7929.87099999981,7929.93,0.059000000190280844
90,59,S2n_keV,11737.913999999873,11737.93,0.01600000012695091
90,59,S2p_keV,18938.855999999912,18938.92,0.06400000008579809
90,59,Qalpha_keV,-628.8719999999739,-628.96,0.08800000002611341
89,60,Sn_keV,5038.661999999778,5038.79,0.1280000002216184
89,60,Sp_keV,9128.937999999616,9129.01,0.07200000038392318
89,60,S2n_keV,12371.216999999946,12371.35,0.1330000000543805
89,60,S2p_keV,16939.388999999734,16939.52,0.1310000002667948
89,60,Qalpha_keV,266.67700000014156,266.64,0.037000000141574674
88,61,Sn_keV,7269.925999999978,7269.86,0.06599999997797568
88,61,Sp_keV,5945.178000000073,5945.23,0.05199999992692028
88,61,S2n_keV,13164.690000000177,13164.63,0.060000000177751645
88,61,S2p_keV,15198.141000000061,15198.13,0.011000000062267645
88,61,Qalpha_keV,1136.7009999998845,1136.77,0.06900000011546581
87,62,Sn_keV,5870.750000000233,5870.79,0.03999999976713298
87,62,Sp_keV,7558.9860000000335,7558.99,0.003999999966254109
87,62,S2n_keV,14011.908999999985,14012.02,0.11100000001533772
87,62,S2p_keV,13566.793000000296,13566.93,0.13699999970413046
87,62,Qalpha_keV,1871.340999999782,1871.3,0.04099999978211599
86,63,Sn_keV,8213.15000000014,8213.1,0.05000000013933459
86,63,Sp_keV,4393.862000000197,4393.82,0.042000000197731424
86,63,S2n_keV,15039.019000000088,15038.99,0.0290000000877626
86,63,S2p_keV,11976.862000000197,11976.79,0.07200000019656727
86,63,Qalpha_keV,2401.3789999997243,2401.45,0.07100000027548958
85,64,Sn_keV,6929.092000000179,6929.0,0.09200000017881393
85,64,Sp_keV,6116.720000000205,6116.65,0.07000000020525476
85,64,S2n_keV,15912.724000000162,15912.7,0.024000000161322532
85,64,S2p_keV,10438.591000000015,10438.6,0.008999999985462637
85,64,Qalpha_keV,3099.428999999771,3099.39,0.038999999771021976
84,65,Sn_keV,9022.927000000142,9022.9,0.02700000014192483
84,65,Sp_keV,2508.41100000008,2508.31,0.10100000008014831
84,65,S2n_keV,16888.70700000017,16888.64,0.06700000017008279
84,65,S2p_keV,8521.908000000054,8521.85,0.05800000005365291
84,65,Qalpha_keV,4077.9549999998417,4077.92,0.0349999998416024
83,66,Sn_keV,7907.677000000142,7907.68,0.002999999858730007
83,66,Sp_keV,4447.73300000024,4447.8,0.06699999975990067
83,66,S2n_keV,19642.492000000086,19642.51,0.017999999912717612
83,66,S2p_keV,6916.849000000162,6916.91,0.06099999983780435
83,66,Qalpha_keV,2805.588999999687,2805.5,0.08899999968707561
82,67,Sn_keV,11726.699000000022,11726.74,0.04099999997742998
82,67,Sp_keV,1076.0270000000019,1076.0,0.027000000001862645
82,67,S2n_keV,22032.152000000002,22032.12,0.03200000000288128
82,67,S2p_keV,5481.8630000001285,5481.85,0.013000000128158717
82,67,Qalpha_keV,2316.9139999998733,2316.92,0.00600000012673263
81,68,Sn_keV,10333.878999999957,10333.94,0.061000000043350155
81,68,Sp_keV,3039.402999999933,3039.43,0.027000000066891516
81,68,S2n_keV,23276.469999999972,23276.44,0.029999999973369995
81,68,S2p_keV,4123.545999999857,4123.52,0.025999999856139766
81,68,Qalpha_keV,2076.125,2076.07,0.05499999999983629
93,57,Sn_keV,3981.2909999999683,3981.37,0.07900000003155583
93,57,Sp_keV,10298.59300000011,10298.63,0.03699999988930358
93,57,S2n_keV,9563.78199999989,9563.86,0.07800000011047814
93,57,S2p_keV,23796.94200000004,23796.96,0.017999999960011337
93,57,Qalpha_keV,-3244.434000000125,-3244.51,0.07599999987542105
92,58,Sn_keV,6248.179000000004,6248.26,0.08099999999649299
92,58,Sp_keV,11915.840999999782,11915.91,0.06900000021778396
92,58,S2n_keV,10591.023999999743,10591.08,0.05600000025697227
92,58,S2p_keV,21831.03199999989,21831.06,0.028000000111205736
92,58,Qalpha_keV,-2324.6679999998305,-2324.68,0.012000000169337
91,59,Sn_keV,5332.503000000259,5332.43,0.07300000025861664
91,59,Sp_keV,8919.52900000033,8919.54,0.010999999671184923
91,59,S2n_keV,11907.729999999981,11907.69,0.03999999998086423
91,59,S2p_keV,20169.68200000003,20169.68,0.002000000029511284
91,59,Qalpha_keV,-1675.1020000001881,-1675.11,0.007999999811772796
90,60,Sn_keV,7375.692000000039,7375.61,0.08200000003944297
90,60,Sp_keV,9929.402999999933,9929.36,0.0429999999323627
90,60,S2n_keV,12414.353999999817,12414.39,0.03600000018195715
90,60,S2p_keV,17859.273999999743,17859.29,0.016000000257918146
90,60,Qalpha_keV,-469.23199999984354,-469.28,0.04800000015643491
89,61,Sn_keV,5604.125999999931,5604.2,0.07400000006873597
89,61,Sp_keV,6510.642000000225,6510.64,0.002000000225052645
89,61,S2n_keV,12874.051999999909,12874.06,0.008000000090760295
89,61,S2p_keV,15639.579999999842,15639.66,0.08000000015817932
89,61,Qalpha_keV,659.0559999998659,658.95,0.10599999986584407
88,62,Sn_keV,7986.715999999782,7986.72,0.004000000218184141
88,62,Sp_keV,8275.775999999838,8275.85,0.07400000016241393
88,62,S2n_keV,13857.466000000015,13857.51,0.04399999998531712
88,62,S2p_keV,14220.95399999991,14221.08,0.1260000000893342
88,62,Qalpha_keV,1449.9420000000391,1449.81,0.13200000003917012
87,63,Sn_keV,6422.3539999998175,6422.44,0.08600000018213905
87,63,Sp_keV,4945.465999999782,4945.47,0.004000000218184141
87,63,S2n_keV,14635.503999999957,14635.54,0.03600000004371395
87,63,S2p_keV,12504.451999999816,12504.46,0.008000000183528755
87,63,Qalpha_keV,2237.2440000001807,2237.16,0.0840000001808221
86,64,Sn_keV,8708.233999999939,8708.24,0.006000000061249011
86,64,Sp_keV,6611.804000000004,6611.79,0.01400000000376167
86,64,S2n_keV,15637.326000000117,15637.24,0.08600000011756492
86,64,S2p_keV,11005.666000000201,11005.61,0.0560000002005836
86,64,Qalpha_keV,2807.431999999797,2807.46,0.0280000002030647
85,65,Sn_keV,7688.264999999898,7688.37,0.10500000010233634
85,65,Sp_keV,3267.583999999799,3267.68,0.09600000020100197
85,65,S2n_keV,16711.19200000004,16711.27,0.07799999996132101
85,65,S2p_keV,9384.304000000004,9384.33,0.02599999999620195
85,65,Qalpha_keV,3587.032000000123,3586.9,0.13200000012284363
84,66,Sn_keV,9685.108999999939,9685.01,0.09899999993831443
84,66,Sp_keV,5109.915000000037,5109.9,0.0150000000376167
84,66,S2n_keV,17592.78600000008,17592.68,0.1060000000798027
84,66,S2p_keV,7618.326000000117,7618.21,0.11600000011731026
84,66,Qalpha_keV,4351.185999999754,4351.27,0.08400000024630572
83,67,Sn_keV,8370.709000000032,8370.62,0.08900000003086461
83,67,Sp_keV,1539.058999999892,1538.94,0.11899999989191201
83,67,S2n_keV,20097.408000000054,20097.36,0.04800000005343463
83,67,S2p_keV,5986.792000000132,5986.74,0.052000000132466084
83,67,Qalpha_keV,3392.675999999745,3392.81,0.13400000025512782
82,68,Sn_keV,12160.955000000075,12161.01,0.05499999992571247
82,68,Sp_keV,3473.658999999985,3473.7,0.04100000001471926
82,68,S2n_keV,22494.83400000003,22494.96,0.12599999996746192
82,68,S2p_keV,4549.685999999987,4549.7,0.014000000012856617
82,68,Qalpha_keV,2298.7619999998715,2298.69,0.07199999987142292
94,57,Sn_keV,5251.743000000017,5251.68,0.06300000001647277
94,57,S2n_keV,9233.033999999985,9233.05,0.016000000014173565
94,57,Qalpha_keV,-3815.2330000000075,-3815.18,0.05300000000761429
93,58,Sn_keV,4449.527000000235,4449.51,0.01700000023447501
93,58,Sp_keV,12384.077000000048,12384.06,0.01700000004893809
93,58,S2n_keV,10697.706000000238,10697.77,0.06399999976201798
93,58,S2p_keV,22682.67000000016,22682.68,0.0099999998419662
93,58,Qalpha_keV,-3385.8870000001043,-3385.94,0.05299999989574644
92,59,Sn_keV,6550.380999999819,6550.47,0.08900000018093124
92,59,Sp_keV,9221.731000000145,9221.75,0.01899999985471368
92,59,S2n_keV,11882.884000000078,11882.9,0.015999999921405106
92,59,S2p_keV,21137.571999999927,21137.66,0.08800000007249764
92,59,Qalpha_keV,-2526.0800000000745,-2526.16,0.07999999992534867
91,60,Sn_keV,5334.522000000346,5334.55,0.0279999996537299
91,60,Sp_keV,9931.42200000002,9931.48,0.057999999979074346
91,60,S2n_keV,12710.214000000386,12710.16,0.054000000385713065
91,60,S2p_keV,18850.95100000035,18851.02,0.06899999965025927
91,60,Qalpha_keV,-1353.943000000203,-1354.01,0.06699999979696258
90,61,Sn_keV,7860.270000000019,7860.24,0.03000000001884473
90,61,Sp_keV,6995.220000000205,6995.28,0.059999999794854375
90,61,S2n_keV,13464.39599999995,13464.44,0.044000000050800736
90,61,S2p_keV,16924.623000000138,16924.64,0.016999999861582182
90,61,Qalpha_keV,-366.877000000095,-366.91,0.03299999990503011
89,62,Sn_keV,5596.471000000136,5596.46,0.011000000135936716
89,62,Sp_keV,8268.121000000043,8268.11,0.011000000042258762
89,62,S2n_keV,13583.186999999918,13583.18,0.006999999917752575
89,62,S2p_keV,14778.763000000268,14778.75,0.013000000268220901
89,62,Qalpha_keV,1145.679999999702,1145.55,0.12999999970202225
88,63,Sn_keV,7931.94700000016,7931.94,0.0070000001605876605
88,63,Sp_keV,4890.69700000016,4890.69,0.0070000001605876605
88,63,S2n_keV,14354.300999999978,14354.38,0.07900000002155139
88,63,S2p_keV,13166.472999999998,13166.54,0.06700000000273576
88,63,Qalpha_keV,1964.496999999741,1964.49,0.006999999741083229
87,64,Sn_keV,6496.142999999924,6496.12,0.022999999923740688
87,64,Sp_keV,6685.59300000011,6685.47,0.1230000001096414
87,64,S2n_keV,15204.376999999862,15204.36,0.016999999861582182
87,64,S2p_keV,11631.058999999892,11630.94,0.11899999989145726
87,64,Qalpha_keV,2652.692000000039,2652.7,0.007999999960702553
86,65,Sn_keV,8589.122999999905,8589.1,0.0229999999046413
86,65,Sp_keV,3148.4729999997653,3148.54,0.06700000023465691
86,65,S2n_keV,16277.387999999803,16277.47,0.08200000019678555
86,65,S2p_keV,9760.276999999769,9760.33,0.05300000023089524
86,65,Qalpha_keV,3496.3640000000596,3496.34,0.024000000059459126
85,66,Sn_keV,7514.027999999933,7514.12,0.09200000006694609
85,66,Sp_keV,4935.678000000073,4935.65,0.02800000007300696
85,66,S2n_keV,17199.13699999987,17199.13,0.006999999870458851
85,66,S2p_keV,8203.261999999871,8203.34,0.07800000012866803
85,66,Qalpha_keV,4179.673999999883,4179.62,0.053999999882762495
84,67,Sn_keV,9748.125999999931,9748.17,0.04400000006899063
84,67,Sp_keV,1602.0759999998845,1602.11,0.034000000115383955
84,67,S2n_keV,18118.834999999963,18118.79,0.04499999996187398
84,67,S2p_keV,6711.990999999922,6712.01,0.019000000078449375
84,67,Qalpha_keV,4694.961999999825,4695.01,0.04800000017530692
83,68,Sn_keV,8506.42200000002,8506.29,0.13200000001961598
83,68,Sp_keV,3609.371999999974,3609.37,0.0019999999740321073
83,68,S2n_keV,20667.377000000095,20667.3,0.0770000000957225
83,68,S2p_keV,5148.430999999866,5148.32,0.11099999986618059
83,68,Qalpha_keV,3504.7369999999646,3504.84,0.10300000003553578
82,69,Sp_keV,230.41400000010617,230.41,0.004000000106174184
82,69,S2p_keV,3704.0730000000913,3704.12,0.04699999990862125
82,69,Qalpha_keV,2559.434999999823,2559.42,0.014999999822975951
81,70,S2p_keV,2378.7100000001956,2378.67,0.04000000019550498
81,70,Qalpha_keV,2640.4799999997485,2640.55,0.070000000251639
93,59,Sn_keV,5049.777000000002,5049.75,0.027000000001862645
93,59,Sp_keV,9821.980999999912,9821.98,0.0009999999128922354
93,59,S2n_keV,11600.157999999821,11600.22,0.0620000001781591
93,59,S2p_keV,22206.05799999996,22206.04,0.017999999960011337
93,59,Qalpha_keV,-3474.179999999935,-3474.24,0.0600000000649743
92,60,Sn_keV,7277.687999999616,7277.74,0.05200000038348662
92,60,Sp_keV,10658.728999999817,10658.75,0.021000000182539225
92,60,S2n_keV,12612.209999999963,12612.29,0.08000000003812602
92,60,S2p_keV,19880.459999999963,19880.49,0.030000000038853614
92,60,Qalpha_keV,-2175.8239999997895,-2175.92,0.09600000021055166
91,61,Sn_keV,5939.533999999985,5939.44,0.09399999998549902
91,61,Sp_keV,7600.2319999998435,7600.17,0.06199999984346505
91,61,S2n_keV,13799.804000000004,13799.68,0.12400000000343425
91,61,S2p_keV,17531.653999999864,17531.65,0.003999999862571713
91,61,Qalpha_keV,-1143.7239999999292,-1143.68,0.04399999992915582
90,62,Sn_keV,8257.650999999838,8257.64,0.010999999838531949
90,62,Sp_keV,8665.501999999862,8665.51,0.00800000013805402
90,62,S2n_keV,13854.121999999974,13854.1,0.02199999997355917
90,62,S2p_keV,15660.722000000067,15660.79,0.06799999993381789
90,62,Qalpha_keV,220.58400000003166,220.48,0.1040000000316752
89,63,Sn_keV,6306.7690000000875,6306.72,0.049000000087289663
89,63,Sp_keV,5600.995000000112,5600.95,0.04500000011194061
89,63,S2n_keV,14238.716000000248,14238.66,0.056000000247877324
89,63,S2p_keV,13869.116000000155,13869.06,0.056000000155108864
89,63,Qalpha_keV,1552.4919999998529,1552.55,0.05800000014710349
88,64,Sn_keV,8589.459000000032,8589.5,0.04099999996833503
88,64,Sp_keV,7343.104999999981,7343.03,0.07499999998162821
88,64,S2n_keV,15085.601999999955,15085.62,0.01800000004550384
88,64,S2p_keV,12233.802000000142,12233.72,0.08200000014221587
88,64,Qalpha_keV,2204.3919999997597,2204.43,0.038000000240117515
87,65,Sn_keV,7164.785000000149,7164.73,0.05500000014944817
87,65,Sp_keV,3817.1149999999907,3817.15,0.035000000009404175
87,65,S2n_keV,15753.908000000054,15753.83,0.07800000005408947
87,65,S2p_keV,10502.7080000001,10502.62,0.08800000009978248
87,65,Qalpha_keV,3157.4479999998584,3157.5,0.05200000014156103
86,66,Sn_keV,9436.853999999817,9436.78,0.07399999981680594
86,66,Sp_keV,5783.408999999985,5783.34,0.06899999998495332
86,66,S2n_keV,16950.88199999975,16950.91,0.02800000024944893
86,66,S2p_keV,8931.88199999975,8931.88,0.0019999997512059053
86,66,Qalpha_keV,3726.4520000000484,3726.54,0.08799999995153485
85,67,Sn_keV,8053.262000000104,8053.35,0.08799999989605567
85,67,Sp_keV,2141.310000000056,2141.34,0.029999999944266165
85,67,S2n_keV,17801.388000000035,17801.52,0.1319999999650463
85,67,S2p_keV,7076.9880000001285,7076.99,0.001999999871259206
85,67,Qalpha_keV,4507.4799999997485,4507.4,0.0799999997489067
84,68,Sn_keV,10305.375999999931,10305.41,0.03400000006877235
84,68,Sp_keV,4166.621999999974,4166.61,0.011999999974250386
84,68,S2n_keV,18811.79799999995,18811.7,0.09799999995084363
84,68,S2p_keV,5768.697999999858,5768.72,0.02200000014181569
84,68,Qalpha_keV,4934.175999999978,4934.26,0.08400000002257002
83,69,Sn_keV,9018.912000000011,9018.83,0.08200000001124863
83,69,Sp_keV,742.9040000000969,742.96,0.05599999990317883
83,69,S2p_keV,4352.276000000071,4352.33,0.053999999929146725
83,69,Qalpha_keV,3845.9759999997914,3845.97,0.005999999791583832
82,70,Sn_keV,12799.26699999976,12799.36,0.0930000002408633
82,70,Sp_keV,2786.6079999997746,2786.6,0.007999999774710886
82,70,S2p_keV,3017.021999999881,3017.01,0.011999999880572432
82,70,Qalpha_keV,2783.8040000000037,2783.69,0.11400000000367072
94,59,Sn_keV,5881.699999999953,5881.72,0.020000000046820787
94,59,S2n_keV,10931.476999999955,10931.47,0.006999999955951353
94,59,S2p_keV,22836.014999999898,22836.07,0.055000000102154445
94,59,Qalpha_keV,-3773.3889999999665,-3773.47,0.08100000003332752
93,60,Sn_keV,5252.286000000313,5252.21,0.076000000312888
93,60,Sp_keV,10861.238000000129,10861.2,0.03800000012779492
93,60,S2n_keV,12529.97399999993,12529.94,0.03399999992871017
93,60,S2p_keV,20683.21900000004,20683.19,0.029000000042287866
93,60,Qalpha_keV,-3085.265000000363,-3085.3,0.034999999636966095
92,61,Sn_keV,7464.952000000048,7464.96,0.007999999951607606
92,61,Sp_keV,7787.496000000276,7787.39,0.10600000027534406
92,61,S2n_keV,13404.486000000034,13404.4,0.08600000003389141
92,61,S2p_keV,18446.225000000093,18446.14,0.08500000009371433
92,61,Qalpha_keV,-2033.4490000002552,-2033.37,0.07900000025529152
91,62,Sn_keV,5868.430000000168,5868.4,0.03000000016800186
91,62,Sp_keV,8594.398000000045,8594.47,0.07199999995464168
91,62,S2n_keV,14126.081000000006,14126.04,0.04100000000471482
91,62,S2p_keV,16194.629999999888,16194.64,0.010000000111176632
91,62,Qalpha_keV,-609.1840000003576,-609.14,0.04400000035764151
90,63,Sn_keV,8550.331000000006,8550.28,0.0510000000049331
90,63,Sp_keV,5893.675000000279,5893.59,0.08500000027925125
90,63,S2n_keV,14857.100000000093,14857.0,0.10000000009313226
90,63,S2p_keV,14559.177000000142,14559.1,0.07700000014119723
90,63,Qalpha_keV,272.0869999998249,272.12,0.03300000017509319
89,64,Sn_keV,6247.001999999862,6246.95,0.05199999986234616
89,64,Sp_keV,7283.337999999756,7283.27,0.06799999975555693
89,64,S2n_keV,14836.460999999894,14836.45,0.01099999989310163
89,64,S2p_keV,12884.332999999868,12884.21,0.12299999986862531
89,64,Qalpha_keV,1828.1400000001304,1828.27,0.12999999986959665
88,65,Sn_keV,8667.736000000034,8667.74,0.003999999966254109
88,65,Sp_keV,3895.3919999999925,3895.39,0.0019999999926767487
88,65,S2n_keV,15832.521000000183,15832.47,0.05100000018319406
88,65,S2p_keV,11238.496999999974,11238.43,0.06699999997363193
88,65,Qalpha_keV,2702.8619999999646,2702.86,0.001999999964482413
87,66,Sn_keV,7096.3650000002235,7096.39,0.02499999977681
87,66,Sp_keV,5714.98900000006,5715.0,0.010999999940395355
87,66,S2n_keV,16533.21900000004,16533.17,0.04900000004272442
87,66,S2p_keV,9532.10400000005,9532.15,0.04599999994934478
87,66,Qalpha_keV,3559.1790000000037,3559.15,0.02900000000363434
86,67,Sn_keV,9478.772999999812,9478.65,0.12299999981223664
86,67,Sp_keV,2183.2290000000503,2183.2,0.029000000050473318
86,67,S2n_keV,17532.034999999916,17532.0,0.03499999991618097
86,67,S2p_keV,7966.638000000035,7966.54,0.09800000003542664
86,67,Qalpha_keV,4051.6340000000782,4051.65,0.015999999921859853
85,68,Sn_keV,8039.483000000007,8039.54,0.05699999999251304
85,68,Sp_keV,4152.842999999877,4152.8,0.04299999987688352
85,68,S2n_keV,18344.85899999994,18344.95,0.09100000006219489
85,68,S2p_keV,6294.152999999933,6294.14,0.012999999932617357
85,68,Qalpha_keV,4802.370000000112,4802.39,0.01999999988856871
84,69,Sn_keV,10324.356999999844,10324.37,0.013000000157262548
84,69,Sp_keV,761.8850000000093,761.92,0.03499999999064585
84,69,S2n_keV,19343.268999999855,19343.21,0.05899999985558679
84,69,S2p_keV,4928.506999999983,4928.53,0.023000000016509148
84,69,Qalpha_keV,5248.31799999997,5248.33,0.012000000029729563
82,71,Sp_keV,-608.561999999918,-608.57,0.008000000082006409
82,71,S2p_keV,2178.0459999998566,2178.03,0.015999999856376235
95,59,Sn_keV,4607.860000000102,4607.83,0.030000000102518243
95,59,S2n_keV,10489.560000000056,10489.55,0.01000000005660695
95,59,Qalpha_keV,-4399.958000000101,-4399.93,0.0280000001002918
94,60,Sn_keV,6566.021999999881,6566.0,0.02199999988079071
94,60,Sp_keV,11545.560000000056,11545.48,0.08000000005631591
94,60,S2n_keV,11818.308000000194,11818.2,0.1080000001929875
94,60,Qalpha_keV,-3403.1080000002403,-3403.04,0.0680000002403176
93,61,Sn_keV,5935.4839999999385,5935.47,0.013999999938278052
93,61,Sp_keV,8470.693999999901,8470.65,0.043999999901643605
93,61,S2n_keV,13400.435999999987,13400.42,0.015999999986888724
93,61,S2p_keV,19331.93200000003,19331.85,0.08200000003125751
93,61,Qalpha_keV,-2636.429999999935,-2636.41,0.01999999993495294
92,62,Sn_keV,7966.887999999803,7966.81,0.07799999980215944
92,62,Sp_keV,9096.333999999799,9096.32,0.013999999799125362
92,62,S2n_keV,13835.31799999997,13835.21,0.10799999997107079
92,62,S2p_keV,16883.830000000075,16883.71,0.12000000007537892
92,62,Qalpha_keV,-1200.380000000121,-1200.34,0.04000000012115379
91,63,Sn_keV,6442.144999999786,6442.22,0.07500000021445885
91,63,Sp_keV,6467.389999999898,6467.41,0.020000000102299964
91,63,S2n_keV,14992.475999999791,14992.5,0.024000000208616257
91,63,S2p_keV,15061.787999999942,15061.88,0.09200000005694164
91,63,Qalpha_keV,-565.9320000000298,-565.9,0.03200000002982506
90,64,Sn_keV,8894.630000000121,8894.72,0.08999999987827323
90,64,Sp_keV,7627.6369999998715,7627.7,0.06300000012834062
90,64,S2n_keV,15141.631999999983,15141.67,0.038000000016836566
90,64,S2p_keV,13521.31200000015,13521.29,0.022000000150001142
90,64,Qalpha_keV,920.2259999997914,920.27,0.04400000020859807
89,65,Sn_keV,6914.219999999739,6914.28,0.06000000026051566
89,65,Sp_keV,4562.60999999987,4562.72,0.11000000013063982
89,65,S2n_keV,15581.955999999773,15582.02,0.06400000022767927
89,65,S2p_keV,11845.947999999626,11845.99,0.042000000374173396
89,65,Qalpha_keV,2210.996000000043,2211.02,0.02399999995714097
88,66,Sn_keV,9322.269000000088,9322.28,0.010999999913110514
88,66,Sp_keV,6369.522000000114,6369.54,0.017999999886342266
88,66,S2n_keV,16418.63400000031,16418.67,0.03599999968719203
88,66,S2p_keV,10264.914000000106,10264.93,0.015999999894120265
88,66,Qalpha_keV,2945.1439999998547,2945.11,0.03399999985458635
87,67,Sn_keV,7698.412999999942,7698.53,0.11700000005748734
87,67,Sp_keV,2785.276999999769,2785.34,0.06300000023111352
87,67,S2n_keV,17177.185999999754,17177.17,0.01599999975587707
87,67,S2p_keV,8500.265999999829,8500.34,0.07400000017150887
87,67,Qalpha_keV,4041.4860000000335,4041.49,0.003999999966254109
86,68,Sn_keV,10207.837000000058,10207.73,0.10700000005817856
86,68,Sp_keV,4881.907000000123,4881.89,0.017000000122607162
86,68,S2n_keV,18247.320000000065,18247.28,0.04000000006635673
86,68,S2p_keV,7065.136000000173,7065.09,0.04600000017308048
86,68,Qalpha_keV,4279.641999999993,4279.66,0.01800000000730506
85,69,Sn_keV,8525.09899999993,8525.12,0.02100000007158087
85,69,Sp_keV,1247.500999999931,1247.5,0.0009999999310821295
85,69,S2n_keV,18849.455999999773,18849.49,0.03400000022884342
85,69,S2p_keV,5400.343999999808,5400.3,0.04399999980796565
85,69,Qalpha_keV,5093.928000000073,5093.83,0.09800000007271592
84,70,Sp_keV,3247.6730000001844,3247.72,0.04699999981539804
84,70,S2n_keV,19804.334000000264,19804.34,0.005999999735649908
84,70,S2p_keV,4009.5580000001937,4009.65,0.09199999980637585
84,70,Qalpha_keV,5474.303999999771,5474.31,0.006000000229505531
96,59,Sn_keV,5381.676999999909,5381.61,0.0669999999090578
96,59,S2n_keV,9989.537000000011,9989.44,0.09700000001066655
96,59,Qalpha_keV,-4529.891999999993,-4529.85,0.04199999999218562
95,60,Sn_keV,4530.052000000142,4530.06,0.007999999858839146
95,60,Sp_keV,11467.752000000095,11467.72,0.03200000009564974
95,60,S2n_keV,11096.074000000022,11096.06,0.014000000022861059
95,60,Qalpha_keV,-3483.633000000147,-3483.59,0.04300000014700345
94,61,Sn_keV,6499.14000000013,6499.27,0.1299999998700514
94,61,Sp_keV,8403.81200000015,8403.93,0.11799999984941678
94,61,S2n_keV,12434.624000000069,12434.74,0.11599999993086385
94,61,S2p_keV,19949.372000000207,19949.41,0.03799999979310087
94,61,Qalpha_keV,-2585.189000000246,-2585.22,0.03099999975393075
93,62,Sn_keV,5806.975000000093,5806.96,0.015000000093095878
93,62,Sp_keV,8967.824999999953,8967.81,0.014999999953943188
93,62,S2n_keV,13773.862999999896,13773.77,0.09299999989525531
93,62,S2p_keV,17438.518999999855,17438.46,0.05899999985558679
93,62,Qalpha_keV,-1672.8329999998678,-1672.75,0.0829999998677522
92,63,Sn_keV,8151.378000000259,8151.29,0.08800000025894406
92,63,Sp_keV,6651.880000000354,6651.89,0.00999999964642484
92,63,S2n_keV,14593.523000000045,14593.5,0.023000000044703484
92,63,S2p_keV,15748.214000000153,15748.21,0.004000000153610017
92,63,Qalpha_keV,-857.0400000002701,-856.94,0.10000000027002898
91,64,Sn_keV,6435.320999999996,6435.24,0.08099999999649299
91,64,Sp_keV,7620.813000000082,7620.73,0.08300000008239294
91,64,S2n_keV,15329.951000000117,15329.96,0.00899999988178024
91,64,S2p_keV,14088.20299999998,14088.14,0.06299999998009298
91,64,Qalpha_keV,81.37599999993108,81.48,0.10400000006892185
90,65,Sn_keV,9165.106000000378,9165.06,0.04600000037862628
90,65,Sp_keV,4833.086000000127,4833.07,0.01600000012695091
90,65,S2n_keV,16079.326000000117,16079.35,0.023999999883017153
90,65,S2p_keV,12460.722999999998,12460.77,0.0470000000022992
90,65,Qalpha_keV,977.8369999998249,977.89,0.053000000175075
89,66,Sn_keV,6833.003999999957,6832.96,0.04399999995712278
89,66,Sp_keV,6288.306000000332,6288.22,0.08600000033129618
89,66,S2n_keV,16155.273000000045,16155.24,0.03300000004492176
89,66,S2p_keV,10850.916000000201,10850.94,0.02399999979934364
89,66,Qalpha_keV,2608.282999999821,2608.27,0.012999999821204256
88,67,Sn_keV,9471.591000000248,9471.54,0.05100000024685869
88,67,Sp_keV,2934.598999999929,2934.6,0.0010000000706895662
88,67,S2n_keV,17170.00400000019,17170.07,0.06599999980971916
88,67,S2p_keV,9304.121000000043,9304.14,0.018999999956577085
88,67,Qalpha_keV,3159.017999999691,3159.05,0.032000000309380994
87,68,Sn_keV,7675.452000000048,7675.49,0.03799999995135295
87,68,Sp_keV,4858.946000000229,4858.85,0.09600000022874156
87,68,S2n_keV,17883.289000000106,17883.22,0.06900000010500662
87,68,S2p_keV,7644.222999999998,7644.19,0.03299999999853753
87,68,Qalpha_keV,4118.217999999877,4118.3,0.08200000012311648
86,69,Sn_keV,10270.09300000011,10270.1,0.006999999890467734
86,69,Sp_keV,1309.7569999999832,1309.86,0.10300000001666376
86,69,S2n_keV,18795.19200000004,18795.22,0.027999999962048605
86,69,S2p_keV,6191.664000000106,6191.75,0.08599999989382923
86,69,Qalpha_keV,4571.960999999894,4571.91,0.050999999893974746
85,70,Sn_keV,8641.958999999799,8641.84,0.1189999997986888
85,70,Sp_keV,3364.533000000054,3364.45,0.08300000005419861
85,70,S2p_keV,4612.033999999985,4611.94,0.09399999998549902
85,70,Qalpha_keV,5338.766999999993,5338.76,0.006999999992331141
84,71,Sp_keV,-98.02600000030361,-98.07,0.04399999969638202
84,71,S2n_keV,20314.86999999988,20314.84,0.029999999878782546
84,71,S2p_keV,3149.646999999881,3149.66,0.01300000011906377
84,71,Qalpha_keV,5802.744000000181,5802.79,0.04599999981928704
96,60,Sn_keV,6261.175999999745,6261.24,0.0640000002549641
96,60,Sp_keV,12347.250999999931,12347.35,0.09900000006928167
96,60,S2n_keV,10791.227999999886,10791.3,0.07200000011289376
95,61,Sn_keV,5295.09999999986,5295.03,0.06999999986055627
95,61,Sp_keV,9168.85999999987,9168.89,0.030000000129803084
95,61,S2n_keV,11794.23999999999,11794.3,0.06000000000858563
95,61,S2p_keV,20636.611999999965,20636.61,0.0019999999640276656
95,61,Qalpha_keV,-2830.5120000001043,-2830.5,0.012000000104308128
94,62,Sn_keV,7240.903000000166,7240.93,0.02699999983451562
94,62,Sp_keV,9709.587999999989,9709.47,0.11799999998947897
94,62,S2n_keV,13047.878000000259,13047.89,0.011999999740510248
94,62,S2p_keV,18113.40000000014,18113.4,1.382431946694851e-10
94,62,Qalpha_keV,-1636.0480000004172,-1635.94,0.10800000041717794
93,63,Sn_keV,6335.78199999989,6335.77,0.011999999889667379
93,63,Sp_keV,7180.687000000151,7180.7,0.012999999848943844
93,63,S2n_keV,14487.160000000149,14487.06,0.10000000014952093
93,63,S2p_keV,16148.512000000104,16148.51,0.0020000001040898496
93,63,Qalpha_keV,-1253.288000000175,-1253.28,0.008000000175115929
92,64,Sn_keV,8536.327000000048,8536.35,0.022999999951935024
92,64,Sp_keV,8005.7619999998715,8005.79,0.028000000128486136
92,64,S2n_keV,14971.648000000045,14971.59,0.058000000044557964
92,64,S2p_keV,14657.642000000225,14657.68,0.037999999774910975
92,64,Qalpha_keV,-197.3000000002794,-197.23,0.070000000279407
91,65,Sn_keV,6912.013999999734,6912.06,0.046000000266758434
91,65,Sp_keV,5309.778999999864,5309.89,0.11100000013630051
91,65,S2n_keV,16077.120000000112,16077.13,0.009999999887440936
91,65,S2p_keV,12930.591999999946,12930.62,0.028000000054817065
91,65,Qalpha_keV,372.5920000001788,372.54,0.05200000017879347
90,66,Sn_keV,9444.678000000073,9444.73,0.05199999992692028
90,66,Sp_keV,6567.878000000026,6567.89,0.011999999974250386
90,66,S2n_keV,16277.68200000003,16277.69,0.007999999970706995
90,66,S2p_keV,11400.964000000153,11400.95,0.014000000152009306
90,66,Qalpha_keV,1753.0639999997802,1753.04,0.023999999780244252
89,67,Sn_keV,7510.710999999894,7510.74,0.029000000105952495
89,67,Sp_keV,3612.305999999866,3612.39,0.08400000013398312
89,67,S2n_keV,16982.30200000014,16982.29,0.012000000140687916
89,67,S2p_keV,9900.612000000197,9900.6,0.012000000197076588
89,67,Qalpha_keV,2813.091999999946,2813.04,0.05199999994601967
88,68,Sn_keV,10073.82799999998,10073.84,0.012000000020634616
88,68,Sp_keV,5461.182999999961,5461.14,0.042999999960557034
88,68,S2n_keV,17749.280000000028,17749.32,0.039999999971769284
88,68,S2p_keV,8395.78199999989,8395.74,0.041999999890322215
88,68,Qalpha_keV,3481.243999999715,3481.25,0.006000000284984708
87,69,Sn_keV,8279.94299999997,8279.95,0.007000000030529918
87,69,Sp_keV,1914.247999999905,1914.33,0.08200000009492214
87,69,S2n_keV,18550.03600000008,18550.05,0.013999999919178663
87,69,S2p_keV,6773.194000000134,6773.18,0.014000000133819412
87,69,Qalpha_keV,4345.280000000028,4345.31,0.0299999999724605
86,70,Sn_keV,10834.351000000024,10834.43,0.07899999997607665
86,70,Sp_keV,3928.7909999999683,3928.78,0.010999999968134944
86,70,S2n_keV,19476.309999999823,19476.27,0.03999999982261215
86,70,S2p_keV,5238.547999999952,5238.64,0.09200000004875619
86,70,Qalpha_keV,4809.791999999899,4809.74,0.05199999989963544
85,71,Sn_keV,9225.7640000002,9225.81,0.04599999980018765
85,71,Sp_keV,485.77900000009686,485.91,0.13099999990316746
85,71,S2p_keV,3850.312000000151,3850.35,0.03799999984903479
85,71,Qalpha_keV,5595.891999999993,5595.81,0.08199999999214924
84,72,Sp_keV,2560.820000000065,2560.82,6.502887117676437e-11
84,72,S2p_keV,2462.7939999997616,2462.75,0.04399999976158142
84,72,Qalpha_keV,6028.53199999989,6028.57,0.038000000109605026
97,60,Sn_keV,4059.2670000002254,4059.22,0.04700000022558015
97,60,S2n_keV,10320.44299999997,10320.45,0.007000000030529918
96,61,Sn_keV,6204.785000000149,6204.72,0.06500000014875695
96,61,Sp_keV,9112.469000000274,9112.37,0.09900000027300848
96,61,S2n_keV,11499.88500000001,11499.75,0.13500000000931323
96,61,S2p_keV,21459.720000000205,21459.72,2.0372681319713593e-10
96,61,Qalpha_keV,-3153.5970000003,-3153.5,0.09700000029988587
95,62,Sn_keV,5388.422999999952,5388.46,0.037000000048465154
95,62,Sp_keV,9802.91100000008,9802.9,0.01100000008045754
95,62,S2n_keV,12629.326000000117,12629.39,0.06399999988207128
95,62,S2p_keV,18971.77099999995,18971.79,0.019000000051164534
95,62,Qalpha_keV,-1772.1850000000559,-1772.2,0.01499999994416612
94,63,Sn_keV,7447.562999999849,7447.68,0.1170000001511653
94,63,Sp_keV,7387.346999999834,7387.45,0.10300000016559352
94,63,S2n_keV,13783.34499999974,13783.45,0.10500000026149792
94,63,S2p_keV,17096.934999999823,17096.92,0.01499999982479494
94,63,Qalpha_keV,-1235.8989999999758,-1236.0,0.10100000002421439
93,64,Sn_keV,6359.89599999995,6359.88,0.01599999994959944
93,64,Sp_keV,8029.875999999931,8029.9,0.024000000068554073
93,64,S2n_keV,14896.222999999998,14896.23,0.007000000001426088
93,64,S2p_keV,15210.563000000082,15210.59,0.026999999918189133
93,64,Qalpha_keV,-688.7660000000615,-688.7,0.06600000006142182
92,65,Sn_keV,8743.98200000031,8743.95,0.0320000003084715
92,65,Sp_keV,5517.434000000125,5517.49,0.055999999874984496
92,65,S2n_keV,15655.996000000043,15656.01,0.01399999995737744
92,65,S2p_keV,13523.195999999996,13523.28,0.08400000000438013
92,65,Qalpha_keV,178.9409999998752,178.88,0.06099999987520732
91,66,Sn_keV,6966.890999999829,6966.91,0.019000000171217835
91,66,Sp_keV,6622.755000000121,6622.73,0.025000000121508492
91,66,S2n_keV,16411.5689999999,16411.64,0.07100000009813812
91,66,S2p_keV,11932.533999999985,11932.62,0.08600000001570152
91,66,Qalpha_keV,1033.1749999998137,1033.08,0.09499999981380824
90,67,Sn_keV,9425.175999999978,9425.19,0.014000000022861059
90,67,Sp_keV,3592.803999999771,3592.84,0.03600000022925087
90,67,S2n_keV,16935.88699999987,16935.93,0.043000000128813554
90,67,S2p_keV,10160.681999999797,10160.72,0.038000000202373485
90,67,Qalpha_keV,2055.652000000002,2055.59,0.062000000001717126
89,68,Sn_keV,7273.226999999955,7273.25,0.023000000044703484
89,68,Sp_keV,5223.699000000022,5223.64,0.059000000022024324
89,68,S2n_keV,17347.054999999935,17347.08,0.02500000006693881
89,68,S2p_keV,8836.004999999888,8836.03,0.025000000112413545
89,68,Qalpha_keV,3304.3819999999832,3304.39,0.008000000016636477
88,69,Sn_keV,9946.128000000026,9946.04,0.08800000002520392
88,69,Sp_keV,1786.5479999999516,1786.53,0.01799999995159851
88,69,S2n_keV,18226.070999999996,18225.99,0.080999999994674
88,69,S2p_keV,7247.7309999999125,7247.67,0.06099999991238292
88,69,Qalpha_keV,3877.9249999998137,3877.91,0.014999999813881004
87,70,Sn_keV,8227.503000000026,8227.49,0.01300000002629531
87,70,Sp_keV,3876.351000000024,3876.32,0.031000000024050678
87,70,S2n_keV,19061.85400000005,19061.92,0.06599999994796235
87,70,S2p_keV,5790.598999999929,5790.65,0.05100000007041672
87,70,Qalpha_keV,4621.771999999881,4621.79,0.01800000011917291
86,71,Sn_keV,10812.425000000047,10812.3,0.12500000004729372
86,71,Sp_keV,463.8530000001192,463.77,0.08300000011922748
86,71,S2n_keV,20038.189000000246,20038.11,0.07900000024528708
86,71,S2p_keV,4392.6440000000875,4392.55,0.09400000008736242
86,71,Qalpha_keV,5107.8239999997895,5107.89,0.06600000021080632
84,73,Sp_keV,-934.6489999999758,-934.6,0.048999999975762876
84,73,S2p_keV,1626.1710000000894,1626.22,0.04899999991062032
84,73,Qalpha_keV,6354.618999999948,6354.6,0.018999999947482138
97,61,Sn_keV,4863.366999999853,4863.48,0.11300000014671241
97,61,Sp_keV,9916.568999999901,9916.64,0.07100000009813812
97,61,S2n_keV,11068.152000000002,11068.2,0.04799999999886495
97,61,Qalpha_keV,-3409.1040000000503,-3409.15,0.04599999994979953
96,62,Sn_keV,6644.034999999916,6643.98,0.054999999916617526
96,62,Sp_keV,10242.160999999847,10242.17,0.009000000152809662
96,62,S2n_keV,12032.457999999868,12032.45,0.007999999867024599
96,62,S2p_keV,19354.63000000012,19354.54,0.09000000012019882
96,62,Qalpha_keV,-1850.1980000000913,-1850.18,0.018000000091205948
95,63,Sn_keV,5867.715000000084,5867.6,0.11500000008345523
95,63,Sp_keV,7866.6389999999665,7866.58,0.05899999996654515
95,63,S2n_keV,13315.277999999933,13315.27,0.007999999932508217
95,63,S2p_keV,17669.550000000047,17669.48,0.07000000004700269
95,63,Qalpha_keV,-1168.130000000121,-1168.13,1.2096279533579946e-10
94,64,Sn_keV,7937.273999999976,7937.39,0.1160000000245418
94,64,Sp_keV,8519.587000000058,8519.61,0.022999999942840077
94,64,S2n_keV,14297.169999999925,14297.27,0.10000000007494236
94,64,S2p_keV,15906.933999999892,15907.06,0.1260000001075241
94,64,Qalpha_keV,-659.1520000002347,-659.29,0.13799999976527033
93,65,Sn_keV,6778.507999999914,6778.55,0.042000000085863576
93,65,Sp_keV,5936.046000000089,5936.17,0.12399999991066579
93,65,S2n_keV,15522.490000000224,15522.51,0.01999999977670086
93,65,S2p_keV,13965.92200000002,13966.06,0.1379999999790016
93,65,Qalpha_keV,-157.42200000025332,-157.46,0.03799999974668822
92,66,Sn_keV,9054.101000000024,9054.11,0.00899999997636769
92,66,Sp_keV,6932.873999999836,6932.89,0.01600000016424019
92,66,S2n_keV,16020.991999999853,16021.02,0.028000000147585524
92,66,S2p_keV,12450.30799999996,12450.38,0.07200000003831519
92,66,Qalpha_keV,873.7039999999106,873.69,0.013999999910538463
91,67,Sn_keV,7426.065999999875,7426.08,0.014000000124724465
91,67,Sp_keV,4051.9789999998175,4052.01,0.031000000182757503
91,67,S2n_keV,16851.241999999853,16851.26,0.018000000145548256
91,67,S2p_keV,10674.733999999939,10674.74,0.006000000061249011
91,67,Qalpha_keV,1543.805999999866,1543.79,0.01599999986592593
90,68,Sn_keV,9961.43299999996,9961.49,0.05700000003889727
90,68,Sp_keV,5759.956000000006,5759.95,0.006000000005769834
90,68,S2n_keV,17234.659999999916,17234.73,0.07000000008338247
90,68,S2p_keV,9352.759999999776,9352.79,0.030000000224390533
90,68,Qalpha_keV,2665.21800000011,2665.18,0.03800000011005977
89,69,Sn_keV,8065.246000000043,8065.24,0.006000000043059117
89,69,Sp_keV,2578.567000000039,2578.53,0.03700000003891546
89,69,S2n_keV,18011.37400000007,18011.28,0.09400000007008202
89,69,S2p_keV,7802.2660000000615,7802.17,0.09600000006139453
89,69,Qalpha_keV,3511.091999999713,3511.2,0.10800000028666545
88,70,Sn_keV,10659.655000000028,10659.66,0.004999999971914804
88,70,Sp_keV,4589.878000000026,4589.94,0.06199999997352279
88,70,S2n_keV,18887.158000000054,18887.15,0.008000000052561518
88,70,S2p_keV,6376.425999999978,6376.47,0.0440000000226064
88,70,Qalpha_keV,4169.953999999911,4169.87,0.08399999991070217
87,71,Sn_keV,8842.97499999986,8842.98,0.005000000139261829
87,71,Sp_keV,1079.3249999999534,1079.26,0.06499999995344297
87,71,S2n_keV,19655.399999999907,19655.28,0.1199999999080319
87,71,S2p_keV,4955.675999999978,4955.58,0.09599999997772102
87,71,Qalpha_keV,4789.947999999858,4790.03,0.08200000014130637
86,72,Sp_keV,2950.83899999992,2950.84,0.0010000000802392606
86,72,S2n_keV,20428.2080000001,20428.13,0.0780000000995642
86,72,S2p_keV,3414.692000000039,3414.61,0.08200000003898822
86,72,Qalpha_keV,5404.658000000054,5404.78,0.12199999994572863
98,61,Sn_keV,5536.449000000022,5536.39,0.059000000022024324
98,61,S2n_keV,10399.815999999875,10399.87,0.05400000012559758
98,61,Qalpha_keV,-3563.876000000164,-3563.93,0.05399999983592352
97,62,Sn_keV,5028.779000000097,5028.85,0.07099999990350625
97,62,Sp_keV,10407.573000000091,10407.54,0.0330000000903965
97,62,S2n_keV,11672.814000000013,11672.83,0.015999999986888724
97,62,S2p_keV,20324.141999999993,20324.17,0.02800000000570435
97,62,Qalpha_keV,-2348.9250000000466,-2348.97,0.04499999995323378
96,63,Sn_keV,6859.293000000063,6859.41,0.11699999993652455
96,63,Sp_keV,8081.897000000114,8082.01,0.11299999988659692
96,63,S2n_keV,12727.008000000147,12727.01,0.001999999853069312
96,63,S2p_keV,18324.05799999996,18324.18,0.12200000003940659
96,63,Qalpha_keV,-1528.283000000054,-1528.27,0.0130000000540349
95,64,Sn_keV,5943.223999999929,5943.21,0.013999999929183105
95,64,Sp_keV,8595.095999999903,8595.22,0.12400000009620271
95,64,S2n_keV,13880.497999999905,13880.6,0.1020000000953587
95,64,S2p_keV,16461.73499999987,16461.8,0.06500000012965756
95,64,Qalpha_keV,-795.4010000000708,-795.53,0.1289999999291922
94,65,Sn_keV,8133.025999999838,8133.01,0.015999999837731593
94,65,Sp_keV,6131.797999999952,6131.79,0.007999999951607606
94,65,S2n_keV,14911.533999999752,14911.57,0.03600000024744077
94,65,S2p_keV,14651.38500000001,14651.4,0.014999999990322976
94,65,Qalpha_keV,-139.06999999983236,-139.19,0.12000000016763579
93,66,Sn_keV,6831.15699999989,6831.1,0.05699999988974014
93,66,Sp_keV,6985.522999999812,6985.44,0.08299999981227302
93,66,S2n_keV,15885.257999999914,15885.21,0.04799999991519144
93,66,S2p_keV,12921.568999999901,12921.6,0.03100000009908399
93,66,Qalpha_keV,477.86800000001676,477.83,0.03800000001677972
92,67,Sn_keV,9213.277000000002,9213.26,0.017000000001644366
92,67,Sp_keV,4211.154999999795,4211.16,0.005000000204745447
92,67,S2n_keV,16639.342999999877,16639.34,0.002999999876919901
92,67,S2p_keV,11144.028999999631,11144.05,0.021000000368076144
92,67,Qalpha_keV,1495.6350000002421,1495.6,0.03500000024223482
91,68,Sn_keV,7328.599000000162,7328.54,0.05900000016208651
91,68,Sp_keV,5662.489000000292,5662.41,0.07900000029258081
91,68,S2n_keV,17290.032000000123,17290.03,0.002000000124098733
91,68,S2p_keV,9714.46800000011,9714.42,0.048000000109823304
91,68,Qalpha_keV,2169.622999999905,2169.6,0.022999999905096047
90,69,Sn_keV,9938.443999999901,9938.52,0.07600000009915675
90,69,Sp_keV,2555.5779999999795,2555.56,0.017999999979565473
90,69,S2n_keV,18003.689999999944,18003.76,0.07000000005427864
90,69,S2p_keV,8315.533999999985,8315.51,0.02399999998488056
90,69,Qalpha_keV,3044.2390000000596,3044.23,0.009000000059586455
89,70,Sn_keV,7899.691999999806,7899.69,0.001999999806685082
89,70,Sp_keV,4424.3239999997895,4424.38,0.05600000021058804
89,70,S2n_keV,18559.346999999834,18559.34,0.0069999998340790626
89,70,S2p_keV,7002.890999999829,7002.91,0.019000000171217835
89,70,Qalpha_keV,3945.7140000001527,3945.67,0.04400000015266414
88,71,Sn_keV,10567.656000000192,10567.73,0.07399999980771099
88,71,Sp_keV,987.3260000001173,987.34,0.013999999882685188
88,71,S2n_keV,19410.631000000052,19410.72,0.08899999994901009
88,71,S2p_keV,5577.204000000143,5577.27,0.06599999985701288
88,71,Qalpha_keV,4492.3849999997765,4492.39,0.005000000223844836
87,72,Sn_keV,8821.43200000003,8821.53,0.09799999997085251
87,72,Sp_keV,2929.2960000000894,2929.38,0.08399999991070217
87,72,S2p_keV,4008.621000000043,4008.64,0.018999999957031832
87,72,Qalpha_keV,5225.184999999823,5225.09,0.09499999982290319
86,73,Sp_keV,-374.33299999986775,-374.27,0.06299999986777038
86,73,S2n_keV,20988.52400000021,20988.45,0.07400000020788866
86,73,S2p_keV,2576.506000000052,2576.57,0.06399999994800964
86,73,Qalpha_keV,5680.964999999618,5680.98,0.015000000381405698
98,62,Sn_keV,6098.2949999999255,6098.33,0.035000000074433046
98,62,Sp_keV,10969.418999999994,10969.48,0.06100000000515138
98,62,S2n_keV,11127.074000000022,11127.18,0.1059999999779393
98,62,Qalpha_keV,-2186.0440000002272,-2186.06,0.015999999772702722
97,63,Sn_keV,5508.536999999778,5508.49,0.046999999778563506
97,63,Sp_keV,8561.654999999795,8561.66,0.005000000204745447
97,63,S2n_keV,12367.829999999842,12367.91,0.08000000015817932
97,63,S2p_keV,18969.227999999886,18969.19,0.03799999988768832
97,63,Qalpha_keV,-1741.719999999972,-1741.73,0.010000000027957867
96,64,Sn_keV,7451.61400000006,7451.62,0.005999999940286216
96,64,Sp_keV,9187.4169999999,9187.43,0.013000000100873876
96,64,S2n_keV,13394.837999999989,13394.83,0.007999999988896889
96,64,S2p_keV,17269.314000000013,17269.44,0.1259999999856518
96,64,Qalpha_keV,-1006.1119999999646,-1006.23,0.11800000003540845
95,65,Sn_keV,6375.199999999953,6375.21,0.010000000046602509
95,65,Sp_keV,6563.773999999976,6563.79,0.016000000024178007
95,65,S2n_keV,14508.225999999791,14508.22,0.0059999997920385795
95,65,S2p_keV,15158.869999999879,15159.01,0.1400000001212902
95,65,Qalpha_keV,-178.4879999998957,-178.62,0.13200000010431268
94,66,Sn_keV,8576.943000000203,8576.91,0.03300000020317384
94,66,Sp_keV,7429.440000000177,7429.34,0.10000000017680577
94,66,S2n_keV,15408.100000000093,15408.02,0.0800000000926957
94,66,S2p_keV,13561.238000000129,13561.12,0.11800000012772216
94,66,Qalpha_keV,437.25199999986216,437.27,0.01800000013781755
93,67,Sn_keV,7124.625000000233,7124.51,0.11500000023261236
93,67,Sp_keV,4504.623000000138,4504.57,0.05300000013812678
93,67,S2n_keV,16337.902000000235,16337.77,0.13200000023425673
93,67,S2p_keV,11490.14599999995,11490.0,0.14599999994970858
93,67,Qalpha_keV,1283.023999999743,1283.15,0.12600000025713598
92,68,Sn_keV,9574.452999999747,9574.51,0.05700000025353802
92,68,Sp_keV,6023.665000000037,6023.66,0.005000000037398422
92,68,S2n_keV,16903.05199999991,16903.05,0.0019999999094579834
92,68,S2p_keV,10234.819999999832,10234.82,1.673470251262188e-10
92,68,Qalpha_keV,2039.848000000231,2039.82,0.028000000231031663
91,69,Sn_keV,7802.994000000181,7802.95,0.04400000018085848
91,69,Sp_keV,3029.972999999998,3029.96,0.012999999998100975
91,69,S2n_keV,17741.438000000082,17741.47,0.03199999991920777
91,69,S2p_keV,8692.46200000029,8692.38,0.082000000291373
91,69,Qalpha_keV,2751.9559999997728,2752.02,0.06400000022722452
90,70,Sn_keV,10395.35400000005,10395.42,0.06599999994978134
90,70,Sp_keV,4881.2339999999385,4881.28,0.04600000006121263
90,70,S2n_keV,18295.045999999857,18295.1,0.054000000141968485
90,70,S2p_keV,7436.811999999918,7436.84,0.028000000082101906
90,70,Qalpha_keV,3624.188000000082,3624.09,0.09800000008181087
89,71,Sn_keV,8632.679999999935,8632.65,0.029999999935171218
89,71,Sp_keV,1720.3140000002459,1720.3,0.014000000245914634
89,71,S2n_keV,19200.336000000127,19200.38,0.043999999874358764
89,71,S2p_keV,6144.638000000035,6144.68,0.04199999996490078
89,71,Qalpha_keV,4139.647999999812,4139.7,0.05200000018794526
88,72,Sn_keV,11157.76000000001,11157.66,0.10000000000945874
88,72,Sp_keV,3519.399999999907,3519.31,0.08999999990692231
88,72,S2n_keV,19979.19200000004,19979.19,0.0020000000404252205
88,72,S2p_keV,4506.726000000024,4506.65,0.07600000002457818
88,72,Qalpha_keV,4901.775999999838,4901.86,0.08400000016172271
87,73,Sn_keV,9455.925000000047,9455.86,0.06500000004598405
87,73,Sp_keV,260.160000000149,260.06,0.10000000014900934
87,73,S2p_keV,3189.4560000002384,3189.45,0.006000000238600478
87,73,Qalpha_keV,5450.803999999771,5450.93,0.1260000002293964
86,74,Sp_keV,2176.244999999879,2176.28,0.035000000121272024
86,74,S2p_keV,1801.9120000000112,1802.01,0.09799999998881503
86,74,Qalpha_keV,6065.539999999804,6065.53,0.009999999804676918
99,62,Sn_keV,4508.601000000024,4508.49,0.11100000002443267
99,62,S2n_keV,10606.89599999995,10606.82,0.07599999994999962
99,62,Qalpha_keV,-2635.378000000026,-2635.33,0.04800000002614979
98,63,Sn_keV,6382.420000000158,6382.38,0.0400000001582157
98,63,Sp_keV,8845.780000000028,8845.7,0.08000000002721208
98,63,S2n_keV,11890.956999999937,11890.87,0.08699999993586971
98,63,S2p_keV,19815.199000000022,19815.19,0.009000000023661414
98,63,Qalpha_keV,-1919.3549999999814,-1919.4,0.0450000000187174
97,64,Sn_keV,5635.51099999994,5635.4,0.11099999994075915
97,64,Sp_keV,9314.391000000061,9314.33,0.06100000006154005
97,64,S2n_keV,13087.125,13087.02,0.10499999999956344
97,64,S2p_keV,17876.045999999857,17875.99,0.05599999985497561
97,64,Qalpha_keV,-1253.1999999999534,-1253.16,0.03999999995335202
96,65,Sn_keV,7696.719000000041,7696.65,0.06900000004134199
96,65,Sp_keV,6808.878999999957,6808.82,0.0589999999574502
96,65,S2n_keV,14071.918999999994,14071.86,0.05899999999382999
96,65,S2p_keV,15996.295999999857,15996.24,0.0559999998567946
96,65,Qalpha_keV,-427.64400000008754,-427.6,0.044000000087521585
95,66,Sn_keV,6454.270000000019,6454.39,0.11999999998170097
95,66,Sp_keV,7508.510000000242,7508.51,2.419255906715989e-10
95,66,S2n_keV,15031.213000000222,15031.3,0.08699999977761763
95,66,S2p_keV,14072.284000000218,14072.31,0.0259999997815612
95,66,Qalpha_keV,342.87799999979325,342.76,0.11799999979325548
94,67,Sn_keV,8885.83899999992,8885.86,0.021000000080675818
94,67,Sp_keV,4813.518999999855,4813.51,0.0089999998544954
94,67,S2n_keV,16010.464000000153,16010.37,0.09400000015193655
94,67,S2p_keV,12242.959000000032,12242.85,0.10900000003130117
94,67,Qalpha_keV,1141.1670000001322,1141.24,0.07299999986776129
93,68,Sn_keV,7208.743999999948,7208.7,0.043999999948027835
93,68,Sp_keV,6107.783999999752,6107.85,0.0660000002480956
93,68,S2n_keV,16783.196999999695,16783.21,0.01300000030460069
93,68,S2p_keV,10612.40699999989,10612.41,0.0030000001097505447
93,68,Qalpha_keV,1797.9950000001118,1798.03,0.034999999888214006
92,69,Sn_keV,9668.009999999776,9668.0,0.009999999776482582
92,69,Sp_keV,3123.530000000028,3123.45,0.08000000002812158
92,69,S2n_keV,17471.003999999957,17470.94,0.06399999995846883
92,69,S2p_keV,9147.195000000065,9147.12,0.07500000006439222
92,69,Qalpha_keV,2509.121999999974,2509.21,0.08800000002611341
91,70,Sn_keV,7748.017000000225,7748.01,0.007000000225161784
91,70,Sp_keV,4826.256999999983,4826.34,0.08300000001690933
91,70,S2n_keV,18143.371000000276,18143.43,0.058999999724619556
91,70,S2p_keV,7856.229999999981,7856.31,0.08000000001902663
91,70,Qalpha_keV,3149.397999999812,3149.32,0.07799999981170913
90,71,Sn_keV,10363.660999999847,10363.72,0.059000000152082066
90,71,Sp_keV,1688.6210000000428,1688.61,0.011000000042940883
90,71,S2n_keV,18996.340999999782,18996.37,0.02900000021691085
90,71,S2p_keV,6569.854999999981,6569.89,0.03500000001895387
90,71,Qalpha_keV,3722.1149999999907,3722.01,0.1049999999904685
89,72,Sn_keV,8447.037000000011,8447.05,0.012999999988096533
89,72,Sp_keV,3333.7569999999832,3333.71,0.046999999983199814
89,72,S2n_keV,19604.79700000002,19604.71,0.08700000002136221
89,72,S2p_keV,5054.071000000229,5054.01,0.061000000228887075
89,72,Qalpha_keV,4682.241999999853,4682.31,0.06800000014754914
88,73,Sn_keV,11026.571999999927,11026.62,0.048000000073443516
88,73,Sp_keV,128.97200000006706,129.02,0.047999999932955006
88,73,S2n_keV,20482.496999999974,20482.48,0.016999999974359525
88,73,S2p_keV,3648.371999999974,3648.33,0.04199999997399573
88,73,Qalpha_keV,5236.65699999989,5236.61,0.046999999890431354
86,75,Sp_keV,-1197.2879999999423,-1197.28,0.007999999942285285
86,75,S2p_keV,978.9569999999367,979.0,0.043000000063329935
86,75,Qalpha_keV,6328.178999999771,6328.21,0.031000000229141733
99,63,Sn_keV,4983.175999999978,4983.19,0.014000000021951564
99,63,Sp_keV,9320.354999999981,9320.41,0.05500000001848093
99,63,S2n_keV,11365.596000000136,11365.57,0.026000000136264134
99,63,Qalpha_keV,-2039.1640000001062,-2039.11,0.05400000010627082
98,64,Sn_keV,6845.918999999994,6845.89,0.028999999994084646
98,64,Sp_keV,9777.889999999898,9777.85,0.03999999989719072
98,64,S2n_keV,12481.429999999935,12481.29,0.1399999999339343
98,64,S2p_keV,18623.669999999925,18623.55,0.11999999992622179
98,64,Qalpha_keV,-1455.0840000000317,-1455.07,0.014000000031728632
97,65,Sn_keV,6285.720999999903,6285.69,0.03099999990354263
97,65,Sp_keV,7459.08899999992,7459.1,0.01100000008045754
97,65,S2n_keV,13982.439999999944,13982.33,0.1099999999441934
97,65,S2p_keV,16773.47999999998,16773.44,0.03999999998268322
97,65,Qalpha_keV,-845.6499999999069,-845.69,0.04000000009318683
96,66,Sn_keV,8197.123999999836,8196.99,0.1339999998363055
96,66,Sp_keV,8008.915000000037,8008.86,0.05500000003758032
96,66,S2n_keV,14651.393999999855,14651.38,0.013999999855514034
96,66,S2p_keV,14817.793999999994,14817.68,0.11399999999412103
96,66,Qalpha_keV,83.02799999993294,83.15,0.12200000006706091
95,67,Sn_keV,6915.55700000003,6915.59,0.0329999999703432
95,67,Sp_keV,5274.805999999866,5274.71,0.09599999986585317
95,67,S2n_keV,15801.39599999995,15801.45,0.054000000051019015
95,67,S2p_keV,12783.316000000108,12783.23,0.08600000010846998
95,67,Qalpha_keV,1004.1180000000168,1004.21,0.09199999998327257
94,68,Sn_keV,9204.210000000196,9204.23,0.019999999803985702
94,68,Sp_keV,6426.155000000028,6426.22,0.06499999997231498
94,68,S2n_keV,16412.954000000143,16412.93,0.024000000143132638
94,68,S2p_keV,11239.673999999883,11239.73,0.05600000011691009
94,68,Qalpha_keV,1647.8859999999404,1647.91,0.0240000000596865
93,69,Sn_keV,7650.366000000155,7650.4,0.033999999845036655
93,69,Sp_keV,3565.1520000002347,3565.15,0.0020000002346023393
93,69,S2n_keV,17318.37599999993,17318.4,0.024000000070373062
93,69,S2p_keV,9672.935999999987,9673.0,0.06400000001303852
93,69,Qalpha_keV,2284.8219999996945,2284.89,0.06800000030534648
92,70,Sn_keV,10058.392999999924,10058.26,0.13299999992341327
92,70,Sp_keV,5216.64000000013,5216.61,0.03000000013071258
92,70,S2n_keV,17806.41000000015,17806.28,0.13000000015017577
92,70,S2p_keV,8340.170000000158,8340.06,0.11000000015883415
92,70,Qalpha_keV,3052.437999999849,3052.55,0.11200000015105616
91,71,Sn_keV,8340.81700000004,8340.73,0.0870000000395521
91,71,Sp_keV,2281.4209999998566,2281.32,0.10099999985641261
91,71,S2n_keV,18704.477999999886,18704.45,0.02799999988565105
91,71,S2p_keV,7107.67799999984,7107.67,0.007999999839739758
91,71,Qalpha_keV,3446.5439999999944,3446.52,0.023999999994430254
90,72,Sn_keV,10925.602999999886,10925.65,0.047000000113257556
90,72,Sp_keV,3895.6990000000224,3895.63,0.0690000000222426
90,72,S2n_keV,19372.639999999898,19372.7,0.06000000010317308
90,72,S2p_keV,5584.320000000065,5584.24,0.08000000006541086
90,72,Qalpha_keV,4416.293999999994,4416.31,0.016000000005988113
89,73,Sn_keV,9072.497999999905,9072.51,0.012000000095213181
89,73,Sp_keV,754.4329999999609,754.49,0.05700000003912464
89,73,S2n_keV,20099.069999999832,20099.13,0.0600000001686567
89,73,S2p_keV,4088.189999999944,4088.2,0.010000000055697456
89,73,Qalpha_keV,5007.133999999845,5007.08,0.05399999984547321
88,74,Sp_keV,2509.2299999999814,2509.18,0.04999999998153726
88,74,S2n_keV,20815.482000000076,20815.39,0.09200000007695053
88,74,S2p_keV,2638.2020000000484,2638.21,0.007999999951607606
88,74,Qalpha_keV,5678.265999999829,5678.27,0.004000000171799911
100,63,Sn_keV,5852.816999999806,5852.8,0.016999999806103006
100,63,S2n_keV,10835.992999999784,10836.0,0.007000000216066837
100,63,Qalpha_keV,-2355.53199999989,-2355.52,0.011999999890122126
99,64,Sn_keV,5104.740999999922,5104.8,0.059000000078412995
99,64,Sp_keV,9899.454999999842,9899.46,0.005000000157451723
99,64,S2n_keV,11950.659999999916,11950.7,0.04000000008454663
99,64,S2p_keV,19219.809999999823,19219.87,0.060000000175932655
99,64,Qalpha_keV,-1531.0459999998566,-1531.03,0.01599999985660361
98,65,Sn_keV,6991.339000000153,6991.43,0.09099999984755414
98,65,Sp_keV,7604.509000000078,7604.64,0.13099999992209632
98,65,S2n_keV,13277.060000000056,13277.12,0.059999999944921
98,65,S2p_keV,17382.398999999976,17382.49,0.0910000000258151
98,65,Qalpha_keV,-977.6959999999963,-977.7,0.004000000003770765
97,66,Sn_keV,6270.921000000089,6271.01,0.08899999991081131
97,66,Sp_keV,7994.1150000002235,7994.18,0.06499999977677362
97,66,S2n_keV,14468.044999999925,14468.0,0.044999999925494194
97,66,S2p_keV,15453.204000000143,15453.29,0.08599999985744944
97,66,Qalpha_keV,-244.66900000022724,-244.65,0.019000000227237024
96,67,Sn_keV,8408.06799999997,8408.11,0.0420000000303844
96,67,Sp_keV,5485.75,5485.83,0.07999999999992724
96,67,S2n_keV,15323.625,15323.7,0.0750000000007276
96,67,S2p_keV,13494.665000000037,13494.69,0.024999999963256414
96,67,Qalpha_keV,729.0759999998845,729.11,0.03400000011549764
95,68,Sn_keV,6904.469000000041,6904.52,0.050999999959458364
95,68,Sp_keV,6415.067000000039,6415.15,0.08299999996052065
95,68,S2n_keV,16108.679000000237,16108.75,0.07099999976344407
95,68,S2p_keV,11689.872999999905,11689.86,0.01299999990442302
95,68,Qalpha_keV,1574.5739999997895,1574.5,0.0739999997895211
94,69,Sn_keV,9322.320999999996,9322.25,0.07099999999627471
94,69,Sp_keV,3683.2630000000354,3683.17,0.0930000000353175
94,69,S2n_keV,16972.68700000015,16972.65,0.037000000149419066
94,69,S2p_keV,10109.418000000063,10109.39,0.02800000006391201
94,69,Qalpha_keV,2175.7779999997,2175.9,0.12200000029997682
93,70,Sn_keV,7543.96399999992,7544.06,0.09600000008049392
93,70,Sp_keV,5110.237999999896,5110.27,0.032000000104744686
93,70,S2n_keV,17602.356999999844,17602.33,0.026999999841791578
93,70,S2p_keV,8675.39000000013,8675.43,0.03999999986990588
93,70,Qalpha_keV,2837.0730000000913,2837.02,0.0530000000912878
92,71,Sn_keV,10030.934000000125,10030.97,0.03599999987454794
92,71,Sp_keV,2253.9620000000577,2254.03,0.06799999994245809
92,71,S2n_keV,18371.751000000164,18371.7,0.05100000016318518
92,71,S2p_keV,7470.602000000188,7470.64,0.03799999981220026
92,71,Qalpha_keV,3354.053999999771,3354.07,0.016000000229269062
91,72,Sn_keV,8165.996000000043,8165.99,0.006000000043059117
91,72,Sp_keV,3720.878000000026,3720.9,0.021999999974013917
91,72,S2n_keV,19091.59899999993,19091.64,0.04100000007019844
91,72,S2p_keV,6002.298999999883,6002.22,0.0789999998823987
91,72,Qalpha_keV,4149.989999999758,4150.01,0.020000000242362148
90,73,Sn_keV,10825.800000000047,10825.75,0.05000000004656613
90,73,Sp_keV,654.6300000001211,654.59,0.0400000001210401
90,73,S2n_keV,19898.29799999995,19898.27,0.02799999995113467
90,73,S2p_keV,4550.329000000143,4550.23,0.09900000014386023
90,73,Qalpha_keV,4748.989999999991,4749.06,0.0700000000097134
89,74,Sn_keV,8980.22399999993,8980.3,0.07600000007005292
89,74,Sp_keV,2416.9560000000056,2416.97,0.013999999994211976
89,74,S2p_keV,3171.3889999999665,3171.46,0.07100000003356399
89,74,Qalpha_keV,5519.473999999929,5519.49,0.016000000070562237
88,75,Sp_keV,-708.0070000002161,-707.99,0.017000000216057742
88,75,S2n_keV,21304.762999999803,21304.68,0.08299999980226858
88,75,S2p_keV,1801.2229999997653,1801.19,0.03299999976525214
88,75,Qalpha_keV,6011.940000000177,6011.99,0.04999999982283043
99,65,Sn_keV,5553.280999999959,5553.21,0.07099999995898543
99,65,Sp_keV,8053.0490000001155,8053.05,0.0009999998846978997
99,65,S2n_keV,12544.620000000112,12544.64,0.019999999887659214
99,65,S2p_keV,17952.503999999957,17952.51,0.006000000041240128
99,65,Qalpha_keV,-1022.440000000177,-1022.42,0.020000000176992216
98,66,Sn_keV,7658.140999999829,7658.11,0.030999999828964064
98,66,Sp_keV,8660.9169999999,8660.86,0.056999999898835085
98,66,S2n_keV,13929.061999999918,13929.12,0.05800000008275674
98,66,S2p_keV,16265.425999999978,16265.51,0.08400000002257002
98,66,Qalpha_keV,-451.1959999999963,-451.14,0.05599999999628835
97,67,Sn_keV,6674.571999999927,6674.48,0.0919999999277934
97,67,Sp_keV,5889.400999999838,5889.3,0.10099999983776797
97,67,S2n_keV,15082.639999999898,15082.6,0.03999999989719072
97,67,S2p_keV,13883.516000000061,13883.49,0.02600000006168557
97,67,Qalpha_keV,429.7039999999106,429.84,0.13600000008938196
96,68,Sn_keV,8846.496999999974,8846.48,0.016999999974359525
96,68,Sp_keV,6853.496000000043,6853.52,0.02399999995759572
96,68,S2n_keV,15750.966000000015,15751.0,0.03399999998509884
96,68,S2p_keV,12339.246000000043,12339.35,0.10399999995752296
96,68,Qalpha_keV,1305.0200000000186,1304.92,0.10000000001855369
95,69,Sn_keV,7246.594999999972,7246.63,0.03500000002804882
95,69,Sp_keV,4025.3889999999665,4025.28,0.1089999999662723
95,69,S2n_keV,16568.91599999997,16568.88,0.0359999999673164
95,69,S2p_keV,10440.456000000006,10440.43,0.026000000005296897
95,69,Qalpha_keV,2053.807999999961,2053.78,0.027999999960684363
94,70,Sn_keV,9789.65000000014,9789.64,0.010000000140280463
94,70,Sp_keV,5577.567000000039,5577.67,0.10299999996095721
94,70,S2n_keV,17333.61400000006,17333.71,0.09599999993952224
94,70,S2p_keV,9260.830000000075,9260.84,0.009999999925639713
94,70,Qalpha_keV,2621.8759999996983,2621.89,0.014000000301621185
93,71,Sn_keV,7922.363999999827,7922.28,0.08399999982702866
93,71,Sp_keV,2632.3619999999646,2632.25,0.11199999996460974
93,71,S2n_keV,17953.29799999995,17953.25,0.047999999951571226
93,71,S2p_keV,7742.59999999986,7742.52,0.07999999985986506
93,71,Qalpha_keV,3234.684000000125,3234.74,0.055999999874984496
92,72,Sn_keV,10626.060000000056,10626.14,0.07999999994353857
92,72,Sp_keV,4316.003999999957,4316.07,0.0660000000425498
92,72,S2n_keV,18792.0560000001,18792.13,0.07399999990229844
92,72,S2p_keV,6569.966000000015,6570.1,0.13399999998546264
92,72,Qalpha_keV,3919.2839999997523,3919.29,0.006000000247695425
91,73,Sn_keV,8819.438000000082,8819.49,0.051999999917825335
91,73,Sp_keV,1308.0720000001602,1308.09,0.017999999839730663
91,73,S2n_keV,19645.23800000013,19645.24,0.0019999998730781954
91,73,S2p_keV,5028.950000000186,5028.99,0.039999999813517206
91,73,Qalpha_keV,4562.2319999998435,4562.22,0.011999999843283149
90,74,Sn_keV,11398.902000000002,11398.88,0.022000000002663
90,74,Sp_keV,2990.057999999961,2990.1,0.0420000000390246
90,74,S2n_keV,20379.12599999993,20379.19,0.0640000000676082
90,74,S2p_keV,3644.688000000082,3644.69,0.001999999918098183
90,74,Qalpha_keV,5278.331999999937,5278.27,0.06199999993623351
89,75,Sn_keV,9541.533000000054,9541.51,0.02300000005379843
89,75,Sp_keV,-146.69800000009127,-146.79,0.09199999990872243
89,75,S2p_keV,2270.2579999999143,2270.18,0.07799999991448203
89,75,Qalpha_keV,5926.3320000001695,5926.34,0.00799999983064481
88,76,Sp_keV,1708.7290000000503,1708.83,0.10099999994963582
88,76,S2p_keV,1000.7219999998342,1000.84,0.11800000016580725
88,76,Qalpha_keV,6479.456000000006,6479.43,0.026000000005296897
99,66,Sn_keV,5715.8889999999665,5715.96,0.07100000003356399
99,66,Sp_keV,8823.524999999907,8823.61,0.08500000009371433
99,66,S2n_keV,13374.029999999795,13374.07,0.04000000020459993
99,66,S2p_keV,16876.574000000022,16876.66,0.08599999997750274
99,66,Qalpha_keV,-531.5740000000224,-531.7,0.12599999997769373
98,67,Sn_keV,7988.704000000143,7988.82,0.11599999985628529
98,67,Sp_keV,6219.964000000153,6220.01,0.045999999847481376
98,67,S2n_keV,14663.27600000007,14663.3,0.02399999992849189
98,67,S2p_keV,14880.881000000052,14880.88,0.0010000000529544195
98,67,Qalpha_keV,137.71899999980815,137.67,0.048999999808160055
97,68,Sn_keV,6650.159999999916,6650.04,0.11999999991621735
97,68,Sp_keV,6829.084000000032,6829.08,0.004000000031737727
97,68,S2n_keV,15496.65699999989,15496.52,0.13699999988966738
97,68,S2p_keV,12718.48499999987,12718.38,0.1049999998704152
97,68,Qalpha_keV,1109.130000000121,1109.27,0.13999999987890988
96,69,Sn_keV,9096.918000000063,9096.9,0.018000000063693733
96,69,Sp_keV,4275.810000000056,4275.7,0.11000000005606125
96,69,S2n_keV,16343.513000000035,16343.53,0.01699999996526458
96,69,S2p_keV,11129.306000000099,11129.23,0.07600000009915675
96,69,Qalpha_keV,1842.7289999998175,1842.73,0.0010000001825574145
95,70,Sn_keV,7349.290999999968,7349.28,0.010999999968589691
95,70,Sp_keV,5680.263000000035,5680.32,0.056999999964318704
95,70,S2n_keV,17138.941000000108,17138.92,0.02100000010977965
95,70,S2p_keV,9705.652000000002,9705.6,0.05200000000149885
95,70,Qalpha_keV,2481.3289999996778,2481.31,0.01899999967781696
94,71,Sn_keV,9871.069000000134,9871.19,0.12099999986639887
94,71,Sp_keV,2713.780999999959,2713.79,0.009000000040941813
94,71,S2n_keV,17793.43299999996,17793.47,0.0370000000402797
94,71,S2p_keV,8291.347999999998,8291.46,0.11200000000098953
94,71,Qalpha_keV,3031.624999999767,3031.55,0.07499999976698746
93,72,Sn_keV,7888.384000000078,7888.32,0.06400000007852213
93,72,Sp_keV,4282.024000000209,4282.11,0.08599999979105633
93,72,S2n_keV,18514.444000000134,18514.46,0.015999999865016434
93,72,S2p_keV,6914.386000000173,6914.35,0.0360000001728622
93,72,Qalpha_keV,3778.9169999998994,3778.98,0.06300000010060103
92,73,Sn_keV,10636.401999999769,10636.37,0.031999999768231646
92,73,Sp_keV,1318.4139999998733,1318.32,0.0939999998734038
92,73,S2n_keV,19455.83999999985,19455.86,0.02000000014959369
92,73,S2p_keV,5634.4179999998305,5634.38,0.03799999983039015
92,73,Qalpha_keV,4289.490999999922,4289.58,0.08900000007815834
91,74,Sn_keV,8696.591999999946,8696.58,0.01199999994605605
91,74,Sp_keV,2867.211999999825,2867.19,0.021999999824856786
91,74,S2n_keV,20095.493999999948,20095.46,0.03399999994871905
91,74,S2p_keV,4175.283999999985,4175.28,0.003999999985353497
91,74,Qalpha_keV,5028.777000000002,5028.73,0.0470000000022992
90,75,Sn_keV,11258.601999999955,11258.66,0.058000000044557964
90,75,Sp_keV,-286.99800000013784,-287.01,0.011999999862155164
90,75,S2n_keV,20800.13500000001,20800.17,0.034999999988940544
90,75,S2p_keV,2703.059999999823,2703.09,0.03000000017709681
90,75,Qalpha_keV,5694.302000000142,5694.31,0.007999999858839146
101,65,S2n_keV,11949.420000000158,11949.46,0.03999999984080205
101,65,Qalpha_keV,-1606.2640000001993,-1606.3,0.035999999800651494
100,66,Sn_keV,7043.495000000112,7043.5,0.004999999888241291
100,66,S2n_keV,12759.384000000078,12759.46,0.07599999992089579
100,66,Qalpha_keV,-729.1500000001397,-729.3,0.14999999986025614
99,67,Sn_keV,6243.773999999976,6243.64,0.1339999999754582
99,67,Sp_keV,6747.849000000162,6747.69,0.1590000001624503
99,67,S2n_keV,14232.47800000012,14232.46,0.018000000120082404
99,67,S2p_keV,15571.374000000069,15571.3,0.07400000006964547
99,67,Qalpha_keV,179.6659999997355,179.71,0.04400000026450357
98,68,Sn_keV,8475.753999999957,8475.75,0.003999999957159162
98,68,Sp_keV,7316.133999999845,7316.01,0.12399999984518217
98,68,S2n_keV,15125.913999999873,15125.79,0.12399999987246701
98,68,S2p_keV,13536.097999999998,13536.02,0.0779999999977008
98,68,Qalpha_keV,830.5,830.52,0.01999999999998181
97,69,Sn_keV,7029.945999999996,7030.07,0.12400000000343425
97,69,Sp_keV,4655.596000000136,4655.74,0.14399999986380863
97,69,S2n_keV,16126.86400000006,16126.97,0.10599999993974052
97,69,S2p_keV,11484.680000000168,11484.81,0.12999999983185262
97,69,Qalpha_keV,1728.339999999851,1728.25,0.08999999985098839
96,70,Sn_keV,9371.750999999931,9371.68,0.07099999993079109
96,70,Sp_keV,5955.095999999903,5955.09,0.005999999902996933
96,70,S2n_keV,16721.0419999999,16720.96,0.08199999990029028
96,70,S2p_keV,10230.905999999959,10230.79,0.11599999995814869
96,70,Qalpha_keV,2313.7879999999423,2313.86,0.07200000005786933
95,71,Sn_keV,7650.125,7650.06,0.06499999999959982
95,71,Sp_keV,3014.6149999999907,3014.57,0.044999999990523065
95,71,S2n_keV,17521.194000000134,17521.25,0.05599999986588955
95,71,S2p_keV,8694.878000000026,8694.89,0.011999999973340891
95,71,Qalpha_keV,3031.8659999999218,3031.89,0.024000000078103767
94,72,Sn_keV,10294.82799999998,10294.79,0.03799999997863779
94,72,Sp_keV,4705.783000000054,4705.71,0.07300000005398033
94,72,S2n_keV,18183.212000000058,18183.11,0.10200000005715992
94,72,S2p_keV,7419.564000000013,7419.51,0.05400000001282024
94,72,Qalpha_keV,3542.4819999998435,3542.45,0.031999999843719706
93,73,Sn_keV,8321.27600000007,8321.24,0.036000000070998794
93,73,Sp_keV,1751.305999999866,1751.24,0.06599999986588045
93,73,S2n_keV,18957.67799999984,18957.61,0.06799999983923044
93,73,S2p_keV,6033.3300000000745,6033.35,0.019999999925857992
93,73,Qalpha_keV,4309.03199999989,4309.06,0.02800000011029624
92,74,Sn_keV,11098.347999999998,11098.33,0.017999999998210114
92,74,Sp_keV,3329.158000000054,3329.15,0.00800000005392576
92,74,S2n_keV,19794.939999999944,19794.91,0.029999999944266165
92,74,S2p_keV,4647.571999999927,4647.47,0.10199999992710218
92,74,Qalpha_keV,4856.03199999989,4856.06,0.02800000011029624
91,75,Sn_keV,9305.052000000142,9305.02,0.032000000141124474
91,75,Sp_keV,321.46200000005774,321.43,0.03200000005773518
91,75,S2n_keV,20563.654000000097,20563.68,0.02599999990343349
91,75,S2p_keV,3188.6739999998827,3188.62,0.053999999882762495
91,75,Qalpha_keV,5461.747999999905,5461.8,0.0520000000951768
90,76,Sp_keV,2060.6460000001825,2060.71,0.06399999981749716
90,76,S2n_keV,21152.05200000014,21152.05,0.002000000142288627
90,76,S2p_keV,1773.6480000000447,1773.7,0.05199999995534199
90,76,Qalpha_keV,6142.88599999994,6142.77,0.1159999999399588
101,66,Sn_keV,5417.184000000125,5417.15,0.03400000012516102
101,66,Sp_keV,9334.783999999985,9334.81,0.026000000014391844
101,66,S2n_keV,12460.679000000237,12460.65,0.029000000236919732
101,66,Qalpha_keV,-1041.5930000003427,-1041.66,0.06699999965735515
100,67,Sn_keV,7280.459000000032,7280.61,0.15099999996800761
100,67,Sp_keV,6984.813000000082,6984.81,0.003000000081556209
100,67,S2n_keV,13524.233000000007,13524.25,0.01699999999254942
100,67,Qalpha_keV,-109.45400000014342,-109.47,0.015999999856575187
99,68,Sn_keV,6436.388000000035,6436.46,0.07199999996464612
99,68,Sp_keV,7508.747999999905,7508.82,0.07200000009470386
99,68,S2n_keV,14912.141999999993,14912.2,0.058000000008178176
99,68,S2p_keV,14256.597000000067,14256.52,0.07700000006661867
99,68,Qalpha_keV,665.033000000054,665.07,0.03699999994603331
98,69,Sn_keV,8726.658999999985,8726.58,0.0789999999851716
98,69,Sp_keV,4906.501000000164,4906.57,0.06899999983579619
98,69,S2n_keV,15756.604999999981,15756.65,0.045000000018262654
98,69,S2p_keV,12222.63500000001,12222.58,0.055000000009385985
98,69,Qalpha_keV,1409.748999999836,1409.78,0.03100000016388549
97,70,Sn_keV,7066.0490000001155,7066.15,0.1009999998841522
97,70,Sp_keV,5991.199000000022,5991.17,0.029000000022278982
97,70,S2n_keV,16437.800000000047,16437.83,0.0299999999551801
97,70,S2p_keV,10646.795000000158,10646.91,0.11499999984152964
97,70,Qalpha_keV,2152.2079999998678,2152.23,0.022000000132265995
96,71,Sn_keV,9551.456999999937,9551.46,0.00300000006245682
96,71,Sp_keV,3194.3209999999963,3194.36,0.03900000000385262
96,71,S2n_keV,17201.581999999937,17201.52,0.06199999993623351
96,71,S2p_keV,9149.4169999999,9149.45,0.033000000101310434
96,71,Qalpha_keV,2802.7299999999814,2802.68,0.04999999998153726
95,72,Sn_keV,7680.020000000019,7680.09,0.06999999998151907
95,72,Sp_keV,4735.678000000073,4735.75,0.07199999992735684
95,72,S2n_keV,17974.847999999998,17974.88,0.03200000000288128
95,72,S2p_keV,7750.293000000063,7750.32,0.026999999936379027
95,72,Qalpha_keV,3406.425999999745,3406.42,0.005999999744744855
94,73,Sn_keV,10324.601000000024,10324.6,0.001000000023850589
94,73,Sp_keV,1781.0789999999106,1781.05,0.028999999910638508
94,73,S2n_keV,18645.877000000095,18645.84,0.03700000009484938
94,73,S2p_keV,6486.861999999965,6486.76,0.10199999996439146
94,73,Qalpha_keV,4015.3649999999907,4015.43,0.06500000000914952
93,74,Sn_keV,8281.34300000011,8281.34,0.0030000001097505447
93,74,Sp_keV,3289.225000000093,3289.25,0.024999999906867743
93,74,S2n_keV,19379.691000000108,19379.67,0.02100000010977965
93,74,S2p_keV,5040.530999999959,5040.49,0.040999999959240085
93,74,Qalpha_keV,4740.684999999823,4740.71,0.02500000017698767
91,76,Sn_keV,9141.881999999983,9141.79,0.09199999998236308
91,76,Sp_keV,1897.4760000000242,1897.49,0.013999999975794708
91,76,S2p_keV,2218.938000000082,2218.91,0.028000000082101906
91,76,Qalpha_keV,5981.227999999886,5981.28,0.052000000113366696
90,77,Sp_keV,-1070.001000000164,-1070.11,0.10899999983598718
90,77,S2p_keV,990.6450000000186,990.61,0.03500000001861281
90,77,Qalpha_keV,6504.879999999888,6504.89,0.010000000112086127
102,66,Sn_keV,6700.383999999845,6700.26,0.12399999984518217
102,66,S2n_keV,12117.56799999997,12117.41,0.1579999999703432
101,67,Sn_keV,5851.962999999989,5851.86,0.10299999998915155
101,67,Sp_keV,7419.591999999946,7419.52,0.07199999994554673
101,67,S2n_keV,13132.42200000002,13132.48,0.057999999979074346
101,67,S2p_keV,16754.37599999993,16754.32,0.05599999993137317
101,67,Qalpha_keV,-408.1360000001732,-408.12,0.01600000017322145
100,68,Sn_keV,7771.38599999994,7771.31,0.07599999993999518
100,68,Sp_keV,7999.674999999814,7999.52,0.15499999981329893
100,68,S2n_keV,14207.773999999976,14207.76,0.013999999975567334
100,68,S2p_keV,14984.487999999896,14984.32,0.1679999998959829
100,68,Qalpha_keV,551.7879999999423,551.88,0.09200000005773745
99,69,Sn_keV,6840.576999999816,6840.6,0.023000000184765668
99,69,Sp_keV,5310.689999999944,5310.71,0.020000000055915734
99,69,S2n_keV,15567.2359999998,15567.18,0.05599999980040593
99,69,S2p_keV,12819.43799999985,12819.53,0.0920000001515291
99,69,Qalpha_keV,1243.7439999999478,1243.67,0.07399999994777318
98,70,Sn_keV,9062.628999999957,9062.64,0.011000000042258762
98,70,Sp_keV,6327.168999999994,6327.23,0.06100000000515138
98,70,S2n_keV,16128.678000000073,16128.79,0.11199999992822995
98,70,S2p_keV,11233.670000000158,11233.8,0.12999999984094757
98,70,Qalpha_keV,1936.0759999998845,1936.07,0.005999999884579665
97,71,Sn_keV,7637.98900000006,7638.04,0.050999999940358975
97,71,Sp_keV,3766.2609999999404,3766.25,0.010999999940395355
97,71,S2n_keV,17189.445999999996,17189.5,0.05400000000372529
97,71,S2p_keV,9757.459999999963,9757.42,0.03999999996267434
97,71,Qalpha_keV,2411.335999999894,2411.27,0.06599999989384742
96,72,Sn_keV,9964.175999999978,9964.11,0.06599999997706618
96,72,Sp_keV,5148.397000000114,5148.4,0.002999999886014848
96,72,S2n_keV,17644.195999999996,17644.2,0.004000000004452886
96,72,S2p_keV,8342.71800000011,8342.75,0.031999999890103936
96,72,Qalpha_keV,3231.899999999907,3231.95,0.05000000009295036
95,73,Sn_keV,8114.117000000086,8114.17,0.05299999991439108
95,73,Sp_keV,2215.1759999999776,2215.12,0.0559999999777574
95,73,S2n_keV,18438.71800000011,18438.77,0.051999999890540494
95,73,S2p_keV,6950.85400000005,6950.87,0.01599999994959944
95,73,Qalpha_keV,3823.611999999732,3823.55,0.0619999997315972
94,74,Sn_keV,10866.332999999868,10866.37,0.03700000013304816
94,74,Sp_keV,3830.9569999999367,3831.02,0.06300000006331175
94,74,S2n_keV,19147.675999999978,19147.71,0.03400000002147863
94,74,S2p_keV,5612.035999999847,5612.07,0.034000000152445864
94,74,Qalpha_keV,4500.412000000011,4500.48,0.06799999998838757
93,75,Sp_keV,985.7489999998361,985.8,0.0510000001638673
93,75,S2n_keV,20043.977999999886,20044.04,0.06200000011449447
93,75,S2p_keV,4274.973999999929,4275.05,0.07600000007096241
93,75,Qalpha_keV,5063.008000000147,5063.0,0.008000000147148967
92,76,Sn_keV,11564.429999999935,11564.54,0.1100000000660657
92,76,S2n_keV,20706.311999999918,20706.33,0.018000000083702616
92,76,S2p_keV,2685.0200000000186,2685.12,0.09999999998126441
92,76,Qalpha_keV,5815.699999999953,5815.63,0.06999999995332473
91,77,Sn_keV,9665.02500000014,9665.1,0.07499999986066541
91,77,Sp_keV,-546.8580000000075,-546.8,0.058000000007496055
91,77,S2p_keV,1350.6180000000168,1350.69,0.07199999998329076
91,77,Qalpha_keV,6381.387999999803,6381.3,0.08799999980237772
90,78,Sp_keV,1223.8649999999907,1223.99,0.12500000000932232
90,78,S2p_keV,153.86399999982677,153.88,0.01600000017322145
90,78,Qalpha_keV,6989.743999999948,6989.73,0.013999999948282493
103,66,Sn_keV,5108.898999999976,5108.93,0.031000000024505425
103,66,S2n_keV,11809.282999999821,11809.19,0.09299999982067675
102,67,Sn_keV,6807.2360000000335,6807.32,0.08399999996618135
102,67,Sp_keV,7526.444000000134,7526.58,0.1359999998658168
102,67,S2n_keV,12659.199000000022,12659.19,0.009000000021842425
101,68,Sn_keV,6003.24300000025,6003.25,0.00699999975040555
101,68,Sp_keV,8150.9550000000745,8150.9,0.055000000074869604
101,68,S2n_keV,13774.62900000019,13774.56,0.06900000019049912
101,68,S2p_keV,15570.54700000002,15570.42,0.12700000002041634
101,68,Qalpha_keV,264.43399999965914,264.59,0.15600000034083905
100,69,Sn_keV,8033.665000000037,8033.61,0.05500000003758032
100,69,Sp_keV,5572.969000000041,5573.01,0.040999999959240085
100,69,S2n_keV,14874.241999999853,14874.21,0.03199999985372415
100,69,S2p_keV,13572.643999999855,13572.53,0.11399999985405884
100,69,Qalpha_keV,1198.783000000054,1198.88,0.09699999994609243
99,70,Sn_keV,6867.043999999994,6866.98,0.06399999999484862
99,70,Sp_keV,6353.636000000173,6353.61,0.026000000173553417
99,70,S2n_keV,15929.672999999952,15929.62,0.05299999995077087
99,70,S2p_keV,11664.326000000117,11664.32,0.006000000117637683
99,70,Qalpha_keV,1719.1919999998063,1719.13,0.061999999806175765
98,71,Sn_keV,9088.118999999948,9088.03,0.0889999999471911
98,71,Sp_keV,3791.750999999931,3791.63,0.12099999993097299
98,71,S2n_keV,16726.108000000007,16726.07,0.03800000000774162
98,71,S2p_keV,10118.919999999925,10118.86,0.05999999992491212
98,71,Qalpha_keV,2420.1350000000093,2420.14,0.004999999990559445
97,72,Sn_keV,7427.5779999999795,7427.65,0.0720000000201253
97,72,Sp_keV,4937.9860000000335,4938.01,0.023999999966690666
97,72,S2n_keV,17391.753999999957,17391.77,0.016000000043277396
97,72,S2p_keV,8704.246999999974,8704.25,0.003000000026077032
97,72,Qalpha_keV,3153.6129999998957,3153.58,0.03299999989576463
96,73,Sn_keV,9967.82899999991,9967.84,0.011000000089552486
96,73,Sp_keV,2218.8289999999106,2218.85,0.021000000089316018
96,73,S2n_keV,18081.945999999996,18082.0,0.05400000000372529
96,73,S2p_keV,7367.226000000024,7367.25,0.023999999975785613
96,73,Qalpha_keV,3726.8519999999553,3726.9,0.04800000004479443
95,74,Sn_keV,8096.009000000078,8096.08,0.07099999992169614
95,74,Sp_keV,3812.848999999929,3812.94,0.09100000007083509
95,74,S2n_keV,18962.341999999946,18962.45,0.1080000000547443
95,74,S2p_keV,6028.024999999907,6028.06,0.035000000093532435
95,74,Qalpha_keV,4292.787000000011,4292.72,0.06700000001092121
94,75,Sn_keV,10685.595000000205,10685.66,0.06499999979496351
94,75,Sp_keV,805.0110000001732,805.09,0.07899999982680583
94,75,S2p_keV,4635.96800000011,4636.11,0.14199999988977652
94,75,Qalpha_keV,5013.814999999711,5013.7,0.1149999997114719
93,76,Sn_keV,8798.908000000054,8798.79,0.1180000000531436
93,76,Sp_keV,2216.8360000001267,2216.78,0.05600000012645978
93,76,S2n_keV,20363.33799999999,20363.33,0.0079999999870779
93,76,S2p_keV,3202.5849999999627,3202.57,0.014999999962583388
93,76,Qalpha_keV,5713.383999999845,5713.42,0.03600000015467231
92,77,Sn_keV,11498.923999999883,11498.93,0.006000000117637683
92,77,Sp_keV,-612.3640000000596,-612.4,0.03599999994037262
92,77,S2n_keV,21163.949000000022,21164.03,0.0809999999764841
92,77,Qalpha_keV,6141.065999999875,6141.02,0.04599999987476622
103,67,Sn_keV,5512.8279999999795,5512.82,0.007999999979801942
103,67,Sp_keV,7930.373000000138,7930.47,0.09699999986241892
103,67,S2n_keV,12320.064000000013,12320.14,0.07599999998637941
103,67,Qalpha_keV,-778.7800000000279,-778.81,0.029999999972005753
102,68,Sn_keV,7256.818999999901,7256.89,0.07100000009904761
102,68,Sp_keV,8600.537999999942,8600.47,0.06799999994291284
102,68,S2n_keV,13260.06200000015,13260.14,0.07799999984854367
102,68,S2p_keV,16126.982000000076,16127.06,0.07799999992312223
102,68,Qalpha_keV,51.109999999869615,51.19,0.08000000013038289
101,69,Sn_keV,6591.9529999999795,6591.96,0.007000000020525476
101,69,Sp_keV,6161.678999999771,6161.72,0.04100000022936001
101,69,S2n_keV,14625.618000000017,14625.57,0.048000000017054845
101,69,S2p_keV,14312.633999999845,14312.62,0.013999999844600097
101,69,Qalpha_keV,850.6040000000503,850.56,0.04400000005034599
100,70,Sn_keV,8457.621999999974,8457.67,0.04800000002614979
100,70,Sp_keV,6777.59300000011,6777.68,0.08699999989039497
100,70,S2n_keV,15324.665999999968,15324.65,0.01599999996869883
100,70,S2p_keV,12350.56200000015,12350.69,0.12799999984963506
100,70,Qalpha_keV,1737.3239999997895,1737.21,0.11399999978948472
99,71,Sn_keV,7292.945000000065,7292.98,0.03499999993437086
99,71,Sp_keV,4217.652000000002,4217.63,0.022000000001753506
99,71,S2n_keV,16381.064000000013,16381.01,0.05400000001282024
99,71,S2p_keV,10571.288000000175,10571.24,0.04800000017530692
99,71,Qalpha_keV,2157.1359999999404,2157.24,0.10400000005938637
98,72,Sn_keV,9608.267999999924,9608.28,0.012000000077023287
98,72,Sp_keV,5458.135000000009,5458.26,0.12499999999090505
98,72,S2n_keV,17035.845999999903,17035.94,0.09400000009554788
98,72,S2p_keV,9249.88599999994,9249.89,0.004000000059022568
98,72,Qalpha_keV,2917.095999999903,2916.97,0.12599999990334254
97,73,Sn_keV,7918.587000000058,7918.55,0.0370000000575601
97,73,Sp_keV,2709.837999999989,2709.75,0.08799999998882413
97,73,S2n_keV,17886.41599999997,17886.39,0.02599999996891711
97,73,S2p_keV,7647.824000000022,7647.76,0.06400000002213346
97,73,Qalpha_keV,3458.3899999998976,3458.4,0.010000000102536433
96,74,Sn_keV,10444.407000000123,10444.28,0.12700000012227974
96,74,Sp_keV,4289.427000000142,4289.37,0.05700000014167017
96,74,S2n_keV,18540.4160000002,18540.36,0.0560000002005836
96,74,S2p_keV,6508.256000000052,6508.22,0.036000000051899406
96,74,Qalpha_keV,4143.207999999868,4143.24,0.03200000013202953
95,75,Sn_keV,8575.294999999925,8575.28,0.014999999924839358
95,75,Sp_keV,1284.2970000000205,1284.29,0.007000000020525476
95,75,S2n_keV,19260.89000000013,19260.94,0.04999999986830517
95,75,S2p_keV,5097.14599999995,5097.23,0.08400000004985486
95,75,Qalpha_keV,4759.795999999857,4759.67,0.12599999985650356
94,76,Sn_keV,11274.763999999966,11274.87,0.10600000003432797
94,76,Sp_keV,2806.0049999998882,2805.99,0.01499999988845957
94,76,S2n_keV,20073.67200000002,20073.67,0.0020000000222353265
94,76,S2p_keV,3611.0160000000615,3611.08,0.06399999993845995
94,76,Qalpha_keV,5536.967999999877,5536.87,0.09799999987717456
92,78,Sp_keV,1494.3959999999497,1494.33,0.06599999994978134
92,78,S2n_keV,21434.47999999998,21434.37,0.10999999998239218
92,78,S2p_keV,882.0319999998901,881.92,0.11199999989014486
92,78,Qalpha_keV,6707.316000000108,6707.41,0.09399999989182106
104,67,Sn_keV,6351.648000000045,6351.59,0.058000000044557964
104,67,S2n_keV,11864.476000000024,11864.41,0.0660000000243599
103,68,Sn_keV,5681.53600000008,5681.59,0.05399999992005178
103,68,Sp_keV,8769.246000000043,8769.25,0.003999999957159162
103,68,S2n_keV,12938.354999999981,12938.49,0.13500000001840817
103,68,S2p_keV,16699.61900000018,16699.72,0.10099999982048757
103,68,Qalpha_keV,-213.24200000008568,-213.25,0.007999999914318323
102,69,Sn_keV,7485.813000000082,7485.76,0.05300000008173811
102,69,Sp_keV,6390.672999999952,6390.59,0.08299999995142571
102,69,S2n_keV,14077.766000000061,14077.72,0.046000000062122126
102,69,S2p_keV,14991.210999999894,14991.06,0.15099999989433854
102,69,Qalpha_keV,645.25,645.41,0.15999999999996817
101,70,Sn_keV,6614.291999999899,6614.21,0.08199999989938078
101,70,Sp_keV,6799.93200000003,6799.93,0.002000000029511284
101,70,S2n_keV,15071.913999999873,15071.88,0.033999999874140485
101,70,S2p_keV,12961.6109999998,12961.65,0.03900000019893923
101,70,Qalpha_keV,1559.4199999999255,1559.45,0.03000000007455128
100,71,Sn_keV,8593.470999999903,8593.49,0.01900000009663927
100,71,Sp_keV,4353.500999999931,4353.45,0.05099999993126403
100,71,S2n_keV,15886.415999999968,15886.47,0.05400000003101013
100,71,S2p_keV,11131.094000000041,11131.12,0.025999999959822162
100,71,Qalpha_keV,2290.3240000000224,2290.33,0.005999999977575499
99,72,Sn_keV,7248.878000000026,7248.81,0.06800000002567685
99,72,Sp_keV,5414.06799999997,5414.09,0.02200000002994784
99,72,S2n_keV,16857.14599999995,16857.09,0.05599999994956306
99,72,S2p_keV,9631.719999999972,9631.72,2.7284841053187847e-11
99,72,Qalpha_keV,2734.2669999999925,2734.32,0.05300000000761429
98,73,Sn_keV,9653.940999999875,9653.93,0.010999999874911737
98,73,Sp_keV,2755.5109999999404,2755.39,0.12099999994052268
98,73,S2n_keV,17572.527999999933,17572.48,0.04799999993338133
98,73,S2p_keV,8213.64599999995,8213.65,0.004000000049927621
98,73,Qalpha_keV,3355.905999999959,3355.94,0.03400000004103276
97,74,Sn_keV,7866.504999999888,7866.58,0.07500000011168595
97,74,Sp_keV,4237.344999999972,4237.4,0.05500000002757588
97,74,S2n_keV,18310.91200000001,18310.85,0.06200000001263106
97,74,S2p_keV,6947.182999999961,6947.14,0.042999999960557034
97,74,Qalpha_keV,3956.722999999998,3956.75,0.027000000001862645
96,75,Sn_keV,10408.402000000002,10408.4,0.002000000002226443
96,75,Sp_keV,1248.2919999998994,1248.42,0.1280000001006556
96,75,S2n_keV,18983.696999999927,18983.68,0.0169999999270658
96,75,S2p_keV,5537.719000000041,5537.79,0.07099999995898543
96,75,Qalpha_keV,4675.994999999879,4675.86,0.13499999987925548
95,76,Sn_keV,8447.123999999836,8447.01,0.11399999983586895
95,76,Sp_keV,2677.833999999799,2677.72,0.11399999979903441
95,76,S2n_keV,19721.887999999803,19721.89,0.002000000196858309
95,76,S2p_keV,3962.1309999998193,3962.01,0.12099999981910514
95,76,Qalpha_keV,5371.187000000151,5371.2,0.012999999848943844
94,77,Sp_keV,-225.14100000006147,-225.25,0.10899999993853271
94,77,S2n_keV,20460.89500000002,20460.82,0.07500000001891749
94,77,S2p_keV,2580.863999999827,2580.73,0.1339999998267558
93,78,Sn_keV,9241.72900000005,9241.83,0.10099999994963582
93,78,S2p_keV,1324.8529999998864,1324.95,0.09700000011366683
93,78,Qalpha_keV,6607.469000000041,6607.38,0.08900000004086905
92,79,Sp_keV,-1447.9939999999478,-1447.93,0.06399999994778227
92,79,S2p_keV,46.40200000000186,46.4,0.0020000000018640662
92,79,Qalpha_keV,7085.308999999892,7085.23,0.07899999989240314
104,68,Sn_keV,6835.953999999911,6835.97,0.016000000089661626
104,68,Sp_keV,9253.551999999909,9253.63,0.07800000009046926
104,68,S2n_keV,12517.48999999999,12517.57,0.08000000000902219
104,68,Qalpha_keV,-348.8120000001509,-348.96,0.14799999984910528
103,69,Sn_keV,6235.349000000162,6235.4,0.050999999837586074
103,69,Sp_keV,6944.4860000000335,6944.39,0.0960000000332002
103,69,S2n_keV,13721.162000000244,13721.16,0.0020000002441520337
103,69,S2p_keV,15713.732000000076,15713.64,0.09200000007695053
103,69,Qalpha_keV,261.8639999998268,261.88,0.01600000017322145
102,70,Sn_keV,8019.966000000015,8019.95,0.01600000001508306
102,70,Sp_keV,7334.084999999963,7334.12,0.035000000037143764
102,70,S2n_keV,14634.257999999914,14634.16,0.09799999991446384
102,70,S2p_keV,13724.757999999914,13724.71,0.04799999991519144
102,70,Qalpha_keV,1310.839999999851,1310.81,0.029999999851042958
101,71,Sn_keV,6978.873000000138,6978.9,0.02699999986180046
101,71,Sp_keV,4718.0820000001695,4718.14,0.05799999983082671
101,71,S2n_keV,15572.344000000041,15572.39,0.04599999995843973
101,71,S2p_keV,11518.0140000002,11518.07,0.05599999980040593
101,71,Qalpha_keV,2152.0279999997,2152.03,0.002000000300085958
100,72,Sn_keV,9042.168000000063,9042.2,0.03199999993739766
100,72,Sp_keV,5862.76500000013,5862.8,0.03499999986979674
100,72,S2n_keV,16291.04600000009,16291.01,0.03600000008918869
100,72,S2p_keV,10216.266000000061,10216.25,0.01600000006146729
100,72,Qalpha_keV,2754.7279999998864,2754.76,0.03200000011383963
99,73,Sn_keV,7680.999000000069,7681.02,0.020999999931518687
99,73,Sp_keV,3187.6319999999832,3187.6,0.03199999998332714
99,73,S2n_keV,17334.939999999944,17334.95,0.01000000005660695
99,73,S2p_keV,8601.699999999953,8601.69,0.009999999952924554
99,73,Qalpha_keV,3312.8959999999497,3312.96,0.0640000000503278
98,74,Sn_keV,10082.435000000056,10082.41,0.025000000056024874
98,74,Sp_keV,4665.839000000153,4665.88,0.04099999984737224
98,74,S2n_keV,17948.939999999944,17948.99,0.050000000057480065
98,74,S2p_keV,7421.350000000093,7421.27,0.0800000000926957
98,74,Qalpha_keV,3838.46399999992,3838.45,0.013999999920088158
97,75,Sn_keV,8358.131999999983,8358.14,0.00800000001618173
97,75,Sp_keV,1739.9189999999944,1739.99,0.07100000000559703
97,75,S2n_keV,18766.533999999985,18766.55,0.016000000014173565
97,75,S2p_keV,5977.2639999999665,5977.38,0.11600000003363675
97,75,Qalpha_keV,4431.979999999981,4431.89,0.08999999998104613
96,76,Sn_keV,11013.152000000002,11013.22,0.06799999999748252
96,76,Sp_keV,3282.583999999799,3282.53,0.053999999798634235
96,76,S2n_keV,19460.275999999838,19460.23,0.04599999983838643
96,76,S2p_keV,4530.875999999698,4530.95,0.07400000030156662
96,76,Qalpha_keV,5224.368000000017,5224.35,0.01800000001640001
95,77,Sn_keV,9038.617000000086,9038.66,0.042999999914172804
95,77,Sp_keV,366.3520000001881,366.4,0.0479999998118501
95,77,S2p_keV,3044.185999999987,3044.12,0.06599999998707062
95,77,Qalpha_keV,5990.583999999799,5990.6,0.016000000201529474
94,78,Sn_keV,11708.63500000001,11708.53,0.10500000000865839
94,78,Sp_keV,1983.8649999999907,1983.87,0.005000000009204086
94,78,S2n_keV,20950.36400000006,20950.36,0.004000000059022568
94,78,S2p_keV,1758.7239999999292,1758.61,0.11399999992931953
94,78,Qalpha_keV,6463.2639999999665,6463.38,0.11600000003363675
93,79,Sn_keV,9827.050000000047,9827.03,0.020000000045911293
93,79,Sp_keV,-862.6729999999516,-862.73,0.057000000048446964
93,79,Qalpha_keV,6923.283999999985,6923.3,0.01600000001508306
92,80,Sp_keV,785.5260000000708,785.42,0.10600000007082144
92,80,S2p_keV,-662.4679999998771,-662.51,0.042000000122925485
92,80,Qalpha_keV,7523.647999999812,7523.8,0.15200000018830906
104,69,Sn_keV,6953.046999999788,6953.0,0.04699999978765845
104,69,Sp_keV,7061.578999999911,7061.42,0.15899999991052027
104,69,S2n_keV,13188.39599999995,13188.4,0.004000000049927621
104,69,S2p_keV,16315.13099999982,16315.04,0.0909999998184503
104,69,Qalpha_keV,116.05300000007264,116.2,0.14699999992735968
103,70,Sn_keV,6367.083000000101,6367.1,0.01699999989978096
103,70,Sp_keV,7465.818999999901,7465.82,0.0010000000984291546
103,70,S2n_keV,14387.049000000115,14387.05,0.000999999883788405
103,70,S2p_keV,14410.304999999935,14410.21,0.09499999993568053
103,70,Qalpha_keV,947.0,946.96,0.03999999999996362
102,71,Sn_keV,8216.285999999847,8216.25,0.0359999998472631
102,71,Sp_keV,4914.402000000002,4914.44,0.03799999999773718
102,71,S2n_keV,15195.158999999985,15195.15,0.008999999985462637
102,71,S2p_keV,12248.486999999965,12248.56,0.07300000003488094
102,71,Qalpha_keV,1969.40699999989,1969.38,0.026999999889994797
101,72,Sn_keV,7080.971999999834,7080.88,0.09199999983411544
101,72,Sp_keV,5964.863999999827,5964.77,0.09399999982633744
101,72,S2n_keV,16123.139999999898,16123.07,0.06999999989784556
101,72,S2p_keV,10682.945999999996,10682.92,0.02599999999620195
101,72,Qalpha_keV,2540.8000000000466,2540.86,0.0599999999535612
100,73,Sn_keV,9137.81200000015,9137.88,0.06799999984832539
100,73,Sp_keV,3283.276000000071,3283.28,0.003999999929419573
100,73,S2n_keV,16818.81100000022,16818.9,0.08899999978166306
100,73,S2p_keV,9146.041000000201,9146.08,0.038999999798761564
100,73,Qalpha_keV,3263.2029999997467,3263.11,0.09299999974655293
99,74,Sn_keV,7701.508999999845,7701.51,0.0010000001548178261
99,74,Sp_keV,4686.348999999929,4686.38,0.031000000070889655
99,74,S2n_keV,17783.9439999999,17783.93,0.013999999900988769
99,74,S2p_keV,7873.9809999999125,7873.98,0.0009999999128922354
99,74,Qalpha_keV,3564.533000000054,3564.59,0.05699999994612881
98,75,Sn_keV,10088.153999999864,10088.08,0.07399999986409966
98,75,Sp_keV,1745.6379999998026,1745.65,0.012000000197531335
98,75,S2n_keV,18446.285999999847,18446.22,0.06599999984609894
98,75,S2p_keV,6411.476999999955,6411.53,0.053000000044448825
98,75,Qalpha_keV,4311.655000000028,4311.65,0.005000000028303475
97,76,Sn_keV,8265.673000000184,8265.73,0.05699999981516157
97,76,Sp_keV,3190.125,3190.12,0.005000000000109139
97,76,S2n_keV,19278.825000000186,19278.95,0.12499999981446308
97,76,S2p_keV,4930.043999999994,4930.11,0.06600000000526052
97,76,Qalpha_keV,5054.703999999911,5054.7,0.003999999910774932
96,77,Sn_keV,10960.354999999981,10960.38,0.025000000017826096
96,77,Sp_keV,313.55500000016764,313.56,0.00499999983236421
96,77,S2n_keV,19998.972000000067,19999.04,0.06799999993381789
96,77,S2p_keV,3596.1389999999665,3596.1,0.03899999996656334
96,77,Qalpha_keV,5715.824000000022,5715.88,0.0559999999777574
95,78,Sn_keV,8907.175999999978,8907.31,0.13400000002184242
95,78,Sp_keV,1852.4239999998827,1852.51,0.08600000011733755
95,78,S2n_keV,20615.810999999987,20615.84,0.029000000013184035
95,78,S2p_keV,2218.776000000071,2218.91,0.13399999992907397
95,78,Qalpha_keV,6354.996000000043,6354.86,0.13600000004316826
94,79,Sn_keV,11585.824999999953,11585.75,0.07499999995343387
94,79,Sp_keV,-985.4830000000075,-985.51,0.026999999992540324
94,79,S2n_keV,21412.875,21412.78,0.09500000000116415
94,79,S2p_keV,998.3819999999832,998.36,0.02199999998322255
94,79,Qalpha_keV,6836.382999999914,6836.48,0.09700000008524512
105,69,Sn_keV,5679.6089999999385,5679.77,0.16100000006190385
105,69,S2n_keV,12632.655999999726,12632.77,0.1140000002742454
105,69,Qalpha_keV,-50.72799999988638,-50.75,0.022000000113621354
104,70,Sn_keV,7464.506999999983,7464.6,0.0930000000171276
104,70,Sp_keV,7977.279000000097,7977.42,0.1409999999032152
104,70,S2n_keV,13831.590000000084,13831.7,0.10999999991690856
104,70,S2p_keV,15038.858000000007,15038.84,0.01800000000730506
104,70,Qalpha_keV,739.311999999918,739.25,0.06199999991804361
103,71,Sn_keV,6760.632000000216,6760.6,0.03200000021570304
103,71,Sp_keV,5307.951000000117,5307.94,0.011000000117746822
103,71,S2n_keV,14976.918000000063,14976.85,0.06800000006296614
103,71,S2p_keV,12773.770000000019,12773.76,0.010000000018408173
103,71,Qalpha_keV,1800.7279999996535,1800.74,0.012000000346461093
102,72,Sn_keV,8503.974000000162,8504.01,0.03599999983816815
102,72,Sp_keV,6252.552000000142,6252.54,0.012000000141597411
102,72,S2n_keV,15584.945999999996,15584.89,0.055999999996856786
102,72,S2p_keV,11166.954000000143,11166.98,0.025999999856139766
102,72,Qalpha_keV,2494.4479999998584,2494.52,0.07200000014154284
101,73,Sn_keV,7415.5759999998845,7415.55,0.025999999884334102
101,73,Sp_keV,3617.880000000121,3617.95,0.06999999987874617
101,73,S2n_keV,16553.388000000035,16553.42,0.03199999996286351
101,73,S2p_keV,9582.743999999948,9582.73,0.013999999948282493
101,73,Qalpha_keV,3140.5719999999274,3140.54,0.03199999992739322
100,74,Sn_keV,9570.935000000056,9571.02,0.0849999999445572
100,74,Sp_keV,5119.471999999834,5119.52,0.048000000166211976
100,74,S2n_keV,17272.4439999999,17272.54,0.09600000009959331
100,74,S2p_keV,8402.747999999905,8402.8,0.05200000009426731
100,74,Qalpha_keV,3601.8659999999218,3601.85,0.015999999921859853
99,75,Sn_keV,8190.618000000017,8190.55,0.06800000001658191
99,75,Sp_keV,2234.746999999974,2234.68,0.06699999997408668
99,75,S2n_keV,18278.77199999988,18278.62,0.15199999988180934
99,75,S2p_keV,6921.095999999903,6921.06,0.035999999902742275
99,75,Qalpha_keV,4039.624000000069,4039.65,0.02599999993117308
98,76,Sn_keV,10628.505000000121,10628.48,0.025000000121508492
98,76,Sp_keV,3730.476000000257,3730.52,0.04399999974293678
98,76,S2n_keV,18894.178000000305,18894.21,0.03199999969365308
98,76,S2p_keV,5476.11400000006,5476.17,0.055999999940468115
98,76,Qalpha_keV,4870.6059999999125,4870.5,0.10599999991245568
97,77,Sn_keV,8666.451000000117,8666.37,0.08100000011654629
97,77,Sp_keV,714.3330000001006,714.21,0.12300000010054646
97,77,S2n_keV,19626.8060000001,19626.76,0.046000000100320904
97,77,S2p_keV,3904.4580000001006,3904.33,0.1280000001006556
97,77,Qalpha_keV,5624.6679999998305,5624.79,0.12200000016946433
96,78,Sn_keV,11446.698000000091,11446.57,0.12800000009156065
96,78,Sp_keV,2338.7669999999925,2338.7,0.06699999999273132
96,78,S2n_keV,20353.87400000007,20353.88,0.0059999999321007635
96,78,S2p_keV,2652.32200000016,2652.26,0.062000000159969204
96,78,Qalpha_keV,6183.061999999918,6183.17,0.10800000008202915
94,80,Sp_keV,1097.4150000000373,1097.54,0.12499999996271072
94,80,S2n_keV,21724.763999999966,21724.9,0.1360000000349828
94,80,S2p_keV,111.9320000000298,112.03,0.09799999997019881
94,80,Qalpha_keV,7233.363999999827,7233.27,0.09399999982633744
106,69,Sn_keV,6517.342000000179,6517.35,0.007999999821549864
106,69,S2n_keV,12196.951000000117,12197.12,0.1689999998834537
106,69,Qalpha_keV,-216.4220000000205,-216.51,0.08799999997950181
105,70,Sn_keV,5822.496999999974,5822.35,0.14699999997355917
105,70,Sp_keV,8120.167000000132,8120.01,0.15700000013202953
105,70,S2n_keV,13287.003999999957,13286.96,0.043999999958032276
105,70,Qalpha_keV,598.3510000000242,598.49,0.1389999999757947
104,71,Sn_keV,7666.67799999984,7666.7,0.022000000160005584
104,71,Sp_keV,5510.121999999974,5510.04,0.08199999997395935
104,71,S2n_keV,14427.310000000056,14427.3,0.01000000005660695
104,71,S2p_keV,13487.40100000007,13487.46,0.05899999992834637
104,71,Qalpha_keV,1619.8629999998957,1619.8,0.06299999989573735
103,72,Sn_keV,6708.432999999961,6708.5,0.06700000003911555
103,72,Sp_keV,6200.352999999886,6200.44,0.08700000011322118
103,72,S2n_keV,15212.407000000123,15212.51,0.1029999998772837
103,72,S2p_keV,11508.304000000004,11508.38,0.07599999999547435
103,72,Qalpha_keV,2400.306999999797,2400.23,0.07699999979695349
102,73,Sn_keV,8739.226999999955,8739.2,0.02699999995456892
102,73,Sp_keV,3853.1329999999143,3853.14,0.007000000085554348
102,73,S2n_keV,16154.80299999984,16154.74,0.0629999998400308
102,73,S2p_keV,10105.685000000056,10105.67,0.015000000055806595
102,73,Qalpha_keV,2994.815999999875,2994.83,0.014000000124724465
101,74,Sn_keV,7477.056000000099,7477.02,0.036000000098283635
101,74,Sp_keV,5180.952000000048,5181.0,0.047999999951571226
101,74,S2n_keV,17047.991000000155,17048.05,0.05899999984467286
101,74,S2p_keV,8798.83200000017,8798.95,0.11799999983122689
101,74,Qalpha_keV,3373.687999999849,3373.63,0.057999999849016604
100,75,Sn_keV,9686.444000000134,9686.53,0.08599999986654439
100,75,Sp_keV,2350.256000000052,2350.19,0.0660000000520995
100,75,S2n_keV,17877.06200000015,17877.08,0.017999999850871973
100,75,S2p_keV,7469.727999999886,7469.71,0.017999999886342266
100,75,Qalpha_keV,4007.12099999981,4007.05,0.0709999998098283
99,76,Sn_keV,8181.360999999801,8181.28,0.08099999980095163
99,76,Sp_keV,3721.219000000041,3721.25,0.030999999959021807
99,76,S2n_keV,18809.86599999992,18809.75,0.1159999999217689
99,76,S2p_keV,5955.966000000015,5955.93,0.03600000001461012
99,76,Qalpha_keV,4555.75,4555.8,0.0500000000001819
98,77,Sn_keV,10602.207999999868,10602.33,0.12200000013217505
98,77,Sp_keV,688.0359999998473,688.06,0.024000000152682333
98,77,S2n_keV,19268.658999999985,19268.71,0.051000000014028046
98,77,S2p_keV,4418.512000000104,4418.58,0.06799999989561911
98,77,Qalpha_keV,5430.861999999965,5430.86,0.0019999999649371603
97,78,Sn_keV,8466.5419999999,8466.62,0.0780000001013832
97,78,Sp_keV,2138.8579999997746,2138.94,0.08200000022543463
97,78,S2n_keV,19913.23999999999,19913.19,0.04999999999199645
97,78,S2p_keV,2853.190999999875,2853.15,0.040999999875111826
97,78,Qalpha_keV,6163.643999999855,6163.56,0.0839999998543135
96,79,Sp_keV,-625.2330000000075,-625.24,0.006999999992558514
96,79,S2n_keV,20714.12400000007,20714.15,0.02599999993253732
96,79,S2p_keV,1713.533999999985,1713.46,0.07399999998506246
96,79,Qalpha_keV,6583.153999999864,6583.15,0.003999999864390702
95,80,Sn_keV,9403.009000000078,9402.88,0.12900000007903145
95,80,S2p_keV,607.7650000001304,607.61,0.15500000013037152
95,80,Qalpha_keV,7072.083999999799,7072.21,0.12600000020120206
107,69,Sn_keV,5132.246000000043,5132.08,0.1660000000429136
107,69,S2n_keV,11649.588000000222,11649.44,0.14800000022114546
106,70,Sn_keV,6867.084999999963,6867.08,0.004999999962819857
106,70,Sp_keV,8469.909999999916,8469.74,0.16999999991639925
106,70,S2n_keV,12689.581999999937,12689.44,0.14199999993616075
106,70,Qalpha_keV,567.2199999999721,567.38,0.16000000002793513
105,71,Sn_keV,6288.020000000019,6287.97,0.05000000001837179
105,71,Sp_keV,5975.645000000019,5975.66,0.01499999998122803
105,71,S2n_keV,13954.697999999858,13954.68,0.01799999985814793
105,71,S2p_keV,14095.81200000015,14095.67,0.1420000001508015
105,71,Qalpha_keV,1567.1920000000391,1567.23,0.03799999996090264
104,72,Sn_keV,8166.009000000078,8165.98,0.029000000078667654
104,72,Sp_keV,6699.684000000125,6699.71,0.025999999875239155
104,72,S2n_keV,14874.44200000004,14874.47,0.027999999960229616
104,72,S2p_keV,12209.806000000099,12209.75,0.05600000009872019
104,72,Qalpha_keV,2254.2639999997336,2254.21,0.053999999733605364
103,73,Sn_keV,7028.0449999999255,7028.04,0.004999999925530574
103,73,Sp_keV,4172.744999999879,4172.68,0.06499999987863703
103,73,S2n_keV,15767.27199999988,15767.24,0.03199999988100899
103,73,S2p_keV,10373.097999999765,10373.12,0.022000000235493644
103,73,Qalpha_keV,2945.6440000000875,2945.69,0.04599999991251025
102,74,Sn_keV,9080.111999999965,9080.13,0.018000000034589902
102,74,Sp_keV,5521.837000000058,5521.93,0.09299999994254904
102,74,S2n_keV,16557.168000000063,16557.15,0.018000000061874744
102,74,S2p_keV,9374.969999999972,9375.06,0.09000000002743036
102,74,Qalpha_keV,3335.743999999948,3335.71,0.033999999947809556
101,75,Sn_keV,7845.9199999999255,7845.9,0.019999999925857992
101,75,Sp_keV,2719.119999999879,2719.06,0.059999999878982635
101,75,S2n_keV,17532.36400000006,17532.42,0.055999999938649125
101,75,S2p_keV,7900.071999999927,7900.06,0.011999999926956662
101,75,Qalpha_keV,3842.1999999999534,3842.18,0.01999999995359758
100,76,Sn_keV,10063.929000000004,10063.88,0.049000000004525646
100,76,Sp_keV,4098.703999999911,4098.6,0.10399999991022923
100,76,S2n_keV,18245.289999999804,18245.16,0.12999999980456778
100,76,S2p_keV,6448.959999999963,6448.79,0.16999999996278348
100,76,Qalpha_keV,4574.256000000052,4574.33,0.07399999994777318
99,77,Sn_keV,8555.206000000006,8555.14,0.06600000000617001
99,77,Sp_keV,1061.8810000000522,1061.92,0.038999999947918695
99,77,S2n_keV,19157.413999999873,19157.47,0.05600000012782402
99,77,S2p_keV,4783.100000000093,4783.17,0.0699999999069405
99,77,Qalpha_keV,5233.787999999942,5233.86,0.07200000005741458
98,78,Sn_keV,11291.69200000004,11291.72,0.027999999960229616
98,78,Sp_keV,2828.341999999946,2828.33,0.01199999994605605
98,78,S2n_keV,19758.23399999994,19758.34,0.10600000006161281
98,78,S2p_keV,3516.3779999997932,3516.39,0.012000000206626282
98,78,Qalpha_keV,5885.1039999998175,5885.06,0.0439999998170606
97,79,Sn_keV,9188.283000000054,9188.33,0.04699999994591053
97,79,Sp_keV,96.50800000014715,96.47,0.038000000147150104
97,79,S2p_keV,2235.3659999999218,2235.41,0.04400000007808558
97,79,Qalpha_keV,6433.487999999896,6433.49,0.0020000001040898496
96,80,Sn_keV,11883.61499999999,11883.69,0.07500000000982254
96,80,Sp_keV,1669.9150000000373,1669.97,0.05499999996277438
96,80,S2n_keV,21286.62400000007,21286.58,0.04400000006717164
96,80,S2p_keV,1044.6820000000298,1044.73,0.04799999997021587
96,80,Qalpha_keV,6897.1039999998175,6897.05,0.053999999817278876
95,81,Sp_keV,-1265.344999999972,-1265.2,0.14499999997201485
95,81,Qalpha_keV,7474.755999999819,7474.68,0.07599999981903238
107,70,Sn_keV,5566.26099999994,5566.4,0.13900000005924085
107,70,Sp_keV,8903.924999999814,8904.05,0.12500000018553692
107,70,S2n_keV,12433.345999999903,12433.48,0.134000000096421
106,71,Sn_keV,7072.776000000071,7072.89,0.1139999999295469
106,71,Sp_keV,6181.336000000127,6181.46,0.12399999987337651
106,71,S2n_keV,13360.79600000009,13360.86,0.06399999991117511
106,71,S2p_keV,14651.246000000043,14651.2,0.04600000004211324
106,71,Qalpha_keV,1447.462999999756,1447.34,0.12299999975607534
105,72,Sn_keV,6375.610999999801,6375.61,0.0009999998010243871
105,72,Sp_keV,6787.274999999907,6787.35,0.07500000009349606
105,72,S2n_keV,14541.619999999879,14541.59,0.029999999878782546
105,72,S2p_keV,12762.919999999925,12763.01,0.09000000007472408
105,72,Qalpha_keV,2245.7360000000335,2245.69,0.04600000003347304
104,73,Sn_keV,8420.459000000032,8420.56,0.10099999996782572
104,73,Sp_keV,4427.194999999832,4427.26,0.06500000016785634
104,73,S2n_keV,15448.503999999957,15448.6,0.09600000004320464
104,73,S2p_keV,11126.878999999957,11126.98,0.10100000004240428
104,73,Qalpha_keV,2741.470999999903,2741.38,0.09099999990303331
103,74,Sn_keV,7131.483000000007,7131.44,0.04300000000785076
103,74,Sp_keV,5625.27500000014,5625.32,0.044999999860010576
103,74,S2n_keV,16211.594999999972,16211.56,0.03499999997256964
103,74,S2p_keV,9798.020000000019,9798.01,0.010000000018408173
103,74,Qalpha_keV,3285.2329999997746,3285.14,0.09299999977474727
102,75,Sn_keV,9277.574000000022,9277.6,0.025999999978012056
102,75,Sp_keV,2916.5819999999367,2916.54,0.041999999936706445
102,75,S2n_keV,17123.493999999948,17123.5,0.006000000052154064
102,75,S2p_keV,8438.418999999994,8438.46,0.04100000000471482
102,75,Qalpha_keV,3702.438000000082,3702.45,0.011999999917861714
101,76,Sn_keV,7929.668000000063,7929.84,0.17199999993681558
101,76,Sp_keV,4182.452000000048,4182.55,0.09799999995175313
101,76,S2n_keV,17993.597000000067,17993.72,0.12299999993410893
101,76,S2p_keV,6901.571999999927,6901.61,0.03800000007231574
101,76,Qalpha_keV,4346.096999999834,4346.01,0.0869999998340063
100,77,Sn_keV,10240.407999999821,10240.41,0.002000000178668415
100,77,Sp_keV,1238.3599999998696,1238.45,0.09000000013043064
100,77,S2n_keV,18795.613999999827,18795.55,0.0639999998275016
100,77,S2p_keV,5337.06399999978,5337.05,0.013999999780025973
100,77,Qalpha_keV,5081.533999999985,5081.53,0.003999999985353497
99,78,Sn_keV,8507.960999999894,8507.89,0.0709999998944113
99,78,Sp_keV,2781.096999999834,2781.09,0.0069999998340790626
99,78,S2n_keV,19799.652999999933,19799.61,0.0429999999323627
99,78,S2p_keV,3842.9779999998864,3843.01,0.03200000011383963
99,78,Qalpha_keV,5642.816000000108,5642.9,0.08399999989160278
98,79,Sn_keV,11095.457999999868,11095.46,0.0020000001313746907
98,79,Sp_keV,-99.72600000002421,-99.79,0.06399999997579187
98,79,S2n_keV,20283.74099999992,20283.78,0.03900000007706694
98,79,S2p_keV,2728.6159999999218,2728.54,0.07599999992180528
98,79,Qalpha_keV,6298.385000000009,6298.42,0.034999999990759534
97,80,Sn_keV,9068.923999999883,9068.91,0.013999999882798875
97,80,Sp_keV,1550.555999999866,1550.55,0.005999999865935024
97,80,S2n_keV,20952.538999999873,20952.6,0.06100000012520468
97,80,S2p_keV,1647.064000000013,1647.02,0.044000000013056706
97,80,Qalpha_keV,6735.3559999999125,6735.45,0.09400000008736242
96,81,Sn_keV,11993.47900000005,11993.44,0.0390000000497821
96,81,Sp_keV,-1155.4809999999125,-1155.45,0.030999999912410203
96,81,S2p_keV,514.4340000001248,514.51,0.07599999987519368
96,81,Qalpha_keV,7067.1019999997225,7067.0,0.10199999972246587
108,70,Sn_keV,6780.477000000188,6780.39,0.08700000018779974
108,70,S2n_keV,12346.738000000129,12346.79,0.0519999998723506
107,71,Sn_keV,6025.315999999875,6025.3,0.015999999875020876
107,71,Sp_keV,6640.3910000000615,6640.36,0.031000000061794708
107,71,S2n_keV,13098.091999999946,13098.18,0.08800000005430775
107,71,S2p_keV,15544.315999999875,15544.41,0.0940000001246517
107,71,Qalpha_keV,1101.7559999998193,1101.81,0.05400000018062201
106,72,Sn_keV,7625.881000000052,7625.94,0.05899999994744576
106,72,Sp_keV,7340.379999999888,7340.4,0.02000000011139491
106,72,S2n_keV,14001.491999999853,14001.55,0.05800000014642137
106,72,S2p_keV,13521.716000000015,13521.86,0.14399999998568092
106,72,Qalpha_keV,2084.3619999999646,2084.36,0.001999999964482413
104,74,Sn_keV,8776.550999999978,8776.53,0.020999999976993422
104,74,Sp_keV,5981.367000000086,5981.29,0.07700000008571806
104,74,S2n_keV,15908.033999999985,15907.97,0.06399999998575367
104,74,S2p_keV,10408.561999999918,10408.56,0.0019999999185529305
104,74,Qalpha_keV,3012.655999999959,3012.63,0.025999999958912667
103,75,Sn_keV,7455.652000000002,7455.6,0.05200000000149885
103,75,Sp_keV,3240.750999999931,3240.7,0.05099999993126403
103,75,S2n_keV,16733.226000000024,16733.2,0.02600000002348679
103,75,S2p_keV,8866.02600000007,8866.02,0.006000000070343958
103,75,Qalpha_keV,3662.3619999999646,3662.4,0.03800000003548121
102,76,Sn_keV,9659.164000000106,9659.13,0.03400000010697113
102,76,Sp_keV,4564.042000000132,4564.07,0.027999999867461156
102,76,S2n_keV,17588.83200000017,17588.96,0.12799999982962618
102,76,S2p_keV,7480.624000000069,7480.61,0.014000000069245289
102,76,Qalpha_keV,4257.867999999784,4257.9,0.03200000021570304
101,77,Sn_keV,8275.85800000024,8275.78,0.07800000023962639
101,77,Sp_keV,1584.5500000000466,1584.39,0.16000000004646608
101,77,S2n_keV,18516.26600000006,18516.19,0.07600000006277696
101,77,S2p_keV,5767.002000000095,5766.94,0.06200000009539508
101,77,Qalpha_keV,4996.293999999762,4996.3,0.006000000238600478
100,78,Sn_keV,10698.303000000305,10698.39,0.08699999969394412
100,78,Sp_keV,3238.9920000003185,3239.07,0.07799999968165139
100,78,S2n_keV,19206.2640000002,19206.29,0.025999999801570084
100,78,S2p_keV,4477.352000000188,4477.52,0.1679999998123094
100,78,Qalpha_keV,5573.017999999924,5572.98,0.037999999924068106
99,79,Sn_keV,8829.97800000012,8829.96,0.018000000120082404
99,79,Sp_keV,222.29100000020117,222.27,0.021000000201155444
99,79,S2n_keV,19925.435999999987,19925.41,0.025999999987107003
99,79,S2p_keV,3003.3880000000354,3003.36,0.02800000003526293
99,79,Qalpha_keV,6134.858000000007,6134.83,0.02800000000752334
98,80,Sn_keV,11604.65000000014,11604.68,0.029999999860592652
98,80,Sp_keV,2059.748000000138,2059.77,0.02199999986214607
98,80,S2n_keV,20673.574000000022,20673.59,0.015999999977793777
98,80,S2p_keV,1960.0220000001136,1959.98,0.042000000113603164
98,80,Qalpha_keV,6577.403999999864,6577.35,0.053999999863663106
96,82,Sp_keV,374.1809999998659,374.15,0.030999999865912287
96,82,S2p_keV,-781.3000000000466,-781.3,4.661160346586257e-11
96,82,Qalpha_keV,7790.335999999894,7790.39,0.05400000010649819
108,71,Sn_keV,6792.4550000000745,6792.45,0.005000000074687705
108,71,Sp_keV,6652.368999999948,6652.41,0.041000000052008545
108,71,S2n_keV,12817.77099999995,12817.75,0.02099999994970858
108,71,Qalpha_keV,826.6429999999236,826.72,0.07700000007639574
107,72,Sn_keV,6099.057999999961,6098.99,0.06799999996110273
107,72,Sp_keV,7414.121999999974,7414.09,0.03199999997377745
107,72,S2n_keV,13724.939000000013,13724.93,0.009000000012747478
107,72,S2p_keV,14054.513000000035,14054.45,0.06300000003466266
107,72,Qalpha_keV,1807.8009999999776,1807.73,0.07099999997763007
106,73,Sp_keV,5211.039000000106,5211.06,0.020999999894229404
106,73,S2n_keV,14785.336000000127,14785.34,0.003999999873485649
106,73,S2p_keV,12551.418999999994,12551.46,0.04100000000471482
106,73,Qalpha_keV,2383.4449999998324,2383.34,0.10499999983221642
105,74,Sn_keV,6959.55299999984,6959.51,0.04299999983959424
105,74,S2n_keV,15736.103999999817,15736.04,0.06399999981658766
105,74,S2p_keV,10992.503999999957,10992.45,0.053999999956431566
105,74,Qalpha_keV,2761.53600000008,2761.62,0.08399999991979712
104,75,Sn_keV,9002.16799999983,9002.14,0.027999999831081368
104,75,Sp_keV,3466.367999999784,3466.31,0.05799999978398773
104,75,S2n_keV,16457.819999999832,16457.74,0.07999999983076123
104,75,S2p_keV,9447.73499999987,9447.61,0.12499999986903276
104,75,Qalpha_keV,3399.4210000000894,3399.45,0.028999999910411134
103,76,Sn_keV,7546.583999999799,7546.54,0.043999999798870704
103,76,Sp_keV,4654.973999999929,4655.01,0.036000000070998794
103,76,S2n_keV,17205.747999999905,17205.67,0.07799999990675133
103,76,S2p_keV,7895.72499999986,7895.71,0.014999999860265234
103,76,Qalpha_keV,4188.340000000084,4188.38,0.03999999991629011
102,77,Sn_keV,9901.074000000022,9901.15,0.07599999997728446
102,77,Sp_keV,1826.4599999999627,1826.41,0.04999999996266524
102,77,S2n_keV,18176.932000000263,18176.93,0.0020000002623419277
102,77,S2p_keV,6390.502000000095,6390.49,0.012000000095213181
102,77,Qalpha_keV,4781.663999999873,4781.68,0.01600000012695091
101,78,Sn_keV,8341.968999999808,8341.94,0.028999999807638233
101,78,Sp_keV,3305.1029999998864,3305.23,0.12700000011363954
101,78,S2n_keV,19040.272000000114,19040.34,0.06799999988652417
101,78,S2p_keV,4889.652999999933,4889.62,0.032999999933053914
101,78,Qalpha_keV,5412.409999999916,5412.31,0.09999999991578079
100,79,Sn_keV,10756.179000000004,10756.14,0.03900000000430737
100,79,Sp_keV,280.1669999998994,280.02,0.14699999989943535
100,79,S2n_keV,19586.157000000123,19586.1,0.05700000012438977
100,79,S2p_keV,3519.159000000218,3519.09,0.06900000021778396
100,79,Qalpha_keV,5980.8869999998715,5981.02,0.13300000012895907
99,80,Sn_keV,8683.629999999888,8683.55,0.07999999988896889
99,80,Sp_keV,1913.3999999999069,1913.36,0.03999999990696779
99,80,S2n_keV,20288.280000000028,20288.23,0.050000000028376235
99,80,S2p_keV,2135.691000000108,2135.63,0.06100000010792428
99,80,Qalpha_keV,6360.315999999875,6360.42,0.10400000012486998
98,81,Sp_keV,-758.441000000108,-758.44,0.001000000107978849
98,81,S2n_keV,21070.613999999827,21070.6,0.013999999828229193
98,81,S2p_keV,1301.3070000000298,1301.33,0.022999999970124918
98,81,Qalpha_keV,6710.611999999965,6710.54,0.07199999996464612
97,82,Sn_keV,9595.03199999989,9594.97,0.06199999989075877
97,82,S2p_keV,-255.19200000003912,-255.24,0.04799999996089355
97,82,Qalpha_keV,7598.313000000082,7598.3,0.013000000081774488
109,71,Sn_keV,5688.772999999812,5688.75,0.02299999981187284
109,71,S2n_keV,12481.227999999886,12481.2,0.02799999988565105
109,71,Qalpha_keV,270.1160000001546,270.05,0.06600000015458818
108,72,Sn_keV,7387.666000000201,7387.76,0.0939999997990526
108,72,Sp_keV,8009.333000000101,8009.4,0.06699999989905336
108,72,S2n_keV,13486.724000000162,13486.75,0.025999999837949872
108,72,S2p_keV,14661.702000000048,14661.81,0.10799999995106191
108,72,Qalpha_keV,1287.2199999997392,1287.05,0.16999999973927515
107,73,Sn_keV,6646.864999999991,6646.87,0.005000000009204086
107,73,Sp_keV,5758.846000000136,5758.94,0.09399999986362673
107,73,S2p_keV,13172.96800000011,13173.03,0.06199999989075877
107,73,Qalpha_keV,2024.5999999998603,2024.44,0.15999999986024704
106,74,Sn_keV,8412.261000000173,8412.31,0.048999999826264684
106,74,Sp_keV,6567.844999999972,6567.76,0.08499999997184204
106,74,S2n_keV,15371.814000000013,15371.81,0.004000000013547833
106,74,S2p_keV,11778.884000000078,11778.82,0.06400000007852213
106,74,Qalpha_keV,2515.283999999985,2515.29,0.006000000014864781
105,75,Sn_keV,7324.2660000000615,7324.4,0.1339999999381689
105,75,Sp_keV,3831.0810000000056,3831.2,0.11899999999423017
105,75,S2n_keV,16326.433999999892,16326.54,0.10600000010890653
105,75,Qalpha_keV,3103.1999999999534,3103.1,0.09999999995352482
104,76,Sn_keV,9409.580000000075,9409.63,0.04999999992469384
104,76,Sp_keV,5062.386000000173,5062.5,0.113999999826774
104,76,S2n_keV,16956.163999999873,16956.17,0.00600000012491364
104,76,S2p_keV,8528.753999999957,8528.82,0.0660000000425498
104,76,Qalpha_keV,3858.871999999974,3858.88,0.008000000026186171
103,77,Sn_keV,7967.143999999855,7967.13,0.013999999854604539
103,77,Sp_keV,2247.0200000000186,2247.0,0.02000000001862645
103,77,S2n_keV,17868.217999999877,17868.28,0.06200000012177043
103,77,S2p_keV,6901.993999999948,6902.01,0.016000000052372343
103,77,Qalpha_keV,4660.439999999944,4660.44,5.547917680814862e-11
102,78,Sn_keV,10239.155000000028,10239.05,0.10500000002866727
102,78,Sp_keV,3643.183999999892,3643.13,0.05399999989185744
102,78,S2n_keV,18581.123999999836,18580.99,0.13399999983448652
102,78,S2p_keV,5469.643999999855,5469.55,0.09399999985453178
102,78,Qalpha_keV,5237.183999999892,5237.15,0.03399999989233038
101,79,Sn_keV,8708.216999999946,8708.26,0.04300000005423499
101,79,Sp_keV,646.4150000000373,646.33,0.08500000003721198
101,79,S2n_keV,19464.39599999995,19464.4,0.0040000000517466106
101,79,S2p_keV,3951.5179999999236,3951.57,0.05200000007653216
101,79,Qalpha_keV,5827.875999999931,5827.9,0.024000000068554073
100,80,Sn_keV,11393.556000000099,11393.63,0.07399999990047945
100,80,Sp_keV,2550.777000000002,2550.85,0.0729999999980464
100,80,S2n_keV,20077.185999999987,20077.18,0.005999999986670446
100,80,S2p_keV,2830.9439999999013,2830.87,0.07399999990138895
100,80,Qalpha_keV,6258.451999999816,6258.5,0.04800000018440187
99,81,Sn_keV,9189.446999999927,9189.47,0.023000000071988325
99,81,Sp_keV,-252.62400000006892,-252.52,0.10400000006890764
99,81,S2p_keV,1660.775999999838,1660.85,0.07400000016195918
99,81,Qalpha_keV,6709.448000000091,6709.4,0.04800000009163341
98,82,Sn_keV,12063.22800000012,12063.34,0.11199999988093623
98,82,Sp_keV,961.8270000000484,961.86,0.03299999995158487
98,82,S2n_keV,21658.26000000001,21658.31,0.04999999999199645
98,82,S2p_keV,203.3859999999404,203.42,0.03400000005959214
98,82,Qalpha_keV,7418.699999999953,7418.65,0.04999999995379767
110,71,Sn_keV,6192.309000000125,6192.38,0.07099999987531191
110,71,S2n_keV,11881.081999999937,11881.13,0.04800000006252958
109,72,Sn_keV,5694.961999999825,5694.8,0.16199999982472946
109,72,Sp_keV,8015.522000000114,8015.45,0.07200000011380325
109,72,S2n_keV,13082.628000000026,13082.56,0.06800000002658635
109,72,Qalpha_keV,1158.5189999998547,1158.65,0.13100000014537727
108,73,Sn_keV,7576.819999999832,7576.75,0.06999999983236194
108,73,Sp_keV,5947.999999999767,5947.93,0.06999999976687832
108,73,S2n_keV,14223.684999999823,14223.62,0.06499999982224836
108,73,S2p_keV,13957.332999999868,13957.33,0.002999999867824954
108,73,Qalpha_keV,1520.5560000000987,1520.58,0.023999999901207048
107,74,Sn_keV,6669.027999999933,6669.02,0.007999999932508217
107,74,Sp_keV,6590.007999999914,6589.91,0.09799999991446384
107,74,S2n_keV,15081.289000000106,15081.33,0.04099999989375647
107,74,S2p_keV,12348.85400000005,12348.85,0.004000000049927621
107,74,Qalpha_keV,2221.866999999853,2221.88,0.013000000147258106
106,75,Sn_keV,8751.503000000026,8751.35,0.15300000002571323
106,75,Sp_keV,4170.322999999858,4170.25,0.07299999985843897
106,75,S2n_keV,16075.769000000088,16075.75,0.019000000087544322
106,75,S2p_keV,10738.16799999983,10738.01,0.157999999830281
106,75,Qalpha_keV,2772.155999999959,2772.31,0.15400000004092362
105,76,Sn_keV,7263.606000000145,7263.47,0.13600000014503166
105,76,Sp_keV,5001.726000000257,5001.58,0.1460000002571178
105,76,S2n_keV,16673.18600000022,16673.1,0.08600000022124732
105,76,S2p_keV,8832.807000000263,8832.78,0.02700000026197813
105,76,Qalpha_keV,3726.748999999836,3726.85,0.10100000016382182
104,77,Sn_keV,9556.722999999998,9556.82,0.0970000000015716
104,77,Sp_keV,2394.1629999999423,2394.19,0.02700000005779657
104,77,S2n_keV,17523.866999999853,17523.95,0.08300000014787656
104,77,S2p_keV,7456.5490000001155,7456.69,0.14099999988411582
104,77,Qalpha_keV,4381.290999999968,4381.23,0.06099999996877159
103,78,Sn_keV,8016.826000000117,8016.95,0.12399999988247146
103,78,Sp_keV,3692.8660000001546,3692.96,0.09399999984543683
103,78,S2n_keV,18255.981000000145,18256.0,0.01899999985471368
103,78,S2p_keV,5939.886000000173,5939.96,0.07399999982681038
103,78,Qalpha_keV,5150.025999999838,5150.03,0.0040000001617954695
102,79,Sn_keV,10316.895000000019,10316.94,0.044999999981882866
102,79,Sp_keV,724.1550000000279,724.23,0.07499999997207851
102,79,S2n_keV,19025.111999999965,19025.2,0.08800000003611785
102,79,S2p_keV,4367.33899999992,4367.36,0.021000000079766323
102,79,Qalpha_keV,5751.388999999734,5751.37,0.018999999733750883
101,80,Sn_keV,8482.09899999993,8482.01,0.0889999999290012
101,80,Sp_keV,2324.658999999985,2324.6,0.05899999998518979
101,80,S2n_keV,19875.655000000028,19875.64,0.015000000028521754
101,80,S2p_keV,2971.0740000000224,2970.93,0.14400000002251545
101,80,Qalpha_keV,6284.31399999978,6284.39,0.07600000022011955
100,81,Sn_keV,11483.538000000175,11483.4,0.13800000017545244
100,81,Sp_keV,-162.64199999999255,-162.74,0.09800000000745968
100,81,S2n_keV,20672.985000000102,20672.87,0.11500000010346412
100,81,S2p_keV,2388.1350000000093,2388.11,0.025000000009185896
100,81,Qalpha_keV,6321.367999999784,6321.45,0.08200000021588494
99,82,Sn_keV,9247.367000000086,9247.29,0.07700000008480856
99,82,Sp_keV,1019.7470000002068,1019.67,0.07700000020679454
99,82,S2n_keV,21310.595000000205,21310.62,0.0249999997940904
99,82,S2p_keV,767.1230000001378,767.16,0.03699999986213243
99,82,Qalpha_keV,7240.25699999975,7240.28,0.02300000024933979
110,72,Sn_keV,6717.972000000067,6717.99,0.017999999932726496
110,72,Sp_keV,8541.185000000056,8541.07,0.11500000005617039
110,72,S2n_keV,12412.933999999892,12412.79,0.14399999989109347
110,72,Qalpha_keV,1221.0239999999758,1221.05,0.026000000024168912
109,73,Sn_keV,6062.89599999995,6062.94,0.04400000004989124
109,73,Sp_keV,6315.933999999892,6316.07,0.13600000010774238
109,73,S2n_keV,13639.715999999782,13639.69,0.0259999997815612
109,73,S2p_keV,14331.456000000006,14331.53,0.0739999999950669
109,73,Qalpha_keV,1482.9760000000242,1482.94,0.03600000002415982
108,74,Sn_keV,8083.46800000011,8083.56,0.09199999989050411
108,74,Sp_keV,7096.656000000192,7096.72,0.06399999980840221
108,74,S2n_keV,14752.496000000043,14752.58,0.0839999999570864
108,74,S2p_keV,13044.655999999959,13044.65,0.005999999959385605
108,74,Qalpha_keV,1764.279999999795,1764.26,0.01999999979511813
107,75,Sn_keV,6999.867000000086,6999.99,0.12299999991410004
107,75,Sp_keV,4501.162000000011,4501.21,0.04799999998886051
107,75,S2n_keV,15751.370000000112,15751.34,0.03000000011161319
107,75,S2p_keV,11091.169999999925,11091.12,0.04999999992469384
106,76,Sn_keV,9130.389999999898,9130.46,0.07000000010157237
106,76,Sp_keV,5380.6130000001285,5380.68,0.06699999987176852
106,76,S2n_keV,16393.996000000043,16393.93,0.0660000000425498
106,76,S2p_keV,9550.935999999987,9550.93,0.005999999986670446
106,76,Qalpha_keV,3372.909999999916,3372.92,0.010000000083891791
105,77,Sn_keV,7660.045000000158,7659.97,0.07500000015807018
105,77,Sp_keV,2790.6019999999553,2790.69,0.08800000004475805
105,77,S2n_keV,17216.768000000156,17216.79,0.021999999844410922
105,77,S2p_keV,7792.328000000212,7792.26,0.06800000021212327
105,77,Qalpha_keV,4176.897999999812,4176.86,0.03799999981220026
104,78,Sn_keV,9858.421999999788,9858.25,0.17199999978765845
104,78,Sp_keV,3994.564999999944,3994.39,0.17499999994424797
104,78,S2n_keV,17875.247999999905,17875.21,0.03799999990587821
104,78,S2p_keV,6388.727999999886,6388.58,0.1479999998864514
104,78,Qalpha_keV,4950.7680000001565,4950.91,0.1419999998433923
103,79,Sn_keV,8500.996999999974,8500.95,0.04699999997319537
103,79,Sp_keV,1208.3259999998845,1208.23,0.09599999988449781
103,79,S2n_keV,18817.891999999993,18817.89,0.001999999993131496
103,79,S2p_keV,4901.192000000039,4901.18,0.01200000003882451
103,79,Qalpha_keV,5526.25,5526.2,0.0500000000001819
102,80,Sn_keV,10987.004999999888,10987.1,0.0950000001121225
102,80,Sp_keV,2994.7689999998547,2994.76,0.0089999998544954
102,80,S2n_keV,19469.103999999817,19469.11,0.006000000183121301
102,80,S2p_keV,3718.9239999998827,3718.99,0.06600000011712837
102,80,Qalpha_keV,5995.612000000197,5995.68,0.06799999980285065
101,81,Sn_keV,8600.361999999965,8600.51,0.14800000003560854
101,81,Sp_keV,-44.37899999995716,-44.24,0.13899999995715717
101,81,S2n_keV,20083.90000000014,20083.91,0.009999999860156095
101,81,S2p_keV,2280.280000000028,2280.36,0.07999999997218765
101,81,Qalpha_keV,6550.9839999999385,6550.9,0.08399999993889651
100,82,Sn_keV,11779.05700000003,11779.08,0.022999999970124918
100,82,Sp_keV,1315.2660000000615,1315.35,0.08399999993844176
100,82,S2n_keV,21026.424000000115,21026.37,0.05400000011650263
100,82,S2p_keV,1152.624000000069,1152.61,0.014000000069017915
100,82,Qalpha_keV,7065.84999999986,7065.87,0.020000000139589247
112,71,S2n_keV,11061.446999999927,11061.33,0.1169999999274296
111,72,Sn_keV,5304.607000000076,5304.61,0.002999999923304131
111,72,S2n_keV,12022.579000000143,12022.6,0.02099999985694012
110,73,Sn_keV,6934.209000000032,6934.18,0.02900000003137393
110,73,Sp_keV,6532.170999999857,6532.26,0.08900000014364196
110,73,S2n_keV,12997.104999999981,12997.12,0.015000000019426807
110,73,S2p_keV,15073.355999999912,15073.33,0.025999999912528438
110,73,Qalpha_keV,1341.222000000067,1341.21,0.012000000067018846
109,74,Sn_keV,6190.869999999879,6190.84,0.029999999878782546
109,74,Sp_keV,7224.630000000121,7224.62,0.010000000121181074
109,74,S2n_keV,14274.337999999989,14274.4,0.06200000001081207
109,74,S2p_keV,13540.564000000013,13540.69,0.1259999999874708
109,74,Qalpha_keV,1672.467999999877,1672.41,0.057999999876983566
108,75,Sn_keV,8434.897000000114,8434.84,0.057000000113475835
108,75,Sp_keV,4852.591000000015,4852.49,0.10100000001511944
108,75,S2n_keV,15434.7640000002,15434.82,0.05599999980040593
108,75,S2p_keV,11949.247000000207,11949.21,0.037000000207626726
108,75,Qalpha_keV,2122.7279999998864,2122.83,0.1020000001135486
107,76,Sn_keV,7126.334000000032,7126.26,0.07400000003144669
107,76,Sp_keV,5507.0800000000745,5506.95,0.1300000000746877
107,76,S2n_keV,16256.72399999993,16256.71,0.0139999999300926
107,76,S2p_keV,10008.242000000086,10008.17,0.07200000008560892
107,76,Qalpha_keV,3206.1289999997243,3206.17,0.04100000027574424
106,77,Sn_keV,9222.90100000007,9222.95,0.04899999992994708
106,77,Sp_keV,2883.1130000001285,2883.18,0.06699999987131378
106,77,S2n_keV,16882.94600000023,16882.92,0.026000000230851583
106,77,S2p_keV,8263.726000000257,8263.86,0.13399999974353705
106,77,Qalpha_keV,3956.1649999995716,3956.05,0.11499999957140972
105,78,Sn_keV,7675.260000000242,7675.36,0.09999999975752871
105,78,Sp_keV,4009.780000000028,4009.78,2.773958840407431e-11
105,78,S2n_keV,17533.68200000003,17533.61,0.07200000002922025
105,78,S2p_keV,6800.381999999983,6800.46,0.07800000001680019
105,78,Qalpha_keV,4822.091999999713,4822.09,0.001999999713007128
104,79,Sn_keV,9962.080000000075,9962.03,0.05000000007385097
104,79,Sp_keV,1311.9840000001714,1312.0,0.015999999828636646
104,79,S2n_keV,18463.07700000005,18462.98,0.09700000004886533
104,79,S2p_keV,5306.5490000001155,5306.4,0.1490000001158478
104,79,Qalpha_keV,5465.243999999948,5465.32,0.07600000005186303
103,80,Sn_keV,8299.100000000093,8299.07,0.030000000093423296
103,80,Sp_keV,2792.871999999974,2792.88,0.008000000026186171
103,80,S2n_keV,19286.10499999998,19286.17,0.06500000001688022
103,80,S2p_keV,4001.1979999998584,4001.1,0.09799999985852992
103,80,Qalpha_keV,6038.4809999999125,6038.56,0.0790000000879445
102,81,Sn_keV,11330.638999999966,11330.65,0.011000000033163815
102,81,Sp_keV,299.2550000001211,299.31,0.05499999987893034
102,81,S2n_keV,19931.00099999993,19931.16,0.15900000006877235
102,81,S2p_keV,3294.023999999976,3294.06,0.03600000002415982
102,81,Qalpha_keV,5976.523999999976,5976.39,0.1339999999754582
101,82,Sn_keV,8821.391999999993,8821.42,0.02800000000752334
101,82,Sp_keV,1536.2960000000894,1536.26,0.03600000008941606
101,82,S2n_keV,20600.449000000022,20600.5,0.05099999997764826
101,82,S2p_keV,1491.9170000001322,1492.02,0.102999999867734
101,82,Qalpha_keV,6928.087999999756,6928.0,0.08799999975599349
112,72,Sn_keV,6287.90699999989,6287.89,0.016999999889776518
112,72,Sp_keV,9072.252000000095,9072.23,0.02200000009543146
112,72,S2n_keV,11592.513999999966,11592.5,0.013999999966472387
111,73,Sn_keV,5617.8630000001285,5617.89,0.026999999871804903
111,73,Sp_keV,6845.426999999909,6845.55,0.12300000009145151
111,73,S2n_keV,12552.07200000016,12552.07,0.002000000160478521
111,73,Qalpha_keV,1412.1319999997504,1412.06,0.07199999975046012
110,74,Sn_keV,7411.242000000086,7411.11,0.1320000000860091
110,74,Sp_keV,7701.663000000175,7701.55,0.11300000017490675
110,74,S2n_keV,13602.111999999965,13601.95,0.16199999996388215
110,74,S2p_keV,14233.834000000032,14233.81,0.024000000032174285
110,74,Qalpha_keV,1648.8919999999925,1649.06,0.168000000007396
109,75,Sn_keV,6481.352999999886,6481.37,0.017000000113512215
109,75,Sp_keV,5143.074000000022,5143.03,0.0440000000226064
109,75,S2n_keV,14916.25,14916.21,0.040000000000873115
109,75,S2p_keV,12367.704000000143,12367.64,0.06400000014400575
109,75,Qalpha_keV,2288.2399999999907,2288.33,0.09000000000924047
108,76,Sn_keV,8659.737999999896,8659.81,0.07200000010379881
108,76,Sp_keV,5731.920999999857,5731.92,0.000999999856503564
108,76,S2n_keV,15786.071999999927,15786.06,0.011999999927866156
108,76,S2p_keV,10584.511999999871,10584.41,0.101999999871623
108,76,Qalpha_keV,2958.652000000002,2958.67,0.017999999998210114
107,77,Sn_keV,7478.822999999858,7478.86,0.03700000014123361
107,77,Sp_keV,3235.6019999999553,3235.78,0.17800000004490357
107,77,S2n_keV,16701.72399999993,16701.81,0.08600000007209019
107,77,S2p_keV,8742.68200000003,8742.73,0.04799999996976112
107,77,Qalpha_keV,3801.6079999997746,3801.59,0.017999999774474418
106,78,Sn_keV,9633.127999999793,9633.07,0.05799999979353743
106,78,Sp_keV,4420.00699999975,4419.9,0.10699999975076935
106,78,S2n_keV,17308.388000000035,17308.43,0.04199999996490078
106,78,S2p_keV,7303.119999999879,7303.08,0.039999999879000825
106,78,Qalpha_keV,4598.543999999994,4598.65,0.10600000000522414
105,79,Sn_keV,8198.483999999939,8198.54,0.056000000062340405
105,79,Sp_keV,1835.2079999998678,1835.19,0.017999999867697625
105,79,S2n_keV,18160.564000000013,18160.58,0.015999999988707714
105,79,S2p_keV,5844.987999999896,5844.97,0.017999999895437213
105,79,Qalpha_keV,5233.903999999864,5233.9,0.003999999864390702
104,80,Sn_keV,10615.523999999976,10615.61,0.08600000002479646
104,80,Sp_keV,3446.315999999875,3446.45,0.13400000012461533
104,80,S2n_keV,18914.62400000007,18914.68,0.05599999993137317
104,80,S2p_keV,4758.300000000047,4758.46,0.15999999995347025
104,80,Qalpha_keV,5662.111999999965,5662.0,0.11199999996460974
103,81,Sn_keV,8367.305000000168,8367.3,0.005000000168365659
103,81,Sp_keV,367.4600000001956,367.54,0.07999999980444272
103,81,S2n_keV,19697.944000000134,19697.95,0.005999999866617145
103,81,S2p_keV,3160.3320000001695,3160.42,0.08799999983057205
103,81,Qalpha_keV,6317.435999999754,6317.35,0.08599999975376704
102,82,Sn_keV,11547.584000000032,11547.62,0.03599999996913539
102,82,Sp_keV,1753.2410000001546,1753.24,0.0010000001545904524
102,82,S2n_keV,20368.976000000024,20369.04,0.06399999997665873
102,82,S2p_keV,2052.4960000002757,2052.54,0.04399999972429214
102,82,Qalpha_keV,6774.059999999823,6774.01,0.04999999982283043
101,83,Sp_keV,-1349.344000000041,-1349.32,0.024000000041041858
101,83,S2p_keV,186.95200000004843,186.95,0.0020000000484401426
101,83,Qalpha_keV,8024.807999999728,8024.8,0.00799999972787191
113,72,Sn_keV,4891.601999999955,4891.74,0.1380000000444852
113,72,S2n_keV,11179.508999999845,11179.64,0.13100000015401747
112,73,Sn_keV,6626.2319999998435,6626.24,0.008000000156243914
112,73,Sp_keV,7183.751999999862,7183.89,0.13800000013816316
112,73,S2n_keV,12244.094999999972,12244.13,0.03500000002713932
112,73,S2p_keV,16256.003999999957,16256.12,0.1160000000436412
112,73,Qalpha_keV,978.2090000000317,978.2,0.009000000031619493
111,74,Sn_keV,5753.626999999862,5753.74,0.11300000013761746
111,74,Sp_keV,7837.426999999909,7837.39,0.03699999990840297
111,74,S2n_keV,13164.868999999948,13164.85,0.018999999947482138
111,74,S2p_keV,14682.853999999817,14682.94,0.08600000018304854
111,74,Qalpha_keV,1590.2269999999553,1590.12,0.10699999995540566
110,75,Sn_keV,7670.665000000037,7670.71,0.04499999996278348
110,75,Sp_keV,5402.496999999974,5402.62,0.12300000002596789
110,75,S2n_keV,14152.017999999924,14152.08,0.06200000007629569
110,75,S2p_keV,13104.160000000149,13104.17,0.009999999851061148
110,75,Qalpha_keV,2194.394999999786,2194.37,0.024999999785904947
109,76,Sn_keV,6624.6720000000205,6624.66,0.012000000020634616
109,76,Sp_keV,5875.239999999991,5875.22,0.019999999990432116
109,76,S2n_keV,15284.409999999916,15284.47,0.060000000083164196
109,76,S2p_keV,11018.314000000013,11018.24,0.0740000000132568
109,76,Qalpha_keV,3003.0079999999143,3003.02,0.012000000085663487
108,77,Sn_keV,8796.138000000035,8796.02,0.1180000000349537
108,77,Sp_keV,3372.002000000095,3371.99,0.012000000095213181
108,77,S2n_keV,16274.960999999894,16274.88,0.08099999989462958
108,77,S2p_keV,9103.922999999952,9103.91,0.012999999951716745
108,77,Qalpha_keV,3756.9729999997653,3756.92,0.05299999976523395
107,78,Sn_keV,7425.12900000019,7425.21,0.08099999981004657
107,78,Sp_keV,4366.313000000082,4366.26,0.05300000008173811
107,78,S2n_keV,17058.256999999983,17058.29,0.03300000001763692
107,78,S2p_keV,7601.915000000037,7602.04,0.12499999996271072
107,78,Qalpha_keV,4437.02099999995,4436.91,0.1109999999498541
106,79,Sn_keV,9610.70399999991,9610.75,0.04600000008940697
106,79,Sp_keV,1812.783999999985,1812.87,0.08600000001479202
106,79,S2n_keV,17809.18799999985,17809.29,0.10200000015174737
106,79,S2p_keV,6232.7909999997355,6232.77,0.02099999973506783
106,79,Qalpha_keV,5179.922999999952,5179.97,0.04700000004868343
105,80,Sn_keV,7906.002000000095,7906.02,0.017999999905441655
105,80,Sp_keV,3153.8340000000317,3153.93,0.09599999996817132
105,80,S2n_keV,18521.52600000007,18521.63,0.10399999993023812
105,80,S2p_keV,4989.041999999899,4989.12,0.0780000001004737
105,80,Qalpha_keV,5772.935999999987,5772.93,0.005999999986670446
104,81,Sn_keV,10945.910999999847,10945.82,0.09099999984755414
104,81,Sp_keV,697.847000000067,697.75,0.09700000006705523
104,81,S2n_keV,19313.216000000015,19313.12,0.0960000000159198
104,81,S2p_keV,4144.162999999942,4144.2,0.0370000000575601
104,81,Qalpha_keV,5688.4199999999255,5688.48,0.06000000007406925
103,82,Sn_keV,8561.019999999786,8561.02,2.1464074961841106e-10
103,82,Sp_keV,1946.9559999997728,1946.95,0.005999999772711817
103,82,S2n_keV,20108.603999999817,20108.64,0.03600000018195715
103,82,S2p_keV,2314.4159999999683,2314.49,0.07400000003144669
103,82,Qalpha_keV,6695.1389999999665,6695.0,0.1389999999664724
114,72,Sn_keV,6175.722000000067,6175.73,0.007999999932508217
114,72,S2n_keV,11067.324000000022,11067.47,0.14599999997699342
113,73,Sn_keV,5284.710000000196,5284.55,0.16000000019539584
113,73,Sp_keV,7576.860000000102,7576.7,0.16000000010262738
113,73,S2n_keV,11910.94200000004,11910.79,0.15200000003824243
112,74,Sn_keV,7191.990999999922,7192.05,0.059000000078412995
112,74,Sp_keV,8403.185999999987,8403.21,0.0240000000121654
112,74,S2n_keV,12945.617999999784,12945.79,0.17200000021693995
112,74,S2p_keV,15586.93799999985,15587.1,0.16200000015123805
112,74,Qalpha_keV,1116.2080000001006,1116.07,0.1380000001006465
111,75,Sn_keV,6179.368999999948,6179.38,0.011000000052263204
111,75,Sp_keV,5828.23900000006,5828.26,0.020999999940613634
111,75,S2n_keV,13850.033999999985,13850.09,0.05600000001504668
111,75,S2p_keV,13665.665999999968,13665.65,0.01599999996869883
111,75,Qalpha_keV,2077.9219999997877,2077.93,0.008000000212177838
110,76,Sn_keV,8265.326000000117,8265.38,0.053999999881853
110,76,Sp_keV,6469.901000000071,6469.89,0.011000000070453098
110,76,S2n_keV,14889.998000000138,14890.04,0.041999999863037374
110,76,S2p_keV,11872.398000000045,11872.51,0.1119999999555148
110,76,Qalpha_keV,2821.149999999907,2821.2,0.05000000009295036
109,77,Sn_keV,6908.171999999788,6908.11,0.06199999978798587
109,77,Sp_keV,3655.501999999862,3655.44,0.06199999986210969
109,77,S2n_keV,15704.309999999823,15704.13,0.17999999982384907
109,77,S2p_keV,9530.741999999853,9530.65,0.09199999985321483
109,77,Qalpha_keV,3848.6680000000633,3848.8,0.13199999993685196
108,78,Sn_keV,9247.728999999817,9247.62,0.10899999981666042
108,78,Sp_keV,4817.903999999864,4817.86,0.04399999986435432
108,78,S2n_keV,16672.858000000007,16672.83,0.02800000000570435
108,78,S2p_keV,8189.905999999959,8189.85,0.05599999995865801
108,78,Qalpha_keV,4319.68200000003,4319.75,0.06799999997019768
107,79,Sn_keV,7928.040000000037,7928.03,0.010000000037507562
107,79,Sp_keV,2315.6949999998324,2315.68,0.014999999832525646
107,79,S2n_keV,17538.743999999948,17538.78,0.03600000005098991
107,79,S2p_keV,6682.007999999914,6681.94,0.0679999999147185
107,79,Qalpha_keV,4911.928000000073,4911.91,0.01800000007278868
106,80,Sn_keV,10426.830000000075,10426.75,0.0800000000745058
106,80,Sp_keV,3969.9600000001956,3969.92,0.04000000019550498
106,80,S2n_keV,18332.83200000017,18332.77,0.06200000016906415
106,80,S2p_keV,5782.744000000181,5782.8,0.05599999981950532
106,80,Qalpha_keV,5204.5279999997,5204.44,0.08799999970051431
105,81,Sn_keV,8200.13500000001,8200.19,0.05499999999119609
105,81,Sp_keV,991.9799999999814,991.92,0.059999999981414476
105,81,S2n_keV,19146.045999999857,19146.01,0.035999999858177034
105,81,S2p_keV,4145.814000000013,4145.84,0.025999999987107003
105,81,Qalpha_keV,5989.28199999989,5989.24,0.041999999890322215
104,82,Sn_keV,11212.121999999974,11212.12,0.0019999999731226126
104,82,Sp_keV,2213.1669999998994,2213.26,0.09300000010080112
104,82,S2n_keV,19773.14199999976,19773.14,0.0019999997603008524
104,82,S2p_keV,2911.0139999999665,2911.0,0.013999999966472387
104,82,Qalpha_keV,6470.021999999881,6469.98,0.04199999988122727
103,83,Sp_keV,-1105.9139999998733,-1106.04,0.1260000001266235
103,83,S2n_keV,20352.033999999985,20351.91,0.12399999998524436
103,83,S2p_keV,841.0419999998994,840.91,0.131999999899449
103,83,Qalpha_keV,7756.673999999883,7756.8,0.12600000011752854
102,84,S2p_keV,-574.5140000001993,-574.55,0.035999999800651494
102,84,Qalpha_keV,8501.198000000091,8501.17,0.028000000091196853
114,73,Sn_keV,6359.334000000032,6359.34,0.005999999968480552
114,73,Sp_keV,7760.472000000067,7760.31,0.16200000006665505
114,73,S2n_keV,11644.044000000227,11643.89,0.15400000022782478
114,73,Qalpha_keV,395.6119999997318,395.65,0.038000000268198164
113,74,Sn_keV,5466.906000000192,5466.76,0.14600000019163417
113,74,Sp_keV,8585.381999999983,8585.41,0.028000000016618287
113,74,S2n_keV,12658.897000000114,12658.81,0.08700000011413067
113,74,S2p_keV,16162.242000000086,16162.11,0.1320000000850996
113,74,Qalpha_keV,953.9089999999851,953.91,0.0010000000148693289
112,75,Sn_keV,7360.803000000073,7360.71,0.09300000007260678
112,75,Sp_keV,5997.0510000002105,5996.92,0.13100000021040614
112,75,S2n_keV,13540.17200000002,13540.09,0.08200000002034358
112,75,S2p_keV,14400.237000000197,14400.13,0.10700000019824074
112,75,Qalpha_keV,1651.3279999997467,1651.4,0.07200000025341069
111,76,Sn_keV,6290.293999999762,6290.32,0.02600000023812754
111,76,Sp_keV,6580.8259999998845,6580.83,0.00400000011541124
111,76,S2n_keV,14555.619999999879,14555.7,0.08000000012179953
111,76,S2p_keV,12409.064999999944,12409.09,0.025000000056024874
111,76,Qalpha_keV,2721.726000000024,2721.72,0.006000000024414476
110,77,Sn_keV,8448.174000000115,8448.34,0.16599999988466152
110,77,Sp_keV,3838.3499999998603,3838.4,0.050000000139789336
110,77,S2n_keV,15356.345999999903,15356.45,0.10400000009758514
110,77,S2p_keV,10308.250999999931,10308.29,0.039000000069790985
110,77,Qalpha_keV,3835.3910000000615,3835.29,0.10100000006150367
109,78,Sn_keV,6891.942000000039,6891.92,0.02200000003904279
109,78,Sp_keV,4801.6740000001155,4801.67,0.00400000011541124
109,78,S2n_keV,16139.670999999857,16139.54,0.1309999998557032
109,78,S2p_keV,8457.175999999978,8457.11,0.06599999997706618
109,78,Qalpha_keV,4554.074000000022,4554.08,0.005999999977575499
108,79,Sn_keV,9384.408999999985,9384.3,0.10899999998582643
108,79,Sp_keV,2452.375,2452.37,0.005000000000109139
108,79,S2n_keV,17312.449000000022,17312.33,0.11900000002060551
108,79,S2p_keV,7270.278999999864,7270.23,0.04899999986446346
108,79,Qalpha_keV,4750.420000000158,4750.56,0.13999999984207534
107,80,Sn_keV,7650.208999999799,7650.15,0.05899999979919812
107,80,Sp_keV,3692.128999999957,3692.05,0.07899999995697726
107,80,S2n_keV,18077.038999999873,18076.9,0.13899999987188494
107,80,S2p_keV,6007.8239999997895,6007.73,0.09399999978995766
107,80,Qalpha_keV,5229.579000000143,5229.64,0.06099999985690374
106,81,Sn_keV,10629.257999999914,10629.29,0.03200000008655479
106,81,Sp_keV,1194.4079999998212,1194.46,0.052000000178850314
106,81,S2n_keV,18829.392999999924,18829.48,0.0870000000759319
106,81,S2p_keV,5164.368000000017,5164.39,0.021999999983563612
106,81,Qalpha_keV,5322.10400000005,5321.98,0.12400000005072798
105,82,Sn_keV,8376.258000000147,8376.25,0.008000000147148967
105,82,Sp_keV,2389.2900000000373,2389.32,0.029999999962910806
105,82,S2n_keV,19588.38000000012,19588.37,0.010000000122090569
105,82,S2p_keV,3381.2700000000186,3381.23,0.04000000001860826
105,82,Qalpha_keV,6392.863999999827,6392.8,0.0639999998265921
104,83,Sn_keV,11308.389999999898,11308.38,0.009999999898354872
104,83,Sp_keV,-1009.6459999999497,-1009.78,0.13400000005026413
104,83,S2p_keV,1203.5209999999497,1203.47,0.050999999949681296
104,83,Qalpha_keV,7778.922999999952,7779.07,0.14700000004813774
103,84,Sn_keV,9343.795000000158,9343.69,0.10500000015781552
103,84,Sp_keV,1314.1750000000466,1314.16,0.015000000046484274
103,84,S2p_keV,208.26100000017323,208.12,0.14100000017322145
103,84,Qalpha_keV,7978.7949999999255,7978.9,0.10500000007414201
115,73,Sn_keV,4787.703999999911,4787.8,0.09600000008958887
115,73,S2n_keV,11147.037999999942,11147.14,0.10200000005715992
114,74,Sn_keV,6835.083999999799,6835.16,0.07600000020102016
114,74,Sp_keV,9061.13199999975,9061.24,0.10800000024937617
114,74,S2n_keV,12301.98999999999,12301.92,0.06999999999061401
114,74,S2p_keV,16821.603999999817,16821.54,0.06399999981658766
114,74,Qalpha_keV,406.73200000007637,406.65,0.08200000007639119
113,75,Sn_keV,5871.598999999929,5871.65,0.05100000007041672
113,75,Sp_keV,6401.743999999948,6401.81,0.06600000005255424
113,75,S2n_keV,13232.402000000002,13232.36,0.04200000000128057
113,75,S2p_keV,14987.125999999931,14987.22,0.09400000006826303
113,75,Qalpha_keV,1397.591999999946,1397.65,0.05800000005410766
112,76,Sn_keV,7989.57200000016,7989.61,0.0379999998394851
112,76,Sp_keV,7209.594999999972,7209.73,0.13500000002750312
112,76,S2n_keV,14279.865999999922,14279.92,0.054000000078303856
112,76,S2p_keV,13206.646000000183,13206.65,0.0039999998170969775
112,76,Qalpha_keV,2143.3959999999497,2143.22,0.17599999994990867
111,77,Sn_keV,6866.884000000078,6866.85,0.0340000000778673
111,77,Sp_keV,4414.940000000177,4414.93,0.010000000176660251
111,77,S2n_keV,15315.058000000194,15315.2,0.1419999998070125
111,77,S2p_keV,10995.766000000061,10995.76,0.006000000061249011
111,77,Qalpha_keV,3449.8599999998696,3449.81,0.04999999986966941
110,78,Sn_keV,9207.160000000149,9207.2,0.039999999851715984
110,78,Sp_keV,5560.660000000149,5560.53,0.13000000014926627
110,78,S2n_keV,16099.102000000188,16099.12,0.017999999812673195
110,78,S2p_keV,9399.01000000001,9398.93,0.08000000000902219
110,78,Qalpha_keV,4006.651999999769,4006.69,0.03800000023102257
109,79,Sn_keV,7414.715000000084,7414.79,0.07499999991614459
109,79,Sp_keV,2975.1480000000447,2975.23,0.0819999999553147
109,79,S2n_keV,16799.12400000007,16799.09,0.03400000006877235
109,79,S2p_keV,7776.82200000016,7776.9,0.07799999983944872
109,79,Qalpha_keV,4814.527999999933,4814.63,0.10200000006716436
108,80,Sn_keV,10155.206999999937,10155.3,0.09300000006260234
108,80,Sp_keV,4462.926999999909,4463.05,0.12300000009145151
108,80,S2n_keV,17805.415999999736,17805.45,0.03400000026522321
108,80,S2p_keV,6915.301999999909,6915.41,0.1080000000911241
108,80,Qalpha_keV,4707.5,4707.41,0.09000000000014552
107,81,Sn_keV,7963.195999999996,7963.13,0.06599999999616557
107,81,Sp_keV,1507.3950000000186,1507.44,0.04499999998142812
107,81,S2n_keV,18592.45399999991,18592.42,0.03399999991233926
107,81,S2p_keV,5199.523999999976,5199.49,0.03399999997600389
107,81,Qalpha_keV,5557.391999999993,5557.39,0.0019999999922220013
106,82,Sn_keV,10899.683999999892,10899.56,0.1239999998924759
106,82,Sp_keV,2659.716000000015,2659.59,0.12600000001475564
106,82,S2n_keV,19275.94200000004,19275.81,0.13200000003780588
106,82,S2p_keV,3854.123999999836,3854.05,0.07399999983590533
106,82,Qalpha_keV,6108.703999999911,6108.85,0.14600000008977077
105,83,Sn_keV,8882.636000000173,8882.73,0.09399999982633744
105,83,Sp_keV,-503.26799999992363,-503.3,0.03200000007637982
105,83,S2n_keV,20191.02600000007,20191.11,0.08399999992980156
105,83,S2p_keV,1886.0220000001136,1886.02,0.002000000113639544
105,83,Qalpha_keV,7263.591999999946,7263.64,0.04800000005434413
104,84,Sn_keV,11444.082999999868,11444.23,0.14700000013181125
104,84,Sp_keV,1449.8680000000168,1450.01,0.1419999999832271
104,84,S2n_keV,20787.878000000026,20787.92,0.04199999997217674
104,84,S2p_keV,440.22200000006706,440.23,0.007999999932962965
104,84,Qalpha_keV,8082.296000000089,8082.29,0.006000000089443347
115,74,Sn_keV,5021.030000000028,5021.04,0.009999999972023943
115,74,Sp_keV,9294.457999999868,9294.48,0.022000000131811248
115,74,S2n_keV,11856.113999999827,11856.2,0.0860000001739536
115,74,Qalpha_keV,277.3040000000037,277.35,0.04599999999629745
114,75,Sn_keV,7033.465000000084,7033.55,0.08499999991636287
114,75,Sp_keV,6600.125000000233,6600.2,0.07499999976698746
114,75,S2n_keV,12905.064000000013,12905.2,0.13599999998768908
114,75,S2p_keV,15661.256999999983,15661.44,0.18300000001727312
114,75,Qalpha_keV,990.3589999997057,990.33,0.02899999970566114
113,76,Sn_keV,5920.945999999996,5920.83,0.11599999999634747
113,76,Sp_keV,7258.942000000039,7258.9,0.042000000039479346
113,76,S2n_keV,13910.518000000156,13910.43,0.08800000015617115
113,76,S2p_keV,13660.685999999987,13660.72,0.03400000001238368
113,76,Qalpha_keV,1976.0769999998156,1976.13,0.05300000018451101
112,77,Sn_keV,8175.979999999981,8176.0,0.02000000001862645
112,77,Sp_keV,4601.347999999998,4601.32,0.027999999998428393
112,77,S2n_keV,15042.86400000006,15042.85,0.014000000059240847
112,77,S2p_keV,11810.94299999997,11811.05,0.10700000002907473
112,77,Qalpha_keV,2944.5449999999255,2944.53,0.014999999925294105
111,78,Sn_keV,6719.591000000015,6719.74,0.14899999998488056
111,78,Sp_keV,5413.367000000086,5413.41,0.042999999914172804
111,78,S2n_keV,15926.751000000164,15926.93,0.17899999983637827
111,78,S2p_keV,9828.307000000263,9828.34,0.03299999973751255
111,78,Qalpha_keV,3911.7329999997746,3911.62,0.11299999977472908
110,79,Sn_keV,9281.97900000005,9281.96,0.019000000051164534
110,79,Sp_keV,3049.966999999946,3050.0,0.03300000005401671
110,79,S2n_keV,16696.694000000134,16696.75,0.05599999986588955
110,79,S2p_keV,8610.627000000095,8610.52,0.10700000009455835
110,79,Qalpha_keV,4328.686999999918,4328.68,0.006999999917752575
109,80,Sn_keV,7495.915000000037,7495.8,0.115000000037071
109,80,Sp_keV,4544.126999999862,4544.06,0.06699999986176408
109,80,S2n_keV,17651.121999999974,17651.11,0.011999999973340891
109,80,S2p_keV,7519.274999999907,7519.29,0.015000000093095878
109,80,Qalpha_keV,4636.714000000153,4636.82,0.10599999984697206
108,81,Sn_keV,10351.066000000108,10351.02,0.04600000010759686
108,81,Sp_keV,1703.25400000019,1703.16,0.09400000018990795
108,81,S2n_keV,18314.262000000104,18314.15,0.11200000010285294
108,81,S2p_keV,6166.181000000099,6166.2,0.018999999901097908
108,81,Qalpha_keV,4817.029999999795,4817.13,0.1000000002050001
107,82,Sn_keV,8100.027000000002,8100.15,0.12299999999777356
107,82,Sp_keV,2796.5470000000205,2796.6,0.052999999979419954
107,82,S2n_keV,18999.710999999894,18999.71,0.0009999998947023414
107,82,S2p_keV,4303.942000000039,4304.05,0.10799999996106635
107,82,Qalpha_keV,5914.679000000004,5914.72,0.04099999999652937
106,83,Sn_keV,10941.278999999864,10941.29,0.01100000013684621
106,83,Sp_keV,-461.67299999995157,-461.57,0.10299999995157805
106,83,S2n_keV,19823.915000000037,19824.02,0.10499999996318365
106,83,S2p_keV,2198.0430000000633,2198.01,0.033000000063111656
106,83,Qalpha_keV,7268.223999999929,7268.17,0.053999999929146725
105,84,Sn_keV,8948.995000000112,8949.01,0.01499999988845957
105,84,Sp_keV,1516.2269999999553,1516.29,0.0630000000446671
105,84,S2n_keV,20393.07799999998,20393.24,0.1620000000220898
105,84,S2p_keV,1012.9590000000317,1012.99,0.030999999968344127
105,84,Qalpha_keV,7694.320999999763,7694.3,0.020999999763262167
116,74,Sn_keV,6836.064000000246,6836.09,0.02599999975427636
116,74,S2n_keV,11857.094000000274,11857.14,0.045999999725609086
116,74,Qalpha_keV,-383.0380000001751,-383.02,0.018000000175106834
115,75,Sn_keV,5728.168999999994,5728.1,0.06899999999404827
115,75,Sp_keV,7307.264000000199,7307.26,0.004000000199084752
115,75,S2n_keV,12761.634000000078,12761.65,0.015999999921405106
115,75,S2p_keV,16601.722000000067,16601.74,0.017999999934545485
115,75,Qalpha_keV,546.8999999999069,546.78,0.11999999990689503
114,76,Sn_keV,7792.381999999983,7792.34,0.041999999983090675
114,76,Sp_keV,8017.8589999999385,8017.7,0.1589999999387146
114,76,S2n_keV,13713.32799999998,13713.17,0.15799999997943814
114,76,S2p_keV,14617.984000000171,14617.9,0.08400000017172715
114,76,Qalpha_keV,1375.6859999997541,1375.84,0.1540000002457873
113,77,Sn_keV,6375.409999999916,6375.27,0.1399999999157444
113,77,Sp_keV,5055.811999999918,5055.77,0.041999999917607056
113,77,S2n_keV,14551.389999999898,14551.27,0.11999999989711796
113,77,S2p_keV,12314.753999999957,12314.67,0.0839999999570864
113,77,Qalpha_keV,2748.503999999957,2748.63,0.12600000004294998
112,78,Sn_keV,8908.503000000026,8908.42,0.08300000002600427
112,78,Sp_keV,6145.89000000013,6145.83,0.06000000013045792
112,78,S2n_keV,15628.094000000041,15628.16,0.06599999995887629
112,78,S2p_keV,10747.238000000129,10747.16,0.07800000012866803
112,78,Qalpha_keV,3268.555999999866,3268.58,0.02400000013403769
111,79,Sn_keV,7322.916999999899,7322.9,0.01699999989978096
111,79,Sp_keV,3653.2929999998305,3653.16,0.1329999998306448
111,79,S2n_keV,16604.89599999995,16604.86,0.035999999949126504
111,79,S2p_keV,9066.659999999916,9066.57,0.089999999916472
111,79,Qalpha_keV,3913.9419999998063,3913.9,0.041999999806193955
110,80,Sn_keV,9815.539000000106,9815.61,0.0709999998944113
110,80,Sp_keV,5077.686999999918,5077.71,0.023000000081992766
110,80,S2n_keV,17311.454000000143,17311.42,0.034000000145169906
110,80,S2p_keV,8127.653999999864,8127.71,0.056000000136009476
110,80,Qalpha_keV,4068.903999999864,4068.83,0.07399999986409966
109,81,Sn_keV,7827.130000000121,7827.24,0.10999999987870979
109,81,Sp_keV,2034.4690000002738,2034.6,0.1309999997261002
109,81,S2n_keV,18178.19600000023,18178.26,0.06399999976929394
109,81,S2p_keV,6578.596000000136,6578.66,0.06399999986388138
109,81,Qalpha_keV,4917.939999999711,4917.91,0.02999999971143552
108,82,Sn_keV,10643.999000000069,10643.93,0.06900000006862683
108,82,Sp_keV,3089.4799999999814,3089.52,0.04000000001860826
108,82,S2n_keV,18744.02600000007,18744.08,0.053999999930965714
108,82,S2p_keV,4792.734000000171,4792.67,0.0640000001712906
108,82,Qalpha_keV,5697.510000000009,5697.54,0.029999999990650394
107,83,Sn_keV,8606.168999999994,8606.24,0.07100000000536966
107,83,Sp_keV,44.46900000004098,44.52,0.05099999995902493
107,83,S2n_keV,19547.44799999986,19547.53,0.08200000014039688
107,83,S2p_keV,2841.0160000000615,2841.12,0.10399999993842357
107,83,Qalpha_keV,6862.189999999944,6862.12,0.06999999994422978
106,84,Sn_keV,11213.26099999994,11213.15,0.11099999994075915
106,84,Sp_keV,1788.2090000000317,1788.15,0.05900000003157402
106,84,S2n_keV,20162.256000000052,20162.16,0.09600000005229958
106,84,S2p_keV,1326.53600000008,1326.58,0.0439999999198335
106,84,Qalpha_keV,7693.181999999797,7693.27,0.08800000020346488
117,74,Sn_keV,4865.214999999851,4865.18,0.03499999985069735
117,74,S2n_keV,11701.279000000097,11701.27,0.00900000009642099
116,75,Sn_keV,6785.716999999946,6785.78,0.06300000005376205
116,75,Sp_keV,7256.916999999899,7256.95,0.03300000010040094
116,75,S2n_keV,12513.88599999994,12513.89,0.004000000059022568
116,75,Qalpha_keV,120.51699999999255,120.33,0.18699999999255112
115,76,Sn_keV,5758.728000000119,5758.73,0.001999999880354153
115,76,Sp_keV,8048.418000000063,8048.33,0.0880000000634027
115,76,S2n_keV,13551.110000000102,13551.07,0.04000000010273652
115,76,S2p_keV,15355.682000000263,15355.59,0.09200000026248745
115,76,Qalpha_keV,1083.8639999998268,1083.87,0.0060000001731168595
114,77,Sn_keV,8026.3930000001565,8026.53,0.13699999984328315
114,77,Sp_keV,5289.823000000091,5289.96,0.13699999990876677
114,77,S2n_keV,14401.803000000073,14401.8,0.0030000000733707566
114,77,S2p_keV,13307.68200000003,13307.65,0.03200000003016612
114,77,Qalpha_keV,2082.9139999998733,2082.81,0.1039999998733947
113,78,Sn_keV,6463.186999999918,6463.1,0.08699999991767982
113,78,Sp_keV,6233.667000000132,6233.66,0.007000000132393325
113,78,S2n_keV,15371.689999999944,15371.52,0.1699999999436841
113,78,S2p_keV,11289.47900000005,11289.43,0.04900000005000038
113,78,Qalpha_keV,3095.6629999997094,3095.79,0.12700000029053626
112,79,Sn_keV,9035.611000000034,9035.69,0.0789999999669817
112,79,Sp_keV,3780.400999999838,3780.42,0.019000000162122888
112,79,S2n_keV,16358.527999999933,16358.58,0.052000000066982466
112,79,S2p_keV,9926.290999999968,9926.26,0.030999999968116754
112,79,Qalpha_keV,3326.5049999998882,3326.55,0.04500000011194061
111,80,Sn_keV,7292.570000000065,7292.52,0.05000000006475602
111,80,Sp_keV,5047.340000000084,5047.33,0.010000000083891791
111,80,S2n_keV,17108.10900000017,17108.13,0.02099999982965528
111,80,S2p_keV,8700.632999999914,8700.49,0.1429999999145366
111,80,Qalpha_keV,3668.275999999838,3668.24,0.03599999983816815
110,81,Sn_keV,9982.343999999808,9982.24,0.10399999980836583
110,81,Sp_keV,2201.273999999976,2201.22,0.0539999999759857
110,81,S2n_keV,17809.47399999993,17809.48,0.006000000070343958
110,81,S2p_keV,7278.960999999894,7278.93,0.030999999893538188
110,81,Qalpha_keV,4320.004999999888,4319.98,0.02499999988867785
109,82,Sn_keV,7885.823000000091,7885.79,0.03300000009130599
109,82,Sp_keV,3148.1729999999516,3148.06,0.1129999999516258
109,82,S2n_keV,18529.82200000016,18529.72,0.10200000015902333
109,82,S2p_keV,5182.642000000225,5182.66,0.017999999774474418
109,82,Qalpha_keV,5461.895999999717,5461.9,0.004000000282758265
108,83,Sn_keV,10711.27099999995,10711.08,0.19099999994978134
108,83,Sp_keV,111.74099999992177,111.67,0.0709999999217672
108,83,S2n_keV,19317.439999999944,19317.32,0.11999999994441168
108,83,S2p_keV,3201.220999999903,3201.19,0.030999999903087883
108,83,Qalpha_keV,6780.176999999909,6780.32,0.14300000009097857
107,84,Sn_keV,8576.105999999912,8576.22,0.11400000008688949
107,84,Sp_keV,1758.1459999999497,1758.13,0.01599999994959944
107,84,S2n_keV,19789.366999999853,19789.36,0.006999999852268957
107,84,S2p_keV,1802.6149999999907,1802.64,0.02500000000941327
107,84,Qalpha_keV,7493.334000000032,7493.31,0.02400000003126479
106,85,Sp_keV,-1138.7269999999553,-1138.78,0.0530000000446762
106,85,S2p_keV,649.4820000000764,649.36,0.12200000007635481
106,85,Qalpha_keV,7822.262999999803,7822.27,0.007000000197876943
117,75,Sn_keV,5309.908999999985,5309.85,0.05899999998473504
117,75,Sp_keV,7701.6110000000335,7701.62,0.008999999966363248
117,75,S2n_keV,12095.625999999931,12095.63,0.004000000068117515
117,75,Qalpha_keV,-401.68800000008196,-401.71,0.02199999991802315
116,76,Sn_keV,7558.311999999685,7558.32,0.008000000314495992
116,76,Sp_keV,8821.012999999803,8820.86,0.15299999980197754
116,76,S2n_keV,13317.039999999804,13317.05,0.010000000194850145
116,76,S2p_keV,16077.929999999702,16077.82,0.10999999970226781
116,76,Qalpha_keV,360.6359999999404,360.7,0.06400000005959328
115,77,Sn_keV,6198.22499999986,6198.12,0.10499999986041075
115,77,Sp_keV,5729.319999999832,5729.35,0.03000000016800186
115,77,S2n_keV,14224.618000000017,14224.65,0.031999999982872396
115,77,S2p_keV,13777.737999999896,13777.67,0.06799999989561911
115,77,Qalpha_keV,1756.2879999999423,1756.33,0.04200000005766924
114,78,Sn_keV,8661.414999999804,8661.54,0.12500000019645086
114,78,Sp_keV,6868.68899999978,6868.67,0.018999999780135113
114,78,S2n_keV,15124.601999999722,15124.64,0.03800000027695205
114,78,S2p_keV,12158.511999999871,12158.63,0.11800000012772216
114,78,Qalpha_keV,2423.820000000065,2423.86,0.03999999993493475
113,79,Sn_keV,7045.513000000035,7045.53,0.016999999964355084
113,79,Sp_keV,4362.726999999955,4362.85,0.12300000004506728
113,79,S2n_keV,16081.124000000069,16081.22,0.0959999999304273
113,79,S2p_keV,10596.394000000088,10596.51,0.11599999991267396
113,79,Qalpha_keV,3147.875999999931,3147.88,0.00400000006902701
112,80,Sn_keV,9490.871999999974,9490.97,0.0980000000254222
112,80,Sp_keV,5502.601000000024,5502.62,0.018999999975676474
112,80,S2n_keV,16783.44200000004,16783.49,0.04799999996248516
112,80,S2p_keV,9283.001999999862,9283.04,0.038000000138708856
112,80,Qalpha_keV,3384.564000000013,3384.46,0.10400000001300214
111,81,Sn_keV,7660.56799999997,7660.62,0.05200000002969318
111,81,Sp_keV,2569.271999999881,2569.32,0.048000000119373
111,81,S2n_keV,17642.91199999978,17642.85,0.06199999977980042
111,81,S2p_keV,7616.611999999965,7616.65,0.03800000003502646
111,81,Qalpha_keV,4074.152000000002,4074.15,0.0020000000017716957
110,82,Sn_keV,10396.114999999758,10396.22,0.10500000024148903
110,82,Sp_keV,3561.9439999999013,3562.04,0.09600000009868381
110,82,S2n_keV,18281.93799999985,18282.01,0.07200000014927355
110,82,S2p_keV,5763.217999999877,5763.26,0.04200000012315286
110,82,Qalpha_keV,5220.987999999896,5220.98,0.007999999896128429
109,83,Sn_keV,8366.485000000102,8366.51,0.024999999897772796
109,83,Sp_keV,592.402999999933,592.39,0.012999999932958417
109,83,S2n_keV,19077.756000000052,19077.59,0.16600000005200855
109,83,S2p_keV,3740.5759999998845,3740.45,0.1259999998846979
109,83,Qalpha_keV,6376.887999999803,6376.95,0.06200000019725849
108,84,Sn_keV,11073.273999999976,11073.24,0.03399999997600389
108,84,Sp_keV,2120.148999999976,2120.29,0.141000000024178
108,84,S2n_keV,19649.37999999989,19649.46,0.0800000001108856
108,84,S2p_keV,2231.8899999998976,2231.96,0.07000000010248186
108,84,Qalpha_keV,7319.743999999948,7319.63,0.1139999999477368
107,85,Sn_keV,9009.290999999968,9009.38,0.08900000003086461
107,85,Sp_keV,-705.5419999998994,-705.62,0.07800000010058739
107,85,S2p_keV,1052.6040000000503,1052.51,0.09400000005030051
107,85,Qalpha_keV,7695.608000000007,7695.63,0.02199999999265856
118,75,Sn_keV,6714.145000000019,6714.13,0.015000000018517312
118,75,S2n_keV,12024.054000000004,12023.98,0.07400000000416185
117,76,Sn_keV,5583.310000000289,5583.42,0.10999999971136276
117,76,Sp_keV,9094.414000000106,9094.44,0.025999999894338544
117,76,S2n_keV,13141.621999999974,13141.74,0.11800000002585875
117,76,S2p_keV,16796.02500000014,16796.06,0.034999999861611286
117,76,Qalpha_keV,-201.64400000032037,-201.67,0.02599999967961253
116,77,Sn_keV,7771.8610000000335,7771.99,0.1289999999662541
116,77,Sp_keV,5942.869000000181,5943.02,0.15099999981975998
116,77,S2n_keV,13970.085999999894,13970.11,0.02400000010675285
116,77,S2p_keV,14763.881999999983,14763.88,0.001999999984036549
116,77,Qalpha_keV,1017.8919999999925,1017.89,0.001999999992563062
115,78,Sn_keV,6262.4260000002105,6262.47,0.04399999978977576
115,78,Sp_keV,6932.89000000013,6933.02,0.1299999998700514
115,78,S2n_keV,14923.841000000015,14924.0,0.15899999998509884
115,78,S2p_keV,12662.209999999963,12662.36,0.15000000003783498
115,78,Qalpha_keV,2082.339999999851,2082.22,0.11999999985118848
114,79,Sn_keV,8704.06799999997,8704.02,0.04799999996976112
114,79,Sp_keV,4405.380000000121,4405.33,0.050000000121144694
114,79,S2n_keV,15749.581000000006,15749.55,0.03100000000631553
114,79,S2p_keV,11274.068999999901,11274.01,0.05899999990106153
114,79,Qalpha_keV,2619.7879999999423,2619.85,0.06200000005765105
113,80,Sn_keV,7121.923999999883,7121.94,0.016000000116946467
113,80,Sp_keV,5579.0119999998715,5579.03,0.018000000128267857
113,80,S2n_keV,16612.795999999857,16612.92,0.12400000014167745
113,80,S2p_keV,9941.738999999827,9941.88,0.14100000017242564
113,80,Qalpha_keV,2982.2310000001453,2982.25,0.01899999985471368
112,81,Sn_keV,9676.320000000065,9676.28,0.040000000064537744
112,81,Sp_keV,2754.719999999972,2754.63,0.08999999997195118
112,81,S2n_keV,17336.888000000035,17336.9,0.011999999966064934
112,81,S2p_keV,8257.320999999996,8257.25,0.07099999999627471
112,81,Qalpha_keV,3679.810999999987,3679.83,0.019000000012965756
111,82,Sn_keV,7709.919000000227,7709.79,0.1290000002272791
111,82,Sp_keV,3611.2950000001583,3611.21,0.08500000015828846
111,82,S2n_keV,18106.033999999985,18106.01,0.02399999998669955
111,82,S2p_keV,6180.567000000039,6180.53,0.03700000003937021
111,82,Qalpha_keV,5006.983999999706,5007.0,0.016000000294297934
110,83,Sn_keV,10421.266999999993,10421.34,0.0730000000075961
110,83,Sp_keV,617.5550000001676,617.51,0.04500000016764716
110,83,S2n_keV,18787.752000000095,18787.85,0.0979999999035499
110,83,S2p_keV,4179.499000000069,4179.55,0.05099999993126403
110,83,Qalpha_keV,6306.686999999918,6306.63,0.056999999917934474
109,84,Sn_keV,8325.949999999953,8325.97,0.020000000045911293
109,84,Sp_keV,2079.613999999827,2079.75,0.136000000173226
109,84,S2n_keV,19399.22399999993,19399.22,0.003999999928055331
109,84,S2p_keV,2672.0169999997597,2672.14,0.1230000002401539
109,84,Qalpha_keV,7093.820999999996,7093.8,0.02099999999609281
108,85,Sn_keV,11064.45299999998,11064.49,0.03700000002027082
108,85,Sp_keV,-714.3629999998957,-714.37,0.007000000104312676
108,85,S2n_keV,20073.743999999948,20073.87,0.12600000005113543
108,85,S2p_keV,1405.78600000008,1405.91,0.12399999991998811
108,85,Qalpha_keV,7572.433999999892,7572.42,0.013999999891893822
107,86,Sp_keV,1171.8519999999553,1171.91,0.05800000004478534
107,86,S2p_keV,466.3100000000559,466.3,0.010000000055867986
107,86,Qalpha_keV,8039.983000000007,8040.0,0.01699999999254942
118,76,Sn_keV,7112.157999999821,7112.14,0.017999999820858648
118,76,Sp_keV,9492.426999999909,9492.44,0.01300000009177893
118,76,S2n_keV,12695.46800000011,12695.55,0.08199999988937634
118,76,Qalpha_keV,-477.7379999998957,-477.71,0.027999999895712335
117,77,Sn_keV,6066.809000000125,6066.79,0.019000000124833605
117,77,Sp_keV,6426.368000000017,6426.39,0.021999999983563612
117,77,S2n_keV,13838.670000000158,13838.78,0.10999999984233
117,77,S2p_keV,15520.782000000123,15520.82,0.03799999987677438
117,77,Qalpha_keV,679.2519999998622,679.21,0.04199999986212788
116,78,Sn_keV,8351.855999999912,8351.78,0.07599999991180084
116,78,Sp_keV,7512.885000000009,7512.81,0.07500000000891305
116,78,S2n_keV,14614.282000000123,14614.25,0.03200000012293458
116,78,S2p_keV,13455.75400000019,13455.82,0.06599999980971916
116,78,Qalpha_keV,1522.8659999999218,1522.78,0.08599999992179619
115,79,Sn_keV,6878.503999999957,6878.43,0.07399999995686812
115,79,Sp_keV,5021.457999999868,5021.3,0.1579999998675703
115,79,S2n_keV,15582.571999999927,15582.45,0.12199999992662924
115,79,S2p_keV,11954.347999999998,11954.32,0.027999999998428393
115,79,Qalpha_keV,2116.6939999999013,2116.69,0.003999999901225237
114,80,Sn_keV,9193.222000000067,9193.08,0.14200000006712798
114,80,Sp_keV,6068.165999999968,6068.09,0.07599999996818951
114,80,S2n_keV,16315.14599999995,16315.03,0.11599999994905374
114,80,S2p_keV,10473.54600000009,10473.43,0.11600000008911593
114,80,Qalpha_keV,2697.5120000001043,2697.59,0.07799999989583739
113,81,Sn_keV,7531.4880000001285,7531.6,0.11199999987184128
113,81,Sp_keV,3164.284000000218,3164.28,0.004000000217729394
113,81,S2n_keV,17207.808000000194,17207.88,0.07199999980730354
113,81,S2p_keV,8743.29600000009,8743.32,0.023999999910301995
113,81,Qalpha_keV,3471.239999999758,3471.13,0.10999999975774699
112,82,Sn_keV,10084.72499999986,10084.77,0.045000000140134944
112,82,Sp_keV,4019.6999999999534,4019.7,4.638422979041934e-11
112,82,S2n_keV,17794.644000000088,17794.55,0.09400000008827192
112,82,S2p_keV,6774.4199999999255,6774.33,0.08999999992556695
112,82,Qalpha_keV,4737.797999999952,4737.84,0.04200000004857429
111,83,Sn_keV,8215.647000000114,8215.57,0.07700000011391239
111,83,Sp_keV,1123.283000000054,1123.29,0.006999999945946911
111,83,S2n_keV,18636.914000000106,18636.91,0.004000000106316293
111,83,S2p_keV,4734.578000000212,4734.51,0.06800000021212327
111,83,Qalpha_keV,5918.1699999999255,5918.3,0.1300000000746877
110,84,Sn_keV,10750.68600000022,10750.65,0.036000000220155925
110,84,Sp_keV,2409.033000000054,2409.07,0.036999999946147
110,84,S2n_keV,19076.636000000173,19076.63,0.006000000172207365
110,84,S2p_keV,3026.5880000002217,3026.58,0.008000000221727532
110,84,Qalpha_keV,6987.133999999845,6987.07,0.06399999984569149
109,85,Sn_keV,8724.268999999855,8724.16,0.1089999998548592
109,85,Sp_keV,-316.0439999999944,-316.18,0.13600000000559476
109,85,S2n_keV,19788.721999999834,19788.65,0.07199999983276939
109,85,S2p_keV,1763.5699999998324,1763.57,1.6757439880166203e-10
109,85,Qalpha_keV,7454.334000000032,7454.5,0.16599999996833503
108,86,Sn_keV,11390.758000000147,11390.73,0.028000000147585524
108,86,Sp_keV,1498.157000000123,1498.16,0.0029999998771472747
108,86,S2p_keV,783.7940000002272,783.78,0.014000000227269993
108,86,Qalpha_keV,7862.485999999801,7862.42,0.06599999980062421
119,76,Sn_keV,5147.811999999918,5147.8,0.011999999917861714
119,76,S2n_keV,12259.96999999974,12259.94,0.029999999738720362
119,76,Qalpha_keV,-760.3349999999627,-760.34,0.005000000037284735
118,77,Sn_keV,7231.946999999927,7231.86,0.08699999992768426
118,77,Sp_keV,6546.157000000123,6546.11,0.047000000123262
118,77,S2n_keV,13298.756000000052,13298.65,0.10600000005251786
118,77,S2p_keV,16038.584000000032,16038.55,0.03400000003239256
118,77,Qalpha_keV,233.0219999998808,233.13,0.10800000011920474
117,78,Sn_keV,6105.085999999894,6105.1,0.014000000106534571
117,78,Sp_keV,7551.161999999778,7551.11,0.051999999778672645
117,78,S2n_keV,14456.941999999806,14456.88,0.06199999980708526
117,78,S2p_keV,13977.529999999795,13977.5,0.029999999795109034
117,78,Qalpha_keV,1176.5080000001471,1176.42,0.08800000014707621
116,79,Sn_keV,8426.359000000171,8426.41,0.05099999982849113
116,79,Sp_keV,5095.961000000127,5095.93,0.031000000126368832
116,79,S2n_keV,15304.863000000129,15304.84,0.023000000128376996
116,79,S2p_keV,12608.846000000136,12608.74,0.10600000013619137
116,79,Qalpha_keV,1716.7279999998864,1716.81,0.08200000011356678
115,80,Sn_keV,6900.597000000067,6900.76,0.16299999993316305
115,80,Sp_keV,6090.259000000078,6090.43,0.17099999992205994
115,80,S2n_keV,16093.819000000134,16093.85,0.030999999866253347
115,80,S2p_keV,11111.716999999946,11111.73,0.013000000053580152
115,80,Qalpha_keV,2260.1019999999553,2259.93,0.17199999995546023
114,81,Sn_keV,9289.079999999842,9289.07,0.0099999998419662
114,81,Sp_keV,3260.1419999999925,3260.27,0.1280000000074324
114,81,S2n_keV,16820.56799999997,16820.67,0.10200000002805609
114,81,S2p_keV,9328.30799999996,9328.37,0.062000000039915903
114,81,Qalpha_keV,3217.7709999999497,3217.74,0.03099999994992686
113,82,Sn_keV,7570.96800000011,7571.07,0.1019999998898129
113,82,Sp_keV,4059.179999999935,4059.17,0.00999999993473466
113,82,S2n_keV,17655.69299999997,17655.84,0.14700000002994784
113,82,S2p_keV,7223.464000000153,7223.46,0.0040000001527005224
113,82,Qalpha_keV,4459.399999999907,4459.29,0.10999999990690412
112,83,Sn_keV,10067.964999999851,10068.07,0.10500000014872057
112,83,Sp_keV,1106.5230000000447,1106.59,0.06699999995521466
112,83,S2n_keV,18283.611999999965,18283.64,0.02800000003480818
112,83,S2p_keV,5126.222999999998,5126.29,0.06700000000182627
112,83,Qalpha_keV,5832.548999999883,5832.47,0.0789999998823987
111,84,Sn_keV,8122.939000000013,8122.92,0.019000000012965756
111,84,Sp_keV,2316.3249999999534,2316.42,0.09500000004663889
111,84,S2n_keV,18873.625000000233,18873.58,0.045000000231084414
111,84,S2p_keV,3439.6080000000075,3439.71,0.1019999999925858
111,84,Qalpha_keV,6750.017999999924,6749.94,0.07799999992403173
110,85,Sn_keV,10821.439000000246,10821.45,0.010999999754858436
110,85,Sp_keV,-245.29099999996834,-245.39,0.09900000003165133
110,85,S2n_keV,19545.7080000001,19545.61,0.09800000010000076
110,85,S2p_keV,2163.7420000000857,2163.68,0.062000000085845386
110,85,Qalpha_keV,7344.1659999997355,7344.14,0.02599999973517697
109,86,Sn_keV,8744.490999999922,8744.53,0.03900000007888593
109,86,Sp_keV,1518.37900000019,1518.53,0.1509999998099829
109,86,S2n_keV,20135.24900000007,20135.26,0.010999999929481419
109,86,S2p_keV,1202.3350000001956,1202.34,0.004999999804340405
109,86,Qalpha_keV,7694.100999999791,7694.1,0.0009999997910199454
120,76,Sn_keV,6836.804000000237,6836.83,0.025999999763371306
120,76,S2n_keV,11984.616000000155,11984.63,0.013999999844600097
119,77,Sn_keV,5814.582999999868,5814.56,0.022999999867352017
119,77,Sp_keV,7212.928000000073,7212.87,0.0580000000727523
119,77,S2n_keV,13046.529999999795,13046.42,0.10999999979503627
119,77,Qalpha_keV,-271.65200000000186,-271.58,0.07200000000187856
118,78,Sn_keV,7922.044000000227,7921.98,0.06400000022767927
118,78,Sp_keV,8241.259000000078,8241.23,0.029000000078667654
118,78,S2n_keV,14027.130000000121,14027.07,0.06000000012136297
118,78,S2p_keV,14787.416000000201,14787.34,0.07600000020102016
118,78,Qalpha_keV,812.7759999996051,812.77,0.005999999605137418
117,79,Sn_keV,6643.064999999711,6642.99,0.07499999971150828
117,79,Sp_keV,5633.939999999944,5633.83,0.1099999999441934
117,79,S2n_keV,15069.423999999883,15069.4,0.023999999883017153
117,79,S2p_keV,13185.101999999722,13184.94,0.16199999972195656
117,79,Qalpha_keV,1271.8880000000354,1271.94,0.05199999996466431
116,80,Sn_keV,8883.908999999985,8883.87,0.03899999998429848
116,80,Sp_keV,6547.808999999892,6547.88,0.07100000010814256
116,80,S2n_keV,15784.506000000052,15784.63,0.12399999994704558
116,80,S2p_keV,11643.770000000019,11643.81,0.03999999998086423
116,80,Qalpha_keV,2037.6079999997746,2037.6,0.007999999774710886
115,81,Sn_keV,7412.683999999892,7412.66,0.0239999998921121
115,81,Sp_keV,3772.2289999998175,3772.17,0.058999999817388016
115,81,S2n_keV,16701.763999999734,16701.73,0.0339999997340783
115,81,S2p_keV,9862.487999999896,9862.6,0.11200000010467193
115,81,Qalpha_keV,2850.600000000093,2850.61,0.009999999906995072
114,82,Sn_keV,9711.992000000086,9711.94,0.05200000008517236
114,82,Sp_keV,4482.092000000179,4482.03,0.06200000017906859
114,82,S2n_keV,17282.960000000196,17283.01,0.04999999980282155
114,82,S2p_keV,7742.234000000171,7742.31,0.07599999982903682
114,82,Qalpha_keV,4238.279999999795,4238.33,0.05000000020481821
113,83,Sn_keV,8054.784999999916,8054.79,0.005000000083782652
113,83,Sp_keV,1590.339999999851,1590.31,0.029999999851042958
113,83,S2n_keV,18122.749999999767,18122.85,0.10000000023137545
113,83,S2p_keV,5649.519999999786,5649.48,0.039999999786232365
113,83,Qalpha_keV,5438.331999999937,5438.3,0.031999999936488166
112,84,Sn_keV,10488.160999999847,10488.1,0.0609999998468993
112,84,Sp_keV,2736.5209999999497,2736.45,0.07099999994989048
112,84,S2n_keV,18611.09999999986,18611.02,0.07999999985986506
112,84,S2p_keV,3843.0439999999944,3843.04,0.003999999994448444
112,84,Qalpha_keV,6657.971999999834,6658.06,0.0880000001661756
111,85,Sn_keV,8515.626999999862,8515.7,0.07300000013856334
111,85,Sp_keV,147.3969999998808,147.39,0.006999999880804353
111,85,S2n_keV,19337.066000000108,19337.15,0.08399999989342177
111,85,S2p_keV,2463.721999999834,2463.81,0.08800000016572085
111,85,Qalpha_keV,7195.023999999976,7194.94,0.08399999997618579
110,86,Sn_keV,11150.766999999993,11150.61,0.15699999999196734
110,86,Sp_keV,1847.7069999999367,1847.69,0.016999999936615495
110,86,S2n_keV,19895.257999999914,19895.14,0.1179999999149004
110,86,S2p_keV,1602.4159999999683,1602.3,0.11599999996838051
110,86,Qalpha_keV,7616.607999999775,7616.74,0.13200000022516178
120,77,Sn_keV,6899.795000000158,6899.93,0.1349999998419662
120,77,Sp_keV,7275.918999999994,7275.97,0.051000000005842594
120,77,S2n_keV,12714.378000000026,12714.49,0.11199999997370469
120,77,Qalpha_keV,-457.30200000014156,-457.38,0.07799999985843442
119,78,Sn_keV,5846.602999999886,5846.56,0.04299999988597847
119,78,Sp_keV,8273.279000000097,8273.23,0.049000000097294105
119,78,S2n_keV,13768.647000000114,13768.54,0.10700000011274824
119,78,S2p_keV,15486.20700000017,15486.1,0.10700000016913691
119,78,Qalpha_keV,549.4830000000075,549.62,0.13699999999255397
118,79,Sn_keV,8072.258000000147,8072.35,0.09199999985321483
118,79,Sp_keV,5784.153999999864,5784.2,0.0460000001357912
118,79,S2n_keV,14715.322999999858,14715.34,0.01700000014170655
118,79,S2p_keV,14025.412999999942,14025.43,0.017000000058033038
118,79,Qalpha_keV,971.4909999999218,971.58,0.08900000007827202
117,80,Sn_keV,6785.756000000052,6785.61,0.14600000005248148
117,80,Sp_keV,6690.500000000233,6690.49,0.010000000233048922
117,80,S2n_keV,15669.665000000037,15669.47,0.19500000003790774
117,80,S2p_keV,12324.440000000177,12324.32,0.12000000017724233
117,80,Qalpha_keV,1514.277999999933,1514.46,0.1820000000670916
116,81,Sn_keV,8916.43200000003,8916.37,0.06200000002900197
116,81,Sp_keV,3804.751999999862,3804.68,0.07199999986232797
116,81,S2n_keV,16329.115999999922,16329.04,0.07599999992089579
116,81,S2p_keV,10352.560999999754,10352.56,0.0009999997546401573
116,81,Qalpha_keV,2638.2360000000335,2638.26,0.023999999966690666
115,82,Sn_keV,7468.501999999862,7468.41,0.09199999986230978
115,82,Sp_keV,4537.910000000149,4537.78,0.13000000014926627
115,82,S2n_keV,17180.493999999948,17180.34,0.15399999994770042
115,82,S2p_keV,8310.138999999966,8309.95,0.1889999999657448
115,82,Qalpha_keV,3891.7019999998156,3891.86,0.1580000001845292
114,83,Sn_keV,9749.498000000138,9749.48,0.0180000001382723
114,83,Sp_keV,1627.8459999999031,1627.85,0.004000000096766598
114,83,S2n_keV,17804.283000000054,17804.26,0.02300000005561742
114,83,S2p_keV,6109.938000000082,6109.88,0.05800000008184725
114,83,Qalpha_keV,5365.153999999864,5365.11,0.04399999986435432
113,84,Sn_keV,7956.259000000078,7956.27,0.010999999922205461
113,84,Sp_keV,2637.9950000001118,2637.93,0.06500000011192242
113,84,S2n_keV,18444.419999999925,18444.37,0.04999999992651283
113,84,S2p_keV,4228.334999999963,4228.24,0.09499999996296538
113,84,Qalpha_keV,6411.631999999983,6411.58,0.05199999998330895
112,85,Sn_keV,10511.976999999955,10511.89,0.08699999995587859
112,85,Sp_keV,171.21299999998882,171.18,0.03299999998881731
112,85,S2n_keV,19027.603999999817,19027.59,0.013999999817315256
112,85,S2p_keV,2907.7339999999385,2907.63,0.10399999993842357
112,85,Qalpha_keV,7104.314000000013,7104.39,0.0759999999872889
111,86,Sn_keV,8531.793999999994,8531.96,0.16600000000471482
111,86,Sp_keV,1863.874000000069,1863.94,0.0659999999311367
111,86,S2n_keV,19682.560999999987,19682.56,0.0009999999856518116
111,86,S2p_keV,2011.2709999999497,2011.33,0.05900000005021866
111,86,Qalpha_keV,7410.763999999734,7410.75,0.013999999733641744
110,87,Sp_keV,-994.1410000000615,-994.01,0.13100000006147638
110,87,S2p_keV,853.5659999998752,853.68,0.1140000001247472
110,87,Qalpha_keV,7896.38599999994,7896.38,0.005999999940286216
120,78,Sn_keV,7555.412999999942,7555.57,0.15700000005745096
120,78,Sp_keV,8928.89699999988,8928.86,0.036999999880208634
120,78,S2n_keV,13402.015999999829,13402.12,0.10400000017216371
120,78,S2p_keV,16204.815999999875,16204.84,0.024000000124942744
120,78,Qalpha_keV,106.22799999988638,106.19,0.03799999988638092
119,79,Sn_keV,6512.428000000073,6512.36,0.06800000007297058
119,79,Sp_keV,6449.97900000005,6450.0,0.02099999994970858
119,79,S2n_keV,14584.68600000022,14584.71,0.023999999779334757
119,79,S2p_keV,14723.258000000147,14723.23,0.028000000147585524
119,79,Qalpha_keV,525.8719999999739,526.01,0.13800000002606794
118,80,Sn_keV,8485.215999999782,8485.4,0.18400000021756568
118,80,Sp_keV,7103.457999999868,7103.54,0.08200000013221143
118,80,S2n_keV,15270.971999999834,15271.0,0.02800000016577542
118,80,S2p_keV,12887.611999999732,12887.74,0.12800000026800262
118,80,Qalpha_keV,1380.9180000000633,1380.84,0.07800000006341179
117,81,Sn_keV,7258.324000000255,7258.41,0.0859999997446721
117,81,Sp_keV,4277.320000000065,4277.49,0.16999999993458914
117,81,S2n_keV,16174.756000000285,16174.79,0.03399999971588841
117,81,S2p_keV,10967.820000000298,10967.98,0.15999999970154022
117,81,Qalpha_keV,2258.4159999997355,2258.27,0.14599999973552258
116,82,Sn_keV,9393.30799999996,9393.41,0.10200000003897003
116,82,Sp_keV,5014.78600000008,5014.81,0.023999999920306436
116,82,S2n_keV,16861.809999999823,16861.81,1.7826096154749393e-10
116,82,S2p_keV,8819.537999999942,8819.49,0.04799999994247628
116,82,Qalpha_keV,3691.6159999999218,3691.54,0.07599999992180528
115,83,Sn_keV,7753.523999999976,7753.61,0.08600000002388697
115,83,Sp_keV,1912.8680000000168,1913.06,0.19199999998318162
115,83,S2n_keV,17503.022000000114,17503.09,0.06799999988652417
115,83,S2p_keV,6450.778000000166,6450.84,0.0619999998343701
115,83,Qalpha_keV,5143.118000000017,5143.09,0.028000000016618287
114,84,Sn_keV,10186.68299999996,10186.68,0.0029999999605934136
114,84,Sp_keV,3075.179999999935,3075.13,0.04999999993469828
114,84,S2n_keV,18142.94200000004,18142.94,0.0020000000404252205
114,84,S2p_keV,4703.025999999838,4702.98,0.04599999983838643
114,84,Qalpha_keV,6309.673999999883,6309.67,0.003999999882580596
113,85,Sn_keV,8430.504999999888,8430.58,0.07500000011168595
113,85,Sp_keV,645.4589999997988,645.49,0.03100000020117477
113,85,S2n_keV,18942.481999999844,18942.47,0.011999999842373654
113,85,S2p_keV,3283.4539999999106,3283.42,0.03399999991052027
113,85,Qalpha_keV,6889.456000000238,6889.38,0.07600000023830944
112,86,Sn_keV,10812.105999999912,10812.03,0.07599999991180084
112,86,Sp_keV,2164.003000000026,2164.08,0.07699999997385021
112,86,S2n_keV,19343.899999999907,19343.98,0.0800000000926957
112,86,S2p_keV,2335.216000000015,2335.26,0.04399999998531712
112,86,Qalpha_keV,7349.344000000041,7349.38,0.035999999959130946
111,87,Sn_keV,8751.279000000097,8751.26,0.01900000009663927
111,87,Sp_keV,-774.655999999959,-774.7,0.04400000004102367
111,87,S2p_keV,1089.21800000011,1089.24,0.02199999989011303
111,87,Qalpha_keV,7869.375999999698,7869.27,0.10599999969781493
122,77,S2n_keV,12277.190999999875,12277.04,0.15099999987432966
121,78,Sn_keV,5556.0,5556.0,0.0
121,78,S2n_keV,13111.412999999942,13111.57,0.15700000005745096
121,78,Qalpha_keV,-301.9600000001956,-302.0,0.03999999980442226
120,79,Sn_keV,7584.196999999927,7584.28,0.0830000000723885
120,79,Sp_keV,6478.763000000035,6478.71,0.05300000003535388
120,79,S2n_keV,14096.625,14096.64,0.014999999999417923
120,79,S2p_keV,15407.659999999916,15407.58,0.07999999991625373
120,79,Qalpha_keV,173.62199999997392,173.59,0.03199999997391956
119,80,Sn_keV,6663.225000000326,6663.07,0.15500000032625394
119,80,Sp_keV,7254.255000000121,7254.26,0.004999999879146344
119,80,S2n_keV,15148.441000000108,15148.47,0.028999999891311745
119,80,S2p_keV,13704.234000000171,13704.26,0.025999999828854925
119,80,Qalpha_keV,822.7789999996312,822.87,0.09100000036880829
118,81,Sn_keV,8602.122999999905,8601.96,0.1629999999058782
118,81,Sp_keV,4394.227000000188,4394.05,0.17700000018794526
118,81,S2n_keV,15860.44700000016,15860.38,0.06700000016098784
118,81,S2p_keV,11497.685000000056,11497.6,0.08500000005551556
118,81,Qalpha_keV,2082.652000000002,2082.72,0.06799999999793727
117,82,Sn_keV,7235.601999999955,7235.63,0.028000000044812623
117,82,Sp_keV,4992.06399999978,4992.03,0.03399999978046253
117,82,S2n_keV,16628.909999999916,16629.04,0.13000000008469215
117,82,S2p_keV,9269.383999999845,9269.52,0.1360000001550361
117,82,Qalpha_keV,3356.6110000000335,3356.67,0.05899999996654515
116,83,Sn_keV,9499.456000000006,9499.4,0.05600000000595173
116,83,Sp_keV,2019.0160000000615,2019.05,0.033999999938487235
116,83,S2n_keV,17252.97999999998,17253.01,0.03000000001702574
116,83,S2p_keV,7033.802000000142,7033.86,0.05799999985811155
116,83,Qalpha_keV,4932.741999999853,4932.77,0.028000000147585524
115,84,Sn_keV,7806.417000000132,7806.45,0.032999999867570295
115,84,Sp_keV,3128.0730000000913,3127.97,0.1030000000914697
115,84,S2n_keV,17993.100000000093,17993.13,0.029999999907886377
115,84,S2p_keV,5040.941000000108,5041.02,0.07899999989240314
115,84,Qalpha_keV,6074.22499999986,6074.29,0.065000000139662
114,85,Sn_keV,10180.258000000147,10180.18,0.07800000014685793
114,85,Sp_keV,639.0339999999851,638.99,0.043999999985089744
114,85,S2n_keV,18610.763000000035,18610.76,0.0030000000369909685
114,85,S2p_keV,3714.21399999992,3714.12,0.0939999999200154
114,85,Qalpha_keV,6777.162999999942,6777.27,0.10700000005817856
113,86,Sn_keV,8340.494999999879,8340.41,0.08499999987907358
113,86,Sp_keV,2073.9930000000168,2073.91,0.08300000001690933
113,86,S2n_keV,19152.60099999979,19152.44,0.16099999979269342
113,86,S2p_keV,2719.4519999998156,2719.4,0.05199999981550718
113,86,Qalpha_keV,7131.788000000175,7131.89,0.10199999982523877
112,87,Sn_keV,10873.950999999885,10873.95,0.000999999883788405
112,87,Sp_keV,-712.810999999987,-712.78,0.03099999998698877
112,87,S2n_keV,19625.22999999998,19625.21,0.019999999982246663
112,87,S2p_keV,1451.1920000000391,1451.3,0.10799999996083898
112,87,Qalpha_keV,7816.86400000006,7816.77,0.09400000005916809
122,78,Sn_keV,7281.90000000014,7281.79,0.11000000013973477
122,78,Sp_keV,9489.606000000145,9489.62,0.013999999855514034
122,78,S2n_keV,12837.90000000014,12837.79,0.11000000013882527
122,78,Qalpha_keV,-747.0560000000987,-746.97,0.08600000009869291
121,79,Sn_keV,6217.736999999965,6217.67,0.06699999996453698
121,79,Sp_keV,7140.5,7140.38,0.11999999999989086
121,79,S2n_keV,13801.933999999892,13801.95,0.016000000108761014
121,79,Qalpha_keV,-229.53200000012293,-229.51,0.022000000122943675
120,80,Sn_keV,8028.4789999998175,8028.52,0.04100000018297578
120,80,Sp_keV,7698.537000000011,7698.5,0.03700000001117587
120,80,S2n_keV,14691.704000000143,14691.59,0.11400000014327816
120,80,S2p_keV,14177.300000000047,14177.21,0.09000000004743924
120,80,Qalpha_keV,716.344000000041,716.32,0.02400000004092817
119,81,Sn_keV,7059.077000000048,7059.15,0.07299999995120743
119,81,Sp_keV,4790.078999999911,4790.13,0.051000000089516107
119,81,S2n_keV,15661.199999999953,15661.12,0.07999999995263352
119,81,S2p_keV,12044.334000000032,12044.39,0.055999999967752956
119,81,Qalpha_keV,1666.6399999996647,1666.56,0.07999999966477844
118,82,Sn_keV,9090.53600000008,9090.57,0.03399999991961522
118,82,Sp_keV,5480.476999999955,5480.63,0.15300000004481262
118,82,S2n_keV,16326.138000000035,16326.2,0.06199999996533734
118,82,S2p_keV,9874.704000000143,9874.69,0.01400000014291436
118,82,Qalpha_keV,3149.9839999999385,3149.97,0.013999999938732799
117,83,Sn_keV,7644.522000000114,7644.51,0.012000000113403075
117,83,Sp_keV,2427.93600000022,2427.92,0.016000000219719368
117,83,S2n_keV,17143.97800000012,17143.9,0.0780000001177541
117,83,S2p_keV,7420.0,7419.95,0.0500000000001819
117,83,Qalpha_keV,4700.903999999631,4700.92,0.0160000003688765
116,84,Sn_keV,9804.504999999888,9804.6,0.0950000001121225
116,84,Sp_keV,3433.121999999974,3433.17,0.04800000002614979
116,84,S2n_keV,17610.92200000002,17611.04,0.11799999998038402
116,84,S2p_keV,5452.138000000035,5452.21,0.07199999996464612
116,84,Qalpha_keV,5981.712000000058,5981.64,0.07200000005741458
115,85,Sn_keV,8235.688000000082,8235.84,0.15199999991818913
115,85,Sp_keV,1068.3049999999348,1068.38,0.07500000006530172
115,85,S2n_keV,18415.94600000023,18416.01,0.06399999976929394
115,85,S2p_keV,4196.378000000026,4196.35,0.028000000025713234
115,85,Qalpha_keV,6596.2599999997765,6596.22,0.039999999776227924
114,86,Sn_keV,10576.553000000073,10576.63,0.07699999992655648
114,86,Sp_keV,2470.2879999999423,2470.36,0.07200000005786933
114,86,S2n_keV,18917.04799999995,18917.04,0.007999999950698111
114,86,S2p_keV,3109.3219999999274,3109.35,0.02800000007255221
114,86,Qalpha_keV,7043.39599999995,7043.36,0.035999999950036
113,87,Sn_keV,8710.259000000078,8710.21,0.04900000007910421
113,87,Sp_keV,-343.04699999978766,-342.98,0.06699999978764026
113,87,S2n_keV,19584.209999999963,19584.16,0.049999999962892616
113,87,S2p_keV,1730.946000000229,1730.93,0.01600000022904169
113,87,Qalpha_keV,7622.2319999998435,7622.26,0.02800000015668047
123,78,Sn_keV,5212.832999999868,5212.87,0.037000000132138666
123,78,S2n_keV,12494.733000000007,12494.67,0.06300000000737782
122,79,Sn_keV,7231.975000000093,7231.94,0.035000000093532435
122,79,Sp_keV,7090.574999999953,7090.52,0.054999999952997314
122,79,S2n_keV,13449.712000000058,13449.61,0.10200000005715992
122,79,S2p_keV,16580.1810000001,16580.14,0.04100000009930227
122,79,Qalpha_keV,-561.7120000000577,-561.52,0.1920000000577602
121,80,Sn_keV,6230.560000000056,6230.59,0.029999999944266165
121,80,Sp_keV,7711.360000000102,7711.42,0.059999999897627276
121,80,S2n_keV,14259.038999999873,14259.11,0.07100000012724195
121,80,S2p_keV,14851.860000000102,14851.8,0.06000000010317308
121,80,Qalpha_keV,332.3869999998715,332.29,0.09699999987145702
120,81,Sn_keV,8204.87099999981,8204.93,0.059000000190280844
120,81,Sp_keV,4966.470999999903,4966.54,0.06900000009682117
120,81,S2n_keV,15263.947999999858,15264.08,0.13200000014148827
120,81,S2p_keV,12665.007999999914,12665.04,0.03200000008655479
120,81,Qalpha_keV,1534.0270000000019,1533.98,0.047000000001844455
119,82,Sn_keV,7091.277000000002,7091.3,0.022999999998319254
119,82,Sp_keV,5512.676999999909,5512.78,0.10300000009101495
119,82,S2n_keV,16181.813000000082,16181.87,0.05699999991884397
119,82,S2p_keV,10302.75599999982,10302.91,0.15400000018053106
119,82,Qalpha_keV,2844.462999999989,2844.28,0.18299999998862404
118,83,Sn_keV,9117.007999999914,9117.0,0.007999999914318323
118,83,Sp_keV,2454.408000000054,2454.35,0.05800000005410766
118,83,S2n_keV,16761.530000000028,16761.5,0.030000000027939677
118,83,S2p_keV,7934.885000000009,7934.98,0.09499999999025022
118,83,Qalpha_keV,4500.327999999747,4500.3,0.02799999974649836
117,84,Sn_keV,7650.76099999994,7650.74,0.020999999940613634
117,84,Sp_keV,3439.3609999998007,3439.4,0.03900000019939398
117,84,S2n_keV,17455.26599999983,17455.34,0.07400000017150887
117,84,S2p_keV,5867.2970000000205,5867.32,0.022999999979219865
117,84,Qalpha_keV,5799.4529999999795,5799.3,0.152999999979329
116,85,Sn_keV,9872.95299999998,9872.86,0.09299999997892883
116,85,Sp_keV,1136.753000000026,1136.65,0.10300000002598608
116,85,S2n_keV,18108.64100000006,18108.7,0.058999999939260306
116,85,S2p_keV,4569.875,4569.81,0.06499999999959982
116,85,Qalpha_keV,6472.804999999935,6472.84,0.0350000000653381
115,86,Sn_keV,8138.841999999946,8138.88,0.03800000005412585
115,86,Sp_keV,2373.4419999998063,2373.4,0.041999999806193955
115,86,S2n_keV,18715.39500000002,18715.51,0.11499999997977284
115,86,S2p_keV,3441.746999999741,3441.78,0.033000000259107765
115,86,Qalpha_keV,6860.813000000082,6860.75,0.06300000008195639
114,87,Sn_keV,10615.236000000034,10615.24,0.003999999966254109
114,87,Sp_keV,-304.3639999998268,-304.37,0.006000000173230546
114,87,S2n_keV,19325.49500000011,19325.45,0.04500000011103111
114,87,S2p_keV,2165.9240000001155,2165.99,0.06599999988429772
114,87,Qalpha_keV,7518.972999999765,7518.91,0.06299999976545223
113,88,Sp_keV,1484.6099999998696,1484.67,0.06000000013045792
113,88,S2p_keV,1141.563000000082,1141.69,0.12699999991809818
113,88,Qalpha_keV,8001.496000000043,8001.53,0.0339999999569045
124,78,Sn_keV,7022.687000000151,7022.73,0.042999999848689185
124,78,S2n_keV,12235.520000000019,12235.6,0.07999999998173735
123,79,Sn_keV,6023.44299999997,6023.58,0.13700000002972956
123,79,Sp_keV,7901.185000000056,7901.24,0.05499999994390237
123,79,S2n_keV,13255.418000000063,13255.52,0.10199999993710662
122,80,Sn_keV,7754.14000000013,7754.1,0.04000000013002136
122,80,Sp_keV,8233.52500000014,8233.58,0.054999999860228854
122,80,S2n_keV,13984.700000000186,13984.69,0.010000000185755198
122,80,S2p_keV,15324.100000000093,15324.1,9.276845958083868e-11
122,80,Qalpha_keV,133.65999999968335,133.76,0.10000000031664058
121,81,Sn_keV,6870.766999999993,6870.7,0.06699999999273132
121,81,Sp_keV,5606.67799999984,5606.64,0.0379999998394851
121,81,S2n_keV,15075.637999999803,15075.62,0.01799999980175926
121,81,S2p_keV,13318.037999999942,13318.06,0.022000000057232683
121,81,Qalpha_keV,1175.688000000082,1175.65,0.03800000008186544
120,82,Sn_keV,8741.022999999812,8740.89,0.13299999981245492
120,82,Sp_keV,6048.828999999911,6048.75,0.07899999991059303
120,82,S2n_keV,15832.299999999814,15832.19,0.10999999981322617
120,82,S2p_keV,11015.299999999814,11015.28,0.01999999981308065
120,82,Qalpha_keV,2588.655999999959,2588.78,0.12400000004117828
119,83,Sn_keV,7396.469999999972,7396.37,0.09999999997216946
119,83,Sp_keV,2759.601000000024,2759.42,0.18100000002414163
119,83,S2n_keV,16513.477999999886,16513.36,0.11799999988579657
119,83,S2p_keV,8272.277999999933,8272.2,0.07799999993221718
119,83,Qalpha_keV,4362.18200000003,4362.35,0.16799999997056148
118,84,Sn_keV,9491.849000000162,9491.75,0.09900000016205013
118,84,Sp_keV,3814.2020000000484,3814.15,0.052000000048337824
118,84,S2n_keV,17142.610000000102,17142.49,0.12000000010084477
118,84,S2p_keV,6268.610000000102,6268.5,0.11000000010244548
118,84,Qalpha_keV,5700.911999999778,5700.96,0.04800000022169115
117,85,Sn_keV,7872.529000000097,7872.61,0.08099999990281503
117,85,Sp_keV,1358.5210000001825,1358.52,0.0010000001825574145
117,85,S2n_keV,17745.482000000076,17745.47,0.012000000075204298
117,85,S2p_keV,4797.881999999983,4797.92,0.038000000016836566
117,85,Qalpha_keV,6353.799999999814,6353.84,0.040000000186410034
116,86,Sn_keV,10273.560000000289,10273.63,0.06999999971048965
116,86,Sp_keV,2774.0490000001155,2774.17,0.12099999988458876
116,86,S2n_keV,18412.402000000235,18412.5,0.09799999976530671
116,86,S2p_keV,3910.8020000001416,3910.81,0.007999999858384399
116,86,Qalpha_keV,6773.935999999754,6773.8,0.13599999975394894
115,87,Sn_keV,8563.639999999898,8563.66,0.020000000102299964
115,87,Sp_keV,120.4340000001248,120.41,0.024000000124800636
115,87,S2n_keV,19178.87599999993,19178.9,0.024000000070373062
115,87,S2p_keV,2493.875999999931,2493.81,0.0659999999311367
115,87,Qalpha_keV,7385.837999999756,7385.83,0.007999999756066245
114,88,Sn_keV,10933.326000000117,10933.26,0.06600000011712837
114,88,Sp_keV,1802.6999999999534,1802.69,0.009999999953379302
114,88,S2p_keV,1498.3360000001267,1498.32,0.016000000126723535
114,88,Qalpha_keV,7880.275999999838,7880.3,0.024000000162232027
124,79,Sn_keV,6861.773999999976,6861.77,0.003999999975349056
124,79,Sp_keV,7740.271999999881,7740.28,0.008000000118954631
124,79,S2n_keV,12885.216999999946,12885.36,0.14300000005459879
124,79,Qalpha_keV,-1169.7380000001285,-1169.84,0.10199999987139563
123,80,Sn_keV,5995.145999999717,5995.26,0.11400000028334034
123,80,Sp_keV,8205.227999999886,8205.26,0.03200000011383963
123,80,S2n_keV,13749.285999999847,13749.36,0.07400000015331898
123,80,S2p_keV,16106.412999999942,16106.49,0.07700000005752372
123,80,Qalpha_keV,-305.4860000000335,-305.5,0.013999999966472387
122,81,Sn_keV,7852.5210000001825,7852.48,0.04100000018297578
122,81,Sp_keV,5705.058999999892,5705.02,0.038999999891530024
122,81,S2n_keV,14723.288000000175,14723.17,0.11800000017501588
122,81,S2p_keV,13938.584000000032,13938.6,0.01599999996869883
122,81,Qalpha_keV,907.3639999998268,907.45,0.08600000017327147
121,82,Sn_keV,6917.291000000201,6917.26,0.031000000200947397
121,82,Sp_keV,6095.353000000119,6095.31,0.04300000011880911
121,82,S2n_keV,15658.314000000013,15658.16,0.15400000001318404
121,82,S2p_keV,11702.030999999959,11701.96,0.07099999995989492
121,82,Qalpha_keV,2334.590000000084,2334.6,0.009999999916090019
120,83,Sn_keV,8854.54700000002,8854.66,0.11299999997936538
120,83,Sp_keV,2873.125000000233,2873.18,0.05499999976700565
120,83,S2n_keV,16251.016999999993,16251.03,0.013000000008105417
120,83,S2p_keV,8921.954000000143,8921.93,0.024000000143132638
120,83,Qalpha_keV,4109.757999999914,4109.65,0.10799999991468212
119,84,Sn_keV,7440.578999999911,7440.59,0.011000000089552486
119,84,Sp_keV,3858.310999999987,3858.38,0.06900000001314766
119,84,S2n_keV,16932.428000000073,16932.34,0.08800000007249764
119,84,S2p_keV,6617.912000000011,6617.79,0.12200000001121225
119,84,Qalpha_keV,5495.934999999823,5496.0,0.06500000017695129
118,85,Sn_keV,9643.261999999871,9643.14,0.12199999987205956
118,85,Sp_keV,1509.933999999892,1509.91,0.023999999891884727
118,85,S2n_keV,17515.79099999997,17515.75,0.04099999996833503
118,85,S2p_keV,5324.13599999994,5324.06,0.07599999993999518
118,85,Qalpha_keV,6209.993999999948,6210.09,0.09600000005229958
117,86,Sn_keV,7950.376999999862,7950.38,0.0030000001379448804
117,86,Sp_keV,2851.896999999881,2851.94,0.04300000011926386
117,86,S2n_keV,18223.93700000015,18224.01,0.07299999984752503
117,86,S2p_keV,4210.418000000063,4210.46,0.041999999936706445
117,86,Qalpha_keV,6629.976000000024,6629.87,0.10600000002432353
116,87,Sn_keV,10291.047999999952,10291.14,0.0920000000478467
116,87,Sp_keV,137.92199999978766,137.92,0.0019999997876709585
116,87,S2n_keV,18854.68799999985,18854.79,0.10200000015174737
116,87,S2p_keV,2911.970999999903,2912.09,0.11900000009700307
116,87,Qalpha_keV,7275.047999999952,7274.87,0.17799999995168037
115,88,Sn_keV,8484.372999999905,8484.45,0.0770000000957225
115,88,Sp_keV,1723.4329999999609,1723.48,0.04700000003913374
115,88,S2n_keV,19417.699000000022,19417.71,0.010999999976775143
115,88,S2p_keV,1843.8670000000857,1843.89,0.022999999914418368
115,88,Qalpha_keV,7736.397999999812,7736.26,0.13799999981165456
124,80,Sn_keV,7492.334000000032,7492.2,0.13400000003184687
124,80,Sp_keV,8835.787999999942,8835.68,0.10799999994196696
124,80,S2n_keV,13487.479999999749,13487.46,0.01999999974941602
124,80,S2p_keV,16576.059999999823,16575.96,0.09999999982392183
124,80,Qalpha_keV,-515.9199999999255,-515.9,0.01999999992551693
123,81,Sn_keV,6655.932999999961,6656.08,0.1470000000390428
123,81,Sp_keV,6365.846000000136,6365.85,0.003999999864390702
123,81,S2n_keV,14508.454000000143,14508.56,0.105999999856067
123,81,S2p_keV,14571.074000000022,14571.11,0.035999999978230335
123,81,Qalpha_keV,469.1679999998305,469.03,0.13799999983052658
122,82,Sn_keV,8394.537000000011,8394.65,0.11299999998846033
122,82,Sp_keV,6637.368999999948,6637.49,0.12100000005193579
122,82,S2n_keV,15311.828000000212,15311.91,0.08199999978751293
122,82,S2p_keV,12342.42799999984,12342.51,0.08200000016040576
122,82,Qalpha_keV,1968.53199999989,1968.46,0.07199999989006756
121,83,Sn_keV,7192.435000000056,7192.39,0.045000000055551936
121,83,Sp_keV,3148.2690000000875,3148.31,0.04099999991240111
121,83,S2n_keV,16046.982000000076,16047.05,0.06799999992290395
121,83,S2p_keV,9243.622000000207,9243.62,0.0020000002059532562
121,83,Qalpha_keV,3976.399999999907,3976.42,0.020000000093205017
120,84,Sn_keV,9101.743000000017,9101.67,0.07300000001669105
120,84,Sp_keV,4105.506999999983,4105.39,0.11699999998290878
120,84,S2n_keV,16542.321999999927,16542.26,0.06199999992895755
120,84,S2p_keV,6978.632000000216,6978.57,0.062000000216357876
120,84,Qalpha_keV,5484.727999999886,5484.89,0.16200000011394877
119,85,Sn_keV,7784.064000000013,7784.19,0.1259999999865613
119,85,Sp_keV,1853.4189999999944,1853.51,0.09100000000557884
119,85,S2n_keV,17427.325999999885,17427.34,0.014000000115629518
119,85,S2p_keV,5711.729999999981,5711.89,0.16000000001895387
119,85,Qalpha_keV,6070.452000000048,6070.41,0.04200000004857429
118,86,Sn_keV,9887.9169999999,9887.81,0.10699999989992648
118,86,Sp_keV,3096.5519999999087,3096.61,0.05800000009139694
118,86,S2n_keV,17838.29399999976,17838.19,0.1039999997628911
118,86,S2p_keV,4606.485999999801,4606.52,0.03400000019973959
118,86,Qalpha_keV,6546.564000000013,6546.65,0.08599999998659769
117,87,Sn_keV,8340.444000000134,8340.42,0.02400000013403769
117,87,Sp_keV,527.9890000000596,527.96,0.029000000059568265
117,87,S2n_keV,18631.492000000086,18631.56,0.067999999915628
117,87,S2p_keV,3379.8859999999404,3379.9,0.014000000059695594
117,87,Qalpha_keV,7170.291999999899,7170.29,0.0019999998994535417
116,88,Sn_keV,10676.267000000225,10676.26,0.007000000225161784
116,88,Sp_keV,2108.6520000002347,2108.6,0.05200000023478424
116,88,S2n_keV,19160.64000000013,19160.71,0.06999999986874172
116,88,S2p_keV,2246.5740000000224,2246.52,0.05400000002236993
116,88,Qalpha_keV,7636.683999999659,7636.64,0.04399999965880852
125,80,Sn_keV,5668.880000000121,5668.91,0.029999999878782546
125,80,S2n_keV,13161.214000000153,13161.11,0.10400000015215483
125,80,Qalpha_keV,-971.9670000001788,-971.94,0.027000000178759365
124,81,Sn_keV,7546.0779999999795,7546.05,0.027999999979329004
124,81,Sp_keV,6419.590000000084,6419.7,0.10999999991599907
124,81,S2n_keV,14202.01099999994,14202.13,0.11900000005880429
124,81,S2p_keV,15255.378000000026,15255.38,0.0019999999731226126
124,81,Qalpha_keV,155.06499999994412,154.92,0.14499999994413315
123,82,Sn_keV,6731.726999999955,6731.66,0.06699999995544204
123,82,Sp_keV,6713.162999999942,6713.06,0.10299999994185782
123,82,S2n_keV,15126.263999999966,15126.32,0.056000000033236574
123,82,S2p_keV,13079.009000000078,13078.92,0.08900000007815834
123,82,Qalpha_keV,1467.3649999999907,1467.39,0.02500000000941327
122,83,Sn_keV,8489.919999999925,8489.93,0.010000000074796844
122,83,Sp_keV,3243.652000000002,3243.58,0.0720000000019354
122,83,S2n_keV,15682.354999999981,15682.31,0.044999999981882866
122,83,S2p_keV,9881.02099999995,9881.07,0.04900000005000038
122,83,Qalpha_keV,3691.3509999997914,3691.42,0.06900000020868902
121,84,Sn_keV,7251.347999999998,7251.47,0.1220000000021173
121,84,Sp_keV,4164.4199999999255,4164.47,0.050000000074760464
121,84,S2n_keV,16353.091000000015,16353.14,0.04899999998451676
121,84,S2p_keV,7312.689000000013,7312.78,0.09099999998670683
121,84,Qalpha_keV,5324.65699999989,5324.72,0.06300000011015072
120,85,Sn_keV,9167.827000000048,9167.83,0.0029999999514984665
120,85,Sp_keV,1919.503000000026,1919.67,0.16699999997399573
120,85,S2n_keV,16951.89100000006,16952.02,0.12899999993896927
120,85,S2p_keV,6025.010000000009,6025.06,0.04999999999108695
120,85,Qalpha_keV,6019.632999999914,6019.57,0.06299999991460936
119,86,Sn_keV,7810.914000000106,7810.91,0.004000000106316293
119,86,Sp_keV,3123.402000000002,3123.32,0.08200000000169894
119,86,S2n_keV,17698.831000000006,17698.72,0.11100000000442378
119,86,S2p_keV,4976.820999999996,4976.84,0.01900000000387081
119,86,Qalpha_keV,6386.410999999847,6386.48,0.06900000015230034
118,87,Sn_keV,9988.461999999825,9988.44,0.02199999982440204
118,87,Sp_keV,628.5339999999851,628.59,0.056000000014932994
118,87,S2n_keV,18328.90599999996,18328.86,0.04599999995843973
118,87,S2p_keV,3725.085999999894,3725.2,0.11400000010598887
118,87,Qalpha_keV,7054.783000000054,7054.71,0.07300000005398033
117,88,Sn_keV,8289.213999999687,8289.11,0.10399999968649354
117,88,Sp_keV,2057.4219999997877,2057.29,0.13199999978769483
117,88,S2n_keV,18965.480999999912,18965.37,0.11099999991347431
117,88,S2p_keV,2585.4109999998473,2585.25,0.1609999998472631
117,88,Qalpha_keV,7486.311999999918,7486.4,0.08800000008159259
116,89,Sp_keV,-760.9210000003222,-760.94,0.01899999967781696
116,89,S2p_keV,1347.7309999999125,1347.67,0.06099999991238292
116,89,Qalpha_keV,8093.241000000155,8093.2,0.041000000154781446
126,80,Sn_keV,6729.371999999741,6729.38,0.008000000259016815
126,80,S2n_keV,12398.251999999862,12398.29,0.038000000138708856
126,80,Qalpha_keV,-678.651999999769,-678.59,0.06199999976900017
125,81,Sn_keV,6503.755999999819,6503.81,0.05400000018107676
125,81,Sp_keV,7254.465999999782,7254.6,0.13400000021829328
125,81,S2n_keV,14049.833999999799,14049.86,0.026000000201747753
125,81,Qalpha_keV,-325.247999999905,-325.3,0.05200000009500627
124,82,Sn_keV,8086.716999999946,8086.66,0.05699999994612881
124,82,Sp_keV,7253.801999999909,7253.68,0.12199999990843935
124,82,S2n_keV,14818.443999999901,14818.33,0.11399999990135257
124,82,S2p_keV,13673.391999999993,13673.38,0.011999999993349775
124,82,Qalpha_keV,1134.788000000175,1134.82,0.03199999982484769
123,83,Sn_keV,7034.96399999992,7035.09,0.12600000008023926
123,83,Sp_keV,3546.8889999999665,3547.01,0.12100000003374589
123,83,S2n_keV,15524.883999999845,15525.02,0.1360000001550361
123,83,S2p_keV,10260.051999999909,10260.07,0.018000000090978574
123,83,Qalpha_keV,3527.153999999864,3527.02,0.1339999998640451
122,84,Sn_keV,8738.701999999816,8738.59,0.11199999981545261
122,84,Sp_keV,4413.201999999816,4413.14,0.06199999981527071
122,84,S2n_keV,15990.049999999814,15990.06,0.010000000185755198
122,84,S2p_keV,7656.8539999998175,7656.72,0.13399999981720612
122,84,Qalpha_keV,5326.977999999886,5327.02,0.04200000011405791
121,85,Sn_keV,7529.222999999998,7529.09,0.13299999999799184
121,85,Sp_keV,2197.378000000026,2197.29,0.08800000002611341
121,85,S2n_keV,16697.050000000047,16696.92,0.13000000004831236
121,85,S2p_keV,6361.797999999952,6361.76,0.03799999995135295
121,85,Qalpha_keV,5886.879999999888,5886.85,0.029999999887877493
120,86,Sn_keV,9494.435999999987,9494.5,0.06400000001303852
120,86,Sp_keV,3450.0109999999404,3449.99,0.020999999940613634
120,86,S2n_keV,17305.350000000093,17305.41,0.05999999990672222
120,86,S2p_keV,5369.5139999999665,5369.66,0.1460000000333821
120,86,Qalpha_keV,6383.824000000022,6383.74,0.08400000002257002
119,87,Sn_keV,8004.010000000009,8003.92,0.09000000000924047
119,87,Sp_keV,821.6299999998882,821.6,0.029999999888218554
119,87,S2n_keV,17992.471999999834,17992.36,0.1119999998336425
119,87,S2p_keV,3945.03199999989,3944.92,0.11199999989003118
119,87,Qalpha_keV,6923.302000000142,6923.4,0.09799999985807517
118,88,Sn_keV,10344.621999999974,10344.77,0.1480000000265136
118,88,Sp_keV,2413.5819999999367,2413.62,0.038000000063220796
118,88,S2n_keV,18633.83599999966,18633.88,0.04400000034002005
118,88,S2p_keV,3042.1159999999218,3042.21,0.09400000007826748
118,88,Qalpha_keV,7415.250000000233,7415.26,0.009999999767387635
117,89,Sn_keV,8698.61900000018,8698.56,0.059000000181185897
117,89,Sp_keV,-351.51599999982864,-351.49,0.02599999982862755
117,89,S2p_keV,1705.905999999959,1705.8,0.10599999995906728
117,89,Qalpha_keV,7958.2619999998715,7958.3,0.038000000128704414
127,80,Sn_keV,3612.8380000002217,3612.96,0.12199999977838161
127,80,S2n_keV,10342.209999999963,10342.34,0.13000000003739842
126,81,Sn_keV,6852.4529999999795,6852.4,0.0529999999798747
126,81,Sp_keV,7377.5470000000205,7377.62,0.07299999997940176
126,81,S2n_keV,13356.208999999799,13356.21,0.0010000002002925612
126,81,Qalpha_keV,-315.92699999990873,-315.93,0.0030000000912764335
125,82,Sn_keV,6737.690000000177,6737.78,0.08999999982279405
125,82,Sp_keV,7487.736000000266,7487.65,0.08600000026672205
125,82,S2n_keV,14824.407000000123,14824.44,0.03299999987757474
125,82,S2p_keV,14742.202000000048,14742.25,0.047999999951571226
125,82,Qalpha_keV,392.243999999715,392.3,0.056000000284996077
124,83,Sn_keV,8097.790999999968,8097.67,0.12099999996826227
124,83,Sp_keV,3557.962999999989,3558.01,0.04700000001139415
124,83,S2n_keV,15132.754999999888,15132.76,0.005000000111976988
124,83,S2p_keV,10811.764999999898,10811.69,0.0749999998970452
124,83,Qalpha_keV,3281.8840000000782,3281.83,0.054000000078303856
123,84,Sn_keV,7028.329000000143,7028.42,0.09099999985664908
123,84,Sp_keV,4406.567000000039,4406.47,0.09700000003886089
123,84,S2n_keV,15767.030999999959,15767.01,0.020999999958803528
123,84,S2p_keV,7953.456000000006,7953.48,0.023999999993975507
123,84,Qalpha_keV,5215.939999999944,5215.87,0.06999999994422978
122,85,Sn_keV,8868.889999999898,8869.02,0.13000000010288204
122,85,Sp_keV,2327.566000000108,2327.71,0.14399999989200296
122,85,S2n_keV,16398.112999999896,16398.1,0.012999999897147063
122,85,S2p_keV,6740.767999999924,6740.85,0.08200000007673225
122,85,Qalpha_keV,5872.537000000011,5872.5,0.03700000001117587
121,86,Sn_keV,7573.139999999898,7573.11,0.029999999897881935
121,86,Sp_keV,3493.92799999984,3494.01,0.08200000016040576
121,86,S2n_keV,17067.575999999885,17067.61,0.034000000116066076
121,86,S2p_keV,5691.305999999866,5691.31,0.004000000134510628
121,86,Qalpha_keV,6251.263000000035,6251.21,0.05300000003535388
120,87,Sn_keV,9673.282000000123,9673.24,0.04200000012315286
120,87,Sp_keV,1000.4760000000242,1000.35,0.12600000002419165
120,87,S2n_keV,17677.292000000132,17677.16,0.13200000013239332
120,87,S2p_keV,4450.486999999965,4450.34,0.14699999996446422
120,87,Qalpha_keV,6893.28199999989,6893.3,0.018000000110077963
119,88,Sn_keV,8092.402000000235,8092.37,0.03200000023480243
119,88,Sp_keV,2501.974000000162,2502.07,0.09599999983811358
119,88,S2n_keV,18437.02400000021,18437.14,0.11599999979080167
119,88,S2p_keV,3323.6040000000503,3323.67,0.06599999994978134
119,88,Qalpha_keV,7273.22499999986,7273.27,0.045000000140134944
118,89,Sn_keV,10404.418999999994,10404.54,0.12100000000646105
118,89,Sp_keV,-291.71899999980815,-291.72,0.0010000001918797352
118,89,S2n_keV,19103.038000000175,19103.09,0.051999999825056875
118,89,S2p_keV,2121.8630000001285,2121.9,0.036999999871568434
118,89,Qalpha_keV,7844.890999999829,7844.9,0.009000000170999556
128,80,Sn_keV,4849.457999999868,4849.28,0.17799999986800685
128,80,S2n_keV,8462.29600000009,8462.24,0.056000000089625246
127,81,Sn_keV,3787.0850000001956,3787.0,0.08500000019557774
127,81,Sp_keV,7551.793999999994,7551.66,0.13399999999455758
127,81,S2n_keV,10639.538000000175,10639.4,0.13800000017545244
126,82,Sn_keV,7367.962000000058,7367.87,0.09200000005785114
126,82,Sp_keV,8003.245000000345,8003.12,0.1250000003446985
126,82,S2n_keV,14105.652000000235,14105.65,0.0020000002350570867
126,82,S2p_keV,15380.792000000365,15380.74,0.05200000036529673
126,82,Qalpha_keV,516.6159999996889,516.63,0.014000000311057192
125,83,Sn_keV,6886.889000000199,6886.91,0.02099999980055145
125,83,Sp_keV,3707.162000000011,3707.15,0.012000000011084921
125,83,S2n_keV,14984.680000000168,14984.58,0.10000000016771082
125,83,S2p_keV,11194.898000000278,11194.8,0.09800000027826172
125,83,Qalpha_keV,3050.92799999984,3051.01,0.08200000016040576
124,84,Sn_keV,8395.153000000166,8395.14,0.013000000166357495
124,84,Sp_keV,4703.929000000237,4703.94,0.010999999763043888
124,84,S2n_keV,15423.48200000031,15423.56,0.07799999969029159
124,84,S2p_keV,8261.892000000225,8261.95,0.05799999977534753
124,84,Qalpha_keV,5215.3239999997895,5215.38,0.05600000021058804
123,85,Sn_keV,7313.93200000003,7313.77,0.16200000002936576
123,85,Sp_keV,2613.1689999999944,2613.07,0.09899999999424836
123,85,S2n_keV,16182.821999999927,16182.79,0.031999999926483724
123,85,S2p_keV,7019.7360000000335,7019.53,0.20600000003378227
123,85,Qalpha_keV,5751.040000000037,5751.11,0.06999999996241968
122,86,Sn_keV,9092.158000000054,9092.15,0.008000000054380507
122,86,Sp_keV,3717.1959999999963,3717.15,0.04599999999618376
122,86,S2n_keV,16665.29799999995,16665.26,0.03799999995317194
122,86,S2p_keV,6044.762000000104,6044.86,0.09799999989536445
122,86,Qalpha_keV,6260.847999999998,6260.74,0.10799999999835563
121,87,Sn_keV,7892.902000000002,7892.89,0.012000000001535227
121,87,Sp_keV,1320.2380000001285,1320.13,0.10800000012841338
121,87,S2n_keV,17566.184000000125,17566.14,0.0440000001253793
121,87,S2p_keV,4814.165999999968,4814.14,0.025999999968007614
121,87,Qalpha_keV,6784.443999999901,6784.6,0.156000000099084
120,88,Sn_keV,9887.921999999788,9887.95,0.028000000213069143
120,88,Sp_keV,2716.613999999827,2716.77,0.1560000001732078
120,88,S2n_keV,17980.324000000022,17980.32,0.00400000002264278
120,88,S2p_keV,3717.089999999851,3717.12,0.030000000148902473
120,88,Qalpha_keV,7273.219999999972,7273.13,0.08999999997195118
119,89,Sn_keV,8464.426999999909,8464.31,0.1169999999092397
119,89,Sp_keV,80.30599999986589,80.22,0.08599999986589069
119,89,S2n_keV,18868.845999999903,18868.85,0.004000000095402356
119,89,S2p_keV,2582.280000000028,2582.29,0.009999999972023943
119,89,Qalpha_keV,7720.908000000054,7721.01,0.10199999994620157
118,90,Sp_keV,1751.6429999999236,1751.47,0.17299999992360426
118,90,S2p_keV,1459.9240000001155,1459.75,0.174000000115484
118,90,Qalpha_keV,8201.90000000014,8202.03,0.12999999986095645
128,81,Sn_keV,4965.908999999985,4965.94,0.031000000014500984
128,81,Sp_keV,7668.245000000112,7668.32,0.07499999988795025
128,81,S2n_keV,8752.99400000018,8752.94,0.05400000018016726
127,82,Sn_keV,3937.2079999998678,3937.37,0.16200000013213867
127,82,Sp_keV,8153.368000000017,8153.48,0.11199999998279964
127,82,S2n_keV,11305.169999999925,11305.23,0.06000000007406925
127,82,S2p_keV,15705.162000000011,15705.14,0.022000000011757948
127,82,Qalpha_keV,2248.2879999999423,2248.18,0.10799999994242171
126,83,Sn_keV,7459.8589999999385,7459.76,0.09899999993831443
126,83,Sp_keV,3799.058999999892,3799.03,0.028999999891766493
126,83,S2n_keV,14346.748000000138,14346.67,0.07800000013776298
126,83,S2p_keV,11802.304000000237,11802.15,0.15400000023691973
126,83,Qalpha_keV,3137.146999999881,3137.3,0.1530000001193912
125,84,Sn_keV,6967.8279999999795,6967.81,0.017999999979110726
125,84,Sp_keV,4784.868000000017,4784.84,0.028000000016618287
125,84,S2n_keV,15362.981000000145,15362.95,0.031000000144558726
125,84,S2p_keV,8492.030000000028,8491.99,0.040000000028157956
125,84,Qalpha_keV,4979.222999999765,4979.23,0.007000000234256731
124,85,Sn_keV,8483.912999999942,8484.06,0.14700000005723268
124,85,Sp_keV,2701.928999999771,2701.99,0.061000000228887075
124,85,S2n_keV,15797.844999999972,15797.83,0.014999999972133082
124,85,S2p_keV,7405.858000000007,7405.93,0.07199999999284046
124,85,Qalpha_keV,5757.0470000000205,5756.98,0.06700000002092565
123,86,Sn_keV,7356.831000000006,7356.78,0.051000000005842594
123,86,Sp_keV,3760.094999999972,3760.15,0.05500000002803063
123,86,S2n_keV,16448.98900000006,16448.92,0.06900000006135087
123,86,S2p_keV,6373.2639999999665,6373.22,0.04399999996621773
123,86,Qalpha_keV,6155.364999999991,6155.43,0.06500000000960426
122,87,Sn_keV,9174.96800000011,9174.97,0.0019999998894491
122,87,Sp_keV,1403.0480000001844,1402.95,0.0980000001843564
122,87,S2n_keV,17067.87000000011,17067.87,1.127773430198431e-10
122,87,S2p_keV,5120.244000000181,5120.1,0.14400000018031278
122,87,Qalpha_keV,6777.30299999984,6777.46,0.15700000016022386
121,88,Sn_keV,7941.017000000225,7940.95,0.06700000022556196
121,88,Sp_keV,2764.7290000000503,2764.83,0.10099999994963582
121,88,S2n_keV,17828.939000000013,17828.9,0.039000000011583325
121,88,S2p_keV,4084.967000000179,4084.96,0.0070000001787775545
121,88,Qalpha_keV,7143.116999999853,7143.09,0.026999999852705514
120,89,Sn_keV,9980.730000000214,9980.74,0.009999999785577529
120,89,Sp_keV,173.11400000029244,173.02,0.09400000029242506
120,89,S2n_keV,18445.157000000123,18445.06,0.09700000012162491
120,89,S2p_keV,2889.728000000119,2889.79,0.06199999988075433
120,89,Qalpha_keV,7728.639999999665,7728.71,0.0700000003353125
129,81,Sn_keV,3673.5069999999832,3673.53,0.023000000016963895
129,81,S2n_keV,8639.415999999968,8639.47,0.05400000003101013
128,82,Sn_keV,5185.21800000011,5185.17,0.048000000109823304
128,82,Sp_keV,8372.677000000142,8372.72,0.04299999985778413
128,82,S2n_keV,9122.425999999978,9122.54,0.11400000002322486
128,82,S2p_keV,16040.922000000253,16041.04,0.11799999974755337
128,82,Qalpha_keV,3792.4419999995735,3792.38,0.06199999957334512
127,83,Sn_keV,4604.537000000011,4604.63,0.09299999998893327
127,83,Sp_keV,4466.388000000035,4466.3,0.08800000003520836
127,83,S2n_keV,12064.39599999995,12064.39,0.005999999950290658
127,83,S2p_keV,12619.756000000052,12619.79,0.03399999994871905
127,83,Qalpha_keV,5036.365999999689,5036.47,0.1040000003113164
126,84,Sn_keV,7658.367999999784,7658.36,0.00799999978426058
126,84,Sp_keV,4983.376999999862,4983.45,0.07300000013765384
126,84,S2n_keV,14626.195999999763,14626.18,0.015999999763153028
126,84,S2p_keV,8782.435999999754,8782.48,0.0440000002454326
126,84,Qalpha_keV,5407.571999999927,5407.53,0.0419999999276115
125,85,Sn_keV,7160.837000000058,7160.88,0.04299999994236714
125,85,Sp_keV,2894.937999999849,2895.06,0.12200000015081969
125,85,S2n_keV,15644.75,15644.94,0.19000000000050932
125,85,S2p_keV,7679.805999999866,7679.9,0.09400000013374665
125,85,Qalpha_keV,5631.173999999883,5631.19,0.016000000116946467
124,86,Sn_keV,8735.074999999953,8735.04,0.034999999952560756
124,86,Sp_keV,4011.2569999999832,4011.13,0.12699999998312705
124,86,S2n_keV,16091.905999999959,16091.81,0.09599999995953112
124,86,S2p_keV,6713.185999999754,6713.12,0.06599999975423998
124,86,Qalpha_keV,6158.991999999853,6158.99,0.001999999853069312
123,87,Sn_keV,7634.957999999868,7634.95,0.007999999867934093
123,87,Sp_keV,1681.1750000000466,1681.13,0.04500000004645699
123,87,S2n_keV,16809.925999999978,16809.92,0.005999999979394488
123,87,S2p_keV,5441.270000000019,5441.28,0.00999999998111889
123,87,Qalpha_keV,6671.56799999997,6671.6,0.03200000003016612
122,88,Sn_keV,9486.726999999955,9486.74,0.013000000044485205
122,88,Sp_keV,3076.4879999998957,3076.61,0.12200000010443546
122,88,S2n_keV,17427.74400000018,17427.7,0.044000000179948984
122,88,S2p_keV,4479.53600000008,4479.56,0.023999999920306436
122,88,Qalpha_keV,7150.8259999998845,7150.84,0.014000000115629518
121,89,Sn_keV,8125.5099999997765,8125.43,0.07999999977619154
121,89,Sp_keV,357.60699999984354,357.49,0.11699999984352871
121,89,S2n_keV,18106.23999999999,18106.17,0.069999999992433
121,89,S2p_keV,3122.335999999894,3122.32,0.015999999893665517
121,89,Qalpha_keV,7607.139999999898,7607.2,0.060000000102263584
120,90,Sp_keV,2073.309999999823,2073.33,0.02000000017687853
120,90,S2n_keV,18766.824000000022,18766.92,0.09599999997590203
120,90,S2p_keV,2246.4240000001155,2246.35,0.07400000011557495
120,90,Qalpha_keV,8068.911999999778,8068.99,0.0780000002214365
130,81,Sn_keV,4902.421000000089,4902.35,0.07100000008904317
130,81,S2n_keV,8575.928000000073,8575.88,0.048000000073443516
129,82,Sn_keV,3835.8269999998156,3835.76,0.06699999981537985
129,82,Sp_keV,8534.996999999974,8534.95,0.04699999997319537
129,82,S2n_keV,9021.044999999925,9020.94,0.10499999992498488
129,82,Qalpha_keV,3569.4529999999795,3569.58,0.12700000002041634
128,83,Sn_keV,5138.493999999948,5138.47,0.023999999947591277
128,83,Sp_keV,4419.663999999873,4419.6,0.06399999987297633
128,83,S2n_keV,9743.030999999959,9743.1,0.06900000004134199
128,83,S2p_keV,12792.341000000015,12792.32,0.0210000000151922
128,83,Qalpha_keV,6750.324999999721,6750.4,0.07500000027903297
127,84,Sn_keV,4550.7639999999665,4550.75,0.013999999966472387
127,84,Sp_keV,4929.6039999998175,4929.56,0.0439999998170606
127,84,S2n_keV,12209.13199999975,12209.11,0.021999999749823473
127,84,S2p_keV,9395.991999999853,9395.87,0.12199999985205068
127,84,Qalpha_keV,7594.498000000138,7594.56,0.06199999986256444
126,85,Sn_keV,7746.464000000153,7746.4,0.0640000001531007
126,85,Sp_keV,2983.034000000218,2983.1,0.06599999978197957
126,85,S2n_keV,14907.30100000021,14907.28,0.021000000209824066
126,85,S2p_keV,7966.41100000008,7966.54,0.12899999991986988
126,85,Qalpha_keV,5982.500999999698,5982.45,0.050999999698433385
125,86,Sn_keV,7221.901000000071,7221.95,0.048999999929037585
125,86,Sp_keV,4072.3209999999963,4072.2,0.12099999999645661
125,86,S2n_keV,15956.976000000024,15956.99,0.013999999975567334
125,86,S2p_keV,6967.258999999845,6967.25,0.008999999845400453
125,86,Qalpha_keV,5965.4199999999255,5965.45,0.030000000074323907
124,87,Sn_keV,8878.209999999963,8878.36,0.15000000003783498
124,87,Sp_keV,1824.3100000000559,1824.45,0.13999999994416612
124,87,S2n_keV,16513.16799999983,16513.31,0.14200000017081038
124,87,S2p_keV,5835.567000000039,5835.58,0.012999999960811692
124,87,Qalpha_keV,6662.247999999905,6662.25,0.0020000000949949026
123,88,Sn_keV,7682.077000000048,7682.09,0.012999999951716745
123,88,Sp_keV,3123.6070000000764,3123.74,0.13299999992341327
123,88,S2n_keV,17168.804000000004,17168.83,0.02599999999802094
123,88,S2p_keV,4804.782000000123,4804.87,0.08799999987695628
123,88,Qalpha_keV,7041.888999999734,7041.87,0.018999999733750883
122,89,Sn_keV,9658.719000000041,9658.8,0.08099999995829421
122,89,Sp_keV,529.5989999999292,529.55,0.04899999992926496
122,89,S2n_keV,17784.228999999817,17784.23,0.0010000001821026672
122,89,S2p_keV,3606.086999999825,3606.16,0.07300000017494312
122,89,Qalpha_keV,7621.7029999999795,7621.64,0.06299999997918349
121,90,Sn_keV,8220.629999999888,8220.59,0.03999999988809577
121,90,Sp_keV,2168.429999999935,2168.5,0.07000000006519258
121,90,S2p_keV,2526.0369999997783,2525.99,0.046999999778563506
121,90,Qalpha_keV,7940.684000000125,7940.77,0.08599999987563933
130,82,Sn_keV,5127.151000000071,5127.22,0.06899999992947414
130,82,Sp_keV,8759.726999999955,8759.82,0.09300000004441245
130,82,S2n_keV,8962.977999999886,8962.98,0.0020000001131847966
130,82,Qalpha_keV,3291.7599999997765,3291.64,0.11999999977660991
129,83,Sn_keV,4330.041999999899,4330.14,0.09800000010091026
129,83,Sp_keV,4913.878999999957,4913.98,0.10100000004240428
129,83,S2n_keV,9468.535999999847,9468.61,0.07400000015331898
129,83,S2p_keV,13448.875999999931,13448.93,0.05400000006920891
129,83,Qalpha_keV,6207.368000000017,6207.26,0.10800000001654553
128,84,Sn_keV,6008.092000000179,6008.23,0.1379999998207495
128,84,Sp_keV,5799.202000000048,5799.33,0.12799999995149847
128,84,S2n_keV,10558.856000000145,10558.98,0.12399999985427712
128,84,S2p_keV,10218.865999999922,10218.93,0.06400000007852213
128,84,Qalpha_keV,8954.368000000017,8954.2,0.1680000000160362
127,85,Sn_keV,5052.38599999994,5052.27,0.1159999999399588
127,85,Sp_keV,3484.656000000192,3484.62,0.03600000019196159
127,85,S2n_keV,12798.850000000093,12798.68,0.17000000009284122
127,85,S2p_keV,8414.26000000001,8414.18,0.08000000000902219
127,85,Qalpha_keV,7817.003999999957,7817.09,0.08600000004298636
126,86,Sn_keV,7975.412999999942,7975.52,0.10700000005817856
126,86,Sp_keV,4301.269999999786,4301.31,0.04000000021460437
126,86,S2n_keV,15197.314000000013,15197.47,0.15599999998630665
126,86,S2p_keV,7284.304000000004,7284.41,0.10599999999612919
126,86,Qalpha_keV,6385.160000000149,6385.07,0.09000000014930265
125,87,Sn_keV,7447.180000000168,7447.04,0.14000000016767444
125,87,Sp_keV,2049.5890000001527,2049.53,0.05900000015253681
125,87,S2n_keV,16325.39000000013,16325.4,0.009999999869251042
125,87,S2p_keV,6121.910000000149,6121.73,0.18000000014944817
125,87,Qalpha_keV,6528.999999999767,6528.99,0.009999999767387635
124,88,Sn_keV,9102.33899999992,9102.31,0.028999999920415576
124,88,Sp_keV,3347.7360000000335,3347.69,0.04600000003347304
124,88,S2n_keV,16784.41599999997,16784.39,0.02599999996891711
124,88,S2p_keV,5172.046000000089,5172.14,0.09399999991092045
124,88,Qalpha_keV,7031.707999999868,7031.71,0.0020000001322841854
123,89,Sn_keV,7996.145000000019,7996.23,0.08499999998093699
123,89,Sp_keV,843.6669999998994,843.7,0.03300000010062831
123,89,S2n_keV,17654.86400000006,17655.04,0.17599999994126847
123,89,S2p_keV,3967.273999999976,3967.44,0.16600000002426896
123,89,Qalpha_keV,7518.459999999963,7518.3,0.1599999999625652
122,90,Sn_keV,9870.554000000237,9870.68,0.1259999997637351
122,90,Sp_keV,2380.2650000001304,2380.38,0.11499999986972398
122,90,S2n_keV,18091.184000000125,18091.27,0.08599999987563933
122,90,S2p_keV,2909.8640000000596,2909.92,0.055999999940468115
122,90,Qalpha_keV,7958.051999999676,7958.04,0.011999999675936124
121,91,Sp_keV,-394.27399999974295,-394.22,0.053999999742927685
121,91,S2p_keV,1774.1560000001919,1774.28,0.12399999980812026
121,91,Qalpha_keV,8415.263999999734,8415.21,0.05399999973451486
132,81,S2n_keV,8280.689000000013,8280.82,0.13099999998667045
131,82,Sn_keV,3726.0079999999143,3726.0,0.007999999914318323
131,82,S2n_keV,8853.158999999985,8853.22,0.061000000014246325
130,83,Sn_keV,5185.117000000086,5185.0,0.11700000008568168
130,83,Sp_keV,4971.844999999972,4971.76,0.08499999997184204
130,83,S2n_keV,9515.158999999985,9515.14,0.018999999985680915
130,83,S2p_keV,13731.571999999927,13731.58,0.008000000072570401
130,83,Qalpha_keV,5988.159999999916,5988.21,0.05000000008385541
129,84,Sn_keV,4355.595999999903,4355.41,0.18599999990328797
129,84,Sp_keV,5824.756000000052,5824.6,0.15600000005179027
129,84,S2n_keV,10363.688000000082,10363.65,0.038000000082320184
129,84,S2p_keV,10738.63500000001,10738.58,0.055000000009385985
129,84,Qalpha_keV,8535.979999999981,8536.15,0.17000000001826265
128,85,Sn_keV,6022.558999999892,6022.69,0.13100000010763324
128,85,Sp_keV,3499.122999999905,3499.08,0.04299999990507786
128,85,S2n_keV,11074.944999999832,11074.97,0.025000000166983227
128,85,S2p_keV,9298.324999999953,9298.4,0.07500000004620233
128,85,Qalpha_keV,9254.304000000004,9254.15,0.1540000000040891
127,86,Sn_keV,5107.802000000142,5107.74,0.06200000014177931
127,86,Sp_keV,4356.685999999987,4356.78,0.09400000001278386
127,86,S2n_keV,13083.215000000084,13083.26,0.04499999991639925
127,86,S2p_keV,7841.342000000179,7841.4,0.05799999982082227
127,86,Qalpha_keV,8245.185999999987,8245.15,0.03599999998732528
126,87,Sn_keV,8108.070999999996,8108.2,0.1290000000035434
126,87,Sp_keV,2182.2470000002068,2182.21,0.03700000020671723
126,87,S2n_keV,15555.251000000164,15555.23,0.02100000016434933
126,87,S2p_keV,6483.516999999993,6483.52,0.003000000007887138
126,87,Qalpha_keV,6904.841999999713,6904.85,0.00800000028721115
125,88,Sn_keV,7526.839999999851,7526.79,0.04999999985102477
125,88,Sp_keV,3427.395999999717,3427.45,0.054000000282940164
125,88,S2n_keV,16629.17899999977,16629.1,0.07899999977234984
125,88,S2p_keV,5476.98499999987,5476.98,0.004999999870051397
125,88,Qalpha_keV,6861.699000000022,6861.69,0.00900000002275192
124,89,Sn_keV,9194.013999999966,9193.92,0.09399999996639963
124,89,Sp_keV,935.341999999946,935.31,0.03199999994603786
124,89,S2n_keV,17190.158999999985,17190.16,0.001000000014755642
124,89,S2p_keV,4283.0779999999795,4283.0,0.0779999999795109
124,89,Qalpha_keV,7499.414000000106,7499.35,0.06400000010580698
123,90,Sn_keV,8062.053999999771,8062.04,0.013999999770931026
123,90,Sp_keV,2446.1739999998827,2446.18,0.006000000117182935
123,90,S2n_keV,17932.608000000007,17932.72,0.11199999999371357
123,90,S2p_keV,3289.840999999782,3289.88,0.03900000021803862
123,90,Qalpha_keV,7837.01500000013,7836.95,0.06500000013056706
122,91,Sn_keV,10001.989999999758,10002.05,0.060000000241416274
122,91,Sp_keV,-262.83800000022165,-262.85,0.011999999778367965
122,91,S2p_keV,2117.4269999999087,2117.53,0.1030000000914697
122,91,Qalpha_keV,8394.00400000019,8393.9,0.1040000001903536
132,82,Sn_keV,5050.680000000168,5050.55,0.13000000016745616
132,82,Sp_keV,9255.726000000024,9255.55,0.17600000002494198
132,82,S2n_keV,8776.688000000082,8776.55,0.13800000008268398
131,83,Sn_keV,4040.4569999999367,4040.44,0.016999999936615495
131,83,Sp_keV,5286.293999999994,5286.19,0.10399999999481224
131,83,S2n_keV,9225.574000000022,9225.43,0.1440000000220607
131,83,Qalpha_keV,5621.209999999963,5621.3,0.0900000000374348
130,84,Sn_keV,5887.712000000058,5887.78,0.06799999994200334
130,84,Sp_keV,6527.351000000024,6527.38,0.028999999975894752
130,84,S2n_keV,10243.30799999996,10243.19,0.11799999996037513
130,84,S2p_keV,11499.195999999996,11499.14,0.055999999996856786
130,84,Qalpha_keV,7833.4860000000335,7833.54,0.05399999996643601
129,85,Sn_keV,4871.685000000056,4871.55,0.13500000005569746
129,85,Sp_keV,4015.2120000000577,4015.22,0.007999999942057912
129,85,S2n_keV,10894.243999999948,10894.24,0.0039999999480642145
129,85,S2p_keV,9839.96800000011,9839.82,0.1480000001101871
129,85,Qalpha_keV,8987.155999999959,8987.23,0.07400000004054164
128,86,Sn_keV,6695.061999999918,6695.03,0.03199999991829827
128,86,Sp_keV,5029.189000000013,5029.12,0.06900000001314766
128,86,S2n_keV,11802.86400000006,11802.77,0.09400000005916809
128,86,S2p_keV,8528.311999999918,8528.2,0.11199999991731602
128,86,Qalpha_keV,9208.491999999853,9208.48,0.01199999985328759
127,87,Sn_keV,5477.148999999743,5477.18,0.03100000025733607
127,87,Sp_keV,2551.593999999808,2551.65,0.0560000001919434
127,87,S2n_keV,13585.21999999974,13585.37,0.15000000026157068
127,87,S2p_keV,6908.279999999795,6908.43,0.150000000205182
127,87,Qalpha_keV,8588.530000000028,8588.55,0.019999999971332727
126,88,Sn_keV,8324.058000000194,8324.14,0.08199999980570283
126,88,Sp_keV,3643.3829999999143,3643.39,0.007000000085554348
126,88,S2n_keV,15850.898000000045,15850.93,0.031999999955587555
126,88,S2p_keV,5825.630000000121,5825.6,0.030000000120708137
126,88,Qalpha_keV,7272.715999999782,7272.59,0.125999999781925
125,89,Sn_keV,7782.0800000000745,7782.15,0.0699999999251304
125,89,Sp_keV,1190.5820000001695,1190.67,0.08799999983057205
125,89,S2n_keV,16976.09400000004,16976.08,0.014000000039231963
125,89,S2p_keV,4617.977999999886,4618.12,0.14200000011351221
125,89,Qalpha_keV,7352.291999999899,7352.14,0.15199999989908974
124,90,Sn_keV,9496.64000000013,9496.52,0.1200000001299486
124,90,Sp_keV,2748.8000000000466,2748.78,0.02000000004636604
124,90,S2n_keV,17558.6939999999,17558.56,0.13399999989997013
124,90,S2p_keV,3684.1419999999925,3684.09,0.0519999999924039
124,90,Qalpha_keV,7827.101999999955,7827.18,0.07800000004499452
123,91,Sn_keV,8248.456000000006,8248.43,0.026000000005296897
123,91,Sp_keV,-76.43599999998696,-76.46,0.024000000013032263
123,91,S2n_keV,18250.445999999763,18250.48,0.034000000236119376
123,91,S2p_keV,2369.7379999998957,2369.72,0.01799999989589196
123,91,Qalpha_keV,8271.05799999996,8270.9,0.15799999996124825
133,82,Sn_keV,3546.1389999999665,3546.3,0.1610000000337095
133,82,S2n_keV,8596.819000000134,8596.86,0.040999999866471626
132,83,Sn_keV,5241.225000000093,5241.24,0.014999999906649464
132,83,Sp_keV,5476.83899999992,5476.88,0.04100000008020288
132,83,S2n_keV,9281.68200000003,9281.68,0.002000000029511284
132,83,S2p_keV,14732.564999999944,14732.43,0.1349999999438296
132,83,Qalpha_keV,5282.405999999959,5282.4,0.005999999959385605
131,84,Sn_keV,4143.0160000000615,4142.98,0.03600000006190385
131,84,Sp_keV,6629.910000000149,6629.92,0.009999999851061148
131,84,S2n_keV,10030.72800000012,10030.76,0.03199999988100899
131,84,S2p_keV,11916.204000000143,11916.12,0.08400000014262332
131,84,Qalpha_keV,7526.296999999788,7526.33,0.03300000021226879
130,85,Sn_keV,5947.14599999995,5947.24,0.09400000005007314
130,85,Sp_keV,4074.6459999999497,4074.68,0.03400000005012771
130,85,S2n_keV,10818.831000000006,10818.8,0.03100000000631553
130,85,S2p_keV,10601.996999999974,10602.06,0.06300000002556772
130,85,Qalpha_keV,8178.503999999957,8178.46,0.04399999995712278
129,86,Sn_keV,4920.18200000003,4920.14,0.042000000029474904
129,86,Sp_keV,5077.685999999987,5077.7,0.014000000012856617
129,86,S2n_keV,11615.243999999948,11615.17,0.07399999994777318
129,86,S2p_keV,9092.898000000045,9092.92,0.021999999955369276
129,86,Qalpha_keV,8839.07399999979,8839.09,0.01600000021062442
128,87,Sn_keV,6794.54000000027,6794.55,0.009999999730098352
128,87,Sp_keV,2651.07200000016,2651.16,0.087999999839667
128,87,S2n_keV,12271.689000000013,12271.72,0.030999999986306648
128,87,S2p_keV,7680.261000000173,7680.28,0.018999999826519343
128,87,Qalpha_keV,9540.45399999991,9540.41,0.04399999991073855
127,88,Sn_keV,5630.345999999903,5630.31,0.035999999902742275
127,88,Sp_keV,3796.5800000000745,3796.53,0.05000000007430572
127,88,S2n_keV,13954.404000000097,13954.45,0.04599999990387005
127,88,S2p_keV,6348.173999999883,6348.18,0.006000000117637683
127,88,Qalpha_keV,8864.27099999995,8864.23,0.04099999995014514
126,89,Sn_keV,8484.676999999909,8484.56,0.1169999999092397
126,89,Sp_keV,1351.2009999998845,1351.09,0.11099999988459786
126,89,S2n_keV,16266.756999999983,16266.71,0.04699999998410931
126,89,S2p_keV,4994.583999999799,4994.48,0.10399999979927088
126,89,Qalpha_keV,7745.824999999953,7745.95,0.12500000004638423
125,90,Sn_keV,7844.537000000011,7844.62,0.08299999998871499
125,90,Sp_keV,2811.2569999999832,2811.24,0.016999999983454472
125,90,S2n_keV,17341.17700000014,17341.13,0.0470000001405424
125,90,S2p_keV,4001.8390000001527,4001.91,0.07099999984711758
125,90,Qalpha_keV,7664.641999999993,7664.65,0.008000000007086783
124,91,Sn_keV,9692.878000000026,9692.89,0.011999999973340891
124,91,Sp_keV,119.80199999990873,119.92,0.11800000009127132
124,91,S2n_keV,17941.33400000003,17941.32,0.014000000031956006
124,91,S2p_keV,2868.6019999999553,2868.69,0.08800000004475805
124,91,Qalpha_keV,8236.898999999976,8236.81,0.08899999997629493
123,92,Sp_keV,1851.3980000000447,1851.4,0.001999999955387466
123,92,S2p_keV,1774.9620000000577,1774.94,0.02200000005768743
123,92,Qalpha_keV,8588.089999999851,8588.0,0.08999999985098839
133,83,Sn_keV,3826.628999999957,3826.65,0.021000000042931788
133,83,Sp_keV,5757.328999999911,5757.22,0.10899999991033837
133,83,S2n_keV,9067.85400000005,9067.89,0.035999999949126504
132,84,Sn_keV,5747.064000000013,5747.19,0.1259999999865613
132,84,Sp_keV,7135.749000000069,7135.87,0.12099999993097299
132,84,S2n_keV,9890.080000000075,9890.17,0.08999999992556695
132,84,S2p_keV,12612.587999999989,12612.75,0.16200000001117587
132,84,Qalpha_keV,6906.383999999845,6906.35,0.033999999845036655
131,85,Sn_keV,4558.962000000058,4558.9,0.0620000000581058
131,85,Sp_keV,4490.591999999946,4490.6,0.008000000054380507
131,85,S2n_keV,10506.108000000007,10506.14,0.03199999999196734
131,85,S2p_keV,11120.502000000095,11120.52,0.017999999905441655
131,85,Qalpha_keV,7949.583999999799,7949.71,0.12600000020120206
130,86,Sn_keV,6649.902000000002,6649.89,0.012000000001535227
130,86,Sp_keV,5780.442000000039,5780.35,0.09200000003875175
130,86,S2n_keV,11570.084000000032,11570.02,0.06400000003122841
130,86,S2p_keV,9855.087999999989,9855.03,0.05799999998816929
130,86,Qalpha_keV,8197.263999999966,8197.44,0.17600000003403693
129,87,Sn_keV,5418.515999999829,5418.43,0.08599999982834561
129,87,Sp_keV,3149.405999999959,3149.46,0.05400000004101457
129,87,S2n_keV,12213.056000000099,12212.98,0.07600000009915675
129,87,S2p_keV,8227.091999999946,8227.16,0.06800000005387119
129,87,Qalpha_keV,9174.324000000022,9174.26,0.06400000002213346
128,88,Sn_keV,7314.012000000104,7313.98,0.032000000104744686
128,88,Sp_keV,4316.051999999909,4315.96,0.09199999990869401
128,88,S2n_keV,12944.358000000007,12944.29,0.06800000000657747
128,88,S2p_keV,6967.124000000069,6967.12,0.00400000006902701
128,88,Qalpha_keV,9525.671999999788,9525.77,0.0980000002127781
127,89,Sn_keV,5957.501000000164,5957.54,0.03899999983605085
127,89,Sp_keV,1678.3560000001453,1678.31,0.04600000014534089
127,89,S2n_keV,14442.178000000073,14442.09,0.08800000007249764
127,89,S2p_keV,5474.93600000022,5474.84,0.09600000021964661
127,89,Qalpha_keV,9235.503999999957,9235.45,0.053999999956431566
126,90,Sn_keV,8694.617000000086,8694.57,0.047000000085972715
126,90,Sp_keV,3021.19700000016,3021.25,0.05299999983981252
126,90,S2n_keV,16539.154000000097,16539.19,0.03599999990183278
126,90,S2p_keV,4372.398000000045,4372.34,0.058000000044557964
126,90,Qalpha_keV,8072.363999999827,8072.38,0.016000000173335138
125,91,Sn_keV,8136.184000000125,8136.04,0.1440000001248336
125,91,Sp_keV,411.44900000002235,411.34,0.10900000002237675
125,91,S2n_keV,17829.06200000015,17828.94,0.12200000015218393
125,91,S2p_keV,3222.7060000000056,3222.58,0.1260000000056607
125,91,Qalpha_keV,8096.85999999987,8097.0,0.14000000013038516
124,92,Sn_keV,9928.152000000002,9928.05,0.10200000000259024
124,92,Sp_keV,2086.6720000000205,2086.56,0.11200000002054367
124,92,S2p_keV,2206.473999999929,2206.47,0.003999999929419573
124,92,Qalpha_keV,8530.492000000086,8530.63,0.13799999991351797
134,83,Sn_keV,5215.232000000076,5215.35,0.11799999992399535
134,83,S2n_keV,9041.861000000034,9041.99,0.1289999999662541
134,83,Qalpha_keV,4521.2339999999385,4521.24,0.006000000061249011
133,84,Sn_keV,3970.215999999782,3970.22,0.004000000217729394
133,84,Sp_keV,7279.335999999894,7279.44,0.1040000001057706
133,84,S2n_keV,9717.279999999795,9717.41,0.13000000020474545
133,84,S2p_keV,13036.664999999804,13036.67,0.0050000001956505
133,84,Qalpha_keV,6662.175999999978,6662.13,0.04599999997753912
132,85,Sn_keV,5933.239999999991,5933.35,0.11000000000967702
132,85,Sp_keV,4676.767999999924,4676.76,0.00799999992341327
132,85,S2n_keV,10492.202000000048,10492.24,0.03799999995135295
132,85,S2p_keV,11812.516999999993,11812.63,0.11300000000665023
132,85,Qalpha_keV,7201.460999999894,7201.35,0.11099999989346543
131,86,Sn_keV,4665.539000000106,4665.68,0.14099999989412026
131,86,Sp_keV,5887.0190000000875,5887.14,0.1209999999127831
131,86,S2n_keV,11315.441000000108,11315.57,0.12899999989167554
131,86,S2p_keV,10377.611000000034,10377.73,0.11899999996603583
131,86,Qalpha_keV,7887.320999999763,7887.17,0.1509999997633713
130,87,Sn_keV,6727.758999999845,6727.68,0.07899999984510941
130,87,Sp_keV,3227.2629999998026,3227.25,0.012999999802559614
130,87,S2n_keV,12146.274999999674,12146.11,0.16499999967345502
130,87,S2p_keV,9007.704999999842,9007.6,0.10499999984131136
130,87,Qalpha_keV,8469.124000000069,8469.27,0.1459999999315187
129,88,Sn_keV,5472.73499999987,5472.74,0.005000000130166882
129,88,Sp_keV,4370.27099999995,4370.26,0.010999999949490302
129,88,S2n_keV,12786.746999999974,12786.72,0.026999999974577804
129,88,S2p_keV,7519.676999999909,7519.72,0.04300000009152427
129,88,Qalpha_keV,9160.73900000006,9160.77,0.030999999940831913
128,89,Sn_keV,7512.049999999814,7512.04,0.009999999813771865
128,89,Sp_keV,1876.3939999998547,1876.38,0.013999999854604539
128,89,S2n_keV,13469.550999999978,13469.58,0.029000000022278982
128,89,S2p_keV,6192.445999999763,6192.33,0.11599999976351683
128,89,Qalpha_keV,9831.52500000014,9831.6,0.07499999986066541
127,90,Sn_keV,6163.905999999959,6163.87,0.035999999959130946
127,90,Sp_keV,3227.6019999999553,3227.59,0.011999999955150997
127,90,S2n_keV,14858.523000000045,14858.44,0.08300000004419417
127,90,S2p_keV,4905.958000000101,4905.9,0.058000000100946636
127,90,Qalpha_keV,9435.297999999719,9435.31,0.0120000002807501
126,91,Sn_keV,8802.035999999847,8802.12,0.08400000015353726
126,91,Sp_keV,518.8679999997839,518.89,0.022000000216053195
126,91,S2n_keV,16938.219999999972,16938.16,0.05999999997220584
126,91,S2p_keV,3540.064999999944,3540.15,0.0850000000559703
126,91,Qalpha_keV,8488.837999999989,8488.8,0.037999999989551725
135,83,Sn_keV,3585.2700000000186,3585.24,0.03000000001884473
135,83,S2n_keV,8800.502000000095,8800.59,0.08799999990515062
134,84,Sn_keV,5597.984000000171,5597.93,0.054000000171072315
134,84,Sp_keV,7662.087999999989,7662.03,0.05799999998907879
134,84,S2n_keV,9568.199999999953,9568.15,0.04999999995379767
134,84,Qalpha_keV,6114.871999999974,6114.75,0.12199999997392297
133,85,Sn_keV,4367.796000000089,4367.79,0.006000000089443347
133,85,Sp_keV,5074.348000000231,5074.33,0.018000000231040758
133,85,S2n_keV,10301.03600000008,10301.14,0.10399999991932418
133,85,S2p_keV,12353.684000000125,12353.77,0.08599999987563933
133,85,Qalpha_keV,6874.121999999741,6874.0,0.12199999974109232
132,86,Sn_keV,6512.48499999987,6512.47,0.014999999869360181
132,86,Sp_keV,6466.2639999999665,6466.26,0.003999999966254109
132,86,S2n_keV,11178.023999999976,11178.16,0.13600000002406887
132,86,S2p_keV,11143.03199999989,11143.01,0.021999999889885657
132,86,Qalpha_keV,7262.547999999952,7262.48,0.06799999995200778
131,87,Sn_keV,5326.695000000298,5326.79,0.0949999997019404
131,87,Sp_keV,3888.4189999999944,3888.35,0.06899999999450301
131,87,S2n_keV,12054.454000000143,12054.47,0.015999999855921487
131,87,S2p_keV,9775.438000000082,9775.49,0.051999999917825335
131,87,Qalpha_keV,8014.113999999827,8014.03,0.08399999982702866
130,88,Sn_keV,7309.877000000095,7309.8,0.077000000094813
130,88,Sp_keV,4952.389000000199,4952.39,0.0009999998010243871
130,88,S2n_keV,12782.611999999965,12782.54,0.07199999996373663
130,88,S2p_keV,8179.652000000002,8179.64,0.012000000001535227
130,88,Qalpha_keV,8545.923999999883,8546.0,0.07600000011734664
129,89,Sn_keV,5931.239999999991,5931.38,0.14000000000942237
129,89,Sp_keV,2334.898999999976,2335.02,0.1210000000241962
129,89,S2n_keV,13443.289999999804,13443.42,0.1300000001956505
129,89,S2p_keV,6705.1699999999255,6705.28,0.11000000007425115
129,89,Qalpha_keV,9377.433999999892,9377.4,0.03399999989233038
128,90,Sn_keV,7910.337999999989,7910.36,0.022000000010848453
128,90,Sp_keV,3625.8900000001304,3625.9,0.009999999869705789
128,90,S2n_keV,14074.243999999948,14074.23,0.013999999948282493
128,90,S2p_keV,5502.283999999985,5502.28,0.003999999985353497
128,90,Qalpha_keV,9849.017999999924,9849.09,0.07200000007651397
127,91,Sn_keV,6455.9880000001285,6455.96,0.028000000128486136
127,91,Sp_keV,810.9499999999534,810.98,0.03000000004658432
127,91,S2n_keV,15258.023999999976,15258.08,0.05600000002414163
127,91,S2p_keV,4038.5519999999087,4038.57,0.01800000009143332
127,91,Qalpha_keV,9814.929999999935,9815.0,0.07000000006519258
126,92,Sp_keV,2462.882000000216,2462.77,0.11200000021608503
126,92,S2n_keV,17314.430000000168,17314.38,0.05000000016661943
126,92,S2p_keV,2981.75,2981.67,0.07999999999992724
126,92,Qalpha_keV,8774.75599999982,8774.81,0.05400000018016726
135,84,Sn_keV,3746.8229999998584,3746.86,0.03700000014168836
135,84,Sp_keV,7823.640999999829,7823.65,0.009000000170999556
135,84,S2n_keV,9344.80700000003,9344.79,0.017000000028929207
135,84,Qalpha_keV,5914.188000000082,5914.2,0.011999999917861714
134,85,Sn_keV,5773.455999999773,5773.4,0.05599999977312109
134,85,Sp_keV,5249.819999999832,5249.79,0.029999999832398316
134,85,S2n_keV,10141.251999999862,10141.19,0.06199999986165494
134,85,S2p_keV,12911.907999999821,12911.83,0.07799999982125883
134,85,Qalpha_keV,6341.8910000000615,6341.84,0.05100000006132177
133,86,Sn_keV,4459.226999999955,4459.26,0.03300000004492176
133,86,Sp_keV,6557.694999999832,6557.73,0.035000000167201506
133,86,S2n_keV,10971.711999999825,10971.73,0.018000000174652087
133,86,S2p_keV,11632.043000000063,11632.06,0.016999999936160748
133,86,Qalpha_keV,6946.337000000058,6946.19,0.14700000005814218
132,87,Sn_keV,6512.578999999911,6512.67,0.09100000008947973
132,87,Sp_keV,3888.5130000000354,3888.55,0.03699999996479164
132,87,S2n_keV,11839.274000000209,11839.46,0.18599999979051063
132,87,S2p_keV,10354.777000000002,10354.81,0.03299999999762804
132,87,Qalpha_keV,7448.680999999866,7448.61,0.07099999986621697
131,88,Sn_keV,5328.043000000063,5328.21,0.16699999993670644
131,88,Sp_keV,4953.736999999965,4953.81,0.07300000003579044
131,88,S2n_keV,12637.920000000158,12638.01,0.08999999984189344
131,88,S2p_keV,8842.155999999959,8842.16,0.004000000040832674
131,88,Qalpha_keV,8138.062999999849,8137.93,0.1329999998488347
130,89,Sn_keV,7345.645000000019,7345.45,0.19500000001880835
130,89,Sp_keV,2370.6669999998994,2370.66,0.006999999899562681
130,89,S2n_keV,13276.88500000001,13276.83,0.055000000009385985
130,89,S2p_keV,7323.056000000099,7323.05,0.006000000098538294
130,89,Qalpha_keV,8826.329000000143,8826.5,0.17099999985657632
129,90,Sn_keV,5966.539000000106,5966.67,0.13099999989390199
129,90,Sp_keV,3661.189000000246,3661.19,0.00099999975418541
129,90,S2n_keV,13876.877000000095,13877.02,0.14299999990544165
129,90,S2p_keV,5996.088000000222,5996.21,0.12199999977838161
129,90,Qalpha_keV,9512.82499999972,9512.74,0.0849999997208215
128,91,Sn_keV,8214.858000000007,8214.96,0.1019999999916763
128,91,Sp_keV,1115.469999999972,1115.58,0.11000000002786692
128,91,S2n_keV,14670.846000000136,14670.91,0.06399999986388138
128,91,S2p_keV,4741.360000000102,4741.48,0.11999999989711796
128,91,Qalpha_keV,10084.748999999836,10084.6,0.14899999983572343
127,92,Sn_keV,6679.308999999892,6679.36,0.051000000107706
127,92,Sp_keV,2686.2029999999795,2686.17,0.032999999979438144
127,92,S2p_keV,3497.152999999933,3497.15,0.002999999932853825
127,92,Qalpha_keV,9939.983999999939,9940.07,0.08600000006117625
126,93,Sp_keV,-273.06500000017695,-273.08,0.014999999823032795
126,93,S2p_keV,2189.817000000039,2189.7,0.11700000003929745
126,93,Qalpha_keV,9167.622999999905,9167.8,0.1770000000942673
136,84,Sn_keV,5489.353000000119,5489.22,0.13300000011895463
136,84,S2n_keV,9236.175999999978,9236.07,0.1059999999779393
135,85,Sn_keV,4091.7360000002664,4091.65,0.0860000002662673
135,85,Sp_keV,5594.73300000024,5594.58,0.15300000024035398
135,85,S2n_keV,9865.19200000004,9865.05,0.14200000003984314
135,85,S2p_keV,13418.374000000069,13418.23,0.14400000006935443
135,85,Qalpha_keV,6076.783999999752,6076.84,0.056000000247877324
134,86,Sn_keV,6288.716999999946,6288.64,0.07699999994565587
134,86,Sp_keV,7072.956000000006,7072.97,0.013999999994666723
134,86,S2n_keV,10747.943999999901,10747.9,0.043999999901643605
134,86,S2p_keV,12322.775999999838,12322.76,0.015999999837731593
134,86,Qalpha_keV,6404.684000000125,6404.74,0.055999999874984496
133,87,Sn_keV,5206.790999999968,5206.76,0.030999999968116754
133,87,Sp_keV,4636.077000000048,4636.05,0.027000000048246875
133,87,S2n_keV,11719.369999999879,11719.43,0.06000000012136297
133,87,S2p_keV,11193.77199999988,11193.78,0.008000000119864126
133,87,Qalpha_keV,6800.851999999955,6800.74,0.1119999999555148
132,88,Sn_keV,7195.512999999803,7195.35,0.16299999980219582
132,88,Sp_keV,5636.670999999857,5636.49,0.1809999998567946
132,88,S2n_keV,12523.555999999866,12523.56,0.004000000133601134
132,88,S2p_keV,9525.183999999892,9525.04,0.14399999989109347
132,88,Qalpha_keV,7592.452000000048,7592.46,0.007999999951607606
131,89,Sn_keV,5896.98900000006,5897.11,0.12099999994006794
131,89,Sp_keV,2939.6129999998957,2939.57,0.04299999989552816
131,89,S2n_keV,13242.634000000078,13242.56,0.07400000007874041
131,89,S2p_keV,7893.34999999986,7893.38,0.030000000139807526
131,89,Qalpha_keV,8347.855999999912,8347.82,0.035999999912746716
130,90,Sn_keV,7873.804999999935,7873.61,0.19499999993513484
130,90,Sp_keV,4189.349000000162,4189.35,0.00099999983831367
130,90,S2n_keV,13840.344000000041,13840.28,0.06400000004032336
130,90,S2p_keV,6560.0160000000615,6560.01,0.006000000061249011
130,90,Qalpha_keV,8953.03199999989,8953.11,0.07800000011047814
137,84,Sn_keV,3561.0209999999497,3561.02,0.0009999999497267709
137,84,S2n_keV,9050.374000000069,9050.24,0.13400000006913615
136,85,Sn_keV,5664.314999999944,5664.34,0.025000000056024874
136,85,Sp_keV,5769.695000000065,5769.7,0.004999999934625521
136,85,S2n_keV,9756.05100000021,9755.98,0.07100000021091546
136,85,Qalpha_keV,5627.7009999998845,5627.85,0.1490000001158478
135,86,Sn_keV,4211.973000000231,4211.97,0.00300000023071334
135,86,Sp_keV,7193.19299999997,7193.3,0.10700000002998422
135,86,S2n_keV,10500.690000000177,10500.62,0.07000000017615093
135,86,S2p_keV,12787.92600000021,12787.88,0.04600000021127926
135,86,Qalpha_keV,6162.926999999676,6162.99,0.06300000032388198
134,87,Sn_keV,6276.336000000127,6276.35,0.013999999873703928
134,87,Sp_keV,4623.696000000229,4623.76,0.06399999977111293
134,87,S2n_keV,11483.127000000095,11483.11,0.017000000094412826
134,87,S2p_keV,11696.652000000235,11696.73,0.07799999976487015
134,87,Qalpha_keV,6457.755999999819,6457.74,0.0159999998195417
133,88,Sn_keV,5377.715000000084,5377.75,0.03499999991618097
133,88,Sp_keV,5807.594999999972,5807.48,0.11499999997249688
133,88,S2n_keV,12573.227999999886,12573.1,0.12799999988601485
133,88,S2p_keV,10443.67200000002,10443.53,0.14200000001983426
133,88,Qalpha_keV,6880.276000000071,6880.39,0.1139999999295469
132,89,Sn_keV,7291.898999999976,7291.89,0.008999999975458195
132,89,Sp_keV,3035.999000000069,3036.11,0.11099999993120946
132,89,S2n_keV,13188.888000000035,13189.01,0.12199999996482802
132,89,S2p_keV,8672.669999999925,8672.6,0.0699999999251304
132,89,Qalpha_keV,7783.715999999782,7783.6,0.11599999978170672
131,90,Sn_keV,5799.900999999838,5800.05,0.14900000016223203
131,90,Sp_keV,4092.2609999999404,4092.28,0.019000000059804734
131,90,S2n_keV,13673.705999999773,13673.65,0.05599999977312109
131,90,S2p_keV,7031.873999999836,7031.85,0.02399999983572343
131,90,Qalpha_keV,8625.865999999922,8625.8,0.0659999999224965
130,91,Sp_keV,1581.6739999998827,1581.78,0.10600000011731936
130,91,S2n_keV,14306.547999999952,14306.48,0.06799999995200778
130,91,S2p_keV,5771.023000000045,5771.13,0.10699999995540566
130,91,Qalpha_keV,9247.751999999862,9247.7,0.05199999986143666
129,92,S2n_keV,14909.113000000129,14909.21,0.09699999987060437
129,92,S2p_keV,4529.3889999999665,4529.34,0.04899999996632687
129,92,Qalpha_keV,9889.393999999855,9889.3,0.09399999985544127
138,84,Sn_keV,5358.809000000125,5358.81,0.0009999998756029527
138,84,S2n_keV,8919.830000000075,8919.83,7.457856554538012e-11
137,85,Sn_keV,3900.93899999978,3901.02,0.08100000021977394
137,85,Sp_keV,6109.612999999896,6109.7,0.08700000010412623
137,85,S2n_keV,9565.253999999724,9565.36,0.10600000027625356
137,85,Qalpha_keV,5312.032000000123,5312.07,0.03799999987677438
136,86,Sn_keV,6170.4809999999125,6170.53,0.049000000087289663
136,86,Sp_keV,7699.3589999999385,7699.49,0.131000000061249
136,86,S2n_keV,10382.454000000143,10382.51,0.0559999998567946
136,86,S2p_keV,13469.054000000004,13469.2,0.1459999999970023
136,86,Qalpha_keV,5590.429999999935,5590.39,0.03999999993448
135,87,Sn_keV,4970.657999999821,4970.5,0.15799999982118607
135,87,Sp_keV,5382.380999999819,5382.29,0.0909999998193598
135,87,S2n_keV,11246.993999999948,11246.85,0.14399999994748214
135,87,S2p_keV,12575.57399999979,12575.58,0.006000000210406142
135,87,Qalpha_keV,5854.8940000000875,5855.03,0.13599999991220102
134,88,Sn_keV,6714.789000000106,6714.94,0.15099999989342905
134,88,Sp_keV,6246.047999999952,6246.07,0.022000000048137736
134,88,S2n_keV,12092.50400000019,12092.69,0.1859999998105195
134,88,S2p_keV,10869.74400000018,10869.83,0.08599999981925066
134,88,Qalpha_keV,6677.971999999834,6677.93,0.04199999983393354
133,89,Sn_keV,5972.925000000047,5972.95,0.024999999953251972
133,89,Sp_keV,3631.2090000000317,3631.31,0.10099999996828046
133,89,S2n_keV,13264.824000000022,13264.84,0.015999999977793777
133,89,S2p_keV,9438.804000000004,9438.79,0.014000000002852175
133,89,Qalpha_keV,7137.4860000000335,7137.44,0.04600000003392779
132,90,Sn_keV,7808.595000000205,7808.58,0.015000000204963726
132,90,Sp_keV,4608.9570000001695,4608.97,0.01299999983075395
132,90,S2n_keV,13608.496000000043,13608.62,0.12399999995795952
132,90,S2p_keV,7644.956000000238,7645.08,0.12399999976150866
132,90,Qalpha_keV,8127.147999999812,8127.03,0.1179999998121275
130,92,Sn_keV,8318.443999999901,8318.49,0.046000000098501914
130,92,Sp_keV,3392.3540000000503,3392.43,0.07599999994954487
130,92,S2p_keV,4974.027999999933,4974.21,0.1820000000670916
130,92,Qalpha_keV,9481.287999999942,9481.17,0.11799999994218524
138,85,Sn_keV,5596.351000000257,5596.34,0.011000000256899511
138,85,Sp_keV,6347.155000000028,6347.23,0.07499999997162377
138,85,S2n_keV,9497.290000000037,9497.36,0.06999999996332917
137,86,Sn_keV,4053.7990000001155,4053.78,0.01900000011528391
137,86,Sp_keV,7852.219000000274,7852.26,0.04099999972640944
137,86,S2n_keV,10224.280000000028,10224.32,0.039999999971769284
137,86,S2p_keV,13961.83200000017,13961.96,0.12799999982962618
137,86,Qalpha_keV,5283.453999999678,5283.46,0.006000000322273991
136,87,Sn_keV,6066.837999999989,6067.03,0.1920000000109212
136,87,Sp_keV,5278.737999999896,5278.78,0.04200000010405347
136,87,S2n_keV,11037.49599999981,11037.53,0.03400000019064464
136,87,S2p_keV,12978.096999999834,12978.27,0.17300000016621198
136,87,Qalpha_keV,5561.5119999998715,5561.4,0.11199999987184128
135,88,Sn_keV,5158.283000000054,5158.2,0.08300000005419861
135,88,Sp_keV,6433.673000000184,6433.77,0.09699999981603469
135,88,S2n_keV,11873.07200000016,11873.14,0.06799999983923044
135,88,S2p_keV,11816.054000000004,11816.05,0.004000000004452886
135,88,Qalpha_keV,5978.9159999997355,5978.99,0.07400000026427733
134,89,Sn_keV,6866.844999999972,6866.91,0.06500000002779416
134,89,Sp_keV,3783.2649999998976,3783.28,0.015000000102645572
134,89,S2n_keV,12839.770000000019,12839.86,0.08999999998195563
134,89,S2p_keV,10029.31299999985,10029.35,0.037000000151238055
134,89,Qalpha_keV,6783.219999999972,6783.2,0.01999999997224222
133,90,Sn_keV,5888.643999999855,5888.6,0.04399999985434988
133,90,Sp_keV,4524.675999999978,4524.61,0.06599999997797568
133,90,S2n_keV,13697.23900000006,13697.17,0.06900000005953189
133,90,S2p_keV,8155.885000000009,8155.92,0.034999999990759534
133,90,Qalpha_keV,7566.5470000000205,7566.63,0.08299999997962004
132,91,Sp_keV,2171.456999999704,2171.41,0.04699999970398494
132,91,S2n_keV,14198.278999999864,14198.25,0.028999999864026904
132,91,S2p_keV,6780.413999999873,6780.37,0.04399999987344927
132,91,Qalpha_keV,8326.358000000007,8326.28,0.07800000000679574
131,92,Sn_keV,6507.154000000097,6507.14,0.01400000009653013
131,92,S2n_keV,14825.597999999998,14825.62,0.022000000002663
131,92,S2p_keV,5681.281000000192,5681.31,0.028999999808547727
131,92,Qalpha_keV,8940.672999999952,8940.7,0.02700000004915637
139,85,Sn_keV,3788.374999999767,3788.31,0.06499999976722393
139,85,S2n_keV,9384.726000000024,9384.65,0.07600000002457818
138,86,Sn_keV,6016.090999999782,6015.96,0.13099999978203414
138,86,Sp_keV,8271.958999999799,8271.88,0.07899999979963468
138,86,S2n_keV,10069.889999999898,10069.74,0.1499999998977728
138,86,S2p_keV,14619.113999999827,14619.11,0.0039999998261919245
138,86,Qalpha_keV,4756.716000000015,4756.72,0.003999999985353497
137,87,Sn_keV,4705.136000000173,4705.1,0.0360000001728622
137,87,Sp_keV,5930.074999999953,5930.09,0.015000000046711648
137,87,S2n_keV,10771.974000000162,10772.12,0.14599999983875023
137,87,S2p_keV,13782.294000000227,13782.35,0.05599999977312109
137,87,Qalpha_keV,4948.111999999965,4947.95,0.16199999996479164
136,88,Sn_keV,6478.62099999981,6478.71,0.08900000019002619
136,88,Sp_keV,6845.456000000006,6845.45,0.006000000005769834
136,88,S2n_keV,11636.903999999864,11636.91,0.006000000135827577
136,88,S2p_keV,12124.193999999901,12124.23,0.036000000098283635
136,88,Qalpha_keV,5789.0119999998715,5788.92,0.09199999987140473
135,89,Sn_keV,5663.1430000001565,5663.06,0.08300000015606201
135,89,Sp_keV,4288.125,4288.14,0.015000000000327418
135,89,S2n_keV,12529.988000000129,12529.97,0.01800000012917735
135,89,S2p_keV,10721.798000000184,10721.91,0.11199999981545261
135,89,Qalpha_keV,6326.867999999784,6326.9,0.03200000021570304
134,90,Sn_keV,7463.456000000006,7463.41,0.046000000005733455
134,90,Sp_keV,5121.287000000011,5121.12,0.167000000011285
134,90,S2n_keV,13352.09999999986,13352.01,0.08999999986008334
134,90,S2p_keV,8904.551999999909,8904.4,0.15199999990909419
134,90,Qalpha_keV,7298.6039999998175,7298.57,0.033999999817751814
133,91,Sn_keV,6529.731000000145,6529.71,0.021000000145249942
133,91,Sp_keV,2812.5439999999944,2812.52,0.023999999994430254
133,91,S2p_keV,7337.219999999972,7337.14,0.0799999999717329
133,91,Qalpha_keV,7693.615999999922,7693.68,0.06400000007852213
132,92,Sn_keV,8186.197999999858,8186.07,0.12799999985873
132,92,Sp_keV,3887.4270000001416,3887.39,0.03700000014168836
132,92,S2n_keV,14693.351999999955,14693.21,0.14199999995616963
132,92,S2p_keV,6058.883999999845,6058.8,0.08399999984521855
132,92,Qalpha_keV,8628.280000000028,8628.24,0.040000000028157956
139,86,Sn_keV,3982.101000000024,3982.27,0.16899999997576742
139,86,Sp_keV,8465.685000000056,8465.84,0.15499999994426616
139,86,S2n_keV,9998.191999999806,9998.23,0.03800000019327854
139,86,Qalpha_keV,4335.63599999994,4335.47,0.1659999999401407
138,87,Sn_keV,5999.291999999899,5999.32,0.0280000001002918
138,87,Sp_keV,5913.276000000071,5913.46,0.18399999992925586
138,87,S2n_keV,10704.428000000073,10704.42,0.008000000072570401
138,87,S2p_keV,14185.23499999987,14185.34,0.10500000013053068
138,87,Qalpha_keV,4613.135000000009,4612.97,0.16500000000905857
137,88,Sn_keV,4904.32200000016,4904.12,0.20200000016029662
137,88,Sp_keV,7044.641999999993,7044.48,0.16199999999298598
137,88,S2n_keV,11382.94299999997,11382.83,0.11299999997027044
137,88,S2p_keV,12974.716999999946,12974.57,0.14699999994627433
137,88,Qalpha_keV,5096.662999999942,5096.77,0.10700000005817856
136,89,Sn_keV,6668.217999999877,6668.11,0.10799999987739284
136,89,Sp_keV,4477.722000000067,4477.54,0.1820000000670916
136,89,S2n_keV,12331.361000000034,12331.17,0.19100000003345485
136,89,S2p_keV,11323.178000000073,11322.99,0.18800000007286144
136,89,Qalpha_keV,5934.9860000000335,5935.14,0.1539999999667998
135,90,Sn_keV,5754.773999999976,5754.92,0.14600000002428715
135,90,Sp_keV,5212.9179999998305,5212.98,0.06200000016906415
135,90,S2n_keV,13218.229999999981,13218.34,0.11000000001877197
135,90,S2p_keV,9501.04299999983,9501.12,0.07700000017030106
135,90,Qalpha_keV,6921.5449999999255,6921.4,0.144999999925858
134,91,Sn_keV,7592.7360000000335,7592.87,0.13399999996636325
134,91,Sp_keV,2941.8240000000224,2941.98,0.15599999997766645
134,91,S2n_keV,14122.467000000179,14122.59,0.12299999982133158
134,91,S2p_keV,8063.1110000000335,8063.1,0.011000000033163815
134,91,Qalpha_keV,7392.778999999864,7392.7,0.0789999998642088
133,92,Sn_keV,6413.639999999898,6413.65,0.010000000102081685
133,92,Sp_keV,3771.335999999894,3771.33,0.005999999893901986
133,92,S2n_keV,14599.837999999756,14599.72,0.11799999975664832
133,92,S2p_keV,6583.879999999888,6583.85,0.029999999887877493
133,92,Qalpha_keV,8014.540999999968,8014.63,0.0890000000317741
132,93,Sp_keV,1423.3649999999907,1423.52,0.15500000000929504
132,93,S2p_keV,5310.792000000132,5310.91,0.11799999986760668
132,93,Qalpha_keV,8786.58899999992,8786.5,0.08899999991990626
140,86,Sn_keV,5858.334999999963,5858.27,0.06499999996231054
140,86,S2n_keV,9840.435999999987,9840.54,0.10400000001391163
140,86,Qalpha_keV,3836.1100000001024,3836.01,0.1000000001022272
139,87,Sn_keV,4371.476000000024,4371.39,0.08600000002388697
139,87,Sp_keV,6302.651000000071,6302.57,0.08100000007107155
139,87,S2n_keV,10370.767999999924,10370.71,0.057999999924504664
139,87,S2p_keV,14768.336000000127,14768.42,0.08399999987341289
139,87,Qalpha_keV,4142.597999999765,4142.6,0.0020000002350570867
138,88,Sn_keV,6396.561999999918,6396.6,0.038000000082320184
138,88,Sp_keV,7441.912000000011,7441.76,0.1520000000109576
138,88,S2n_keV,11300.884000000078,11300.73,0.15400000007866765
138,88,S2p_keV,13355.188000000082,13355.21,0.0219999999171705
138,88,Qalpha_keV,4870.581999999937,4870.7,0.11800000006314804
137,89,Sn_keV,5399.361999999965,5399.4,0.03800000003502646
137,89,Sp_keV,4972.7619999998715,4972.82,0.05800000012823148
137,89,S2n_keV,12067.579999999842,12067.51,0.06999999984145688
137,89,S2p_keV,12017.403999999864,12017.29,0.11399999986315379
137,89,Qalpha_keV,5506.28199999989,5506.24,0.041999999890322215
136,90,Sn_keV,7183.943999999901,7183.81,0.13399999990087963
136,90,Sp_keV,5728.643999999855,5728.68,0.03600000014557736
136,90,S2n_keV,12938.717999999877,12938.73,0.012000000122498022
136,90,S2p_keV,10206.365999999922,10206.22,0.14599999992242374
136,90,Qalpha_keV,6452.39000000013,6452.53,0.13999999986936018
135,91,Sn_keV,6378.85999999987,6378.77,0.08999999986917828
135,91,Sp_keV,3565.909999999916,3565.82,0.08999999991601726
135,91,S2n_keV,13971.595999999903,13971.64,0.04400000009627547
135,91,S2p_keV,8778.827999999747,8778.8,0.027999999747407855
135,91,Qalpha_keV,6986.844000000041,6986.89,0.045999999959349225
134,92,Sn_keV,8122.416000000201,8122.37,0.046000000201274815
134,92,Sp_keV,4301.0160000000615,4300.83,0.18600000006154005
134,92,S2n_keV,14536.056000000099,14536.02,0.036000000098283635
134,92,S2p_keV,7242.840000000084,7242.81,0.030000000083418854
134,92,Qalpha_keV,7700.719999999972,7700.84,0.1200000000280852
141,86,Sn_keV,3932.690000000177,3932.68,0.010000000177114998
141,86,S2n_keV,9791.02500000014,9790.94,0.08500000013918907
140,87,Sn_keV,5909.328999999911,5909.41,0.08100000008926145
140,87,Sp_keV,6353.645000000019,6353.72,0.07499999998162821
140,87,S2n_keV,10280.804999999935,10280.8,0.0049999999355350155
140,87,Qalpha_keV,3829.6200000001118,3829.52,0.1000000001117769
139,88,Sn_keV,4561.368999999948,4561.43,0.0610000000524451
139,88,Sp_keV,7631.804999999935,7631.8,0.004999999934625521
139,88,S2n_keV,10957.930999999866,10958.03,0.09900000013476529
139,88,S2p_keV,13934.456000000006,13934.37,0.08600000000478758
139,88,Qalpha_keV,4363.012000000104,4363.06,0.04799999989609205
138,89,Sn_keV,6530.877000000095,6531.0,0.1229999999050051
138,89,Sp_keV,5107.077000000048,5107.22,0.14299999995182588
138,89,S2n_keV,11930.23900000006,11930.4,0.16099999994003156
138,89,S2p_keV,12548.98900000006,12548.97,0.01900000006025948
138,89,Qalpha_keV,5042.242999999784,5042.27,0.027000000216503395
137,90,Sn_keV,5464.07200000016,5464.13,0.057999999839921657
137,90,Sp_keV,5793.35400000005,5793.41,0.05599999994956306
137,90,S2n_keV,12648.016000000061,12647.94,0.07600000006095797
137,90,S2p_keV,10766.115999999922,10766.23,0.11400000007779454
137,90,Qalpha_keV,6146.601000000024,6146.6,0.001000000023850589
136,91,Sn_keV,7273.370000000112,7273.4,0.029999999887877493
136,91,Sp_keV,3655.3360000001267,3655.41,0.07399999987319461
136,91,S2n_keV,13652.229999999981,13652.16,0.06999999998151907
136,91,S2p_keV,9383.979999999981,9384.09,0.11000000001877197
136,91,Qalpha_keV,6580.318999999901,6580.4,0.0810000000983564
135,92,Sn_keV,6354.586999999825,6354.72,0.1330000001753433
135,92,Sp_keV,4276.743000000017,4276.78,0.036999999982981535
135,92,S2n_keV,14477.003000000026,14477.09,0.08699999997406849
135,92,S2p_keV,7842.652999999933,7842.61,0.04299999993327219
135,92,Qalpha_keV,7234.777000000002,7234.72,0.05700000000160799
134,93,Sp_keV,2055.6609999998473,2055.76,0.09900000015295518
134,93,S2n_keV,15168.351999999955,15168.26,0.09199999995507824
134,93,S2p_keV,6356.676999999909,6356.59,0.08699999990858487
134,93,Qalpha_keV,7816.515999999829,7816.49,0.025999999828854925
142,86,Sn_keV,5713.709999999963,5713.69,0.019999999963147275
142,86,S2n_keV,9646.40000000014,9646.36,0.04000000013911631
141,87,Sn_keV,4369.599000000162,4369.54,0.05900000016208651
141,87,Sp_keV,6790.554000000004,6790.58,0.02599999999620195
141,87,S2n_keV,10278.928000000073,10278.95,0.021999999928084435
141,87,Qalpha_keV,3248.395999999717,3248.29,0.10599999971691432
140,88,Sn_keV,6308.803000000073,6308.76,0.04300000007242488
140,88,Sp_keV,8031.279000000097,8031.15,0.12900000009722135
140,88,S2n_keV,10870.17200000002,10870.19,0.01799999998002022
140,88,S2p_keV,14384.924000000115,14384.87,0.054000000114683644
140,88,Qalpha_keV,4070.2999999998137,4070.25,0.049999999813735485
139,89,Sn_keV,5026.199000000022,5026.17,0.029000000022278982
139,89,Sp_keV,5571.907000000123,5571.95,0.04299999987688352
139,89,S2n_keV,11557.076000000117,11557.17,0.09399999988272612
139,89,S2p_keV,13203.712000000058,13203.75,0.037999999942258
139,89,Qalpha_keV,4721.179999999935,4721.2,0.02000000006501068
138,90,Sn_keV,7105.273999999976,7105.16,0.11399999997593113
138,90,Sp_keV,6367.750999999931,6367.57,0.18099999993137317
138,90,S2n_keV,12569.346000000136,12569.28,0.06600000013531826
138,90,S2p_keV,11474.82799999998,11474.78,0.04799999997885607
138,90,Qalpha_keV,5519.947999999858,5520.15,0.20200000014119723
137,91,Sn_keV,5978.966000000015,5978.93,0.03600000001461012
137,91,Sp_keV,4170.229999999981,4170.21,0.01999999998133717
137,91,S2n_keV,13252.336000000127,13252.32,0.01600000012695091
137,91,S2p_keV,9963.584000000032,9963.62,0.03599999996913539
137,91,Qalpha_keV,6264.496000000043,6264.54,0.04399999995712278
136,92,Sn_keV,7894.6450000002515,7894.55,0.0950000002512752
136,92,Sp_keV,4898.0180000001565,4897.94,0.07800000015686237
136,92,S2n_keV,14249.232000000076,14249.28,0.047999999924286385
136,92,S2p_keV,8553.354000000283,8553.35,0.004000000282758265
136,92,Qalpha_keV,6803.587999999756,6803.58,0.007999999756066245
135,93,Sn_keV,7037.80700000003,7037.7,0.10700000002998422
135,93,Sp_keV,2738.881000000052,2738.74,0.14100000005237234
135,93,S2p_keV,7015.624000000069,7015.52,0.10400000006848131
135,93,Qalpha_keV,7308.439999999944,7308.5,0.060000000055879354
134,94,Sp_keV,3763.727000000188,3763.68,0.04700000018829087
134,94,S2p_keV,5819.388000000035,5819.44,0.051999999964209564
134,94,Qalpha_keV,7940.215999999782,7940.2,0.015999999782252416
143,86,Sn_keV,3952.378000000026,3952.38,0.0019999999740321073
143,86,S2n_keV,9666.087999999989,9666.07,0.017999999989115167
142,87,Sn_keV,5787.2690000000875,5787.28,0.01099999991220102
142,87,Sp_keV,6864.1130000001285,6864.17,0.056999999871550244
142,87,S2n_keV,10156.86800000025,10156.82,0.04800000024988549
141,88,Sn_keV,4449.4809999999125,4449.62,0.13900000008743518
141,88,Sp_keV,8111.160999999847,8111.23,0.06900000015230034
141,88,S2n_keV,10758.283999999985,10758.38,0.0960000000141008
141,88,S2p_keV,14901.714999999851,14901.81,0.0950000001485023
141,88,Qalpha_keV,3602.9199999999255,3602.91,0.009999999925639713
140,89,Sn_keV,6276.187999999849,6276.11,0.07799999984945316
140,89,Sp_keV,5539.291999999899,5539.31,0.018000000100983016
140,89,S2n_keV,11302.386999999871,11302.28,0.10699999987082265
140,89,S2p_keV,13570.570999999996,13570.45,0.12099999999554711
140,89,Qalpha_keV,4444.283999999985,4444.41,0.12600000001475564
139,90,Sn_keV,5256.60999999987,5256.72,0.11000000013063982
139,90,Sp_keV,6598.161999999778,6598.12,0.04199999977845437
139,90,S2n_keV,12361.883999999845,12361.87,0.013999999844600097
139,90,S2p_keV,12170.068999999901,12170.07,0.0010000000984291546
139,90,Qalpha_keV,5167.660000000149,5167.56,0.10000000014861143
138,91,Sn_keV,7097.949999999953,7098.0,0.05000000004656613
138,91,Sp_keV,4162.905999999959,4163.05,0.1440000000411601
138,91,S2n_keV,13076.915999999968,13076.92,0.004000000031737727
138,91,S2p_keV,10530.65699999989,10530.61,0.04699999988952186
138,91,Qalpha_keV,5834.7639999999665,5834.65,0.11399999996683619
137,92,Sn_keV,6082.860999999801,6082.99,0.12900000019908475
137,92,Sp_keV,5001.912999999942,5002.0,0.087000000057742
137,92,S2n_keV,13977.506000000052,13977.54,0.03399999994871905
137,92,S2p_keV,9172.142999999924,9172.21,0.06700000007549534
137,92,Qalpha_keV,6475.500999999931,6475.51,0.00900000006913615
136,93,Sn_keV,7887.210000000196,7887.34,0.12999999980456778
136,93,Sp_keV,2731.4459999999963,2731.52,0.0740000000037071
136,93,S2n_keV,14925.017000000225,14925.04,0.022999999775493052
136,93,S2p_keV,7629.464000000153,7629.46,0.0040000001527005224
136,93,Qalpha_keV,7013.965999999782,7014.03,0.06400000021767482
135,94,Sn_keV,6763.115999999922,6763.1,0.015999999921405106
135,94,Sp_keV,3489.03600000008,3489.07,0.03399999992006997
135,94,S2p_keV,6227.917000000132,6227.81,0.10700000013184763
135,94,Qalpha_keV,7590.739999999758,7590.75,0.01000000024214387
134,95,Sp_keV,1226.3540000000503,1226.32,0.034000000050355084
134,95,S2p_keV,4990.081000000238,4990.0,0.08100000023841858
134,95,Qalpha_keV,8137.2269999997225,8137.4,0.17300000027717033
143,87,Sn_keV,4252.746999999741,4252.81,0.06300000025930785
143,87,Sp_keV,7164.4819999998435,7164.6,0.11800000015682599
143,87,S2n_keV,10040.015999999829,10040.09,0.07400000017150887
142,88,Sn_keV,6117.155000000028,6116.97,0.18500000002768502
142,88,Sp_keV,8441.046999999788,8440.93,0.11699999978736741
142,88,S2n_keV,10566.63599999994,10566.6,0.03599999994003156
142,88,S2p_keV,15305.159999999916,15305.1,0.05999999991581717
142,88,Qalpha_keV,3344.0999999998603,3344.2,0.10000000013951649
141,89,Sn_keV,4922.9240000001155,4922.87,0.05400000011559314
141,89,Sp_keV,6012.735000000102,6012.55,0.18500000010226358
141,89,S2n_keV,11199.111999999965,11198.98,0.1319999999650463
141,89,S2p_keV,14123.89599999995,14123.78,0.11599999994905374
141,89,Qalpha_keV,3892.835999999894,3892.93,0.09400000010600706
140,90,Sn_keV,6794.230000000214,6794.31,0.07999999978619599
140,90,Sp_keV,7116.204000000143,7116.31,0.1059999998569765
140,90,S2n_keV,12050.840000000084,12051.03,0.1899999999168358
140,90,S2p_keV,12655.496000000043,12655.62,0.12399999995795952
140,90,Qalpha_keV,4769.991999999853,4769.85,0.14199999985248724
139,91,Sn_keV,5794.704000000143,5794.62,0.08400000014353282
139,91,Sp_keV,4701.000000000233,4700.95,0.05000000023301254
139,91,S2n_keV,12892.654000000097,12892.61,0.04400000009627547
139,91,S2p_keV,11299.162000000011,11299.06,0.10200000001168519
139,91,Qalpha_keV,5439.421999999788,5439.43,0.008000000212632585
138,92,Sn_keV,7666.9509999998845,7666.87,0.08099999988462514
138,92,Sp_keV,5570.913999999873,5570.88,0.03399999987323099
138,92,S2n_keV,13749.811999999685,13749.86,0.04800000031536911
138,92,S2p_keV,9733.819999999832,9733.92,0.10000000016771082
138,92,Qalpha_keV,5992.493999999948,5992.45,0.043999999948027835
137,93,Sn_keV,6614.785999999847,6614.7,0.085999999847445
137,93,Sp_keV,3263.371000000043,3263.23,0.14100000004282265
137,93,S2n_keV,14501.996000000043,14502.04,0.043999999958032276
137,93,S2p_keV,8265.283999999985,8265.24,0.04399999998531712
137,93,Qalpha_keV,6778.039999999804,6778.1,0.06000000019594154
136,94,Sn_keV,8532.409999999916,8532.52,0.11000000008425559
136,94,Sp_keV,4134.235999999801,4134.25,0.014000000199303031
136,94,S2n_keV,15295.525999999838,15295.61,0.0840000001626322
136,94,S2p_keV,6865.681999999797,6865.77,0.08800000020346488
136,94,Qalpha_keV,7180.746000000043,7180.61,0.13600000004316826
144,87,Sn_keV,5477.5800000000745,5477.51,0.07000000007428753
144,87,S2n_keV,9730.326999999816,9730.32,0.0069999998158891685
143,88,Sn_keV,4371.0510000002105,4371.14,0.08899999978984852
143,88,Sp_keV,8559.351000000257,8559.25,0.10100000025704503
143,88,S2n_keV,10488.206000000238,10488.11,0.0960000002378365
143,88,S2p_keV,15723.8330000001,15723.86,0.02699999989999924
143,88,Qalpha_keV,2905.738999999827,2905.74,0.0010000001730077202
142,89,Sn_keV,6146.756000000052,6146.85,0.09399999994820973
142,89,Sp_keV,6042.336000000127,6042.43,0.09399999987363117
142,89,S2n_keV,11069.680000000168,11069.72,0.0399999998317071
142,89,S2p_keV,14483.382999999914,14483.35,0.032999999913954525
142,89,Qalpha_keV,3655.4089999997523,3655.49,0.08100000024751353
141,90,Sn_keV,5118.178000000073,5118.02,0.1580000000722066
141,90,Sp_keV,7311.458000000101,7311.46,0.0019999998994535417
141,90,S2n_keV,11912.408000000287,11912.33,0.07800000028692011
141,90,S2p_keV,13324.193000000203,13324.01,0.18300000020281004
141,90,Qalpha_keV,4213.182999999728,4213.26,0.07700000027216447
140,91,Sn_keV,6820.556000000099,6820.52,0.036000000098283635
140,91,Sp_keV,4727.326000000117,4727.16,0.16600000011749216
140,91,S2n_keV,12615.260000000242,12615.14,0.12000000024272595
140,91,S2p_keV,11843.53000000026,11843.47,0.06000000026142516
140,91,Qalpha_keV,5149.742999999784,5149.91,0.16700000021592132
139,92,Sn_keV,5880.337000000058,5880.3,0.0370000000575601
139,92,Sp_keV,5656.546999999788,5656.56,0.013000000212741725
139,92,S2n_keV,13547.287999999942,13547.17,0.11799999994218524
139,92,S2p_keV,10357.54700000002,10357.51,0.03700000002027082
139,92,Qalpha_keV,5576.22900000005,5576.28,0.05099999994945392
138,93,Sn_keV,7683.087999999989,7683.1,0.012000000011539669
138,93,Sp_keV,3279.508000000147,3279.46,0.04800000014711259
138,93,S2n_keV,14297.873999999836,14297.8,0.07399999983681482
138,93,S2p_keV,8850.42200000002,8850.34,0.08200000002034358
138,93,Qalpha_keV,6368.321999999927,6368.4,0.07800000007227936
137,94,Sn_keV,6696.790000000037,6696.7,0.0900000000374348
137,94,Sp_keV,4216.239999999991,4216.26,0.020000000009531504
137,94,S2n_keV,15229.199999999953,15229.22,0.020000000045911293
137,94,S2p_keV,7479.6110000000335,7479.49,0.12100000003374589
137,94,Qalpha_keV,6838.5429999998305,6838.63,0.08700000016960985
145,87,Sn_keV,4079.003999999957,4079.06,0.05600000004278627
145,87,S2n_keV,9556.584000000032,9556.57,0.014000000031956006
144,88,Sn_keV,5790.816999999806,5790.85,0.03300000019407889
144,88,Sp_keV,8872.587999999989,8872.59,0.00200000001132139
144,88,S2n_keV,10161.868000000017,10161.99,0.12199999998301791
144,88,Qalpha_keV,2828.6319999999832,2828.57,0.061999999983072485
143,89,Sn_keV,4679.811999999918,4679.75,0.06199999991804361
143,89,Sp_keV,6351.096999999834,6351.04,0.05699999983426096
143,89,S2n_keV,10826.56799999997,10826.6,0.03200000003016612
143,89,S2p_keV,14910.448000000091,14910.29,0.1580000000903965
143,89,Qalpha_keV,3345.1959999999963,3345.28,0.08400000000392538
142,90,Sn_keV,6440.398000000045,6440.42,0.021999999955369276
142,90,Sp_keV,7605.100000000093,7605.04,0.06000000009316864
142,90,S2n_keV,11558.576000000117,11558.44,0.13600000011683733
142,90,S2p_keV,13647.43600000022,13647.46,0.023999999779334757
142,90,Qalpha_keV,4081.587999999756,4081.6,0.012000000243915565
141,91,Sn_keV,5548.985999999801,5549.09,0.10400000019944855
141,91,Sp_keV,5158.133999999845,5158.23,0.09600000015416299
141,91,S2n_keV,12369.5419999999,12369.61,0.06800000010116491
141,91,S2p_keV,12469.591999999946,12469.69,0.09800000005452603
141,91,Qalpha_keV,4626.956000000006,4626.99,0.033999999994193786
140,92,Sn_keV,7267.7070000001695,7267.8,0.09299999983068119
140,92,Sp_keV,6103.697999999858,6103.84,0.14200000014170655
140,92,S2n_keV,13148.044000000227,13148.11,0.06599999977333937
140,92,S2p_keV,10831.023999999976,10831.0,0.023999999975785613
140,92,Qalpha_keV,5413.795999999857,5413.63,0.16599999985646718
138,94,Sn_keV,8017.248000000138,8017.18,0.0680000001375447
138,94,Sp_keV,4550.40000000014,4550.34,0.06000000013955287
138,94,S2n_keV,14714.038000000175,14713.89,0.14800000017567072
138,94,S2p_keV,7829.908000000287,7829.8,0.10800000028666545
138,94,Qalpha_keV,6715.939999999944,6716.0,0.060000000055879354
146,87,Sn_keV,5224.182999999961,5224.1,0.08299999996052065
146,87,S2n_keV,9303.186999999918,9303.16,0.026999999918189133
145,88,Sn_keV,4234.324000000022,4234.21,0.11400000002231536
145,88,Sp_keV,9027.908000000054,9027.74,0.168000000054235
145,88,S2n_keV,10025.140999999829,10025.06,0.08099999982914596
145,88,Qalpha_keV,2546.685999999987,2546.74,0.05400000001282024
144,89,Sn_keV,5917.601000000024,5917.7,0.09899999997560371
144,89,Sp_keV,6477.881000000052,6477.89,0.008999999948173354
144,89,S2n_keV,10597.412999999942,10597.45,0.037000000058469595
144,89,S2p_keV,15350.469000000041,15350.48,0.01099999995858525
144,89,Qalpha_keV,3214.8640000000596,3214.86,0.0040000000594773155
143,90,Sn_keV,4786.412999999709,4786.39,0.02299999970909994
143,90,Sp_keV,7711.7009999998845,7711.67,0.03099999988444324
143,90,S2n_keV,11226.810999999754,11226.81,0.0009999997546401573
143,90,S2p_keV,14062.797999999719,14062.71,0.0879999997196137
143,90,Qalpha_keV,3744.655999999959,3744.84,0.1840000000411237
142,91,Sn_keV,6528.38599999994,6528.48,0.09400000005916809
142,91,Sp_keV,5246.121999999741,5246.28,0.15800000025865302
142,91,S2n_keV,12077.371999999741,12077.57,0.19800000025861664
142,91,S2p_keV,12851.221999999834,12851.32,0.09800000016548438
142,91,Qalpha_keV,4374.757999999914,4374.62,0.13799999991442746
141,92,Sn_keV,5761.6440000000875,5761.67,0.025999999912528438
141,92,Sp_keV,6316.356000000145,6316.43,0.07399999985500472
141,92,S2n_keV,13029.351000000257,13029.47,0.11899999974230013
141,92,S2p_keV,11474.48999999999,11474.66,0.1700000000091677
141,92,Qalpha_keV,4908.761999999639,4908.68,0.0819999996383558
140,93,Sp_keV,3950.0689999999013,3949.91,0.15899999990142533
140,93,S2n_keV,13818.604999999981,13818.56,0.044999999981882866
140,93,S2p_keV,10053.76699999976,10053.75,0.016999999759718776
140,93,Qalpha_keV,5626.632999999914,5626.77,0.13700000008611823
139,94,Sn_keV,6382.5,6382.69,0.18999999999959982
139,94,S2n_keV,14399.748000000138,14399.87,0.12199999986296461
139,94,S2p_keV,8332.07100000023,8332.19,0.11899999977140396
139,94,Qalpha_keV,6416.300999999745,6416.3,0.0009999997446357156
137,96,S2p_keV,5592.814000000013,5592.94,0.1259999999865613
137,96,Qalpha_keV,7473.64599999995,7473.5,0.14599999994970858
146,88,Sn_keV,5474.649999999907,5474.75,0.10000000009313226
146,88,Sp_keV,9278.375,9278.39,0.014999999999417923
146,88,S2n_keV,9708.97399999993,9708.96,0.0139999999300926
145,89,Sn_keV,4538.216999999946,4538.16,0.05699999994612881
145,89,Sp_keV,6781.773999999976,6781.84,0.0660000000243599
145,89,S2n_keV,10455.81799999997,10455.86,0.0420000000303844
145,89,S2p_keV,15809.68200000003,15809.58,0.10200000002987508
145,89,Qalpha_keV,2929.3939999998547,2929.51,0.1160000001455046
144,90,Sn_keV,6190.000999999931,6190.02,0.019000000069354428
144,90,Sp_keV,7984.100999999791,7983.99,0.11099999979160202
144,90,S2n_keV,10976.41399999964,10976.41,0.003999999640655005
144,90,S2p_keV,14461.981999999844,14461.89,0.09199999984411988
144,90,Qalpha_keV,3671.810000000056,3671.79,0.020000000055915734
143,91,Sn_keV,5222.043999999994,5221.87,0.1739999999945212
143,91,Sp_keV,5681.753000000026,5681.76,0.006999999974141247
143,91,S2n_keV,11750.429999999935,11750.35,0.07999999993444362
143,91,S2p_keV,13393.45399999991,13393.44,0.013999999910083716
143,91,Qalpha_keV,4075.6380000000354,4075.62,0.018000000035499397
142,92,Sn_keV,6845.561999999918,6845.47,0.09199999991778895
142,92,Sp_keV,6633.532000000123,6633.42,0.11200000012286182
142,92,S2n_keV,12607.206000000006,12607.14,0.06600000000617001
142,92,S2p_keV,11879.653999999864,11879.7,0.04600000013670069
142,92,Qalpha_keV,4857.429999999935,4857.52,0.09000000006562914
141,93,Sn_keV,6064.885000000009,6065.04,0.1549999999906504
141,93,Sp_keV,4253.309999999823,4253.27,0.03999999982261215
141,93,S2p_keV,10569.665999999968,10569.7,0.03400000003239256
141,93,Qalpha_keV,5356.452000000048,5356.35,0.10200000004806498
140,94,Sn_keV,7773.1019999997225,7773.12,0.018000000277424988
140,94,Sp_keV,4887.396999999881,4887.59,0.1930000001193548
140,94,S2n_keV,14155.601999999722,14155.8,0.19800000027680653
140,94,S2p_keV,8837.465999999782,8837.5,0.03400000021792948
140,94,Qalpha_keV,6310.149999999907,6310.05,0.09999999990668584
138,96,Sn_keV,8640.883999999845,8640.69,0.19399999984489114
138,96,S2p_keV,6216.449999999721,6216.45,2.7921487344428897e-10
138,96,Qalpha_keV,7365.1720000000205,7365.33,0.15799999997943814
146,89,Sn_keV,5555.253999999957,5555.35,0.09600000004320464
146,89,Sp_keV,6862.378000000026,6862.44,0.06199999997352279
146,89,S2n_keV,10093.470999999903,10093.51,0.039000000097075826
146,89,S2p_keV,16140.753000000026,16140.84,0.08699999997406849
146,89,Qalpha_keV,2851.719999999972,2851.66,0.05999999997220584
145,90,Sn_keV,4666.405000000261,4666.58,0.17499999973915692
145,90,Sp_keV,8112.289000000106,8112.41,0.12099999989368371
145,90,S2n_keV,10856.406000000192,10856.6,0.19399999980851135
145,90,S2p_keV,14894.063000000082,14894.25,0.1869999999180436
145,90,Qalpha_keV,3376.4560000000056,3376.35,0.10600000000567888
144,91,Sn_keV,6121.233000000007,6121.34,0.10699999999269494
144,91,Sp_keV,5612.985000000102,5613.08,0.09499999989748176
144,91,S2n_keV,11343.277000000002,11343.21,0.06700000000273576
144,91,S2p_keV,13597.085999999894,13597.08,0.005999999893901986
144,91,Qalpha_keV,4101.16100000008,4101.13,0.031000000079984602
143,92,Sn_keV,5297.479999999981,5297.5,0.02000000001862645
143,92,Sp_keV,6708.96800000011,6709.05,0.08199999989028584
143,92,S2n_keV,12143.0419999999,12142.96,0.08199999990029028
143,92,S2p_keV,12390.721000000136,12390.81,0.08899999986351759
143,92,Qalpha_keV,4678.128000000026,4678.04,0.08800000002611341
142,93,Sn_keV,6983.101999999955,6983.08,0.021999999955369276
142,93,Sp_keV,4390.84999999986,4390.89,0.040000000140025804
142,93,S2n_keV,13047.986999999965,13048.12,0.1330000000361906
142,93,S2p_keV,11024.381999999983,11024.3,0.08199999998396379
142,93,Qalpha_keV,5193.906000000192,5193.79,0.11600000019188883
141,94,Sn_keV,6238.995000000112,6238.88,0.11500000011164957
141,94,Sp_keV,5061.506999999983,5061.43,0.07699999998294516
141,94,S2n_keV,14012.096999999834,14011.99,0.10699999983444286
141,94,S2p_keV,9314.816999999806,9314.71,0.10699999980715802
141,94,Qalpha_keV,5951.491999999853,5951.48,0.01199999985328759
140,95,Sp_keV,3013.6200000003446,3013.51,0.11000000034437107
140,95,S2p_keV,7901.017000000225,7901.1,0.08299999977498373
140,95,Qalpha_keV,6576.037999999709,6576.0,0.03799999970942736
147,89,Sn_keV,4207.6720000000205,4207.48,0.19200000002092565
147,89,S2n_keV,9762.925999999978,9762.83,0.09599999997772102
147,89,Qalpha_keV,2723.0519999999087,2723.24,0.18800000009105133
146,90,Sn_keV,5833.972999999765,5833.87,0.10299999976541585
146,90,Sp_keV,8391.007999999914,8390.93,0.07799999991402728
146,90,S2n_keV,10500.378000000026,10500.45,0.07199999997465056
146,90,S2p_keV,15253.38599999994,15253.37,0.015999999939595
146,90,Qalpha_keV,3333.3000000000466,3333.33,0.02999999995336111
145,91,Sn_keV,5026.397000000114,5026.26,0.13700000011340308
145,91,Sp_keV,5972.976999999955,5972.77,0.20699999995485996
145,91,S2n_keV,11147.630000000121,11147.6,0.030000000120708137
145,91,S2p_keV,14085.266000000061,14085.18,0.08600000006117625
145,91,Qalpha_keV,3754.5759999998845,3754.62,0.04400000011537486
144,92,Sn_keV,6545.434000000125,6545.52,0.08599999987563933
144,92,Sp_keV,7133.169000000227,7133.22,0.05099999977301195
144,92,S2n_keV,11842.914000000106,11843.02,0.10599999989426578
144,92,S2p_keV,12746.15400000033,12746.31,0.1559999996698025
144,92,Qalpha_keV,4573.091999999946,4572.94,0.15199999994638347
143,93,Sn_keV,5736.344000000041,5736.25,0.0940000000409782
143,93,Sp_keV,4829.71399999992,4829.64,0.07399999991957884
143,93,S2n_keV,12719.445999999996,12719.33,0.11599999999634747
143,93,S2p_keV,11538.68200000003,11538.68,0.002000000029511284
143,93,Qalpha_keV,5006.547999999952,5006.63,0.08200000004853791
142,94,Sn_keV,7352.082999999868,7352.13,0.047000000132356945
142,94,Sp_keV,5430.487999999896,5430.49,0.0020000001040898496
142,94,S2n_keV,13591.07799999998,13591.01,0.06799999997929262
142,94,S2p_keV,9821.337999999756,9821.37,0.03200000024480687
142,94,Qalpha_keV,5867.116000000155,5867.15,0.033999999845036655
140,96,Sp_keV,4059.373999999836,4059.35,0.023999999836178176
140,96,S2n_keV,15012.146000000183,15012.22,0.07399999981680594
140,96,S2p_keV,7072.994000000181,7072.87,0.12400000018078572
140,96,Qalpha_keV,7067.064000000013,7066.99,0.0740000000132568
147,90,Sn_keV,4371.543000000296,4371.42,0.12300000029608782
147,90,Sp_keV,8554.87900000019,8554.87,0.00900000018918945
147,90,S2n_keV,10205.516000000061,10205.29,0.22600000006059418
147,90,Qalpha_keV,3196.0809999997728,3196.12,0.03900000022713357
146,91,Sn_keV,5877.555999999866,5877.65,0.09400000013374665
146,91,Sp_keV,6016.560000000056,6016.55,0.010000000055697456
146,91,S2n_keV,10903.95299999998,10903.91,0.04299999997965642
146,91,S2p_keV,14407.56799999997,14407.48,0.08799999997063424
146,91,Qalpha_keV,3794.621000000043,3794.67,0.04899999995723192
145,92,Sn_keV,5125.949999999721,5125.77,0.17999999972016667
145,92,Sp_keV,7232.721999999834,7232.73,0.00800000016533886
145,92,S2n_keV,11671.383999999845,11671.29,0.09399999984452734
145,92,S2p_keV,13205.69899999979,13205.5,0.1989999997895211
145,92,Qalpha_keV,4233.554999999935,4233.56,0.005000000065592758
144,93,Sn_keV,6577.8889999999665,6577.84,0.04899999996632687
144,93,Sp_keV,4862.168999999762,4861.95,0.21899999976176332
144,93,S2n_keV,12314.233000000007,12314.08,0.15300000000752334
144,93,S2p_keV,11995.337999999989,11995.18,0.1579999999885331
144,93,Qalpha_keV,4957.0449999999255,4957.27,0.22500000007494236
143,94,Sn_keV,5881.235000000102,5881.19,0.04500000010284566
143,94,Sp_keV,5575.378999999957,5575.43,0.05100000004313188
143,94,S2n_keV,13233.31799999997,13233.32,0.002000000029511284
143,94,S2p_keV,10405.092999999877,10405.07,0.02299999987735646
143,94,Qalpha_keV,5747.52500000014,5747.63,0.10499999986041075
141,96,Sn_keV,6679.324000000022,6679.28,0.0440000000226064
141,96,S2p_keV,7513.323000000091,7513.27,0.053000000090833055
141,96,Qalpha_keV,6770.239999999991,6770.4,0.16000000000894943
139,98,Qalpha_keV,8219.955000000075,8220.0,0.044999999925494194
147,91,Sn_keV,4704.86400000006,4704.9,0.03599999994003156
147,91,Sp_keV,6349.880999999819,6350.02,0.13900000018111314
147,91,S2n_keV,10582.419999999925,10582.55,0.1300000000737782
147,91,S2p_keV,14904.76000000001,14904.9,0.13999999999032298
147,91,Qalpha_keV,3627.973999999929,3627.93,0.04399999992938319
146,92,Sn_keV,6153.576000000117,6153.73,0.1539999998822168
146,92,Sp_keV,7508.742000000086,7508.81,0.0679999999147185
146,92,S2n_keV,11279.525999999838,11279.5,0.025999999837949872
146,92,S2p_keV,13525.302000000142,13525.36,0.057999999859021045
146,92,Qalpha_keV,4269.9799999997485,4269.86,0.11999999974887032
145,93,Sn_keV,5488.2050000000745,5488.32,0.11499999992520316
145,93,Sp_keV,5224.4240000001155,5224.51,0.08599999988473428
145,93,S2n_keV,12066.094000000041,12066.16,0.06599999995887629
145,93,S2p_keV,12457.14599999995,12457.23,0.08400000004985486
145,93,Qalpha_keV,4690.883999999845,4690.82,0.06399999984569149
144,94,Sn_keV,6999.7970000000205,6999.83,0.032999999979438144
144,94,Sp_keV,5997.287000000011,5997.42,0.1329999999888969
144,94,S2n_keV,12881.032000000123,12881.01,0.0220000001227163
144,94,S2p_keV,10859.455999999773,10859.37,0.08599999977195694
144,94,Qalpha_keV,5593.290000000037,5593.27,0.020000000036816346
143,95,Sp_keV,3959.1089999999385,3959.21,0.10100000006150367
143,95,S2p_keV,9534.487999999896,9534.63,0.14200000010350777
143,95,Qalpha_keV,6041.726000000024,6041.7,0.026000000024396286
142,96,Sn_keV,7873.159999999916,7873.21,0.05000000008385541
142,96,S2n_keV,14552.483999999939,14552.49,0.006000000061249011
142,96,S2p_keV,8034.40000000014,8034.35,0.05000000013933459
142,96,Qalpha_keV,6670.181999999797,6670.3,0.11800000020321022
147,92,Sn_keV,4806.328999999911,4806.38,0.051000000089516107
147,92,Sp_keV,7610.206999999937,7610.29,0.08300000006329356
147,92,S2n_keV,10959.905000000028,10960.11,0.2049999999726424
147,92,S2p_keV,13960.087999999756,13960.32,0.23200000024371548
147,92,Qalpha_keV,4130.056000000099,4130.05,0.006000000098538294
146,93,Sn_keV,6214.915000000037,6214.92,0.004999999962819857
146,93,Sp_keV,5285.763000000035,5285.7,0.06300000003557216
146,93,S2n_keV,11703.120000000112,11703.24,0.11999999988802301
146,93,S2p_keV,12794.505000000121,12794.5,0.005000000121071935
146,93,Qalpha_keV,4597.201999999816,4597.24,0.03800000018418359
145,94,Sn_keV,5646.32200000016,5646.25,0.07200000016018748
145,94,Sp_keV,6155.404000000097,6155.34,0.06400000009671203
145,94,S2n_keV,12646.11900000018,12646.07,0.04900000018096762
145,94,S2p_keV,11379.828000000212,11379.85,0.02199999978802225
145,94,Qalpha_keV,5244.447999999858,5244.52,0.07200000014199759
144,95,Sn_keV,7102.440000000177,7102.38,0.06000000017684215
144,95,Sp_keV,4061.752000000095,4061.76,0.007999999905223376
144,95,S2p_keV,10059.039000000106,10059.18,0.14099999989412026
144,95,Qalpha_keV,5922.387999999803,5922.4,0.012000000197076588
143,96,Sn_keV,6369.486999999965,6369.48,0.0069999999650463
143,96,Sp_keV,4563.543000000063,4563.43,0.1130000000630389
143,96,S2n_keV,14242.64699999988,14242.69,0.04300000011971861
143,96,S2p_keV,8522.652000000002,8522.64,0.012000000002444722
143,96,Qalpha_keV,6539.689999999944,6539.7,0.010000000055697456
148,92,Sn_keV,5928.721000000136,5928.53,0.19100000013622775
148,92,S2n_keV,10735.050000000047,10734.91,0.14000000004671165
148,92,Qalpha_keV,4035.307999999728,4035.39,0.08200000027181886
147,93,Sn_keV,5066.006999999983,5066.1,0.0930000000171276
147,93,Sp_keV,5545.441000000108,5545.42,0.02100000010796066
147,93,S2n_keV,11280.92200000002,11281.02,0.09799999997994746
147,93,S2p_keV,13155.648000000045,13155.71,0.0619999999544234
147,93,Qalpha_keV,4557.591999999946,4557.41,0.1819999999461288
146,94,Sn_keV,6534.0779999999795,6534.22,0.14200000002074376
146,94,Sp_keV,6474.567000000039,6474.65,0.08299999996052065
146,94,S2n_keV,12180.40000000014,12180.47,0.06999999985964678
146,94,S2p_keV,11760.330000000075,11760.34,0.009999999925639713
146,94,Qalpha_keV,5255.804000000004,5255.82,0.01599999999598367
145,95,Sn_keV,5951.687999999849,5951.57,0.11799999984941678
145,95,Sp_keV,4367.117999999784,4367.08,0.03799999978400592
145,95,S2n_keV,13054.128000000026,13053.95,0.17800000002534944
145,95,S2p_keV,10522.52199999988,10522.43,0.09199999988049967
145,95,Qalpha_keV,5707.043999999994,5707.08,0.036000000005515176
144,96,Sn_keV,7494.104999999981,7494.04,0.06499999998140993
144,96,Sp_keV,4955.207999999868,4955.09,0.11799999986760668
144,96,S2n_keV,13863.591999999946,13863.52,0.07199999994554673
144,96,S2p_keV,9016.959999999963,9016.85,0.1099999999623833
144,96,Qalpha_keV,6397.6679999998305,6397.8,0.1320000001696826
142,98,S2p_keV,6032.152000000002,6032.19,0.03799999999773718
142,98,Qalpha_keV,7711.023999999976,7710.98,0.04399999997622217
148,93,Sn_keV,6127.550000000047,6127.41,0.14000000004671165
148,93,Sp_keV,5744.270000000019,5744.3,0.029999999981555447
148,93,S2n_keV,11193.55700000003,11193.52,0.037000000029365765
148,93,Qalpha_keV,4307.597999999765,4307.64,0.04200000023502071
147,94,Sn_keV,5241.719000000041,5241.52,0.19900000004054164
147,94,Sp_keV,6650.279000000097,6650.07,0.20900000009714859
147,94,S2n_keV,11775.79700000002,11775.74,0.057000000020707375
147,94,S2p_keV,12195.720000000205,12195.48,0.24000000020532752
147,94,Qalpha_keV,5140.034999999683,5140.07,0.03500000031635864
146,95,Sn_keV,6646.878000000259,6647.09,0.21199999974123784
146,95,Sp_keV,4479.918000000063,4479.96,0.041999999936706445
146,95,S2n_keV,12598.566000000108,12598.66,0.09399999989182106
146,95,S2p_keV,10954.485000000102,10954.6,0.11499999989791831
146,95,Qalpha_keV,5638.054999999702,5637.82,0.23499999970226781
145,96,Sn_keV,6093.728000000119,6093.79,0.06199999988075433
145,96,Sp_keV,5097.248000000138,5097.31,0.06199999986256444
145,96,S2n_keV,13587.8330000001,13587.83,0.0030000001006555976
145,96,S2p_keV,9464.365999999922,9464.39,0.02400000007764902
145,96,Qalpha_keV,6185.174999999814,6185.19,0.015000000185864337
149,93,Sn_keV,4914.456000000006,4914.56,0.10399999999481224
149,93,S2n_keV,11042.006000000052,11041.97,0.0360000000528089
149,93,Qalpha_keV,4098.005999999819,4097.98,0.025999999819759978
148,94,Sn_keV,6309.334999999963,6309.56,0.22500000003765308
148,94,Sp_keV,6832.064000000013,6832.21,0.14599999998699786
148,94,S2n_keV,11551.054000000004,11551.08,0.02599999999620195
148,94,S2p_keV,12576.334000000032,12576.51,0.1759999999685533
148,94,Qalpha_keV,4984.275999999838,4984.23,0.04599999983838643
147,95,Sn_keV,5537.8239999997895,5537.64,0.18399999978919368
147,95,Sp_keV,4776.022999999812,4776.07,0.04700000018783612
147,95,S2n_keV,12184.702000000048,12184.73,0.02799999995113467
147,95,S2p_keV,11426.301999999909,11426.14,0.16199999990931246
147,95,Qalpha_keV,5588.435999999987,5588.5,0.06400000001303852
146,96,Sn_keV,6969.358000000007,6969.38,0.02199999999265856
146,96,Sp_keV,5419.727999999886,5419.6,0.12799999988601485
146,96,S2n_keV,13063.086000000127,13063.18,0.09399999987363117
146,96,S2p_keV,9899.64599999995,9899.56,0.0859999999502179
146,96,Qalpha_keV,6215.613999999827,6215.63,0.016000000173335138
144,98,S2n_keV,14746.516000000061,14746.61,0.09399999993911479
144,98,S2p_keV,6915.076000000117,6915.28,0.2039999998823987
144,98,Qalpha_keV,7516.991999999853,7516.86,0.13199999985317845
149,94,Sn_keV,5033.809999999823,5033.65,0.1599999998234125
149,94,Sp_keV,6951.4179999998305,6951.3,0.11799999983031739
149,94,S2n_keV,11343.144999999786,11343.21,0.06500000021333108
149,94,Qalpha_keV,4756.7949999999255,4756.97,0.17500000007476046
148,95,Sn_keV,6364.216999999946,6364.34,0.12300000005416223
148,95,Sp_keV,4830.904999999795,4830.86,0.04499999979543645
148,95,S2n_keV,11902.040999999736,11901.98,0.060999999735940946
148,95,S2p_keV,11662.968999999808,11663.07,0.10100000019156141
148,95,Qalpha_keV,5439.134000000078,5439.07,0.06400000007852213
147,96,Sn_keV,5693.0490000001155,5693.08,0.03099999988444324
147,96,Sp_keV,5574.953000000212,5575.04,0.08699999978762207
147,96,S2n_keV,12662.407000000123,12662.47,0.06299999987641058
147,96,S2p_keV,10350.976000000024,10351.12,0.14399999997658597
147,96,Qalpha_keV,6168.8869999998715,6168.8,0.08699999987129559
146,97,Sp_keV,3403.0169999999925,3403.04,0.0230000000074142
146,97,S2p_keV,8822.744999999879,8822.64,0.10499999987951014
146,97,Qalpha_keV,6874.348999999929,6874.35,0.0010000000711443136
150,94,Sn_keV,6019.915999999968,6019.89,0.025999999968007614
150,94,S2n_keV,11053.725999999791,11053.54,0.18599999979051063
150,94,Qalpha_keV,4665.600000000093,4665.61,0.009999999906540324
149,95,Sn_keV,5367.1130000001285,5367.17,0.056999999871550244
149,95,Sp_keV,5164.208000000101,5164.38,0.1719999998995263
149,95,S2n_keV,11731.330000000075,11731.51,0.17999999992571247
149,95,S2p_keV,12115.625999999931,12115.68,0.05400000006920891
149,95,Qalpha_keV,5138.027999999933,5138.01,0.017999999932726496
148,96,Sn_keV,6801.512999999803,6801.42,0.09299999980248685
148,96,Sp_keV,6012.249000000069,6012.12,0.129000000069027
148,96,S2n_keV,12494.561999999918,12494.5,0.06199999991804361
148,96,S2p_keV,10843.153999999864,10842.98,0.17399999986446346
148,96,Qalpha_keV,5901.452000000048,5901.6,0.14799999995193502
147,97,Sn_keV,6047.157000000123,6047.13,0.02700000012282544
147,97,Sp_keV,3757.125,3757.08,0.04500000000007276
147,97,S2p_keV,9332.078000000212,9332.13,0.0519999997868581
147,97,Qalpha_keV,6778.879999999655,6778.8,0.07999999965522875
146,98,Sp_keV,4500.441000000108,4500.48,0.038999999891530024
146,98,S2n_keV,14051.46800000011,14051.42,0.048000000109823304
146,98,S2p_keV,7903.458000000101,7903.53,0.0719999998991625
146,98,Qalpha_keV,7329.115999999689,7328.96,0.15599999968890188
151,94,Sn_keV,4698.985000000102,4699.17,0.18499999989762728
151,94,S2n_keV,10718.90100000007,10719.06,0.15899999992871017
150,95,Sn_keV,6050.082999999868,6050.04,0.042999999867788574
150,95,Sp_keV,5194.375,5194.53,0.15499999999974534
150,95,S2n_keV,11417.195999999996,11417.21,0.014000000002852175
150,95,Qalpha_keV,5215.495000000112,5215.38,0.11500000011164957
149,96,Sn_keV,5518.627000000095,5518.63,0.0029999999051142368
149,96,Sp_keV,6163.763000000035,6163.59,0.17300000003524474
149,96,S2n_keV,12320.139999999898,12320.05,0.08999999989828211
149,96,S2p_keV,11327.971000000136,11327.96,0.01100000013684621
149,96,Qalpha_keV,5624.543999999994,5624.49,0.05399999999463034
148,97,Sn_keV,6971.25,6971.37,0.11999999999989086
148,97,Sp_keV,3926.8620000001974,3927.03,0.1679999998027597
148,97,S2n_keV,13018.407000000123,13018.49,0.08299999987684714
148,97,S2p_keV,9939.111000000266,9939.15,0.038999999733277946
148,97,Qalpha_keV,6454.507999999914,6454.52,0.012000000086118234
147,98,Sn_keV,6164.250999999698,6164.29,0.039000000301712134
147,98,Sp_keV,4617.534999999683,4617.65,0.11500000031628588
147,98,S2p_keV,8374.659999999683,8374.73,0.07000000031621312
147,98,Qalpha_keV,7258.59300000011,7258.46,0.13300000010985968
152,94,Sn_keV,5854.749000000069,5854.7,0.04900000006909977
152,94,S2n_keV,10553.734000000171,10553.86,0.12599999982921872
150,96,Sn_keV,6458.9509999998845,6458.93,0.020999999884224962
150,96,Sp_keV,6572.631000000052,6572.47,0.1610000000518994
150,96,S2n_keV,11977.57799999998,11977.56,0.01799999998002022
150,96,S2p_keV,11767.006000000052,11767.0,0.006000000052154064
150,96,Qalpha_keV,5474.928000000073,5475.12,0.1919999999272477
149,97,Sn_keV,5918.387999999803,5918.19,0.1979999998029598
149,97,Sp_keV,4326.622999999905,4326.58,0.04299999990507786
149,97,S2n_keV,12889.637999999803,12889.55,0.08799999980328721
149,97,S2p_keV,10490.38599999994,10490.17,0.2159999999403226
149,97,Qalpha_keV,6073.943999999901,6073.98,0.036000000098283635
148,98,Sn_keV,7366.331000000238,7366.23,0.10100000023885514
148,98,Sp_keV,5012.615999999922,5012.51,0.10599999992155063
148,98,S2n_keV,13530.581999999937,13530.52,0.06199999993623351
148,98,S2p_keV,8939.47800000012,8939.55,0.07199999988006311
148,98,Qalpha_keV,6861.619999999879,6861.61,0.009999999879255483
146,100,S2p_keV,5867.435999999987,5867.29,0.14599999998699786
146,100,Qalpha_keV,8376.75599999982,8376.95,0.19400000018140418
151,96,Sn_keV,5155.091000000015,5155.14,0.04899999998542626
151,96,S2n_keV,11614.0419999999,11614.07,0.0280000001002918
151,96,S2p_keV,12223.111999999965,12222.98,0.1319999999650463
151,96,Qalpha_keV,5353.646999999881,5353.62,0.02699999988089985
150,97,Sn_keV,6548.641999999993,6548.72,0.07800000000770524
150,97,Sp_keV,4416.314000000013,4416.38,0.06599999998707062
150,97,S2n_keV,12467.029999999795,12466.91,0.11999999979525455
150,97,S2p_keV,10988.945000000065,10988.85,0.09500000006482878
150,97,Qalpha_keV,5889.518999999855,5889.6,0.08100000014565012
149,98,Sn_keV,6057.628999999957,6057.71,0.08100000004287722
149,98,Sp_keV,5151.857000000076,5152.03,0.1729999999233769
149,98,S2n_keV,13423.960000000196,13423.94,0.020000000195068424
149,98,S2p_keV,9478.479999999981,9478.62,0.1400000000194268
149,98,Qalpha_keV,6497.040000000037,6496.99,0.05000000003747118
148,99,Sp_keV,2800.934000000125,2800.87,0.06400000012490636
148,99,S2p_keV,7813.550000000047,7813.39,0.1600000000462387
148,99,Qalpha_keV,7463.702999999747,7463.78,0.07700000025306508
152,96,Sn_keV,6211.587000000058,6211.71,0.12299999994229438
152,96,S2n_keV,11366.678000000073,11366.85,0.17199999992772064
152,96,S2p_keV,12579.949999999953,12579.99,0.04000000004634785
152,96,Qalpha_keV,5161.975999999791,5161.81,0.16599999979098357
150,98,Sn_keV,6937.268999999855,6937.21,0.0589999998546773
150,98,Sp_keV,5540.4839999999385,5540.52,0.03600000006190385
150,98,S2n_keV,12994.897999999812,12994.91,0.012000000187981641
150,98,S2p_keV,9956.797999999952,9956.9,0.10200000004806498
150,98,Qalpha_keV,6361.283999999985,6361.2,0.08399999998528074
148,100,Sp_keV,3969.412000000011,3969.5,0.08799999998882413
148,100,S2n_keV,14433.492000000086,14433.61,0.1179999999149004
148,100,S2p_keV,6770.346000000136,6770.38,0.033999999864136043
148,100,Qalpha_keV,7994.7319999998435,7994.76,0.02800000015668047
153,96,Sn_keV,4713.405999999959,4713.37,0.035999999959130946
153,96,S2n_keV,10924.993000000017,10925.08,0.08699999998316343
153,96,Qalpha_keV,5147.554999999935,5147.61,0.05500000006486516
152,97,Sp_keV,4835.415999999968,4835.34,0.07599999996818951
152,97,S2n_keV,11785.780000000028,11785.81,0.029999999971551006
152,97,Qalpha_keV,5520.934999999823,5521.0,0.06500000017695129
151,98,Sn_keV,5586.442000000272,5586.54,0.09799999972801743
151,98,S2n_keV,12523.711000000127,12523.75,0.03899999987334013
151,98,S2p_keV,10388.149000000209,10388.3,0.15099999979065615
151,98,Qalpha_keV,6293.468999999808,6293.29,0.17899999980818393
149,100,Sn_keV,6450.023999999743,6449.99,0.03399999974317325
149,100,S2p_keV,7162.740999999922,7162.66,0.08099999992191442
149,100,Qalpha_keV,7708.958999999799,7709.06,0.10100000020156585
154,96,Sn_keV,5832.550000000047,5832.42,0.13000000004649337
154,96,S2n_keV,10545.956000000006,10545.79,0.16600000000471482
154,96,Qalpha_keV,5169.753999999957,5169.88,0.12600000004294998
153,97,Sn_keV,4967.790000000037,4967.72,0.07000000003699824
153,97,Sp_keV,5089.800000000047,5089.69,0.1100000000469663
152,98,Sn_keV,6623.893999999855,6623.71,0.1839999998546773
152,98,Sp_keV,5965.040000000037,5964.96,0.08000000003721652
152,98,S2n_keV,12210.336000000127,12210.25,0.08600000012665987
152,98,S2p_keV,10800.456000000006,10800.3,0.15600000000631553
152,98,Qalpha_keV,6128.525999999838,6128.51,0.015999999837731593
150,100,Sn_keV,7518.36400000006,7518.26,0.10400000005938637
150,100,S2n_keV,13968.387999999803,13968.25,0.13799999980255961
150,100,S2p_keV,7743.836000000127,7743.71,0.1260000001266235
150,100,Qalpha_keV,7556.925999999978,7557.04,0.11400000002231536
155,96,Sn_keV,4412.721999999834,4412.89,0.16800000016610284
155,96,S2n_keV,10245.27199999988,10245.32,0.04800000011891825
154,97,Sn_keV,5793.263000000035,5793.28,0.016999999964355084
154,97,Sp_keV,5050.513000000035,5050.55,0.03699999996479164
154,97,S2n_keV,10761.053000000073,10761.0,0.05300000007264316
153,98,Sn_keV,5106.5,5106.69,0.18999999999959982
153,98,Sp_keV,6103.75,6103.93,0.18000000000029104
153,98,S2n_keV,11730.393999999855,11730.4,0.006000000144922524
153,98,S2p_keV,11193.550000000047,11193.62,0.06999999995423423
153,98,Qalpha_keV,6177.116999999853,6176.96,0.15699999985281465
152,99,Sp_keV,3947.131000000052,3947.08,0.051000000052226824
152,99,S2p_keV,9912.17100000009,9912.05,0.12100000009013456
152,99,Qalpha_keV,6597.708999999799,6597.8,0.09100000020134758
151,100,Sn_keV,6189.520000000019,6189.64,0.11999999998170097
151,100,S2n_keV,13707.884000000078,13707.9,0.015999999921405106
151,100,S2p_keV,8346.913999999873,8346.81,0.10399999987384945
151,100,Qalpha_keV,7425.034999999916,7425.1,0.06500000008418283
150,101,Sp_keV,2394.399999999907,2394.47,0.07000000009293217
150,101,Qalpha_keV,7963.460000000196,7963.44,0.02000000019597792
154,98,Sn_keV,6171.943999999901,6171.72,0.22399999990102515
154,98,Sp_keV,6482.430999999866,6482.37,0.06099999986599869
154,98,S2n_keV,11278.443999999901,11278.41,0.033999999901425326
154,98,S2p_keV,11532.943999999901,11532.92,0.023999999901207048
154,98,Qalpha_keV,6216.760000000009,6216.95,0.18999999999050488
153,99,Sn_keV,5288.852999999886,5288.98,0.1270000001131848
153,99,Sp_keV,4129.4839999999385,4129.37,0.11399999993864185
153,99,S2p_keV,10233.233999999939,10233.3,0.0660000000607397
152,100,Sn_keV,7209.555999999866,7209.61,0.05400000013378303
152,100,Sp_keV,4985.444999999832,4985.62,0.17500000016752892
152,100,S2n_keV,13399.075999999885,13399.25,0.174000000115484
152,100,S2p_keV,8932.575999999885,8932.7,0.1240000001162116
152,100,Qalpha_keV,7152.747999999905,7152.7,0.047999999905186996
150,102,Sp_keV,3384.1959999999963,3384.29,0.09400000000368891
150,102,S2p_keV,5778.595999999903,5778.76,0.16400000009707583
150,102,Qalpha_keV,8548.67600000021,8548.65,0.0260000002108427
155,98,Sn_keV,4804.293000000063,4804.37,0.07699999993656093
155,98,S2n_keV,10976.236999999965,10976.09,0.14699999996446422
155,98,S2p_keV,11924.51500000013,11924.39,0.12500000013096724
155,98,Qalpha_keV,6125.872999999905,6125.95,0.077000000094813
154,99,Sn_keV,6355.426999999909,6355.4,0.026999999909094186
154,99,Sp_keV,4312.966999999946,4313.05,0.08300000005419861
154,99,S2n_keV,11644.279999999795,11644.37,0.09000000020569132
154,99,S2p_keV,10795.397999999812,10795.42,0.02200000018819992
154,99,Qalpha_keV,6739.209000000032,6739.24,0.030999999968116754
153,100,Sn_keV,5541.3340000002645,5541.2,0.1340000002646775
153,100,Sp_keV,5237.9260000002105,5237.85,0.0760000002101151
153,100,S2n_keV,12750.89000000013,12750.81,0.08000000013089448
153,100,S2p_keV,9367.410000000149,9367.22,0.19000000014966645
153,100,Qalpha_keV,7197.8559999999125,7198.04,0.18400000008750794
151,102,Sn_keV,6584.067000000039,6584.01,0.05700000003889727
151,102,S2p_keV,6173.142999999924,6173.13,0.01299999992352241
151,102,Qalpha_keV,8414.632999999914,8414.63,0.0029999999151186785
156,98,Sn_keV,6031.413000000175,6031.48,0.0669999998244748
156,98,S2n_keV,10835.706000000238,10835.85,0.14399999976194522
156,98,Qalpha_keV,5927.0099999997765,5926.89,0.11999999977615516
155,99,Sn_keV,5091.195000000065,5091.26,0.0649999999350257
155,99,Sp_keV,4599.868999999948,4599.94,0.07100000005175389
155,99,S2n_keV,11446.621999999974,11446.66,0.03800000002593151
155,99,Qalpha_keV,6615.804000000004,6615.7,0.10400000000390719
154,100,Sn_keV,6514.257999999914,6514.26,0.0020000000858999556
154,100,Sp_keV,5396.757000000216,5396.71,0.04700000021603046
154,100,S2n_keV,12055.592000000179,12055.47,0.12200000017946877
154,100,S2p_keV,9709.724000000162,9709.76,0.03599999983816815
154,100,Qalpha_keV,7307.491999999853,7307.49,0.001999999853069312
152,102,Sn_keV,7706.69700000016,7706.7,0.0029999998396306182
152,102,S2n_keV,14290.7640000002,14290.71,0.054000000200176146
152,102,S2p_keV,6670.284000000218,6670.22,0.06400000021767482
152,102,Qalpha_keV,8226.299999999814,8226.19,0.10999999981322617
156,99,Sn_keV,5972.749000000069,5972.64,0.10900000006859045
156,99,Sp_keV,4541.204999999842,4541.1,0.10499999984131136
156,99,S2n_keV,11063.944000000134,11063.9,0.04400000013447425
156,99,Qalpha_keV,6436.31799999997,6436.34,0.02200000002994784
155,100,Sn_keV,5174.271999999881,5174.46,0.18800000011924567
155,100,Sp_keV,5479.834000000032,5479.91,0.07599999996818951
155,100,S2n_keV,11688.529999999795,11688.72,0.19000000020423613
155,100,S2p_keV,10079.70299999998,10079.85,0.1470000000208529
155,100,Qalpha_keV,7239.719999999972,7239.72,2.8194335754960775e-11
154,101,Sp_keV,3348.7269999999553,3348.69,0.03699999995524195
154,101,S2p_keV,8745.484000000171,8745.41,0.07400000017150887
154,101,Qalpha_keV,7905.89599999995,7905.88,0.01599999994959944
153,102,Sn_keV,5987.429999999702,5987.43,2.9831426218152046e-10
153,102,S2n_keV,13694.126999999862,13694.13,0.0030000001370353857
153,102,S2p_keV,7116.379999999655,7116.45,0.07000000034440745
153,102,Qalpha_keV,8428.39000000013,8428.4,0.009999999869251042
152,103,Sp_keV,2065.0200000000186,2065.02,1.864464138634503e-11
152,103,Qalpha_keV,8555.679999999702,8555.64,0.03999999970255885
156,100,Sn_keV,6384.239999999991,6384.15,0.08999999999105057
156,100,Sp_keV,5891.324999999953,5891.43,0.10500000004685717
156,100,S2n_keV,11558.511999999871,11558.61,0.09800000012910459
156,100,S2p_keV,10432.529999999795,10432.53,2.0554580260068178e-10
156,100,Qalpha_keV,7027.423999999883,7027.28,0.14399999988290801
154,102,Sn_keV,7056.486000000266,7056.49,0.003999999733423465
154,102,Sp_keV,4309.881000000052,4309.98,0.09899999994740938
154,102,S2n_keV,13043.915999999968,13043.92,0.004000000031737727
154,102,S2p_keV,7658.608000000007,7658.67,0.06199999999262218
154,102,Qalpha_keV,8581.45999999973,8581.52,0.060000000270520104
153,103,Sn_keV,6272.079999999842,6272.02,0.059999999841238605
153,103,Sp_keV,2349.6700000001583,2349.61,0.06000000015819751
152,104,Sp_keV,3014.223999999929,3014.22,0.003999999929419573
152,104,S2p_keV,5079.243999999948,5079.24,0.0039999999480642145
152,104,Qalpha_keV,8925.651999999769,8925.71,0.058000000230094884
157,100,Sn_keV,4968.178000000073,4968.1,0.07800000007227936
157,100,S2n_keV,11352.418000000063,11352.26,0.15800000006311166
157,100,Qalpha_keV,6863.538999999873,6863.55,0.011000000126841769
156,101,Sp_keV,3782.8940000000875,3782.73,0.16400000008752613
156,101,S2n_keV,11992.679000000004,11992.65,0.029000000004089088
156,101,S2p_keV,9674.219000000041,9674.16,0.05900000004112371
156,101,Qalpha_keV,7557.496999999741,7557.6,0.10300000025927147
155,102,Sn_keV,5646.072999999858,5646.12,0.04700000014145189
155,102,S2n_keV,12702.559000000125,12702.61,0.05099999987578485
155,102,S2p_keV,8130.408999999985,8130.34,0.06899999998495332
155,102,Qalpha_keV,8476.721000000136,8476.6,0.1210000001356093
153,104,Sn_keV,6426.8239999997895,6426.94,0.11600000021007872
153,104,Sp_keV,3168.967999999877,3169.14,0.17200000012280725
153,104,S2p_keV,5518.638000000035,5518.75,0.11199999996460974
153,104,Qalpha_keV,9082.895000000019,9082.78,0.11500000001797162
157,101,Sn_keV,5377.576000000117,5377.58,0.003999999882580596
157,101,Sp_keV,4192.292000000132,4192.21,0.08200000013221143
157,101,Qalpha_keV,7271.115999999689,7271.28,0.16400000031080708
154,104,Sn_keV,7596.875999999931,7596.71,0.16599999993104575
154,104,S2n_keV,14023.69999999972,14023.65,0.049999999720967025
154,104,S2p_keV,6059.0279999997,6058.97,0.05799999969985947
154,104,Qalpha_keV,9192.716000000248,9192.77,0.05399999975270475
157,102,Sp_keV,4897.115999999922,4897.19,0.07400000007783092
157,102,S2n_keV,12311.417000000132,12311.32,0.09700000013253884
157,102,S2p_keV,9089.408000000054,9089.4,0.008000000054380507
157,102,Qalpha_keV,7853.833999999799,7854.0,0.16600000020116568
154,105,Sp_keV,1638.9540000001434,1638.99,0.03599999985658542
154,105,Qalpha_keV,9618.782000000123,9618.8,0.017999999876337824
154,106,Sp_keV,2732.3619999999646,2732.43,0.06800000003522655
154,106,S2p_keV,4371.316000000108,4371.43,0.11399999989225762
154,106,Qalpha_keV,9900.644000000088,9900.59,0.0540000000873988
157,104,S2p_keV,7337.957999999868,7337.92,0.037999999867679435
157,104,Qalpha_keV,8646.284999999916,8646.42,0.1350000000838918
155,106,Sn_keV,6613.850000000326,6613.83,0.02000000032603566
155,106,Qalpha_keV,9713.617999999551,9713.7,0.08200000044962508
156,106,Sn_keV,7710.5,7710.59,0.09000000000014552
156,106,S2n_keV,14324.350000000326,14324.42,0.06999999967410986
156,106,Qalpha_keV,9599.993999999482,9599.82,0.1739999994824757
156,108,S2p_keV,3380.529999999795,3380.49,0.03999999979532731
156,108,Qalpha_keV,10590.779999999795,10590.75,0.029999999795109034
157,108,Sn_keV,6734.4550000000745,6734.26,0.19500000007428753
157,108,Qalpha_keV,10470.175000000047,10470.32,0.14499999995314283
158,108,Sn_keV,7835.162999999942,7835.23,0.06700000005730544
158,108,S2n_keV,14569.618000000017,14569.48,0.13800000001720036
158,108,Qalpha_keV,10345.512000000104,10345.69,0.1779999998962012
159,110,Qalpha_keV,11509.68899999978,11509.51,0.1789999997799896
160,110,Sn_keV,8227.82399999979,8227.74,0.08399999978973938
160,110,Qalpha_keV,11117.027999999933,11116.99,0.03799999993316305
