N,Z,observable,derived_keV,official_keV,abs_diff_keV
1,1,Sn_keV,2224.566,2224.57,0.00400000000036016
1,1,Sp_keV,2224.566,2224.57,0.00400000000036016
2,1,Sn_keV,6257.232000000001,6257.23,0.0020000000013169483
2,1,S2n_keV,8481.798,8481.8,0.0019999999985884642
1,2,Sp_keV,5493.477,5493.48,0.0029999999997016857
1,2,S2p_keV,7718.043,7718.04,0.0029999999997016857
3,1,Sn_keV,-1599.9980000000005,-1600.0,0.001999999999497959
3,1,S2n_keV,4657.234,4657.23,0.004000000000814907
2,2,Sn_keV,20577.617,20577.62,0.0030000000006111804
2,2,Sp_keV,19813.862,19813.86,0.0020000000004074536
1,3,Sp_keV,-3102.999,-3103.0,0.0010000000002037268
1,3,S2p_keV,2390.478,2390.48,0.0019999999999527063
4,1,Sn_keV,-200.0000000000009,-200.0,9.094947017729282e-13
4,1,S2n_keV,-1799.9980000000014,-1800.0,0.0019999999985884642
3,2,Sn_keV,-735.0000000000036,-735.0,3.637978807091713e-12
3,2,Sp_keV,20678.859999999997,20678.86,3.637978807091713e-12
3,2,S2n_keV,19842.617,19842.62,0.0030000000006111804
3,2,Qalpha_keV,735.0000000000036,735.0,3.637978807091713e-12
2,3,Sn_keV,21715.615999999995,21715.62,0.004000000004452886
2,3,Sp_keV,-1965.0000000000036,-1965.0,3.637978807091713e-12
2,3,S2p_keV,17848.861999999994,17848.86,0.001999999993131496
2,3,Qalpha_keV,1965.0000000000036,1965.0,3.637978807091713e-12
5,1,Sn_keV,-911.9599999999991,-911.96,9.094947017729282e-13
5,1,S2n_keV,-1111.96,-1111.96,0.0
4,2,Sn_keV,1710.4540000000052,1710.45,0.004000000005135007
4,2,Sp_keV,22589.314000000002,22589.32,0.005999999997584382
4,2,S2n_keV,975.4540000000015,975.45,0.004000000001497028
3,3,Sn_keV,5663.326000000005,5663.32,0.00600000000486034
3,3,Sp_keV,4433.326000000005,4433.32,0.00600000000486034
3,3,S2n_keV,27378.942000000003,27378.94,0.0020000000040454324
3,3,S2p_keV,25112.186,25112.19,0.0039999999971769284
3,3,Qalpha_keV,-1473.760000000002,-1473.76,2.0463630789890885e-12
2,4,Sp_keV,592.8220000000074,592.82,0.0020000000073423507
2,4,S2p_keV,-1372.1779999999962,-1372.18,0.0020000000038180588
5,2,Sn_keV,-409.7150000000038,-409.71,0.005000000003803962
5,2,Sp_keV,23091.558999999997,23091.56,0.0010000000038417056
5,2,S2n_keV,1300.7390000000014,1300.74,0.000999999998612111
4,3,Sn_keV,7251.087000000003,7251.09,0.0029999999969732016
4,3,Sp_keV,9973.959000000003,9973.96,0.000999999996565748
4,3,S2n_keV,12914.413000000008,12914.42,0.006999999992331141
4,3,S2p_keV,32563.273000000005,32563.28,0.00699999999415013
4,3,Qalpha_keV,-2467.6150000000052,-2467.62,0.004999999994652171
3,4,Sn_keV,10677.353999999992,10677.35,0.00399999999171996
3,4,Sp_keV,5606.849999999995,5606.85,5.4569682106375694e-12
3,4,S2p_keV,10040.176,10040.18,0.004000000000814907
3,4,Qalpha_keV,-1587.1329999999944,-1587.13,0.0029999999942447175
2,5,Sp_keV,-2012.547000000006,-2012.55,0.002999999994017344
2,5,S2p_keV,-1419.7249999999985,-1419.72,0.004999999998517524
6,2,Sn_keV,2534.7610000000022,2534.76,0.0010000000020227162
6,2,S2n_keV,2125.0459999999985,2125.05,0.004000000001724402
5,3,Sn_keV,2032.6229999999996,2032.62,0.0029999999997016857
5,3,Sp_keV,12416.297000000006,12416.29,0.0070000000050640665
5,3,S2n_keV,9283.710000000003,9283.71,3.637978807091713e-12
5,3,S2p_keV,35507.856,35507.85,0.006000000001222361
5,3,Qalpha_keV,-6100.236000000004,-6100.24,0.003999999995357939
4,4,Sn_keV,18898.644000000008,18898.64,0.004000000008090865
4,4,Sp_keV,17254.407,17254.4,0.006999999997788109
4,4,S2n_keV,29575.998,29576.0,0.0020000000004074536
4,4,S2p_keV,27228.366,27228.36,0.006000000001222361
4,4,Qalpha_keV,91.83999999999651,91.84,3.495870259939693e-12
3,5,Sn_keV,12826.289000000004,12826.29,0.000999999996565748
3,5,Sp_keV,136.3880000000063,136.39,0.00199999999369993
3,5,S2p_keV,5743.238000000001,5743.24,0.0019999999985884642
3,5,Qalpha_keV,-4826.520000000004,-4826.52,3.637978807091713e-12
2,6,Sp_keV,-98.74299999999857,-98.75,0.007000000001426088
2,6,S2p_keV,-2111.2900000000045,-2111.29,4.547473508864641e-12
7,2,Sn_keV,-1254.8990000000013,-1254.9,0.0009999999988394848
7,2,S2n_keV,1279.862000000001,1279.86,0.0020000000010895747
6,3,Sn_keV,4062.215999999993,4062.22,0.004000000006726623
6,3,Sp_keV,13943.751999999997,13943.75,0.001999999996769475
6,3,S2n_keV,6094.838999999993,6094.84,0.0010000000074796844
6,3,Qalpha_keV,-10362.451999999997,-10362.45,0.001999999996769475
5,4,Sn_keV,1664.531999999992,1664.54,0.008000000007996277
5,4,Sp_keV,16886.31599999999,16886.32,0.004000000008090865
5,4,S2n_keV,20563.176,20563.18,0.004000000000814907
5,4,S2p_keV,29302.612999999998,29302.61,0.0029999999969732016
5,4,Qalpha_keV,-2307.6920000000027,-2307.7,0.007999999997082341
4,5,Sn_keV,18576.405999999995,18576.41,0.004000000004452886
4,5,Sp_keV,-185.85000000000582,-185.85,5.8264504332328215e-12
4,5,S2n_keV,31402.695,31402.7,0.005000000001018634
4,5,S2p_keV,17068.556999999993,17068.56,0.003000000007887138
4,5,Qalpha_keV,-1687.310000000005,-1687.31,5.002220859751105e-12
3,6,Sn_keV,14224.615000000002,14224.62,0.004999999999199645
3,6,Sp_keV,1299.5829999999987,1299.58,0.002999999998792191
3,6,S2p_keV,1435.971000000005,1435.97,0.001000000004978574
8,2,Sn_keV,-165.10099999999875,-165.1,0.0009999999987542196
8,2,S2n_keV,-1420.0,-1420.0,0.0
7,3,Sn_keV,-26.402000000001863,-26.4,0.0020000000018640662
7,3,Sp_keV,15172.248999999996,15172.24,0.008999999996376573
7,3,S2n_keV,4035.813999999991,4035.81,0.003999999991265213
7,3,Qalpha_keV,-11248.009999999995,-11248.01,5.4569682106375694e-12
6,4,Sn_keV,6812.288000000008,6812.28,0.008000000007996277
6,4,Sp_keV,19636.388000000006,19636.39,0.001999999993131496
6,4,S2n_keV,8476.82,8476.82,0.0
6,4,S2p_keV,33580.14,33580.13,0.010000000002037268
6,4,Qalpha_keV,-7409.525999999998,-7409.52,0.005999999997584382
5,5,Sn_keV,8437.120000000003,8437.11,0.010000000002037268
5,5,Sp_keV,6586.738000000005,6586.73,0.008000000005267793
5,5,S2n_keV,27013.525999999998,27013.52,0.005999999997584382
5,5,S2p_keV,23473.053999999996,23473.05,0.0039999999971769284
5,5,Qalpha_keV,-4461.103999999999,-4461.1,0.003999999998995918
4,6,Sn_keV,21283.532999999996,21283.53,0.0029999999969732016
4,6,Sp_keV,4006.709999999999,4006.7,0.009999999999308784
4,6,S2n_keV,35508.148,35508.15,0.0020000000004074536
4,6,S2p_keV,3820.8599999999933,3820.86,6.821210263296962e-12
4,6,Qalpha_keV,-5101.197999999989,-5101.19,0.007999999989806383
3,7,Sp_keV,-2600.1670000000013,-2600.17,0.002999999998792191
3,7,S2p_keV,-1300.5840000000026,-1300.59,0.005999999997357008
8,3,Sn_keV,395.6810000000114,395.69,0.008999999988589025
8,3,Sp_keV,15733.031000000006,15733.03,0.001000000005660695
8,3,S2n_keV,369.27900000000955,369.28,0.0009999999904266588
7,4,Sn_keV,501.6399999999994,501.64,5.684341886080801e-13
7,4,Sp_keV,20164.430000000008,20164.43,7.275957614183426e-12
7,4,S2n_keV,7313.928000000007,7313.92,0.008000000007086783
7,4,S2p_keV,35336.679000000004,35336.67,0.00900000000547152
7,4,Qalpha_keV,-8320.881000000008,-8320.87,0.011000000007697963
6,5,Sn_keV,11454.126000000004,11454.12,0.00600000000304135
6,5,Sp_keV,11228.576000000001,11228.58,0.003999999998995918
6,5,S2n_keV,19891.246000000006,19891.24,0.00600000000486034
6,5,S2p_keV,30864.964000000007,30864.96,0.004000000008090865
6,5,Qalpha_keV,-8664.142999999996,-8664.14,0.0029999999969732016
5,6,Sn_keV,13119.774000000005,13119.78,0.005999999995765393
5,6,Sp_keV,8689.364000000001,8689.37,0.0059999999994033715
5,6,S2n_keV,34403.307,34403.31,0.0029999999969732016
5,6,S2p_keV,15276.102000000006,15276.1,0.002000000005864422
5,6,Qalpha_keV,-7543.618000000002,-7543.62,0.0019999999976789695
4,7,Sn_keV,22567.778,22567.78,0.0020000000004074536
4,7,Sp_keV,-1315.9219999999987,-1315.92,0.0019999999985884642
4,7,S2p_keV,2690.7880000000005,2690.79,0.001999999999497959
4,7,Qalpha_keV,-5797.822999999997,-5797.82,0.0029999999969732016
9,3,Sn_keV,-119.99100000000908,-120.0,0.008999999990919605
9,3,S2n_keV,275.6900000000023,275.69,2.3305801732931286e-12
8,4,Sn_keV,3170.7239999999874,3170.73,0.006000000012591045
8,4,Sp_keV,22939.472999999984,22939.47,0.0029999999824212864
8,4,S2n_keV,3672.363999999987,3672.36,0.003999999986717739
8,4,S2p_keV,38672.503999999986,38672.5,0.003999999986262992
8,4,Qalpha_keV,-8956.84399999999,-8956.84,0.003999999989900971
7,5,Sn_keV,3369.775999999998,3369.78,0.004000000002179149
7,5,Sp_keV,14096.712,14096.72,0.007999999999810825
7,5,S2n_keV,14823.902000000002,14823.91,0.007999999997991836
7,5,S2p_keV,34261.14200000001,34261.15,0.007999999994353857
7,5,Qalpha_keV,-10001.296000000002,-10001.3,0.0039999999971769284
6,6,Sn_keV,18721.614,18721.61,0.004000000000814907
6,6,Sp_keV,15956.851999999999,15956.85,0.0019999999985884642
6,6,S2n_keV,31841.388000000006,31841.39,0.001999999993131496
6,6,S2p_keV,27185.428,27185.43,0.0020000000004074536
6,6,Qalpha_keV,-7366.588000000003,-7366.59,0.001999999996769475
5,7,Sn_keV,15036.890000000007,15036.89,7.275957614183426e-12
5,7,Sp_keV,601.1940000000031,601.19,0.004000000003088644
5,7,S2n_keV,37604.668000000005,37604.67,0.001999999993131496
5,7,S2p_keV,9290.558000000005,9290.56,0.0019999999949504854
5,7,Qalpha_keV,-8008.423999999999,-8008.42,0.003999999998995918
4,8,Sp_keV,-322.07800000000134,-322.08,0.0019999999986453076
4,8,S2p_keV,-1638.0,-1638.0,0.0
4,8,Qalpha_keV,-5574.487999999998,-5574.49,0.002000000002226443
10,3,Sn_keV,-1350.0049999999974,-1350.0,0.004999999997380655
10,3,S2n_keV,-1469.9960000000065,-1470.0,0.00399999999353895
9,4,Sn_keV,-510.0089999999909,-510.0,0.008999999990919605
9,4,Sp_keV,22549.455,22549.47,0.014999999999417923
9,4,S2n_keV,2660.7149999999965,2660.73,0.01500000000351065
9,4,Qalpha_keV,-9701.733999999997,-9701.74,0.00600000000304135
8,5,Sn_keV,4878.626000000004,4878.61,0.016000000004169124
8,5,Sp_keV,15804.614000000016,15804.61,0.0040000000153668225
8,5,S2n_keV,8248.402000000002,8248.4,0.002000000002226443
8,5,S2p_keV,38744.087,38744.08,0.006999999997788109
8,5,Qalpha_keV,-10817.706000000006,-10817.7,0.00600000000486034
7,6,Sn_keV,4946.308999999994,4946.31,0.0010000000065701897
7,6,Sp_keV,17533.384999999995,17533.38,0.0049999999937426765
7,6,S2n_keV,23667.922999999995,23667.92,0.0029999999969732016
7,6,S2p_keV,31630.096999999994,31630.1,0.0030000000042491592
7,6,Qalpha_keV,-10648.365000000005,-10648.36,0.005000000004656613
6,7,Sn_keV,20063.910999999993,20063.91,0.0009999999929277692
6,7,Sp_keV,1943.4909999999945,1943.49,0.000999999994519385
6,7,S2n_keV,35100.801,35100.8,0.000999999996565748
6,7,S2p_keV,17900.342999999993,17900.34,0.002999999993335223
6,7,Qalpha_keV,-9495.929000000004,-9495.92,0.00900000000365253
5,8,Sn_keV,16870.566000000006,16870.57,0.00399999999353895
5,8,Sp_keV,1511.5979999999981,1511.6,0.0020000000017716957
5,8,S2p_keV,2112.7920000000013,2112.8,0.00799999999890133
5,8,Qalpha_keV,-8220.438999999998,-8220.45,0.011000000002240995
10,4,Sn_keV,1775.9030000000057,1775.89,0.013000000005604306
10,4,Sp_keV,25675.363000000005,25675.36,0.0030000000042491592
10,4,S2n_keV,1265.8940000000148,1265.89,0.0040000000146847015
10,4,Qalpha_keV,-11642.738000000005,-11642.73,0.008000000005267793
9,5,Sn_keV,969.7379999999976,969.75,0.012000000002444722
9,5,Sp_keV,17284.361000000004,17284.36,0.0010000000038417056
9,5,S2n_keV,5848.364000000001,5848.36,0.004000000001724402
9,5,S2p_keV,39833.816000000006,39833.83,0.013999999995576218
9,5,Qalpha_keV,-11813.846000000005,-11813.85,0.003999999995357939
8,6,Sn_keV,8176.429000000004,8176.43,0.000999999996565748
8,6,Sp_keV,20831.187999999995,20831.2,0.0120000000060827
8,6,S2n_keV,13122.737999999998,13122.74,0.002000000002226443
8,6,S2p_keV,36635.80200000001,36635.81,0.0079999999870779
8,6,Qalpha_keV,-12012.505999999994,-12012.51,0.0040000000062718755
7,7,Sn_keV,10553.376999999993,10553.38,0.0030000000060681487
7,7,Sp_keV,7550.558999999994,7550.56,0.0010000000065701897
7,7,S2n_keV,30617.287999999986,30617.29,0.002000000014959369
7,7,S2p_keV,25083.94399999999,25083.94,0.003999999989900971
7,7,Qalpha_keV,-11612.185999999987,-11612.19,0.004000000013547833
6,8,Sn_keV,23179.308000000005,23179.3,0.008000000005267793
6,8,Sp_keV,4626.99500000001,4626.99,0.005000000010113581
6,8,S2n_keV,40049.87400000001,40049.87,0.004000000008090865
6,8,S2p_keV,6570.486000000004,6570.48,0.00600000000486034
6,8,Qalpha_keV,-10116.214000000007,-10116.21,0.004000000008090865
5,9,Sp_keV,-1559.994000000006,-1560.0,0.005999999993946403
5,9,S2p_keV,-48.396000000007916,-48.4,0.003999999992082337
5,9,Qalpha_keV,-9260.611999999994,-9260.61,0.001999999993131496
10,5,Sn_keV,2777.0139999999956,2777.01,0.003999999995357939
10,5,Sp_keV,18285.471999999994,18285.48,0.008000000005267793
10,5,S2n_keV,3746.751999999993,3746.76,0.008000000007086783
10,5,S2p_keV,43960.835,43960.84,0.004999999997380655
10,5,Qalpha_keV,-14195.17899999999,-14195.18,0.0010000000111176632
9,6,Sn_keV,1218.0690000000031,1218.07,0.0009999999967931217
9,6,Sp_keV,21079.519,21079.51,0.009000000001833541
9,6,S2n_keV,9394.498000000007,9394.5,0.001999999993131496
9,6,S2p_keV,38363.880000000005,38363.87,0.010000000002037268
9,6,Qalpha_keV,-12728.934999999998,-12728.94,0.0050000000028376235
8,7,Sn_keV,10833.304000000004,10833.3,0.004000000004452886
8,7,Sp_keV,10207.433999999994,10207.42,0.013999999993757228
8,7,S2n_keV,21386.680999999997,21386.68,0.000999999996565748
8,7,S2p_keV,31038.62199999999,31038.62,0.001999999989493517
8,7,Qalpha_keV,-10991.363999999987,-10991.36,0.003999999986262992
7,8,Sn_keV,13223.165999999997,13223.17,0.004000000002633897
7,8,Sp_keV,7296.784000000014,7296.78,0.004000000014457328
7,8,S2n_keV,36402.474,36402.47,0.004000000000814907
7,8,S2p_keV,14847.343000000008,14847.34,0.003000000007887138
7,8,Qalpha_keV,-10219.606,-10219.61,0.004000000000814907
6,9,Sn_keV,23228.913,23228.92,0.006999999997788109
6,9,Sp_keV,-1510.3890000000101,-1510.38,0.009000000010018994
6,9,S2p_keV,3116.6059999999998,3116.61,0.00400000000036016
6,9,Qalpha_keV,-9921.747000000003,-9921.75,0.0029999999969732016
12,4,S2n_keV,-1349.9980000000069,-1350.0,0.001999999993131496
11,5,Sn_keV,-82.95799999999872,-82.97,0.012000000001279432
11,5,S2n_keV,2694.055999999997,2694.05,0.005999999996674887
11,5,Qalpha_keV,-14232.212,-14232.22,0.007999999999810825
10,6,Sn_keV,4250.328999999998,4250.33,0.0010000000020227162
10,6,Sp_keV,22552.834000000003,22552.83,0.004000000000814907
10,6,S2n_keV,5468.398000000001,5468.4,0.0019999999985884642
10,6,S2p_keV,40838.306,40838.31,0.004000000000814907
10,6,Qalpha_keV,-13808.540000000008,-13808.55,0.009999999991123332
9,7,Sn_keV,2488.8360000000102,2488.85,0.013999999989664502
9,7,Sp_keV,11478.201000000001,11478.21,0.008999999998195563
9,7,S2n_keV,13322.140000000014,13322.14,1.4551915228366852e-11
9,7,S2p_keV,32557.72,32557.72,0.0
9,7,Qalpha_keV,-10110.423999999999,-10110.42,0.003999999998995918
8,8,Sn_keV,15663.915999999997,15663.92,0.004000000002633897
8,8,Sp_keV,12127.396000000008,12127.41,0.013999999991938239
8,8,S2n_keV,28887.081999999995,28887.09,0.008000000005267793
8,8,S2p_keV,22334.83,22334.84,0.00999999999839929
8,8,Qalpha_keV,-7161.907999999996,-7161.92,0.012000000004263711
7,9,Sn_keV,14197.871,14197.87,0.0009999999983847374
7,9,Sp_keV,-535.6840000000084,-535.68,0.004000000008431925
7,9,S2n_keV,37426.784,37426.79,0.006000000001222361
7,9,S2p_keV,6761.100000000006,6761.1,5.4569682106375694e-12
7,9,Qalpha_keV,-9082.727999999988,-9082.73,0.00200000001132139
6,10,Sp_keV,109.6310000000085,109.63,0.001000000008502866
6,10,S2p_keV,-1400.7580000000016,-1400.76,0.0019999999983610905
6,10,Qalpha_keV,-10353.456000000006,-10353.46,0.00399999999353895
12,5,Sn_keV,1412.7649999999994,1412.77,0.005000000000563887
12,5,Sp_keV,20965.277000000002,20965.29,0.01299999999901047
12,5,S2n_keV,1329.8070000000007,1329.81,0.0029999999992469384
12,5,Qalpha_keV,-16994.982000000004,-16994.99,0.007999999997991836
11,6,Sn_keV,734.6659999999974,734.67,0.00400000000252021
11,6,Sp_keV,23370.458,23370.46,0.0020000000004074536
11,6,S2n_keV,4984.994999999995,4985.0,0.005000000004656613
11,6,Qalpha_keV,-15053.214999999997,-15053.21,0.004999999997380655
10,7,Sn_keV,5885.1570000000065,5885.15,0.007000000006883056
10,7,Sp_keV,13113.02900000001,13113.02,0.009000000009109499
10,7,S2n_keV,8373.993000000017,8374.0,0.006999999983236194
10,7,S2p_keV,35665.86300000001,35665.85,0.013000000013562385
10,7,Qalpha_keV,-11116.955000000002,-11116.96,0.004999999997380655
9,8,Sn_keV,4143.079999999987,4143.08,1.2732925824820995e-11
9,8,Sp_keV,13781.639999999985,13781.64,1.4551915228366852e-11
9,8,S2n_keV,19806.995999999985,19807.0,0.0040000000153668225
9,8,S2p_keV,25259.840999999986,25259.85,0.009000000012747478
9,8,Qalpha_keV,-6358.678999999989,-6358.69,0.011000000010426447
8,9,Sn_keV,16799.880000000005,16799.87,0.010000000005675247
8,9,Sp_keV,600.2799999999988,600.27,0.009999999998854037
8,9,S2n_keV,30997.751000000004,30997.74,0.011000000002240995
8,9,S2p_keV,12727.676000000007,12727.68,0.00399999999353895
8,9,Qalpha_keV,-5818.697,-5818.69,0.007000000000516593
7,10,Sn_keV,15557.026999999987,15557.02,0.0069999999868741725
7,10,Sp_keV,1468.7869999999966,1468.77,0.016999999996642146
7,10,S2p_keV,933.1029999999882,933.1,0.002999999988219315
7,10,Qalpha_keV,-9039.916999999987,-9039.9,0.01699999998709245
13,5,Sn_keV,-5.001000000003842,-5.0,0.0010000000038417056
13,5,S2n_keV,1407.7639999999956,1407.77,0.006000000004405592
12,6,Sn_keV,4183.979999999996,4183.97,0.009999999995670805
12,6,Sp_keV,26141.672999999995,26141.66,0.012999999995372491
12,6,S2n_keV,4918.645999999993,4918.64,0.0059999999930369086
12,6,S2p_keV,47106.95,47106.95,0.0
12,6,Qalpha_keV,-17461.291999999987,-17461.29,0.0019999999858555384
11,7,Sn_keV,2828.2229999999836,2828.22,0.0029999999837855285
11,7,Sp_keV,15206.585999999996,15206.58,0.005999999995765393
11,7,S2n_keV,8713.37999999999,8713.37,0.009999999989304342
11,7,S2p_keV,38577.043999999994,38577.04,0.00399999999353895
11,7,Qalpha_keV,-12975.439999999988,-12975.43,0.009999999987485353
10,8,Sn_keV,8045.369999999995,8045.37,4.547473508864641e-12
10,8,Sp_keV,15941.852999999974,15941.86,0.007000000026891939
10,8,S2n_keV,12188.449999999983,12188.45,1.8189894035458565e-11
10,8,S2p_keV,29054.881999999983,29054.89,0.00800000001618173
10,8,Qalpha_keV,-6227.619999999995,-6227.62,4.547473508864641e-12
9,9,Sn_keV,9149.907999999996,9149.91,0.0020000000040454324
9,9,Sp_keV,5607.108000000007,5607.09,0.01800000000730506
9,9,S2n_keV,25949.788,25949.78,0.008000000001629815
9,9,S2p_keV,19388.747999999992,19388.74,0.007999999990715878
9,9,Qalpha_keV,-4415.228000000003,-4415.22,0.00800000000253931
8,10,Sn_keV,19254.142999999996,19254.14,0.0029999999969732016
8,10,Sp_keV,3923.0499999999884,3923.05,1.1823431123048067e-11
8,10,S2n_keV,34811.169999999984,34811.17,1.4551915228366852e-11
8,10,S2p_keV,4523.329999999987,4523.32,0.009999999987485353
8,10,Qalpha_keV,-5114.751999999979,-5114.75,0.001999999978579581
7,11,Sp_keV,-1247.5149999999994,-1247.51,0.004999999999427018
7,11,S2p_keV,221.2719999999972,221.26,0.011999999997215127
7,11,Qalpha_keV,-9352.395999999993,-9352.39,0.005999999993946403
13,6,Sn_keV,576.8169999999955,576.83,0.013000000004581125
13,6,Sp_keV,26723.490999999995,26723.49,0.0009999999929277692
13,6,S2n_keV,4760.796999999991,4760.8,0.0030000000087966328
12,7,Sn_keV,5328.960999999996,5328.96,0.0009999999956562533
12,7,Sp_keV,16351.566999999995,16351.57,0.0030000000042491592
12,7,S2n_keV,8157.183999999979,8157.19,0.00600000002032175
12,7,S2p_keV,42493.23999999999,42493.24,7.275957614183426e-12
12,7,Qalpha_keV,-15527.386999999988,-15527.38,0.006999999988693162
11,8,Sn_keV,3955.640000000014,3955.64,1.4097167877480388e-11
11,8,Sp_keV,17069.270000000004,17069.28,0.00999999999476131
11,8,S2n_keV,12001.01000000001,12001.01,9.094947017729282e-12
11,8,S2p_keV,32275.856,32275.86,0.004000000000814907
11,8,Qalpha_keV,-8965.190999999992,-8965.2,0.009000000009109499
10,9,Sn_keV,10431.858000000007,10431.87,0.011999999993349775
10,9,Sp_keV,7993.59600000002,7993.6,0.003999999980806024
10,9,S2n_keV,19581.766000000003,19581.78,0.013999999995576218
10,9,S2p_keV,23935.448999999993,23935.46,0.011000000005878974
10,9,Qalpha_keV,-4013.7820000000065,-4013.8,0.01799999999366264
9,10,Sn_keV,11636.872000000003,11636.89,0.017999999996391125
9,10,Sp_keV,6410.013999999996,6410.03,0.016000000004169124
9,10,S2n_keV,30891.015,30891.03,0.014999999999417923
9,10,S2p_keV,12017.122000000003,12017.12,0.002000000002226443
9,10,Qalpha_keV,-3528.457999999984,-3528.47,0.012000000015632395
8,11,Sn_keV,20178.84700000001,20178.86,0.012999999991734512
8,11,Sp_keV,-322.81099999998696,-322.8,0.010999999986950115
8,11,S2p_keV,3600.2390000000014,3600.25,0.010999999998603016
8,11,Qalpha_keV,-6302.330000000002,-6302.33,1.8189894035458565e-12
7,12,Sp_keV,497.5069999999978,497.51,0.003000000002202796
7,12,S2p_keV,-750.0080000000016,-750.0,0.008000000001629815
14,6,Sn_keV,2926.3330000000133,2926.32,0.013000000013107638
14,6,S2n_keV,3503.1500000000087,3503.15,8.640199666842818e-12
14,6,Qalpha_keV,-22314.440000000002,-22314.44,3.637978807091713e-12
13,7,Sn_keV,2161.722999999998,2161.73,0.007000000001880835
13,7,Sp_keV,17936.472999999998,17936.47,0.0029999999969732016
13,7,S2n_keV,7490.683999999994,7490.69,0.006000000005769834
13,7,S2p_keV,44659.96399999999,44659.96,0.00399999999353895
13,7,Qalpha_keV,-17772.067999999985,-17772.08,0.012000000016996637
12,8,Sn_keV,7608.013999999996,7608.01,0.003999999995357939
12,8,Sp_keV,19348.323000000004,19348.32,0.0030000000042491592
12,8,S2n_keV,11563.65400000001,11563.65,0.004000000009909854
12,8,S2p_keV,35699.89,35699.9,0.010000000002037268
12,8,Qalpha_keV,-12322.87599999999,-12322.88,0.004000000009909854
11,9,Sn_keV,6601.337999999989,6601.34,0.00200000001132139
11,9,Sp_keV,10639.293999999994,10639.29,0.00399999999353895
11,9,S2n_keV,17033.195999999996,17033.21,0.014000000002852175
11,9,S2p_keV,27708.564,27708.57,0.006000000001222361
11,9,Qalpha_keV,-8126.283999999985,-8126.29,0.006000000014864781
10,10,Sn_keV,16865.301999999996,16865.3,0.001999999996769475
10,10,Sp_keV,12843.457999999984,12843.46,0.002000000014959369
10,10,S2n_keV,28502.174,28502.19,0.01599999999962165
10,10,S2p_keV,20837.054000000004,20837.06,0.005999999997584382
10,10,Qalpha_keV,-4729.843999999983,-4729.84,0.003999999982625013
9,11,Sn_keV,14150.10500000001,14150.1,0.005000000010113581
9,11,Sp_keV,2190.4220000000205,2190.42,0.002000000020416337
9,11,S2n_keV,34328.95200000002,34328.96,0.007999999979801942
9,11,S2p_keV,8600.436000000016,8600.45,0.013999999984662281
9,11,Qalpha_keV,-6254.564000000013,-6254.57,0.005999999986670446
8,12,Sn_keV,22341.045,22341.04,0.004999999997380655
8,12,Sp_keV,2659.704999999987,2659.69,0.014999999987139745
8,12,S2p_keV,2336.8940000000002,2336.9,0.005999999999858119
8,12,Qalpha_keV,-8852.40399999998,-8852.4,0.003999999980806024
14,7,Sn_keV,4585.27900000001,4585.26,0.019000000009327778
14,7,Sp_keV,19595.418999999994,19595.42,0.0010000000038417056
14,7,S2n_keV,6747.002000000008,6746.99,0.01200000000790169
14,7,Qalpha_keV,-20944.581999999995,-20944.57,0.011999999995168764
13,8,Sn_keV,3805.5800000000163,3805.58,1.6370904631912708e-11
13,8,Sp_keV,20992.180000000022,20992.17,0.010000000023865141
13,8,S2n_keV,11413.594000000012,11413.59,0.004000000011728844
13,8,S2p_keV,38928.65300000002,38928.65,0.0030000000188010745
13,8,Qalpha_keV,-15393.790000000008,-15393.79,7.275957614183426e-12
12,9,Sn_keV,8101.472999999998,8101.46,0.012999999998100975
12,9,Sp_keV,11132.752999999997,11132.75,0.0029999999969732016
12,9,S2n_keV,14702.810999999987,14702.8,0.01099999998768908
12,9,S2p_keV,30481.076,30481.07,0.006000000001222361
12,9,Qalpha_keV,-10342.599999999977,-10342.6,2.3646862246096134e-11
11,10,Sn_keV,6761.17300000001,6761.16,0.013000000009924406
11,10,Sp_keV,13003.293000000005,13003.28,0.013000000004467438
11,10,S2n_keV,23626.475000000006,23626.46,0.015000000006693881
11,10,S2p_keV,23642.587,23642.57,0.016999999999825377
11,10,Qalpha_keV,-7347.937000000005,-7347.93,0.0070000000050640665
10,11,Sn_keV,17106.56699999998,17106.56,0.006999999979598215
10,11,Sp_keV,2431.6870000000054,2431.68,0.007000000005518814
10,11,S2n_keV,31256.67199999999,31256.66,0.011999999991530785
10,11,S2p_keV,15275.14499999999,15275.13,0.014999999990322976
10,11,Qalpha_keV,-6561.250999999989,-6561.25,0.0009999999892897904
9,12,Sn_keV,14716.47100000002,14716.47,0.0010000000202126103
9,12,Sp_keV,3226.0709999999963,3226.06,0.01099999999632928
9,12,S2n_keV,37057.51600000002,37057.51,0.006000000015774276
9,12,S2p_keV,5416.493000000017,5416.48,0.013000000017200364
9,12,Qalpha_keV,-8011.848000000027,-8011.85,0.0019999999731226126
16,6,S2n_keV,109.99999999998545,110.0,1.4551915228366852e-11
15,7,Sn_keV,1283.7909999999974,1283.81,0.019000000002506567
15,7,S2n_keV,5869.070000000007,5869.07,7.275957614183426e-12
15,7,Qalpha_keV,-22233.373999999996,-22233.37,0.0039999999971769284
14,8,Sn_keV,6849.895999999979,6849.9,0.004000000020823791
14,8,Sp_keV,23256.79699999999,23256.81,0.013000000009924406
14,8,S2n_keV,10655.475999999995,10655.48,0.004000000004452886
14,8,S2p_keV,42852.215999999986,42852.23,0.01400000001740409
14,8,Qalpha_keV,-18059.706000000006,-18059.72,0.013999999995576218
13,9,Sn_keV,5230.3369999999995,5230.33,0.006999999999607098
13,9,Sp_keV,12557.50999999998,12557.5,0.009999999980209395
13,9,S2n_keV,13331.809999999998,13331.79,0.01999999999679858
13,9,S2p_keV,33549.69,33549.67,0.020000000004074536
13,9,Qalpha_keV,-12744.714000000007,-12744.71,0.004000000008090865
12,10,Sn_keV,10364.257000000012,10364.26,0.0029999999878782546
12,10,Sp_keV,15266.07700000002,15266.08,0.002999999980602297
12,10,S2n_keV,17125.430000000022,17125.42,0.010000000023865141
12,10,S2p_keV,26398.830000000016,26398.82,0.010000000016589183
12,10,Qalpha_keV,-9666.824000000022,-9666.81,0.014000000022861059
11,11,Sn_keV,11068.187000000005,11068.2,0.012999999995372491
11,11,Sp_keV,6738.701000000001,6738.71,0.008999999999105057
11,11,S2n_keV,28174.753999999986,28174.76,0.006000000012136297
11,11,S2p_keV,19741.994000000006,19742.0,0.005999999993946403
11,11,Qalpha_keV,-8479.529999999999,-8479.55,0.020000000000436557
10,12,Sn_keV,19384.772999999986,19384.77,0.002999999986059265
10,12,Sp_keV,5504.277000000002,5504.27,0.007000000001426088
10,12,S2n_keV,34101.244000000006,34101.24,0.004000000008090865
10,12,S2p_keV,7935.964000000007,7935.95,0.014000000007399649
10,12,Qalpha_keV,-8142.478000000003,-8142.48,0.001999999996769475
15,8,Sn_keV,2733.9919999999984,2733.98,0.011999999998351996
15,8,Sp_keV,24706.997999999992,24706.99,0.007999999990715878
15,8,S2n_keV,9583.887999999977,9583.88,0.007999999977982952
15,8,Qalpha_keV,-20216.880999999994,-20216.87,0.010999999994965037
14,9,Sn_keV,7551.638000000006,7551.65,0.011999999993349775
14,9,Sp_keV,13259.252000000008,13259.25,0.0020000000076834112
14,9,S2n_keV,12781.975000000006,12781.98,0.0049999999937426765
14,9,S2p_keV,36516.049,36516.06,0.010999999998603016
14,9,Qalpha_keV,-14967.391000000003,-14967.4,0.008999999996376573
13,10,Sn_keV,5200.63499999998,5200.65,0.015000000019426807
13,10,Sp_keV,15236.375,15236.39,0.014999999999417923
13,10,S2n_keV,15564.891999999993,15564.9,0.008000000007086783
13,10,S2p_keV,27793.88499999998,27793.89,0.005000000019208528
13,10,Qalpha_keV,-10911.818999999989,-10911.82,0.0010000000111176632
12,11,Sn_keV,12419.665000000008,12419.65,0.01500000000851287
12,11,Sp_keV,8794.108999999997,8794.11,0.0010000000038417056
12,11,S2n_keV,23487.852000000014,23487.85,0.002000000014959369
12,11,S2p_keV,24060.186000000016,24060.18,0.006000000015774276
12,11,Qalpha_keV,-10467.337,-10467.32,0.016999999999825377
11,12,Sn_keV,13144.627999999997,13144.64,0.012000000002444722
11,12,Sp_keV,7580.7179999999935,7580.72,0.0020000000067739165
11,12,S2n_keV,32529.400999999983,32529.41,0.009000000016385457
11,12,S2p_keV,14319.418999999994,14319.43,0.011000000005878974
11,12,Qalpha_keV,-9650.233999999997,-9650.23,0.0039999999971769284
10,13,Sp_keV,140.95699999999488,140.96,0.0030000000051302322
10,13,S2p_keV,5645.233999999997,5645.23,0.0039999999971769284
10,13,Qalpha_keV,-8606.245999999985,-8606.24,0.005999999984851456
16,8,Sn_keV,4191.572000000015,4191.57,0.002000000014959369
16,8,S2n_keV,6925.564000000013,6925.55,0.014000000012856617
16,8,S2p_keV,49667.78000000001,49667.78,1.4551915228366852e-11
16,8,Qalpha_keV,-21482.119999999995,-21482.12,3.637978807091713e-12
15,9,Sn_keV,3824.8399999999965,3824.83,0.0099999999965803
15,9,Sp_keV,14350.100000000006,14350.1,5.4569682106375694e-12
15,9,S2n_keV,11376.478000000003,11376.48,0.001999999996769475
15,9,S2p_keV,39057.098,39057.09,0.008000000001629815
15,9,Qalpha_keV,-16630.508,-16630.5,0.008000000001629815
14,10,Sn_keV,8868.910999999993,8868.91,0.0009999999929277692
14,10,Sp_keV,16553.647999999986,16553.65,0.002000000014959369
14,10,S2n_keV,14069.545999999973,14069.56,0.014000000026499038
14,10,S2p_keV,29812.899999999994,29812.9,7.275957614183426e-12
14,10,Qalpha_keV,-12172.715999999986,-12172.72,0.004000000013547833
13,11,Sn_keV,6959.421000000002,6959.42,0.0010000000020227162
13,11,Sp_keV,10552.895000000019,10552.88,0.015000000019426807
13,11,S2n_keV,19379.08600000001,19379.07,0.016000000010535587
13,11,S2p_keV,25789.27000000002,25789.28,0.009999999980209395
13,11,Qalpha_keV,-10825.420000000013,-10825.41,0.010000000012951205
12,12,Sn_keV,16531.62400000001,16531.62,0.004000000011728844
12,12,Sp_keV,11692.676999999996,11692.69,0.013000000004467438
12,12,S2n_keV,29676.252000000008,29676.26,0.007999999990715878
12,12,S2p_keV,20486.785999999993,20486.8,0.014000000006490154
12,12,Qalpha_keV,-9316.556000000011,-9316.55,0.006000000012136297
11,13,Sn_keV,14866.99900000001,14867.0,0.0009999999892897904
11,13,Sp_keV,1863.3280000000086,1863.32,0.008000000008678398
11,13,S2p_keV,9444.046000000002,9444.04,0.006000000001222361
11,13,Qalpha_keV,-9323.139999999985,-9323.13,0.009999999985666364
10,14,Sp_keV,3292.6870000000054,3292.69,0.002999999994699465
10,14,S2p_keV,3433.6440000000002,3433.65,0.005999999999858119
10,14,Qalpha_keV,-9239.228000000003,-9239.23,0.001999999996769475
17,8,Sn_keV,-776.015000000014,-776.0,0.015000000013969839
17,8,S2n_keV,3415.5570000000007,3415.57,0.012999999999465217
16,9,Sn_keV,4267.331999999995,4267.33,0.0019999999949504854
16,9,Sp_keV,14425.859999999986,14425.86,1.4551915228366852e-11
16,9,S2n_keV,8092.171999999991,8092.17,0.0019999999913125066
16,9,Qalpha_keV,-16312.560999999987,-16312.57,0.009000000012747478
15,10,Sn_keV,4179.499000000011,4179.48,0.019000000011146767
15,10,Sp_keV,16908.307,16908.3,0.007000000001426088
15,10,S2n_keV,13048.410000000003,13048.4,0.010000000003856258
15,10,S2p_keV,31258.407000000007,31258.4,0.0070000000050640665
15,10,Qalpha_keV,-12546.63499999998,-12546.63,0.004999999981009751
14,11,Sn_keV,9011.164999999979,9011.18,0.015000000021245796
14,11,Sp_keV,10695.149000000005,10695.15,0.0009999999947467586
14,11,S2n_keV,15970.585999999981,15970.6,0.01400000001922308
14,11,S2p_keV,27248.79699999999,27248.8,0.003000000007887138
14,11,Qalpha_keV,-11735.111999999994,-11735.12,0.008000000007086783
13,12,Sn_keV,7330.534000000014,7330.52,0.014000000013766112
13,12,Sp_keV,12063.790000000008,12063.78,0.010000000007494236
13,12,S2n_keV,23862.158000000025,23862.14,0.018000000025494955
13,12,S2p_keV,22616.685000000027,22616.67,0.015000000028521754
13,12,Qalpha_keV,-9885.917000000016,-9885.91,0.007000000015978003
12,13,Sn_keV,16939.880000000005,16939.87,0.010000000005675247
12,13,Sp_keV,2271.5840000000026,2271.57,0.014000000002397428
12,13,S2n_keV,31806.879000000015,31806.87,0.009000000016385457
12,13,S2p_keV,13964.260999999999,13964.25,0.010999999998603016
12,13,Qalpha_keV,-9156.453000000009,-9156.44,0.013000000008105417
11,14,Sn_keV,14988.342000000004,14988.34,0.0020000000040454324
11,14,Sp_keV,3414.029999999999,3414.03,1.3642420526593924e-12
11,14,S2p_keV,5277.358000000007,5277.35,0.008000000007086783
11,14,Qalpha_keV,-9511.098999999987,-9511.1,0.0010000000129366526
18,8,Sn_keV,686.00900000002,686.0,0.009000000020023435
18,8,S2n_keV,-90.00599999999395,-90.0,0.005999999993946403
18,8,Qalpha_keV,-21282.11400000003,-21282.12,0.005999999968480552
17,9,Sn_keV,769.7680000000109,769.77,0.00199999998903877
17,9,Sp_keV,15971.643000000011,15971.63,0.013000000011743396
17,9,S2n_keV,5037.100000000006,5037.1,5.4569682106375694e-12
17,9,Qalpha_keV,-15798.538,-15798.53,0.007999999999810825
16,10,Sn_keV,5532.048999999999,5532.07,0.021000000000640284
16,10,Sp_keV,18173.024000000005,18173.03,0.005999999993946403
16,10,S2n_keV,9711.54800000001,9711.55,0.001999999989493517
16,10,S2p_keV,32598.88399999999,32598.9,0.016000000010535587
16,10,Qalpha_keV,-11228.788,-11228.79,0.0020000000004074536
15,11,Sn_keV,5574.301000000007,5574.28,0.021000000007006747
15,11,Sp_keV,12089.951000000001,12089.94,0.011000000000422006
15,11,S2n_keV,14585.465999999986,14585.46,0.005999999986670446
15,11,S2p_keV,28998.258,28998.25,0.008000000001629815
15,11,Qalpha_keV,-12079.076000000001,-12079.07,0.006000000001222361
14,12,Sn_keV,11093.070000000007,11093.09,0.0199999999931606
14,12,Sp_keV,14145.695000000036,14145.7,0.004999999964638846
14,12,S2n_keV,18423.60400000002,18423.61,0.005999999979394488
14,12,S2p_keV,24840.84400000004,24840.85,0.005999999957566615
14,12,Qalpha_keV,-10614.73000000001,-10614.75,0.01999999998952262
13,13,Sn_keV,11365.263999999996,11365.26,0.003999999995357939
13,13,Sp_keV,6306.313999999984,6306.31,0.003999999983534508
13,13,S2n_keV,28305.144,28305.13,0.013999999999214197
13,13,S2p_keV,18370.103999999992,18370.1,0.00399999999353895
13,13,Qalpha_keV,-9453.529999999999,-9453.51,0.019999999998617568
12,14,Sn_keV,19039.632000000012,19039.62,0.012000000013358658
12,14,Sp_keV,5513.7820000000065,5513.78,0.0020000000067739165
12,14,S2n_keV,34027.97400000002,34027.96,0.01400000001740409
12,14,S2p_keV,7785.366000000009,7785.35,0.016000000008716597
12,14,Qalpha_keV,-9165.958000000013,-9165.95,0.008000000012543751
18,9,Sn_keV,2106.7339999999967,2106.75,0.01600000000325963
18,9,Sp_keV,17392.367999999988,17392.37,0.00200000001132139
18,9,S2n_keV,2876.5020000000077,2876.51,0.007999999992534867
17,10,Sn_keV,1514.9470000000147,1514.94,0.007000000014613761
17,10,Sp_keV,18918.20300000001,18918.21,0.006999999990512151
17,10,S2n_keV,7046.996000000014,7047.0,0.003999999986262992
17,10,S2p_keV,34889.84600000002,34889.84,0.006000000023050234
17,10,Qalpha_keV,-10009.743000000017,-10009.75,0.006999999983236194
16,11,Sn_keV,6728.208000000013,6728.21,0.001999999986765033
16,11,Sp_keV,13286.110000000015,13286.09,0.020000000014988473
16,11,S2n_keV,12302.50900000002,12302.49,0.019000000020241714
16,11,S2p_keV,31459.13400000002,31459.13,0.004000000019004801
16,11,Qalpha_keV,-11255.646000000008,-11255.63,0.016000000008716597
15,12,Sn_keV,6443.410999999964,6443.39,0.020999999963351
15,12,Sp_keV,15014.804999999993,15014.81,0.005000000006475602
15,12,S2n_keV,17536.48099999997,17536.48,0.0009999999710998964
15,12,S2p_keV,27104.755999999994,27104.75,0.005999999993946403
15,12,Qalpha_keV,-11857.505999999994,-11857.49,0.015999999994164682
14,13,Sn_keV,13057.93200000003,13057.95,0.017999999970925273
14,13,Sp_keV,8271.176000000007,8271.17,0.006000000006679329
14,13,S2n_keV,24423.196000000025,24423.22,0.023999999975785613
14,13,S2p_keV,22416.871000000043,22416.87,0.0010000000438594725
14,13,Qalpha_keV,-10091.79700000002,-10091.81,0.012999999979001586
13,14,Sn_keV,13314.717000000004,13314.73,0.012999999995372491
13,14,Sp_keV,7463.235000000015,7463.25,0.014999999984866008
13,14,S2n_keV,32354.349000000017,32354.35,0.0009999999820138328
13,14,S2p_keV,13769.548999999999,13769.56,0.011000000000422006
13,14,Qalpha_keV,-9336.04700000002,-9336.04,0.007000000019615982
12,15,Sp_keV,870.4439999999886,870.45,0.006000000011454176
12,15,S2p_keV,6384.225999999995,6384.24,0.014000000004671165
12,15,Qalpha_keV,-9895.445000000007,-9895.45,0.0049999999937426765
19,9,Sn_keV,-220.00199999997858,-220.0,0.001999999978579581
19,9,S2n_keV,1886.7320000000182,1886.75,0.01799999998183921
18,10,Sn_keV,3815.564999999973,3815.57,0.005000000026939233
18,10,Sp_keV,20627.033999999985,20627.03,0.003999999986262992
18,10,S2n_keV,5330.511999999988,5330.51,0.001999999987674528
18,10,S2p_keV,38019.40199999997,38019.41,0.008000000030733645
18,10,Qalpha_keV,-9633.735999999975,-9633.75,0.014000000024680048
17,11,Sn_keV,3541.957999999984,3541.96,0.0020000000158688636
17,11,Sp_keV,15313.120999999985,15313.11,0.010999999984051101
17,11,S2n_keV,10270.165999999997,10270.17,0.004000000002633897
17,11,S2p_keV,34231.32399999999,34231.32,0.00399999999353895
17,11,Qalpha_keV,-10972.763999999996,-10972.76,0.003999999995357939
16,12,Sn_keV,8503.421000000002,8503.43,0.008999999998195563
16,12,Sp_keV,16790.017999999982,16790.03,0.012000000016996637
16,12,S2n_keV,14946.831999999966,14946.82,0.011999999966064934
16,12,S2p_keV,30076.127999999997,30076.12,0.007999999997991836
16,12,Qalpha_keV,-11492.016000000003,-11492.01,0.00600000000304135
15,13,Sn_keV,7725.095999999961,7725.1,0.004000000039013685
15,13,Sp_keV,9552.861000000004,9552.89,0.02899999999499414
15,13,S2n_keV,20783.02799999999,20783.05,0.02200000000811997
15,13,S2p_keV,24567.665999999997,24567.69,0.024000000001251465
15,13,Qalpha_keV,-10857.47199999998,-10857.49,0.018000000020037987
14,14,Sn_keV,17179.733000000007,17179.72,0.013000000006286427
14,14,Sp_keV,11585.035999999993,11585.02,0.015999999992345693
14,14,S2n_keV,30494.45000000001,30494.45,1.0913936421275139e-11
14,14,S2p_keV,19856.212,19856.19,0.02200000000084401
14,14,Qalpha_keV,-9984.156000000017,-9984.14,0.016000000017811544
13,15,Sn_keV,14496.58600000001,14496.6,0.01399999999011925
13,15,Sp_keV,2052.3129999999946,2052.32,0.007000000005518814
13,15,S2p_keV,9515.54800000001,9515.57,0.021999999989930075
13,15,Qalpha_keV,-9525.032000000007,-9525.04,0.007999999994353857
12,16,Sp_keV,2493.2939999999944,2493.3,0.006000000005769834
12,16,S2p_keV,3363.737999999983,3363.76,0.022000000017214916
12,16,Qalpha_keV,-9096.051999999996,-9096.06,0.008000000003448804
19,10,Sn_keV,963.1070000000182,963.09,0.017000000018128958
19,10,Sp_keV,21810.142999999982,21810.12,0.022999999982857844
19,10,S2n_keV,4778.671999999991,4778.66,0.011999999991530785
19,10,Qalpha_keV,-11372.858000000007,-11372.83,0.02800000000752334
18,11,Sn_keV,4403.016000000003,4403.03,0.013999999996485712
18,11,Sp_keV,15900.572000000015,15900.56,0.012000000015177648
18,11,S2n_keV,7944.973999999987,7944.98,0.006000000012136297
18,11,S2p_keV,36527.606,36527.6,0.006000000001222361
18,11,Qalpha_keV,-11108.448000000004,-11108.45,0.001999999996769475
17,12,Sn_keV,3655.4060000000172,3655.42,0.013999999982843292
17,12,Sp_keV,16903.466000000015,16903.48,0.013999999984662281
17,12,S2n_keV,12158.82700000002,12158.85,0.022999999981038854
17,12,S2p_keV,32216.587,32216.59,0.0030000000006111804
17,12,Qalpha_keV,-10967.92300000001,-10967.94,0.01699999999073043
16,13,Sn_keV,9425.46100000001,9425.45,0.011000000009516953
16,13,Sp_keV,10474.901000000013,10474.9,0.0010000000129366526
16,13,S2n_keV,17150.55699999997,17150.55,0.006999999972322257
16,13,S2p_keV,27264.918999999994,27264.93,0.011000000005878974
16,13,Qalpha_keV,-11271.768000000011,-11271.76,0.008000000010724762
15,14,Sn_keV,8473.582999999984,8473.6,0.01700000001619628
15,14,Sp_keV,12333.523000000016,12333.52,0.0030000000151630957
15,14,S2n_keV,25653.31599999999,25653.32,0.004000000008090865
15,14,S2p_keV,21886.38400000002,21886.41,0.025999999979831045
15,14,Qalpha_keV,-11127.204999999987,-11127.22,0.01500000001215085
14,15,Sn_keV,17876.025999999983,17876.03,0.0040000000153668225
14,15,Sp_keV,2748.6059999999707,2748.63,0.0240000000294458
14,15,S2n_keV,32372.611999999994,32372.62,0.008000000005267793
14,15,S2p_keV,14333.641999999963,14333.64,0.0019999999640276656
14,15,Qalpha_keV,-10461.177999999985,-10461.2,0.022000000015395926
13,16,Sn_keV,15300.931000000011,15300.93,0.0010000000111176632
13,16,Sp_keV,3297.6389999999956,3297.64,0.001000000004296453
13,16,S2p_keV,5349.95199999999,5349.96,0.008000000009815267
13,16,Qalpha_keV,-9408.641000000003,-9408.65,0.008999999996376573
20,10,Sn_keV,3431.527000000002,3431.55,0.022999999998319254
20,10,S2n_keV,4394.63400000002,4394.63,0.004000000019914296
20,10,Qalpha_keV,-14118.37599999999,-14118.38,0.004000000009909854
19,11,Sn_keV,2276.6320000000123,2276.62,0.012000000012449163
19,11,Sp_keV,17214.09700000001,17214.1,0.002999999989697244
19,11,S2n_keV,6679.648000000016,6679.65,0.001999999984036549
19,11,S2p_keV,39024.23999999999,39024.22,0.01999999998952262
19,11,Qalpha_keV,-12615.312000000005,-12615.31,0.002000000005864422
18,12,Sn_keV,6352.231999999989,6352.21,0.02199999998902058
18,12,Sp_keV,18852.682,18852.67,0.012000000002444722
18,12,S2n_keV,10007.638000000006,10007.63,0.008000000007086783
18,12,S2p_keV,34753.254000000015,34753.24,0.01400000001740409
18,12,Qalpha_keV,-11788.106,-11788.09,0.01599999999962165
17,13,Sn_keV,5739.106999999989,5739.11,0.003000000010615622
17,13,Sp_keV,12558.601999999984,12558.59,0.011999999984254828
17,13,S2n_keV,15164.568,15164.56,0.007999999999810825
17,13,S2p_keV,29462.068,29462.08,0.012000000002444722
17,13,Qalpha_keV,-11436.573999999993,-11436.59,0.016000000006897608
16,14,Sn_keV,10609.205000000016,10609.2,0.005000000015570549
16,14,Sp_keV,13517.267000000022,13517.27,0.0029999999787833076
16,14,S2n_keV,19082.788,19082.8,0.011999999998806743
16,14,S2p_keV,23992.168000000034,23992.17,0.0019999999640276656
16,14,Qalpha_keV,-10643.339999999997,-10643.33,0.0099999999965803
15,15,Sn_keV,11319.47199999998,11319.47,0.00199999998039857
15,15,Sp_keV,5594.494999999966,5594.5,0.005000000033760443
15,15,S2n_keV,29195.497999999963,29195.5,0.0020000000367872417
15,15,S2p_keV,17928.017999999982,17928.02,0.0020000000185973477
15,15,Qalpha_keV,-10415.38599999997,-10415.41,0.024000000030355295
14,16,Sn_keV,18973.918999999994,18973.92,0.0010000000038417056
14,16,Sp_keV,4395.5320000000065,4395.53,0.0020000000067739165
14,16,S2n_keV,34274.850000000006,34274.85,7.275957614183426e-12
14,16,S2p_keV,7144.137999999977,7144.15,0.012000000022453605
14,16,Qalpha_keV,-9342.927999999985,-9342.95,0.022000000015395926
21,10,Sn_keV,290.56300000002375,290.55,0.013000000023737357
21,10,S2n_keV,3722.0900000000256,3722.09,2.546585164964199e-11
20,11,Sn_keV,4285.035999999993,4285.05,0.014000000007399649
20,11,Sp_keV,18067.606,18067.61,0.004000000000814907
20,11,S2n_keV,6561.668000000005,6561.68,0.011999999995168764
20,11,Qalpha_keV,-14793.614000000001,-14793.61,0.004000000000814907
19,12,Sn_keV,2309.924000000028,2309.93,0.005999999971663783
19,12,Sp_keV,18885.974000000017,18885.98,0.005999999983032467
19,12,S2n_keV,8662.156000000017,8662.14,0.016000000017811544
19,12,S2p_keV,36100.071000000025,36100.08,0.00899999997636769
19,12,Qalpha_keV,-12583.083000000013,-12583.08,0.0030000000133441063
18,13,Sn_keV,7153.84500000003,7153.84,0.0050000000301224645
18,13,Sp_keV,13360.215000000026,13360.22,0.004999999973733793
18,13,S2n_keV,12892.95200000002,12892.95,0.0020000000185973477
18,13,S2p_keV,32212.897000000026,32212.89,0.007000000026891939
18,13,Qalpha_keV,-11862.21100000001,-11862.22,0.008999999989100615
17,14,Sn_keV,6587.400999999925,6587.39,0.010999999924933945
17,14,Sp_keV,14365.560999999958,14365.55,0.01099999995858525
17,14,S2n_keV,17196.60599999994,17196.59,0.01599999994141399
17,14,S2p_keV,26924.162999999942,26924.15,0.012999999940802809
17,14,Qalpha_keV,-10787.329999999958,-10787.34,0.010000000042055035
16,15,Sn_keV,12311.266999999993,12311.25,0.01699999999254942
16,15,Sp_keV,7296.5569999999425,7296.55,0.006999999942308932
16,15,S2n_keV,23630.738999999972,23630.72,0.018999999971129
16,15,S2p_keV,20813.823999999964,20813.82,0.003999999964435119
16,15,Qalpha_keV,-9668.720999999932,-9668.71,0.010999999933119398
15,16,Sn_keV,13054.829999999987,13054.83,1.2732925824820995e-11
15,16,Sp_keV,6130.890000000014,6130.89,1.3642420526593924e-11
15,16,S2n_keV,32028.74899999998,32028.75,0.0010000000183936208
15,16,S2p_keV,11725.38499999998,11725.39,0.005000000019208528
15,16,Qalpha_keV,-9083.040999999968,-9083.05,0.009000000030937372
14,17,Sp_keV,296.09799999999814,296.09,0.007999999998162366
14,17,S2p_keV,4691.630000000005,4691.61,0.02000000000498403
14,17,Qalpha_keV,-8768.581999999995,-8768.58,0.0019999999949504854
21,11,Sn_keV,1522.6119999999937,1522.59,0.021999999993795427
21,11,Sp_keV,19299.65499999997,19299.65,0.004999999968276825
21,11,S2n_keV,5807.6479999999865,5807.65,0.0020000000131403795
21,11,Qalpha_keV,-16536.227999999974,-16536.21,0.017999999974563252
20,12,Sn_keV,5777.7699999999895,5777.79,0.020000000010441
20,12,Sp_keV,20378.708000000013,20378.71,0.0019999999858555384
20,12,S2n_keV,8087.694000000018,8087.71,0.01599999998234125
20,12,S2p_keV,38446.31400000001,38446.32,0.005999999986670446
20,12,Qalpha_keV,-14545.28800000003,-14545.29,0.001999999971303623
19,13,Sn_keV,4214.870999999985,4214.87,0.0009999999847423169
19,13,Sp_keV,15265.161999999982,15265.16,0.0019999999822175596
19,13,S2n_keV,11368.716000000015,11368.71,0.006000000015774276
19,13,S2p_keV,34151.136,34151.14,0.004000000000814907
19,13,Qalpha_keV,-12535.12400000001,-12535.13,0.005999999988489435
18,14,Sn_keV,9199.955000000075,9199.97,0.014999999924839358
18,14,Sp_keV,16411.671000000002,16411.68,0.008999999998195563
18,14,S2n_keV,15787.356,15787.36,0.004000000000814907
18,14,S2p_keV,29771.886000000028,29771.9,0.013999999973748345
18,14,Qalpha_keV,-11483.86400000003,-11483.87,0.005999999970299541
17,15,Sn_keV,7935.663000000059,7935.65,0.01300000005903712
17,15,Sp_keV,8644.819000000076,8644.81,0.009000000076412107
17,15,S2n_keV,20246.93000000005,20246.9,0.03000000004976755
17,15,S2p_keV,23010.380000000034,23010.36,0.020000000033178367
17,15,Qalpha_keV,-9879.28800000003,-9879.26,0.028000000029351213
16,16,Sn_keV,15044.328000000038,15044.33,0.001999999962208676
16,16,Sp_keV,8863.95100000006,8863.96,0.008999999939987902
16,16,S2n_keV,28099.158000000025,28099.16,0.001999999974941602
16,16,S2p_keV,16160.508000000002,16160.51,0.0019999999985884642
16,16,Qalpha_keV,-6947.635999999999,-6947.65,0.014000000001033186
15,17,Sn_keV,14339.860000000015,14339.87,0.009999999985666364
15,17,Sp_keV,1581.128000000026,1581.12,0.008000000026186171
15,17,S2p_keV,7712.01800000004,7712.01,0.008000000039828592
15,17,Qalpha_keV,-8611.856,-8611.85,0.0059999999994033715
14,18,Sp_keV,2423.1879999999946,2423.2,0.012000000005173206
14,18,S2p_keV,2719.285999999993,2719.28,0.005999999992582161
14,18,Qalpha_keV,-8698.475999999995,-8698.47,0.005999999995765393
21,12,Sn_keV,2280.329999999987,2280.31,0.019999999987248884
21,12,Sp_keV,21136.426000000007,21136.43,0.00399999999353895
21,12,S2n_keV,8058.099999999977,8058.09,0.009999999976571416
21,12,S2p_keV,40436.08099999998,40436.08,0.0009999999747378752
21,12,Qalpha_keV,-15862.510999999999,-15862.51,0.0009999999983847374
20,13,Sn_keV,5441.013000000006,5441.02,0.00699999999415013
20,13,Sp_keV,14928.404999999999,14928.4,0.004999999999199645
20,13,S2n_keV,9655.883999999991,9655.89,0.0060000000084983185
20,13,S2p_keV,35307.11300000001,35307.11,0.003000000011525117
20,13,Qalpha_keV,-13573.121000000014,-13573.12,0.0010000000129366526
19,14,Sn_keV,4507.970999999961,4507.96,0.010999999961313733
19,14,Sp_keV,16704.77099999998,16704.77,0.000999999978375854
19,14,S2n_keV,13707.926000000036,13707.92,0.0060000000357831595
19,14,S2p_keV,31969.93299999996,31969.93,0.0029999999605934136
19,14,Qalpha_keV,-12336.429000000004,-12336.41,0.01900000000387081
18,15,Sn_keV,10103.757999999973,10103.79,0.03200000002834713
18,15,Sp_keV,9548.621999999974,9548.63,0.008000000025276677
18,15,S2n_keV,18039.42100000003,18039.44,0.01899999996749102
18,15,S2p_keV,25960.292999999976,25960.31,0.01700000002529123
18,15,Qalpha_keV,-10557.585000000021,-10557.6,0.01499999997940904
17,16,Sn_keV,8641.661999999953,8641.64,0.021999999953550287
17,16,Sp_keV,9569.949999999953,9569.95,4.729372449219227e-11
17,16,S2n_keV,23685.98999999999,23685.96,0.02999999999155989
17,16,S2p_keV,18214.76900000003,18214.76,0.009000000030937372
17,16,Qalpha_keV,-7115.714999999967,-7115.69,0.024999999967803888
16,17,Sn_keV,15739.986999999965,15739.98,0.0069999999650463
16,17,Sp_keV,2276.786999999953,2276.77,0.0169999999529864
16,17,S2n_keV,30079.84699999998,30079.85,0.0030000000188010745
16,17,S2p_keV,11140.738000000012,11140.74,0.001999999987674528
16,17,Qalpha_keV,-6475.816999999981,-6475.8,0.01699999998072599
15,18,Sn_keV,15255.258999999991,15255.26,0.0010000000092986738
15,18,Sp_keV,3338.5869999999704,3338.59,0.003000000029715011
15,18,S2p_keV,4919.7149999999965,4919.71,0.0049999999964711606
15,18,Qalpha_keV,-8652.803999999975,-8652.8,0.003999999975349056
22,12,Sn_keV,4710.146000000008,4710.17,0.023999999992156518
22,12,S2n_keV,6990.475999999995,6990.48,0.004000000004452886
22,12,Qalpha_keV,-17141.130000000005,-17141.14,0.00999999999476131
21,13,Sn_keV,2671.9749999999767,2671.99,0.015000000023064786
21,13,Sp_keV,15320.049999999988,15320.08,0.030000000011568773
21,13,S2n_keV,8112.987999999983,8113.01,0.022000000017214916
21,13,S2p_keV,36456.475999999995,36456.5,0.024000000004889444
21,13,Qalpha_keV,-13968.463999999978,-13968.49,0.026000000021667802
20,14,Sn_keV,7513.71100000001,7513.72,0.00899999999001011
20,14,Sp_keV,18777.468999999983,18777.47,0.0010000000183936208
20,14,S2n_keV,12021.681999999972,12021.68,0.001999999971303623
20,14,S2p_keV,33705.87399999998,33705.86,0.013999999981024303
20,14,Qalpha_keV,-13497.907999999996,-13497.92,0.012000000004263711
19,15,Sn_keV,6282.691999999981,6282.67,0.021999999980835128
19,15,Sp_keV,11323.342999999993,11323.34,0.002999999993335223
19,15,S2n_keV,16386.449999999953,16386.46,0.010000000045693014
19,15,S2p_keV,28028.113999999972,28028.11,0.003999999971711077
19,15,Qalpha_keV,-11101.169999999984,-11101.16,0.009999999983847374
18,16,Sn_keV,11417.141999999993,11417.16,0.01800000000730506
18,16,Sp_keV,10883.333999999973,10883.32,0.013999999973748345
18,16,S2n_keV,20058.803999999946,20058.79,0.013999999944644514
18,16,S2p_keV,20431.955999999947,20431.95,0.005999999946652679
18,16,Qalpha_keV,-7923.651999999944,-7923.65,0.001999999944018782
17,17,Sn_keV,11508.065000000002,11508.07,0.004999999997380655
17,17,Sp_keV,5143.190000000002,5143.2,0.009999999997489795
17,17,S2n_keV,27248.051999999967,27248.05,0.0019999999676656444
17,17,S2p_keV,14713.139999999956,14713.15,0.010000000043874024
17,17,Qalpha_keV,-6664.410000000033,-6664.39,0.020000000032268872
16,18,Sn_keV,17065.333000000013,17065.32,0.013000000013562385
16,18,Sp_keV,4663.933000000019,4663.93,0.0030000000188010745
16,18,S2n_keV,32320.592000000004,32320.58,0.012000000002444722
16,18,S2p_keV,6940.719999999972,6940.7,0.01999999997224222
16,18,Qalpha_keV,-6744.2179999999935,-6744.2,0.01799999999366264
23,12,Sn_keV,754.8949999999895,754.88,0.014999999989527169
23,12,S2n_keV,5465.040999999997,5465.05,0.009000000002743036
23,12,Qalpha_keV,-17605.46199999997,-17605.47,0.008000000030733645
22,13,Sn_keV,5222.255999999994,5222.25,0.005999999993946403
22,13,Sp_keV,15832.159999999974,15832.15,0.009999999974752427
22,13,S2n_keV,7894.230999999971,7894.23,0.0009999999710998964
22,13,Qalpha_keV,-14905.68399999998,-14905.68,0.003999999978987034
21,14,Sn_keV,2475.002000000037,2474.99,0.01200000003700552
21,14,Sp_keV,18580.496000000043,18580.47,0.026000000041676685
21,14,S2n_keV,9988.713000000047,9988.71,0.003000000047904905
21,14,S2p_keV,33900.54600000003,33900.54,0.006000000030326191
21,14,Qalpha_keV,-13662.986000000034,-13662.98,0.00600000003396417
20,15,Sn_keV,8380.390000000014,8380.41,0.019999999985884642
20,15,Sp_keV,12190.021999999997,12190.03,0.008000000003448804
20,15,S2n_keV,14663.081999999995,14663.08,0.0019999999949504854
20,15,S2p_keV,30967.49099999998,30967.5,0.009000000020023435
20,15,Qalpha_keV,-12327.714999999967,-12327.73,0.015000000032159733
19,16,Sn_keV,6985.853000000061,6985.84,0.01300000006085611
19,16,Sp_keV,11586.495000000054,11586.49,0.005000000053769327
19,16,S2n_keV,18402.995000000054,18403.0,0.004999999946448952
19,16,S2p_keV,22909.838000000047,22909.83,0.00800000004528556
19,16,Qalpha_keV,-8322.104000000108,-8322.1,0.004000000108135282
18,17,Sn_keV,12644.785000000033,12644.77,0.015000000032159733
18,17,Sp_keV,6370.833000000042,6370.82,0.013000000042666215
18,17,S2n_keV,24152.850000000035,24152.84,0.010000000034779077
18,17,S2p_keV,17254.167000000016,17254.13,0.03700000001481385
18,17,Qalpha_keV,-6997.928000000073,-6997.91,0.01800000007278868
17,18,Sn_keV,12740.427000000025,12740.43,0.002999999975145329
17,18,Sp_keV,5896.295000000042,5896.29,0.005000000041945896
17,18,S2n_keV,29805.76000000004,29805.75,0.010000000038417056
17,18,S2p_keV,11039.485000000044,11039.5,0.014999999955762178
17,18,Qalpha_keV,-6429.8150000000605,-6429.8,0.015000000060354068
16,19,Sp_keV,83.55200000002515,83.57,0.01799999997484747
16,19,S2p_keV,4747.485000000044,4747.49,0.004999999955543899
16,19,Qalpha_keV,-6531.6720000000205,-6531.68,0.007999999979801942
24,12,Sn_keV,3330.9290000000037,3330.94,0.01099999999632928
24,12,S2n_keV,4085.8239999999932,4085.82,0.003999999993084202
23,13,Sn_keV,1901.1200000000536,1901.1,0.020000000053641998
23,13,Sp_keV,16978.38500000004,16978.37,0.01500000003943569
23,13,S2n_keV,7123.3760000000475,7123.35,0.026000000047133653
23,13,Qalpha_keV,-15284.19200000004,-15284.19,0.002000000038606231
22,14,Sn_keV,6104.219999999972,6104.24,0.0200000000277214
22,14,Sp_keV,19462.46000000002,19462.46,2.1827872842550278e-11
22,14,S2n_keV,8579.222000000009,8579.23,0.007999999990715878
22,14,S2p_keV,35294.619999999995,35294.61,0.00999999999476131
22,14,Qalpha_keV,-13989.435999999987,-13989.43,0.005999999986670446
21,15,Sn_keV,3464.5680000000284,3464.55,0.01800000002822344
21,15,Sp_keV,13179.587999999989,13179.6,0.012000000011539669
21,15,S2n_keV,11844.958000000042,11844.96,0.001999999956751708
21,15,S2p_keV,31760.08400000003,31760.07,0.014000000031956006
21,15,Qalpha_keV,-11577.412000000011,-11577.42,0.007999999988896889
20,16,Sn_keV,9889.218999999925,9889.22,0.0010000000747822924
20,16,Sp_keV,13095.323999999964,13095.3,0.023999999964871677
20,16,S2n_keV,16875.071999999986,16875.07,0.0019999999858555384
20,16,S2p_keV,25285.34599999996,25285.34,0.005999999961204594
20,16,Qalpha_keV,-9011.367999999959,-9011.35,0.017999999958192348
19,17,Sn_keV,8579.787000000011,8579.79,0.002999999989697244
19,17,Sp_keV,7964.766999999993,7964.77,0.003000000007887138
19,17,S2n_keV,21224.572000000044,21224.56,0.012000000042462489
19,17,S2p_keV,19551.262000000046,19551.26,0.002000000047701178
19,17,Qalpha_keV,-7642.052000000025,-7642.06,0.007999999975254468
18,18,Sn_keV,15255.448999999964,15255.45,0.0010000000365835149
18,18,Sp_keV,8506.958999999973,8506.97,0.011000000025887857
18,18,S2n_keV,27995.87599999999,27995.88,0.004000000011728844
18,18,S2p_keV,14877.792000000016,14877.79,0.002000000014959369
18,18,Qalpha_keV,-6640.935999999987,-6640.92,0.015999999986888724
17,19,Sn_keV,14315.483999999997,14315.49,0.00600000000304135
17,19,Sp_keV,1658.6089999999967,1658.63,0.02100000000336877
17,19,S2p_keV,7554.904000000039,7554.92,0.015999999961422873
17,19,Qalpha_keV,-6507.296000000031,-6507.31,0.013999999969200871
16,20,Sp_keV,2567.243999999948,2567.23,0.013999999947827746
16,20,S2p_keV,2650.795999999973,2650.8,0.004000000027190254
16,20,Qalpha_keV,-6675.728000000003,-6675.72,0.00800000000253931
24,13,Sn_keV,4212.1149999999325,4212.14,0.025000000067848305
24,13,Sp_keV,17859.570999999967,17859.56,0.010999999965861207
24,13,S2n_keV,6113.234999999986,6113.24,0.00500000001375156
23,14,Sn_keV,2272.286000000022,2272.28,0.006000000021685992
23,14,Sp_keV,19833.62599999999,19833.64,0.014000000010128133
23,14,S2n_keV,8376.505999999994,8376.52,0.014000000006490154
23,14,S2p_keV,36812.01100000003,36812.01,0.0010000000256695785
23,14,Qalpha_keV,-13981.39200000005,-13981.41,0.0179999999490974
22,15,Sn_keV,6816.3979999999865,6816.39,0.007999999986168405
22,15,Sp_keV,13891.766000000003,13891.75,0.01600000000325963
22,15,S2n_keV,10280.966000000015,10280.95,0.016000000014173565
22,15,S2p_keV,33354.226000000024,33354.21,0.016000000025087502
22,15,Qalpha_keV,-12952.79700000002,-12952.79,0.007000000019615982
21,16,Sn_keV,4303.591000000015,4303.6,0.008999999985462637
21,16,Sp_keV,13934.34699999995,13934.35,0.0030000000497238943
21,16,S2n_keV,14192.80999999994,14192.83,0.020000000060463208
21,16,S2p_keV,27113.93499999994,27113.95,0.015000000061263563
21,16,Qalpha_keV,-8806.988000000012,-8807.0,0.011999999987892807
20,17,Sn_keV,10310.80800000002,10310.82,0.011999999980616849
20,17,Sp_keV,8386.356000000087,8386.37,0.013999999913721695
20,17,S2n_keV,18890.59500000003,18890.62,0.024999999968713382
20,17,S2p_keV,21481.68000000005,21481.67,0.010000000052968971
20,17,Qalpha_keV,-7849.102000000072,-7849.09,0.012000000071566319
19,18,Sn_keV,8787.418999999994,8787.43,0.011000000005878974
19,18,Sp_keV,8714.590999999957,8714.6,0.009000000043670298
19,18,S2n_keV,24042.86799999996,24042.87,0.0020000000404252205
19,18,S2p_keV,16679.35799999995,16679.37,0.012000000049738446
19,18,Qalpha_keV,-6786.693000000028,-6786.71,0.01699999997163104
18,19,Sn_keV,15454.454999999958,15454.45,0.004999999957362888
18,19,Sp_keV,1857.6149999999907,1857.63,0.015000000009422365
18,19,S2n_keV,29769.938999999955,29769.94,0.0010000000438594725
18,19,S2p_keV,10364.573999999964,10364.6,0.026000000036219717
18,19,Qalpha_keV,-6221.764000000025,-6221.78,0.015999999975065293
17,20,Sn_keV,14756.228000000061,14756.23,0.001999999938561814
17,20,Sp_keV,3007.988000000012,3007.97,0.018000000012307282
17,20,S2p_keV,4666.597000000009,4666.6,0.0029999999915162334
17,20,Qalpha_keV,-6176.697000000044,-6176.69,0.007000000044172339
25,13,Sn_keV,1671.0310000000172,1671.02,0.011000000017247658
25,13,S2n_keV,5883.14599999995,5883.16,0.0140000000501459
24,14,Sn_keV,5647.335999999952,5647.33,0.005999999952109647
24,14,Sp_keV,21268.84700000001,21268.83,0.017000000007101335
24,14,S2n_keV,7919.621999999974,7919.61,0.011999999974250386
24,14,S2p_keV,39128.417999999976,39128.4,0.017999999974563252
24,14,Qalpha_keV,-14918.581999999995,-14918.56,0.021999999995387043
23,15,Sn_keV,3744.7600000000093,3744.77,0.009999999990668584
23,15,Sp_keV,15364.23999999999,15364.24,9.094947017729282e-12
23,15,S2n_keV,10561.157999999996,10561.16,0.0020000000040454324
23,15,S2p_keV,35197.86599999998,35197.88,0.01400000001740409
23,15,Qalpha_keV,-14025.582000000053,-14025.57,0.012000000053376425
22,16,Sn_keV,8036.083000000042,8036.09,0.006999999957770342
22,16,Sp_keV,15154.032000000007,15154.05,0.017999999992753146
22,16,S2n_keV,12339.674000000057,12339.7,0.025999999943451257
22,16,S2p_keV,29045.79800000001,29045.8,0.001999999989493517
22,16,Qalpha_keV,-9329.360000000044,-9329.37,0.009999999956562533
21,17,Sn_keV,6107.879999999946,6107.88,5.3660187404602766e-11
21,17,Sp_keV,10190.645000000019,10190.65,0.004999999981009751
21,17,S2n_keV,16418.687999999966,16418.7,0.012000000035186531
21,17,S2p_keV,24124.99199999997,24125.0,0.008000000030733645
21,17,Qalpha_keV,-7674.290000000037,-7674.3,0.009999999962928996
20,18,Sn_keV,11838.497000000032,11838.49,0.0070000000323489076
20,18,Sp_keV,10242.27999999997,10242.27,0.009999999969295459
20,18,S2n_keV,20625.916000000027,20625.91,0.0060000000266882125
20,18,S2p_keV,18628.636000000057,18628.64,0.003999999942607246
20,18,Qalpha_keV,-7208.048000000068,-7208.04,0.008000000068022928
19,19,Sn_keV,12071.865000000049,12071.87,0.00499999995190592
19,19,Sp_keV,5142.061000000045,5142.08,0.018999999954758096
19,19,S2n_keV,27526.320000000007,27526.32,7.275957614183426e-12
19,19,S2p_keV,13856.652000000002,13856.68,0.027999999998428393
19,19,Qalpha_keV,-6785.564000000071,-6785.58,0.015999999928681063
18,20,Sn_keV,16993.76199999993,16993.75,0.011999999929685146
18,20,Sp_keV,4547.294999999984,4547.27,0.024999999983265297
18,20,S2n_keV,31749.98999999999,31749.98,0.009999999991123332
18,20,S2p_keV,6404.909999999974,6404.9,0.009999999974752427
18,20,Qalpha_keV,-6105.125999999989,-6105.12,0.00599999998939893
25,14,Sn_keV,1580.6790000000037,1580.67,0.00900000000365253
25,14,Sp_keV,21178.494999999995,21178.48,0.014999999995779945
25,14,S2n_keV,7228.014999999956,7228.0,0.014999999955762178
25,14,Qalpha_keV,-15744.36599999998,-15744.35,0.015999999979612767
24,15,Sn_keV,6231.023999999976,6231.03,0.006000000023959728
24,15,Sp_keV,15947.928000000014,15947.94,0.011999999986073817
24,15,S2n_keV,9975.783999999985,9975.8,0.016000000014173565
24,15,S2p_keV,37216.77500000002,37216.78,0.004999999975552782
24,15,Qalpha_keV,-15034.350000000035,-15034.36,0.00999999996565748
23,16,Sn_keV,4372.500999999989,4372.48,0.020999999989726348
23,16,Sp_keV,15781.772999999986,15781.76,0.012999999986277544
23,16,S2n_keV,12408.584000000032,12408.57,0.014000000031956006
23,16,S2p_keV,31146.012999999977,31146.0,0.012999999977182597
23,16,Qalpha_keV,-11226.858999999997,-11226.86,0.0010000000038417056
22,17,Sn_keV,8073.438000000024,8073.42,0.018000000023675966
22,17,Sp_keV,10228.0,10227.98,0.020000000000436557
22,17,S2n_keV,14181.31799999997,14181.3,0.017999999970925273
22,17,S2p_keV,25382.032000000007,25382.03,0.0020000000076834112
22,17,Qalpha_keV,-7367.338000000047,-7367.32,0.01800000004732283
21,18,Sn_keV,6598.681999999972,6598.69,0.00800000002800516
21,18,Sp_keV,10733.081999999995,10733.07,0.011999999995168764
21,18,S2n_keV,18437.179000000004,18437.18,0.000999999996565748
21,18,S2p_keV,20923.727000000014,20923.72,0.007000000012340024
21,18,Qalpha_keV,-6820.876999999979,-6820.89,0.013000000021747837
20,19,Sn_keV,13077.77099999995,13077.75,0.02099999994970858
20,19,Sp_keV,6381.334999999963,6381.34,0.005000000037398422
20,19,S2n_keV,25149.636,25149.63,0.005999999997584382
20,19,S2p_keV,16623.614999999932,16623.61,0.004999999931897037
20,19,Qalpha_keV,-7218.549999999988,-7218.57,0.020000000011350494
19,20,Sn_keV,13295.496000000043,13295.52,0.02399999995759572
19,20,Sp_keV,5770.925999999978,5770.92,0.005999999977575499
19,20,S2n_keV,30289.257999999973,30289.27,0.012000000027910573
19,20,S2p_keV,10912.987000000023,10913.0,0.012999999977182597
19,20,Qalpha_keV,-6660.195000000007,-6660.21,0.01499999999305146
18,21,Sp_keV,-596.8499999999767,-596.82,0.029999999976666913
18,21,S2p_keV,3950.445000000007,3950.45,0.004999999992833182
18,21,Qalpha_keV,-5424.723999999987,-5424.74,0.016000000012354576
26,14,Sn_keV,4961.978999999992,4961.99,0.011000000007697963
26,14,S2n_keV,6542.657999999996,6542.66,0.0020000000040454324
26,14,Qalpha_keV,-17375.41599999997,-17375.39,0.02599999996891711
25,15,Sn_keV,3316.4899999999907,3316.47,0.019999999990886863
25,15,Sp_keV,17683.739,17683.75,0.010999999998603016
25,15,S2n_keV,9547.513999999966,9547.5,0.013999999966472387
25,15,S2p_keV,38862.234,38862.22,0.013999999995576218
25,15,Qalpha_keV,-16449.719999999972,-16449.72,2.9103830456733704e-11
24,16,Sn_keV,7746.820999999996,7746.82,0.000999999996565748
24,16,Sp_keV,17297.570000000007,17297.54,0.030000000006111804
24,16,S2n_keV,12119.321999999986,12119.29,0.031999999984691385
24,16,S2p_keV,33245.49800000002,33245.49,0.008000000023457687
24,16,Qalpha_keV,-12869.460000000021,-12869.44,0.02000000002044544
23,17,Sn_keV,5828.921999999962,5828.94,0.018000000037318387
23,17,Sp_keV,11684.420999999973,11684.44,0.01900000002751767
23,17,S2n_keV,13902.359999999986,13902.36,1.4551915228366852e-11
23,17,S2p_keV,27466.19399999996,27466.2,0.006000000041240128
23,17,Qalpha_keV,-9731.69199999998,-9731.7,0.008000000019819709
22,18,Sn_keV,9869.038,9869.02,0.018000000000029104
22,18,Sp_keV,12528.681999999972,12528.67,0.011999999971521902
22,18,S2n_keV,16467.719999999972,16467.71,0.009999999972933438
22,18,S2p_keV,22756.68199999997,22756.65,0.03199999997013947
22,18,Qalpha_keV,-6800.6960000000545,-6800.69,0.006000000054882548
21,19,Sn_keV,7799.625,7799.62,0.005000000000109139
21,19,Sp_keV,7582.277999999991,7582.27,0.007999999990715878
21,19,S2n_keV,20877.39599999995,20877.37,0.025999999950727215
21,19,S2p_keV,18315.359999999986,18315.35,0.009999999987485353
21,19,Qalpha_keV,-6438.387999999977,-6438.39,0.002000000023144821
20,20,Sn_keV,15635.030000000028,15635.0,0.030000000027939677
20,20,Sp_keV,8328.185000000056,8328.17,0.015000000055806595
20,20,S2n_keV,28930.52600000007,28930.52,0.006000000070343958
20,20,S2p_keV,14709.520000000019,14709.51,0.010000000018408173
20,20,Qalpha_keV,-7039.776000000071,-7039.76,0.016000000070562237
19,21,Sn_keV,14421.976000000024,14421.94,0.03600000002370507
19,21,Sp_keV,529.6300000000047,529.6,0.030000000004633876
19,21,S2p_keV,6300.555999999982,6300.52,0.035999999981868314
19,21,Qalpha_keV,-5531.216000000015,-5531.19,0.02600000001530134
18,22,Sp_keV,1966.6560000000172,1966.65,0.006000000017138518
18,22,S2p_keV,1369.8060000000405,1369.83,0.02399999995941471
18,22,Qalpha_keV,-4824.136000000057,-4824.15,0.013999999942825525
27,14,Sn_keV,1381.3330000000424,1381.33,0.0030000000424479367
27,14,S2n_keV,6343.3120000000345,6343.32,0.007999999965250026
26,15,Sn_keV,4976.671000000031,4976.66,0.011000000031344825
26,15,Sp_keV,17698.43100000004,17698.42,0.011000000042258762
26,15,S2n_keV,8293.161000000022,8293.13,0.031000000022686436
26,15,Qalpha_keV,-17214.27600000007,-17214.25,0.026000000070780516
25,16,Sn_keV,4242.035000000033,4242.05,0.014999999967585609
25,16,Sp_keV,18223.11500000005,18223.12,0.004999999950086931
25,16,S2n_keV,11988.856000000029,11988.87,0.013999999971929356
25,16,S2p_keV,35906.85400000005,35906.87,0.015999999952327926
25,16,Qalpha_keV,-14839.209000000032,-14839.21,0.0009999999674619175
24,17,Sn_keV,7820.719000000041,7820.69,0.02900000004137837
24,17,Sp_keV,11758.319000000018,11758.31,0.009000000018204446
24,17,S2n_keV,13649.641000000003,13649.63,0.011000000004059984
24,17,S2p_keV,29055.889000000025,29055.86,0.02900000002409797
24,17,Qalpha_keV,-10736.013000000035,-10736.0,0.013000000035390258
23,18,Sn_keV,6098.891999999993,6098.93,0.03800000000774162
23,18,Sp_keV,12798.652000000002,12798.66,0.007999999997991836
23,18,S2n_keV,15967.929999999993,15967.95,0.020000000007712515
23,18,S2p_keV,24483.072999999975,24483.1,0.027000000023690518
23,18,Qalpha_keV,-8595.997000000032,-8596.01,0.01299999996808765
22,19,Sn_keV,10095.352000000014,10095.37,0.017999999987296178
22,19,Sp_keV,7808.592000000004,7808.62,0.02799999999569991
22,19,S2n_keV,17894.977000000014,17894.99,0.012999999988096533
22,19,S2p_keV,20337.273999999976,20337.29,0.016000000025087502
22,19,Qalpha_keV,-6222.931999999972,-6222.94,0.00800000002800516
21,20,Sn_keV,8362.785999999964,8362.82,0.03400000003603054
21,20,Sp_keV,8891.34600000002,8891.37,0.02399999998124258
21,20,S2n_keV,23997.81599999999,23997.82,0.004000000008090865
21,20,S2p_keV,16473.62400000001,16473.64,0.015999999988707714
21,20,Qalpha_keV,-6615.14300000004,-6615.15,0.006999999959589331
20,21,Sn_keV,16190.358000000007,16190.39,0.03199999999196734
20,21,Sp_keV,1084.9579999999842,1085.0,0.042000000015832484
20,21,S2n_keV,30612.33400000003,30612.33,0.004000000029918738
20,21,S2p_keV,9413.14300000004,9413.16,0.01699999995980761
20,21,Qalpha_keV,-6267.119000000064,-6267.13,0.010999999935847882
19,22,Sn_keV,14918.467999999993,14918.47,0.002000000005864422
19,22,Sp_keV,2463.1479999999865,2463.17,0.022000000013576937
19,22,S2p_keV,2992.777999999991,2992.78,0.0020000000090476533
19,22,Qalpha_keV,-4986.375999999989,-4986.39,0.014000000011037628
27,15,Sn_keV,2081.780999999959,2081.81,0.029000000040923624
27,15,Sp_keV,18398.878999999957,18398.9,0.02100000004429603
27,15,S2n_keV,7058.45199999999,7058.47,0.018000000010033546
27,15,Qalpha_keV,-17625.026000000013,-17625.03,0.003999999986262992
26,16,Sn_keV,6700.499000000011,6700.49,0.009000000010928488
26,16,Sp_keV,19946.94300000003,19946.95,0.006999999972322257
26,16,S2n_keV,10942.534000000043,10942.53,0.0040000000426516635
26,16,S2p_keV,37645.37400000007,37645.37,0.004000000066298526
26,16,Qalpha_keV,-15892.37200000009,-15892.36,0.012000000089756213
25,17,Sn_keV,5677.078999999969,5677.12,0.04100000003109017
25,17,Sp_keV,13193.362999999954,13193.38,0.017000000045300112
25,17,S2n_keV,13497.79800000001,13497.81,0.011999999989711796
25,17,S2p_keV,31416.478000000003,31416.51,0.03199999999560532
25,17,Qalpha_keV,-12668.331999999995,-12668.35,0.018000000005486072
24,18,Sn_keV,9426.494000000006,9426.49,0.0040000000062718755
24,18,Sp_keV,14404.426999999967,14404.46,0.033000000032188836
24,18,S2n_keV,15525.385999999999,15525.41,0.024000000001251465
24,18,S2p_keV,26162.745999999985,26162.77,0.02400000001580338
24,18,Qalpha_keV,-9986.407999999996,-9986.4,0.007999999996172846
23,19,Sn_keV,7533.799999999988,7533.8,1.1823431123048067e-11
23,19,Sp_keV,9243.5,9243.49,0.010000000000218279
23,19,S2n_keV,17629.152000000002,17629.17,0.017999999996391125
23,19,S2p_keV,22042.152000000002,22042.15,0.0020000000004074536
23,19,Qalpha_keV,-7648.8520000000135,-7648.86,0.007999999986168405
22,20,Sn_keV,11480.700000000012,11480.67,0.030000000011568773
22,20,Sp_keV,10276.694000000018,10276.67,0.02400000001762237
22,20,S2n_keV,19843.485999999975,19843.49,0.004000000026280759
22,20,S2p_keV,18085.286000000022,18085.29,0.003999999978987034
22,20,Qalpha_keV,-6257.34600000002,-6257.34,0.006000000019412255
21,21,Sn_keV,11550.068000000028,11550.05,0.018000000029132934
21,21,Sp_keV,4272.240000000049,4272.23,0.010000000049330993
21,21,S2n_keV,27740.426000000036,27740.44,0.013999999962834409
21,21,S2p_keV,13163.586000000068,13163.59,0.00399999993169331
21,21,Qalpha_keV,-5745.322000000044,-5745.3,0.022000000043590262
20,22,Sn_keV,17478.465999999957,17478.44,0.025999999958003173
20,22,Sp_keV,3751.2559999999357,3751.22,0.03599999993593883
20,22,S2n_keV,32396.93399999995,32396.91,0.02399999995031976
20,22,S2p_keV,4836.21399999992,4836.22,0.0060000000803484
20,22,Qalpha_keV,-5471.080000000016,-5471.08,1.6370904631912708e-11
28,15,Sn_keV,4401.224000000046,4401.23,0.005999999953928636
28,15,S2n_keV,6483.005000000005,6483.04,0.03499999999530701
27,16,Sn_keV,2629.0269999999437,2629.03,0.0030000000565451046
27,16,Sp_keV,20494.189000000013,20494.17,0.019000000014784746
27,16,S2n_keV,9329.525999999954,9329.52,0.005999999953928636
27,16,S2p_keV,38893.06799999997,38893.07,0.002000000029511284
27,16,Qalpha_keV,-16940.72000000003,-16940.73,0.009999999969295459
26,17,Sn_keV,7480.982000000018,7480.95,0.03200000001834269
26,17,Sp_keV,13973.845999999961,13973.85,0.004000000039013685
26,17,S2n_keV,13158.060999999987,13158.07,0.009000000012747478
26,17,S2p_keV,33920.78899999999,33920.8,0.011000000013154931
26,17,Qalpha_keV,-13918.290000000037,-13918.27,0.020000000036816346
25,18,Sn_keV,5658.445000000007,5658.45,0.004999999992833182
25,18,Sp_keV,14385.793000000005,14385.79,0.0030000000042491592
25,18,S2n_keV,15084.939000000013,15084.94,0.000999999987470801
25,18,S2p_keV,27579.15599999996,27579.17,0.014000000039231963
25,18,Qalpha_keV,-11272.352000000014,-11272.38,0.027999999985695467
24,19,Sn_keV,9624.707999999984,9624.68,0.027999999983876478
24,19,Sp_keV,9441.713999999978,9441.68,0.03399999997782288
24,19,S2n_keV,17158.507999999973,17158.48,0.02799999997296254
24,19,S2p_keV,23846.140999999945,23846.14,0.0009999999456340447
24,19,Qalpha_keV,-9200.121999999974,-9200.11,0.011999999973340891
23,20,Sn_keV,7932.863000000012,7932.89,0.026999999988220225
23,20,Sp_keV,10675.757000000041,10675.76,0.002999999958774424
23,20,S2n_keV,19413.563000000024,19413.56,0.0030000000224390533
23,20,S2p_keV,19919.25700000004,19919.25,0.007000000041443855
23,20,Qalpha_keV,-7591.52700000006,-7591.54,0.012999999939893314
22,21,Sn_keV,12138.28899999999,12138.27,0.018999999989318894
22,21,Sp_keV,4929.829000000027,4929.83,0.0009999999729188858
22,21,S2n_keV,23688.357000000018,23688.32,0.03700000001845183
22,21,S2p_keV,15206.523000000045,15206.5,0.023000000044703484
22,21,Qalpha_keV,-4805.840000000084,-4805.83,0.010000000083891791
21,22,Sn_keV,12287.702000000048,12287.74,0.03799999995135295
21,22,Sp_keV,4488.889999999956,4488.91,0.020000000044092303
21,22,S2n_keV,29766.168000000005,29766.18,0.011999999995168764
21,22,S2p_keV,8761.130000000005,8761.14,0.00999999999476131
21,22,Qalpha_keV,-4463.286000000022,-4463.3,0.013999999978295818
20,23,Sp_keV,100.64200000005076,100.66,0.01799999994923951
20,23,S2p_keV,3851.8979999999865,3851.89,0.007999999986623152
20,23,Qalpha_keV,-6168.572000000044,-6168.56,0.012000000043371983
28,16,Sn_keV,5080.099000000046,5080.09,0.009000000045489287
28,16,Sp_keV,21173.064000000013,21173.03,0.03400000001420267
28,16,S2n_keV,7709.125999999989,7709.12,0.00599999998939893
28,16,Qalpha_keV,-17058.840000000084,-17058.83,0.010000000082072802
27,17,Sn_keV,4358.420000000042,4358.42,4.18367562815547e-11
27,17,Sp_keV,15703.23900000006,15703.24,0.0009999999401770765
27,17,S2n_keV,11839.40200000006,11839.37,0.03200000005926995
27,17,S2p_keV,36197.42800000007,36197.41,0.0180000000691507
27,17,Qalpha_keV,-14960.220000000088,-14960.22,8.913048077374697e-11
26,18,Sn_keV,8734.76900000003,8734.76,0.009000000029118382
26,18,Sp_keV,15639.580000000016,15639.6,0.019999999984065653
26,18,S2n_keV,14393.214000000036,14393.21,0.004000000037194695
26,18,S2p_keV,29613.425999999978,29613.45,0.024000000023079338
26,18,Qalpha_keV,-12260.300000000047,-12260.33,0.02999999995336111
25,19,Sn_keV,7277.38400000002,7277.42,0.035999999980049324
25,19,Sp_keV,11060.652999999991,11060.65,0.0029999999915162334
25,19,S2n_keV,16902.092000000004,16902.1,0.007999999994353857
25,19,S2p_keV,25446.445999999996,25446.44,0.005999999997584382
25,19,Qalpha_keV,-10648.584000000032,-10648.59,0.005999999968480552
24,20,Sn_keV,11131.190999999933,11131.16,0.030999999933555955
24,20,Sp_keV,12182.23999999999,12182.24,9.094947017729282e-12
24,20,S2n_keV,19064.053999999946,19064.05,0.003999999946245225
24,20,S2p_keV,21623.95399999997,21623.92,0.033999999970546924
24,20,Qalpha_keV,-8853.679999999993,-8853.68,7.275957614183426e-12
23,21,Sn_keV,9699.201000000001,9699.2,0.0010000000002037268
23,21,Sp_keV,6696.167000000016,6696.13,0.037000000015723344
23,21,S2n_keV,21837.48999999999,21837.47,0.01999999998952262
23,21,S2p_keV,17371.924000000057,17371.89,0.034000000057858415
23,21,Qalpha_keV,-6705.416000000085,-6705.4,0.016000000085114152
22,22,Sn_keV,16298.804000000004,16298.8,0.004000000004452886
22,22,Sp_keV,8649.40499999997,8649.44,0.0350000000307773
22,22,S2n_keV,28586.506000000052,28586.54,0.03399999994871905
22,22,S2p_keV,13579.233999999997,13579.27,0.036000000003696186
22,22,Qalpha_keV,-5127.059999999998,-5127.1,0.040000000002692104
21,23,Sn_keV,14271.35599999997,14271.34,0.01599999997051782
21,23,Sp_keV,2084.295999999973,2084.27,0.025999999973009835
21,23,S2p_keV,6573.185999999929,6573.18,0.005999999928462785
21,23,Qalpha_keV,-6017.95199999999,-6017.96,0.008000000009815267
29,16,Sn_keV,2856.6549999999697,2856.67,0.015000000030340743
29,16,S2n_keV,7936.754000000015,7936.76,0.005999999984851456
29,16,Qalpha_keV,-18534.16200000001,-18534.17,0.0079999999870779
28,17,Sn_keV,5821.3099999999395,5821.33,0.020000000060463208
28,17,Sp_keV,16444.449999999953,16444.48,0.03000000004612957
28,17,S2n_keV,10179.729999999981,10179.75,0.02000000001862645
28,17,S2p_keV,37617.51399999997,37617.51,0.003999999964435119
28,17,Qalpha_keV,-15804.858999999997,-15804.9,0.04100000000289583
27,18,Sn_keV,5168.879999999946,5168.86,0.01999999994677637
27,18,Sp_keV,16450.03999999992,16450.04,8.003553375601768e-11
27,18,S2n_keV,13903.648999999976,13903.62,0.028999999974985258
27,18,S2p_keV,32153.27899999998,32153.28,0.0010000000183936208
27,18,Qalpha_keV,-13187.14499999996,-13187.13,0.014999999961219146
26,19,Sn_keV,8905.486000000034,8905.46,0.026000000034400728
26,19,Sp_keV,11231.369999999995,11231.35,0.01999999999497959
26,19,S2n_keV,16182.870000000054,16182.88,0.009999999945648597
26,19,S2p_keV,26870.95000000001,26870.95,1.0913936421275139e-11
26,19,Qalpha_keV,-11733.351000000024,-11733.36,0.00899999997636769
25,20,Sn_keV,7414.780000000028,7414.81,0.0299999999724605
25,20,Sp_keV,12319.635999999999,12319.63,0.0059999999994033715
25,20,S2n_keV,18545.97099999996,18545.97,0.00099999996018596
25,20,S2p_keV,23380.28899999999,23380.28,0.008999999990919605
25,20,Qalpha_keV,-10169.568000000028,-10169.56,0.008000000028914656
24,21,Sn_keV,11326.49900000001,11326.52,0.020999999989726348
24,21,Sp_keV,6891.475000000093,6891.49,0.014999999906649464
24,21,S2n_keV,21025.70000000001,21025.71,0.009999999987485353
24,21,S2p_keV,19073.715000000084,19073.73,0.01499999991574441
24,21,Qalpha_keV,-7936.563000000082,-7936.55,0.013000000081774488
23,22,Sn_keV,9531.890000000014,9531.87,0.020000000013169483
23,22,Sp_keV,8482.093999999983,8482.11,0.016000000017811544
23,22,S2n_keV,25830.694000000018,25830.67,0.02400000001944136
23,22,S2p_keV,15178.260999999999,15178.25,0.010999999998603016
23,22,Qalpha_keV,-6296.164000000048,-6296.15,0.01400000004832691
22,23,Sn_keV,15835.488000000012,15835.49,0.001999999987674528
22,23,Sp_keV,1620.9799999999814,1620.95,0.029999999981328074
22,23,S2n_keV,30106.843999999983,30106.83,0.013999999981024303
22,23,S2p_keV,10270.384999999951,10270.39,0.0050000000483123586
22,23,Qalpha_keV,-5663.081999999995,-5663.05,0.03199999999469583
21,24,Sp_keV,2687.3880000000354,2687.39,0.001999999964482413
21,24,S2p_keV,4771.684000000008,4771.66,0.024000000008527422
21,24,Qalpha_keV,-6242.192000000039,-6242.18,0.01200000003882451
29,17,Sn_keV,3521.9340000000084,3521.9,0.034000000008290954
29,17,Sp_keV,17109.728999999992,17109.71,0.018999999992956873
29,17,S2n_keV,9343.243999999948,9343.23,0.013999999948282493
29,17,Qalpha_keV,-17245.012000000046,-17244.99,0.022000000044499757
28,18,Sn_keV,8031.252000000037,8031.28,0.0279999999629581
28,18,Sp_keV,18659.982000000018,18659.99,0.00799999998343992
28,18,S2n_keV,13200.131999999983,13200.14,0.00800000001618173
28,18,S2p_keV,35104.43199999997,35104.47,0.03800000002956949
28,18,Qalpha_keV,-14517.897999999986,-14517.93,0.032000000013795216
27,19,Sn_keV,6869.601999999955,6869.6,0.0019999999549327185
27,19,Sp_keV,12932.092000000004,12932.1,0.007999999996172846
27,19,S2n_keV,15775.087999999989,15775.07,0.017999999989115167
27,19,S2p_keV,29382.131999999925,29382.14,0.00800000007438939
27,19,Qalpha_keV,-12925.87400000001,-12925.85,0.02400000001034641
26,20,Sn_keV,10397.588000000047,10397.56,0.028000000047541107
26,20,Sp_keV,13811.738000000012,13811.73,0.008000000012543751
26,20,S2n_keV,17812.368000000075,17812.37,0.0019999999240098987
26,20,S2p_keV,25043.108000000007,25043.08,0.02800000000570435
26,20,Qalpha_keV,-11140.66200000007,-11140.64,0.02200000006996561
25,21,Sn_keV,8760.640999999945,8760.64,0.0009999999456340447
25,21,Sp_keV,8237.33600000001,8237.32,0.016000000010535587
25,21,S2n_keV,20087.139999999956,20087.16,0.020000000044092303
25,21,S2p_keV,20556.97200000001,20556.95,0.02200000000811997
25,21,Qalpha_keV,-9163.404000000039,-9163.39,0.014000000039231963
24,22,Sn_keV,13189.19399999996,13189.19,0.003999999958978151
24,22,Sp_keV,10344.788999999932,10344.79,0.0010000000693253241
24,22,S2n_keV,22721.083999999973,22721.06,0.023999999972147634
24,22,S2p_keV,17236.264000000025,17236.28,0.0159999999741558
24,22,Qalpha_keV,-8004.657999999996,-8004.67,0.012000000004263711
23,23,Sn_keV,13265.337999999989,13265.37,0.032000000011976226
23,23,Sp_keV,5354.427999999956,5354.45,0.022000000043590262
23,23,S2n_keV,29100.826,29100.86,0.033999999999650754
23,23,S2p_keV,13836.521999999939,13836.56,0.03800000006049231
23,23,Qalpha_keV,-7378.351999999955,-7378.37,0.018000000044594344
22,24,Sn_keV,18030.02999999997,18030.05,0.020000000029540388
22,24,Sp_keV,4881.929999999993,4881.95,0.02000000000680302
22,24,S2p_keV,6502.909999999974,6502.9,0.009999999974752427
22,24,Qalpha_keV,-6793.756000000052,-6793.78,0.023999999947591277
29,18,Sn_keV,3551.6080000000075,3551.57,0.03800000000728687
29,18,Sp_keV,18689.656000000017,18689.65,0.006000000015774276
29,18,S2n_keV,11582.860000000044,11582.85,0.010000000043874024
29,18,S2p_keV,35799.38500000001,35799.36,0.02500000000873115
29,18,Qalpha_keV,-15440.47900000005,-15440.47,0.009000000050946255
28,19,Sn_keV,8369.381000000052,8369.37,0.011000000051353709
28,19,Sp_keV,13270.22100000002,13270.18,0.041000000019266736
28,19,S2n_keV,15238.983000000007,15238.97,0.013000000008105417
28,19,S2p_keV,31930.203000000038,31930.17,0.033000000039464794
28,19,Qalpha_keV,-13814.273000000045,-13814.26,0.013000000044485205
27,20,Sn_keV,7276.34799999994,7276.37,0.022000000059961167
27,20,Sp_keV,14218.483999999997,14218.5,0.01600000000325963
27,20,S2n_keV,17673.935999999987,17673.94,0.004000000011728844
27,20,S2p_keV,27150.576,27150.6,0.023999999997613486
27,20,Qalpha_keV,-12758.565000000002,-12758.56,0.0050000000028376235
26,21,Sn_keV,10646.426999999967,10646.45,0.023000000033789547
26,21,Sp_keV,8486.17499999993,8486.2,0.02500000007057679
26,21,S2n_keV,19407.067999999912,19407.09,0.022000000088155502
26,21,S2p_keV,22297.912999999942,22297.93,0.017000000058033038
26,21,Qalpha_keV,-10185.123000000021,-10185.16,0.03699999997843406
25,22,Sn_keV,8880.718000000052,8880.72,0.001999999947656761
25,22,Sp_keV,10464.866000000038,10464.87,0.00399999996261613
25,22,S2n_keV,22069.91200000001,22069.91,0.00200000001132139
25,22,S2p_keV,18702.20200000005,18702.19,0.012000000049738446
25,22,Qalpha_keV,-8952.513000000035,-8952.5,0.013000000035390258
24,23,Sn_keV,13002.531000000017,13002.52,0.01100000001679291
24,23,Sp_keV,5167.765000000014,5167.78,0.014999999985775503
24,23,S2n_keV,26267.869000000006,26267.89,0.020999999993364327
24,23,S2p_keV,15512.553999999946,15512.57,0.016000000054191332
24,23,Qalpha_keV,-8242.593999999983,-8242.62,0.026000000018029823
23,24,Sn_keV,13158.68300000002,13158.67,0.013000000019019353
23,24,Sp_keV,4775.275000000023,4775.26,0.015000000023064786
23,24,S2n_keV,31188.71299999999,31188.72,0.007000000012340024
23,24,S2p_keV,10129.70299999998,10129.71,0.007000000019615982
23,24,Qalpha_keV,-7664.737000000023,-7664.72,0.017000000022562745
22,25,Sp_keV,380.8870000000461,380.88,0.007000000046105015
22,25,S2p_keV,5262.817000000039,5262.83,0.012999999960811692
22,25,Qalpha_keV,-7074.0010000000475,-7074.0,0.0010000000474974513
29,19,Sn_keV,4643.822999999975,4643.82,0.002999999975145329
29,19,Sp_keV,14362.435999999987,14362.44,0.004000000013547833
29,19,S2n_keV,13013.204000000027,13013.19,0.014000000026499038
29,19,S2p_keV,33052.092000000004,33052.09,0.0020000000076834112
29,19,Qalpha_keV,-14099.675999999978,-14099.66,0.015999999977793777
28,20,Sn_keV,9952.656000000075,9952.62,0.03600000007463677
28,20,Sp_keV,15801.75900000002,15801.75,0.009000000020023435
28,20,S2n_keV,17229.004000000015,17229.0,0.0040000000153668225
28,20,S2p_keV,29071.98000000004,29071.94,0.04000000004089088
28,20,Qalpha_keV,-13976.452000000048,-13976.42,0.032000000048356014
27,21,Sn_keV,8239.117000000027,8239.11,0.007000000026891939
27,21,Sp_keV,9448.944000000018,9448.94,0.004000000017185812
27,21,S2n_keV,18885.543999999994,18885.55,0.00600000000486034
27,21,S2p_keV,23667.428000000014,23667.44,0.011999999984254828
27,21,Qalpha_keV,-11146.856000000029,-11146.84,0.01600000002872548
26,22,Sn_keV,11626.646000000008,11626.65,0.00399999999171996
26,22,Sp_keV,11445.08500000008,11445.07,0.015000000079453457
26,22,S2n_keV,20507.36400000006,20507.37,0.005999999939376721
26,22,S2p_keV,19931.26000000001,19931.28,0.01999999998952262
26,22,Qalpha_keV,-9447.96800000011,-9447.99,0.021999999889885657
25,23,Sn_keV,10542.286999999953,10542.28,0.006999999952313374
25,23,Sp_keV,6829.333999999915,6829.34,0.0060000000848958734
25,23,S2n_keV,23544.81799999997,23544.8,0.017999999970925273
25,23,S2p_keV,17294.199999999953,17294.21,0.010000000045693014
25,23,Qalpha_keV,-9085.679999999935,-9085.71,0.030000000064319465
24,24,Sn_keV,16332.103000000003,16332.08,0.023000000002866727
24,24,Sp_keV,8104.847000000009,8104.82,0.027000000009138603
24,24,S2n_keV,29490.786000000022,29490.76,0.02600000002348679
24,24,S2p_keV,13272.612000000023,13272.6,0.012000000022453605
24,24,Qalpha_keV,-7698.036000000022,-7698.0,0.03600000002188608
23,25,Sn_keV,14829.322999999975,14829.31,0.012999999975363608
23,25,Sp_keV,2051.527000000002,2051.51,0.017000000001644366
23,25,S2p_keV,6826.802000000025,6826.77,0.03200000002470915
23,25,Qalpha_keV,-7631.968000000052,-7631.97,0.0019999999485662556
30,19,Sn_keV,5398.289999999979,5398.33,0.040000000020882
30,19,S2n_keV,10042.112999999954,10042.15,0.03700000004573667
30,19,Qalpha_keV,-13676.656000000017,-13676.66,0.003999999982625013
29,20,Sn_keV,5146.430999999924,5146.45,0.01900000007572089
29,20,Sp_keV,16304.36699999997,16304.39,0.02300000003015157
29,20,S2n_keV,15099.087,15099.08,0.006999999999607098
29,20,S2p_keV,30666.802999999956,30666.83,0.02700000004551839
29,20,Qalpha_keV,-13954.003000000026,-13954.01,0.006999999974141247
28,21,Sn_keV,10128.988000000012,10128.97,0.01800000001276203
28,21,Sp_keV,9625.275999999954,9625.28,0.004000000046289642
28,21,S2n_keV,18368.10500000004,18368.08,0.02500000003783498
28,21,S2p_keV,25427.034999999974,25427.04,0.005000000026484486
28,21,Qalpha_keV,-12370.358000000007,-12370.35,0.008000000007086783
27,22,Sn_keV,8142.385000000009,8142.39,0.004999999991014192
27,22,Sp_keV,11348.353000000061,11348.36,0.006999999939580448
27,22,S2n_keV,19769.031000000017,19769.04,0.008999999983643647
27,22,S2p_keV,20797.29700000008,20797.3,0.0029999999205756467
27,22,Qalpha_keV,-10175.573000000091,-10175.57,0.0030000000915606506
26,23,Sn_keV,11555.496000000101,11555.5,0.003999999898951501
26,23,Sp_keV,6758.184000000008,6758.19,0.005999999991217919
26,23,S2n_keV,22097.783000000054,22097.79,0.006999999946856406
26,23,S2p_keV,18203.269000000088,18203.26,0.009000000089145033
26,23,Qalpha_keV,-9314.677000000025,-9314.69,0.012999999975363608
25,24,Sn_keV,10582.339999999967,10582.36,0.020000000033178367
25,24,Sp_keV,8144.900000000023,8144.9,2.3646862246096134e-11
25,24,S2n_keV,26914.44299999997,26914.44,0.00299999997150735
25,24,S2p_keV,14974.233999999939,14974.23,0.0039999999389692675
25,24,Qalpha_keV,-8748.485999999975,-8748.49,0.0040000000244617695
24,25,Sn_keV,16384.592999999993,16384.62,0.027000000005500624
24,25,Sp_keV,2104.0169999999925,2104.06,0.04300000000739601
24,25,S2n_keV,31213.91599999997,31213.93,0.014000000031956006
24,25,S2p_keV,10208.864000000001,10208.88,0.01599999999780266
24,25,Qalpha_keV,-8181.073000000033,-8181.1,0.026999999967301846
23,26,Sp_keV,2716.2390000000014,2716.27,0.030999999998584826
23,26,S2p_keV,4767.766000000003,4767.78,0.013999999996485712
23,26,Qalpha_keV,-7660.819000000018,-7660.84,0.02099999998245039
31,19,Sn_keV,4187.674000000057,4187.67,0.004000000057203579
31,19,S2n_keV,9585.964000000036,9586.01,0.0459999999638967
31,19,Qalpha_keV,-14342.396000000066,-14342.43,0.033999999934167136
30,20,Sn_keV,6360.647000000055,6360.65,0.002999999944222509
30,20,Sp_keV,17266.724000000046,17266.7,0.02400000004490721
30,20,S2n_keV,11507.07799999998,11507.1,0.022000000020852895
30,20,Qalpha_keV,-12283.398000000045,-12283.38,0.01800000004550384
29,21,Sn_keV,6057.752000000037,6057.76,0.007999999963431037
29,21,Sp_keV,10536.597000000067,10536.59,0.007000000066909706
29,21,S2n_keV,16186.740000000049,16186.73,0.010000000049330993
29,21,S2p_keV,26840.964000000036,26840.98,0.015999999963241862
29,21,Qalpha_keV,-11558.508000000089,-11558.51,0.001999999911276973
28,22,Sn_keV,10939.186999999976,10939.19,0.0030000000242580427
28,22,Sp_keV,12158.552000000025,12158.58,0.02799999997478153
28,22,S2n_keV,19081.571999999986,19081.58,0.00800000001618173
28,22,S2p_keV,21783.82799999998,21783.86,0.03200000002107117
28,22,Qalpha_keV,-10717.17200000002,-10717.2,0.0279999999802385
27,23,Sn_keV,9334.238000000012,9334.22,0.01800000001276203
27,23,Sp_keV,7950.037000000011,7950.02,0.017000000010739313
27,23,S2n_keV,20889.734000000113,20889.72,0.01400000011199154
27,23,S2p_keV,19298.390000000072,19298.38,0.010000000071158865
27,23,Qalpha_keV,-9888.274000000092,-9888.27,0.004000000091764377
26,24,Sn_keV,13000.334000000032,13000.33,0.004000000031737727
26,24,Sp_keV,9589.737999999954,9589.73,0.00799999995433609
26,24,S2n_keV,23582.674,23582.69,0.01599999999962165
26,24,S2p_keV,16347.921999999962,16347.92,0.001999999962208676
26,24,Qalpha_keV,-8559.626000000047,-8559.63,0.003999999951702193
25,25,Sn_keV,13061.857000000018,13061.81,0.04700000001867011
25,25,Sp_keV,4583.534000000043,4583.51,0.02400000004308822
25,25,S2n_keV,29446.45000000001,29446.43,0.020000000011350494
25,25,S2p_keV,12728.434000000067,12728.41,0.024000000066735083
25,25,Qalpha_keV,-7977.592000000062,-7977.55,0.042000000062216714
24,26,Sn_keV,17809.261,17809.22,0.04099999999743886
24,26,Sp_keV,4140.9070000000065,4140.86,0.047000000006846676
24,26,S2p_keV,6244.923999999999,6244.92,0.003999999998995918
24,26,Qalpha_keV,-7440.050000000047,-7440.02,0.03000000004612957
32,19,Sn_keV,4859.545999999915,4859.51,0.035999999914565706
32,19,S2n_keV,9047.219999999972,9047.18,0.039999999971769284
31,20,Sn_keV,4820.634999999951,4820.62,0.014999999951214704
31,20,Sp_keV,17899.68499999994,17899.65,0.03499999993800884
31,20,S2n_keV,11181.282000000007,11181.27,0.0120000000060827
31,20,Qalpha_keV,-13552.424999999988,-13552.43,0.0050000000119325705
30,21,Sn_keV,6752.597999999998,6752.62,0.022000000001753506
30,21,Sp_keV,10928.54800000001,10928.56,0.011999999989711796
30,21,S2n_keV,12810.350000000035,12810.38,0.029999999964275048
30,21,S2p_keV,28195.272000000055,28195.26,0.012000000057014404
30,21,Qalpha_keV,-9941.725000000035,-9941.75,0.024999999965075403
29,22,Sn_keV,6372.518999999913,6372.49,0.028999999913139618
29,22,Sp_keV,12473.318999999901,12473.31,0.008999999901789124
29,22,S2n_keV,17311.70599999989,17311.68,0.025999999888881575
29,22,S2p_keV,23009.91599999997,23009.9,0.01599999996687984
29,22,Qalpha_keV,-9813.342999999993,-9813.32,0.02299999999377178
28,23,Sn_keV,11051.145999999892,11051.15,0.004000000108135282
28,23,Sp_keV,8061.995999999926,8061.97,0.025999999926170858
28,23,S2n_keV,20385.383999999904,20385.37,0.013999999904626748
28,23,S2p_keV,20220.54799999995,20220.55,0.002000000047701178
28,23,Qalpha_keV,-10292.993000000017,-10292.97,0.023000000017418643
27,24,Sn_keV,9260.647999999986,9260.66,0.012000000013358658
27,24,Sp_keV,9516.147999999928,9516.17,0.022000000071784598
27,24,S2n_keV,22260.982000000018,22261.0,0.01799999998183921
27,24,S2p_keV,17466.18499999994,17466.19,0.005000000059226295
27,24,Qalpha_keV,-8939.555999999982,-8939.57,0.01400000001740409
26,25,Sn_keV,13687.564999999944,13687.58,0.015000000055806595
26,25,Sp_keV,5270.764999999956,5270.76,0.004999999955543899
26,25,S2n_keV,26749.421999999962,26749.39,0.03199999996286351
26,25,S2p_keV,14860.50299999991,14860.48,0.022999999910098268
26,25,Qalpha_keV,-8662.62599999999,-8662.61,0.015999999988707714
25,26,Sn_keV,13785.004999999946,13785.02,0.015000000053987605
25,26,Sp_keV,4864.054999999935,4864.07,0.015000000064901542
25,26,S2n_keV,31594.265999999945,31594.24,0.025999999943451257
25,26,S2p_keV,9447.588999999978,9447.58,0.008999999978186679
25,26,Qalpha_keV,-8066.371999999974,-8066.36,0.011999999974250386
24,27,Sp_keV,142.454000000027,142.48,0.025999999972981414
24,27,S2p_keV,4283.3610000000335,4283.35,0.011000000033163815
24,27,Qalpha_keV,-7201.6170000000275,-7201.62,0.0029999999724168447
32,20,Sn_keV,5995.803000000014,5995.8,0.003000000014253601
32,20,Sp_keV,19035.94200000004,19035.94,0.0020000000404252205
32,20,S2n_keV,10816.437999999966,10816.42,0.017999999965468305
31,21,Sn_keV,5009.005999999936,5009.01,0.004000000064479536
31,21,Sp_keV,11116.918999999994,11116.95,0.03100000000631553
31,21,S2n_keV,11761.603999999934,11761.63,0.026000000065323547
31,21,S2p_keV,29016.603999999934,29016.6,0.003999999935331289
31,21,Qalpha_keV,-10306.907999999996,-10306.95,0.04200000000491855
30,22,Sn_keV,7808.277000000002,7808.3,0.022999999998319254
30,22,Sp_keV,13528.997999999905,13529.0,0.0020000000949949026
30,22,S2n_keV,14180.795999999915,14180.8,0.00400000008448842
30,22,S2p_keV,24457.545999999915,24457.56,0.014000000086525688
30,22,Qalpha_keV,-7668.96399999992,-7669.0,0.03600000008009374
29,23,Sn_keV,7311.212000000058,7311.24,0.02799999994203972
29,23,Sp_keV,9000.689000000071,9000.72,0.030999999928098987
29,23,S2n_keV,18362.35799999995,18362.39,0.032000000050175004
29,23,S2p_keV,21474.007999999973,21474.04,0.03200000002834713
29,23,Qalpha_keV,-9365.088000000047,-9365.11,0.021999999953550287
28,24,Sn_keV,12038.386000000057,12038.35,0.03600000005644688
28,24,Sp_keV,10503.388000000094,10503.37,0.018000000092797563
28,24,S2n_keV,21299.034000000043,21299.01,0.02400000004490721
28,24,S2p_keV,18565.38400000002,18565.35,0.03400000002147863
28,24,Qalpha_keV,-9351.296000000031,-9351.27,0.02600000003076275
27,25,Sn_keV,10534.677000000025,10534.68,0.002999999975145329
27,25,Sp_keV,6544.793999999994,6544.77,0.023999999993975507
27,25,S2n_keV,24222.24199999997,24222.26,0.018000000029132934
27,25,S2p_keV,16060.941999999923,16060.94,0.0019999999221909093
27,25,Qalpha_keV,-8655.016000000061,-8655.0,0.01600000006146729
26,26,Sn_keV,16201.267000000109,16201.28,0.012999999891690095
26,26,Sp_keV,7377.7570000001,7377.77,0.012999999900785042
26,26,S2n_keV,29986.272000000055,29986.3,0.02799999994385871
26,26,S2p_keV,12648.522000000055,12648.53,0.007999999945241143
26,26,Qalpha_keV,-7935.53600000008,-7935.56,0.023999999920306436
32,21,Sn_keV,6012.263000000035,6012.23,0.033000000035826815
32,21,Sp_keV,11133.379000000015,11133.38,0.0009999999838328222
32,21,S2n_keV,11021.268999999971,11021.24,0.02899999997134728
32,21,S2p_keV,30169.321000000054,30169.32,0.001000000054773409
32,21,Qalpha_keV,-10920.881000000052,-10920.84,0.041000000052008545
31,22,Sn_keV,5432.466000000073,5432.46,0.006000000073072442
31,22,Sp_keV,13952.458000000042,13952.46,0.001999999956751708
31,22,S2n_keV,13240.743000000075,13240.77,0.02699999992546509
31,22,S2p_keV,25069.377000000037,25069.4,0.02299999996466795
31,22,Qalpha_keV,-7954.999000000069,-7955.01,0.010999999931300408
30,23,Sn_keV,8477.722000000009,8477.7,0.02200000000811997
30,23,Sp_keV,9670.134000000078,9670.12,0.014000000077430741
30,23,S2n_keV,15788.934000000067,15788.94,0.005999999933919753
30,23,S2p_keV,23199.131999999983,23199.12,0.011999999984254828
30,23,Qalpha_keV,-7713.822000000044,-7713.83,0.00799999995615508
29,24,Sn_keV,7939.096999999951,7939.12,0.023000000049250957
29,24,Sp_keV,11131.272999999986,11131.25,0.022999999986495823
29,24,S2n_keV,19977.483000000007,19977.47,0.013000000006286427
29,24,S2p_keV,20131.962000000058,20131.98,0.017999999941821443
29,24,Qalpha_keV,-9148.007999999973,-9148.0,0.007999999972525984
28,25,Sn_keV,12053.523000000045,12053.51,0.013000000044485205
28,25,Sp_keV,6559.930999999982,6559.93,0.0009999999820138328
28,25,S2n_keV,22588.20000000007,22588.18,0.020000000069558155
28,25,S2p_keV,17063.319000000076,17063.3,0.019000000076630386
28,25,Qalpha_keV,-9153.043000000005,-9153.01,0.033000000004903995
27,26,Sn_keV,10685.779999999912,10685.76,0.019999999911306077
27,26,Sp_keV,7528.859999999986,7528.85,0.009999999985666364
27,26,S2n_keV,26887.04700000002,26887.04,0.007000000019615982
27,26,S2p_keV,14073.65399999998,14073.62,0.03399999997964187
27,26,Qalpha_keV,-8038.976000000024,-8038.96,0.016000000024178007
26,27,Sp_keV,1615.3069999999716,1615.3,0.006999999971640136
26,27,S2n_keV,31459.125,31459.12,0.005000000001018634
26,27,S2p_keV,8993.064000000071,8993.07,0.005999999928462785
26,27,Qalpha_keV,-7446.826000000059,-7446.8,0.026000000058957085
25,28,S2p_keV,4006.417000000074,4006.44,0.022999999926014425
25,28,Qalpha_keV,-7305.023000000045,-7305.01,0.013000000044485205
33,21,Sn_keV,3562.8829999999725,3562.89,0.007000000027346687
33,21,S2n_keV,9575.146000000008,9575.12,0.026000000007115887
33,21,Qalpha_keV,-10296.089999999967,-10296.06,0.029999999967913027
32,22,Sn_keV,6838.380000000005,6838.38,4.547473508864641e-12
32,22,Sp_keV,14778.575000000012,14778.6,0.024999999988722266
32,22,S2n_keV,12270.846000000078,12270.84,0.006000000077619916
32,22,S2p_keV,25911.954000000027,25911.99,0.035999999974592356
32,22,Qalpha_keV,-8432.732000000018,-8432.74,0.007999999981620931
31,23,Sn_keV,6113.411999999953,6113.43,0.01800000004732283
31,23,Sp_keV,10351.079999999958,10351.09,0.010000000042055035
31,23,S2n_keV,14591.133999999962,14591.13,0.00399999996261613
31,23,S2p_keV,24303.538,24303.54,0.0020000000004074536
31,23,Qalpha_keV,-7769.48199999996,-7769.51,0.02800000004026515
30,24,Sn_keV,9719.108999999997,9719.12,0.011000000004059984
30,24,Sp_keV,12372.659999999974,12372.68,0.02000000002590241
30,24,S2n_keV,17658.205999999947,17658.24,0.034000000054220436
30,24,S2p_keV,22042.794000000053,22042.79,0.0040000000517466106
30,24,Qalpha_keV,-7927.929999999993,-7927.93,7.275957614183426e-12
29,25,Sn_keV,8938.76099999994,8938.8,0.03900000005887705
29,25,Sp_keV,7559.594999999972,7559.6,0.005000000028303475
29,25,S2n_keV,20992.283999999985,20992.3,0.016000000014173565
29,25,S2p_keV,18690.86799999996,18690.85,0.017999999960011337
29,25,Qalpha_keV,-8757.565999999933,-8757.58,0.014000000066516805
28,26,Sn_keV,13378.428000000073,13378.45,0.021999999928084435
28,26,Sp_keV,8853.765000000014,8853.79,0.024999999986903276
28,26,S2n_keV,24064.207999999984,24064.21,0.002000000014959369
28,26,S2p_keV,15413.695999999996,15413.72,0.024000000003070454
28,26,Qalpha_keV,-8417.070000000065,-8417.07,6.548361852765083e-11
27,27,Sn_keV,13421.99099999998,13422.01,0.019000000020241714
27,27,Sp_keV,4351.51800000004,4351.56,0.04199999996035331
27,27,S2p_keV,11880.378000000026,11880.41,0.03199999997377745
27,27,Qalpha_keV,-7806.960000000021,-7807.0,0.03999999997904524
26,28,Sn_keV,17663.401999999944,17663.41,0.008000000056199497
26,28,Sp_keV,3853.244999999937,3853.26,0.015000000063082553
26,28,S2p_keV,5468.551999999909,5468.57,0.018000000090978574
26,28,Qalpha_keV,-7159.16399999999,-7159.2,0.03600000001006265
34,21,Sn_keV,4448.799999999988,4448.84,0.04000000001178705
34,21,S2n_keV,8011.682999999961,8011.72,0.03700000003937021
34,21,Qalpha_keV,-9885.344000000041,-9885.39,0.04599999995843973
33,22,Sn_keV,4141.807999999961,4141.79,0.01799999996092083
33,22,Sp_keV,15357.5,15357.51,0.010000000000218279
33,22,S2n_keV,10980.187999999966,10980.17,0.017999999965468305
33,22,Qalpha_keV,-7753.905000000028,-7753.92,0.014999999972133082
32,23,Sn_keV,7322.828000000096,7322.83,0.0019999999040010152
32,23,Sp_keV,10835.52800000005,10835.54,0.011999999951513018
32,23,S2n_keV,13436.240000000049,13436.26,0.019999999951323844
32,23,S2p_keV,25614.10300000006,25614.14,0.036999999938416295
32,23,Qalpha_keV,-8339.712000000058,-8339.72,0.007999999941603164
31,24,Sn_keV,6246.285000000033,6246.26,0.02500000003237801
31,24,Sp_keV,12505.533000000054,12505.51,0.02300000005379843
31,24,S2n_keV,15965.39400000003,15965.38,0.014000000030137016
31,24,S2p_keV,22856.613000000012,22856.59,0.023000000011961674
31,24,Qalpha_keV,-7801.696000000113,-7801.7,0.0039999998871280695
30,25,Sn_keV,10226.51900000003,10226.52,0.0009999999710998964
30,25,Sp_keV,8067.005000000005,8067.0,0.005000000004656613
30,25,S2n_keV,19165.27999999997,19165.31,0.030000000031577656
30,25,S2p_keV,20439.66499999998,20439.68,0.015000000021245796
30,25,Qalpha_keV,-7932.939000000071,-7932.96,0.020999999928790203
29,26,Sn_keV,9298.084999999963,9298.09,0.005000000037398422
29,26,Sp_keV,9213.089000000036,9213.08,0.00900000003639434
29,26,S2n_keV,22676.513000000035,22676.54,0.026999999965482857
29,26,S2p_keV,16772.68400000001,16772.68,0.004000000008090865
29,26,Qalpha_keV,-8454.507000000041,-8454.5,0.007000000041443855
28,27,Sn_keV,14091.259999999951,14091.26,4.9112713895738125e-11
28,27,Sp_keV,5064.3499999999185,5064.36,0.010000000081163307
28,27,S2n_keV,27513.25099999993,27513.27,0.019000000069354428
28,27,S2p_keV,13918.114999999932,13918.15,0.03500000006715709
28,27,Qalpha_keV,-8210.655000000028,-8210.68,0.02499999997235136
27,28,Sn_keV,14183.616000000096,14183.62,0.003999999904408469
27,28,Sp_keV,4614.870000000054,4614.87,5.3660187404602766e-11
27,28,S2n_keV,31847.01800000004,31847.03,0.011999999958788976
27,28,S2p_keV,8966.388000000094,8966.43,0.04199999990669312
27,28,Qalpha_keV,-7557.77500000014,-7557.81,0.03499999986070179
26,29,Sp_keV,-298.5439999999944,-298.55,0.006000000005599304
26,29,S2p_keV,3554.7009999999427,3554.71,0.009000000057312718
26,29,Qalpha_keV,-6718.165999999968,-6718.17,0.004000000031737727
34,22,Sn_keV,5609.122000000032,5609.11,0.012000000032458047
34,22,Sp_keV,16517.822000000044,16517.78,0.042000000044936314
34,22,S2n_keV,9750.929999999993,9750.9,0.02999999999337888
34,22,Qalpha_keV,-7367.224000000046,-7367.23,0.005999999953928636
33,23,Sn_keV,5050.817999999912,5050.8,0.017999999911808118
33,23,Sp_keV,11744.538,11744.54,0.0020000000004074536
33,23,S2n_keV,12373.646000000008,12373.63,0.016000000008716597
33,23,S2p_keV,27102.038,27102.05,0.011999999998806743
33,23,Qalpha_keV,-8381.524000000034,-8381.51,0.014000000033774995
32,24,Sn_keV,8243.921000000031,8243.92,0.0010000000311265467
32,24,Sp_keV,13426.62599999999,13426.6,0.025999999988925993
32,24,S2n_keV,14490.206000000064,14490.18,0.026000000063504558
32,24,S2p_keV,24262.15400000004,24262.13,0.024000000037631253
32,24,Qalpha_keV,-8237.340000000142,-8237.32,0.02000000014231773
31,25,Sn_keV,7270.424999999988,7270.44,0.015000000011241355
31,25,Sp_keV,9091.14499999996,9091.17,0.02500000003965397
31,25,S2n_keV,17496.944000000018,17496.96,0.015999999981431756
31,25,S2p_keV,21596.678000000014,21596.68,0.0019999999858555384
31,25,Qalpha_keV,-7892.152000000002,-7892.15,0.002000000002226443
30,26,Sn_keV,11197.087,11197.1,0.01300000000082946
30,26,Sp_keV,10183.657000000007,10183.67,0.012999999993553502
30,26,S2n_keV,20495.171999999962,20495.19,0.018000000036408892
30,26,S2p_keV,18250.66200000001,18250.67,0.0079999999870779
30,26,Qalpha_keV,-7613.207999999984,-7613.25,0.042000000015832484
29,27,Sn_keV,10081.870000000112,10081.86,0.010000000111176632
29,27,Sp_keV,5848.1350000000675,5848.13,0.005000000067411747
29,27,S2n_keV,24173.130000000063,24173.11,0.020000000062282197
29,27,S2p_keV,15061.224000000104,15061.22,0.004000000104497303
29,27,Qalpha_keV,-7757.848000000115,-7757.86,0.011999999885119905
28,28,Sn_keV,16643.01199999993,16643.0,0.011999999929685146
28,28,Sp_keV,7166.622000000032,7166.62,0.002000000032239768
28,28,S2n_keV,30826.628000000026,30826.63,0.001999999974941602
28,28,S2p_keV,12230.97199999995,12230.98,0.008000000048923539
28,28,Qalpha_keV,-7999.51999999996,-7999.53,0.010000000039326551
35,22,Sn_keV,2733.566999999981,2733.6,0.03300000001900116
35,22,S2n_keV,8342.689000000013,8342.71,0.02099999998608837
34,23,Sn_keV,6176.6020000000135,6176.6,0.0020000000131403795
34,23,Sp_keV,12312.017999999982,12312.04,0.022000000019033905
34,23,S2n_keV,11227.419999999925,11227.4,0.019999999925857992
34,23,S2p_keV,28829.840000000026,28829.82,0.02000000002590241
34,23,Qalpha_keV,-8545.863000000012,-8545.88,0.01699999998709245
33,24,Sn_keV,5314.191999999923,5314.21,0.018000000077336153
33,24,Sp_keV,13690.0,13690.01,0.010000000000218279
33,24,S2n_keV,13558.112999999954,13558.13,0.017000000045300112
33,24,S2p_keV,25434.538,25434.55,0.011999999998806743
33,24,Qalpha_keV,-8119.065999999992,-8119.06,0.005999999991217919
32,25,Sn_keV,8646.60699999996,8646.6,0.006999999959589331
32,25,Sp_keV,9493.83099999989,9493.86,0.029000000111409463
32,25,S2n_keV,15917.031999999948,15917.04,0.008000000052561518
32,25,S2p_keV,22920.45699999988,22920.45,0.006999999877734808
32,25,Qalpha_keV,-8061.036999999953,-8061.06,0.023000000047431968
31,26,Sn_keV,7646.066999999981,7646.08,0.013000000019019353
31,26,Sp_keV,10559.298999999999,10559.31,0.011000000000422006
31,26,S2n_keV,18843.15399999998,18843.18,0.026000000019848812
31,26,S2p_keV,19650.44399999996,19650.48,0.036000000040075975
31,26,Qalpha_keV,-7320.178000000014,-7320.2,0.0219999999853826
30,27,Sn_keV,11376.44699999987,11376.47,0.023000000130195986
30,27,Sp_keV,6027.494999999937,6027.5,0.005000000062864274
30,27,S2n_keV,21458.31699999998,21458.32,0.0030000000188010745
30,27,S2p_keV,16211.151999999944,16211.16,0.008000000056199497
30,27,Qalpha_keV,-7080.771999999939,-7080.82,0.04800000006071059
29,28,Sn_keV,10247.659000000043,10247.63,0.029000000044106855
29,28,Sp_keV,7332.410999999964,7332.39,0.020999999963351
29,28,S2n_keV,26890.670999999973,26890.63,0.04099999997197301
29,28,S2p_keV,13180.546000000031,13180.52,0.02600000003076275
29,28,Qalpha_keV,-7561.399000000092,-7561.4,0.0009999999074352672
28,29,Sp_keV,690.3550000000396,690.31,0.04500000003963578
28,29,S2n_keV,31815.52700000006,31815.49,0.037000000058469595
28,29,S2p_keV,7856.977000000072,7856.94,0.037000000072112016
28,29,Qalpha_keV,-7074.568000000028,-7074.54,0.02800000002844172
35,23,Sn_keV,4162.429999999993,4162.43,7.275957614183426e-12
35,23,Sp_keV,13740.880999999994,13740.86,0.020999999993364327
35,23,S2n_keV,10339.032000000007,10339.03,0.002000000005864422
35,23,Qalpha_keV,-9145.410000000033,-9145.43,0.019999999967694748
34,24,Sn_keV,7381.932000000088,7381.9,0.03200000008837378
34,24,Sp_keV,14895.330000000075,14895.31,0.020000000075015123
34,24,S2n_keV,12696.12400000001,12696.12,0.004000000009909854
34,24,S2p_keV,27207.348000000056,27207.35,0.0019999999421997927
34,24,Qalpha_keV,-8662.618000000075,-8662.59,0.028000000074825948
33,25,Sn_keV,6412.767000000051,6412.75,0.01700000005075708
33,25,Sp_keV,10592.406000000017,10592.39,0.016000000017811544
33,25,S2n_keV,15059.37400000001,15059.35,0.02400000001034641
33,25,S2p_keV,24282.406000000017,24282.4,0.006000000015774276
33,25,Qalpha_keV,-8360.39200000005,-8360.37,0.022000000049956725
32,26,Sn_keV,10044.642999999982,10044.6,0.04299999998147541
32,26,Sp_keV,11957.335000000021,11957.31,0.025000000021464075
32,26,S2n_keV,17690.709999999963,17690.68,0.02999999996245606
32,26,S2p_keV,21451.16599999991,21451.16,0.005999999910272891
32,26,Qalpha_keV,-7645.7119999999995,-7645.69,0.021999999999934516
31,27,Sn_keV,8572.975000000093,8572.93,0.04500000009284122
31,27,Sp_keV,6954.403000000049,6954.35,0.0530000000489963
31,27,S2n_keV,19949.421999999962,19949.39,0.03199999996286351
31,27,S2p_keV,17513.70200000005,17513.65,0.05200000004697358
31,27,Qalpha_keV,-6714.986000000092,-6714.95,0.03600000009191717
30,28,Sn_keV,12216.231000000029,12216.25,0.018999999971129
30,28,Sp_keV,8172.195000000123,8172.18,0.015000000123109203
30,28,S2n_keV,22463.890000000072,22463.88,0.010000000071158865
30,28,S2p_keV,14199.69000000006,14199.67,0.020000000060463208
30,28,Qalpha_keV,-6399.202000000048,-6399.2,0.002000000048610673
29,29,Sn_keV,12430.198999999964,12430.2,0.0010000000365835149
29,29,Sp_keV,2872.8949999999604,2872.89,0.00499999996054612
29,29,S2p_keV,10205.305999999924,10205.28,0.025999999923442374
29,29,Qalpha_keV,-6082.776000000013,-6082.73,0.04600000001300941
28,30,Sp_keV,2278.8649999999325,2278.87,0.005000000067411747
28,30,S2p_keV,2969.219999999972,2969.18,0.03999999997222403
28,30,Qalpha_keV,-5500.188000000024,-5500.15,0.038000000024112524
36,23,Sn_keV,5583.825000000012,5583.83,0.004999999988285708
36,23,S2n_keV,9746.255000000005,9746.26,0.004999999995561666
36,23,Qalpha_keV,-10280.435000000056,-10280.42,0.015000000055806595
35,24,Sn_keV,4128.084999999963,4128.08,0.004999999962819857
35,24,Sp_keV,14860.985000000044,14860.96,0.025000000045110937
35,24,S2n_keV,11510.01700000005,11509.98,0.03700000005119364
35,24,S2p_keV,28601.86600000004,28601.82,0.046000000038475264
35,24,Qalpha_keV,-8648.895000000077,-8648.88,0.015000000077634468
34,25,Sn_keV,7769.045000000042,7769.08,0.034999999958017725
34,25,Sp_keV,10979.518999999971,10979.56,0.04100000002836168
34,25,S2n_keV,14181.812000000093,14181.82,0.007999999907042366
34,25,S2p_keV,25874.849000000046,25874.87,0.02099999995334656
34,25,Qalpha_keV,-8806.608999999997,-8806.62,0.011000000004059984
33,26,Sn_keV,6580.978000000061,6581.01,0.03199999993921665
33,26,Sp_keV,12125.546000000031,12125.57,0.023999999968509655
33,26,S2n_keV,16625.621000000043,16625.62,0.0010000000438594725
33,26,S2p_keV,22717.95200000005,22717.97,0.01799999995273538
33,26,Qalpha_keV,-7980.405000000028,-7980.44,0.034999999971660145
32,27,Sn_keV,10453.852999999945,10453.88,0.027000000054613338
32,27,Sp_keV,7363.613000000012,7363.62,0.006999999987783667
32,27,S2n_keV,19026.828000000038,19026.81,0.018000000036408892
32,27,S2p_keV,19320.948000000033,19320.93,0.018000000032770913
32,27,Qalpha_keV,-6942.320000000007,-6942.31,0.010000000006584742
31,28,Sn_keV,8999.259999999893,8999.28,0.020000000107756932
31,28,Sp_keV,8598.479999999923,8598.53,0.05000000007748895
31,28,S2n_keV,21215.49099999992,21215.53,0.03900000007706694
31,28,S2p_keV,15552.882999999973,15552.88,0.0029999999733263394
31,28,Qalpha_keV,-6100.376999999979,-6100.4,0.02300000002105662
30,29,Sn_keV,12761.90399999998,12761.91,0.006000000019412255
30,29,Sp_keV,3418.567999999912,3418.55,0.017999999911808118
30,29,S2n_keV,25192.102999999945,25192.11,0.00700000005599577
30,29,S2p_keV,11590.763000000035,11590.73,0.033000000035826815
30,29,Qalpha_keV,-4753.420000000042,-4753.39,0.030000000041582098
29,30,Sn_keV,12988.081000000006,12988.12,0.03899999999521242
29,30,Sp_keV,2836.746999999974,2836.79,0.04300000002604065
29,30,S2p_keV,5709.641999999934,5709.68,0.03800000006594928
29,30,Qalpha_keV,-4304.652999999933,-4304.65,0.0029999999333085725
37,23,Sn_keV,3481.255000000063,3481.26,0.004999999937354005
37,23,S2n_keV,9065.080000000075,9065.09,0.009999999925639713
36,24,Sn_keV,6683.67499999993,6683.7,0.025000000069667294
36,24,Sp_keV,15960.834999999963,15960.83,0.004999999962819857
36,24,S2n_keV,10811.759999999893,10811.78,0.020000000107756932
36,24,Qalpha_keV,-9723.447999999975,-9723.47,0.022000000024490873
35,25,Sn_keV,5513.940999999992,5513.93,0.010999999991327059
35,25,Sp_keV,12365.375,12365.42,0.04500000000007276
35,25,S2n_keV,13282.986000000034,13283.01,0.023999999966690666
35,25,S2p_keV,27226.360000000044,27226.38,0.019999999956780812
35,25,Qalpha_keV,-9269.732000000076,-9269.75,0.01799999992363155
34,26,Sn_keV,8819.559999999998,8819.53,0.029999999997016857
34,26,Sp_keV,13176.060999999987,13176.02,0.040999999986524926
34,26,S2n_keV,15400.538000000059,15400.54,0.0019999999421997927
34,26,S2p_keV,24155.579999999958,24155.59,0.010000000042055035
34,26,Qalpha_keV,-8556.043999999994,-8556.05,0.00600000000486034
33,27,Sn_keV,7491.944999999949,7491.92,0.0249999999487045
33,27,Sp_keV,8274.5799999999,8274.53,0.04999999989922799
33,27,S2n_keV,17945.797999999893,17945.8,0.002000000105908839
33,27,S2p_keV,20400.12599999993,20400.1,0.02599999993253732
33,27,Qalpha_keV,-7163.839999999967,-7163.79,0.04999999996744009
32,28,Sn_keV,11387.738000000012,11387.73,0.008000000012543751
32,28,Sp_keV,9532.36499999999,9532.38,0.01500000000851287
32,28,S2n_keV,20386.997999999905,20387.01,0.012000000093394192
32,28,S2p_keV,16895.978000000003,16896.01,0.03199999999560532
32,28,Qalpha_keV,-6291.027999999991,-6291.03,0.002000000008592906
31,29,Sn_keV,10058.110000000044,10058.14,0.0299999999551801
31,29,Sp_keV,4477.418000000063,4477.4,0.018000000063693733
31,29,S2n_keV,22820.014000000025,22820.05,0.035999999974592356
31,29,S2p_keV,13075.897999999986,13075.93,0.032000000013795216
31,29,Qalpha_keV,-4729.659999999974,-4729.67,0.01000000002568413
30,30,Sn_keV,15030.087000000058,15030.09,0.0029999999424035195
30,30,Sp_keV,5104.930000000051,5104.97,0.03999999994903192
30,30,S2n_keV,28018.168000000063,28018.21,0.04199999993579695
30,30,S2p_keV,8523.497999999963,8523.52,0.0220000000372238
30,30,Qalpha_keV,-2691.728000000061,-2691.74,0.011999999938780093
38,23,Sn_keV,5335.77899999998,5335.79,0.011000000019521394
38,23,S2n_keV,8817.034000000043,8817.05,0.015999999955965905
37,24,Sn_keV,4022.554000000062,4022.53,0.024000000061732862
37,24,Sp_keV,16502.13399999996,16502.1,0.033999999963270966
37,24,S2n_keV,10706.228999999992,10706.23,0.0010000000074796844
37,24,Qalpha_keV,-11012.435000000056,-11012.4,0.03500000005624315
36,25,Sn_keV,6845.535000000033,6845.5,0.03500000003259629
36,25,Sp_keV,12527.235000000102,12527.22,0.01500000010310032
36,25,S2n_keV,12359.476000000024,12359.44,0.03600000002370507
36,25,S2p_keV,28488.070000000065,28488.05,0.020000000065920176
36,25,Qalpha_keV,-9938.665000000095,-9938.65,0.015000000095824362
35,26,Sn_keV,5579.447999999975,5579.44,0.007999999975254468
35,26,Sp_keV,13241.56799999997,13241.53,0.03799999996954284
35,26,S2n_keV,14399.007999999973,14398.96,0.0479999999733991
35,26,S2p_keV,25606.94299999997,25606.95,0.007000000030529918
35,26,Qalpha_keV,-8821.300000000047,-8821.27,0.03000000004612957
34,27,Sn_keV,9319.181000000099,9319.22,0.03899999990062497
34,27,Sp_keV,8774.201000000001,8774.22,0.01899999999841384
34,27,S2n_keV,16811.126000000047,16811.14,0.013999999951920472
34,27,S2p_keV,21950.261999999988,21950.24,0.021999999986292096
34,27,Qalpha_keV,-7836.414000000106,-7836.41,0.004000000106316293
33,28,Sn_keV,7820.136000000057,7820.11,0.026000000057138095
33,28,Sp_keV,9860.556000000099,9860.57,0.013999999900988769
33,28,S2n_keV,19207.87400000007,19207.84,0.03400000006877235
33,28,S2p_keV,18135.136,18135.1,0.03600000000005821
33,28,Qalpha_keV,-6465.097000000067,-6465.06,0.03700000006665505
32,29,Sn_keV,11710.589999999967,11710.6,0.010000000032960088
32,29,Sp_keV,4800.270000000019,4800.27,1.8189894035458565e-11
32,29,S2n_keV,21768.70000000001,21768.74,0.03999999998995918
32,29,S2p_keV,14332.63500000001,14332.66,0.024999999990541255
32,29,Qalpha_keV,-5063.803000000073,-5063.8,0.003000000072461262
31,30,Sn_keV,10246.32600000006,10246.28,0.04600000005848415
31,30,Sp_keV,5293.146000000066,5293.11,0.03600000006645132
31,30,S2n_keV,25276.413000000117,25276.37,0.04300000011789962
31,30,S2p_keV,9770.56400000013,9770.51,0.05400000012923556
31,30,Qalpha_keV,-2690.395000000077,-2690.39,0.005000000076961442
30,31,Sp_keV,249.8289999999688,249.78,0.04899999996879956
30,31,S2p_keV,5354.75900000002,5354.75,0.009000000020023435
30,31,Qalpha_keV,-2251.20199999999,-2251.2,0.001999999990403012
38,24,Sn_keV,6511.143999999971,6511.19,0.04600000002847082
38,24,Sp_keV,17677.498999999953,17677.5,0.0010000000474974513
38,24,S2n_keV,10533.698000000033,10533.72,0.021999999966283212
36,26,Sn_keV,8028.83600000001,8028.87,0.03399999998964631
36,26,Sp_keV,14424.868999999948,14424.9,0.031000000051790266
36,26,S2n_keV,13608.283999999985,13608.31,0.026000000014391844
36,26,S2p_keV,26952.10400000005,26952.11,0.005999999950290658
36,26,Qalpha_keV,-9468.20399999991,-9468.24,0.03600000008918869
35,27,Sn_keV,6597.548999999999,6597.52,0.02899999999863212
35,27,Sp_keV,9792.302000000025,9792.3,0.0020000000258733053
35,27,S2n_keV,15916.730000000098,15916.74,0.009999999901992851
35,27,S2p_keV,23033.869999999995,23033.83,0.03999999999359716
35,27,Qalpha_keV,-8021.195999999996,-8021.18,0.01599999999598367
34,28,Sn_keV,10595.876000000047,10595.86,0.016000000046915375
34,28,Sp_keV,11137.251000000047,11137.21,0.041000000048370566
34,28,S2n_keV,18416.012000000104,18415.96,0.05200000010518124
34,28,S2p_keV,19911.45200000005,19911.43,0.022000000048137736
34,28,Qalpha_keV,-7016.3300000000745,-7016.31,0.02000000007410563
33,29,Sn_keV,8874.478000000003,8874.45,0.028000000002066372
33,29,Sp_keV,5854.611999999965,5854.61,0.0019999999649371603
33,29,S2n_keV,20585.06799999997,20585.05,0.017999999970925273
33,29,S2p_keV,15715.168000000063,15715.19,0.021999999937179382
33,29,Qalpha_keV,-5365.305999999982,-5365.32,0.01400000001740409
32,30,Sn_keV,12890.103999999817,12890.14,0.03600000018195715
32,30,Sp_keV,6472.659999999916,6472.65,0.009999999916544766
32,30,S2n_keV,23136.429999999877,23136.41,0.019999999876745278
32,30,S2p_keV,11272.929999999935,11272.92,0.00999999993473466
32,30,Qalpha_keV,-3364.267999999807,-3364.27,0.002000000192765583
31,31,Sn_keV,12923.201000000001,12923.22,0.01899999999841384
31,31,Sp_keV,2926.7039999999106,2926.73,0.026000000089425157
31,31,S2p_keV,8219.849999999977,8219.84,0.009999999976571416
31,31,Qalpha_keV,-2744.204000000027,-2744.23,0.025999999973009835
39,24,Sn_keV,2898.496000000101,2898.47,0.026000000101248588
39,24,S2n_keV,9409.640000000072,9409.66,0.01999999992767698
38,25,Sp_keV,13281.085000000021,13281.06,0.025000000021464075
38,25,S2n_keV,11287.547999999952,11287.57,0.022000000048137736
38,25,S2p_keV,30958.583999999973,30958.57,0.013999999973748345
38,25,Qalpha_keV,-11479.957999999984,-11479.95,0.00799999998343992
37,26,Sn_keV,4828.903000000049,4828.89,0.013000000049032678
37,26,S2n_keV,12857.73900000006,12857.76,0.020999999940613634
37,26,S2p_keV,27758.453000000038,27758.47,0.01699999996344559
37,26,Qalpha_keV,-10169.021999999997,-10169.05,0.028000000002066372
36,27,Sn_keV,8498.494000000064,8498.49,0.004000000064479536
36,27,Sp_keV,10261.96000000008,10261.92,0.04000000007908966
36,27,S2n_keV,15096.043000000063,15096.01,0.033000000063111656
36,27,S2p_keV,24686.829000000027,24686.82,0.009000000027299393
36,27,Qalpha_keV,-8750.645000000019,-8750.59,0.05500000001848093
35,28,Sn_keV,6837.765999999945,6837.78,0.014000000054693373
35,28,Sp_keV,11377.467999999993,11377.47,0.002000000005864422
35,28,S2n_keV,17433.641999999993,17433.63,0.011999999991530785
35,28,S2p_keV,21169.77000000002,21169.77,1.8189894035458565e-11
35,28,Qalpha_keV,-7273.118000000017,-7273.07,0.048000000017054845
34,29,Sn_keV,10863.66499999992,10863.65,0.014999999921201379
34,29,Sp_keV,6122.400999999838,6122.41,0.009000000161904609
34,29,S2n_keV,19738.142999999924,19738.1,0.04299999992508674
34,29,S2p_keV,17259.651999999885,17259.62,0.03199999988646596
34,29,Qalpha_keV,-5775.1179999999,-5775.09,0.027999999900202965
33,30,Sn_keV,9116.933000000194,9116.92,0.013000000193642336
33,30,Sp_keV,6715.115000000107,6715.12,0.0049999998927887646
33,30,S2n_keV,22007.03700000001,22007.05,0.012999999988096533
33,30,S2p_keV,12569.727000000072,12569.73,0.0029999999278516043
33,30,Qalpha_keV,-3481.941000000108,-3481.91,0.031000000108178938
32,31,Sn_keV,12631.967999999993,12631.96,0.007999999994353857
32,31,Sp_keV,2668.5680000000866,2668.55,0.0180000000864311
32,31,S2n_keV,25555.168999999994,25555.18,0.011000000005878974
32,31,S2p_keV,9141.228000000003,9141.2,0.028000000002066372
32,31,Qalpha_keV,-2614.26800000004,-2614.28,0.011999999960153218
31,32,Sp_keV,2223.738000000012,2223.74,0.001999999987674528
31,32,S2p_keV,5150.441999999923,5150.47,0.028000000077554432
31,32,Qalpha_keV,-2131.195000000065,-2131.18,0.01500000006535629
39,25,Sn_keV,4173.324999999953,4173.3,0.024999999953251972
39,25,Sp_keV,14555.913999999873,14555.89,0.023999999873922206
39,25,Qalpha_keV,-12172.027999999933,-12171.99,0.03799999993316305
38,26,Sn_keV,7405.244999999995,7405.24,0.004999999995561666
38,26,Sp_keV,15371.469000000041,15371.46,0.009000000041851308
38,26,S2n_keV,12234.148000000045,12234.13,0.01800000004550384
38,26,S2p_keV,28652.554000000062,28652.53,0.024000000063097104
38,26,Qalpha_keV,-10890.592000000062,-10890.58,0.012000000062471372
37,27,Sn_keV,6012.1879999999655,6012.21,0.022000000034495315
37,27,Sp_keV,11445.244999999995,11445.24,0.004999999995561666
37,27,S2n_keV,14510.68200000003,14510.7,0.017999999970925273
37,27,Qalpha_keV,-9248.891999999993,-9248.87,0.021999999991749064
36,28,Sn_keV,9657.437999999966,9657.47,0.0320000000338041
36,28,Sp_keV,12536.411999999895,12536.45,0.03800000010596705
36,28,S2n_keV,16495.20399999991,16495.25,0.04600000008940697
36,28,S2p_keV,22798.371999999974,22798.37,0.001999999974941602
36,28,Qalpha_keV,-8110.995999999926,-8111.02,0.02400000007401104
35,29,Sn_keV,7916.099000000046,7916.11,0.010999999954037776
35,29,Sp_keV,7200.7339999999385,7200.74,0.006000000061249011
35,29,S2n_keV,18779.763999999966,18779.76,0.003999999968073098
35,29,S2p_keV,18578.201999999932,18578.21,0.008000000067113433
35,29,Qalpha_keV,-6199.271999999997,-6199.29,0.018000000002757588
34,30,Sn_keV,11861.960999999894,11862.0,0.039000000106170774
34,30,Sp_keV,7713.41100000008,7713.46,0.04899999991994264
34,30,S2n_keV,20978.894000000088,20978.91,0.01599999991231016
34,30,S2p_keV,13835.811999999918,13835.87,0.05800000008275674
34,30,Qalpha_keV,-3956.1639999999898,-3956.17,0.006000000010317308
33,31,Sn_keV,10356.98199999996,10356.98,0.0019999999603896867
33,31,Sp_keV,3908.616999999853,3908.61,0.006999999852723704
33,31,S2n_keV,22988.949999999953,22988.94,0.009999999954743544
33,31,S2p_keV,10623.73199999996,10623.73,0.0019999999603896867
33,31,Qalpha_keV,-2913.1399999998976,-2913.11,0.029999999897427188
32,32,Sn_keV,15465.564000000013,15465.6,0.03599999998732528
32,32,Sp_keV,5057.334000000032,5057.37,0.03599999996822589
32,32,S2p_keV,7725.902000000118,7725.93,0.02799999988201307
32,32,Qalpha_keV,-2566.6720000000205,-2566.68,0.007999999979347194
40,25,Sn_keV,6049.577000000048,6049.62,0.04299999995146209
40,25,S2n_keV,10222.902000000002,10222.92,0.017999999998210114
40,25,Qalpha_keV,-12885.826000000001,-12885.83,0.003999999998995918
39,26,Sn_keV,4323.232999999891,4323.27,0.0370000001094013
39,26,Sp_keV,15521.376999999979,15521.43,0.05300000002171146
39,26,S2n_keV,11728.477999999886,11728.51,0.03200000011383963
39,26,S2p_keV,30077.290999999852,30077.32,0.02900000014778925
39,26,Qalpha_keV,-11191.27099999995,-11191.32,0.04900000005000038
38,27,Sn_keV,7464.62799999991,7464.63,0.002000000090447429
38,27,Sp_keV,11504.62799999991,11504.62,0.007999999908861355
38,27,S2n_keV,13476.815999999875,13476.83,0.014000000124724465
38,27,S2p_keV,26876.09699999995,26876.09,0.006999999950494384
38,27,Qalpha_keV,-9867.98499999987,-9867.99,0.005000000130166882
37,28,Sn_keV,6098.089000000036,6098.08,0.00900000003639434
37,28,Sp_keV,12622.312999999966,12622.32,0.007000000034167897
37,28,S2n_keV,15755.527000000002,15755.55,0.02299999999740976
37,28,S2p_keV,24067.55799999996,24067.56,0.0020000000404252205
37,28,Qalpha_keV,-8629.636999999988,-8629.66,0.023000000011961674
36,29,Sn_keV,9910.693000000087,9910.68,0.013000000086321961
36,29,Sp_keV,7453.98900000006,7453.95,0.039000000059786544
36,29,S2n_keV,17826.792000000132,17826.79,0.0020000001313746907
36,29,S2p_keV,19990.400999999954,19990.4,0.0009999999529100023
36,29,Qalpha_keV,-6790.783999999985,-6790.75,0.03399999998509884
35,30,Sn_keV,7979.366000000038,7979.33,0.036000000038256985
35,30,Sp_keV,7776.678000000073,7776.68,0.0019999999276478775
35,30,S2n_keV,19841.326999999932,19841.32,0.00699999993230449
35,30,S2p_keV,14977.412000000011,14977.42,0.007999999988896889
35,30,Qalpha_keV,-4115.393999999971,-4115.39,0.003999999970801582
34,31,Sn_keV,11895.88500000001,11895.89,0.004999999990104698
34,31,Sp_keV,3942.5409999999683,3942.51,0.030999999968116754
34,31,S2n_keV,22252.86699999997,22252.87,0.003000000029715011
34,31,S2p_keV,11655.952000000048,11655.97,0.01799999995091639
34,31,Qalpha_keV,-3098.4349999999395,-3098.41,0.024999999939609552
33,32,Sn_keV,10234.097999999998,10234.04,0.05799999999726424
33,32,Sp_keV,4934.45000000007,4934.44,0.01000000007024937
33,32,S2n_keV,25699.66200000001,25699.63,0.03200000001015724
33,32,S2p_keV,8843.066999999923,8843.05,0.016999999923427822
33,32,Qalpha_keV,-2554.4439999999013,-2554.44,0.003999999901225237
32,33,Sp_keV,-89.46199999994133,-89.47,0.008000000058672185
32,33,S2p_keV,4967.87200000009,4967.9,0.027999999909297912
32,33,Qalpha_keV,-2227.381000000052,-2227.42,0.038999999947918695
41,25,Sn_keV,3854.4030000000494,3854.37,0.033000000049469236
41,25,S2n_keV,9903.980000000098,9903.99,0.009999999901992851
40,26,Sn_keV,6917.719000000041,6917.66,0.05900000004112371
40,26,Sp_keV,16389.51899999997,16389.47,0.04899999996996485
40,26,S2n_keV,11240.951999999932,11240.93,0.021999999931722414
40,26,Qalpha_keV,-11597.84600000002,-11597.79,0.05600000001868466
39,27,Sn_keV,5294.646000000066,5294.65,0.003999999933512299
39,27,Sp_keV,12476.041000000085,12476.01,0.031000000084532076
39,27,S2n_keV,12759.273999999976,12759.28,0.006000000024869223
39,27,S2p_keV,27997.418000000063,27997.44,0.021999999935360393
38,28,Sn_keV,8952.382999999914,8952.36,0.022999999913736247
38,28,Sp_keV,14110.06799999997,14110.06,0.007999999970706995
38,28,S2n_keV,15050.47199999995,15050.44,0.031999999950130587
38,28,S2p_keV,25614.69599999988,25614.68,0.01599999987956835
38,28,Qalpha_keV,-9553.183999999892,-9553.15,0.03399999989233038
37,29,Sn_keV,7065.908999999869,7065.93,0.02100000013160752
37,29,Sp_keV,8421.808999999892,8421.8,0.008999999892694177
37,29,S2n_keV,16976.601999999955,16976.61,0.00800000004528556
37,29,S2p_keV,21044.121999999858,21044.12,0.00199999985852628
37,29,Qalpha_keV,-7259.143999999855,-7259.16,0.016000000145140802
36,30,Sn_keV,11058.54999999993,11058.58,0.030000000069776434
36,30,Sp_keV,8924.534999999916,8924.58,0.04500000008374627
36,30,S2n_keV,19037.91599999997,19037.91,0.005999999968480552
36,30,S2p_keV,16378.523999999976,16378.53,0.006000000024869223
36,30,Qalpha_keV,-4578.067999999854,-4578.12,0.052000000146108505
35,31,Sn_keV,9138.017000000109,9138.05,0.03299999989030766
35,31,Sp_keV,5101.192000000039,5101.23,0.037999999960447894
35,31,S2n_keV,21033.90200000012,21033.95,0.04799999988244963
35,31,S2p_keV,12877.870000000112,12877.91,0.03999999988809577
35,31,Qalpha_keV,-3361.9740000000456,-3362.01,0.03599999995458347
34,32,Sn_keV,13200.071999999927,13200.13,0.058000000071842805
34,32,Sp_keV,6238.636999999988,6238.68,0.04300000001239823
34,32,S2n_keV,23434.169999999925,23434.17,7.275957614183426e-11
34,32,S2p_keV,10181.177999999956,10181.18,0.0020000000440631993
34,32,Qalpha_keV,-2864.412000000011,-2864.44,0.0279999999888787
33,33,Sn_keV,13159.387999999919,13159.34,0.04799999991882942
33,33,Sp_keV,2835.8279999999795,2835.83,0.002000000020416337
33,33,S2p_keV,7770.278000000049,7770.27,0.008000000048923539
33,33,Qalpha_keV,-2463.56799999997,-2463.55,0.01799999997001578
41,26,Sn_keV,4071.9860000000335,4072.01,0.023999999966690666
41,26,Sp_keV,16607.101999999955,16607.11,0.00800000004528556
41,26,S2n_keV,10989.705000000075,10989.67,0.035000000074433046
41,26,Qalpha_keV,-12771.335999999894,-12771.33,0.005999999893901986
40,27,Sn_keV,6984.540999999968,6984.56,0.019000000032065145
40,27,Sp_keV,12542.863000000012,12542.91,0.04699999998774729
40,27,S2n_keV,12279.187000000034,12279.21,0.02299999996466795
40,27,S2p_keV,28932.381999999983,28932.38,0.0019999999822175596
40,27,Qalpha_keV,-10859.623999999953,-10859.64,0.016000000046915375
39,28,Sn_keV,5807.722000000067,5807.71,0.012000000067018846
39,28,Sp_keV,14623.143999999971,14623.12,0.023999999970328645
39,28,S2n_keV,14760.104999999981,14760.07,0.03499999998166459
39,28,S2p_keV,27099.185000000056,27099.13,0.05500000005486072
39,28,Qalpha_keV,-10532.00299999991,-10531.97,0.032999999910316546
38,29,Sn_keV,9131.995000000112,9132.03,0.03499999988889613
38,29,Sp_keV,8601.42100000009,8601.46,0.03899999990971992
38,29,S2n_keV,16197.90399999998,16197.96,0.05600000001868466
38,29,S2p_keV,22711.48900000006,22711.52,0.030999999940831913
38,29,Qalpha_keV,-7892.644999999902,-7892.69,0.04500000009738869
37,30,Sn_keV,7052.33600000001,7052.32,0.016000000010535587
37,30,Sp_keV,8910.962000000058,8910.97,0.007999999941603164
37,30,S2n_keV,18110.88599999994,18110.9,0.014000000061059836
37,30,S2p_keV,17332.77099999995,17332.77,0.0009999999492720235
37,30,Qalpha_keV,-4792.637999999919,-4792.66,0.022000000080879545
36,31,Sn_keV,11226.15399999998,11226.15,0.003999999980806024
36,31,Sp_keV,5268.796000000089,5268.8,0.003999999910774932
36,31,S2n_keV,20364.17100000009,20364.2,0.02899999991132063
36,31,S2p_keV,14193.331000000006,14193.38,0.04899999999361171
36,31,Qalpha_keV,-3724.4630000001052,-3724.51,0.04699999989497883
35,32,Sn_keV,9122.309000000008,9122.29,0.019000000007508788
35,32,Sp_keV,6222.928999999887,6222.91,0.018999999887455488
35,32,S2n_keV,22322.380999999936,22322.42,0.03900000006251503
35,32,S2p_keV,11324.120999999926,11324.15,0.029000000073210686
35,32,Qalpha_keV,-2869.787999999826,-2869.81,0.022000000174102752
34,33,Sn_keV,12633.457999999984,12633.47,0.012000000015177648
34,33,Sp_keV,2269.2140000000363,2269.16,0.0540000000364671
34,33,S2n_keV,25792.845999999903,25792.81,0.03599999990183278
34,33,S2p_keV,8507.851000000024,8507.84,0.011000000024068868
34,33,Qalpha_keV,-2465.057999999961,-2465.05,0.007999999960702553
33,34,Sp_keV,1844.1799999999348,1844.18,6.52562448522076e-11
33,34,S2p_keV,4680.007999999914,4680.01,0.0020000000858999556
33,34,Qalpha_keV,-2084.009999999893,-2083.99,0.019999999893116183
42,26,Sn_keV,5828.129999999888,5828.14,0.010000000112086127
42,26,S2n_keV,9900.115999999922,9900.14,0.02400000007764902
41,27,Sn_keV,4673.304999999935,4673.26,0.04499999993458914
41,27,Sp_keV,13144.181999999913,13144.16,0.02199999991353252
41,27,S2n_keV,11657.845999999903,11657.82,0.02599999990343349
41,27,S2p_keV,29751.28399999987,29751.28,0.00399999986984767
41,27,Qalpha_keV,-11359.603999999934,-11359.6,0.003999999933512299
40,28,Sn_keV,7792.438000000082,7792.45,0.011999999917861714
40,28,Sp_keV,15431.041000000085,15431.01,0.031000000084532076
40,28,S2n_keV,13600.160000000149,13600.16,1.4915713109076023e-10
40,28,S2p_keV,27973.904000000097,27973.92,0.015999999901396222
40,28,Qalpha_keV,-10919.195999999996,-10919.19,0.005999999995765393
39,29,Sn_keV,6319.570999999996,6319.57,0.000999999996565748
39,29,Sp_keV,9113.270000000019,9113.33,0.05999999998130079
39,29,S2n_keV,15451.566000000108,15451.6,0.03399999989233038
39,29,S2p_keV,23736.41399999999,23736.44,0.026000000008934876
39,29,Qalpha_keV,-8200.027999999933,-8200.06,0.03200000006654591
38,30,Sn_keV,10198.119999999995,10198.1,0.01999999999497959
38,30,Sp_keV,9977.086999999941,9977.04,0.04699999994045356
38,30,S2n_keV,17250.456000000006,17250.42,0.036000000007334165
38,30,S2p_keV,18578.50800000003,18578.5,0.008000000030733645
38,30,Qalpha_keV,-5333.319999999949,-5333.28,0.03999999994903192
37,31,Sn_keV,8278.175999999978,8278.17,0.005999999977575499
37,31,Sp_keV,6494.636000000057,6494.65,0.013999999942825525
37,31,S2n_keV,19504.329999999958,19504.32,0.009999999958381522
37,31,S2p_keV,15405.598000000115,15405.62,0.02199999988624768
37,31,Qalpha_keV,-4086.5400000000373,-4086.57,0.029999999962910806
36,32,Sn_keV,12392.097000000067,12392.1,0.0029999999333085725
36,32,Sp_keV,7388.871999999974,7388.86,0.011999999974250386
36,32,S2n_keV,21514.406000000075,21514.39,0.016000000076019205
36,32,S2p_keV,12657.668000000063,12657.67,0.0019999999367428245
36,32,Qalpha_keV,-3399.923999999999,-3399.92,0.003999999998995918
35,33,Sn_keV,10378.60400000005,10378.61,0.005999999950290658
35,33,Sp_keV,3525.5090000000782,3525.48,0.029000000078212906
35,33,S2n_keV,23012.062000000034,23012.08,0.017999999967287295
35,33,S2p_keV,9748.437999999966,9748.4,0.03799999996590486
35,33,Qalpha_keV,-2486.680000000051,-2486.68,5.1386450650170445e-11
34,34,Sn_keV,15680.418000000063,15680.47,0.05199999993601523
34,34,Sp_keV,4891.140000000014,4891.19,0.049999999985629984
34,34,S2p_keV,7160.35400000005,7160.35,0.004000000049927621
34,34,Qalpha_keV,-2298.863999999943,-2298.86,0.003999999943061994
42,27,Sn_keV,6316.678000000073,6316.68,0.0019999999276478775
42,27,Sp_keV,13632.730000000098,13632.71,0.020000000098661985
42,27,S2n_keV,10989.983000000007,10989.94,0.043000000006941264
42,27,Qalpha_keV,-11626.704999999958,-11626.66,0.044999999958236
41,28,Sn_keV,4586.142999999924,4586.15,0.007000000076004653
41,28,Sp_keV,15343.879000000074,15343.9,0.02099999992606172
41,28,S2n_keV,12378.581000000006,12378.6,0.018999999994775862
41,28,S2p_keV,28488.060999999987,28488.06,0.0009999999856518116
41,28,Qalpha_keV,-11182.106000000029,-11182.07,0.03600000002916204
40,29,Sn_keV,8240.555999999982,8240.5,0.05599999998230487
40,29,Sp_keV,9561.387999999919,9561.37,0.01799999991817458
40,29,S2n_keV,14560.126999999979,14560.07,0.05699999997887062
40,29,S2p_keV,24992.429000000004,24992.38,0.049000000002706656
40,29,Qalpha_keV,-8975.956000000006,-8975.93,0.026000000005296897
39,30,Sn_keV,6482.058000000077,6482.07,0.011999999922409188
39,30,Sp_keV,10139.574000000022,10139.54,0.03400000002147863
39,30,S2n_keV,16680.178000000073,16680.17,0.00800000007438939
39,30,S2p_keV,19252.84400000004,19252.86,0.015999999959603883
39,30,Qalpha_keV,-5717.28899999999,-5717.27,0.018999999989318894
38,31,Sn_keV,10313.398999999976,10313.37,0.028999999974985258
38,31,Sp_keV,6609.915000000037,6609.92,0.004999999962819857
38,31,S2n_keV,18591.574999999953,18591.54,0.034999999952560756
38,31,S2p_keV,16587.00199999998,16586.96,0.041999999979452696
38,31,Qalpha_keV,-4489.245999999926,-4489.26,0.014000000073792762
37,32,Sn_keV,8193.198999999906,8193.18,0.01899999990564538
37,32,Sp_keV,7303.894999999902,7303.88,0.01499999990210199
37,32,S2n_keV,20585.295999999973,20585.28,0.0159999999741558
37,32,S2p_keV,13798.530999999959,13798.53,0.0009999999583669705
37,32,Qalpha_keV,-3613.756999999867,-3613.77,0.013000000133160938
36,33,Sn_keV,12288.919999999925,12288.96,0.04000000007363269
36,33,Sp_keV,3422.3319999999367,3422.34,0.008000000063475454
36,33,S2n_keV,22667.523999999976,22667.57,0.04600000002392335
36,33,S2p_keV,10811.20399999991,10811.21,0.006000000088533852
36,33,Qalpha_keV,-2879.7149999999674,-2879.75,0.03500000003259629
35,34,Sn_keV,10316.587000000058,10316.58,0.007000000057814759
35,34,Sp_keV,4829.123000000021,4829.16,0.03699999997843406
35,34,S2n_keV,25997.00500000012,25997.05,0.04499999987820047
35,34,S2p_keV,8354.6320000001,8354.64,0.007999999899766408
35,34,Qalpha_keV,-2381.353000000003,-2381.41,0.05699999999706051
34,35,Sp_keV,-788.9629999999888,-789.0,0.03700000001117587
34,35,S2p_keV,4102.177000000025,4102.19,0.012999999974454113
34,35,Qalpha_keV,-1599.3629999998957,-1599.34,0.022999999895773726
43,27,Sn_keV,4821.540000000037,4821.58,0.03999999996267434
43,27,S2n_keV,11138.21800000011,11138.27,0.051999999890540494
43,27,Qalpha_keV,-12593.841999999946,-12593.88,0.038000000053216354
42,28,Sn_keV,7306.53899999999,7306.53,0.00899999999001011
42,28,Sp_keV,16333.73999999999,16333.75,0.010000000009313226
42,28,S2n_keV,11892.681999999913,11892.68,0.0019999999130959623
42,28,S2p_keV,29966.47000000009,29966.45,0.02000000008774805
42,28,Qalpha_keV,-11570.925999999978,-11570.94,0.014000000022861059
41,29,Sn_keV,5311.473999999929,5311.48,0.006000000070343958
41,29,Sp_keV,10286.718999999925,10286.69,0.028999999924053554
41,29,S2n_keV,13552.029999999912,13551.97,0.05999999991217919
41,29,S2p_keV,25630.597999999998,25630.59,0.007999999997991836
41,29,Qalpha_keV,-8992.783999999869,-8992.75,0.03399999986868352
40,30,Sn_keV,9218.39599999995,9218.43,0.03400000005058246
40,30,Sp_keV,11117.41399999999,11117.47,0.05600000000958971
40,30,S2n_keV,15700.454000000027,15700.5,0.045999999972991645
40,30,S2p_keV,20678.80199999991,20678.84,0.03800000009141513
40,30,Qalpha_keV,-5983.302000000025,-5983.34,0.03799999997499981
39,31,Sn_keV,7653.649000000092,7653.65,0.0009999999074352672
39,31,Sp_keV,7781.506000000052,7781.5,0.006000000052154064
39,31,S2n_keV,17967.048000000068,17967.02,0.02800000006754999
39,31,S2p_keV,17921.080000000075,17921.04,0.04000000007363269
39,31,Qalpha_keV,-5076.98600000015,-5076.98,0.006000000150379492
38,32,Sn_keV,11532.483000000124,11532.5,0.016999999876134098
38,32,Sp_keV,8522.97900000005,8523.01,0.03099999994992686
38,32,S2n_keV,19725.68200000003,19725.68,0.002000000029511284
38,32,S2p_keV,15132.894000000088,15132.93,0.035999999912746716
38,32,Qalpha_keV,-4087.6900000000605,-4087.69,6.048139766789973e-11
37,33,Sn_keV,9301.040000000037,9300.99,0.05000000003747118
37,33,Sp_keV,4530.173000000068,4530.15,0.023000000068350346
37,33,S2n_keV,21589.959999999963,21589.95,0.009999999962019501
37,33,S2p_keV,11834.06799999997,11834.03,0.03799999996954284
37,33,Qalpha_keV,-3042.7379999998957,-3042.69,0.0479999998956373
36,34,Sn_keV,13566.526999999885,13566.5,0.026999999885447323
36,34,Sp_keV,6106.729999999981,6106.7,0.029999999981555447
36,34,S2n_keV,23883.113999999943,23883.08,0.03399999994144309
36,34,S2p_keV,9529.061999999918,9529.04,0.0219999999171705
36,34,Qalpha_keV,-2747.807999999961,-2747.77,0.03799999996090264
35,35,Sn_keV,13385.486999999965,13385.47,0.01699999996526458
35,35,Sp_keV,2279.936999999918,2279.88,0.056999999917934474
35,35,S2p_keV,7109.0599999999395,7109.04,0.019999999939500412
35,35,Qalpha_keV,-1825.4619999999413,-1825.46,0.001999999941290298
44,27,Sn_keV,5521.944000000018,5521.89,0.05400000001736771
44,27,S2n_keV,10343.484000000055,10343.47,0.014000000055602868
43,28,Sn_keV,4263.706000000122,4263.68,0.02600000012171222
43,28,Sp_keV,15775.906000000075,15775.85,0.05600000007507333
43,28,S2n_keV,11570.245000000112,11570.21,0.035000000112631824
43,28,Qalpha_keV,-11762.646000000066,-11762.61,0.036000000065541826
42,29,Sn_keV,7806.012000000104,7806.07,0.05799999989540083
42,29,Sp_keV,10786.19200000004,10786.24,0.04799999996066617
42,29,S2n_keV,13117.486000000034,13117.55,0.06399999996574479
42,29,S2p_keV,27119.93200000003,27119.98,0.04799999996976112
42,29,Qalpha_keV,-9814.255000000005,-9814.27,0.014999999995779945
41,30,Sn_keV,5835.420999999973,5835.38,0.040999999972882506
41,30,Sp_keV,11641.361000000034,11641.37,0.008999999967272743
41,30,S2n_keV,15053.816999999923,15053.81,0.006999999923209543
41,30,S2p_keV,21928.079999999958,21928.07,0.009999999958381522
41,30,Qalpha_keV,-6011.000999999931,-6011.01,0.00900000006913615
40,31,Sn_keV,9300.283999999869,9300.28,0.003999999868028681
40,31,Sp_keV,7863.393999999971,7863.36,0.03399999997145642
40,31,S2n_keV,16953.93299999996,16953.93,0.0029999999605934136
40,31,S2p_keV,18980.80799999996,18980.83,0.022000000040861778
40,31,Qalpha_keV,-5245.274999999907,-5245.23,0.0449999999073043
39,32,Sn_keV,7415.9379999999655,7415.94,0.0020000000340587576
39,32,Sp_keV,8285.267999999924,8285.3,0.032000000075640855
39,32,S2n_keV,18948.42100000009,18948.44,0.01899999990928336
39,32,S2p_keV,16066.773999999976,16066.8,0.02600000002348679
39,32,Qalpha_keV,-4451.292000000016,-4451.31,0.017999999984567694
38,33,Sn_keV,11622.552000000025,11622.54,0.012000000024272595
38,33,Sp_keV,4620.241999999969,4620.19,0.05199999996966653
38,33,S2n_keV,20923.592000000062,20923.53,0.062000000063562766
38,33,S2p_keV,13143.22100000002,13143.2,0.02100000001883018
38,33,Qalpha_keV,-3439.1359999999404,-3439.08,0.055999999940468115
37,34,Sn_keV,9287.95000000007,9287.93,0.020000000069558155
37,34,Sp_keV,6093.640000000014,6093.64,1.3642420526593924e-11
37,34,S2n_keV,22854.476999999955,22854.43,0.04699999995500548
37,34,S2p_keV,10623.813000000082,10623.79,0.02300000008108327
37,34,Qalpha_keV,-2913.4490000000224,-2913.42,0.029000000022278982
36,35,Sn_keV,13148.081999999937,13148.12,0.03800000006413029
36,35,Sp_keV,1861.4919999999693,1861.5,0.008000000030733645
36,35,S2n_keV,26533.5689999999,26533.58,0.011000000100466423
36,35,S2p_keV,7968.221999999951,7968.2,0.021999999950821802
36,35,Qalpha_keV,-2340.085999999894,-2340.11,0.024000000106298103
35,36,Sp_keV,2190.5100000000093,2190.56,0.049999999990632205
35,36,S2p_keV,4470.446999999927,4470.44,0.006999999927757017
35,36,Qalpha_keV,-2171.792000000016,-2171.83,0.03799999998409476
44,28,Sn_keV,6891.115999999805,6891.15,0.03400000019428262
44,28,Sp_keV,17145.077999999863,17145.11,0.032000000137486495
44,28,S2n_keV,11154.821999999927,11154.83,0.008000000072570401
44,28,Qalpha_keV,-12825.631999999983,-12825.63,0.001999999984036549
43,29,Sn_keV,5143.237999999896,5143.19,0.04799999989609205
43,29,Sp_keV,11665.723999999813,11665.74,0.01600000018697756
43,29,S2n_keV,12949.25,12949.26,0.010000000000218279
43,29,S2p_keV,27441.62999999989,27441.59,0.03999999988809577
43,29,Qalpha_keV,-10284.187999999966,-10284.19,0.0020000000349682523
42,30,Sn_keV,8887.977000000072,8888.03,0.052999999928943
42,30,Sp_keV,12723.326000000001,12723.33,0.003999999998995918
42,30,S2n_keV,14723.398000000045,14723.41,0.011999999955150997
42,30,S2p_keV,23509.51800000004,23509.57,0.05199999995966209
42,30,Qalpha_keV,-7106.539999999921,-7106.59,0.05000000007930794
41,31,Sn_keV,6520.452000000048,6520.48,0.02799999995113467
41,31,Sp_keV,8548.425000000047,8548.45,0.024999999954161467
41,31,S2n_keV,15820.735999999917,15820.76,0.024000000083105988
41,31,S2p_keV,20189.78600000008,20189.82,0.03399999991961522
41,31,Qalpha_keV,-5446.155999999959,-5446.14,0.01599999995869439
40,32,Sn_keV,10750.771999999997,10750.76,0.011999999996987754
40,32,Sp_keV,9735.756000000052,9735.77,0.013999999948282493
40,32,S2n_keV,18166.709999999963,18166.7,0.009999999962019501
40,32,S2p_keV,17599.150000000023,17599.13,0.02000000002226443
40,32,Qalpha_keV,-5003.944000000018,-5003.97,0.02599999998255953
39,33,Sn_keV,8408.043999999994,8408.06,0.01600000000507862
39,33,Sp_keV,5612.347999999998,5612.31,0.03799999999773718
39,33,S2n_keV,20030.59600000002,20030.6,0.003999999978987034
39,33,S2p_keV,13897.615999999922,13897.61,0.005999999921186827
39,33,Qalpha_keV,-3569.003999999957,-3568.97,0.03399999995735925
38,34,Sn_keV,12792.947999999975,12792.99,0.04200000002492743
38,34,Sp_keV,7264.035999999964,7264.09,0.0540000000364671
38,34,S2n_keV,22080.898000000045,22080.92,0.021999999953550287
38,34,S2p_keV,11884.277999999933,11884.29,0.01200000006792834
38,34,Qalpha_keV,-3314.29999999993,-3314.31,0.010000000069794623
37,35,Sn_keV,10636.206000000006,10636.22,0.013999999993757228
37,35,Sp_keV,3209.747999999905,3209.78,0.03200000009519499
37,35,S2n_keV,23784.287999999942,23784.34,0.05200000005788752
37,35,S2p_keV,9303.387999999919,9303.43,0.0420000000813161
37,35,Qalpha_keV,-2597.687999999849,-2597.72,0.03200000015067417
36,36,Sn_keV,15684.738000000012,15684.69,0.048000000011597876
36,36,Sp_keV,4727.166000000085,4727.13,0.036000000084641215
36,36,S2p_keV,6588.658000000054,6588.62,0.03800000005412585
36,36,Qalpha_keV,-2176.1119999999646,-2176.05,0.06199999996442784
45,28,Sn_keV,3953.404000000097,3953.41,0.005999999902996933
45,28,S2n_keV,10844.519999999902,10844.56,0.04000000009727955
44,29,Sn_keV,7275.737000000081,7275.76,0.022999999919193215
44,29,Sp_keV,12050.345000000088,12050.35,0.004999999911888153
44,29,S2n_keV,12418.974999999977,12418.94,0.03499999997620762
44,29,S2p_keV,29195.42299999995,29195.45,0.02700000004915637
44,29,Qalpha_keV,-11243.246999999974,-11243.27,0.02300000002651359
43,30,Sn_keV,5519.296999999904,5519.23,0.06699999990451033
43,30,Sp_keV,13099.38500000001,13099.37,0.01500000000851287
43,30,S2n_keV,14407.273999999976,14407.26,0.013999999975567334
43,30,S2p_keV,24765.108999999822,24765.12,0.011000000176863978
43,30,Qalpha_keV,-8039.693999999901,-8039.67,0.023999999901207048
42,31,Sn_keV,9182.392999999924,9182.4,0.007000000076004653
42,31,Sp_keV,8842.840999999898,8842.82,0.020999999898776878
42,31,S2n_keV,15702.844999999972,15702.87,0.025000000028740033
42,31,S2p_keV,21566.1669999999,21566.15,0.01699999989796197
42,31,Qalpha_keV,-6387.9929999999,-6388.04,0.047000000099615136
41,32,Sn_keV,6782.9370000000345,6782.94,0.002999999965140887
41,32,Sp_keV,9998.241000000038,9998.24,0.0010000000384025043
41,32,S2n_keV,17533.70900000003,17533.7,0.009000000030937372
41,32,S2p_keV,18546.666000000085,18546.69,0.023999999913939973
41,32,Qalpha_keV,-5304.822999999975,-5304.84,0.01700000002529123
40,33,Sn_keV,10794.241000000038,10794.27,0.028999999962252332
40,33,Sp_keV,5655.817000000039,5655.82,0.0029999999605934136
40,33,S2n_keV,19202.285000000033,19202.33,0.04499999996914994
40,33,S2p_keV,15391.573000000091,15391.59,0.016999999908875907
40,33,Qalpha_keV,-4049.8460000000196,-4049.87,0.023999999980333087
39,34,Sn_keV,8430.52600000007,8430.53,0.0039999999298743205
39,34,Sp_keV,7286.51800000004,7286.56,0.04199999996035331
39,34,S2n_keV,21223.474000000046,21223.52,0.04599999995480175
39,34,S2p_keV,12898.866000000038,12898.87,0.00399999996261613
39,34,Qalpha_keV,-3551.627000000095,-3551.65,0.022999999905096047
38,35,Sn_keV,12651.584000000032,12651.58,0.004000000031737727
38,35,Sp_keV,3068.383999999962,3068.38,0.003999999961706635
38,35,S2n_keV,23287.790000000037,23287.8,0.009999999962019501
38,35,S2p_keV,10332.419999999925,10332.47,0.05000000007385097
38,35,Qalpha_keV,-2960.3519999999553,-2960.34,0.011999999955150997
37,36,Sn_keV,10682.46399999992,10682.49,0.026000000079875463
37,36,Sp_keV,4773.423999999999,4773.4,0.023999999999432475
37,36,S2n_keV,26367.201999999932,26367.18,0.021999999931722414
37,36,S2p_keV,7983.171999999904,7983.19,0.018000000095526048
37,36,Qalpha_keV,-2541.988999999827,-2541.96,0.02899999982673762
45,29,Sn_keV,5090.050999999978,5090.09,0.03900000002249726
45,29,Sp_keV,13186.99199999997,13187.02,0.028000000031170202
45,29,S2n_keV,12365.788000000059,12365.84,0.0519999999414722
45,29,Qalpha_keV,-11511.757999999914,-11511.77,0.012000000086118234
44,30,Sn_keV,8234.61100000015,8234.63,0.01899999984925671
44,30,Sp_keV,14058.259000000078,14058.25,0.009000000078231096
44,30,S2n_keV,13753.908000000054,13753.86,0.04800000005343463
44,30,S2p_keV,26108.604000000167,26108.59,0.014000000166561222
44,30,Qalpha_keV,-8967.766000000061,-8967.77,0.0039999999389692675
43,31,Sn_keV,6421.629000000074,6421.6,0.029000000073210686
43,31,Sp_keV,9745.173000000068,9745.19,0.01699999993252277
43,31,S2n_keV,15604.021999999997,15604.0,0.021999999997206032
43,31,S2p_keV,22844.558000000077,22844.56,0.0019999999240098987
43,31,Qalpha_keV,-7498.148000000045,-7498.16,0.011999999955150997
42,32,Sn_keV,10196.222999999998,10196.24,0.017000000001644366
42,32,Sp_keV,11012.071000000113,11012.08,0.008999999887237209
42,32,S2n_keV,16979.160000000033,16979.18,0.019999999967694748
42,32,S2p_keV,19854.91200000001,19854.9,0.01200000000972068
42,32,Qalpha_keV,-6282.650000000023,-6282.65,2.3646862246096134e-11
41,33,Sn_keV,7978.616999999969,7978.62,0.0030000000306245056
41,33,Sp_keV,6851.496999999974,6851.5,0.003000000026077032
41,33,S2n_keV,18772.858000000007,18772.89,0.03199999999196734
41,33,S2p_keV,16849.738000000012,16849.74,0.001999999989493517
41,33,Qalpha_keV,-4374.813999999897,-4374.84,0.026000000103522325
40,34,Sn_keV,12057.175999999978,12057.13,0.045999999978448614
40,34,Sp_keV,8549.45299999998,8549.42,0.032999999979438144
40,34,S2n_keV,20487.70200000005,20487.66,0.04200000004857429
40,34,S2p_keV,14205.270000000019,14205.24,0.03000000001884473
40,34,Qalpha_keV,-4076.319999999949,-4076.28,0.03999999994857717
39,35,Sn_keV,9711.996000000043,9711.98,0.016000000043277396
39,35,Sp_keV,4349.853999999934,4349.83,0.023999999933948857
39,35,S2n_keV,22363.580000000075,22363.56,0.020000000073196134
39,35,S2p_keV,11636.371999999974,11636.39,0.018000000025494955
39,35,Qalpha_keV,-3371.307999999961,-3371.33,0.02200000003904279
38,36,Sn_keV,13851.380000000121,13851.4,0.019999999878564267
38,36,Sp_keV,5973.2200000000885,5973.22,8.822098607197404e-11
38,36,S2n_keV,24533.84400000004,24533.89,0.04599999995843973
38,36,S2p_keV,9041.60400000005,9041.6,0.004000000049927621
38,36,Qalpha_keV,-2826.8420000000624,-2826.86,0.017999999937728717
37,37,Sp_keV,2653.18200000003,2653.21,0.027999999970234057
37,37,S2p_keV,7426.606000000029,7426.61,0.003999999970801582
37,37,Qalpha_keV,-2915.2339999999385,-2915.28,0.04600000006166738
46,29,Sn_keV,6536.461999999941,6536.45,0.011999999941508577
46,29,S2n_keV,11626.512999999919,11626.54,0.02700000008189818
46,29,Qalpha_keV,-12526.275999999838,-12526.33,0.05400000016197737
45,30,Sn_keV,4873.4789999998175,4873.51,0.031000000182757503
45,30,Sp_keV,13841.686999999918,13841.67,0.016999999917970854
45,30,S2n_keV,13108.089999999967,13108.14,0.050000000032014214
45,30,S2p_keV,27028.678999999887,27028.7,0.021000000113417627
45,30,Qalpha_keV,-9577.538999999757,-9577.6,0.06100000024343899
44,31,Sn_keV,8486.242000000086,8486.28,0.03799999991497316
44,31,Sp_keV,9996.804000000004,9996.84,0.03599999999642023
44,31,S2n_keV,14907.87100000016,14907.88,0.008999999839943484
44,31,S2p_keV,24055.063000000082,24055.08,0.016999999919789843
44,31,Qalpha_keV,-8178.378000000026,-8178.37,0.008000000026186171
43,32,Sn_keV,6505.875,6505.84,0.03499999999985448
43,32,Sp_keV,11096.31700000004,11096.32,0.0029999999605934136
43,32,S2n_keV,16702.097999999998,16702.08,0.017999999996391125
43,32,S2p_keV,20841.490000000107,20841.5,0.009999999892897904
43,32,Qalpha_keV,-6953.10400000005,-6953.11,0.005999999949381163
42,33,Sn_keV,10245.475999999908,10245.45,0.02599999990707147
42,33,Sp_keV,6900.749999999884,6900.72,0.02999999988333002
42,33,S2n_keV,18224.092999999877,18224.08,0.01299999987531919
42,33,S2p_keV,17912.820999999996,17912.8,0.020999999997002305
42,33,Qalpha_keV,-5320.005999999936,-5320.01,0.004000000064479536
41,34,Sn_keV,8027.5650000000605,8027.6,0.03499999993982783
41,34,Sp_keV,8598.40100000007,8598.4,0.0010000000711443136
41,34,S2n_keV,20084.74100000004,20084.73,0.011000000038620783
41,34,S2p_keV,15449.898000000045,15449.9,0.0019999999549327185
41,34,Qalpha_keV,-4687.947000000044,-4687.94,0.007000000044172339
40,35,Sn_keV,11890.162000000011,11890.19,0.027999999989333446
40,35,Sp_keV,4182.839999999967,4182.89,0.05000000003292371
40,35,S2n_keV,21602.158000000054,21602.17,0.01199999994423706
40,35,S2p_keV,12732.292999999947,12732.31,0.01700000005257607
40,35,Qalpha_keV,-3638.917999999947,-3638.98,0.06200000005310358
39,36,Sn_keV,10063.113000000012,10063.11,0.003000000011525117
39,36,Sp_keV,6324.337000000058,6324.34,0.0029999999424035195
39,36,S2n_keV,23914.493000000133,23914.51,0.01699999986522016
39,36,S2p_keV,10674.190999999992,10674.18,0.010999999991327059
39,36,Qalpha_keV,-3602.0050000000047,-3602.03,0.024999999995543476
38,37,Sn_keV,13374.011000000057,13374.03,0.01899999994384416
38,37,Sp_keV,2175.8129999999655,2175.83,0.017000000034386176
38,37,S2p_keV,8149.033000000054,8149.05,0.01699999994616519
38,37,Qalpha_keV,-3141.1630000000587,-3141.19,0.026999999941381247
37,38,Sp_keV,1991.7110000001267,1991.68,0.031000000126596206
37,38,S2p_keV,4644.8930000001565,4644.88,0.013000000156353053
37,38,Qalpha_keV,-2716.435000000056,-2716.4,0.035000000055788405
47,29,Sn_keV,4576.002000000095,4575.96,0.04200000009495852
47,29,S2n_keV,11112.464000000036,11112.41,0.0540000000364671
46,30,Sn_keV,7815.472999999998,7815.42,0.052999999998064595
46,30,Sp_keV,15120.697999999975,15120.64,0.05799999997543637
46,30,S2n_keV,12688.951999999816,12688.94,0.011999999815088813
46,30,Qalpha_keV,-10501.89599999995,-10501.87,0.025999999948908226
45,31,Sn_keV,5903.375999999931,5903.38,0.00400000006902701
45,31,Sp_keV,11026.701000000117,11026.7,0.0010000001166190486
45,31,S2n_keV,14389.618000000017,14389.66,0.041999999983090675
45,31,S2p_keV,24868.388000000035,24868.38,0.008000000034371624
45,31,Qalpha_keV,-8938.516000000061,-8938.56,0.04399999993802339
44,32,Sn_keV,9427.261000000057,9427.24,0.021000000057028956
44,32,Sp_keV,12037.33600000001,12037.28,0.05600000000958971
44,32,S2n_keV,15933.136000000057,15933.08,0.05600000005688344
44,32,S2p_keV,22034.140000000014,22034.12,0.020000000014988473
44,32,Qalpha_keV,-7492.388000000035,-7492.32,0.0680000000356813
43,33,Sn_keV,7328.466000000131,7328.5,0.03399999986868352
43,33,Sp_keV,7723.341000000015,7723.38,0.03899999998520798
43,33,S2n_keV,17573.94200000004,17573.95,0.007999999961612048
43,33,S2p_keV,18819.658000000054,18819.7,0.041999999946710886
43,33,Qalpha_keV,-6128.020000000019,-6128.03,0.00999999998111889
42,34,Sn_keV,11153.777000000002,11153.79,0.01299999999901047
42,34,Sp_keV,9506.702000000165,9506.73,0.027999999834719347
42,34,S2n_keV,19181.342000000062,19181.38,0.03799999993862002
42,34,S2p_keV,16407.45200000005,16407.45,0.002000000047701178
42,34,Qalpha_keV,-5090.952000000048,-5090.96,0.007999999951607606
41,35,Sn_keV,9253.282000000007,9253.27,0.0120000000060827
41,35,Sp_keV,5408.556999999913,5408.56,0.003000000087013177
41,35,S2n_keV,21143.444000000018,21143.45,0.005999999983032467
41,35,S2p_keV,14006.957999999984,14006.96,0.002000000014959369
41,35,Qalpha_keV,-4484.155999999959,-4484.19,0.034000000040578016
40,36,Sn_keV,12761.863000000012,12761.83,0.03300000001217995
40,36,Sp_keV,7196.038000000059,7195.99,0.0480000000588916
40,36,S2n_keV,22824.976000000024,22824.94,0.03600000002552406
40,36,S2p_keV,11378.878000000026,11378.88,0.0019999999731226126
40,36,Qalpha_keV,-3570.920000000042,-3570.87,0.050000000042018655
39,37,Sn_keV,11331.714999999967,11331.7,0.014999999966676114
39,37,Sp_keV,3444.414999999921,3444.43,0.01500000007899871
39,37,S2n_keV,24705.726000000024,24705.73,0.003999999975349056
39,37,S2p_keV,9768.751999999979,9768.77,0.018000000021856977
39,37,Qalpha_keV,-3836.6720000000205,-3836.68,0.007999999979347194
38,38,Sn_keV,15700.27899999998,15700.26,0.018999999980223947
38,38,Sp_keV,4317.97900000005,4317.91,0.06900000005043694
38,38,S2p_keV,6493.792000000016,6493.75,0.042000000015832484
38,38,Qalpha_keV,-2731.976000000024,-2731.98,0.003999999975803803
47,30,Sn_keV,4557.483000000124,4557.5,0.016999999876134098
47,30,Sp_keV,15102.179000000004,15102.18,0.000999999996565748
47,30,S2n_keV,12372.956000000122,12372.92,0.0360000001219305
47,30,Qalpha_keV,-11105.974999999977,-11105.96,0.01499999997759005
46,31,Sn_keV,7767.053999999887,7767.02,0.03399999988687341
46,31,Sp_keV,10978.282000000007,10978.3,0.017999999992753146
46,31,S2n_keV,13670.429999999818,13670.4,0.029999999818755896
46,31,S2p_keV,26098.97999999998,26098.94,0.03999999998268322
46,31,Qalpha_keV,-9429.832999999868,-9429.82,0.012999999868043233
45,32,Sn_keV,6071.219999999972,6071.29,0.0700000000279033
45,32,Sp_keV,12205.180000000051,12205.19,0.009999999949286575
45,32,S2n_keV,15498.481000000029,15498.53,0.048999999971783836
45,32,S2p_keV,23231.88100000017,23231.9,0.018999999832885806
45,32,Qalpha_keV,-8044.311000000103,-8044.38,0.06899999989673233
44,33,Sn_keV,9696.28999999992,9696.26,0.029999999920619302
44,33,Sp_keV,7992.369999999879,7992.4,0.030000000120708137
44,33,S2n_keV,17024.756000000052,17024.76,0.003999999946245225
44,33,S2p_keV,20029.70599999989,20029.68,0.025999999888881575
44,33,Qalpha_keV,-6641.917000000016,-6641.9,0.01700000001619628
43,34,Sn_keV,7418.87799999991,7418.85,0.027999999909297912
43,34,Sp_keV,9597.113999999943,9597.08,0.03399999994326208
43,34,S2n_keV,18572.65499999991,18572.64,0.014999999912106432
43,34,S2p_keV,17320.454999999958,17320.46,0.005000000041036401
43,34,Qalpha_keV,-5726.892999999924,-5726.88,0.01299999992352241
42,35,Sn_keV,11017.030000000028,11017.05,0.019999999971332727
42,35,Sp_keV,5271.8099999999395,5271.83,0.020000000060463208
42,35,S2n_keV,20270.312000000034,20270.32,0.007999999965250026
42,35,S2p_keV,14778.512000000104,14778.56,0.047999999895182555
42,35,Qalpha_keV,-4706.944999999949,-4706.97,0.0250000000514774
41,36,Sn_keV,9226.583999999915,9226.62,0.03600000008555071
41,36,Sp_keV,7169.339999999967,7169.34,3.2741809263825417e-11
41,36,S2n_keV,21988.446999999927,21988.45,0.0030000000733707566
41,36,S2p_keV,12577.89699999988,12577.9,0.0030000001188454917
41,36,Qalpha_keV,-4366.977999999886,-4366.97,0.007999999886123987
40,37,Sn_keV,12422.763000000035,12422.73,0.033000000035826815
40,37,Sp_keV,3105.314999999944,3105.32,0.0050000000560430635
40,37,S2n_keV,23754.478000000003,23754.43,0.04800000000250293
40,37,S2p_keV,10301.353000000003,10301.31,0.043000000003303285
40,37,Qalpha_keV,-3607.851000000024,-3607.82,0.031000000024050678
39,38,Sn_keV,11627.081999999937,11627.11,0.02800000006391201
39,38,Sp_keV,4613.34600000002,4613.33,0.016000000019630534
39,38,S2n_keV,27327.360999999917,27327.38,0.019000000083906343
39,38,S2p_keV,8057.76099999994,8057.75,0.010999999940395355
39,38,Qalpha_keV,-3676.594000000041,-3676.6,0.005999999958930857
49,29,S2n_keV,9664.097999999882,9664.12,0.022000000119078322
48,30,Sn_keV,6765.331000000006,6765.36,0.028999999994084646
48,30,S2n_keV,11322.81400000013,11322.85,0.03599999987090996
47,31,Sn_keV,5784.876000000164,5784.92,0.043999999836159986
47,31,Sp_keV,12205.675000000047,12205.73,0.054999999952997314
47,31,S2n_keV,13551.930000000051,13551.94,0.009999999949286575
47,31,S2p_keV,27307.85400000005,27307.91,0.05599999994956306
47,31,Qalpha_keV,-10124.658000000054,-10124.66,0.0019999999458377715
46,32,Sn_keV,8720.55799999996,8720.51,0.04799999996066617
46,32,Sp_keV,13158.684000000125,13158.68,0.004000000124506187
46,32,S2n_keV,14791.777999999933,14791.8,0.02200000006632763
46,32,S2p_keV,24136.96600000013,24136.98,0.01399999986824696
46,32,Qalpha_keV,-8530.257999999914,-8530.26,0.0020000000858999556
45,33,Sn_keV,6971.944000000018,6971.96,0.01599999998234125
45,33,Sp_keV,8893.093999999925,8893.07,0.02399999992485391
45,33,S2n_keV,16668.23399999994,16668.22,0.013999999937368557
45,33,S2p_keV,21098.273999999976,21098.26,0.013999999977386324
45,33,Qalpha_keV,-7192.23199999996,-7192.26,0.02800000004026515
44,34,Sn_keV,10497.738000000012,10497.74,0.001999999987674528
44,34,Sp_keV,10398.562000000034,10398.56,0.0020000000349682523
44,34,S2n_keV,17916.61599999992,17916.59,0.025999999921623385
44,34,S2p_keV,18390.931999999913,18390.96,0.028000000085739885
44,34,Qalpha_keV,-6028.407999999938,-6028.38,0.027999999937492248
43,35,Sn_keV,8288.662000000011,8288.64,0.022000000011757948
43,35,Sp_keV,6141.594000000041,6141.61,0.01599999995869439
43,35,S2n_keV,19305.69200000004,19305.69,0.0020000000404252205
43,35,S2p_keV,15738.707999999984,15738.69,0.0179999999836582
43,35,Qalpha_keV,-5016.989999999991,-5016.99,9.094947017729282e-12
42,36,Sn_keV,12081.44000000006,12081.45,0.009999999940191628
42,36,Sp_keV,8233.75,8233.74,0.010000000000218279
42,36,S2n_keV,21308.023999999976,21308.07,0.04600000002392335
42,36,S2p_keV,13505.55999999994,13505.57,0.010000000060244929
42,36,Qalpha_keV,-4391.241999999969,-4391.29,0.048000000030697265
41,37,Sn_keV,10176.197000000044,10176.24,0.04299999995600956
41,37,Sp_keV,4054.9280000000726,4054.95,0.02199999992717494
41,37,S2n_keV,22598.96000000008,22598.97,0.009999999922001734
41,37,S2p_keV,11224.26800000004,11224.29,0.021999999960826244
41,37,Qalpha_keV,-4072.052000000025,-4072.08,0.02799999997478153
40,38,Sn_keV,13441.802000000025,13441.82,0.017999999974563252
40,38,Sp_keV,5632.385000000009,5632.42,0.034999999990759534
40,38,S2n_keV,25068.88399999996,25068.94,0.05600000003687455
40,38,S2p_keV,8737.699999999953,8737.74,0.04000000004634785
40,38,Qalpha_keV,-3267.015999999945,-3267.02,0.004000000054929842
49,30,Sn_keV,4020.4159999999683,4020.38,0.03599999996822589
49,30,Sp_keV,16223.828000000096,16223.8,0.02800000009665382
49,30,S2n_keV,10785.746999999974,10785.73,0.016999999974359525
48,31,Sn_keV,6913.07099999988,6913.05,0.02099999987967749
48,31,Sp_keV,12353.41499999992,12353.41,0.0049999999209831
48,31,S2n_keV,12697.947000000044,12697.97,0.022999999955573003
48,31,Qalpha_keV,-10501.266999999993,-10501.25,0.01699999999254942
47,32,Sn_keV,5735.864999999991,5735.86,0.004999999991014192
47,32,Sp_keV,13109.672999999952,13109.61,0.06299999995098915
47,32,S2n_keV,14456.422999999952,14456.37,0.05299999995077087
47,32,S2p_keV,25315.347999999998,25315.34,0.007999999997991836
47,32,Qalpha_keV,-9392.644000000088,-9392.6,0.044000000087180524
46,33,Sn_keV,8890.41399999999,8890.43,0.016000000010535587
46,33,Sp_keV,9062.949999999953,9062.99,0.04000000004634785
46,33,S2n_keV,15862.358000000007,15862.38,0.021999999991749064
46,33,S2p_keV,22221.63400000008,22221.67,0.035999999920022674
46,33,Qalpha_keV,-7596.403999999864,-7596.4,0.003999999864390702
45,34,Sn_keV,6962.820999999996,6962.83,0.00900000000365253
45,34,Sp_keV,10389.439000000013,10389.43,0.009000000012747478
45,34,S2n_keV,17460.55900000001,17460.57,0.010999999991327059
45,34,S2p_keV,19282.532999999938,19282.5,0.03299999993760139
45,34,Qalpha_keV,-6485.353999999934,-6485.38,0.026000000066233042
44,35,Sn_keV,10687.280999999959,10687.25,0.030999999959021807
44,35,Sp_keV,6331.136999999988,6331.12,0.016999999988001946
44,35,S2n_keV,18975.94299999997,18975.88,0.06299999996917904
44,35,S2p_keV,16729.699000000022,16729.68,0.019000000022060703
44,35,Qalpha_keV,-5458.795000000042,-5458.78,0.015000000042164174
43,36,Sn_keV,8334.035999999847,8334.02,0.01599999984682654
43,36,Sp_keV,8279.123999999836,8279.12,0.0039999998352868715
43,36,S2n_keV,20415.475999999908,20415.47,0.005999999906634912
43,36,S2p_keV,14420.717999999877,14420.73,0.012000000122498022
43,36,Qalpha_keV,-4697.712999999756,-4697.71,0.0029999997559571057
42,37,Sn_keV,11938.917999999947,11938.88,0.03799999994771497
42,37,Sp_keV,3912.405999999959,3912.38,0.025999999958912667
42,37,S2n_keV,22115.11499999999,22115.13,0.01500000001033186
42,37,S2p_keV,12146.155999999959,12146.12,0.03599999995822145
42,37,Qalpha_keV,-4120.807999999961,-4120.78,0.02799999996113911
41,38,Sn_keV,10374.292000000016,10374.26,0.032000000015614205
41,38,Sp_keV,5830.479999999981,5830.44,0.039999999981773726
41,38,S2n_keV,23816.09400000004,23816.09,0.004000000040832674
41,38,S2p_keV,9885.408000000054,9885.39,0.018000000054598786
41,38,Qalpha_keV,-3578.194999999949,-3578.18,0.014999999948940967
40,39,Sp_keV,2471.9220000000205,2471.92,0.002000000020416337
40,39,S2p_keV,8104.30700000003,8104.34,0.0329999999703432
40,39,Qalpha_keV,-3563.125,-3563.11,0.01499999999987267
50,30,Sn_keV,6287.621999999974,6287.63,0.008000000026186171
50,30,S2n_keV,10308.037999999942,10308.01,0.02799999994203972
49,31,Sn_keV,4747.3429999999935,4747.31,0.032999999993080564
49,31,Sp_keV,13080.341999999946,13080.34,0.0019999999458377715
49,31,S2n_keV,11660.413999999873,11660.35,0.06399999987297633
49,31,S2p_keV,29304.170000000042,29304.14,0.030000000042491592
49,31,Qalpha_keV,-10672.607999999891,-10672.6,0.007999999890671461
48,32,Sn_keV,8080.02099999995,8080.03,0.00900000005003676
48,32,Sp_keV,14276.623000000021,14276.6,0.02300000002105662
48,32,S2n_keV,13815.88599999994,13815.89,0.004000000059022568
48,32,S2p_keV,26630.037999999942,26630.01,0.02799999994385871
48,32,Qalpha_keV,-9657.19200000004,-9657.21,0.017999999960011337
47,33,Sn_keV,6649.7360000000335,6649.71,0.026000000033491233
47,33,Sp_keV,9976.820999999996,9976.84,0.01900000000387081
47,33,S2n_keV,15540.150000000023,15540.13,0.02000000002408342
47,33,S2p_keV,23086.493999999948,23086.45,0.04399999994711834
47,33,Qalpha_keV,-8342.763999999966,-8342.74,0.023999999966690666
46,34,Sn_keV,9913.351000000024,9913.37,0.01899999997658597
46,34,Sp_keV,11412.376000000047,11412.38,0.003999999951702193
46,34,S2n_keV,16876.17200000002,16876.2,0.0279999999802385
46,34,S2p_keV,20475.326,20475.37,0.04399999999805004
46,34,Qalpha_keV,-6971.443999999901,-6971.5,0.05600000009872019
45,35,Sn_keV,7892.234999999986,7892.28,0.04500000001371518
45,35,Sp_keV,7260.550999999978,7260.56,0.00900000002275192
45,35,S2n_keV,18579.515999999945,18579.52,0.004000000055384589
45,35,S2p_keV,17649.98999999999,17649.99,1.0913936421275139e-11
45,35,Qalpha_keV,-6022.563999999897,-6022.56,0.0039999998962230165
44,36,Sn_keV,11522.392000000109,11522.35,0.04200000010860094
44,36,Sp_keV,9114.234999999986,9114.23,0.004999999986466719
44,36,S2n_keV,19856.427999999956,19856.37,0.05799999995724647
44,36,S2p_keV,15445.371999999974,15445.34,0.03199999997377745
44,36,Qalpha_keV,-5066.327999999863,-5066.28,0.04799999986335024
43,37,Sn_keV,9443.782000000007,9443.8,0.017999999992753146
43,37,Sp_keV,5022.152000000118,5022.16,0.007999999881576514
43,37,S2n_keV,21382.699999999953,21382.68,0.019999999953142833
43,37,S2p_keV,13301.275999999954,13301.28,0.004000000046289642
43,37,Qalpha_keV,-4311.307999999961,-4311.31,0.002000000039515726
42,38,Sn_keV,12905.899999999907,12905.91,0.010000000092986738
42,38,Sp_keV,6797.461999999941,6797.47,0.00800000005892798
42,38,S2n_keV,23280.191999999923,23280.17,0.021999999924446456
42,38,S2p_keV,10709.8679999999,10709.84,0.027999999900202965
42,38,Qalpha_keV,-3722.2319999998435,-3722.26,0.02800000015668047
41,39,Sn_keV,10861.30999999994,10861.33,0.020000000060463208
41,39,Sp_keV,2958.939999999944,2958.98,0.040000000055897544
41,39,S2p_keV,8789.419999999925,8789.43,0.010000000074796844
41,39,Qalpha_keV,-3092.719999999972,-3092.74,0.0200000000277214
40,40,Sp_keV,4449.150000000023,4449.12,0.030000000023392204
40,40,S2p_keV,6921.072000000044,6921.04,0.03200000004380854
40,40,Qalpha_keV,-3694.295999999973,-3694.32,0.024000000027172064
51,30,Sn_keV,2622.3249999999534,2622.37,0.04500000004645699
51,30,S2n_keV,8909.946999999927,8910.0,0.05300000007264316
50,31,Sn_keV,6475.597000000067,6475.6,0.0029999999333085725
50,31,Sp_keV,13268.31700000004,13268.31,0.007000000039624865
50,31,S2n_keV,11222.94000000006,11222.91,0.030000000060681487
49,32,Sn_keV,4827.697999999975,4827.7,0.0020000000249638106
49,32,Sp_keV,14356.978000000003,14356.99,0.011999999996987754
49,32,S2n_keV,12907.718999999925,12907.73,0.011000000075000571
49,32,S2p_keV,27437.31999999995,27437.33,0.010000000052968971
49,32,Qalpha_keV,-9927.40699999989,-9927.41,0.0030000001097505447
48,33,Sn_keV,8390.136000000057,8390.17,0.03399999994326208
48,33,Sp_keV,10286.936000000103,10286.98,0.04399999989618664
48,33,S2n_keV,15039.87200000009,15039.88,0.007999999908861355
48,33,S2p_keV,24563.559000000125,24563.58,0.020999999876949005
48,33,Qalpha_keV,-8965.846000000136,-8965.89,0.04399999986344483
47,34,Sn_keV,6700.878999999957,6700.85,0.028999999956795364
47,34,Sp_keV,11463.518999999971,11463.52,0.0010000000293075573
47,34,S2n_keV,16614.22999999998,16614.22,0.009999999980209395
47,34,S2p_keV,21440.339999999967,21440.35,0.010000000031141099
47,34,Qalpha_keV,-7601.102999999886,-7601.06,0.04299999988597847
46,35,Sn_keV,10158.008999999962,10157.95,0.05899999996108818
46,35,Sp_keV,7505.208999999915,7505.14,0.06899999991492223
46,35,S2n_keV,18050.243999999948,18050.23,0.013999999948282493
46,35,S2p_keV,18917.584999999963,18917.52,0.06499999996231054
46,35,Qalpha_keV,-6484.282999999938,-6484.25,0.03299999993760139
45,36,Sn_keV,7872.802999999956,7872.82,0.017000000043481123
45,36,Sp_keV,9094.802999999956,9094.77,0.03299999995579128
45,36,S2n_keV,19395.195000000065,19395.17,0.02500000006693881
45,36,S2p_keV,16355.353999999934,16355.33,0.023999999933948857
45,36,Qalpha_keV,-5520.25299999991,-5520.24,0.012999999909879989
44,37,Sn_keV,11352.553000000073,11352.51,0.04300000007242488
44,37,Sp_keV,4852.313000000082,4852.32,0.006999999917752575
44,37,S2n_keV,20796.33500000008,20796.31,0.025000000077852746
44,37,S2p_keV,13966.548000000068,13966.55,0.0019999999312858563
44,37,Qalpha_keV,-4646.831000000006,-4646.77,0.06100000000515138
43,38,Sn_keV,9287.994000000064,9287.96,0.03400000006513437
43,38,Sp_keV,6641.673999999999,6641.63,0.04399999999895954
43,38,S2n_keV,22193.89399999997,22193.87,0.023999999972147634
43,38,S2p_keV,11663.826000000117,11663.79,0.03600000011647353
43,38,Qalpha_keV,-3783.6419999999925,-3783.6,0.04199999999264037
42,39,Sn_keV,12636.2080000001,12636.14,0.06800000010116491
42,39,Sp_keV,2689.248000000138,2689.22,0.02800000013803583
42,39,S2n_keV,23497.51800000004,23497.47,0.04800000003888272
42,39,S2p_keV,9486.71000000008,9486.68,0.03000000007887138
42,39,Qalpha_keV,-3306.1650000000373,-3306.15,0.015000000037161954
41,40,Sn_keV,10950.63599999994,10950.67,0.034000000059677404
41,40,Sp_keV,4538.476000000024,4538.46,0.016000000024178007
41,40,S2p_keV,7497.415999999968,7497.44,0.02400000003126479
41,40,Qalpha_keV,-3017.8499999999767,-3017.87,0.020000000023173925
51,31,Sn_keV,3374.101000000024,3374.08,0.021000000024287147
51,31,Sp_keV,14020.09300000011,14020.03,0.06300000010924123
51,31,S2n_keV,9849.698000000091,9849.69,0.008000000090760295
51,31,Qalpha_keV,-10858.2080000001,-10858.17,0.03800000010051008
50,32,Sn_keV,7194.694000000018,7194.7,0.005999999982122972
50,32,Sp_keV,15076.074999999953,15076.08,0.005000000046493369
50,32,S2n_keV,12022.391999999993,12022.4,0.008000000007086783
50,32,S2p_keV,28344.391999999993,28344.4,0.008000000008905772
50,32,Qalpha_keV,-10356.769999999902,-10356.75,0.01999999990221113
49,33,Sn_keV,5641.115999999922,5641.09,0.025999999921623385
49,33,Sp_keV,11100.35400000005,11100.37,0.015999999950508936
49,33,S2n_keV,14031.251999999979,14031.26,0.008000000021638698
49,33,S2p_keV,25457.332000000053,25457.36,0.02799999994749669
49,33,Qalpha_keV,-8822.085999999894,-8822.06,0.025999999894338544
48,34,Sn_keV,9276.234999999986,9276.23,0.004999999986466719
48,34,Sp_keV,12349.6179999999,12349.58,0.037999999900421244
48,34,S2n_keV,15977.113999999943,15977.08,0.03399999994326208
48,34,S2p_keV,22636.554000000004,22636.55,0.004000000004452886
48,34,Qalpha_keV,-8156.7799999999115,-8156.78,8.822098607197404e-11
47,35,Sn_keV,7592.865000000107,7592.94,0.07499999989249773
47,35,Sp_keV,8397.195000000065,8397.24,0.04499999993458914
47,35,S2n_keV,17750.87400000007,17750.9,0.02599999993253732
47,35,S2p_keV,19860.714000000036,19860.76,0.04599999996207771
47,35,Qalpha_keV,-7105.204000000027,-7105.23,0.025999999972555088
46,36,Sn_keV,10966.831000000006,10966.82,0.011000000005878974
46,36,Sp_keV,9903.625,9903.64,0.014999999999417923
46,36,S2n_keV,18839.63399999996,18839.64,0.006000000037602149
46,36,S2p_keV,17408.833999999915,17408.78,0.0539999999164138
46,36,Qalpha_keV,-5989.345999999903,-5989.32,0.02599999990343349
45,37,Sn_keV,8802.460999999894,8802.46,0.0009999998947023414
45,37,Sp_keV,5781.97100000002,5781.96,0.011000000019521394
45,37,S2n_keV,20155.013999999966,20154.97,0.043999999965308234
45,37,S2p_keV,14876.773999999976,14876.73,0.04399999997622217
45,37,Qalpha_keV,-5160.629999999888,-5160.59,0.03999999988809577
44,38,Sn_keV,12553.202000000048,12553.24,0.03799999995135295
44,38,Sp_keV,7842.322999999975,7842.35,0.027000000025509507
44,38,S2n_keV,21841.196000000113,21841.2,0.003999999888037564
44,38,S2p_keV,12694.636000000057,12694.67,0.03399999994326208
44,38,Qalpha_keV,-4255.40399999998,-4255.38,0.023999999980333087
43,39,Sn_keV,10422.555999999982,10422.55,0.005999999983032467
43,39,Sp_keV,3823.810000000056,3823.81,5.5933924159035087e-11
43,39,S2n_keV,23058.764000000083,23058.69,0.07400000008419738
43,39,S2p_keV,10465.484000000055,10465.44,0.044000000054438715
43,39,Qalpha_keV,-3552.523999999976,-3552.46,0.06399999997574923
52,31,Sn_keV,4397.707000000053,4397.72,0.012999999947169272
52,31,S2n_keV,7771.808000000077,7771.8,0.008000000077117875
51,32,Sn_keV,3632.6429999999236,3632.68,0.03700000007620474
51,32,Sp_keV,15334.616999999853,15334.69,0.07300000014765828
51,32,S2n_keV,10827.336999999941,10827.38,0.04300000005787297
51,32,S2p_keV,29354.709999999963,29354.71,3.637978807091713e-11
51,32,Qalpha_keV,-9968.996999999858,-9969.06,0.06300000014198304
50,33,Sn_keV,7637.5470000000205,7637.55,0.0029999999796928023
50,33,Sp_keV,11543.207000000053,11543.23,0.022999999946478056
50,33,S2n_keV,13278.662999999942,13278.64,0.022999999942840077
50,33,S2p_keV,26619.282000000007,26619.31,0.027999999994790414
50,33,Qalpha_keV,-9546.562000000034,-9546.56,0.0020000000349682523
49,34,Sn_keV,5817.994000000064,5817.97,0.0240000000640066
49,34,Sp_keV,12526.496000000043,12526.45,0.04600000004211324
49,34,S2n_keV,15094.22900000005,15094.19,0.0390000000497821
49,34,S2p_keV,23626.850000000093,23626.82,0.030000000093423296
49,34,Qalpha_keV,-8238.908999999985,-8238.89,0.018999999985680915
48,35,Sn_keV,9587.508999999845,9587.44,0.06899999984489114
48,35,Sp_keV,8708.468999999925,8708.45,0.018999999923835276
48,35,S2n_keV,17180.373999999953,17180.38,0.006000000048516085
48,35,S2p_keV,21058.086999999825,21058.03,0.05699999982607551
48,35,Qalpha_keV,-7802.298999999883,-7802.25,0.048999999882653356
47,36,Sn_keV,7470.969000000041,7471.03,0.06099999995876715
47,36,Sp_keV,9781.728999999934,9781.72,0.008999999934530933
47,36,S2n_keV,18437.800000000047,18437.85,0.04999999995197868
47,36,S2p_keV,18178.924,18178.96,0.03600000000005821
47,36,Qalpha_keV,-6497.493999999948,-6497.52,0.02600000005259062
46,37,Sn_keV,10954.080000000075,10954.14,0.05999999992491212
46,37,Sp_keV,5769.2200000000885,5769.28,0.0599999999112697
46,37,S2n_keV,19756.54099999997,19756.6,0.059000000030209776
46,37,S2p_keV,15672.845000000088,15672.92,0.07499999991159711
46,37,Qalpha_keV,-5427.429000000004,-5427.49,0.06099999999605643
45,38,Sn_keV,8858.904999999912,8858.88,0.02499999991232471
45,38,Sp_keV,7898.766999999993,7898.77,0.003000000007887138
45,38,S2n_keV,21412.10699999996,21412.11,0.0030000000406289473
45,38,S2p_keV,13680.738000000012,13680.73,0.008000000012543751
45,38,Qalpha_keV,-4780.273000000045,-4780.24,0.03300000004492176
44,39,Sn_keV,12212.884999999893,12212.88,0.004999999893698259
44,39,Sp_keV,3483.4929999999003,3483.45,0.04299999990053038
44,39,S2n_keV,22635.440999999875,22635.43,0.010999999874911737
44,39,S2p_keV,11325.815999999875,11325.8,0.01599999987593037
44,39,Qalpha_keV,-3826.4909999999218,-3826.45,0.0409999999219508
43,40,Sp_keV,5136.47100000002,5136.52,0.04899999998087878
43,40,S2n_keV,23656.75900000008,23656.76,0.000999999920168193
43,40,S2p_keV,8960.281000000075,8960.33,0.04899999992449011
43,40,Qalpha_keV,-2858.515000000014,-2858.54,0.02499999998599378
42,41,S2p_keV,7276.705999999889,7276.73,0.02400000011039083
42,41,Qalpha_keV,-2478.5639999998966,-2478.54,0.023999999896659574
52,32,Sn_keV,5243.381000000052,5243.31,0.07100000005175389
52,32,Sp_keV,16180.290999999852,16180.28,0.010999999851264874
52,32,S2n_keV,8876.023999999976,8876.0,0.023999999975785613
52,32,Qalpha_keV,-8924.755999999936,-8924.73,0.0259999999361753
51,33,Sn_keV,4255.5929999999935,4255.55,0.04299999999329884
51,33,Sp_keV,12166.157000000123,12166.1,0.05700000012257078
51,33,S2n_keV,11893.140000000014,11893.1,0.04000000001360604
51,33,S2p_keV,27500.773999999976,27500.78,0.006000000023050234
51,33,Qalpha_keV,-9054.812000000034,-9054.81,0.0020000000349682523
50,34,Sn_keV,8678.46399999992,8678.47,0.006000000079438905
50,34,Sp_keV,13567.412999999942,13567.37,0.042999999941457645
50,34,S2n_keV,14496.457999999984,14496.44,0.0179999999836582
50,34,S2p_keV,25110.619999999995,25110.6,0.01999999999679858
50,34,Qalpha_keV,-8837.351999999955,-8837.33,0.021999999955369276
49,35,Sn_keV,6841.013000000035,6841.0,0.013000000035390258
49,35,Sp_keV,9731.487999999896,9731.49,0.0020000001040898496
49,35,S2n_keV,16428.52199999988,16428.44,0.08199999988210038
49,35,S2p_keV,22257.98399999994,22257.94,0.04399999993984238
49,35,Qalpha_keV,-7993.5759999998845,-7993.54,0.03599999988455238
48,36,Sn_keV,10520.621000000043,10520.62,0.001000000042040483
48,36,Sp_keV,10714.841000000131,10714.91,0.068999999868538
48,36,S2n_keV,17991.590000000084,17991.65,0.05999999991763616
48,36,S2p_keV,19423.310000000056,19423.36,0.04999999994470272
48,36,Qalpha_keV,-7104.7639999999665,-7104.77,0.00600000003396417
47,37,Sn_keV,8759.72199999995,8759.65,0.0719999999510037
47,37,Sp_keV,7057.972999999998,7057.9,0.07299999999850115
47,37,S2n_keV,19713.802000000025,19713.79,0.012000000024272595
47,37,S2p_keV,16839.701999999932,16839.62,0.08199999993303209
47,37,Qalpha_keV,-6294.915999999968,-6294.86,0.05599999996866245
46,38,Sn_keV,11923.227000000072,11923.27,0.04299999992872472
46,38,Sp_keV,8867.91399999999,8867.9,0.01399999999011925
46,38,S2n_keV,20782.131999999983,20782.14,0.00800000001618173
46,38,S2p_keV,14637.134000000078,14637.18,0.04599999992205994
46,38,Qalpha_keV,-5181.108000000007,-5181.16,0.0519999999924039
45,39,Sn_keV,9760.227000000072,9760.27,0.04299999992872472
45,39,Sp_keV,4384.8150000000605,4384.84,0.024999999939609552
45,39,S2n_keV,21973.111999999965,21973.15,0.03800000003684545
45,39,S2p_keV,12283.582000000053,12283.61,0.02799999994749669
45,39,Qalpha_keV,-4142.935999999987,-4142.92,0.015999999986888724
44,40,Sn_keV,13581.38899999985,13581.34,0.048999999849911546
44,40,Sp_keV,6504.974999999977,6504.98,0.005000000022846507
44,40,S2p_keV,9988.467999999877,9988.43,0.03799999987677438
44,40,Qalpha_keV,-3534.003999999957,-3533.97,0.03399999995735925
53,32,Sn_keV,3046.264000000083,3046.31,0.04599999991705772
53,32,S2n_keV,8289.645000000135,8289.62,0.025000000134241418
53,32,Qalpha_keV,-9348.695000000065,-9348.67,0.02500000006511982
52,33,Sn_keV,5406.847999999998,5406.9,0.05200000000149885
52,33,Sp_keV,12329.624000000069,12329.69,0.06599999993159145
52,33,S2n_keV,9662.440999999992,9662.46,0.019000000007508788
52,33,S2p_keV,28509.91499999992,28509.96,0.045000000078289304
52,33,Qalpha_keV,-7986.0629999999655,-7986.11,0.04700000003413152
51,34,Sn_keV,4537.228000000003,4537.23,0.001999999996769475
51,34,Sp_keV,13849.047999999952,13849.05,0.002000000047701178
51,34,S2n_keV,13215.691999999923,13215.7,0.00800000007802737
51,34,S2p_keV,26015.205000000075,26015.14,0.06500000007508788
51,34,Qalpha_keV,-8546.881999999983,-8546.86,0.021999999982654117
50,35,Sn_keV,8863.684000000125,8863.7,0.01599999987593037
50,35,Sp_keV,9916.7080000001,9916.72,0.011999999898762326
50,35,S2n_keV,15704.69700000016,15704.7,0.002999999840540113
50,35,S2p_keV,23484.121000000043,23484.09,0.03100000004269532
50,35,Qalpha_keV,-8467.123999999953,-8467.07,0.05399999995279359
49,36,Sn_keV,7112.305999999982,7112.31,0.004000000018095307
49,36,Sp_keV,10986.134000000078,10986.22,0.08599999992111407
49,36,S2n_keV,17632.927000000025,17632.93,0.002999999975145329
49,36,S2p_keV,20717.621999999974,20717.7,0.07800000002680463
49,36,Qalpha_keV,-7516.190999999992,-7516.24,0.049000000008163624
48,37,Sn_keV,10479.66900000011,10479.69,0.02099999988968193
48,37,Sp_keV,7017.021000000066,7016.97,0.051000000065869244
48,37,S2n_keV,19239.39100000006,19239.34,0.05100000006132177
48,37,S2p_keV,17731.862000000197,17731.87,0.00799999980154098
48,37,Qalpha_keV,-6616.576000000117,-6616.59,0.013999999882798875
47,38,Sn_keV,8525.021999999997,8525.04,0.018000000003667083
47,38,Sp_keV,8633.214000000036,8633.29,0.07599999996455153
47,38,S2n_keV,20448.24900000007,20448.3,0.050999999930354534
47,38,S2p_keV,15691.187000000034,15691.19,0.0029999999660503818
47,38,Qalpha_keV,-5833.327000000048,-5833.38,0.052999999951680365
46,39,Sn_keV,12019.983999999939,12019.96,0.023999999939405825
46,39,Sp_keV,4481.571999999927,4481.54,0.03199999992739322
46,39,S2n_keV,21780.21100000001,21780.23,0.018999999989318894
46,39,S2p_keV,13349.485999999917,13349.43,0.05599999991682125
46,39,Qalpha_keV,-4810.366999999853,-4810.38,0.013000000147258106
45,40,Sn_keV,9824.781000000075,9824.81,0.028999999924053554
45,40,Sp_keV,6569.52899999998,6569.52,0.008999999980005668
45,40,S2n_keV,23406.169999999925,23406.15,0.019999999924039003
45,40,S2p_keV,10954.344000000041,10954.36,0.015999999959603883
45,40,Qalpha_keV,-4070.7909999999683,-4070.82,0.029000000031828677
44,41,Sp_keV,2148.091000000015,2148.11,0.018999999985226168
44,41,S2n_keV,24011.800999999978,24011.8,0.000999999978375854
44,41,S2p_keV,8653.065999999992,8653.09,0.024000000008527422
44,41,Qalpha_keV,-2992.846999999834,-2992.87,0.02300000016566628
43,42,S2p_keV,6177.179999999935,6177.18,6.548361852765083e-11
43,42,Qalpha_keV,-1538.2789999999804,-1538.28,0.0010000000195304892
53,33,Sn_keV,3844.3659999999218,3844.32,0.045999999921605195
53,33,Sp_keV,13127.725999999908,13127.69,0.03599999990728975
53,33,S2n_keV,9251.21399999992,9251.22,0.006000000079438905
53,33,Qalpha_keV,-8456.327999999863,-8456.34,0.012000000137049938
52,34,Sn_keV,6160.852000000072,6160.85,0.0020000000713480404
52,34,Sp_keV,14603.052000000025,14602.99,0.06200000002536399
52,34,S2n_keV,10698.080000000075,10698.08,7.457856554538012e-11
52,34,S2p_keV,26932.676000000094,26932.68,0.003999999906227458
52,34,Qalpha_keV,-7513.040000000037,-7513.02,0.020000000036816346
51,35,Sn_keV,5128.069999999949,5128.1,0.03000000005158654
51,35,Sp_keV,10507.550000000047,10507.59,0.03999999995357939
51,35,S2n_keV,13991.754000000074,13991.8,0.04599999992569792
51,35,S2p_keV,24356.597999999998,24356.63,0.03200000000288128
51,35,Qalpha_keV,-7954.0779999999795,-7954.08,0.002000000020416337
50,36,Sn_keV,9856.724000000046,9856.65,0.0740000000459986
50,36,Sp_keV,11979.173999999999,11979.17,0.003999999998995918
50,36,S2n_keV,16969.030000000028,16968.96,0.07000000002881279
50,36,S2p_keV,21895.8820000001,21895.89,0.007999999899766408
50,36,Qalpha_keV,-8096.680000000051,-8096.66,0.02000000005136826
49,37,Sn_keV,8651.000999999931,8651.0,0.0009999999310821295
49,37,Sp_keV,8555.716000000015,8555.65,0.06600000001526496
49,37,S2n_keV,19130.670000000042,19130.68,0.009999999958381522
49,37,S2p_keV,19541.850000000093,19541.87,0.01999999990584911
49,37,Qalpha_keV,-7674.711999999941,-7674.65,0.061999999941690476
48,38,Sn_keV,11491.271999999997,11491.24,0.03199999999742431
48,38,Sp_keV,9644.816999999923,9644.84,0.023000000077445293
48,38,S2n_keV,20016.293999999994,20016.28,0.013999999995576218
48,38,S2p_keV,16661.83799999999,16661.8,0.037999999989551725
48,38,Qalpha_keV,-6357.76800000004,-6357.8,0.03199999996013503
47,39,Sn_keV,9512.400000000023,9512.39,0.010000000023865141
47,39,Sp_keV,5468.949999999953,5468.89,0.05999999995310645
47,39,S2n_keV,21532.38399999996,21532.36,0.023999999961233698
47,39,S2p_keV,14102.16399999999,14102.18,0.016000000010535587
47,39,Qalpha_keV,-5520.305999999982,-5520.31,0.004000000018095307
46,40,Sn_keV,12865.917000000016,12865.94,0.022999999984676833
46,40,Sp_keV,7415.462000000058,7415.5,0.037999999942258
46,40,S2n_keV,22690.69800000009,22690.75,0.05199999990873039
46,40,S2p_keV,11897.033999999985,11897.04,0.006000000015774276
46,40,Qalpha_keV,-4383.505999999936,-4383.52,0.014000000064697815
45,41,Sn_keV,10924.539000000106,10924.52,0.019000000105734216
45,41,Sp_keV,3247.8490000000456,3247.82,0.029000000045471097
45,41,S2p_keV,9817.378000000026,9817.34,0.03800000002593151
45,41,Qalpha_keV,-3494.829999999958,-3494.83,4.18367562815547e-11
44,42,Sn_keV,14671.839000000036,14671.81,0.029000000036830897
44,42,Sp_keV,5119.539000000106,5119.54,0.0009999998937928467
44,42,S2p_keV,7267.630000000121,7267.65,0.019999999878564267
54,33,Sn_keV,4727.031000000075,4727.08,0.04899999992449011
54,33,S2n_keV,8571.396999999997,8571.4,0.00300000000243017
54,33,Qalpha_keV,-8785.651999999885,-8785.7,0.04800000011528027
53,34,Sn_keV,3994.2249999999767,3994.28,0.05500000002348315
53,34,Sp_keV,14752.91100000008,14752.95,0.038999999920633854
53,34,S2n_keV,10155.077000000048,10155.12,0.04299999995237158
53,34,S2p_keV,27880.636999999988,27880.65,0.013000000013562385
53,34,Qalpha_keV,-7874.62200000009,-7874.61,0.012000000090665708
52,35,Sn_keV,6330.780000000028,6330.74,0.040000000028157956
52,35,Sp_keV,10677.478000000003,10677.48,0.001999999996769475
52,35,S2n_keV,11458.849999999977,11458.84,0.009999999976571416
52,35,S2p_keV,25280.530000000028,25280.47,0.060000000026775524
52,35,Qalpha_keV,-6647.310999999987,-6647.27,0.040999999986524926
51,36,Sn_keV,5515.126999999862,5515.17,0.0430000001379085
51,36,Sp_keV,12366.230999999912,12366.24,0.009000000087326043
51,36,S2n_keV,15371.850999999908,15371.83,0.020999999907871825
51,36,S2p_keV,22873.78099999996,22873.83,0.04900000004272442
51,36,Qalpha_keV,-7793.812999999849,-7793.87,0.05700000015076512
50,37,Sn_keV,9922.035000000033,9922.1,0.06499999996776751
50,37,Sp_keV,8621.027000000002,8621.1,0.07299999999850115
50,37,S2n_keV,18573.035999999964,18573.09,0.0540000000364671
50,37,S2p_keV,20600.201,20600.26,0.05899999999746797
50,37,Qalpha_keV,-8009.2380000001285,-8009.3,0.061999999871659384
49,38,Sn_keV,8428.14300000004,8428.15,0.006999999959589331
49,38,Sp_keV,9421.959000000032,9421.99,0.030999999968116754
49,38,S2n_keV,19919.415000000037,19919.39,0.02500000003783498
49,38,S2p_keV,17977.675000000047,17977.64,0.035000000047148205
49,38,Qalpha_keV,-7314.942000000039,-7314.92,0.02200000003904279
48,39,Sn_keV,11806.447999999975,11806.46,0.012000000024272595
48,39,Sp_keV,5784.125999999931,5784.11,0.015999999931409548
48,39,S2n_keV,21318.847999999998,21318.85,0.0020000000004074536
48,39,S2p_keV,15428.942999999854,15428.95,0.00700000014694524
48,39,Qalpha_keV,-6372.673999999883,-6372.63,0.043999999882544216
47,40,Sn_keV,9449.24700000009,9449.2,0.047000000089610694
47,40,Sp_keV,7352.309000000125,7352.3,0.009000000124615326
47,40,S2n_keV,22315.164000000106,22315.14,0.02400000010675285
47,40,S2p_keV,12821.259000000078,12821.2,0.0590000000775035
47,40,Qalpha_keV,-4973.848000000115,-4973.84,0.008000000114407158
46,41,Sn_keV,12811.667000000016,12811.74,0.07299999998394924
46,41,Sp_keV,3193.5990000000456,3193.62,0.020999999954256054
46,41,S2n_keV,23736.206000000122,23736.26,0.05399999987639603
46,41,S2p_keV,10609.061000000103,10609.12,0.05899999989742355
46,41,Qalpha_keV,-4093.612000000081,-4093.69,0.0779999999190295
45,42,Sn_keV,10845.827000000048,10845.88,0.05299999995077087
45,42,Sp_keV,5040.827000000048,5040.9,0.07299999995120743
45,42,S2n_keV,25517.666000000085,25517.69,0.023999999913939973
45,42,S2p_keV,8288.676000000094,8288.72,0.043999999905281584
45,42,Qalpha_keV,-3399.185999999987,-3399.21,0.024000000013074896
44,43,Sp_keV,868.7539999999572,868.77,0.01600000004282265
44,43,S2p_keV,5988.293000000063,5988.31,0.016999999937070243
44,43,Qalpha_keV,-1704.4340000000084,-1704.45,0.01599999999166357
54,34,Sn_keV,5529.435000000056,5529.39,0.045000000055551936
54,34,Sp_keV,15555.31500000006,15555.26,0.05500000006031769
54,34,S2n_keV,9523.660000000033,9523.66,3.2741809263825417e-11
54,34,Qalpha_keV,-8160.676000000094,-8160.68,0.003999999906227458
53,35,Sn_keV,4895.565999999875,4895.6,0.03400000012516102
53,35,Sp_keV,11578.818999999901,11578.8,0.018999999902007403
53,35,S2n_keV,11226.345999999903,11226.34,0.005999999902996933
53,35,S2p_keV,26331.72999999998,26331.76,0.03000000001702574
53,35,Qalpha_keV,-7287.283999999869,-7287.31,0.02600000013171666
52,36,Sn_keV,7053.091000000131,7053.08,0.011000000131389243
52,36,Sp_keV,13088.542000000016,13088.58,0.03799999998409476
52,36,S2n_keV,12568.217999999993,12568.25,0.03200000000651926
52,36,S2p_keV,23766.02000000002,23766.06,0.03999999998268322
52,36,Qalpha_keV,-6168.4400000000605,-6168.48,0.039999999939027475
51,37,Sn_keV,6082.598999999929,6082.52,0.07899999992878293
51,37,Sp_keV,9188.499000000069,9188.44,0.059000000068408553
51,37,S2n_keV,16004.633999999962,16004.62,0.013999999961015419
51,37,S2p_keV,21554.72999999998,21554.68,0.04999999998108251
51,37,Qalpha_keV,-7250.824000000022,-7250.82,0.00400000002264278
50,38,Sn_keV,11112.650999999954,11112.64,0.01099999995494727
50,38,Sp_keV,10612.574999999953,10612.53,0.044999999952779035
50,38,S2n_keV,19540.793999999994,19540.79,0.00399999999353895
50,38,S2p_keV,19233.601999999955,19233.63,0.028000000045722118
50,38,Qalpha_keV,-7906.971999999951,-7906.93,0.041999999950348865
49,39,Sn_keV,9351.740000000107,9351.73,0.010000000107538654
49,39,Sp_keV,6707.722999999998,6707.69,0.03299999999853753
49,39,S2n_keV,21158.188000000082,21158.19,0.001999999916733941
49,39,S2p_keV,16129.68200000003,16129.68,0.002000000029511284
49,39,Qalpha_keV,-6964.692000000039,-6964.71,0.01799999996092083
48,40,Sn_keV,12353.086999999941,12353.11,0.0230000000592554
48,40,Sp_keV,7898.948000000091,7898.96,0.011999999908766767
48,40,S2n_keV,21802.33400000003,21802.31,0.024000000030355295
48,40,S2p_keV,13683.074000000022,13683.07,0.00400000002264278
48,40,Qalpha_keV,-5403.707999999984,-5403.69,0.017999999984567694
47,41,Sn_keV,10374.046999999904,10374.0,0.046999999904073775
47,41,Sp_keV,4118.398999999859,4118.42,0.02100000014070247
47,41,S2n_keV,23185.71399999992,23185.74,0.026000000081694452
47,41,S2p_keV,11470.707999999984,11470.73,0.022000000015395926
47,41,Qalpha_keV,-4707.431999999913,-4707.43,0.0019999999130959623
46,42,Sn_keV,13873.102999999886,13873.05,0.05299999988710624
46,42,Sp_keV,6102.262999999919,6102.22,0.04299999991872028
46,42,S2n_keV,24718.929999999935,24718.93,6.548361852765083e-11
46,42,S2p_keV,9295.861999999965,9295.83,0.0319999999646825
46,42,Qalpha_keV,-3690.9000000000233,-3690.93,0.029999999976553227
45,43,Sn_keV,12062.576000000001,12062.59,0.013999999999214197
45,43,Sp_keV,2085.5029999999097,2085.48,0.02299999990964352
45,43,S2p_keV,7126.329999999958,7126.38,0.050000000042018655
55,34,Sn_keV,3179.478999999934,3179.51,0.03100000006634218
55,34,S2n_keV,8708.91399999999,8708.9,0.01399999999011925
55,34,Qalpha_keV,-8293.890999999945,-8293.89,0.0009999999456340447
54,35,Sn_keV,5629.5950000000885,5629.62,0.024999999911415216
54,35,Sp_keV,11678.978999999934,11679.04,0.06100000006699702
54,35,S2n_keV,10525.160999999964,10525.22,0.059000000035666744
54,35,S2p_keV,27234.293999999994,27234.3,0.00600000000486034
54,35,Qalpha_keV,-7510.030999999959,-7510.03,0.0009999999592764652
53,36,Sn_keV,4915.822999999975,4915.82,0.002999999975145329
53,36,Sp_keV,13108.799000000115,13108.8,0.000999999883788405
53,36,S2n_keV,11968.914000000106,11968.9,0.014000000106534571
53,36,S2p_keV,24687.618000000017,24687.6,0.018000000018218998
53,36,Qalpha_keV,-6547.035000000033,-6547.06,0.024999999967803888
52,37,Sn_keV,7174.523000000045,7174.56,0.036999999955696694
52,37,Sp_keV,9309.930999999982,9309.92,0.010999999982232112
52,37,S2n_keV,13257.121999999974,13257.08,0.04199999997399573
52,37,S2p_keV,22398.472999999998,22398.5,0.027000000001862645
52,37,Qalpha_keV,-5561.662999999942,-5561.69,0.027000000057341822
51,38,Sn_keV,6358.694999999949,6358.72,0.0250000000514774
51,38,Sp_keV,10888.670999999973,10888.73,0.0590000000265718
51,38,S2n_keV,17471.345999999903,17471.35,0.004000000095402356
51,38,S2p_keV,20077.170000000042,20077.17,4.3655745685100555e-11
51,38,Qalpha_keV,-7153.360999999917,-7153.34,0.02099999991696677
50,39,Sn_keV,11481.674999999814,11481.72,0.04500000018560968
50,39,Sp_keV,7076.7469999998575,7076.77,0.02300000014292891
50,39,S2n_keV,20833.41499999992,20833.44,0.025000000077852746
50,39,S2p_keV,17689.32199999981,17689.3,0.021999999811669113
50,39,Qalpha_keV,-7966.697999999742,-7966.74,0.042000000257758074
49,40,Sn_keV,9319.375999999931,9319.38,0.004000000068117515
49,40,Sp_keV,7866.583999999915,7866.61,0.026000000084422936
49,40,S2n_keV,21672.462999999872,21672.49,0.027000000129191903
49,40,S2p_keV,14574.306999999913,14574.3,0.006999999914114596
49,40,Qalpha_keV,-6198.061999999918,-6198.03,0.03199999991829827
48,41,Sn_keV,12520.75800000003,12520.73,0.028000000031170202
48,41,Sp_keV,4286.069999999949,4286.04,0.029999999948813638
48,41,S2n_keV,22894.804999999935,22894.73,0.07499999993524398
48,41,S2p_keV,12185.01800000004,12184.99,0.02800000004026515
48,41,Qalpha_keV,-5208.206000000006,-5208.19,0.016000000005988113
47,42,Sn_keV,10399.67200000002,10399.71,0.03799999997863779
47,42,Sp_keV,6127.888000000035,6127.92,0.0319999999646825
47,42,S2n_keV,24272.774999999907,24272.76,0.014999999908468453
47,42,S2p_keV,10246.286999999895,10246.34,0.05300000010538497
47,42,Qalpha_keV,-4265.790999999968,-4265.83,0.03900000003159221
46,43,Sn_keV,13784.871000000043,13784.85,0.02100000004247704
46,43,Sp_keV,1997.2710000000661,1997.27,0.0010000000661420927
46,43,S2n_keV,25847.447000000044,25847.44,0.007000000045081833
46,43,S2p_keV,8099.533999999985,8099.49,0.04399999998531712
46,43,Qalpha_keV,-3540.0800000000745,-3540.09,0.009999999925639713
56,34,Sn_keV,4879.1089999999385,4879.14,0.031000000061794708
56,34,S2n_keV,8058.587999999872,8058.66,0.07200000012744567
55,35,Sn_keV,3797.408999999985,3797.35,0.05899999998518979
55,35,Sp_keV,12296.908999999985,12296.88,0.028999999985899194
55,35,S2n_keV,9427.004000000074,9426.97,0.03400000007422932
55,35,Qalpha_keV,-7463.074000000022,-7463.07,0.00400000002264278
54,36,Sn_keV,6494.775000000023,6494.78,0.004999999976462277
54,36,Sp_keV,13973.97900000005,13973.96,0.019000000051164534
54,36,S2n_keV,11410.597999999998,11410.6,0.002000000002226443
54,36,S2p_keV,25652.957999999984,25653.0,0.042000000015832484
54,36,Qalpha_keV,-6880.957999999984,-6881.0,0.042000000015832484
53,37,Sn_keV,5723.796999999904,5723.81,0.013000000096326403
53,37,Sp_keV,10117.904999999912,10117.92,0.015000000088548404
53,37,S2n_keV,12898.319999999949,12898.37,0.0500000000520231
53,37,S2p_keV,23226.704000000027,23226.71,0.00599999997211853
53,37,Qalpha_keV,-6157.389999999898,-6157.39,1.0277290130034089e-10
52,38,Sn_keV,7811.499000000069,7811.48,0.019000000069354428
52,38,Sp_keV,11525.646999999997,11525.65,0.00300000000243017
52,38,S2n_keV,14170.194000000018,14170.2,0.005999999983032467
52,38,S2p_keV,20835.57799999998,20835.57,0.007999999979801942
52,38,Qalpha_keV,-5108.13599999994,-5108.17,0.034000000059677404
51,39,Sn_keV,6857.017000000109,6857.03,0.0129999998907806
51,39,Sp_keV,7575.069000000018,7575.08,0.010999999982232112
51,39,S2n_keV,18338.691999999923,18338.74,0.048000000078900484
51,39,S2p_keV,18463.73999999999,18463.81,0.0700000000106229
51,39,Qalpha_keV,-6172.71399999992,-6172.77,0.0560000000805303
50,40,Sn_keV,11968.447999999975,11968.49,0.04200000002492743
50,40,Sp_keV,8353.357000000076,8353.38,0.022999999922831194
50,40,S2n_keV,21287.823999999906,21287.86,0.03600000009464566
50,40,S2p_keV,15430.103999999934,15430.15,0.046000000065760105
50,40,Qalpha_keV,-6675.237999999896,-6675.28,0.04200000010405347
49,41,Sn_keV,10108.11400000006,10108.15,0.03599999994003156
49,41,Sp_keV,5074.808000000077,5074.8,0.008000000077117875
49,41,S2n_keV,22628.87200000009,22628.87,0.002000000091356924
49,41,S2p_keV,12941.391999999993,12941.41,0.01800000000730506
49,41,Qalpha_keV,-5803.920000000042,-5803.94,0.019999999957690306
48,42,Sn_keV,13229.303999999887,13229.27,0.03399999988687341
48,42,Sp_keV,6836.433999999892,6836.46,0.0260000001080698
48,42,S2n_keV,23628.975999999908,23628.98,0.004000000091764377
48,42,S2p_keV,11122.50399999984,11122.5,0.00399999984074384
48,42,Qalpha_keV,-4629.17799999984,-4629.15,0.027999999840176315
47,43,Sn_keV,11401.13500000001,11401.16,0.024999999990541255
47,43,Sp_keV,2998.734000000055,2998.72,0.01400000005514812
47,43,S2n_keV,25186.006000000052,25186.01,0.003999999946245225
47,43,S2p_keV,9126.62200000009,9126.64,0.017999999909079634
47,43,Qalpha_keV,-4016.6759999999776,-4016.72,0.04400000002215165
46,44,Sp_keV,4777.944999999949,4777.92,0.0249999999487045
46,44,S2p_keV,6775.216000000015,6775.19,0.02600000001530134
46,44,Qalpha_keV,-3198.485999999917,-3198.46,0.02599999991707591
56,35,Sn_keV,5178.253000000026,5178.31,0.056999999974323146
56,35,Sp_keV,12596.053000000073,12596.05,0.0030000000733707566
56,35,S2n_keV,8975.662000000011,8975.66,0.00200000001132139
56,35,Qalpha_keV,-7914.295999999973,-7914.3,0.004000000027190254
55,36,Sn_keV,4086.030999999959,4086.03,0.0009999999588217179
55,36,Sp_keV,14262.601000000024,14262.64,0.038999999975203536
55,36,S2n_keV,10580.805999999982,10580.81,0.004000000017185812
55,36,S2p_keV,26559.51000000001,26559.52,0.009999999991123332
55,36,Qalpha_keV,-6972.7639999999665,-6972.76,0.003999999966254109
54,37,Sn_keV,6451.702000000048,6451.71,0.007999999951607606
54,37,Sp_keV,10074.831999999937,10074.85,0.018000000063693733
54,37,S2n_keV,12175.498999999953,12175.52,0.02100000004793401
54,37,S2p_keV,24048.810999999987,24048.8,0.01099999998768908
54,37,Qalpha_keV,-6278.311999999918,-6278.37,0.05800000008184725
53,38,Sn_keV,5774.789999999921,5774.81,0.020000000079562597
53,38,Sp_keV,11576.640000000014,11576.65,0.009999999985666364
53,38,S2n_keV,13586.28899999999,13586.29,0.0010000000111176632
53,38,S2p_keV,21694.544999999925,21694.56,0.015000000075815478
53,38,Qalpha_keV,-5367.798999999999,-5367.8,0.0010000000011132215
52,39,Sn_keV,7928.317000000039,7928.33,0.012999999960811692
52,39,Sp_keV,7691.886999999988,7691.93,0.04300000001239823
52,39,S2n_keV,14785.334000000148,14785.36,0.025999999852501787
52,39,S2p_keV,19217.533999999985,19217.58,0.04600000001664739
52,39,Qalpha_keV,-4178.995999999926,-4179.0,0.004000000073574483
51,40,Sn_keV,7193.920000000042,7193.92,4.18367562815547e-11
51,40,Sp_keV,8690.26000000001,8690.27,0.009999999991123332
51,40,S2n_keV,19162.368000000017,19162.4,0.031999999984691385
51,40,S2p_keV,16265.329000000027,16265.35,0.020999999973355443
51,40,Qalpha_keV,-5441.014999999898,-5441.04,0.025000000102409103
50,41,Sn_keV,12047.704000000027,12047.67,0.034000000026935595
50,41,Sp_keV,5154.064000000129,5153.99,0.07400000012967212
50,41,S2n_keV,22155.818000000087,22155.82,0.0019999999130959623
50,41,S2p_keV,13507.421000000206,13507.37,0.051000000205021934
50,41,Qalpha_keV,-6045.176000000094,-6045.15,0.026000000094427378
49,42,Sn_keV,10107.177000000142,10107.14,0.03700000014214311
49,42,Sp_keV,6835.496999999974,6835.46,0.03699999997388659
49,42,S2n_keV,23336.48100000003,23336.41,0.07100000002901652
49,42,S2p_keV,11910.305000000051,11910.26,0.04500000005100446
49,42,Qalpha_keV,-5287.107999999891,-5287.1,0.007999999890671461
48,43,Sn_keV,13332.930999999982,13332.88,0.050999999983105226
48,43,Sp_keV,3102.36100000015,3102.34,0.021000000149797415
48,43,S2n_keV,24734.06599999999,24734.04,0.025999999990744982
48,43,S2p_keV,9938.795000000042,9938.8,0.004999999957362888
48,43,Qalpha_keV,-4537.939999999944,-4537.87,0.06999999994422978
47,44,Sn_keV,11427.054999999935,11427.04,0.014999999933934305
47,44,Sp_keV,4803.864999999874,4803.8,0.06499999987408955
47,44,S2p_keV,7802.598999999929,7802.53,0.06899999992947414
47,44,Qalpha_keV,-3779.7139999998035,-3779.63,0.0839999998033818
57,35,Sn_keV,3196.8190000000177,3196.83,0.010999999982232112
57,35,S2n_keV,8375.072000000044,8375.14,0.06799999995564576
56,36,Sn_keV,5866.667000000016,5866.67,0.002999999984240276
56,36,Sp_keV,14951.015000000014,14951.0,0.015000000013969839
56,36,S2n_keV,9952.697999999975,9952.7,0.0020000000258733053
56,36,S2p_keV,27547.068000000087,27547.04,0.028000000085739885
56,36,Qalpha_keV,-7309.995999999926,-7310.04,0.044000000073538104
55,37,Sn_keV,5098.774000000092,5098.72,0.054000000091946276
55,37,Sp_keV,11087.57500000007,11087.53,0.04500000006919436
55,37,S2n_keV,11550.47600000014,11550.43,0.04600000014033867
55,37,S2p_keV,25350.176000000094,25350.17,0.00600000009580981
55,37,Qalpha_keV,-6481.520000000135,-6481.48,0.04000000013547833
54,38,Sn_keV,7286.363999999943,7286.3,0.06399999994300742
54,38,Sp_keV,12411.301999999909,12411.24,0.061999999908948666
54,38,S2n_keV,13061.153999999864,13061.11,0.04399999986344483
54,38,S2p_keV,22486.133999999845,22486.08,0.05399999984365422
54,38,Qalpha_keV,-5601.071999999811,-5601.02,0.05199999981050496
53,39,Sn_keV,6536.5629999999655,6536.49,0.07299999996575934
53,39,Sp_keV,8453.660000000033,8453.62,0.040000000031795935
53,39,S2n_keV,14464.880000000005,14464.83,0.05000000000472937
53,39,S2p_keV,20030.300000000047,20030.27,0.03000000004612957
53,39,Qalpha_keV,-4632.959999999963,-4632.98,0.020000000036816346
52,40,Sn_keV,8634.80799999996,8634.79,0.017999999960011337
52,40,Sp_keV,9396.750999999931,9396.72,0.030999999931736966
52,40,S2n_keV,15828.728000000003,15828.71,0.018000000003667083
52,40,S2p_keV,17088.63799999992,17088.65,0.012000000082480256
52,40,Qalpha_keV,-2963.171999999904,-2963.19,0.018000000095980795
51,41,Sn_keV,7886.4199999999255,7886.49,0.07000000007428753
51,41,Sp_keV,5846.564000000013,5846.56,0.004000000012638338
51,41,S2n_keV,19934.123999999953,19934.16,0.03600000004735193
51,41,S2p_keV,14536.824000000022,14536.83,0.005999999977575499
51,41,Qalpha_keV,-4579.8559999999125,-4579.91,0.0540000000873988
50,42,Sn_keV,12670.36699999997,12670.43,0.06300000003102468
50,42,Sp_keV,7458.159999999916,7458.22,0.06000000008407369
50,42,S2n_keV,22777.54400000011,22777.57,0.025999999888881575
50,42,S2p_keV,12612.224000000046,12612.21,0.014000000046507921
50,42,Qalpha_keV,-5604.387999999919,-5604.41,0.022000000080879545
49,43,Sn_keV,11010.714999999967,11010.76,0.04500000003281457
49,43,Sp_keV,4005.898999999976,4005.95,0.05100000002403249
49,43,S2n_keV,24343.64599999995,24343.64,0.005999999950290658
49,43,S2p_keV,10841.39599999995,10841.41,0.0140000000501459
49,43,Qalpha_keV,-5174.608000000007,-5174.62,0.01199999999244028
48,44,Sn_keV,14132.940999999992,14133.0,0.0590000000083819
48,44,Sp_keV,5603.874999999884,5603.92,0.04500000011648808
48,44,S2n_keV,25559.995999999926,25560.04,0.0440000000744476
48,44,S2p_keV,8706.236000000034,8706.26,0.023999999966690666
48,44,Qalpha_keV,-4039.5519999999087,-4039.57,0.01800000009143332
47,45,Sp_keV,2048.465000000084,2048.54,0.07499999991614459
47,45,S2p_keV,6852.329999999958,6852.34,0.010000000042055035
47,45,Qalpha_keV,-3742.6759999999776,-3742.69,0.014000000022406311
58,35,Sn_keV,4808.875,4808.85,0.024999999999636202
58,35,S2n_keV,8005.694000000018,8005.68,0.01400000001740409
57,36,Sn_keV,3438.0359999999637,3437.99,0.0459999999638967
57,36,Sp_keV,15192.23199999996,15192.16,0.07199999996009865
57,36,S2n_keV,9304.70299999998,9304.66,0.04299999997965642
57,36,Qalpha_keV,-7568.552999999956,-7568.52,0.03299999995579128
56,37,Sn_keV,5918.736999999965,5918.75,0.013000000035390258
56,37,Sp_keV,11139.645000000019,11139.6,0.045000000018262654
56,37,S2n_keV,11017.511000000057,11017.46,0.05100000005768379
56,37,S2p_keV,26090.660000000033,26090.6,0.06000000003405148
56,37,Qalpha_keV,-6770.662000000011,-6770.61,0.05200000001150329
55,38,Sn_keV,5289.840000000084,5289.84,8.36735125631094e-11
55,38,Sp_keV,12602.3679999999,12602.36,0.007999999899766408
55,38,S2n_keV,12576.204000000027,12576.14,0.06400000002759043
55,38,S2p_keV,23689.94299999997,23689.89,0.052999999970779754
55,38,Qalpha_keV,-5975.08899999992,-5975.05,0.03899999991972436
54,39,Sn_keV,7481.890000000014,7481.92,0.02999999998610292
54,39,Sp_keV,8649.186000000103,8649.24,0.053999999896404915
54,39,S2n_keV,14018.45299999998,14018.41,0.04299999997965642
54,39,S2p_keV,21060.488000000012,21060.47,0.01800000001094304
54,39,Qalpha_keV,-4940.326999999932,-4940.33,0.0030000000679137884
53,40,Sn_keV,6734.383000000031,6734.37,0.013000000030842784
53,40,Sp_keV,9594.570999999996,9594.6,0.029000000004089088
53,40,S2n_keV,15369.190999999992,15369.16,0.030999999991763616
53,40,S2p_keV,18048.23100000003,18048.22,0.011000000027706847
53,40,Qalpha_keV,-3338.859999999986,-3338.85,0.00999999998612111
52,41,Sn_keV,8830.613999999943,8830.56,0.05399999994369864
52,41,Sp_keV,6042.369999999995,6042.32,0.049999999995634425
52,41,S2n_keV,16717.03399999987,16717.04,0.006000000132189598
52,41,S2p_keV,15439.120999999926,15439.05,0.07099999992715311
52,41,Qalpha_keV,-1928.795000000042,-1928.75,0.045000000041909516
51,42,Sn_keV,8069.868999999948,8069.81,0.05899999994744576
51,42,Sp_keV,7641.6089999999385,7641.55,0.05899999993835081
51,42,S2n_keV,20740.235999999917,20740.24,0.00400000008448842
51,42,S2p_keV,13488.172999999952,13488.1,0.07299999995120743
51,42,Qalpha_keV,-4354.880999999936,-4354.84,0.04099999993559322
50,43,Sn_keV,12750.960999999894,12750.98,0.019000000105734216
50,43,Sp_keV,4086.4929999999003,4086.5,0.0070000000996515155
50,43,S2n_keV,23761.67599999986,23761.74,0.06400000014036777
50,43,S2p_keV,11544.652999999817,11544.72,0.06700000018281571
50,43,Qalpha_keV,-5404.810999999871,-5404.88,0.06900000012956298
49,44,Sn_keV,10986.850000000093,10986.83,0.020000000093205017
49,44,Sp_keV,5580.010000000009,5579.99,0.020000000009531504
49,44,S2n_keV,25119.791000000085,25119.83,0.038999999916995876
49,44,S2p_keV,9585.908999999985,9585.94,0.031000000015410478
49,44,Qalpha_keV,-4626.729999999981,-4626.69,0.039999999981773726
48,45,Sn_keV,14084.08500000008,14084.03,0.05500000007850758
48,45,Sp_keV,1999.6090000001714,1999.57,0.03900000017142702
48,45,S2p_keV,7603.484000000055,7603.49,0.005999999944833689
48,45,Qalpha_keV,-4041.890000000014,-4041.87,0.020000000014078978
58,36,Sn_keV,5283.070000000065,5283.09,0.01999999993495294
58,36,Sp_keV,15666.427000000025,15666.4,0.027000000025509507
58,36,S2n_keV,8721.106000000029,8721.09,0.01600000002872548
58,36,Qalpha_keV,-7972.514000000083,-7972.47,0.04400000008263305
57,37,Sn_keV,4014.162999999826,4014.15,0.012999999825751729
57,37,Sp_keV,11715.77199999988,11715.77,0.001999999880354153
57,37,S2n_keV,9932.89999999979,9932.9,2.091837814077735e-10
57,37,S2p_keV,26908.00399999984,26907.93,0.0739999998404528
57,37,Qalpha_keV,-6987.415999999852,-6987.41,0.00599999985206523
56,38,Sn_keV,6831.112000000081,6831.15,0.03799999991861114
56,38,Sp_keV,13514.743000000017,13514.77,0.02699999998367275
56,38,S2n_keV,12120.952000000165,12120.99,0.037999999834937626
56,38,S2p_keV,24654.388000000035,24654.37,0.018000000036408892
56,38,Qalpha_keV,-6311.425999999978,-6311.41,0.015999999977793777
55,39,Sn_keV,6196.543999999994,6196.5,0.043999999994412065
55,39,Sp_keV,9555.890000000014,9555.9,0.009999999985666364
55,39,S2n_keV,13678.434000000008,13678.42,0.014000000008309144
55,39,S2p_keV,22158.257999999914,22158.26,0.002000000084080966
55,39,Qalpha_keV,-5413.074000000022,-5413.03,0.0440000000226064
54,40,Sn_keV,8219.581000000006,8219.54,0.04100000000471482
54,40,Sp_keV,10332.261999999988,10332.22,0.04199999998854764
54,40,S2n_keV,14953.964000000036,14953.91,0.0540000000364671
54,40,S2p_keV,18981.44800000009,18981.45,0.0019999999094579834
54,40,Qalpha_keV,-3746.9419999999227,-3746.9,0.04199999992260928
53,41,Sn_keV,7227.490000000107,7227.54,0.049999999892861524
53,41,Sp_keV,6535.477000000072,6535.49,0.012999999928069883
53,41,S2n_keV,16058.10400000005,16058.1,0.004000000049927621
53,41,S2p_keV,16130.048000000068,16130.09,0.04199999993215897
53,41,Qalpha_keV,-2299.26800000004,-2299.26,0.008000000039828592
52,42,Sn_keV,9677.787000000011,9677.84,0.05299999998896965
52,42,Sp_keV,8488.782000000007,8488.83,0.04799999999340798
52,42,S2n_keV,17747.65599999996,17747.65,0.005999999957566615
52,42,S2p_keV,14531.152000000002,14531.15,0.002000000002226443
52,42,Qalpha_keV,-2064.219999999972,-2064.2,0.01999999997224222
51,43,Sn_keV,8623.045000000042,8623.06,0.014999999957581167
51,43,Sp_keV,4639.668999999994,4639.75,0.08100000000558794
51,43,S2n_keV,21374.005999999936,21374.04,0.03400000006513437
51,43,S2p_keV,12281.277999999933,12281.29,0.01200000006792834
51,43,Qalpha_keV,-3919.741999999853,-3919.79,0.04800000014711259
50,44,Sn_keV,13438.167999999947,13438.2,0.03200000005381298
50,44,Sp_keV,6267.217000000062,6267.2,0.01700000006258051
50,44,S2n_keV,24425.01800000004,24425.02,0.0019999999603896867
50,44,S2p_keV,10353.709999999963,10353.71,3.637978807091713e-11
50,44,Qalpha_keV,-4835.594000000041,-4835.62,0.025999999958912667
49,45,Sn_keV,11967.062999999966,11967.13,0.06700000003365858
49,45,Sp_keV,2979.8220000000438,2979.87,0.0479999999561187
49,45,S2n_keV,26051.148000000045,26051.16,0.011999999955150997
49,45,S2p_keV,8559.832000000053,8559.86,0.02799999994749669
49,45,Qalpha_keV,-4607.81799999997,-4607.84,0.02200000002994784
48,46,Sp_keV,4378.160999999847,4378.22,0.05900000015299156
48,46,S2p_keV,6377.770000000019,6377.79,0.01999999998133717
48,46,Qalpha_keV,-3642.1059999999125,-3642.17,0.06400000008761708
59,36,Sn_keV,2882.4109999999637,2882.46,0.04900000003635796
59,36,S2n_keV,8165.481000000029,8165.55,0.0689999999713109
58,37,Sn_keV,5402.414000000106,5402.41,0.004000000106316293
58,37,Sp_keV,11835.115999999922,11835.08,0.03599999992184166
58,37,S2n_keV,9416.576999999932,9416.56,0.01699999993252277
58,37,S2p_keV,27501.542999999947,27501.48,0.06299999994735117
58,37,Qalpha_keV,-7211.576999999932,-7211.5,0.07699999993201345
57,38,Sn_keV,4347.808999999892,4347.82,0.01100000010774238
57,38,Sp_keV,13848.389000000083,13848.43,0.04099999991740333
57,38,S2n_keV,11178.920999999973,11178.97,0.04900000002635352
57,38,S2p_keV,25564.160999999964,25564.2,0.039000000037049176
57,38,Qalpha_keV,-6573.203999999911,-6573.2,0.003999999910774932
56,39,Sn_keV,6929.731000000029,6929.79,0.05899999997109262
56,39,Sp_keV,9654.508999999962,9654.54,0.03100000003905734
56,39,S2n_keV,13126.275000000023,13126.3,0.02499999997598934
56,39,S2p_keV,23169.25199999998,23169.31,0.05800000002273009
56,39,Qalpha_keV,-5891.103000000003,-5891.11,0.006999999996878614
55,40,Sn_keV,6461.962999999989,6461.97,0.007000000011430529
55,40,Sp_keV,10597.680999999982,10597.69,0.009000000018204446
55,40,S2n_keV,14681.543999999994,14681.51,0.033999999994193786
55,40,S2p_keV,20153.570999999996,20153.58,0.00900000000547152
55,40,Qalpha_keV,-4434.114999999991,-4434.07,0.04499999999097781
54,41,Sn_keV,8487.212000000058,8487.17,0.04200000005766924
54,41,Sp_keV,6803.108000000124,6803.13,0.021999999876243237
54,41,S2n_keV,15714.702000000165,15714.71,0.00799999983428279
54,41,S2p_keV,17135.37000000011,17135.34,0.03000000011161319
54,41,Qalpha_keV,-2858.1630000000587,-2858.1,0.06300000005876427
53,42,Sn_keV,7369.085000000079,7369.1,0.014999999921201379
53,42,Sp_keV,8630.376999999979,8630.39,0.013000000020838343
53,42,S2n_keV,17046.87200000009,17046.94,0.06799999990835204
53,42,S2p_keV,15165.85400000005,15165.88,0.025999999948908226
53,42,Qalpha_keV,-2239.3850000000093,-2239.38,0.005000000009204086
52,43,Sn_keV,9934.353000000003,9934.33,0.023000000002866727
52,43,Sp_keV,4896.234999999986,4896.23,0.004999999986466719
52,43,S2n_keV,18557.398000000045,18557.38,0.01800000004368485
52,43,S2p_keV,13385.016999999993,13385.06,0.043000000006941264
52,43,Qalpha_keV,-1806.3909999998286,-1806.45,0.05900000017140883
51,44,Sn_keV,8944.281000000075,8944.22,0.061000000076091965
51,44,Sp_keV,6588.453000000096,6588.37,0.08300000009603536
51,44,S2n_keV,22382.449000000022,22382.42,0.02900000002409797
51,44,S2p_keV,11228.12200000009,11228.12,0.0020000000895379344
51,44,Qalpha_keV,-3672.697999999975,-3672.7,0.0020000000249638106
50,45,Sn_keV,13504.361999999965,13504.31,0.05199999996511906
50,45,Sp_keV,3046.0160000000615,3045.99,0.02600000006168557
50,45,S2n_keV,25471.42499999993,25471.44,0.01500000006853952
50,45,S2p_keV,9313.233000000124,9313.19,0.043000000123356585
50,45,Qalpha_keV,-4779.2489999999525,-4779.27,0.02100000004793401
49,46,Sn_keV,11934.979000000167,11934.94,0.039000000166197424
49,46,Sp_keV,4346.077000000048,4346.02,0.057000000047992216
49,46,S2p_keV,7325.899000000092,7325.89,0.009000000091873517
49,46,Qalpha_keV,-4150.030000000144,-4150.06,0.02999999985604518
60,36,Sn_keV,4992.07500000007,4992.08,0.004999999930078047
60,36,S2n_keV,7874.4860000000335,7874.54,0.05399999996643601
59,37,Sn_keV,3531.78600000008,3531.8,0.013999999920088158
59,37,Sp_keV,12484.491000000038,12484.42,0.07100000003811147
59,37,S2n_keV,8934.200000000186,8934.21,0.00999999981286237
59,37,Qalpha_keV,-7546.543999999994,-7546.47,0.0739999999941574
58,38,Sn_keV,5878.899000000092,5878.92,0.020999999907871825
58,38,Sp_keV,14324.874000000069,14324.94,0.06599999993159145
58,38,S2n_keV,10226.707999999984,10226.74,0.032000000015614205
58,38,S2p_keV,26159.98999999999,26160.03,0.04000000000814907
58,38,Qalpha_keV,-6585.435999999987,-6585.45,0.014000000012856617
57,39,Sn_keV,5201.607000000076,5201.59,0.017000000076222932
57,39,Sp_keV,10508.307000000146,10508.31,0.0029999998532730388
57,39,S2n_keV,12131.338000000105,12131.38,0.041999999893960194
57,39,S2p_keV,24356.69600000023,24356.75,0.05399999977089465
57,39,Qalpha_keV,-5993.935999999987,-5993.98,0.04400000001260196
56,40,Sn_keV,7854.2970000000205,7854.37,0.07299999997940176
56,40,Sp_keV,11522.246999999974,11522.26,0.01300000002629531
56,40,S2n_keV,14316.26000000001,14316.34,0.0799999999908323
56,40,S2p_keV,21176.755999999936,21176.8,0.04400000006353366
56,40,Qalpha_keV,-5002.048000000068,-5002.13,0.08199999993212259
55,41,Sn_keV,6893.087999999872,6893.09,0.002000000127736712
55,41,Sp_keV,7234.233000000007,7234.24,0.006999999992331141
55,41,S2n_keV,15380.29999999993,15380.25,0.04999999993015081
55,41,S2p_keV,17831.91399999999,17831.93,0.016000000010535587
55,41,Qalpha_keV,-3214.6879999999655,-3214.69,0.002000000034513505
54,42,Sn_keV,9154.33899999992,9154.32,0.018999999920197297
54,42,Sp_keV,9297.50399999984,9297.54,0.036000000160129275
54,42,S2n_keV,16523.424,16523.42,0.004000000000814907
54,42,S2p_keV,16100.611999999965,16100.67,0.05800000003546302
54,42,Qalpha_keV,-2758.9159999999683,-2758.91,0.005999999968480552
53,43,Sn_keV,7871.572999999975,7871.6,0.027000000025509507
53,43,Sp_keV,5398.722999999882,5398.73,0.0070000001178414095
53,43,S2n_keV,17805.925999999978,17805.92,0.005999999979394488
53,43,S2p_keV,14029.09999999986,14029.12,0.02000000014049874
53,43,Qalpha_keV,-1791.543999999878,-1791.56,0.016000000121948688
52,44,Sn_keV,10693.888999999966,10693.94,0.05100000003403693
52,44,Sp_keV,7347.98900000006,7347.99,0.0009999999401770765
52,44,S2n_keV,19638.170000000042,19638.17,4.3655745685100555e-11
52,44,S2p_keV,12244.224000000046,12244.22,0.004000000046289642
52,44,Qalpha_keV,-1696.219999999972,-1696.21,0.009999999972023943
51,45,Sn_keV,9417.209999999963,9417.18,0.02999999996245606
51,45,Sp_keV,3518.944999999949,3518.94,0.004999999948722689
51,45,S2n_keV,22921.571999999927,22921.49,0.08199999992575613
51,45,S2p_keV,10107.398000000045,10107.32,0.07800000004499452
51,45,Qalpha_keV,-3185.743999999948,-3185.69,0.053999999947791366
50,46,Sn_keV,14288.806999999913,14288.81,0.0030000000861036824
50,46,Sp_keV,5130.521999999997,5130.52,0.001999999996769475
50,46,S2n_keV,26223.78600000008,26223.75,0.03600000008009374
50,46,S2p_keV,8176.538000000059,8176.51,0.028000000058455043
50,46,Qalpha_keV,-4305.896000000066,-4305.87,0.026000000066233042
49,47,Sp_keV,1835.9749999999767,1835.94,0.034999999976662366
49,47,S2p_keV,6182.052000000025,6181.96,0.09200000002510933
49,47,Qalpha_keV,-3937.5400000000373,-3937.46,0.08000000003721652
61,36,Sn_keV,2415.2079999998678,2415.13,0.07799999986764306
61,36,S2n_keV,7407.282999999938,7407.21,0.07299999993756501
60,37,Sn_keV,5236.025999999954,5236.08,0.05400000004556205
60,37,Sp_keV,12728.441999999923,12728.41,0.031999999922845745
60,37,S2n_keV,8767.812000000034,8767.87,0.05799999996634142
60,37,Qalpha_keV,-7973.694999999949,-7973.7,0.005000000051040843
59,38,Sn_keV,3723.7039999999106,3723.68,0.023999999910756742
59,38,Sp_keV,14516.7919999999,14516.82,0.0280000001002918
59,38,S2n_keV,9602.603000000003,9602.6,0.00300000000243017
59,38,S2p_keV,27001.282999999938,27001.24,0.04299999993600068
59,38,Qalpha_keV,-6871.103999999934,-6871.14,0.03600000006645132
58,39,Sn_keV,5856.941999999923,5856.9,0.041999999923064024
58,39,Sp_keV,10486.349999999977,10486.29,0.05999999997584382
58,39,S2n_keV,11058.548999999999,11058.49,0.058999999999286956
58,39,S2p_keV,24811.224000000046,24811.24,0.015999999955965905
58,39,Qalpha_keV,-5932.140999999945,-5932.14,0.00099999994472455
57,40,Sn_keV,5575.133999999962,5575.12,0.013999999961924914
57,40,Sp_keV,11895.77399999986,11895.79,0.016000000141502824
57,40,S2n_keV,13429.430999999982,13429.49,0.05900000001747685
57,40,S2p_keV,22404.081000000006,22404.11,0.02899999999499414
57,40,Qalpha_keV,-5287.341999999946,-5287.42,0.07800000005408947
56,41,Sn_keV,8072.535999999964,8072.58,0.04400000003624882
56,41,Sp_keV,7452.471999999951,7452.45,0.021999999950821802
56,41,S2n_keV,14965.623999999836,14965.67,0.04600000016398553
56,41,S2p_keV,18974.718999999925,18974.71,0.008999999925435986
56,41,Qalpha_keV,-3805.3339999999152,-3805.35,0.016000000084659405
55,42,Sn_keV,6821.256000000052,6821.25,0.006000000052154064
55,42,Sp_keV,9225.67200000002,9225.7,0.0279999999802385
55,42,S2n_keV,15975.594999999972,15975.57,0.02499999997235136
55,42,S2p_keV,16459.905000000028,16459.94,0.03499999997075065
55,42,Qalpha_keV,-2845.7889999999898,-2845.79,0.0010000000102081685
54,43,Sn_keV,9469.810999999987,9469.78,0.030999999986306648
54,43,Sp_keV,5714.194999999949,5714.2,0.005000000051040843
54,43,S2n_keV,17341.38399999996,17341.38,0.00399999996079714
54,43,S2p_keV,15011.69899999979,15011.74,0.04100000021026062
54,43,Qalpha_keV,-2430.7409999999218,-2430.78,0.039000000078431185
53,44,Sn_keV,8111.497999999905,8111.5,0.0020000000949949026
53,44,Sp_keV,7587.91399999999,7587.89,0.023999999989428034
53,44,S2n_keV,18805.38699999987,18805.44,0.05300000012721284
53,44,S2p_keV,12986.636999999871,12986.62,0.01699999987067713
53,44,Qalpha_keV,-1737.8489999999292,-1737.9,0.051000000070871465
52,45,Sn_keV,10981.09699999995,10981.15,0.0530000000489963
52,45,Sp_keV,3806.152999999933,3806.15,0.002999999932853825
52,45,S2n_keV,20398.306999999913,20398.33,0.02300000008835923
52,45,S2p_keV,11154.141999999993,11154.14,0.001999999993131496
52,45,Qalpha_keV,-1415.8800000000047,-1415.86,0.020000000004756657
51,46,Sn_keV,9695.038000000059,9695.0,0.03800000005867332
51,46,Sp_keV,5408.350000000093,5408.34,0.010000000092986738
51,46,S2n_keV,23983.844999999972,23983.81,0.03499999997075065
51,46,S2p_keV,8927.295000000042,8927.29,0.005000000041036401
51,46,Qalpha_keV,-3014.0840000000317,-3014.05,0.03400000003148307
50,47,Sn_keV,14385.444999999949,14385.52,0.0750000000516593
50,47,Sp_keV,1932.613000000012,1932.65,0.036999999987983756
50,47,S2p_keV,7063.135000000009,7063.18,0.04499999999097781
50,47,Qalpha_keV,-4238.899999999907,-4238.96,0.06000000009316864
61,37,Sn_keV,3870.5379999999423,3870.53,0.007999999942057912
61,37,Sp_keV,14183.771999999997,14183.81,0.03800000000228465
61,37,S2n_keV,9106.563999999897,9106.61,0.04600000010395888
60,38,Sn_keV,5915.043999999994,5915.08,0.036000000005515176
60,38,Sp_keV,15195.80999999994,15195.83,0.020000000060463208
60,38,S2n_keV,9638.747999999905,9638.75,0.0020000000949949026
60,38,S2p_keV,27924.251999999862,27924.24,0.011999999860563548
60,38,Qalpha_keV,-7503.077999999863,-7503.12,0.04200000013679528
59,39,Sn_keV,4244.673999999999,4244.73,0.056000000000494765
59,39,Sp_keV,11007.320000000065,11007.35,0.029999999935171218
59,39,S2n_keV,10101.615999999922,10101.63,0.014000000077430741
59,39,S2p_keV,25524.111999999965,25524.17,0.05800000003364403
59,39,Qalpha_keV,-6162.652000000118,-6162.72,0.06799999988197669
58,40,Sn_keV,6415.400000000023,6415.41,0.009999999976571416
58,40,Sp_keV,12454.23199999996,12454.31,0.07800000003953755
58,40,S2n_keV,11990.533999999985,11990.54,0.006000000015774276
58,40,S2p_keV,22940.581999999937,22940.6,0.018000000061874744
58,40,Qalpha_keV,-4871.629999999888,-4871.68,0.05000000011204975
57,41,Sn_keV,5993.656000000075,5993.59,0.06600000007529161
57,41,Sp_keV,7870.994000000064,7870.92,0.0740000000641885
57,41,S2n_keV,14066.19200000004,14066.17,0.02200000003904279
57,41,S2p_keV,19766.767999999924,19766.71,0.057999999924504664
57,41,Qalpha_keV,-3602.4459999999963,-3602.44,0.00599999999622014
56,42,Sn_keV,8642.625999999931,8642.6,0.02599999993071833
56,42,Sp_keV,9795.761999999988,9795.72,0.04199999998854764
56,42,S2n_keV,15463.881999999983,15463.85,0.031999999982872396
56,42,S2p_keV,17248.23399999994,17248.17,0.06399999994027894
56,42,Qalpha_keV,-3268.8339999999152,-3268.86,0.026000000084877684
55,43,Sn_keV,7283.615000000107,7283.59,0.025000000106956577
55,43,Sp_keV,6176.554000000004,6176.54,0.01400000000376167
55,43,S2n_keV,16753.426000000094,16753.37,0.056000000095082214
55,43,S2p_keV,15402.226000000024,15402.24,0.013999999975567334
55,43,Qalpha_keV,-2486.8659999999218,-2486.83,0.03599999992184166
54,44,Sn_keV,10176.774000000092,10176.78,0.005999999908453901
54,44,Sp_keV,8294.877000000095,8294.88,0.002999999904204742
54,44,S2n_keV,18288.271999999997,18288.28,0.008000000001629815
54,44,S2p_keV,14009.072000000044,14009.08,0.00799999995615508
54,44,Qalpha_keV,-2236.8360000000102,-2236.84,0.003999999989900971
53,45,Sn_keV,8650.139000000083,8650.13,0.009000000083688064
53,45,Sp_keV,4344.794000000111,4344.78,0.014000000111082045
53,45,S2n_keV,19631.236000000034,19631.28,0.043999999965308234
53,45,S2p_keV,11932.7080000001,11932.67,0.03800000010051008
53,45,Qalpha_keV,-1442.9740000000456,-1442.93,0.04400000004557114
52,46,Sn_keV,11586.391999999876,11586.45,0.0580000001245935
52,46,Sp_keV,6013.645000000019,6013.64,0.005000000018299033
52,46,S2n_keV,21281.429999999935,21281.45,0.020000000065920176
52,46,S2p_keV,9819.797999999952,9819.79,0.007999999950698111
52,46,Qalpha_keV,-1162.3079999999609,-1162.3,0.007999999960929927
51,47,Sn_keV,10311.94299999997,10311.89,0.052999999970779754
51,47,Sp_keV,2549.5179999999236,2549.54,0.02200000007633207
51,47,S2n_keV,24697.38799999992,24697.41,0.022000000080879545
51,47,S2p_keV,7957.868000000017,7957.89,0.021999999983563612
51,47,Qalpha_keV,-2583.7799999999115,-2583.72,0.059999999911724444
50,48,Sp_keV,4099.527000000002,4099.54,0.012999999998100975
50,48,S2p_keV,6032.140000000014,6032.2,0.05999999998584826
50,48,Qalpha_keV,-3960.2660000000615,-3960.28,0.013999999938732799
62,37,Sn_keV,4958.369000000064,4958.39,0.02099999993606616
62,37,S2n_keV,8828.907000000007,8828.92,0.012999999993553502
61,38,Sn_keV,4157.292000000016,4157.28,0.012000000016087142
61,38,Sp_keV,15482.564000000013,15482.58,0.015999999986888724
61,38,S2n_keV,10072.33600000001,10072.36,0.02399999999033753
61,38,S2p_keV,29666.33600000001,29666.39,0.053999999989173375
61,38,Qalpha_keV,-8777.958999999915,-8777.94,0.01899999991474033
60,39,Sn_keV,6426.457999999984,6426.43,0.027999999983876478
60,39,Sp_keV,11518.734000000055,11518.7,0.034000000054220436
60,39,S2n_keV,10671.131999999983,10671.16,0.028000000016618287
60,39,S2p_keV,26714.543999999994,26714.52,0.023999999993975507
60,39,Qalpha_keV,-7186.695999999996,-7186.74,0.04400000000350701
59,40,Sn_keV,4403.310999999987,4403.23,0.08099999998739804
59,40,Sp_keV,12612.868999999948,12612.81,0.05899999994835525
59,40,S2n_keV,10818.71100000001,10818.64,0.07100000001082662
59,40,S2p_keV,23620.189000000013,23620.15,0.039000000011583325
59,40,Qalpha_keV,-4927.131999999983,-4927.09,0.041999999983090675
58,41,Sn_keV,6872.670999999973,6872.75,0.07900000002700835
58,41,Sp_keV,8328.265000000014,8328.25,0.015000000013969839
58,41,S2n_keV,12866.327000000048,12866.34,0.012999999951716745
58,41,S2p_keV,20782.496999999974,20782.56,0.0630000000273867
58,41,Qalpha_keV,-3545.3859999999404,-3545.39,0.0040000000594773155
57,42,Sn_keV,5925.428000000073,5925.44,0.011999999926956662
57,42,Sp_keV,9727.533999999985,9727.58,0.0460000000148284
57,42,S2n_keV,14568.054000000004,14568.05,0.004000000004452886
57,42,S2p_keV,17598.52800000005,17598.49,0.038000000047759386
57,42,Qalpha_keV,-2732.298999999999,-2732.33,0.031000000000858563
56,43,Sn_keV,8966.986999999965,8966.97,0.01699999996526458
56,43,Sp_keV,6500.915000000037,6500.9,0.0150000000376167
56,43,S2n_keV,16250.602000000072,16250.56,0.042000000072221155
56,43,S2p_keV,16296.677000000025,16296.63,0.047000000025946065
56,43,Qalpha_keV,-2966.6409999998286,-2966.64,0.0009999998287639755
55,44,Sn_keV,7468.446999999927,7468.39,0.05699999992702942
55,44,Sp_keV,8479.708999999915,8479.68,0.028999999914958607
55,44,S2n_keV,17645.22100000002,17645.17,0.051000000021304004
55,44,S2p_keV,14656.262999999919,14656.22,0.04299999991962977
55,44,Qalpha_keV,-2336.1979999998584,-2336.13,0.06799999985832983
54,45,Sn_keV,10474.175000000047,10474.2,0.024999999954161467
54,45,Sp_keV,4642.195000000065,4642.2,0.004999999934625521
54,45,S2n_keV,19124.31400000013,19124.33,0.015999999872292392
54,45,S2p_keV,12937.07200000016,12937.08,0.007999999839739758
54,45,Qalpha_keV,-1982.7960000000894,-1982.8,0.003999999910547558
53,46,Sn_keV,8931.581999999937,8931.58,0.0019999999367428245
53,46,Sp_keV,6295.087999999872,6295.1,0.01200000012795499
53,46,S2n_keV,20517.973999999813,20518.03,0.056000000186031684
53,46,S2p_keV,10639.881999999983,10639.88,0.001999999984036549
53,46,Qalpha_keV,-1149.6089999998221,-1149.66,0.051000000177964466
52,47,Sn_keV,11717.397999999928,11717.38,0.017999999929088517
52,47,Sp_keV,2680.523999999976,2680.47,0.0539999999759857
52,47,S2n_keV,22029.3409999999,22029.26,0.08099999990008655
52,47,S2p_keV,8694.168999999994,8694.11,0.05899999999382999
52,47,Qalpha_keV,-796.8159999998752,-796.78,0.03599999987523006
51,48,Sn_keV,10366.114999999874,10366.02,0.0949999998738349
51,48,Sp_keV,4153.698999999906,4153.68,0.01899999990564538
51,48,S2p_keV,6703.21699999983,6703.22,0.0030000001706866897
51,48,Qalpha_keV,-2391.401999999769,-2391.37,0.03199999976914114
62,38,Sn_keV,5389.555999999982,5389.52,0.035999999981868314
62,38,Sp_keV,15913.750999999931,15913.71,0.040999999931955244
62,38,S2n_keV,9546.847999999998,9546.8,0.04799999999886495
62,38,Qalpha_keV,-9175.439999999828,-9175.38,0.05999999982850568
61,39,Sn_keV,4748.91399999999,4748.95,0.03600000001006265
61,39,Sp_keV,12110.356000000029,12110.36,0.003999999971711077
61,39,S2n_keV,11175.371999999974,11175.37,0.0019999999731226126
61,39,S2p_keV,27592.920000000042,27592.94,0.019999999956780812
61,39,Qalpha_keV,-8403.823999999906,-8403.88,0.056000000093263225
60,40,Sn_keV,6828.803000000073,6828.86,0.05699999992702942
60,40,Sp_keV,13015.214000000036,13015.24,0.02599999996346014
60,40,S2n_keV,11232.11400000006,11232.09,0.024000000059459126
60,40,S2p_keV,24533.94800000009,24533.94,0.008000000092579285
60,40,Qalpha_keV,-5877.035999999964,-5877.03,0.005999999963933078
59,41,Sn_keV,5542.848999999929,5542.86,0.011000000070453098
59,41,Sp_keV,9467.802999999956,9467.88,0.0770000000429718
59,41,S2n_keV,12415.519999999902,12415.6,0.08000000009815267
59,41,S2p_keV,22080.671999999904,22080.68,0.008000000096217263
59,41,Qalpha_keV,-3886.6279999997932,-3886.66,0.03200000020660809
58,42,Sn_keV,8291.785999999964,8291.83,0.04400000003624882
58,42,Sp_keV,11146.648999999976,11146.66,0.011000000024068868
58,42,S2n_keV,14217.214000000036,14217.27,0.05599999996411498
58,42,S2p_keV,19474.91399999999,19474.91,0.003999999989900971
58,42,Qalpha_keV,-3169.7879999999423,-3169.79,0.00200000005770562
57,43,Sn_keV,6764.398999999976,6764.4,0.001000000023850589
57,43,Sp_keV,7339.88599999994,7339.86,0.025999999940722773
57,43,S2n_keV,15731.38599999994,15731.37,0.015999999939595
57,43,S2p_keV,17067.419999999925,17067.44,0.020000000073196134
57,43,Qalpha_keV,-2837.951999999932,-2837.95,0.001999999932195351
56,44,Sn_keV,9673.277000000118,9673.32,0.042999999881430995
56,44,Sp_keV,9185.999000000069,9186.04,0.040999999931955244
56,44,S2n_keV,17141.724000000046,17141.71,0.014000000046507921
56,44,S2p_keV,15686.914000000106,15686.94,0.025999999894338544
56,44,Qalpha_keV,-2855.136000000057,-2855.13,0.006000000056701538
55,45,Sn_keV,8081.52899999998,8081.54,0.011000000019521394
55,45,Sp_keV,5255.277000000118,5255.35,0.07299999988208583
55,45,S2n_keV,18555.704000000027,18555.74,0.035999999974592356
55,45,S2p_keV,13734.986000000034,13735.03,0.043999999967127223
55,45,Qalpha_keV,-2192.752000000095,-2192.75,0.0020000000949949026
54,46,Sn_keV,11117.315999999992,11117.3,0.015999999992345693
54,46,Sp_keV,6938.2289999998175,6938.2,0.028999999817642674
54,46,S2n_keV,20048.89799999993,20048.88,0.017999999927269528
54,46,S2p_keV,11580.423999999883,11580.4,0.023999999883017153
54,46,Qalpha_keV,-1573.0359999998473,-1573.02,0.015999999847281288
53,47,Sn_keV,9496.774000000092,9496.8,0.02599999990707147
53,47,Sp_keV,3245.7160000001313,3245.69,0.026000000131261913
53,47,S2n_keV,21214.17200000002,21214.18,0.007999999979801942
53,47,S2p_keV,9540.804000000004,9540.79,0.014000000002852175
53,47,Qalpha_keV,-876.3800000000047,-876.41,0.029999999995311555
52,48,Sn_keV,12334.773000000045,12334.79,0.01699999995616963
52,48,Sp_keV,4771.074000000022,4771.09,0.015999999977793777
52,48,S2n_keV,22700.88799999992,22700.82,0.06799999991926597
52,48,S2p_keV,7451.597999999998,7451.56,0.03799999999773718
52,48,Qalpha_keV,-437.36799999990035,-437.35,0.017999999900325747
51,49,Sp_keV,1670.7730000000447,1670.82,0.04699999995523285
51,49,S2p_keV,5824.471999999951,5824.5,0.028000000049360096
51,49,Qalpha_keV,-2226.199999999837,-2226.25,0.05000000016298145
50,50,S2p_keV,4224.587999999989,4224.5,0.08799999998882413
63,38,Sn_keV,3803.1879999999655,3803.16,0.027999999965686584
63,38,S2n_keV,9192.743999999948,9192.69,0.05399999994733662
63,38,Qalpha_keV,-10563.419999999925,-10563.42,7.457856554538012e-11
62,39,Sn_keV,5805.050999999861,5804.98,0.0709999998616695
62,39,Sp_keV,12525.850999999908,12525.82,0.030999999908090103
62,39,S2n_keV,10553.964999999851,10553.93,0.03499999985069735
62,39,S2p_keV,28439.60199999984,28439.53,0.07199999984004535
62,39,Qalpha_keV,-8972.848999999813,-8972.79,0.05899999981193105
61,40,Sn_keV,4860.140000000014,4860.1,0.04000000001360604
61,40,Sp_keV,13126.44000000006,13126.39,0.050000000061118044
61,40,S2n_keV,11688.943000000087,11688.96,0.016999999912513886
61,40,S2p_keV,25236.79600000009,25236.75,0.04600000008940697
61,40,Qalpha_keV,-7013.472000000067,-7013.45,0.022000000067237124
60,41,Sn_keV,7156.0,7155.97,0.02999999999974534
60,41,Sp_keV,9794.999999999884,9794.99,0.009999999883802957
60,41,S2n_keV,12698.84899999993,12698.83,0.018999999929292244
60,41,S2p_keV,22810.21399999992,22810.23,0.016000000079657184
60,41,Qalpha_keV,-5185.685999999871,-5185.73,0.04400000012901728
59,42,Sn_keV,5398.2799999999115,5398.24,0.039999999911742634
59,42,Sp_keV,11002.079999999958,11002.04,0.03999999995721737
59,42,S2n_keV,13690.065999999875,13690.07,0.004000000124506187
59,42,S2p_keV,20469.882999999914,20469.92,0.03700000008393545
59,42,Qalpha_keV,-2992.933999999892,-2992.9,0.03399999989187563
58,43,Sn_keV,8392.501000000047,8392.51,0.008999999952720827
58,43,Sp_keV,7440.601000000024,7440.55,0.05100000002403249
58,43,S2n_keV,15156.900000000023,15156.91,0.009999999976571416
58,43,S2p_keV,18587.25,18587.2,0.049999999999272404
58,43,Qalpha_keV,-3157.917000000016,-3157.88,0.037000000015723344
57,44,Sn_keV,6802.0299999999115,6802.05,0.020000000088657544
57,44,Sp_keV,9223.630000000005,9223.69,0.059999999995852704
57,44,S2n_keV,16475.30700000003,16475.37,0.06299999996917904
57,44,S2p_keV,16563.515999999945,16563.55,0.034000000054220436
57,44,Qalpha_keV,-2835.909999999916,-2835.93,0.020000000083655323
56,45,Sn_keV,9894.000999999815,9893.93,0.07099999981437577
56,45,Sp_keV,5476.000999999815,5475.95,0.05099999981484871
56,45,S2n_keV,17975.529999999795,17975.47,0.05999999979394488
56,45,S2p_keV,14661.999999999884,14661.99,0.009999999883802957
56,45,Qalpha_keV,-2616.9419999999227,-2616.89,0.051999999922827556
55,46,Sn_keV,8274.749000000185,8274.75,0.0009999998146668077
55,46,Sp_keV,7131.449000000022,7131.41,0.03900000002249726
55,46,S2n_keV,19392.065000000177,19392.05,0.015000000177678885
55,46,S2p_keV,12386.72600000014,12386.76,0.03399999985958857
55,46,Qalpha_keV,-1736.2870000001276,-1736.27,0.017000000127609383
54,47,Sn_keV,11267.746000000043,11267.73,0.016000000043277396
54,47,Sp_keV,3396.1460000001825,3396.12,0.026000000182648364
54,47,S2n_keV,20764.520000000135,20764.54,0.01999999986583134
54,47,S2p_keV,10334.375,10334.32,0.05500000000029104
54,47,Qalpha_keV,-1163.0290000000969,-1162.99,0.03900000009684845
53,48,Sn_keV,9713.165000000037,9713.18,0.014999999963038135
53,48,Sp_keV,4987.464999999967,4987.47,0.005000000032850949
53,48,S2n_keV,22047.938000000082,22047.97,0.03199999991920777
53,48,S2p_keV,8233.181000000099,8233.16,0.021000000098865712
53,48,Qalpha_keV,-455.4949999998789,-455.53,0.03500000012104465
51,50,Sn_keV,11093.902000000002,11093.97,0.06799999999748252
51,50,Sp_keV,3281.6020000000717,3281.62,0.017999999928179022
51,50,S2p_keV,4952.375000000116,4952.44,0.0649999998831845
64,38,Sn_keV,4867.656000000075,4867.69,0.033999999924162694
64,38,S2n_keV,8670.844000000041,8670.85,0.005999999959385605
63,39,Sn_keV,4177.697000000277,4177.69,0.007000000277002982
63,39,Sp_keV,12900.360000000219,12900.34,0.020000000218715286
63,39,S2n_keV,9982.748000000138,9982.67,0.07800000013776298
63,39,Qalpha_keV,-9280.008000000147,-9279.95,0.05800000014642137
62,40,Sn_keV,6494.288000000059,6494.33,0.04199999994125392
62,40,Sp_keV,13815.677000000258,13815.74,0.06299999974180537
62,40,S2n_keV,11354.428000000073,11354.43,0.0019999999276478775
62,40,S2p_keV,26341.528000000166,26341.56,0.031999999835534254
62,40,Qalpha_keV,-7592.716000000131,-7592.7,0.016000000131498382
61,41,Sn_keV,5493.976000000024,5493.93,0.04600000002392335
61,41,Sp_keV,10428.835999999894,10428.82,0.015999999894120265
61,41,S2n_keV,12649.976000000024,12649.9,0.07600000002457818
61,41,S2p_keV,23555.275999999954,23555.21,0.06599999995523831
61,41,Qalpha_keV,-6434.987999999896,-6434.93,0.05799999989540083
60,42,Sn_keV,8125.406000000192,8125.38,0.02600000019174331
60,42,Sp_keV,11971.48600000015,11971.44,0.04600000014943362
60,42,S2n_keV,13523.686000000103,13523.62,0.06600000010257645
60,42,S2p_keV,21766.486000000034,21766.43,0.056000000033236574
60,42,Qalpha_keV,-4702.9400000000605,-4702.86,0.08000000006086339
59,43,Sn_keV,6300.855000000098,6300.85,0.0050000000974250725
59,43,Sp_keV,8343.17600000021,8343.16,0.01600000021062442
59,43,S2n_keV,14693.356000000145,14693.36,0.003999999855295755
59,43,S2p_keV,19345.25600000017,19345.2,0.05600000016784179
59,43,Qalpha_keV,-3465.116000000038,-3465.14,0.023999999961688445
58,44,Sn_keV,9219.65399999998,9219.64,0.013999999981024303
58,44,Sp_keV,10050.782999999938,10050.81,0.027000000061889295
58,44,S2n_keV,16021.683999999892,16021.69,0.006000000108542736
58,44,S2p_keV,17491.38399999996,17491.36,0.023999999961233698
58,44,Qalpha_keV,-3412.9379999999655,-3412.97,0.032000000034258846
57,45,Sn_keV,7440.905000000144,7440.92,0.01499999985571776
57,45,Sp_keV,6114.8760000000475,6114.82,0.05600000004778849
57,45,S2n_keV,17334.90599999996,17334.84,0.06599999995887629
57,45,S2p_keV,15338.506000000052,15338.51,0.0039999999480642145
57,45,Qalpha_keV,-2774.23199999996,-2774.22,0.011999999960153218
56,46,Sn_keV,10571.676999999909,10571.66,0.016999999908875907
56,46,Sp_keV,7809.125000000116,7809.14,0.014999999883912096
56,46,S2n_keV,18846.426000000094,18846.41,0.0160000000942091
56,46,S2p_keV,13285.125999999931,13285.09,0.03599999993093661
56,46,Qalpha_keV,-2131.189999999944,-2131.15,0.039999999944029696
55,47,Sn_keV,8983.479999999981,8983.48,1.8189894035458565e-11
55,47,Sp_keV,4104.876999999979,4104.85,0.026999999978215783
55,47,S2n_keV,20251.226000000024,20251.21,0.016000000025087502
55,47,S2p_keV,11236.326000000001,11236.26,0.06600000000071304
55,47,Qalpha_keV,-1496.3699999999953,-1496.34,0.02999999999542524
54,48,Sn_keV,11894.394999999902,11894.4,0.0050000000974250725
54,48,Sp_keV,5614.113999999827,5614.13,0.016000000173335138
54,48,S2n_keV,21607.55999999994,21607.57,0.010000000060244929
54,48,S2p_keV,9010.26000000001,9010.25,0.010000000009313226
54,48,Qalpha_keV,-763.497999999905,-763.48,0.017999999904986907
53,49,Sp_keV,2146.2550000000047,2146.26,0.004999999995561666
53,49,S2n_keV,22523.420000000042,22523.41,0.010000000042055035
53,49,S2p_keV,7133.719999999972,7133.73,0.01000000002750312
53,49,Qalpha_keV,-52.23199999995995,-52.25,0.01800000004004687
52,50,Sn_keV,12699.435999999987,12699.44,0.004000000013547833
52,50,S2n_keV,23793.33799999999,23793.41,0.07200000001103035
52,50,S2p_keV,5317.038000000059,5317.09,0.0519999999414722
52,50,Qalpha_keV,277.73400000005495,277.75,0.015999999945051968
64,39,Sn_keV,5355.671999999788,5355.72,0.048000000212596206
64,39,Sp_keV,13388.375999999931,13388.37,0.005999999930281774
64,39,S2n_keV,9533.369000000064,9533.41,0.04099999993559322
64,39,Qalpha_keV,-9677.31099999987,-9677.28,0.030999999869891326
63,40,Sn_keV,4299.033999999869,4299.0,0.03399999986868352
63,40,Sp_keV,13937.01399999985,13937.05,0.03600000014921534
63,40,S2n_keV,10793.321999999927,10793.33,0.008000000072570401
63,40,S2p_keV,26837.37400000007,26837.39,0.015999999930500053
63,40,Qalpha_keV,-7734.457999999984,-7734.42,0.03799999998409476
62,41,Sn_keV,6785.8150000000605,6785.82,0.004999999939172994
62,41,Sp_keV,10720.362999999896,10720.31,0.05299999989620119
62,41,S2n_keV,12279.791000000085,12279.74,0.05100000008496863
62,41,S2p_keV,24536.040000000154,24536.05,0.00999999984560418
62,41,Qalpha_keV,-6794.344999999972,-6794.31,0.034999999971660145
61,42,Sn_keV,5467.574999999953,5467.64,0.06500000004689355
61,42,Sp_keV,11945.08500000008,11945.15,0.06499999992047378
61,42,S2n_keV,13592.981000000145,13593.01,0.028999999854931957
61,42,S2p_keV,22373.920999999973,22373.97,0.04900000002817251
61,42,Qalpha_keV,-5767.204000000027,-5767.27,0.0659999999734282
60,43,Sn_keV,8102.59600000002,8102.62,0.023999999980333087
60,43,Sp_keV,8320.366000000038,8320.4,0.03399999996145198
60,43,S2n_keV,14403.451000000117,14403.47,0.01899999988199852
60,43,S2p_keV,20291.852000000188,20291.84,0.012000000187981641
60,43,Qalpha_keV,-4695.041000000085,-4695.01,0.031000000084532076
59,44,Sn_keV,6232.109000000055,6232.05,0.05900000005476613
59,44,Sp_keV,9982.036999999895,9982.02,0.01699999989432399
59,44,S2n_keV,15451.763000000035,15451.69,0.07300000003488094
59,44,S2p_keV,18325.213000000105,18325.17,0.04300000010698568
59,44,Qalpha_keV,-3719.618999999948,-3719.58,0.038999999947918695
58,45,Sn_keV,9318.964999999967,9318.94,0.024999999966894393
58,45,Sp_keV,6214.1870000000345,6214.12,0.06700000003456807
58,45,S2n_keV,16759.87000000011,16759.86,0.010000000111176632
58,45,S2p_keV,16264.969999999972,16264.94,0.029999999971551006
58,45,Qalpha_keV,-3126.2099999999627,-3126.19,0.019999999962692527
57,46,Sn_keV,7625.341000000131,7625.35,0.008999999869047315
57,46,Sp_keV,7993.561000000103,7993.58,0.018999999896550435
57,46,S2n_keV,18197.01800000004,18197.01,0.008000000041647581
57,46,S2p_keV,14108.43700000015,14108.4,0.037000000151238055
57,46,Qalpha_keV,-2288.084000000148,-2288.11,0.02599999985204704
56,47,Sn_keV,10625.05799999996,10625.07,0.01200000003882451
56,47,Sp_keV,4158.258000000031,4158.26,0.0019999999694846338
56,47,S2n_keV,19608.537999999942,19608.55,0.012000000057014404
56,47,S2p_keV,11967.383000000147,11967.41,0.026999999852705514
56,47,Qalpha_keV,-1647.2529999999097,-1647.21,0.04299999990962533
55,48,Sn_keV,9063.81400000013,9063.78,0.034000000128799
55,48,Sp_keV,5694.447999999975,5694.43,0.017999999974563252
55,48,S2n_keV,20958.20900000003,20958.17,0.0390000000334112
55,48,S2p_keV,9799.324999999953,9799.28,0.044999999952779035
55,48,Qalpha_keV,-895.7300000000978,-895.67,0.0600000000978298
54,49,Sn_keV,12007.053000000073,12007.09,0.03699999992750236
54,49,Sp_keV,2258.913000000175,2258.95,0.03699999982472946
54,49,S2p_keV,7873.027000000002,7873.08,0.052999999998064595
54,49,Qalpha_keV,-341.8870000001043,-341.96,0.07299999989567141
53,50,Sn_keV,10107.14300000004,10107.09,0.05300000003990135
53,50,Sp_keV,3564.761000000057,3564.74,0.021000000057028956
53,50,S2n_keV,22806.579000000027,22806.52,0.0590000000265718
53,50,S2p_keV,5711.0160000000615,5711.0,0.01600000006146729
53,50,Qalpha_keV,536.7059999998892,536.69,0.015999999889118044
64,40,Sn_keV,5980.081999999937,5980.1,0.018000000063693733
64,40,Sp_keV,14561.423999999999,14561.44,0.01600000000144064
64,40,S2n_keV,10279.115999999805,10279.1,0.015999999804989784
64,40,S2p_keV,27949.79999999993,27949.81,0.010000000071158865
64,40,Qalpha_keV,-8324.983999999939,-8325.0,0.01600000006146729
63,41,Sn_keV,4871.385000000009,4871.4,0.014999999990322976
63,41,Sp_keV,11292.714000000036,11292.71,0.004000000037194695
63,41,S2n_keV,11657.20000000007,11657.22,0.01999999992949597
63,41,S2p_keV,25229.727999999886,25229.76,0.03200000011202064
63,41,Qalpha_keV,-6916.815999999992,-6916.77,0.04599999999118154
62,42,Sn_keV,7460.530999999843,7460.45,0.08099999984278838
62,42,Sp_keV,12619.800999999861,12619.78,0.0209999998605781
62,42,S2n_keV,12928.105999999796,12928.09,0.015999999795894837
62,42,S2p_keV,23340.163999999757,23340.09,0.07399999975677929
62,42,Qalpha_keV,-6398.931999999797,-6398.86,0.0719999997972991
61,43,Sn_keV,5976.587999999872,5976.61,0.022000000127263775
61,43,Sp_keV,8829.378999999957,8829.37,0.008999999956358806
61,43,S2n_keV,14079.183999999892,14079.23,0.04600000010759686
61,43,S2p_keV,20774.464000000036,20774.53,0.06599999996251427
61,43,Qalpha_keV,-5128.780000000028,-5128.77,0.01000000002750312
60,44,Sn_keV,8901.426999999909,8901.41,0.016999999908875907
60,44,Sp_keV,10780.867999999784,10780.82,0.0479999997842242
60,44,S2n_keV,15133.535999999964,15133.47,0.06599999996433326
60,44,S2p_keV,19101.233999999822,19101.21,0.023999999822990503
60,44,Qalpha_keV,-4329.259999999893,-4329.17,0.08999999989282514
59,45,Sn_keV,6998.885000000126,6998.96,0.07499999987430783
59,45,Sp_keV,6980.963000000105,6981.03,0.06699999989450589
59,45,S2n_keV,16317.850000000093,16317.9,0.049999999906503945
59,45,S2p_keV,16963.0,16963.04,0.040000000000873115
59,45,Qalpha_keV,-3360.6960000001127,-3360.75,0.05399999988730997
58,46,Sn_keV,9981.21699999983,9981.26,0.04300000017065031
58,46,Sp_keV,8655.812999999966,8655.89,0.07700000003387686
58,46,S2n_keV,17606.55799999996,17606.61,0.052000000039697625
58,46,S2p_keV,14870.0,14870.02,0.020000000000436557
58,46,Qalpha_keV,-2596.0239999998594,-2596.05,0.026000000140811608
57,47,Sn_keV,8387.348000000115,8387.35,0.001999999885811121
57,47,Sp_keV,4920.265000000014,4920.26,0.00500000001375156
57,47,S2n_keV,19012.406000000075,19012.42,0.013999999922816642
57,47,S2p_keV,12913.826000000117,12913.84,0.013999999882798875
57,47,Qalpha_keV,-1953.0720000000438,-1953.02,0.05200000004379035
56,48,Sn_keV,11387.509999999893,11387.56,0.05000000010659278
56,48,Sp_keV,6456.899999999907,6456.92,0.020000000093205017
56,48,S2n_keV,20451.324000000022,20451.34,0.015999999977793777
56,48,S2p_keV,10615.157999999938,10615.18,0.02200000006268965
56,48,Qalpha_keV,-1165.923999999999,-1165.93,0.006000000000994987
55,49,Sn_keV,9624.47499999986,9624.47,0.00499999986095645
55,49,Sp_keV,2819.573999999906,2819.64,0.06600000009393625
55,49,S2n_keV,21631.527999999933,21631.55,0.02200000006632763
55,49,S2p_keV,8514.02199999988,8514.07,0.04800000011891825
55,49,Qalpha_keV,-469.5879999998724,-469.62,0.03200000012759574
54,50,Sn_keV,12728.862999999896,12728.84,0.022999999895546352
54,50,Sp_keV,4286.57099999988,4286.5,0.07099999987985939
54,50,S2n_keV,22836.005999999936,22835.93,0.0759999999354477
54,50,S2p_keV,6545.484000000055,6545.45,0.03400000005512993
54,50,Qalpha_keV,142.61600000003818,142.64,0.023999999961802132
53,51,Sp_keV,-510.0250000001397,-510.0,0.025000000139698386
53,51,S2p_keV,3054.735999999917,3054.74,0.00400000008266943
53,51,Qalpha_keV,2717.5040000000736,2717.51,0.005999999926643795
65,40,Sn_keV,3812.046000000206,3812.05,0.00399999979435961
65,40,S2n_keV,9792.128000000142,9792.15,0.021999999857143848
65,40,Qalpha_keV,-8333.842000000179,-8333.88,0.03799999982038571
64,41,Sn_keV,6158.008999999845,6158.05,0.041000000154781446
64,41,Sp_keV,11470.640999999945,11470.65,0.009000000054584234
64,41,S2n_keV,11029.393999999855,11029.45,0.05600000014601392
64,41,S2p_keV,26032.064999999944,26032.09,0.025000000056024874
64,41,Qalpha_keV,-7269.773999999976,-7269.83,0.05600000002414163
63,42,Sn_keV,5058.6130000001285,5058.64,0.026999999871804903
63,42,Sp_keV,12807.02899999998,12807.02,0.008999999980005668
63,42,S2n_keV,12519.143999999971,12519.09,0.05399999997098348
63,42,S2p_keV,24099.743000000017,24099.73,0.013000000017200364
63,42,Qalpha_keV,-6597.4049999999115,-6597.4,0.004999999911888153
62,43,Sn_keV,7857.109999999986,7857.08,0.02999999998610292
62,43,Sp_keV,9225.9580000001,9226.0,0.04199999989941716
62,43,S2n_keV,13833.697999999858,13833.69,0.007999999857929652
62,43,S2p_keV,21845.75899999996,21845.79,0.03100000003905734
62,43,Qalpha_keV,-5829.890000000014,-5829.87,0.020000000014078978
61,44,Sn_keV,5910.090000000084,5910.1,0.009999999916544766
61,44,Sp_keV,10714.369999999995,10714.3,0.06999999999607098
61,44,S2n_keV,14811.516999999993,14811.51,0.006999999992331141
61,44,S2p_keV,19543.748999999953,19543.67,0.07899999995424878
61,44,Qalpha_keV,-4841.070000000065,-4841.03,0.04000000006544724
60,45,Sn_keV,8966.233999999939,8966.18,0.05399999993824167
60,45,Sp_keV,7045.770000000135,7045.79,0.019999999864921847
60,45,S2n_keV,15965.119000000064,15965.13,0.010999999934938387
60,45,S2p_keV,17826.63799999992,17826.6,0.03799999992043013
60,45,Qalpha_keV,-3934.4290000000037,-3934.41,0.01900000000387081
59,46,Sn_keV,7094.160999999964,7094.1,0.06099999996331462
59,46,Sp_keV,8751.088999999803,8751.04,0.04899999980261782
59,46,S2n_keV,17075.377999999793,17075.36,0.017999999792664312
59,46,S2p_keV,15732.051999999909,15732.06,0.008000000090760295
59,46,Qalpha_keV,-2888.1549999999115,-2888.1,0.054999999911615305
58,47,Sn_keV,10025.81799999997,10025.82,0.002000000029511284
58,47,Sp_keV,4964.866000000155,4964.82,0.046000000154890586
58,47,S2n_keV,18413.166000000085,18413.17,0.003999999913503416
58,47,S2p_keV,13620.67900000012,13620.72,0.04099999987920455
58,47,Qalpha_keV,-2084.8890000001993,-2084.92,0.03099999980076973
57,48,Sn_keV,8436.876000000164,8436.92,0.043999999836159986
57,48,Sp_keV,6506.427999999956,6506.49,0.06200000004355388
57,48,S2n_keV,19824.386000000057,19824.48,0.09399999994275277
57,48,S2p_keV,11426.69299999997,11426.75,0.05700000002980232
57,48,Qalpha_keV,-1328.0509999999776,-1328.1,0.04900000002226079
56,49,Sn_keV,11529.271999999997,11529.22,0.05199999999786087
56,49,Sp_keV,2961.3360000000102,2961.31,0.026000000010299118
56,49,S2n_keV,21153.746999999858,21153.69,0.05699999985881732
56,49,S2p_keV,9418.235999999917,9418.22,0.015999999917767127
56,49,Qalpha_keV,-731.1139999998268,-731.11,0.003999999826760359
55,50,Sn_keV,9782.195999999996,9782.26,0.06400000000394357
55,50,Sp_keV,4444.292000000016,4444.29,0.0020000000158688636
55,50,S2n_keV,22511.058999999892,22511.11,0.051000000108615495
55,50,S2p_keV,7263.865999999922,7263.93,0.06400000007852213
55,50,Qalpha_keV,73.58500000007916,73.55,0.03500000007916526
54,51,Sn_keV,12916.829000000027,12916.86,0.030999999973573722
54,51,Sp_keV,-322.0590000000084,-321.98,0.07900000000836371
54,51,S2p_keV,3964.5119999998715,3964.52,0.008000000128504325
53,52,Sp_keV,929.9240000001155,929.94,0.01599999988457057
53,52,S2p_keV,419.8989999999758,419.94,0.04100000002421211
53,52,Qalpha_keV,5069.18200000003,5069.2,0.01799999997001578
65,41,Sn_keV,4359.136999999988,4359.09,0.04699999998774729
65,41,Sp_keV,12017.731999999727,12017.69,0.04199999972661317
65,41,S2n_keV,10517.145999999833,10517.14,0.005999999833875336
65,41,Qalpha_keV,-7451.213999999687,-7451.23,0.016000000312487828
64,42,Sn_keV,6868.834999999963,6868.9,0.0650000000368891
64,42,Sp_keV,13517.855000000098,13517.88,0.024999999901410774
64,42,S2n_keV,11927.448000000091,11927.54,0.0919999999096035
64,42,S2p_keV,24988.496000000043,24988.53,0.03399999995599501
64,42,Qalpha_keV,-6971.951999999816,-6971.97,0.01800000018465653
63,43,Sn_keV,5553.7380000001285,5553.75,0.011999999871477485
63,43,Sp_keV,9721.0830000001,9721.12,0.03699999990021752
63,43,S2n_keV,13410.848000000115,13410.83,0.018000000114625436
63,43,S2p_keV,22528.11200000008,22528.14,0.02799999991839286
63,43,Qalpha_keV,-5889.652000000118,-5889.7,0.047999999881540134
62,44,Sn_keV,8461.182000000146,8461.19,0.007999999854291673
62,44,Sp_keV,11318.442000000156,11318.41,0.03200000015567639
62,44,S2n_keV,14371.27200000023,14371.28,0.00799999977061816
62,44,S2p_keV,20544.400000000256,20544.41,0.009999999743740773
62,44,Qalpha_keV,-5176.84600000002,-5176.84,0.006000000019412255
61,45,Sn_keV,6582.548000000068,6582.56,0.01199999993241363
61,45,Sp_keV,7718.228000000119,7718.24,0.011999999880572432
61,45,S2n_keV,15548.782000000007,15548.73,0.052000000006955815
61,45,S2p_keV,18432.598000000115,18432.54,0.05800000011367956
61,45,Qalpha_keV,-4216.121999999974,-4216.12,0.0019999999740321073
60,46,Sn_keV,9560.90100000007,9560.96,0.05899999992834637
60,46,Sp_keV,9345.755999999936,9345.82,0.06400000006397022
60,46,S2n_keV,16655.062000000034,16655.06,0.002000000033149263
60,46,S2p_keV,16391.52600000007,16391.61,0.08399999992980156
60,46,Qalpha_keV,-3229.402000000002,-3229.42,0.017999999998210114
59,47,Sn_keV,7942.778000000049,7942.75,0.028000000049360096
59,47,Sp_keV,5813.48300000024,5813.47,0.013000000240026566
59,47,S2n_keV,17968.59600000002,17968.57,0.026000000019848812
59,47,S2p_keV,14564.572000000044,14564.51,0.06200000004355388
59,47,Qalpha_keV,-2586.7620000001043,-2586.75,0.012000000104308128
58,48,Sn_keV,10869.521999999997,10869.49,0.03199999999742431
58,48,Sp_keV,7350.131999999983,7350.16,0.028000000016618287
58,48,S2n_keV,19306.39800000016,19306.41,0.011999999838735675
58,48,S2p_keV,12314.998000000138,12314.98,0.0180000001382723
58,48,Qalpha_keV,-1625.8960000000661,-1625.93,0.03399999993393976
57,49,Sn_keV,9038.694000000134,9038.76,0.06599999986610783
57,49,Sp_keV,3563.1539999999804,3563.14,0.013999999980569555
57,49,S2n_keV,20567.96600000013,20567.98,0.01399999986824696
57,49,S2p_keV,10069.581999999937,10069.63,0.04800000006252958
57,49,Qalpha_keV,-786.3279999999795,-786.39,0.062000000020475454
56,50,Sn_keV,12086.982000000076,12087.01,0.027999999923849828
56,50,Sp_keV,5002.002000000095,5002.08,0.07799999990493234
56,50,S2n_keV,21869.178000000073,21869.27,0.0919999999277934
56,50,S2p_keV,7963.338000000105,7963.39,0.05199999989508797
56,50,Qalpha_keV,-119.002000000095,-119.06,0.05799999990500737
55,51,Sn_keV,10528.587000000174,10528.52,0.06700000017372076
55,51,Sp_keV,424.3320000001695,424.28,0.05200000016952799
55,51,S2n_keV,23445.4160000002,23445.38,0.03600000020014704
55,51,S2p_keV,4868.624000000185,4868.57,0.05400000018562423
55,51,Qalpha_keV,1795.5079999999143,1795.54,0.0320000000856453
54,52,Sn_keV,13478.461999999941,13478.5,0.03800000005867332
54,52,Sp_keV,1491.5570000000298,1491.57,0.012999999970134013
54,52,S2p_keV,1169.4980000000214,1169.59,0.09199999997849773
54,52,Qalpha_keV,4290.156000000075,4290.14,0.01600000007510971
66,41,Sn_keV,5591.656000000192,5591.73,0.07399999980771099
66,41,S2n_keV,9950.79300000018,9950.82,0.026999999819963705
66,41,Qalpha_keV,-7687.198000000091,-7687.25,0.05199999990873039
65,42,Sn_keV,4488.433000000077,4488.41,0.023000000077445293
65,42,Sp_keV,13647.151000000187,13647.2,0.04899999981353176
65,42,S2n_keV,11357.26800000004,11357.31,0.04199999995944381
65,42,S2p_keV,25664.882999999914,25664.89,0.0070000000850996
65,42,Qalpha_keV,-7161.351000000024,-7161.38,0.028999999975894752
64,43,Sn_keV,7043.858000000007,7043.84,0.01800000000730506
64,43,Sp_keV,9896.106000000145,9896.05,0.05600000014601392
64,43,S2n_keV,12597.596000000136,12597.59,0.006000000135827577
64,43,S2p_keV,23413.961000000243,23413.93,0.031000000242784154
64,43,Qalpha_keV,-6147.695000000065,-6147.72,0.02499999993506208
63,44,Sn_keV,5609.443999999901,5609.43,0.013999999900988769
63,44,Sp_keV,11374.147999999928,11374.09,0.05799999992814264
63,44,S2n_keV,14070.626000000047,14070.62,0.006000000046697096
63,44,S2p_keV,21095.23100000003,21095.21,0.021000000029744115
63,44,Qalpha_keV,-5318.714999999967,-5318.63,0.08499999996729457
62,45,Sn_keV,8573.39699999988,8573.38,0.016999999881591066
62,45,Sp_keV,7830.442999999854,7830.44,0.0029999998541825335
62,45,S2n_keV,15155.944999999949,15155.94,0.004999999948267941
62,45,S2p_keV,19148.88500000001,19148.85,0.03500000001076842
62,45,Qalpha_keV,-4686.922999999835,-4686.88,0.042999999835046765
61,46,Sn_keV,6536.505000000005,6536.43,0.07500000000436557
61,46,Sp_keV,9299.712999999872,9299.7,0.012999999871681212
61,46,S2n_keV,16097.406000000075,16097.39,0.016000000076019205
61,46,S2p_keV,17017.94099999999,17017.94,0.0009999999929277692
61,46,Qalpha_keV,-3533.7979999999516,-3533.8,0.002000000048610673
60,47,Sn_keV,9535.564999999828,9535.65,0.08500000017193088
60,47,Sp_keV,5788.146999999997,5788.16,0.013000000002648449
60,47,S2n_keV,17478.342999999877,17478.4,0.05700000012438977
60,47,S2p_keV,15133.902999999933,15133.99,0.08700000006683695
60,47,Qalpha_keV,-2803.3619999999646,-2803.46,0.09800000003542664
59,48,Sn_keV,7929.574999999953,7929.55,0.024999999953251972
59,48,Sp_keV,7336.928999999887,7336.96,0.03100000011272641
59,48,S2n_keV,18799.09699999995,18799.04,0.05699999994976679
59,48,S2p_keV,13150.412000000128,13150.43,0.017999999872699846
59,48,Qalpha_keV,-1930.1299999998882,-1930.13,1.1186784831807017e-10
58,49,Sn_keV,11027.63300000003,11027.55,0.08300000003146124
58,49,Sp_keV,3721.265000000014,3721.2,0.06500000001415174
58,49,S2n_keV,20066.327000000165,20066.31,0.017000000163534423
58,49,S2p_keV,11071.396999999997,11071.36,0.036999999996623956
58,49,Qalpha_keV,-1188.9030000000494,-1188.87,0.033000000049469236
57,50,Sn_keV,9229.935999999987,9229.86,0.07599999998637941
57,50,Sp_keV,5193.243999999948,5193.19,0.053999999948246113
57,50,S2n_keV,21316.918000000063,21316.88,0.0380000000623113
57,50,S2p_keV,8756.397999999928,8756.33,0.06799999992836092
57,50,Qalpha_keV,-285.1239999999525,-285.15,0.026000000047474714
56,51,Sn_keV,12251.158999999869,12251.25,0.09100000013131648
56,51,Sp_keV,588.5089999999618,588.51,0.0010000000381751306
56,51,S2n_keV,22779.746000000043,22779.77,0.02399999995759572
56,51,S2p_keV,5590.511000000057,5590.59,0.07899999994333484
56,51,Qalpha_keV,1551.4020000001183,1551.38,0.022000000118168828
55,52,Sn_keV,10388.954999999958,10388.96,0.005000000041036401
55,52,Sp_keV,1351.9249999998137,1352.01,0.08500000018625542
55,52,S2n_keV,23867.4169999999,23867.45,0.033000000101310434
55,52,S2p_keV,1776.2569999999832,1776.28,0.02300000001673652
55,52,Qalpha_keV,4008.3440000001574,4008.27,0.0740000001574117
67,41,Sn_keV,3897.2579999999143,3897.18,0.07799999991448203
67,41,S2n_keV,9488.914000000106,9488.92,0.005999999893901986
66,42,Sn_keV,6275.750999999931,6275.76,0.00900000006913615
66,42,Sp_keV,14331.245999999926,14331.22,0.025999999927080353
66,42,S2n_keV,10764.184000000008,10764.16,0.024000000008527422
66,42,Qalpha_keV,-7457.020000000019,-7457.03,0.00999999998111889
65,43,Sn_keV,5244.129999999888,5244.16,0.03000000011161319
65,43,Sp_keV,10651.802999999956,10651.81,0.007000000043262844
65,43,S2n_keV,12287.987999999896,12288.0,0.012000000104308128
65,43,S2p_keV,24298.954000000143,24299.0,0.045999999856576324
65,43,Qalpha_keV,-6520.439999999944,-6520.48,0.0400000000554428
64,44,Sn_keV,7870.119999999995,7870.14,0.02000000000498403
64,44,Sp_keV,12200.409999999916,12200.39,0.019999999916763045
64,44,S2n_keV,13479.563999999897,13479.57,0.0060000001030857675
64,44,S2p_keV,22096.51600000006,22096.44,0.07600000006277696
64,44,Qalpha_keV,-5728.30400000012,-5728.32,0.01599999987956835
63,45,Sn_keV,6239.341000000015,6239.38,0.03899999998520798
63,45,Sp_keV,8460.339999999967,8460.39,0.050000000032014214
63,45,S2n_keV,14812.737999999896,14812.77,0.032000000104744686
63,45,S2p_keV,19834.487999999896,19834.48,0.007999999896128429
63,45,Qalpha_keV,-4949.675999999978,-4949.65,0.025999999978012056
62,46,Sn_keV,9223.148999999976,9223.16,0.011000000024068868
62,46,Sp_keV,9949.464999999967,9949.48,0.015000000032159733
62,46,S2n_keV,15759.65399999998,15759.59,0.0639999999802967
62,46,S2p_keV,17779.90799999982,17779.92,0.012000000177067704
62,46,Qalpha_keV,-3855.5200000000186,-3855.54,0.01999999998133717
61,47,Sn_keV,7271.506999999983,7271.41,0.09699999998338171
61,47,Sp_keV,6523.148999999976,6523.14,0.008999999975458195
61,47,S2n_keV,16807.07199999981,16807.06,0.011999999809631845
61,47,S2p_keV,15822.861999999848,15822.84,0.0219999998480489
61,47,Qalpha_keV,-3075.983999999822,-3075.91,0.07399999982226291
60,48,Sn_keV,10333.603000000003,10333.62,0.016999999998006388
60,48,Sp_keV,8134.967000000062,8134.93,0.037000000062107574
60,48,S2n_keV,18263.177999999956,18263.17,0.007999999957974069
60,48,S2p_keV,13923.11400000006,13923.09,0.024000000059459126
60,48,Qalpha_keV,-2282.5160000000615,-2282.49,0.02600000006168557
59,49,Sn_keV,8626.968999999925,8627.01,0.04100000007565541
59,49,Sp_keV,4418.658999999985,4418.66,0.001000000014755642
59,49,S2n_keV,19654.601999999955,19654.56,0.041999999953986844
59,49,S2p_keV,11755.587999999872,11755.62,0.03200000012839155
59,49,Qalpha_keV,-1428.5239999998594,-1428.53,0.006000000140602424
58,50,Sn_keV,11629.05799999996,11629.03,0.027999999960229616
58,50,Sp_keV,5794.668999999878,5794.67,0.0010000001220760169
58,50,S2n_keV,20858.993999999948,20858.9,0.09399999994639074
58,50,S2p_keV,9515.933999999892,9515.87,0.06399999989116623
58,50,Qalpha_keV,-526.6720000000205,-526.62,0.05200000002048455
57,51,Sn_keV,9863.496999999974,9863.42,0.07699999997385021
57,51,Sp_keV,1222.0699999999488,1222.07,5.1159076974727213e-11
57,51,S2n_keV,22114.655999999843,22114.67,0.014000000155647285
57,51,S2p_keV,6415.313999999897,6415.26,0.053999999896404915
57,51,Qalpha_keV,1312.3800000000047,1312.42,0.03999999999541615
56,52,Sn_keV,13316.670999999973,13316.66,0.010999999973137164
56,52,Sp_keV,2417.436999999918,2417.42,0.016999999917970854
56,52,S2n_keV,23705.62599999993,23705.62,0.0059999999321007635
56,52,S2p_keV,3005.94599999988,3005.93,0.015999999880023097
56,52,Qalpha_keV,3420.53600000008,3420.45,0.08600000008027564
55,53,Sp_keV,-600.7489999999525,-600.83,0.08100000004753838
55,53,S2p_keV,751.1759999998612,751.18,0.004000000138717041
55,53,Qalpha_keV,4099.06799999997,4099.1,0.03200000003016612
68,41,Sn_keV,5145.265000000014,5145.28,0.014999999985775503
68,41,S2n_keV,9042.522999999928,9042.47,0.052999999928943
67,42,Sn_keV,3981.4000000000233,3981.43,0.029999999976553227
67,42,Sp_keV,14415.388000000035,14415.47,0.0819999999639549
67,42,S2n_keV,10257.150999999954,10257.19,0.03900000004614412
67,42,Qalpha_keV,-7626.373999999836,-7626.42,0.04600000016398553
66,43,Sn_keV,6431.363999999943,6431.3,0.06399999994300742
66,43,Sp_keV,10807.415999999968,10807.35,0.06599999996797123
66,43,S2n_keV,11675.493999999831,11675.46,0.03399999983230373
66,43,S2p_keV,25138.661999999895,25138.57,0.09199999989505159
66,43,Qalpha_keV,-6793.795000000042,-6793.73,0.06500000004234607
65,44,Sn_keV,5148.315999999992,5148.35,0.0340000000087457
65,44,Sp_keV,12104.59600000002,12104.58,0.016000000019630534
65,44,S2n_keV,13018.435999999987,13018.49,0.05400000001282024
65,44,S2p_keV,22756.398999999976,22756.38,0.01899999997476698
65,44,Qalpha_keV,-5818.006999999983,-5818.03,0.023000000016509148
64,45,Sn_keV,8039.338000000105,8039.32,0.01800000010553049
64,45,Sp_keV,8629.558000000077,8629.58,0.021999999922627467
64,45,S2n_keV,14278.67900000012,14278.71,0.030999999878986273
64,45,S2p_keV,20829.967999999993,20829.96,0.007999999994353857
64,45,Qalpha_keV,-5131.904000000097,-5131.89,0.01400000009653013
63,46,Sn_keV,6153.5470000000205,6153.59,0.04299999997965642
63,46,Sp_keV,9863.670999999973,9863.68,0.009000000027299393
63,46,S2n_keV,15376.695999999996,15376.75,0.05400000000372529
63,46,S2p_keV,18324.01099999994,18324.07,0.059000000059313606
63,46,Qalpha_keV,-4098.976999999955,-4099.03,0.053000000044448825
62,47,Sn_keV,9184.47100000002,9184.51,0.038999999980660505
62,47,Sp_keV,6484.47100000002,6484.49,0.018999999980223947
62,47,S2n_keV,16455.978000000003,16455.92,0.0580000000045402
62,47,S2p_keV,16433.935999999987,16433.97,0.03400000001420267
62,47,Qalpha_keV,-3294.220999999903,-3294.25,0.029000000096857548
61,48,Sn_keV,7323.115999999922,7323.13,0.014000000078340236
61,48,Sp_keV,8186.576000000001,8186.65,0.07399999999870488
61,48,S2n_keV,17656.718999999925,17656.75,0.03100000007543713
61,48,S2p_keV,14709.724999999977,14709.79,0.06500000002415618
61,48,Qalpha_keV,-2511.4710000000196,-2511.52,0.048999999980424036
60,49,Sn_keV,10439.266999999993,10439.31,0.043000000006941264
60,49,Sp_keV,4524.322999999975,4524.35,0.027000000025509507
60,49,S2n_keV,19066.235999999917,19066.32,0.08400000008259667
60,49,S2p_keV,12659.290000000037,12659.28,0.010000000036598067
60,49,Qalpha_keV,-1841.9729999998817,-1842.02,0.04700000011825978
59,50,Sn_keV,8632.199999999953,8632.29,0.09000000004743924
59,50,Sp_keV,5799.899999999907,5799.94,0.04000000009273208
59,50,S2n_keV,20261.257999999914,20261.32,0.06200000008539064
59,50,S2p_keV,10218.558999999892,10218.61,0.051000000108615495
59,50,Qalpha_keV,-721.99599999981,-721.99,0.0059999998100011
58,51,Sn_keV,11877.016000000178,11877.04,0.023999999822990503
58,51,Sp_keV,1470.0280000001658,1470.08,0.05199999983415182
58,51,S2n_keV,21740.51300000015,21740.47,0.043000000150641426
58,51,S2p_keV,7264.697000000044,7264.75,0.05299999995622784
58,51,Qalpha_keV,964.635999999824,964.6,0.035999999823957296
57,52,Sn_keV,10005.102000000072,10005.04,0.06200000007083872
57,52,Sp_keV,2559.042000000016,2559.03,0.012000000015632395
57,52,S2n_keV,23321.773000000045,23321.7,0.07300000004397589
57,52,S2p_keV,3781.1119999999646,3781.1,0.011999999964700692
57,52,Qalpha_keV,3197.6300000000047,3197.68,0.04999999999517968
56,53,Sn_keV,13097.95000000007,13097.97,0.01999999992949597
56,53,Sp_keV,-819.4699999998556,-819.52,0.05000000014433681
56,53,S2p_keV,1597.9670000000624,1597.9,0.06700000006230766
56,53,Qalpha_keV,3917.9469999999274,3917.99,0.04300000007242488
55,54,Sp_keV,812.015000000014,812.07,0.054999999986080184
55,54,S2p_keV,211.26600000006147,211.24,0.026000000061458195
55,54,Qalpha_keV,4216.977000000072,4216.97,0.00700000007145718
68,42,Sn_keV,5948.006000000052,5947.96,0.046000000052117684
68,42,Sp_keV,15218.129000000074,15218.15,0.02099999992606172
68,42,S2n_keV,9929.406000000075,9929.4,0.006000000075800926
67,43,Sn_keV,4822.960000000079,4823.03,0.06999999992058292
67,43,Sp_keV,11648.976000000024,11648.95,0.02600000002348679
67,43,S2n_keV,11254.324000000022,11254.33,0.005999999977575499
67,43,S2p_keV,26064.36400000006,26064.42,0.055999999938649125
67,43,Qalpha_keV,-7257.618000000133,-7257.67,0.05199999986689363
66,44,Sn_keV,7405.557999999961,7405.54,0.01799999996092083
66,44,Sp_keV,13078.790000000037,13078.82,0.02999999996245606
66,44,S2n_keV,12553.873999999953,12553.89,0.016000000046915375
66,44,S2p_keV,23886.206000000006,23886.17,0.036000000007334165
66,44,Qalpha_keV,-6354.729999999981,-6354.67,0.05999999998130079
65,45,Sn_keV,5900.355999999796,5900.37,0.014000000203850504
65,45,Sp_keV,9381.597999999882,9381.6,0.002000000118641765
65,45,S2n_keV,13939.693999999901,13939.69,0.00399999990077049
65,45,S2p_keV,21486.1939999999,21486.17,0.023999999903026037
65,45,Qalpha_keV,-5478.521999999764,-5478.51,0.01199999976415711
64,46,Sn_keV,8796.233000000007,8796.21,0.023000000008323696
64,46,Sp_keV,10620.565999999875,10620.57,0.004000000124506187
64,46,S2n_keV,14949.780000000028,14949.8,0.019999999971332727
64,46,S2p_keV,19250.123999999953,19250.15,0.026000000048952643
64,46,Qalpha_keV,-4434.0279999998165,-4434.06,0.032000000183870725
63,47,Sn_keV,6809.148999999976,6809.19,0.04100000002381421
63,47,Sp_keV,7140.072999999975,7140.1,0.027000000025509507
63,47,S2n_keV,15993.619999999995,15993.71,0.0900000000037835
63,47,S2p_keV,17003.743999999948,17003.78,0.03600000005098991
63,47,Qalpha_keV,-3520.821999999811,-3520.89,0.06800000018893115
62,48,Sn_keV,9915.743999999948,9915.72,0.023999999948500772
62,48,Sp_keV,8917.84899999993,8917.85,0.0010000000711443136
62,48,S2n_keV,17238.85999999987,17238.85,0.009999999871070031
62,48,S2p_keV,15402.319999999949,15402.34,0.02000000005136826
62,48,Qalpha_keV,-2866.3139999998966,-2866.28,0.033999999896423105
61,49,Sn_keV,8054.167000000132,8054.15,0.017000000132611603
61,49,Sp_keV,5255.374000000185,5255.37,0.004000000185442332
61,49,S2n_keV,18493.434000000125,18493.46,0.02599999987432966
61,49,S2p_keV,13441.950000000186,13442.02,0.06999999981417204
61,49,Qalpha_keV,-1953.3619999999646,-1953.42,0.05800000003546302
60,50,Sn_keV,11282.454000000027,11282.39,0.06400000002759043
60,50,Sp_keV,6643.086999999941,6643.02,0.06699999994089012
60,50,S2n_keV,19914.65399999998,19914.68,0.026000000019848812
60,50,S2p_keV,11167.409999999916,11167.37,0.03999999991538061
60,50,Qalpha_keV,-1134.9279999998398,-1134.88,0.04799999983970338
59,51,Sn_keV,9269.965999999898,9270.0,0.03400000010151416
59,51,Sp_keV,2107.794000000111,2107.79,0.004000000110863766
59,51,S2n_keV,21146.982000000076,21147.04,0.057999999924504664
59,51,S2p_keV,7907.694000000018,7907.73,0.035999999981868314
59,51,Qalpha_keV,733.3640000000596,733.36,0.004000000059591002
58,52,Sn_keV,12585.680000000051,12585.75,0.06999999994877726
58,52,Sp_keV,3267.705999999889,3267.74,0.03400000011060911
58,52,S2n_keV,22590.782000000123,22590.79,0.007999999877938535
58,52,S2p_keV,4737.734000000055,4737.82,0.08599999994476093
58,52,Qalpha_keV,2698.93200000003,2698.94,0.007999999970252247
57,53,Sn_keV,10862.331999999937,10862.31,0.021999999937179382
57,53,Sp_keV,37.76000000000931,37.76,9.315215265814913e-12
57,53,S2n_keV,23960.282000000007,23960.28,0.0020000000076834112
57,53,S2p_keV,2596.802000000025,2596.79,0.01200000002518209
57,53,Qalpha_keV,3584.202000000165,3584.2,0.0020000001650259946
56,54,Sn_keV,13820.267000000109,13820.28,0.012999999891690095
56,54,Sp_keV,1534.332000000053,1534.37,0.037999999946805474
56,54,S2p_keV,714.8620000001974,714.86,0.0020000001974267434
56,54,Qalpha_keV,3875.171999999904,3875.19,0.018000000095980795
69,42,Sn_keV,3459.872999999905,3459.88,0.007000000095104042
69,42,S2n_keV,9407.878999999957,9407.84,0.03899999995701364
68,43,Sn_keV,6061.4809999999125,6061.41,0.0709999999126012
68,43,Sp_keV,11762.450999999885,11762.39,0.06099999988509808
68,43,S2n_keV,10884.440999999992,10884.44,0.0009999999911087798
68,43,S2p_keV,26980.579999999958,26980.54,0.03999999995721737
68,43,Qalpha_keV,-7727.442999999854,-7727.35,0.09299999985341856
67,44,Sn_keV,4783.888000000035,4783.93,0.04199999996490078
67,44,Sp_keV,13039.717999999993,13039.71,0.007999999994353857
67,44,S2n_keV,12189.445999999996,12189.47,0.024000000003070454
67,44,S2p_keV,24688.694000000018,24688.66,0.03400000001784065
67,44,Qalpha_keV,-6650.1849999999395,-6650.19,0.00500000006013579
66,45,Sn_keV,7546.993000000133,7547.0,0.006999999866820872
66,45,Sp_keV,9523.033000000054,9523.05,0.016999999945255695
66,45,S2n_keV,13447.34899999993,13447.37,0.02100000007158087
66,45,S2p_keV,22601.82300000009,22601.87,0.046999999907711754
66,45,Qalpha_keV,-5981.65699999989,-5981.67,0.013000000109968823
65,46,Sn_keV,5726.324999999953,5726.3,0.024999999953251972
65,46,Sp_keV,10446.535000000033,10446.5,0.03500000003259629
65,46,S2n_keV,14522.55799999996,14522.51,0.04799999996066617
65,46,S2p_keV,19828.132999999914,19828.1,0.032999999915773515
65,46,Qalpha_keV,-4550.908999999869,-4550.93,0.02100000013160752
64,47,Sn_keV,8829.925000000047,8829.84,0.08500000004642061
64,47,Sp_keV,7173.765000000014,7173.72,0.04500000001371518
64,47,S2n_keV,15639.074000000022,15639.03,0.044000000021696906
64,47,S2p_keV,17794.33099999989,17794.29,0.0409999998882995
64,47,Qalpha_keV,-3777.3499999999767,-3777.34,0.009999999976571416
63,48,Sn_keV,6975.636999999988,6975.63,0.006999999987783667
63,48,Sp_keV,9084.336999999941,9084.29,0.04699999994045356
63,48,S2n_keV,16891.380999999936,16891.35,0.030999999937193934
63,48,S2p_keV,16224.409999999916,16224.39,0.019999999916763045
63,48,Qalpha_keV,-3305.44599999988,-3305.48,0.0340000001201588
62,49,Sn_keV,9991.430999999982,9991.45,0.019000000018422725
62,49,Sp_keV,5331.06100000022,5331.11,0.048999999779880454
62,49,S2n_keV,18045.598000000115,18045.6,0.001999999883992132
62,49,S2p_keV,14248.910000000149,14248.96,0.04999999985011527
62,49,Qalpha_keV,-2409.228000000119,-2409.22,0.008000000119409378
61,50,Sn_keV,8168.8589999999385,8168.85,0.008999999938168912
61,50,Sp_keV,6757.778999999748,6757.72,0.058999999747356924
61,50,S2n_keV,19451.312999999966,19451.24,0.07299999996394035
61,50,S2p_keV,12013.152999999933,12013.1,0.05299999993258098
61,50,Qalpha_keV,-1374.211999999825,-1374.19,0.021999999824856786
60,51,Sn_keV,11458.298999999999,11458.32,0.021000000000640284
60,51,Sp_keV,2283.639000000083,2283.72,0.0809999999169122
60,51,S2n_keV,20728.264999999898,20728.32,0.055000000102154445
60,51,S2p_keV,8926.726000000024,8926.75,0.023999999975785613
60,51,Qalpha_keV,302.69800000009127,302.6,0.09800000009124687
59,52,Sn_keV,9429.043000000063,9428.97,0.07300000006398477
59,52,Sp_keV,3426.783000000054,3426.71,0.07300000005398033
59,52,S2n_keV,22014.723000000115,22014.72,0.0030000001133885235
59,52,S2p_keV,5534.577000000165,5534.5,0.0770000001648441
59,52,Qalpha_keV,2499.8249999999534,2499.83,0.005000000046493369
58,53,Sn_keV,12560.943999999901,12560.95,0.006000000099447789
58,53,Sp_keV,13.02399999985937,12.96,0.06399999985936944
58,53,S2n_keV,23423.275999999838,23423.26,0.015999999839550583
58,53,S2p_keV,3280.7299999997485,3280.7,0.029999999748724804
58,53,Qalpha_keV,3274.4170000001322,3274.5,0.0829999998677522
57,54,Sn_keV,10545.298999999883,10545.27,0.028999999882216798
57,54,Sp_keV,1217.298999999999,1217.33,0.031000000000858563
57,54,S2n_keV,24365.56599999999,24365.54,0.025999999990744982
57,54,S2p_keV,1255.0590000000084,1255.09,0.030999999991536242
57,54,Qalpha_keV,3718.8279999999795,3718.88,0.052000000020598236
69,43,Sn_keV,4303.7510000000475,4303.84,0.08899999995264807
69,43,Sp_keV,12606.329000000027,12606.35,0.020999999973355443
69,43,S2n_keV,10365.23199999996,10365.25,0.01800000004004687
69,43,Qalpha_keV,-8133.935999999987,-8134.01,0.0740000000132568
68,44,Sn_keV,6916.858000000007,6916.84,0.01800000000730506
68,44,Sp_keV,13895.095000000088,13895.15,0.05499999991116056
68,44,S2n_keV,11700.746000000043,11700.77,0.02399999995759572
68,44,S2p_keV,25657.545999999973,25657.54,0.00599999997211853
68,44,Qalpha_keV,-7291.292000000016,-7291.28,0.012000000016087142
67,45,Sn_keV,5499.52099999995,5499.54,0.01900000005025504
67,45,Sp_keV,10238.665999999968,10238.67,0.004000000031737727
67,45,S2n_keV,13046.514000000083,13046.54,0.025999999917985406
67,45,S2p_keV,23278.38399999996,23278.39,0.006000000037602149
67,45,Qalpha_keV,-6237.047999999952,-6237.06,0.012000000048828952
66,46,Sn_keV,8406.61900000018,8406.64,0.020999999818741344
66,46,Sp_keV,11306.16100000008,11306.14,0.021000000080675818
66,46,S2n_keV,14132.944000000134,14132.94,0.004000000133601134
66,46,S2p_keV,20829.194000000134,20829.2,0.005999999866617145
66,46,Qalpha_keV,-5087.408000000054,-5087.43,0.02199999994627433
65,47,Sn_keV,6438.714999999967,6438.76,0.04500000003281457
65,47,Sp_keV,7886.155000000028,7886.18,0.02499999997235136
65,47,S2n_keV,15268.640000000014,15268.59,0.05000000001382432
65,47,S2p_keV,18332.69000000006,18332.68,0.010000000060244929
65,47,Qalpha_keV,-3976.723999999929,-3976.71,0.013999999929183105
64,48,Sn_keV,9393.999000000069,9394.04,0.040999999931955244
64,48,Sp_keV,9648.410999999964,9648.5,0.08900000003632158
64,48,S2n_keV,16369.636000000057,16369.67,0.03399999994326208
64,48,S2p_keV,16822.175999999978,16822.22,0.044000000023515895
64,48,Qalpha_keV,-3476.295999999973,-3476.36,0.06400000002713568
63,49,Sn_keV,7671.518999999738,7671.49,0.028999999738516635
63,49,Sp_keV,6026.94299999997,6026.96,0.017000000029838702
63,49,S2n_keV,17662.94999999972,17662.94,0.0099999997219129
63,49,S2p_keV,15111.279999999912,15111.25,0.029999999911524355
63,49,Qalpha_keV,-2809.2399999998743,-2809.3,0.060000000125910447
62,50,Sn_keV,10787.795000000158,10787.79,0.005000000157451723
62,50,Sp_keV,7554.142999999924,7554.06,0.08299999992323137
62,50,S2n_keV,18956.654000000097,18956.64,0.014000000097439624
62,50,S2p_keV,12885.204000000143,12885.17,0.03400000014335092
62,50,Qalpha_keV,-1828.4039999999804,-1828.35,0.053999999980533175
61,51,Sn_keV,8833.574999999953,8833.55,0.024999999954161467
61,51,Sp_keV,2948.355000000098,2948.42,0.06499999990228389
61,51,S2n_keV,20291.873999999953,20291.87,0.003999999953521183
61,51,S2p_keV,9706.133999999845,9706.14,0.006000000154017471
61,51,Qalpha_keV,96.0920000000624,96.06,0.03200000006239634
60,52,Sn_keV,12051.33099999989,12051.35,0.019000000111191184
60,52,Sp_keV,4019.814999999944,4019.74,0.07499999994433892
60,52,S2n_keV,21480.373999999953,21480.32,0.05399999995279359
60,52,S2p_keV,6303.454000000027,6303.47,0.015999999973246304
60,52,Qalpha_keV,2077.552000000025,2077.52,0.0320000000251639
59,53,Sn_keV,10180.774000000209,10180.84,0.06599999979152926
59,53,Sp_keV,764.7550000000047,764.82,0.06499999999539341
59,53,S2n_keV,22741.71800000011,22741.79,0.07199999989097705
59,53,S2p_keV,4191.538000000059,4191.54,0.001999999941290298
59,53,Qalpha_keV,2957.1399999998976,2957.09,0.049999999897409
58,54,Sn_keV,13705.251000000047,13705.2,0.051000000046769856
58,54,Sp_keV,2361.6060000001453,2361.58,0.02600000014535908
58,54,S2n_keV,24250.54999999993,24250.47,0.07999999992898665
58,54,S2p_keV,2374.6300000000047,2374.54,0.09000000000469299
58,54,Qalpha_keV,3330.247999999905,3330.33,0.08200000009492214
57,55,Sp_keV,-816.3329999999842,-816.29,0.042999999984203896
57,55,S2p_keV,400.9660000000149,401.05,0.08399999998511021
57,55,Qalpha_keV,3934.412000000011,3934.33,0.08200000001124863
70,43,Sn_keV,5627.800000000047,5627.8,4.638422979041934e-11
70,43,S2n_keV,9931.551000000094,9931.64,0.08899999990535434
70,43,Qalpha_keV,-8616.47100000002,-8616.52,0.04899999998087878
69,44,Sn_keV,4312.915000000037,4312.96,0.04499999996278348
69,44,Sp_keV,13904.259000000078,13904.27,0.010999999922205461
69,44,S2n_keV,11229.773000000045,11229.8,0.02699999995456892
69,44,S2p_keV,26510.588000000105,26510.62,0.031999999893741915
69,44,Qalpha_keV,-7622.80700000003,-7622.8,0.0070000000296204234
68,45,Sn_keV,7106.215000000084,7106.18,0.03500000008352799
68,45,Sp_keV,10428.023000000045,10428.0,0.023000000044703484
68,45,S2n_keV,12605.736000000034,12605.72,0.01600000003418245
68,45,S2p_keV,24323.118000000133,24323.15,0.03199999986827606
68,45,Qalpha_keV,-6911.899000000092,-6911.94,0.04099999990739889
67,46,Sn_keV,5340.793999999762,5340.79,0.003999999761617801
67,46,Sp_keV,11147.433999999892,11147.39,0.04399999989254866
67,46,S2n_keV,13747.412999999942,13747.42,0.007000000057814759
67,46,S2p_keV,21386.09999999986,21386.06,0.03999999985899194
67,46,Qalpha_keV,-5279.885999999824,-5279.86,0.02599999982430745
66,47,Sn_keV,8514.385000000126,8514.39,0.004999999873689376
66,47,Sp_keV,7993.920999999973,7993.93,0.009000000027299393
66,47,S2n_keV,14953.100000000093,14953.14,0.039999999906285666
66,47,S2p_keV,19300.082000000053,19300.07,0.012000000053376425
66,47,Qalpha_keV,-4451.77099999995,-4451.78,0.00900000005003676
65,48,Sn_keV,6538.762000000104,6538.76,0.0020000001040898496
65,48,Sp_keV,9748.4580000001,9748.5,0.04199999989941716
65,48,S2n_keV,15932.761000000173,15932.81,0.048999999826264684
65,48,S2p_keV,17634.61300000013,17634.68,0.06699999987176852
65,48,Qalpha_keV,-3861.511000000057,-3861.53,0.018999999943389412
64,49,Sn_keV,9446.021000000066,9446.07,0.04899999993358506
64,49,Sp_keV,6078.964999999967,6078.99,0.02500000003237801
64,49,S2n_keV,17117.539999999804,17117.55,0.010000000194850145
64,49,S2p_keV,15727.375999999931,15727.48,0.10400000006848131
64,49,Qalpha_keV,-3070.789999999921,-3070.85,0.06000000007907147
63,50,Sn_keV,7743.53199999989,7743.57,0.038000000109605026
63,50,Sp_keV,7626.156000000075,7626.14,0.01600000007510971
63,50,S2n_keV,18531.32700000005,18531.36,0.0329999999521533
63,50,S2p_keV,13653.099000000046,13653.1,0.0009999999547289917
63,50,Qalpha_keV,-2248.819999999949,-2248.79,0.029999999948813638
62,51,Sn_keV,10889.40399999998,10889.43,0.026000000019848812
62,51,Sp_keV,3049.96399999992,3050.06,0.09600000008003917
62,51,S2n_keV,19722.978999999934,19722.97,0.008999999932711944
62,51,S2p_keV,10604.106999999844,10604.12,0.013000000157262548
62,51,Qalpha_keV,-354.0449999999255,-354.06,0.01500000007450808
61,52,Sn_keV,8850.844000000041,8850.84,0.004000000040832674
61,52,Sp_keV,4037.0840000000317,4037.04,0.04400000003170135
61,52,S2n_keV,20902.17499999993,20902.19,0.01500000006853952
61,52,S2p_keV,6985.439000000129,6985.45,0.010999999870364263
61,52,Qalpha_keV,1858.9079999999376,1858.97,0.0620000000624259
60,53,Sn_keV,12127.527999999933,12127.49,0.03799999993316305
60,53,Sp_keV,840.9520000000484,840.97,0.01799999995159851
60,53,S2n_keV,22308.30200000014,22308.33,0.0279999998601852
60,53,S2p_keV,4860.766999999993,4860.71,0.05699999999251304
60,53,Qalpha_keV,2706.6280000001425,2706.63,0.0019999998576167854
59,54,Sn_keV,10248.470999999903,10248.53,0.059000000097512384
59,54,Sp_keV,2429.30299999984,2429.27,0.03299999983983071
59,54,S2n_keV,23953.72199999995,23953.73,0.008000000048923539
59,54,S2p_keV,3194.0579999998445,3194.1,0.04200000015543992
59,54,Qalpha_keV,3086.8790000000736,3086.84,0.039000000073428964
58,55,Sn_keV,13548.025000000023,13547.96,0.06500000002415618
58,55,Sp_keV,-973.5590000000084,-973.53,0.029000000008409188
58,55,S2p_keV,1388.047000000137,1388.05,0.002999999863050107
58,55,Qalpha_keV,3484.3370000000577,3484.35,0.012999999942167051
70,44,Sn_keV,6422.983000000007,6422.99,0.006999999992331141
70,44,Sp_keV,14699.44200000004,14699.45,0.007999999961612048
70,44,S2n_keV,10735.898000000045,10735.95,0.05199999995602411
70,44,Qalpha_keV,-8097.783999999985,-8097.83,0.0460000000148284
69,45,Sn_keV,5016.986999999848,5016.99,0.003000000151587301
69,45,Sp_keV,11132.094999999856,11132.04,0.054999999854771886
69,45,S2n_keV,12123.201999999932,12123.17,0.03199999993194069
69,45,S2p_keV,25036.353999999934,25036.31,0.043999999932566425
69,45,Qalpha_keV,-7105.925999999861,-7105.9,0.025999999861596734
68,46,Sn_keV,7971.15000000014,7971.17,0.019999999860374373
68,46,Sp_keV,12012.368999999948,12012.38,0.011000000051353709
68,46,S2n_keV,13311.943999999901,13311.96,0.016000000097847078
68,46,S2p_keV,22440.391999999993,22440.38,0.011999999991530785
68,46,Qalpha_keV,-5845.478000000003,-5845.49,0.011999999996987754
67,47,Sn_keV,5975.346999999951,5975.33,0.016999999950712663
67,47,Sp_keV,8628.474000000162,8628.47,0.004000000162704964
67,47,S2n_keV,14489.732000000076,14489.72,0.012000000077023287
67,47,S2p_keV,19775.908000000054,19775.86,0.04800000005343463
67,47,Qalpha_keV,-4526.762000000104,-4526.74,0.022000000104526407
66,48,Sn_keV,9042.949999999953,9042.91,0.03999999995357939
66,48,Sp_keV,10277.022999999928,10277.02,0.0029999999278516043
66,48,S2n_keV,15581.712000000058,15581.67,0.04200000005766924
66,48,S2p_keV,18270.9439999999,18270.95,0.006000000099447789
66,48,Qalpha_keV,-4108.228000000003,-4108.23,0.001999999996769475
65,49,Sn_keV,7273.932999999961,7273.89,0.042999999960557034
65,49,Sp_keV,6814.135999999824,6814.12,0.015999999824089173
65,49,S2n_keV,16719.954000000027,16719.96,0.00599999997211853
65,49,S2p_keV,16562.593999999925,16562.62,0.026000000074418494
65,49,Qalpha_keV,-3535.573999999906,-3535.55,0.02399999990575452
64,50,Sn_keV,10300.374000000069,10300.41,0.03599999993093661
64,50,Sp_keV,8480.509000000078,8480.49,0.019000000078449375
64,50,S2n_keV,18043.90599999996,18043.98,0.07400000004054164
64,50,S2p_keV,14559.474000000046,14559.47,0.004000000046289642
64,50,Qalpha_keV,-2633.45000000007,-2633.49,0.03999999992993253
63,51,Sn_keV,8149.952000000048,8149.89,0.062000000048101356
63,51,Sp_keV,3456.3840000000782,3456.38,0.004000000078121957
63,51,S2n_keV,19039.35600000003,19039.31,0.04600000002756133
63,51,S2p_keV,11082.540000000154,11082.51,0.030000000153449946
63,51,Qalpha_keV,-449.8299999998417,-449.8,0.029999999841663794
62,52,Sn_keV,11612.824000000022,11612.86,0.035999999978230335
62,52,Sp_keV,4760.504000000074,4760.46,0.044000000073538104
62,52,S2n_keV,20463.668000000063,20463.7,0.03199999993739766
62,52,S2p_keV,7810.4679999999935,7810.52,0.052000000006955815
62,52,Qalpha_keV,1528.5379999999423,1528.5,0.037999999942258
60,54,Sn_keV,12953.619000000064,12953.57,0.049000000064552296
60,54,Sp_keV,3255.393999999971,3255.35,0.04399999997121995
60,54,S2n_keV,23202.089999999967,23202.1,0.010000000031141099
60,54,S2p_keV,4096.34600000002,4096.32,0.026000000019848812
60,54,Qalpha_keV,2718.9400000000605,2719.02,0.07999999993944584
59,55,Sn_keV,10989.610999999917,10989.66,0.04900000008274219
59,55,Sp_keV,-232.4189999999944,-232.4,0.01899999999440638
59,55,S2n_keV,24537.63599999994,24537.61,0.02599999993981328
59,55,S2p_keV,2196.8839999998454,2196.87,0.013999999845509592
59,55,Qalpha_keV,3357.0580000000773,3357.0,0.058000000077299774
58,56,Sp_keV,1484.5189999999711,1484.56,0.04100000002881643
58,56,S2p_keV,510.95999999996275,511.03,0.07000000003722562
58,56,Qalpha_keV,3534.1500000001397,3534.17,0.019999999860374373
71,44,Sn_keV,4153.226000000024,4153.13,0.09600000002410525
71,44,S2n_keV,10576.209000000032,10576.12,0.08900000003086461
71,44,Qalpha_keV,-8791.137000000104,-8791.08,0.05700000010438089
70,45,Sn_keV,6587.224000000162,6587.17,0.05400000016197737
70,45,Sp_keV,11296.33600000001,11296.22,0.11600000001089938
70,45,S2n_keV,11604.21100000001,11604.17,0.04100000001017179
70,45,S2p_keV,25995.77800000005,25995.68,0.09800000004906906
70,45,Qalpha_keV,-7631.669000000111,-7631.66,0.009000000110972906
69,46,Sn_keV,5006.73199999996,5006.75,0.01800000004004687
69,46,Sp_keV,12002.11400000006,12002.13,0.015999999939595
69,46,S2n_keV,12977.8820000001,12977.92,0.037999999900421244
69,46,S2p_keV,23134.208999999915,23134.17,0.038999999916995876
69,46,Qalpha_keV,-6068.321999999927,-6068.32,0.0019999999276478775
68,47,Sn_keV,8123.133000000031,8123.18,0.04699999996955739
68,47,Sp_keV,8780.457000000053,8780.48,0.022999999946478056
68,47,S2n_keV,14098.479999999981,14098.51,0.03000000001884473
68,47,S2p_keV,20792.826,20792.86,0.033999999999650754
68,47,Qalpha_keV,-5102.902000000002,-5102.92,0.017999999998210114
67,48,Sn_keV,6140.891999999993,6140.86,0.03199999999287684
67,48,Sp_keV,10442.56799999997,10442.56,0.007999999970706995
67,48,S2n_keV,15183.841999999946,15183.77,0.07199999994554673
67,48,S2p_keV,19071.042000000132,19071.03,0.012000000133411959
67,48,Qalpha_keV,-4522.795000000042,-4522.79,0.005000000041945896
66,49,Sn_keV,9039.23600000015,9039.26,0.023999999850275344
66,49,Sp_keV,6810.4220000000205,6810.47,0.04799999997976556
66,49,S2n_keV,16313.16900000011,16313.16,0.009000000110972906
66,49,S2p_keV,17087.44499999995,17087.5,0.05500000005122274
66,49,Qalpha_keV,-3744.8850000000093,-3744.98,0.09499999999070496
65,50,Sn_keV,7547.804999999935,7547.81,0.005000000065592758
65,50,Sp_keV,8754.381000000052,8754.41,0.028999999947700417
65,50,S2n_keV,17848.179000000004,17848.23,0.05099999999583815
65,50,S2p_keV,15568.516999999876,15568.52,0.00300000012430246
65,50,Qalpha_keV,-3205.6180000000168,-3205.67,0.05199999998330895
64,51,Sn_keV,10579.08500000008,10579.08,0.005000000079235178
64,51,Sp_keV,3735.0950000000885,3735.04,0.055000000088512024
64,51,S2n_keV,18729.037000000128,18728.96,0.07700000012846431
64,51,S2p_keV,12215.604000000167,12215.52,0.08400000016627018
64,51,Qalpha_keV,-1037.4839999999385,-1037.42,0.06399999993845995
63,52,Sn_keV,8245.55799999996,8245.51,0.04799999996066617
63,52,Sp_keV,4856.109999999986,4856.08,0.02999999998610292
63,52,S2n_keV,19858.381999999983,19858.36,0.021999999982654117
63,52,S2p_keV,8312.494000000064,8312.46,0.03400000006513437
63,52,Qalpha_keV,1451.83899999992,1451.84,0.001000000080011887
62,53,Sp_keV,1738.167999999947,1738.2,0.03200000005313086
62,53,S2n_keV,21360.88399999996,21360.92,0.036000000036437996
62,53,S2p_keV,6498.6720000000205,6498.66,0.012000000020634616
62,53,Qalpha_keV,2074.0090000000782,2074.02,0.010999999921750714
61,54,Sn_keV,9642.179999999935,9642.18,6.548361852765083e-11
61,54,S2n_keV,22595.799,22595.75,0.04899999999906868
61,54,S2p_keV,4887.681999999913,4887.66,0.02199999991353252
61,54,Qalpha_keV,2505.803000000189,2505.81,0.006999999810886948
72,44,Sn_keV,5836.327999999863,5836.39,0.06200000013723184
72,44,S2n_keV,9989.553999999887,9989.52,0.03399999988687341
71,45,Sn_keV,4581.0299999999115,4581.07,0.040000000088184606
71,45,Sp_keV,11724.139999999898,11724.16,0.020000000102299964
71,45,S2n_keV,11168.254000000074,11168.24,0.014000000073792762
71,45,Qalpha_keV,-7908.947999999975,-7908.89,0.05799999997452687
70,46,Sn_keV,7476.611999999965,7476.58,0.0319999999646825
70,46,Sp_keV,12891.501999999862,12891.54,0.038000000138708856
70,46,S2n_keV,12483.343999999925,12483.33,0.013999999924635631
70,46,S2p_keV,24187.837999999872,24187.77,0.06799999987197225
70,46,Qalpha_keV,-6628.0759999998845,-6628.05,0.025999999884334102
69,47,Sn_keV,5631.271000000066,5631.31,0.038999999934276275
69,47,Sp_keV,9404.99600000016,9405.04,0.043999999841616955
69,47,S2n_keV,13754.404000000097,13754.49,0.08599999990292417
69,47,S2p_keV,21407.11000000022,21407.17,0.059999999779392965
69,47,Qalpha_keV,-5234.652000000118,-5234.68,0.02799999988201307
68,48,Sn_keV,8699.456000000006,8699.48,0.023999999993975507
68,48,Sp_keV,11018.890999999945,11018.87,0.020999999944251613
68,48,S2n_keV,14840.347999999998,14840.35,0.002000000002226443
68,48,S2p_keV,19799.347999999998,19799.34,0.007999999997991836
68,48,Qalpha_keV,-4815.631999999867,-4815.64,0.008000000133506546
67,49,Sn_keV,6784.7820000000065,6784.72,0.0620000000062646
67,49,Sp_keV,7454.3120000000345,7454.33,0.017999999965468305
67,49,S2n_keV,15824.018000000156,15823.98,0.03800000015689875
67,49,S2p_keV,17896.880000000005,17896.89,0.00999999999476131
67,49,Qalpha_keV,-4090.9520000000484,-4090.94,0.012000000048374204
66,50,Sn_keV,9563.521000000066,9563.48,0.04100000006656046
66,50,Sp_keV,9278.665999999968,9278.62,0.04599999996753468
66,50,S2n_keV,17111.326,17111.29,0.03600000000005821
66,50,S2p_keV,16089.087999999989,16089.09,0.00200000001132139
66,50,Qalpha_keV,-3375.140000000014,-3375.11,0.03000000001384251
65,51,Sn_keV,7889.546999999788,7889.57,0.02300000021205051
65,51,Sp_keV,4076.8369999999413,4076.79,0.04699999994136306
65,51,S2n_keV,18468.631999999867,18468.64,0.008000000132597052
65,51,S2p_keV,12831.217999999993,12831.2,0.017999999992753146
65,51,Qalpha_keV,-1255.511999999988,-1255.5,0.011999999987892807
64,52,Sn_keV,11277.44200000004,11277.52,0.07799999996132101
64,52,Sp_keV,5554.466999999946,5554.53,0.06300000005376205
64,52,S2n_keV,19523.0,19523.03,0.029999999998835847
64,52,S2p_keV,9289.562000000034,9289.57,0.007999999965250026
64,52,Qalpha_keV,962.1920000000391,962.11,0.0820000000391019
63,53,Sn_keV,9225.771999999997,9225.76,0.011999999996987754
63,53,Sp_keV,2718.3819999999832,2718.45,0.06800000001658191
63,53,S2p_keV,7574.491999999969,7574.53,0.038000000030478986
63,53,Qalpha_keV,1681.8120000000345,1681.81,0.002000000034513505
62,54,Sn_keV,12461.194000000134,12461.29,0.09599999986676266
62,54,Sp_keV,3997.8840000000782,3997.9,0.015999999921859853
62,54,S2n_keV,22103.37400000007,22103.47,0.09599999993224628
62,54,S2p_keV,5736.052000000025,5736.1,0.04799999997521809
62,54,Qalpha_keV,2095.939999999944,2095.87,0.06999999994422978
73,44,Sn_keV,3522.044000000111,3522.08,0.035999999889099854
73,44,S2n_keV,9358.371999999974,9358.47,0.0980000000254222
72,45,Sn_keV,6229.870999999926,6229.88,0.009000000073683623
72,45,Sp_keV,12117.68299999996,12117.65,0.03299999996124825
72,45,S2n_keV,10810.900999999838,10810.95,0.049000000162777724
72,45,Qalpha_keV,-8511.018999999855,-8510.97,0.048999999855368515
71,46,Sn_keV,4664.098000000115,4664.15,0.051999999885083525
71,46,Sp_keV,12974.570000000065,12974.63,0.059999999934007064
71,46,S2n_keV,12140.71000000008,12140.74,0.029999999920619302
71,46,S2p_keV,24698.709999999963,24698.79,0.08000000003812602
71,46,Qalpha_keV,-6979.258999999962,-6979.25,0.008999999961815774
70,47,Sn_keV,7710.787999999826,7710.71,0.0779999998258063
70,47,Sp_keV,9639.17200000002,9639.17,0.002000000020416337
70,47,S2n_keV,13342.058999999892,13342.02,0.038999999891530024
70,47,S2p_keV,22530.673999999883,22530.72,0.0460000001185108
70,47,Qalpha_keV,-5839.22499999986,-5839.22,0.004999999860046955
69,48,Sn_keV,5777.241999999969,5777.23,0.011999999969702912
69,48,Sp_keV,11164.861999999848,11164.78,0.08199999984753958
69,48,S2n_keV,14476.697999999975,14476.71,0.012000000024272595
69,48,S2p_keV,20569.858000000007,20569.82,0.03800000000774162
69,48,Qalpha_keV,-5252.0800000000745,-5252.08,7.457856554538012e-11
68,49,Sn_keV,8764.632999999914,8764.64,0.0070000000850996
68,49,Sp_keV,7519.488999999943,7519.49,0.0010000000565923983
68,49,S2n_keV,15549.41499999992,15549.36,0.054999999920255505
68,49,S2p_keV,18538.37999999989,18538.35,0.029999999889696483
68,49,Qalpha_keV,-4341.199999999837,-4341.2,1.6279955161735415e-10
67,50,Sn_keV,6943.147999999928,6943.1,0.047999999927924364
67,50,Sp_keV,9437.03199999989,9437.01,0.021999999889885657
67,50,S2n_keV,16506.668999999994,16506.58,0.08899999999266583
67,50,S2p_keV,16891.343999999925,16891.33,0.013999999922816642
67,50,Qalpha_keV,-3779.525999999838,-3779.45,0.07599999983813177
66,51,Sn_keV,9889.177000000258,9889.23,0.05299999974158709
66,51,Sp_keV,4402.493000000133,4402.54,0.04699999986678449
66,51,S2n_keV,17778.724000000046,17778.8,0.0759999999536376
66,51,S2p_keV,13681.159000000102,13681.16,0.0009999998983403202
66,51,Qalpha_keV,-1698.6680000001797,-1698.66,0.008000000179663402
65,52,Sn_keV,7897.830999999889,7897.78,0.05099999988942727
65,52,Sp_keV,5562.7510000000475,5562.74,0.01100000004771573
65,52,S2n_keV,19175.27299999993,19175.3,0.027000000070984242
65,52,S2p_keV,9639.587999999989,9639.53,0.05799999998816929
65,52,Qalpha_keV,807.89300000004,807.9,0.006999999959930392
64,53,Sn_keV,11015.22100000002,11015.16,0.06100000001970329
64,53,Sp_keV,2456.1609999999637,2456.09,0.0709999999635329
64,53,S2n_keV,20240.993000000017,20240.92,0.07300000001851004
64,53,S2p_keV,8010.62799999991,8010.62,0.00799999990977085
64,53,Qalpha_keV,1555.9949999999953,1556.08,0.08500000000458385
63,54,Sn_keV,9210.005000000005,9209.93,0.07500000000436557
63,54,Sp_keV,3982.1170000000857,3982.07,0.04700000008551797
63,54,S2n_keV,21671.19900000014,21671.22,0.02099999986239709
63,54,S2p_keV,6700.499000000069,6700.52,0.020999999931518687
63,54,Qalpha_keV,1736.7789999999804,1736.78,0.0010000000195304892
62,55,Sp_keV,735.3439999999246,735.34,0.003999999924531039
62,55,S2p_keV,4733.228000000003,4733.24,0.011999999996987754
62,55,Qalpha_keV,2201.548000000068,2201.5,0.04800000006798655
61,56,S2p_keV,3542.868000000133,3542.88,0.011999999866930011
61,56,Qalpha_keV,2156.9929999999003,2157.03,0.037000000099851604
73,45,Sn_keV,4061.3690000001807,4061.41,0.0409999998191779
73,45,Sp_keV,12657.00800000003,12656.98,0.028000000031170202
73,45,S2n_keV,10291.240000000107,10291.29,0.04999999989377102
72,46,Sn_keV,7035.503999999957,7035.52,0.016000000043277396
72,46,Sp_keV,13780.203000000096,13780.26,0.056999999904292054
72,46,S2n_keV,11699.602000000072,11699.67,0.06799999992836092
72,46,S2p_keV,25897.886000000057,25897.92,0.03399999994144309
72,46,Qalpha_keV,-7591.7799999999115,-7591.78,8.822098607197404e-11
71,47,Sn_keV,5443.017999999924,5443.06,0.04200000007676863
71,47,Sp_keV,10418.09199999983,10418.08,0.011999999829640728
71,47,S2n_keV,13153.80599999975,13153.77,0.03599999974903767
71,47,S2p_keV,23392.661999999895,23392.71,0.048000000104366336
71,47,Qalpha_keV,-6265.255999999936,-6265.29,0.03400000006422488
70,48,Sn_keV,8354.571999999927,8354.57,0.0019999999276478775
70,48,Sp_keV,11808.64599999995,11808.64,0.005999999950290658
70,48,S2n_keV,14131.813999999897,14131.8,0.01399999989735079
70,48,S2p_keV,21447.81799999997,21447.81,0.007999999968888005
70,48,Qalpha_keV,-5635.501999999862,-5635.48,0.021999999862600816
69,49,Sn_keV,6356.500999999931,6356.49,0.010999999931300408
69,49,Sp_keV,8098.747999999905,8098.76,0.012000000095213181
69,49,S2n_keV,15121.133999999845,15121.14,0.006000000154017471
69,49,S2p_keV,19263.609999999753,19263.54,0.0699999997523264
69,49,Qalpha_keV,-4722.3539999998175,-4722.37,0.016000000182430085
68,50,Sn_keV,9326.408000000054,9326.42,0.01199999994605605
68,50,Sp_keV,9998.80700000003,9998.78,0.027000000029147486
68,50,S2n_keV,16269.555999999982,16269.53,0.025999999981650035
68,50,S2p_keV,17518.295999999973,17518.27,0.025999999972555088
68,50,Qalpha_keV,-4062.9839999999385,-4062.96,0.02399999993849633
67,51,Sn_keV,7428.02099999995,7428.0,0.02099999994970858
67,51,Sp_keV,4887.366000000155,4887.43,0.06399999984569149
67,51,S2n_keV,17317.198000000208,17317.23,0.03199999979187851
67,51,S2p_keV,14324.398000000045,14324.44,0.04199999995580583
67,51,Qalpha_keV,-1852.7560000001686,-1852.76,0.003999999831421519
66,52,Sn_keV,10672.623000000021,10672.67,0.04699999997865234
66,52,Sp_keV,6346.196999999811,6346.19,0.006999999811341695
66,52,S2n_keV,18570.45399999991,18570.45,0.003999999909865437
66,52,S2p_keV,10748.689999999944,10748.73,0.0400000000554428
66,52,Qalpha_keV,435.64400000008754,435.64,0.0040000000875579644
65,53,Sn_keV,8606.307000000146,8606.29,0.01700000014534453
65,53,Sp_keV,3164.6370000002207,3164.59,0.04700000022057793
65,53,S2n_keV,19621.528000000166,19621.45,0.07800000016504782
65,53,S2p_keV,8727.388000000268,8727.33,0.05800000026829366
65,53,Qalpha_keV,1099.6399999998976,1099.68,0.04000000010250915
64,54,Sn_keV,11965.008999999845,11965.04,0.031000000155472662
64,54,Sp_keV,4931.9049999999115,4931.95,0.045000000088293746
64,54,S2n_keV,21175.01399999985,21174.97,0.04399999984889291
64,54,S2p_keV,7388.065999999875,7388.04,0.025999999875239155
64,54,Qalpha_keV,1384.5940000001574,1384.6,0.005999999842515535
63,55,Sn_keV,9987.584000000032,9987.59,0.005999999968480552
63,55,Sp_keV,1512.9229999999516,1513.0,0.07700000004842877
63,55,S2p_keV,5495.040000000037,5495.07,0.02999999996245606
74,45,Sn_keV,6006.405999999959,6006.43,0.02400000004126923
74,45,S2n_keV,10067.77500000014,10067.84,0.06499999986044713
73,46,Sn_keV,4090.640000000014,4090.56,0.08000000001402441
73,46,Sp_keV,13809.47399999993,13809.42,0.053999999929146725
73,46,S2n_keV,11126.143999999971,11126.07,0.07399999997142004
73,46,S2p_keV,26466.48199999996,26466.39,0.0919999999605352
73,46,Qalpha_keV,-7529.193999999901,-7529.2,0.006000000098538294
72,47,Sn_keV,7163.326000000001,7163.3,0.026000000000749424
72,47,Sp_keV,10545.913999999873,10545.86,0.05399999987275805
72,47,S2n_keV,12606.343999999925,12606.35,0.006000000075800926
72,47,S2p_keV,24326.11699999997,24326.12,0.003000000029715011
72,47,Qalpha_keV,-6841.357999999775,-6841.41,0.052000000225234544
71,48,Sn_keV,5346.711000000127,5346.71,0.0010000001266234904
71,48,Sp_keV,11712.339000000153,11712.3,0.0390000001534645
71,48,S2n_keV,13701.283000000054,13701.29,0.006999999946856406
71,48,S2p_keV,22130.430999999982,22130.37,0.060999999983323505
71,48,Qalpha_keV,-5975.481000000029,-5975.45,0.0310000000290529
70,49,Sn_keV,8542.549000000115,8542.57,0.020999999884224962
70,49,Sp_keV,8286.725000000093,8286.75,0.024999999906867743
70,49,S2n_keV,14899.050000000047,14899.06,0.009999999952924554
70,49,S2p_keV,20095.371000000043,20095.39,0.018999999956577085
70,49,Qalpha_keV,-5141.769999999902,-5141.75,0.01999999990221113
69,50,Sn_keV,6483.419000000111,6483.49,0.07099999988895433
69,50,Sp_keV,10125.72500000021,10125.78,0.05499999979110726
69,50,S2n_keV,15809.827000000165,15809.92,0.09299999983522866
69,50,S2p_keV,18224.473000000115,18224.54,0.06699999988632044
69,50,Qalpha_keV,-4405.511000000057,-4405.59,0.07899999994333484
68,51,Sn_keV,9549.319999999949,9549.29,0.029999999947904143
68,51,Sp_keV,5110.278000000049,5110.3,0.021999999950821802
68,51,S2n_keV,16977.3409999999,16977.29,0.050999999897612724
68,51,S2p_keV,15109.08500000008,15109.09,0.0049999999209831
68,51,Qalpha_keV,-2362.8399999999674,-2362.79,0.04999999996744009
67,52,Sn_keV,7555.826999999932,7555.75,0.07699999993201345
67,52,Sp_keV,6474.002999999793,6473.94,0.06299999979364657
67,52,S2n_keV,18228.449999999953,18228.43,0.019999999953142833
67,52,S2p_keV,11361.368999999948,11361.38,0.011000000051353709
67,52,Qalpha_keV,427.62200000009034,427.7,0.07799999990965034
66,53,Sn_keV,10865.730999999912,10865.8,0.06900000008681673
66,53,Sp_keV,3357.7450000001118,3357.72,0.025000000111958798
66,53,S2n_keV,19472.03800000006,19472.08,0.04199999994307291
66,53,S2p_keV,9703.941999999923,9703.91,0.031999999922845745
66,53,Qalpha_keV,812.9940000000643,812.96,0.03400000006422488
65,54,Sn_keV,8786.721000000136,8786.67,0.051000000135900336
65,54,Sp_keV,5112.318999999901,5112.34,0.021000000098865712
65,54,S2n_keV,20751.72999999998,20751.71,0.019999999982246663
65,54,S2p_keV,8276.956000000122,8276.93,0.02600000012171222
65,54,Qalpha_keV,843.4309999999823,843.43,0.0009999999823548933
64,55,Sn_keV,11967.074000000022,11967.0,0.07400000002235174
64,55,Sp_keV,1514.9880000001285,1514.97,0.01800000012849523
64,55,S2n_keV,21954.658000000054,21954.59,0.06800000005387119
64,55,S2p_keV,6446.89300000004,6446.91,0.01699999995980761
64,55,Qalpha_keV,1607.7739999999758,1607.83,0.05600000002414163
63,56,Sp_keV,3469.7600000000093,3469.69,0.07000000000925866
63,56,S2n_keV,23111.013999999966,23111.03,0.01600000003236346
63,56,S2p_keV,4982.682999999961,4982.69,0.0070000000387153705
63,56,Qalpha_keV,1641.777999999933,1641.75,0.027999999932944775
74,46,Sn_keV,6943.365999999922,6943.4,0.0340000000778673
74,46,Sp_keV,14746.433999999892,14746.39,0.04399999989254866
74,46,S2n_keV,11034.005999999936,11033.96,0.04599999993661186
74,46,Qalpha_keV,-8636.23199999996,-8636.22,0.011999999960607965
73,47,Sn_keV,5077.011999999988,5077.05,0.03800000001228909
73,47,Sp_keV,11532.285999999847,11532.35,0.0640000001531007
73,47,S2n_keV,12240.337999999989,12240.34,0.00200000001132139
73,47,S2p_keV,25341.759999999776,25341.76,2.219167072325945e-10
73,47,Qalpha_keV,-7337.339999999851,-7337.39,0.05000000014933903
72,48,Sn_keV,8051.518999999855,8051.55,0.03100000014546822
72,48,Sp_keV,12600.532000000007,12600.55,0.017999999992753146
72,48,S2n_keV,13398.229999999981,13398.27,0.04000000001906301
72,48,S2p_keV,23146.44599999988,23146.41,0.03599999988000491
72,48,Qalpha_keV,-6550.387999999919,-6550.42,0.032000000081097824
71,49,Sn_keV,6100.42499999993,6100.41,0.014999999930296326
71,49,Sp_keV,9040.438999999897,9040.44,0.0010000001038861228
71,49,S2n_keV,14642.974000000046,14642.97,0.004000000046289642
71,49,S2p_keV,20752.77800000005,20752.74,0.038000000047759386
71,49,Qalpha_keV,-5610.923999999766,-5610.85,0.07399999976587424
70,50,Sn_keV,9104.84899999993,9104.84,0.008999999929073965
70,50,Sp_keV,10688.025000000023,10688.06,0.03499999997620762
70,50,S2n_keV,15588.26800000004,15588.34,0.07199999996009865
70,50,S2p_keV,18974.750000000116,18974.81,0.05999999988489435
70,50,Qalpha_keV,-4810.90399999998,-4810.95,0.046000000019375875
69,51,Sn_keV,7015.030000000028,7015.08,0.04999999997198756
69,51,Sp_keV,5641.8889999999665,5641.89,0.0010000000338550308
69,51,S2n_keV,16564.349999999977,16564.37,0.02000000002226443
69,51,S2p_keV,15767.614000000176,15767.67,0.05599999982405279
69,51,Qalpha_keV,-2593.087999999989,-2593.15,0.06200000001126682
68,52,Sn_keV,10258.227000000072,10258.29,0.06299999992916128
68,52,Sp_keV,7182.909999999916,7182.94,0.030000000083418854
68,52,S2n_keV,17814.054000000004,17814.04,0.014000000002852175
68,52,S2p_keV,12293.187999999966,12293.24,0.05200000003424066
68,52,Qalpha_keV,-267.08399999991525,-267.11,0.026000000084763997
67,53,Sn_keV,8058.988999999943,8058.97,0.018999999942934664
67,53,Sp_keV,3860.907000000123,3860.94,0.03299999987711999
67,53,S2n_keV,18924.719999999856,18924.77,0.050000000144791557
67,53,S2p_keV,10334.909999999916,10334.88,0.029999999916981324
67,53,Qalpha_keV,643.5519999999087,643.55,0.0019999999087758624
66,54,Sn_keV,11449.241000000038,11449.33,0.08899999996174301
66,54,Sp_keV,5695.829000000027,5695.86,0.030999999972664227
66,54,S2n_keV,20235.962000000174,20236.0,0.03799999982584268
66,54,S2p_keV,9053.574000000139,9053.58,0.005999999861160177
66,54,Qalpha_keV,671.6319999999832,671.62,0.011999999983231646
65,55,Sn_keV,9654.853999999934,9654.9,0.046000000065760105
65,55,Sp_keV,2383.1209999999264,2383.2,0.07900000007339258
65,55,S2n_keV,21621.927999999956,21621.91,0.017999999956373358
65,55,S2p_keV,7495.439999999828,7495.53,0.09000000017204002
65,55,Qalpha_keV,1178.6920000000391,1178.68,0.012000000039051884
64,56,Sn_keV,12369.847999999998,12369.87,0.022000000002663
64,56,Sp_keV,3872.533999999985,3872.56,0.02600000001484659
64,56,S2p_keV,5387.522000000114,5387.52,0.0020000001131847966
64,56,Qalpha_keV,1733.124000000069,1733.17,0.04599999993115489
75,46,Sn_keV,3973.4980000000214,3973.44,0.05800000002136585
75,46,S2n_keV,10916.863999999943,10916.84,0.023999999943043804
75,46,Qalpha_keV,-9087.68599999987,-9087.57,0.1159999998708372
74,47,Sn_keV,6822.6900000000605,6822.64,0.05000000006020855
74,47,Sp_keV,11411.609999999986,11411.58,0.02999999998610292
74,47,S2n_keV,11899.702000000048,11899.68,0.022000000048137736
74,47,S2p_keV,26158.043999999878,26157.97,0.07399999987683259
74,47,Qalpha_keV,-7930.158999999985,-7930.15,0.008999999985462637
73,48,Sn_keV,5187.756000000052,5187.79,0.033999999947809556
73,48,Sp_keV,12711.27600000007,12711.29,0.0139999999300926
73,48,S2n_keV,13239.274999999907,13239.34,0.06500000009327778
73,48,S2p_keV,24243.561999999918,24243.64,0.07800000008137431
73,48,Qalpha_keV,-7074.045999999857,-7074.06,0.014000000143823854
72,49,Sn_keV,8178.8889999999665,8178.91,0.021000000033382094
72,49,Sp_keV,9167.809000000008,9167.8,0.009000000009109499
72,49,S2n_keV,14279.313999999897,14279.32,0.0060000001030857675
72,49,S2p_keV,21768.341000000015,21768.35,0.008999999983643647
72,49,Qalpha_keV,-6079.024999999907,-6079.05,0.025000000093314156
71,50,Sn_keV,6170.282999999938,6170.21,0.07299999993756501
71,50,Sp_keV,10757.88300000003,10757.87,0.01300000002993329
71,50,S2n_keV,15275.131999999867,15275.06,0.07199999986733019
71,50,S2p_keV,19798.321999999927,19798.31,0.011999999926047167
71,50,Qalpha_keV,-5203.944999999949,-5203.94,0.004999999949177436
70,51,Sn_keV,9251.97199999995,9251.91,0.06199999995078542
70,51,Sp_keV,5789.011999999988,5788.96,0.05199999998785643
70,51,S2n_keV,16267.001999999979,16266.99,0.01199999997879786
70,51,S2p_keV,16477.03700000001,16477.02,0.017000000010739313
70,51,Qalpha_keV,-3080.427000000025,-3080.42,0.00700000002507295
69,52,Sn_keV,7247.432999999961,7247.4,0.03299999996124825
69,52,Sp_keV,7415.312999999849,7415.26,0.052999999848907464
69,52,S2n_keV,17505.660000000033,17505.69,0.029999999966094038
69,52,S2p_keV,13057.201999999816,13057.15,0.05199999981596193
69,52,Qalpha_keV,-571.3689999999478,-571.4,0.031000000052131327
68,53,Sn_keV,10569.779999999912,10569.77,0.009999999911087798
68,53,Sp_keV,4172.459999999963,4172.42,0.03999999996267434
68,53,S2n_keV,18628.768999999855,18628.74,0.028999999853112968
68,53,S2p_keV,11355.369999999879,11355.36,0.009999999878345989
68,53,Qalpha_keV,-37.05099999974482,-36.99,0.060999999744815625
67,54,Sn_keV,8379.951999999932,8379.88,0.07199999993281381
67,54,Sp_keV,6016.792000000016,6016.77,0.022000000015395926
67,54,S2n_keV,19829.19299999997,19829.21,0.017000000028929207
67,54,S2p_keV,9877.699000000139,9877.71,0.010999999860359821
67,54,Qalpha_keV,189.5109999999404,189.52,0.009000000059614877
66,55,Sn_keV,11284.994000000064,11285.01,0.01599999993595702
66,55,Sp_keV,2218.8739999999525,2218.88,0.006000000047606591
66,55,S2n_keV,20939.847999999998,20939.91,0.062000000001717126
66,55,S2p_keV,7914.7029999999795,7914.74,0.03700000002027082
66,55,Qalpha_keV,908.9189999999944,908.83,0.08899999999437114
65,56,Sn_keV,9927.46699999983,9927.52,0.05300000017086859
65,56,Sp_keV,4145.146999999881,4145.17,0.02300000011928205
65,56,S2n_keV,22297.314999999828,22297.38,0.06500000017331331
65,56,S2p_keV,6528.267999999807,6528.37,0.10200000019267463
65,56,Qalpha_keV,1015.662000000244,1015.58,0.08200000024396559
76,46,Sn_keV,6505.1320000001,6505.15,0.017999999899984687
76,46,S2n_keV,10478.630000000121,10478.59,0.040000000120926416
75,47,Sn_keV,4774.546000000089,4774.6,0.05399999991095683
75,47,Sp_keV,12212.658000000054,12212.75,0.09199999994598329
75,47,S2n_keV,11597.23600000015,11597.24,0.003999999849838787
75,47,Qalpha_keV,-8643.335999999894,-8643.35,0.014000000106534571
74,48,Sn_keV,7609.935999999987,7609.86,0.0759999999872889
74,48,Sp_keV,13498.521999999997,13498.52,0.001999999996769475
74,48,S2n_keV,12797.69200000004,12797.65,0.042000000039479346
74,48,S2p_keV,24910.131999999983,24910.11,0.021999999982654117
74,48,Qalpha_keV,-7648.477999999886,-7648.41,0.06799999988652417
73,49,Sn_keV,5808.071000000229,5808.09,0.018999999771040166
73,49,Sp_keV,9788.124000000185,9788.1,0.024000000184969394
73,49,S2n_keV,13986.960000000196,13987.0,0.03999999980442226
73,49,S2p_keV,22499.400000000256,22499.39,0.010000000256695785
73,49,Qalpha_keV,-6444.078000000212,-6444.08,0.0019999997875856934
72,50,Sn_keV,8815.334999999963,8815.38,0.04500000003645255
72,50,Sp_keV,11394.329000000027,11394.33,0.0009999999729188858
72,50,S2n_keV,14985.6179999999,14985.59,0.027999999900202965
72,50,S2p_keV,20562.138000000035,20562.13,0.008000000034371624
72,50,Qalpha_keV,-5664.707999999984,-5664.74,0.032000000015614205
71,51,Sn_keV,6806.381999999867,6806.37,0.011999999866930011
71,51,Sp_keV,6425.110999999917,6425.11,0.000999999917439709
71,51,S2n_keV,16058.353999999817,16058.28,0.07399999981680594
71,51,S2p_keV,17182.993999999948,17182.97,0.023999999946681783
71,51,Qalpha_keV,-3530.307999999961,-3530.29,0.01799999996092083
70,52,Sn_keV,9841.447000000044,9841.49,0.04299999995600956
70,52,Sp_keV,8004.787999999942,8004.84,0.05200000005788752
70,52,S2n_keV,17088.880000000005,17088.89,0.00999999999476131
70,52,S2p_keV,13793.79999999993,13793.79,0.009999999929277692
70,52,Qalpha_keV,-1086.4079999999376,-1086.47,0.0620000000624259
69,53,Sn_keV,7900.14599999995,7900.12,0.02599999994981772
69,53,Sp_keV,4825.172999999952,4825.14,0.03299999995124381
69,53,S2n_keV,18469.92599999986,18469.89,0.03599999986181501
69,53,S2p_keV,12240.4859999998,12240.4,0.08599999980106077
69,53,Qalpha_keV,-509.1759999997448,-509.11,0.06599999974480397
68,54,Sn_keV,10945.33600000001,10945.31,0.026000000010753865
68,54,Sp_keV,6392.348000000115,6392.31,0.0380000001141525
68,54,S2n_keV,19325.287999999942,19325.19,0.09799999994356767
68,54,S2p_keV,10564.808000000077,10564.73,0.07800000007773633
68,54,Qalpha_keV,-83.20200000004843,-83.11,0.09200000004842934
67,55,Sn_keV,9113.82799999998,9113.74,0.08799999997972918
67,55,Sp_keV,2952.75,2952.74,0.010000000000218279
67,55,S2n_keV,20398.822000000044,20398.75,0.07200000004377216
67,55,S2p_keV,8969.542000000016,8969.51,0.032000000015614205
67,55,Qalpha_keV,401.3980000001611,401.37,0.028000000161114258
66,56,Sn_keV,11935.485000000102,11935.42,0.06500000010237272
66,56,Sp_keV,4795.637999999919,4795.58,0.057999999919047696
66,56,S2n_keV,21862.951999999932,21862.94,0.011999999933323124
66,56,S2p_keV,7014.5119999998715,7014.46,0.051999999871441105
66,56,Qalpha_keV,1045.185999999987,1045.2,0.01400000001308399
76,47,Sn_keV,6513.292999999947,6513.29,0.002999999946950993
76,47,Sp_keV,12220.818999999901,12220.89,0.07100000009813812
76,47,S2n_keV,11287.839000000036,11287.89,0.05099999996309634
76,47,Qalpha_keV,-9150.222999999882,-9150.2,0.022999999880994437
75,48,Sn_keV,4873.133000000147,4873.12,0.013000000147258106
75,48,Sp_keV,13597.109000000055,13597.04,0.06900000005407492
75,48,S2n_keV,12483.069000000134,12482.99,0.07900000013432873
75,48,S2p_keV,25809.76700000011,25809.79,0.022999999891908374
75,48,Qalpha_keV,-8430.97100000002,-8430.97,0.0010000000202126103
74,49,Sn_keV,7928.8409999998985,7928.82,0.020999999898776878
74,49,Sp_keV,10107.029000000097,10107.05,0.020999999902414856
74,49,S2n_keV,13736.912000000128,13736.91,0.002000000127736712
74,49,S2p_keV,23605.551000000094,23605.58,0.02899999990768265
74,49,Qalpha_keV,-7209.59300000011,-7209.6,0.006999999890467734
73,50,Sn_keV,5946.114000000176,5946.16,0.045999999823834514
73,50,Sp_keV,11532.371999999974,11532.41,0.03800000002593151
73,50,S2n_keV,14761.449000000139,14761.54,0.09099999986210605
73,50,S2p_keV,21320.49600000016,21320.51,0.013999999839143129
73,50,Qalpha_keV,-6264.1110000000335,-6264.19,0.07899999996607221
72,51,Sn_keV,8962.530999999959,8962.52,0.01099999995858525
72,51,Sp_keV,6572.306999999913,6572.25,0.056999999913387
72,51,S2n_keV,15768.912999999826,15768.88,0.032999999826643034
72,51,S2p_keV,17966.63599999994,17966.58,0.055999999938649125
72,51,Qalpha_keV,-3950.2899999998044,-3950.24,0.04999999980464054
71,52,Sn_keV,6929.078000000096,6929.01,0.06800000009570795
71,52,Sp_keV,8127.484000000171,8127.48,0.004000000171799911
71,52,S2n_keV,16770.52500000014,16770.5,0.025000000139698386
71,52,S2p_keV,14552.595000000088,14552.59,0.0050000000883301254
71,52,Qalpha_keV,-1532.0669999999227,-1531.99,0.07699999992269113
70,53,Sn_keV,9934.548000000184,9934.59,0.04199999981574365
70,53,Sp_keV,4918.274000000092,4918.24,0.034000000092419214
70,53,S2n_keV,17834.694000000134,17834.71,0.015999999865016434
70,53,S2p_keV,12923.062000000034,12923.08,0.017999999965468305
70,53,Qalpha_keV,-894.4039999999804,-894.41,0.006000000019525942
69,54,Sn_keV,7965.012999999919,7965.03,0.017000000080770405
69,54,Sp_keV,6457.215000000084,6457.22,0.004999999916435627
69,54,S2n_keV,18910.34899999993,18910.34,0.008999999929073965
69,54,S2p_keV,11282.388000000035,11282.37,0.018000000034589902
69,54,Qalpha_keV,-492.3880000000354,-492.39,0.0019999999645960997
68,55,Sn_keV,10970.195000000065,10970.2,0.0049999999355350155
68,55,Sp_keV,2977.609000000055,2977.64,0.03099999994492464
68,55,S2n_keV,20084.023000000045,20083.95,0.07300000004397589
68,55,S2p_keV,9369.95700000017,9369.95,0.007000000168773113
68,55,Qalpha_keV,296.9340000000084,296.97,0.03599999999164538
67,56,Sn_keV,9117.352000000072,9117.33,0.022000000071784598
67,56,Sp_keV,4799.162000000011,4799.16,0.00200000001132139
67,56,S2n_keV,21052.837000000174,21052.75,0.08700000017415732
67,56,S2p_keV,7751.912000000011,7751.91,0.00200000001132139
67,56,Qalpha_keV,714.5550000000512,714.54,0.015000000051259121
77,47,Sn_keV,4723.451000000117,4723.37,0.08100000011745578
77,47,S2n_keV,11236.744000000064,11236.66,0.08400000006440678
76,48,Sn_keV,7358.754999999888,7358.81,0.05500000011215889
76,48,Sp_keV,14442.570999999996,14442.56,0.010999999996784027
76,48,S2n_keV,12231.888000000035,12231.93,0.04199999996490078
76,48,S2p_keV,26663.389999999898,26663.45,0.06000000010317308
76,48,Qalpha_keV,-8846.359999999986,-8846.38,0.020000000013169483
75,49,Sn_keV,5511.051000000094,5511.08,0.02899999990586366
75,49,Sp_keV,10744.947000000044,10745.01,0.06299999995644612
75,49,S2n_keV,13439.891999999993,13439.9,0.008000000007086783
75,49,S2p_keV,24342.0560000001,24342.05,0.006000000099447789
75,49,Qalpha_keV,-7643.632000000216,-7643.63,0.002000000215957698
74,50,Sn_keV,8489.19200000004,8489.16,0.03200000003926107
74,50,Sp_keV,12092.723000000115,12092.75,0.026999999885447323
74,50,S2n_keV,14435.306000000215,14435.33,0.023999999784791726
74,50,S2p_keV,22199.75200000021,22199.81,0.05799999978989945
74,50,Qalpha_keV,-6701.784000000218,-6701.8,0.015999999782252416
73,51,Sn_keV,6467.5030000001425,6467.5,0.003000000142492354
73,51,Sp_keV,7093.69599999988,7093.58,0.11599999987993215
73,51,S2n_keV,15430.034000000102,15430.01,0.024000000101295882
73,51,S2p_keV,18626.067999999854,18625.99,0.07799999985218165
73,51,Qalpha_keV,-4317.368000000017,-4317.33,0.038000000016836566
72,52,Sn_keV,9424.438000000082,9424.48,0.041999999917607056
72,52,Sp_keV,8589.391000000294,8589.45,0.05899999970642966
72,52,S2n_keV,16353.516000000178,16353.5,0.016000000177882612
72,52,S2p_keV,15161.698000000208,15161.7,0.0019999997930426616
72,52,Qalpha_keV,-1851.6560000001919,-1851.63,0.02600000019174331
71,53,Sn_keV,7493.28199999989,7493.32,0.038000000109605026
71,53,Sp_keV,5482.477999999886,5482.55,0.07200000011380325
71,53,S2n_keV,17427.830000000075,17427.91,0.07999999992534867
71,53,S2p_keV,13609.962000000058,13610.03,0.06799999994291284
71,53,Qalpha_keV,-1372.6559999998426,-1372.65,0.005999999842515535
70,54,Sn_keV,10483.667000000016,10483.68,0.012999999984458555
70,54,Sp_keV,7006.333999999915,7006.31,0.023999999914849468
70,54,S2n_keV,18448.679999999935,18448.71,0.030000000064319465
70,54,S2p_keV,11924.608000000007,11924.55,0.058000000008178176
70,54,Qalpha_keV,-717.8279999999795,-717.78,0.04799999997953819
69,55,Sn_keV,8758.951000000001,8759.01,0.058999999999286956
69,55,Sp_keV,3771.547000000137,3771.61,0.06299999986322291
69,55,S2n_keV,19729.146000000066,19729.21,0.06399999993300298
69,55,S2p_keV,10228.76200000022,10228.84,0.07799999977942207
69,55,Qalpha_keV,-403.02800000004936,-403.06,0.03199999995064218
68,56,Sn_keV,11506.095999999903,11506.14,0.04400000009627547
68,56,Sp_keV,5335.062999999849,5335.1,0.037000000151238055
68,56,S2n_keV,20623.447999999975,20623.47,0.022000000026309863
68,56,S2p_keV,8312.671999999904,8312.74,0.06800000009570795
68,56,Qalpha_keV,657.7000000001863,657.73,0.029999999813753675
67,57,Sp_keV,1892.6239999999525,1892.63,0.006000000047606591
67,57,S2p_keV,6691.785999999964,6691.79,0.004000000036285201
67,57,Qalpha_keV,1205.0520000000251,1205.11,0.057999999974754246
78,47,Sn_keV,6101.404999999795,6101.42,0.015000000204963726
78,47,S2n_keV,10824.855999999912,10824.79,0.06599999991158256
77,48,Sn_keV,4717.785000000149,4717.74,0.04500000014922989
77,48,Sp_keV,14436.905000000028,14436.93,0.02499999997235136
77,48,S2n_keV,12076.540000000037,12076.55,0.009999999962019501
77,48,Qalpha_keV,-9590.647000000114,-9590.68,0.032999999886669684
76,49,Sn_keV,7677.967999999877,7677.94,0.027999999877465598
76,49,Sp_keV,11064.160000000033,11064.14,0.020000000033178367
76,49,S2n_keV,13189.018999999971,13189.02,0.0010000000293075573
76,49,S2p_keV,25506.73100000003,25506.7,0.031000000028143404
76,49,Qalpha_keV,-8498.910000000033,-8498.94,0.029999999967913027
75,50,Sn_keV,5733.545999999857,5733.5,0.045999999856576324
75,50,Sp_keV,12315.217999999877,12315.17,0.04799999987699266
75,50,S2n_keV,14222.737999999896,14222.66,0.07799999989583739
75,50,S2p_keV,23060.16499999992,23060.18,0.015000000079453457
75,50,Qalpha_keV,-7247.574000000022,-7247.51,0.06400000002213346
74,51,Sn_keV,8706.542000000016,8706.57,0.027999999983876478
74,51,Sp_keV,7311.045999999857,7310.99,0.0559999998567946
74,51,S2n_keV,15174.045000000158,15174.06,0.014999999841165845
74,51,S2p_keV,19403.76899999997,19403.74,0.02899999996952829
74,51,Qalpha_keV,-4845.0210000001825,-4844.99,0.031000000182757503
73,52,Sn_keV,6569.028999999864,6568.97,0.058999999863772246
73,52,Sp_keV,8690.917000000016,8690.92,0.002999999984240276
73,52,S2n_keV,15993.466999999946,15993.45,0.016999999945255695
73,52,S2p_keV,15784.612999999896,15784.51,0.10299999989547359
73,52,Qalpha_keV,-2250.402000000002,-2250.38,0.022000000001753506
72,53,Sn_keV,9542.86400000006,9542.79,0.07400000005873153
72,53,Sp_keV,5600.903999999864,5600.85,0.053999999863663106
72,53,S2n_keV,17036.14599999995,17036.11,0.035999999949126504
72,53,S2p_keV,14190.295000000158,14190.3,0.0049999998409475666
72,53,Qalpha_keV,-1663.5479999999516,-1663.53,0.01799999995159851
71,54,Sn_keV,7603.3120000000345,7603.28,0.032000000034713594
71,54,Sp_keV,7116.36400000006,7116.27,0.09400000005916809
71,54,S2n_keV,18086.97900000005,18086.95,0.029000000049563823
71,54,S2p_keV,12598.841999999946,12598.82,0.02199999994627433
71,54,Qalpha_keV,-1073.7070000001695,-1073.66,0.047000000169418854
70,55,Sn_keV,10427.806999999913,10427.82,0.013000000086321961
70,55,Sp_keV,3715.6870000000345,3715.76,0.07299999996575934
70,55,S2n_keV,19186.757999999914,19186.83,0.0720000000874279
70,55,S2p_keV,10722.02099999995,10722.07,0.04900000005000038
70,55,Qalpha_keV,-261.05500000016764,-261.12,0.06499999983236648
69,56,Sn_keV,8650.570000000065,8650.51,0.0600000000649743
69,56,Sp_keV,5226.681999999913,5226.6,0.0819999999130232
69,56,S2n_keV,20156.66599999997,20156.65,0.01599999996687984
69,56,S2p_keV,8998.22900000005,8998.21,0.019000000051164534
69,56,Qalpha_keV,387.0820000000531,387.1,0.01799999994693735
68,57,Sn_keV,11572.167000000016,11572.19,0.022999999984676833
68,57,Sp_keV,1958.6950000000652,1958.68,0.015000000065128916
68,57,S2p_keV,7293.757999999914,7293.78,0.02200000008542702
68,57,Qalpha_keV,917.8790000000736,917.93,0.050999999926375494
78,48,Sn_keV,6979.9969999998575,6980.02,0.02300000014292891
78,48,Sp_keV,15315.49700000009,15315.53,0.032999999910316546
78,48,S2n_keV,11697.782000000007,11697.76,0.02200000000630098
78,48,Qalpha_keV,-10065.511999999871,-10065.56,0.0480000001280132
77,49,Sn_keV,5367.441999999806,5367.41,0.031999999806430424
77,49,Sp_keV,11713.81699999969,11713.81,0.0069999996903789
77,49,S2n_keV,13045.409999999683,13045.35,0.05999999968298653
77,49,S2p_keV,26150.721999999718,26150.74,0.01800000028379145
77,49,Qalpha_keV,-9091.80599999975,-9091.74,0.0659999997496925
76,50,Sn_keV,8190.147999999812,8190.18,0.0320000001884182
76,50,Sp_keV,12827.397999999812,12827.42,0.02200000018819992
76,50,S2n_keV,13923.693999999668,13923.68,0.013999999668158125
76,50,S2p_keV,23891.557999999844,23891.56,0.0020000001568405423
76,50,Qalpha_keV,-7827.785999999847,-7827.83,0.04400000015266414
75,51,Sn_keV,6208.314000000013,6208.35,0.03599999998732528
75,51,Sp_keV,7785.814000000013,7785.84,0.025999999987107003
75,51,S2n_keV,14914.856000000029,14914.92,0.06399999997120176
75,51,S2p_keV,20101.03199999989,20101.01,0.021999999891704647
75,51,Qalpha_keV,-5245.2639999999665,-5245.25,0.013999999966472387
74,52,Sn_keV,9113.622999999905,9113.69,0.06700000009550422
74,52,Sp_keV,9097.997999999905,9098.04,0.04200000009586802
74,52,S2n_keV,15682.651999999769,15682.66,0.00800000023082248
74,52,S2p_keV,16409.04399999976,16409.03,0.013999999762745574
74,52,Qalpha_keV,-2548.689999999944,-2548.7,0.010000000055697456
73,53,Sn_keV,7145.443999999901,7145.43,0.013999999900988769
73,53,Sp_keV,6177.318999999901,6177.32,0.0010000000984291546
73,53,S2n_keV,16688.30799999996,16688.22,0.0879999999597203
73,53,S2p_keV,14868.235999999917,14868.24,0.00400000008266943
73,53,Qalpha_keV,-2002.6100000001024,-2002.59,0.020000000102527338
72,54,Sn_keV,10023.780000000028,10023.87,0.08999999997286068
72,54,Sp_keV,7597.280000000028,7597.35,0.06999999997242412
72,54,S2n_keV,17627.092000000062,17627.15,0.05799999993905658
72,54,S2p_keV,13198.183999999892,13198.21,0.026000000107160304
72,54,Qalpha_keV,-1256.0400000000373,-1256.04,3.728928277269006e-11
71,55,Sn_keV,8334.014999999898,8333.93,0.08499999989726348
71,55,Sp_keV,4446.389999999898,4446.41,0.020000000102299964
71,55,S2n_keV,18761.82199999981,18761.75,0.07199999981094152
71,55,S2p_keV,11562.753999999957,11562.68,0.07399999995686812
71,55,Qalpha_keV,-694.9240000001155,-694.93,0.0059999998844659785
70,56,Sn_keV,11072.21800000011,11072.25,0.031999999890103936
70,56,Sp_keV,5871.09300000011,5871.03,0.06300000011015072
70,56,S2n_keV,19722.788000000175,19722.76,0.028000000176689355
70,56,S2p_keV,9586.780000000144,9586.79,0.009999999856518116
70,56,Qalpha_keV,260.19999999995343,260.16,0.03999999995340886
69,57,Sn_keV,9285.300999999978,9285.3,0.000999999978375854
69,57,Sp_keV,2593.4259999999776,2593.47,0.04400000002215165
69,57,S2n_keV,20857.467999999993,20857.49,0.02200000000811997
69,57,S2p_keV,7820.107999999891,7820.07,0.0379999998913263
69,57,Qalpha_keV,746.4060000000754,746.38,0.026000000075441676
68,58,Sp_keV,4350.006999999983,4350.04,0.03300000001672743
68,58,S2p_keV,6308.702000000048,6308.72,0.017999999951825885
68,58,Qalpha_keV,1363.5100000000093,1363.47,0.04000000000928594
79,48,Sn_keV,4304.972000000067,4305.03,0.057999999932690116
79,48,S2n_keV,11284.968999999925,11285.05,0.08100000007470953
78,49,Sn_keV,7196.6130000001285,7196.69,0.07699999987107731
78,49,Sp_keV,11930.43299999996,11930.47,0.03700000003846071
78,49,S2n_keV,12564.054999999935,12564.09,0.0350000000653381
78,49,S2p_keV,27245.93000000005,27246.0,0.06999999994877726
78,49,Qalpha_keV,-9775.125999999931,-9775.14,0.014000000068335794
77,50,Sn_keV,5527.222000000067,5527.26,0.03799999993316305
77,50,Sp_keV,12987.178000000073,12987.27,0.0919999999277934
77,50,S2n_keV,13717.369999999879,13717.44,0.07000000012158125
77,50,S2p_keV,24700.994999999763,24701.08,0.08500000023923349
77,50,Qalpha_keV,-8481.874999999767,-8481.96,0.08500000023195753
76,51,Sn_keV,8377.575999999885,8377.51,0.06599999988429772
76,51,Sp_keV,7973.242000000086,7973.16,0.0820000000858272
76,51,S2n_keV,14585.889999999898,14585.86,0.02999999989697244
76,51,S2p_keV,20800.639999999898,20800.58,0.05999999989580829
76,51,Qalpha_keV,-5693.998999999836,-5693.94,0.058999999836487405
75,52,Sn_keV,6287.6110000000335,6287.65,0.03899999996610859
75,52,Sp_keV,9177.294999999925,9177.34,0.045000000074651325
75,52,S2n_keV,15401.233999999939,15401.34,0.10600000006161281
75,52,S2p_keV,16963.10899999994,16963.18,0.07100000006175833
75,52,Qalpha_keV,-2890.186999999918,-2890.18,0.0069999999182073225
74,53,Sn_keV,9143.905000000028,9143.91,0.004999999971914804
74,53,Sp_keV,6207.601000000024,6207.54,0.06100000002425077
74,53,S2n_keV,16289.34899999993,16289.34,0.008999999929073965
74,53,S2p_keV,15305.59899999993,15305.58,0.018999999929292244
74,53,Qalpha_keV,-2183.9840000001714,-2183.99,0.0059999998284183675
73,54,Sn_keV,7247.317000000039,7247.3,0.01700000003893365
73,54,Sp_keV,7699.153000000166,7699.21,0.05699999983426096
73,54,S2n_keV,17271.097000000067,17271.17,0.07299999993119854
73,54,S2p_keV,13876.472000000067,13876.53,0.05799999993359961
73,54,Qalpha_keV,-1574.2790000000969,-1574.33,0.05099999990306969
72,55,Sn_keV,9960.984000000171,9961.01,0.025999999828854925
72,55,Sp_keV,4383.594000000041,4383.55,0.044000000040796294
72,55,S2n_keV,18294.99900000007,18294.94,0.05900000007022754
72,55,S2p_keV,11980.874000000069,11980.91,0.03599999993093661
72,55,Qalpha_keV,-721.3600000001024,-721.36,1.0243184078717604e-10
71,56,Sn_keV,8219.316999999806,8219.36,0.04300000019429717
71,56,Sp_keV,5756.395000000019,5756.46,0.06499999998140993
71,56,S2n_keV,19291.534999999916,19291.61,0.07500000008440111
71,56,S2p_keV,10202.784999999916,10202.87,0.08500000008461939
71,56,Qalpha_keV,5.895999999949709,5.83,0.06599999994970851
70,57,Sn_keV,10993.904000000097,10993.96,0.05599999990226934
70,57,Sp_keV,2515.1119999999646,2515.18,0.06800000003522655
70,57,S2n_keV,20279.205000000075,20279.26,0.05499999992389348
70,57,S2p_keV,8386.205000000075,8386.21,0.004999999924621079
70,57,Qalpha_keV,722.6969999999274,722.62,0.07699999992735229
69,58,Sn_keV,9230.074999999953,9230.1,0.025000000046929927
69,58,Sp_keV,4294.780999999959,4294.84,0.05900000004112371
69,58,S2p_keV,6888.206999999937,6888.31,0.10300000006373011
69,58,Qalpha_keV,1250.7870000000112,1250.7,0.0870000000111304
80,48,Sn_keV,6822.697999999858,6822.69,0.007999999858839146
80,48,S2n_keV,11127.669999999925,11127.72,0.05000000007385097
79,49,Sn_keV,5318.965000000084,5318.97,0.004999999916435627
79,49,Sp_keV,12944.425999999978,12944.41,0.015999999977793777
79,49,S2n_keV,12515.578000000212,12515.66,0.08199999978751293
79,49,Qalpha_keV,-10370.639999999898,-10370.73,0.09000000010200893
78,50,Sn_keV,7962.192000000039,7962.11,0.08200000003944297
78,50,Sp_keV,13752.756999999983,13752.69,0.06699999998272688
78,50,S2n_keV,13489.414000000106,13489.37,0.04400000010537042
78,50,S2p_keV,25683.189999999944,25683.16,0.029999999944266165
78,50,Qalpha_keV,-9085.311999999918,-9085.27,0.041999999917607056
77,51,Sn_keV,6002.060000000056,6002.14,0.07999999994444806
77,51,Sp_keV,8448.080000000075,8448.04,0.04000000007363269
77,51,S2n_keV,14379.63599999994,14379.65,0.014000000059240847
77,51,S2p_keV,21435.258000000147,21435.31,0.051999999854160706
77,51,Qalpha_keV,-6185.007999999914,-6185.0,0.007999999914318323
76,52,Sn_keV,8783.397000000114,8783.4,0.002999999886014848
76,52,Sp_keV,9583.116000000155,9583.24,0.12399999984518217
76,52,S2n_keV,15071.008000000147,15071.05,0.04199999985212344
76,52,S2p_keV,17556.35800000024,17556.4,0.04199999976117397
76,52,Qalpha_keV,-3184.3919999999925,-3184.42,0.02800000000752334
75,53,Sn_keV,6826.030999999959,6826.13,0.09900000004108733
75,53,Sp_keV,6746.02099999995,6746.02,0.0009999999492720235
75,53,S2n_keV,15969.935999999987,15970.04,0.10400000001391163
75,53,S2p_keV,15923.315999999875,15923.36,0.0440000001253793
75,53,Qalpha_keV,-2542.5119999998715,-2542.62,0.10800000012841338
74,54,Sn_keV,9610.04700000002,9610.05,0.0029999999787833076
74,54,Sp_keV,8165.295000000158,8165.35,0.05499999984203896
74,54,S2n_keV,16857.36400000006,16857.35,0.014000000061059836
74,54,S2p_keV,14372.896000000183,14372.89,0.006000000183121301
74,54,Qalpha_keV,-1759.8880000000354,-1759.89,0.0019999999647097866
73,55,Sn_keV,7762.729999999981,7762.73,1.8189894035458565e-11
73,55,Sp_keV,4899.006999999983,4898.99,0.016999999983454472
73,55,S2n_keV,17723.714000000153,17723.74,0.02599999984886381
73,55,S2p_keV,12598.160000000149,12598.2,0.039999999851715984
73,55,Qalpha_keV,-990.8080000001937,-990.76,0.04800000019372419
72,56,Sn_keV,10632.279000000097,10632.28,0.0009999999037972884
72,56,Sp_keV,6427.689999999944,6427.73,0.0400000000554428
72,56,S2n_keV,18851.595999999903,18851.64,0.04400000009627547
72,56,S2p_keV,10811.283999999985,10811.28,0.003999999984444003
72,56,Qalpha_keV,-142.7160000000149,-142.77,0.05399999998510907
71,57,Sn_keV,8800.73999999999,8800.64,0.09999999999126885
71,57,Sp_keV,3096.535000000149,3096.46,0.07500000014897523
71,57,S2n_keV,19794.644000000088,19794.6,0.044000000088999514
71,57,S2p_keV,8852.930000000168,8852.92,0.010000000167565304
71,57,Qalpha_keV,680.908000000054,680.99,0.08199999994599239
70,58,Sn_keV,11625.94299999997,11625.9,0.042999999970561475
70,58,Sp_keV,4926.819999999832,4926.78,0.039999999832616595
70,58,S2n_keV,20856.017999999924,20855.99,0.027999999922030838
70,58,S2p_keV,7441.931999999797,7441.96,0.0280000002030647
70,58,Qalpha_keV,1130.9399999999441,1130.94,5.5933924159035087e-11
69,59,Sp_keV,1640.407000000123,1640.39,0.017000000122834535
69,59,S2p_keV,5935.188000000082,5935.23,0.041999999917607056
69,59,Qalpha_keV,1503.0039999999572,1502.94,0.06399999995710459
80,49,Sn_keV,6763.357999999775,6763.26,0.09799999977440166
80,49,Sp_keV,12885.085999999894,12884.97,0.11599999989448406
80,49,S2n_keV,12082.322999999858,12082.23,0.09299999985887553
80,49,Qalpha_keV,-11032.592999999877,-11032.57,0.02299999987735646
79,50,Sn_keV,5316.334999999963,5316.4,0.0650000000368891
79,50,Sp_keV,13750.126999999862,13750.12,0.006999999861363904
79,50,S2n_keV,13278.527000000002,13278.51,0.017000000001644366
79,50,S2p_keV,26694.55299999984,26694.53,0.02299999984097667
79,50,Qalpha_keV,-9683.861999999732,-9683.92,0.05800000026829366
78,51,Sn_keV,8070.410999999847,8070.35,0.0609999998468993
78,51,Sp_keV,8556.298999999883,8556.29,0.00899999988178024
78,51,S2n_keV,14072.470999999903,14072.49,0.01900000009663927
78,51,S2p_keV,22309.055999999866,22308.98,0.0759999998663261
78,51,Qalpha_keV,-6577.4509999998845,-6577.41,0.04099999988466152
77,52,Sn_keV,6082.504999999888,6082.41,0.09499999988838681
77,52,Sp_keV,9663.560999999987,9663.5,0.060999999986961484
77,52,S2n_keV,14865.902000000002,14865.81,0.09200000000237196
77,52,S2p_keV,18111.64100000006,18111.55,0.09100000006219489
77,52,Qalpha_keV,-3533.351000000024,-3533.33,0.021000000024287147
76,53,Sn_keV,8839.830000000075,8839.75,0.0800000000745058
76,53,Sp_keV,6802.453999999911,6802.37,0.08399999991070217
76,53,S2n_keV,15665.861000000034,15665.88,0.018999999965672032
76,53,S2p_keV,16385.570000000065,16385.61,0.039999999935389496
76,53,Qalpha_keV,-2675.8000000000466,-2675.8,4.638422979041934e-11
75,54,Sn_keV,6907.1659999997355,6907.1,0.06599999973514059
75,54,Sp_keV,8246.429999999935,8246.32,0.10999999993509846
75,54,S2n_keV,16517.212999999756,16517.14,0.07299999975657556
75,54,S2p_keV,14992.450999999885,14992.34,0.11099999988437048
75,54,Qalpha_keV,-2098.024999999907,-2098.02,0.004999999906885932
74,55,Sn_keV,9638.959000000032,9639.01,0.05099999996855331
74,55,Sp_keV,4927.918999999994,4927.95,0.031000000005406037
74,55,S2n_keV,17401.689000000013,17401.74,0.050999999988562195
74,55,S2p_keV,13093.214000000153,13093.3,0.0859999998465355
74,55,Qalpha_keV,-1086.9030000001658,-1086.98,0.07699999983424277
73,56,Sn_keV,7755.706999999937,7755.7,0.006999999936851964
73,56,Sp_keV,6420.666999999899,6420.69,0.02300000010018266
73,56,S2n_keV,18387.986000000034,18387.98,0.00600000003396417
73,56,S2p_keV,11319.673999999883,11319.68,0.006000000117637683
73,56,Qalpha_keV,-295.1110000000335,-295.19,0.07899999996647011
72,57,Sn_keV,10770.387999999803,10770.5,0.11200000019744039
72,57,Sp_keV,3234.6439999998547,3234.68,0.03600000014512261
72,57,S2n_keV,19571.127999999793,19571.14,0.012000000206171535
72,57,S2p_keV,9662.333999999799,9662.4,0.06600000020080188
72,57,Qalpha_keV,338.32700000004843,338.31,0.0170000000484265
71,58,Sn_keV,8824.860000000102,8824.9,0.03999999989719072
71,58,Sp_keV,4950.939999999944,4951.04,0.10000000005584297
71,58,S2n_keV,20450.803000000073,20450.79,0.013000000071770046
71,58,S2p_keV,8047.475000000093,8047.49,0.014999999906649464
71,58,Qalpha_keV,956.6499999999069,956.55,0.09999999990691322
70,59,Sn_keV,11514.155999999726,11514.12,0.03599999972539081
70,59,Sp_keV,1528.619999999879,1528.61,0.00999999987902811
70,59,S2p_keV,6455.439999999711,6455.39,0.049999999710962584
70,59,Qalpha_keV,1561.0150000001304,1561.01,0.005000000130394255
82,48,S2n_keV,10434.648000000045,10434.61,0.03800000004412141
81,49,Sn_keV,5117.252000000328,5117.29,0.037999999672138074
81,49,S2n_keV,11880.610000000102,11880.54,0.07000000010157237
80,50,Sn_keV,7597.083000000101,7597.08,0.0030000001006555976
80,50,Sp_keV,14583.852000000188,14583.94,0.08799999981238216
80,50,S2n_keV,12913.418000000063,12913.47,0.05199999993601523
80,50,S2p_keV,27468.938000000082,27468.91,0.028000000082101906
80,50,Qalpha_keV,-10300.948000000091,-10300.97,0.02199999990807555
79,51,Sn_keV,5728.229000000283,5728.25,0.020999999716877937
79,51,Sp_keV,8968.193000000203,8968.13,0.06300000020382868
79,51,S2n_keV,13798.64000000013,13798.6,0.04000000013002136
79,51,S2p_keV,22718.320000000065,22718.26,0.06000000006679329
79,51,Qalpha_keV,-6938.238000000361,-6938.25,0.011999999638646841
78,52,Sn_keV,8419.359000000171,8419.43,0.07099999982892768
78,52,Sp_keV,10012.509000000311,10012.58,0.0709999996888655
78,52,S2n_keV,14501.86400000006,14501.84,0.024000000059459126
78,52,S2p_keV,18568.808000000194,18568.87,0.06199999980526627
78,52,Qalpha_keV,-3762.5620000003837,-3762.58,0.01799999961622234
77,53,Sn_keV,6500.290000000037,6500.33,0.03999999996267434
77,53,Sp_keV,7220.23900000006,7220.29,0.050999999940358975
77,53,S2n_keV,15340.120000000112,15340.08,0.04000000011183147
77,53,S2p_keV,16883.800000000047,16883.79,0.010000000045693014
77,53,Qalpha_keV,-2967.776000000071,-2967.78,0.003999999929419573
76,54,Sn_keV,9255.720000000205,9255.72,2.0554580260068178e-10
76,54,Sp_keV,8662.320000000065,8662.29,0.030000000064319465
76,54,S2n_keV,16162.88599999994,16162.82,0.0659999999406864
76,54,S2p_keV,15464.773999999976,15464.66,0.11399999997593113
76,54,Qalpha_keV,-2240.1220000002068,-2240.05,0.07200000020657171
75,55,Sn_keV,7471.8569999998435,7471.81,0.04699999984313763
75,55,Sp_keV,5492.610000000102,5492.66,0.049999999897409
75,55,S2n_keV,17110.815999999875,17110.81,0.005999999873893103
75,55,S2p_keV,13739.040000000037,13738.97,0.07000000003790774
75,55,Qalpha_keV,-1413.316000000108,-1413.36,0.04399999989186654
74,56,Sn_keV,10269.72900000005,10269.76,0.03099999994992686
74,56,Sp_keV,7051.436999999918,7051.45,0.013000000081774488
74,56,S2n_keV,18025.435999999987,18025.46,0.0240000000121654
74,56,S2p_keV,11979.355999999912,11979.4,0.044000000087180524
74,56,Qalpha_keV,-541.0600000000559,-541.08,0.019999999944161573
73,57,Sn_keV,8374.122000000207,8374.07,0.05200000020704465
73,57,Sp_keV,3853.059000000125,3853.05,0.009000000124615326
73,57,S2n_keV,19144.51000000001,19144.57,0.059999999990395736
73,57,S2p_keV,10273.726000000024,10273.74,0.013999999975567334
73,57,Qalpha_keV,298.21999999973923,298.17,0.04999999973921376
72,58,Sn_keV,11206.820000000065,11206.73,0.09000000006562914
72,58,Sp_keV,5387.372000000207,5387.26,0.11200000020653533
72,58,S2n_keV,20031.680000000168,20031.62,0.0600000001686567
72,58,S2p_keV,8622.016000000061,8621.94,0.07600000006095797
72,58,Qalpha_keV,822.0479999999516,822.08,0.0320000000484697
71,59,Sn_keV,9473.260000000242,9473.22,0.040000000242798706
71,59,Sp_keV,2177.0200000000186,2176.93,0.09000000001879016
71,59,S2n_keV,20987.41599999997,20987.33,0.0859999999665888
71,59,S2p_keV,7127.959999999963,7127.97,0.010000000037507562
71,59,Qalpha_keV,1373.055999999866,1373.1,0.0440000001340195
70,60,Sp_keV,4111.670000000391,4111.64,0.030000000390828063
70,60,S2p_keV,5640.29000000027,5640.26,0.030000000269865268
70,60,Qalpha_keV,1799.3519999997225,1799.41,0.05800000027761598
82,49,Sn_keV,6213.022999999812,6213.04,0.01700000018809078
82,49,Sp_keV,13780.712999999989,13780.69,0.022999999988314812
82,49,S2n_keV,11330.27500000014,11330.32,0.044999999860010576
81,50,Sn_keV,5210.595000000205,5210.58,0.015000000204963726
81,50,Sp_keV,14677.195000000065,14677.24,0.04499999993458914
81,50,S2n_keV,12807.678000000305,12807.66,0.018000000305619324
81,50,Qalpha_keV,-11206.57100000023,-11206.53,0.04100000022845052
80,51,Sn_keV,7766.996000000043,7766.96,0.03600000004280446
80,51,Sp_keV,9138.106000000145,9138.02,0.08600000014484976
80,51,S2n_keV,13495.225000000326,13495.2,0.025000000325235305
80,51,S2p_keV,23721.958000000333,23721.95,0.008000000332685886
80,51,Qalpha_keV,-7508.621000000276,-7508.52,0.10100000027523492
79,52,Sn_keV,5929.402999999933,5929.38,0.022999999932835635
79,52,Sp_keV,10213.68299999996,10213.71,0.027000000038242433
79,52,S2n_keV,14348.762000000104,14348.81,0.047999999895182555
79,52,S2p_keV,19181.876000000164,19181.85,0.026000000165367965
79,52,Qalpha_keV,-4164.74300000025,-4164.7,0.04300000024977635
78,53,Sn_keV,8577.907000000123,8577.95,0.042999999877793016
78,53,Sp_keV,7378.787000000011,7378.81,0.022999999989224307
78,53,S2n_keV,15078.19700000016,15078.28,0.08299999984046735
78,53,S2p_keV,17391.296000000322,17391.39,0.09399999967718031
78,53,Qalpha_keV,-3168.107000000309,-3168.22,0.11299999969060082
77,54,Sn_keV,6604.386000000173,6604.49,0.10399999982655572
77,54,Sp_keV,8766.416000000201,8766.45,0.03399999979956192
77,54,S2n_keV,15860.106000000378,15860.21,0.10399999962100992
77,54,S2p_keV,15986.65500000026,15986.74,0.0849999997390114
77,54,Qalpha_keV,-2556.8970000003465,-2556.89,0.007000000346579327
76,55,Sn_keV,9230.416000000201,9230.45,0.03399999979956192
76,55,Sp_keV,5467.306000000099,5467.39,0.08399999990160723
76,55,S2n_keV,16702.273000000045,16702.26,0.013000000046304194
76,55,S2p_keV,14129.626000000164,14129.68,0.053999999836378265
76,55,Qalpha_keV,-1499.8270000002813,-1499.9,0.07299999971883153
75,56,Sn_keV,7493.527999999933,7493.5,0.027999999932944775
75,56,Sp_keV,7073.108000000007,7073.15,0.04199999999218562
75,56,S2n_keV,17763.256999999983,17763.27,0.013000000017200364
75,56,S2p_keV,12565.71800000011,12565.81,0.09199999988959462
75,56,Qalpha_keV,-787.2709999999497,-787.29,0.01900000005025504
74,57,Sn_keV,10213.246999999974,10213.21,0.03699999997479608
74,57,Sp_keV,3796.5770000000484,3796.49,0.08700000004864705
74,57,S2n_keV,18587.36900000018,18587.28,0.08900000018184073
74,57,S2p_keV,10848.013999999966,10847.94,0.07399999996596307
74,57,Qalpha_keV,45.95699999993667,45.98,0.02300000006332681
73,58,Sn_keV,8356.79600000009,8356.85,0.05399999991095683
73,58,Sp_keV,5370.046000000089,5370.04,0.006000000089443347
73,58,S2n_keV,19563.616000000155,19563.58,0.03600000015285332
73,58,S2p_keV,9223.105000000214,9223.09,0.015000000214058673
73,58,Qalpha_keV,684.5689999996684,684.59,0.02100000033158267
72,59,Sn_keV,11196.45299999998,11196.52,0.06700000002092565
72,59,Sp_keV,2166.652999999933,2166.72,0.06700000006685514
72,59,S2n_keV,20669.71300000022,20669.73,0.01699999977790867
72,59,S2p_keV,7554.02500000014,7553.98,0.045000000140134944
72,59,Qalpha_keV,1170.5069999999832,1170.54,0.03300000001672743
71,60,Sn_keV,9243.133999999845,9243.12,0.013999999844600097
71,60,Sp_keV,3881.5439999999944,3881.55,0.006000000005769834
71,60,S2p_keV,6058.564000000013,6058.48,0.08400000001347507
71,60,Qalpha_keV,1786.2929999998305,1786.39,0.09700000016960075
83,49,Sn_keV,2454.5870000000577,2454.65,0.06299999994234895
83,49,S2n_keV,8667.60999999987,8667.69,0.08000000013089448
82,50,Sn_keV,7343.1389999999665,7343.1,0.03899999996610859
82,50,Sp_keV,15807.31100000022,15807.3,0.011000000220519723
82,50,S2n_keV,12553.734000000171,12553.69,0.04400000017085404
82,50,S2p_keV,29588.02400000021,29587.99,0.034000000207015546
82,50,Qalpha_keV,-11727.012000000337,-11726.94,0.07200000033662945
81,51,Sn_keV,5724.967999999877,5724.98,0.012000000122498022
81,51,Sp_keV,9652.478999999817,9652.42,0.058999999817388016
81,51,S2n_keV,13491.96399999992,13491.94,0.02399999991939694
81,51,S2p_keV,24329.673999999883,24329.65,0.023999999881198164
81,51,Qalpha_keV,-7914.624000000069,-7914.54,0.08400000006895425
80,52,Sn_keV,8048.496999999974,8048.49,0.006999999974141247
80,52,Sp_keV,10495.183999999892,10495.25,0.06600000010803342
80,52,S2n_keV,13977.899999999907,13977.87,0.029999999906067387
80,52,S2p_keV,19633.290000000037,19633.27,0.020000000036816346
80,52,Qalpha_keV,-4251.048000000184,-4251.08,0.03199999981552537
79,53,Sn_keV,6332.076999999816,6332.02,0.05699999981516157
79,53,Sp_keV,7781.460999999894,7781.45,0.010999999894011125
79,53,S2n_keV,14909.983999999939,14909.97,0.013999999939187546
79,53,S2p_keV,17995.143999999855,17995.16,0.016000000145140802
79,53,Qalpha_keV,-3498.124000000069,-3498.1,0.02400000006900882
78,54,Sn_keV,8936.687999999616,8936.65,0.0379999996166589
78,54,Sp_keV,9125.196999999695,9125.15,0.04699999969488999
78,54,S2n_keV,15541.07399999979,15541.14,0.06600000020989683
78,54,S2p_keV,16503.983999999706,16503.96,0.02399999970657518
78,54,Qalpha_keV,-2710.187999999849,-2710.13,0.057999999849016604
77,55,Sn_keV,7168.711999999825,7168.69,0.021999999825311534
77,55,Sp_keV,6031.63199999975,6031.59,0.04199999975026003
77,55,S2n_keV,16399.128000000026,16399.14,0.011999999973340891
77,55,S2p_keV,14798.047999999952,14798.03,0.01799999995091639
77,55,Qalpha_keV,-1842.5080000001471,-1842.45,0.05800000014710349
76,56,Sn_keV,9822.472000000067,9822.39,0.0820000000676373
76,56,Sp_keV,7665.163999999873,7665.08,0.08399999987341289
76,56,S2n_keV,17316.0,17315.89,0.11000000000058208
76,56,S2p_keV,13132.469999999972,13132.47,2.7284841053187847e-11
76,56,Qalpha_keV,-999.6959999999963,-999.63,0.06599999999627926
75,57,Sn_keV,8025.714999999851,8025.69,0.024999999851388566
75,57,Sp_keV,4328.7639999999665,4328.68,0.08399999996618135
75,57,S2n_keV,18238.961999999825,18238.9,0.061999999823456164
75,57,S2p_keV,11401.871999999974,11401.83,0.04199999997399573
75,57,Qalpha_keV,-217.02799999993294,-216.98,0.047999999932955006
74,58,Sn_keV,10833.871999999741,10833.84,0.031999999740946805
74,58,Sp_keV,5990.670999999857,5990.68,0.009000000143714715
74,58,S2n_keV,19190.66799999983,19190.69,0.022000000168191036
74,58,S2p_keV,9787.247999999905,9787.17,0.07799999990493234
74,58,Qalpha_keV,482.9760000000242,483.03,0.05399999997575833
73,59,Sn_keV,8984.158999999985,8984.14,0.018999999985680915
73,59,Sp_keV,2794.0159999998286,2794.01,0.0059999998284183675
73,59,S2n_keV,20180.611999999965,20180.66,0.04800000003524474
73,59,S2p_keV,8164.061999999918,8164.06,0.0019999999176434358
73,59,Qalpha_keV,987.0879999999888,987.03,0.057999999988851414
72,60,Sn_keV,11729.095999999903,11729.09,0.005999999902996933
72,60,Sp_keV,4414.186999999918,4414.12,0.06699999991815275
72,60,S2n_keV,20972.22999999975,20972.21,0.01999999974941602
72,60,S2p_keV,6580.839999999851,6580.84,1.4915713109076023e-10
72,60,Qalpha_keV,1683.1399999998976,1683.19,0.05000000010250005
83,50,Sn_keV,2401.6389999999665,2401.61,0.028999999966345058
83,50,Sp_keV,15754.363000000129,15754.27,0.09300000012808596
83,50,S2n_keV,9744.777999999933,9744.71,0.06799999993381789
82,51,Sn_keV,7358.222000000067,7358.25,0.027999999932944775
82,51,Sp_keV,9667.561999999918,9667.57,0.008000000081665348
82,51,S2n_keV,13083.189999999944,13083.24,0.050000000055661076
82,51,S2p_keV,25474.873000000138,25474.87,0.003000000138854375
82,51,Qalpha_keV,-8509.488000000361,-8509.53,0.04199999963930168
81,52,Sn_keV,5815.250999999931,5815.19,0.06099999993148231
81,52,Sp_keV,10585.466999999946,10585.46,0.006999999946856406
81,52,S2n_keV,13863.747999999905,13863.68,0.06799999990471406
81,52,S2p_keV,20237.945999999763,20237.87,0.0759999997644627
81,52,Qalpha_keV,-4749.964000000153,-4749.87,0.09400000015284604
80,53,Sn_keV,8254.44299999997,8254.4,0.042999999970561475
80,53,Sp_keV,7987.40699999989,7987.36,0.046999999890431354
80,53,S2n_keV,14586.519999999786,14586.42,0.09999999978572305
80,53,S2p_keV,18482.590999999782,18482.61,0.01900000021851156
80,53,Qalpha_keV,-3682.156000000192,-3682.15,0.006000000191761501
79,54,Sn_keV,6435.947000000393,6435.93,0.017000000392727088
79,54,Sp_keV,9229.067000000272,9229.05,0.017000000272673788
79,54,S2n_keV,15372.63500000001,15372.57,0.06500000000960426
79,54,S2p_keV,17010.528000000166,17010.5,0.02800000016577542
79,54,Qalpha_keV,-3063.630000000354,-3063.65,0.01999999964618837
78,55,Sn_keV,8986.025999999838,8986.0,0.025999999837949872
78,55,Sp_keV,6080.969999999972,6080.94,0.0299999999724605
78,55,S2n_keV,16154.737999999663,16154.69,0.04799999966235191
78,55,S2p_keV,15206.166999999667,15206.09,0.076999999666441
78,55,Qalpha_keV,-1988.7039999999106,-1988.7,0.003999999910547558
77,56,Sn_keV,7189.898000000045,7189.92,0.021999999955369276
77,56,Sp_keV,7686.350000000093,7686.31,0.04000000009273208
77,56,S2n_keV,17012.37000000011,17012.3,0.0700000001124863
77,56,S2p_keV,13717.981999999844,13717.9,0.0819999998439016
77,56,Qalpha_keV,-1282.4280000003055,-1282.45,0.02199999969457167
76,57,Sn_keV,9842.06100000022,9842.07,0.008999999779916834
76,57,Sp_keV,4348.353000000119,4348.36,0.006999999880463292
76,57,S2n_keV,17867.77600000007,17867.76,0.016000000072381226
76,57,S2p_keV,12013.516999999993,12013.44,0.0769999999920401
76,57,Qalpha_keV,-420.1300000001211,-420.05,0.08000000012106057
75,58,Sn_keV,8018.509000000078,8018.57,0.060999999921477865
75,58,Sp_keV,5983.465000000084,5983.55,0.08499999991636287
75,58,S2n_keV,18852.38099999982,18852.41,0.02900000018053106
75,58,S2p_keV,10312.22900000005,10312.23,0.0009999999492720235
75,58,Qalpha_keV,220.17399999988265,220.16,0.013999999882656766
74,59,Sn_keV,10795.42200000002,10795.41,0.012000000020634616
74,59,Sp_keV,2755.566000000108,2755.59,0.0239999998921121
74,59,S2n_keV,19779.581000000006,19779.56,0.021000000004278263
74,59,S2p_keV,8746.236999999965,8746.27,0.033000000035826815
74,59,Qalpha_keV,962.0539999997709,962.12,0.0660000002291099
73,60,Sn_keV,8977.803000000073,8977.88,0.07699999992655648
73,60,Sp_keV,4407.831000000006,4407.86,0.028999999994084646
73,60,S2n_keV,20706.898999999976,20706.97,0.07100000002537854
73,60,S2p_keV,7201.846999999834,7201.87,0.02300000016566628
73,60,Qalpha_keV,1530.1969999999274,1530.21,0.01300000007267954
72,61,Sp_keV,1270.719000000041,1270.81,0.09099999995896724
72,61,S2p_keV,5684.905999999959,5684.93,0.02400000004126923
72,61,Qalpha_keV,1941.0409999997355,1941.0,0.04099999973550439
84,50,Sn_keV,3629.336999999825,3629.34,0.003000000175234163
84,50,S2n_keV,6030.975999999791,6030.95,0.025999999791565642
84,50,Qalpha_keV,-7323.340000000084,-7323.28,0.06000000008407369
83,51,Sn_keV,3169.273999999976,3169.35,0.07600000002412344
83,51,Sp_keV,10435.196999999927,10435.3,0.10300000007191557
83,51,S2n_keV,10527.496000000043,10527.6,0.10399999995752296
83,51,S2p_keV,26189.560000000056,26189.57,0.009999999943829607
83,51,Qalpha_keV,-6561.510000000009,-6561.6,0.08999999999105057
82,52,Sn_keV,7675.168999999994,7675.25,0.08100000000558794
82,52,Sp_keV,10902.413999999873,10902.46,0.046000000125786755
82,52,S2n_keV,13490.419999999925,13490.44,0.020000000075015123
82,52,S2p_keV,20569.97599999979,20570.02,0.044000000209052814
82,52,Qalpha_keV,-4828.050000000047,-4828.05,4.638422979041934e-11
81,53,Sn_keV,6243.76500000013,6243.85,0.08499999986997864
81,53,Sp_keV,8415.92100000009,8416.01,0.08899999991081131
81,53,S2n_keV,14498.2080000001,14498.25,0.04199999989941716
81,53,S2p_keV,19001.388000000035,19001.47,0.0819999999657739
81,53,Qalpha_keV,-4197.692000000039,-4197.75,0.05799999996088445
80,54,Sn_keV,8552.00699999975,8552.05,0.043000000248866854
80,54,Sp_keV,9526.631000000052,9526.7,0.06899999994857353
80,54,S2n_keV,14987.954000000143,14987.97,0.015999999855921487
80,54,S2p_keV,17514.037999999942,17514.06,0.022000000059051672
80,54,Qalpha_keV,-3196.277999999933,-3196.27,0.007999999932962965
79,55,Sn_keV,6891.4900000002235,6891.54,0.0499999997764462
79,55,Sp_keV,6536.512999999803,6536.55,0.037000000197622285
79,55,S2n_keV,15877.516000000061,15877.54,0.023999999939405825
79,55,S2p_keV,15765.580000000075,15765.61,0.02999999992607627
79,55,Qalpha_keV,-2379.904000000097,-2379.91,0.005999999902996933
78,56,Sn_keV,9467.783999999985,9467.78,0.003999999984444003
78,56,Sp_keV,8168.10800000024,8168.09,0.018000000240135705
78,56,S2n_keV,16657.68200000003,16657.7,0.017999999970925273
78,56,S2p_keV,14249.078000000212,14249.03,0.04800000021168671
78,56,Qalpha_keV,-1494.4920000000857,-1494.51,0.017999999914309228
77,57,Sn_keV,7795.538999999873,7795.58,0.04100000012658711
77,57,Sp_keV,4953.993999999948,4954.03,0.036000000051899406
77,57,S2n_keV,17637.600000000093,17637.65,0.049999999908322934
77,57,S2p_keV,12640.344000000041,12640.34,0.004000000040832674
77,57,Qalpha_keV,-743.8120000001509,-743.82,0.007999999849175765
76,58,Sn_keV,10486.05700000003,10485.99,0.0670000000300206
76,58,Sp_keV,6627.460999999894,6627.48,0.019000000105734216
76,58,S2n_keV,18504.566000000108,18504.56,0.006000000106723746
76,58,S2p_keV,10975.814000000013,10975.84,0.025999999987107003
76,58,Qalpha_keV,3.8459999999031425,3.93,0.08400000009685771
75,59,Sn_keV,8661.73999999999,8661.73,0.009999999991123332
75,59,Sp_keV,3398.7970000000205,3398.75,0.0470000000204891
75,59,S2n_keV,19457.16200000001,19457.14,0.022000000011757948
75,59,S2p_keV,9382.262000000104,9382.3,0.037999999894964276
75,59,Qalpha_keV,674.435999999987,674.46,0.024000000013074896
74,60,Sn_keV,11385.36900000018,11385.38,0.010999999818523065
74,60,Sp_keV,4997.778000000166,4997.82,0.04199999983393354
74,60,S2n_keV,20363.172000000253,20363.26,0.08799999974507955
74,60,S2p_keV,7753.344000000274,7753.41,0.06599999972604564
74,60,Qalpha_keV,1351.6479999998119,1351.56,0.08799999981192741
73,61,Sn_keV,9402.511000000173,9402.42,0.09100000017315324
73,61,Sp_keV,1695.4270000001416,1695.35,0.07700000014165198
73,61,S2p_keV,6103.258000000147,6103.21,0.04800000014711259
73,61,Qalpha_keV,2011.7899999998044,2011.79,1.9554136088117957e-10
85,50,Sn_keV,2271.304999999935,2271.33,0.02500000006511982
85,50,S2n_keV,5900.64199999976,5900.67,0.028000000240353984
84,51,Sn_keV,3740.405000000028,3740.4,0.005000000027848728
84,51,Sp_keV,10546.26500000013,10546.37,0.1049999998704152
84,51,S2n_keV,6909.679000000004,6909.75,0.07099999999627471
84,51,Qalpha_keV,-4088.8920000002254,-4088.96,0.06799999977465632
83,52,Sn_keV,3263.2450000001118,3263.18,0.06500000011192242
83,52,Sp_keV,10996.38500000001,10996.29,0.09500000000844011
83,52,S2n_keV,10938.414000000106,10938.43,0.015999999894120265
83,52,S2p_keV,21431.581999999937,21431.59,0.008000000063475454
83,52,Qalpha_keV,-2880.6999999999534,-2880.65,0.04999999995334292
82,53,Sn_keV,7801.263000000035,7801.17,0.0930000000353175
82,53,Sp_keV,8542.01500000013,8541.93,0.08500000013009412
82,53,S2n_keV,14045.028000000166,14045.02,0.00800000016533886
82,53,S2p_keV,19444.429000000004,19444.39,0.03900000000430737
82,53,Qalpha_keV,-4231.959000000032,-4231.97,0.010999999968589691
81,54,Sn_keV,6363.847000000067,6363.78,0.06700000006730988
81,54,Sp_keV,9646.712999999989,9646.63,0.08299999998962448
81,54,S2n_keV,14915.853999999817,14915.83,0.023999999817533535
81,54,S2p_keV,18062.63400000008,18062.65,0.015999999923224095
81,54,Qalpha_keV,-3630.722000000067,-3630.67,0.052000000066982466
80,55,Sn_keV,8762.065999999875,8761.98,0.08599999987563933
80,55,Sp_keV,6746.571999999927,6746.48,0.0919999999277934
80,55,S2n_keV,15653.556000000099,15653.52,0.036000000098283635
80,55,S2p_keV,16273.20299999998,16273.18,0.022999999979219865
80,55,Qalpha_keV,-2564.062999999849,-2563.95,0.11299999984930764
79,56,Sn_keV,6971.907999999821,6971.97,0.06200000017906859
79,56,Sp_keV,8248.525999999838,8248.53,0.004000000162704964
79,56,S2n_keV,16439.691999999806,16439.76,0.06800000019211438
79,56,S2p_keV,14785.03899999964,14785.08,0.041000000359417754
79,56,Qalpha_keV,-1862.0139999997336,-1862.0,0.013999999733641744
78,57,Sn_keV,9496.20299999998,9496.18,0.022999999979219865
78,57,Sp_keV,4982.412999999942,4982.42,0.007000000057814759
78,57,S2n_keV,17291.741999999853,17291.76,0.018000000145548256
78,57,S2p_keV,13150.521000000183,13150.52,0.0010000001821026672
78,57,Qalpha_keV,-1009.5989999999292,-1009.54,0.058999999929255864
77,58,Sn_keV,7854.796000000089,7854.78,0.016000000089661626
77,58,Sp_keV,6686.71800000011,6686.68,0.038000000109605026
77,58,S2n_keV,18340.85300000012,18340.78,0.07300000012037344
77,58,S2p_keV,11640.712000000058,11640.71,0.0020000000586151145
77,58,Qalpha_keV,-357.4220000002533,-357.35,0.072000000253297
76,59,Sn_keV,10479.226000000024,10479.19,0.03600000002370507
76,59,Sp_keV,3391.966000000015,3391.94,0.02600000001484659
76,59,S2n_keV,19140.966000000015,19140.91,0.05600000001504668
76,59,S2p_keV,10019.426999999909,10019.42,0.006999999908657628
76,59,Qalpha_keV,408.45699999993667,408.48,0.023000000063348125
75,60,Sn_keV,8638.56299999985,8638.49,0.07299999984934402
75,60,Sp_keV,4974.601000000024,4974.59,0.011000000024068868
75,60,S2n_keV,20023.93200000003,20023.87,0.062000000030820956
75,60,S2p_keV,8373.398000000045,8373.34,0.058000000044557964
75,60,Qalpha_keV,1069.8810000000522,1069.92,0.038999999947918695
74,61,Sn_keV,11359.399999999907,11359.49,0.09000000009291398
74,61,Sp_keV,1669.4579999998678,1669.46,0.0020000001322841854
74,61,S2n_keV,20761.91100000008,20761.91,0.0010000000802392606
74,61,S2p_keV,6667.2360000000335,6667.29,0.05399999996643601
74,61,Qalpha_keV,1848.842999999877,1848.82,0.022999999877129085
73,62,Sp_keV,3407.3599999998696,3407.44,0.08000000013043973
73,62,S2p_keV,5102.787000000011,5102.78,0.007000000011430529
73,62,Qalpha_keV,2485.973999999929,2485.9,0.07399999992912853
85,51,Sn_keV,2891.558999999892,2891.49,0.06899999989218486
85,51,Sp_keV,11166.519000000088,11166.53,0.010999999913110514
85,51,S2n_keV,6631.96399999992,6631.89,0.07399999991957884
85,51,Qalpha_keV,-4525.86400000006,-4525.8,0.06400000005942275
84,52,Sn_keV,4769.2029999999795,4769.26,0.057000000020707375
84,52,Sp_keV,12025.18299999996,12025.15,0.03299999996124825
84,52,S2n_keV,8032.448000000091,8032.44,0.00800000009166979
84,52,S2p_keV,22571.44800000009,22571.52,0.07199999990916695
84,52,Qalpha_keV,-306.7639999999665,-306.81,0.046000000033529886
83,53,Sn_keV,3827.7450000001118,3827.84,0.09499999988838681
83,53,Sp_keV,9106.51500000013,9106.59,0.07499999986976036
83,53,S2n_keV,11629.008000000147,11629.01,0.001999999853069312
83,53,S2p_keV,20102.90000000014,20102.88,0.020000000138679752
83,53,Qalpha_keV,-2334.7360000002664,-2334.82,0.08399999973380545
82,54,Sn_keV,8083.662999999942,8083.7,0.0370000000575601
82,54,Sp_keV,9929.112999999896,9929.16,0.04700000010416261
82,54,S2n_keV,14447.51000000001,14447.48,0.030000000009749783
82,54,S2p_keV,18471.128000000026,18471.1,0.028000000027532224
82,54,Qalpha_keV,-3665.8880000000354,-3665.88,0.008000000035281118
81,55,Sn_keV,6828.362000000197,6828.42,0.057999999802632374
81,55,Sp_keV,7211.087000000058,7211.12,0.03299999994214886
81,55,S2n_keV,15590.428000000073,15590.39,0.03800000007322524
81,55,S2p_keV,16857.800000000047,16857.75,0.05000000004656613
81,55,Qalpha_keV,-3060.348000000231,-3060.34,0.00800000023082248
80,56,Sn_keV,9107.726000000024,9107.74,0.013999999975567334
80,56,Sp_keV,8594.185999999987,8594.29,0.10400000001391163
80,56,S2n_keV,16079.633999999845,16079.72,0.08600000015394471
80,56,S2p_keV,15340.757999999914,15340.78,0.022000000086336513
80,56,Qalpha_keV,-2033.0520000001416,-2033.09,0.037999999858357114
79,57,Sn_keV,7465.204999999842,7465.29,0.08500000015828846
79,57,Sp_keV,5475.709999999963,5475.74,0.030000000037034624
79,57,S2n_keV,16961.40799999982,16961.46,0.05200000017794082
79,57,S2p_keV,13724.2359999998,13724.27,0.03400000019973959
79,57,Qalpha_keV,-1306.091999999946,-1306.15,0.05800000005410766
78,58,Sn_keV,9963.52199999988,9963.55,0.028000000118481694
78,58,Sp_keV,7154.037000000011,7154.05,0.012999999989006028
78,58,S2n_keV,17818.31799999997,17818.33,0.012000000031548552
78,58,S2p_keV,12136.449999999953,12136.47,0.020000000045911293
78,58,Qalpha_keV,-498.47200000006706,-498.51,0.03799999993293568
77,59,Sn_keV,8475.80799999996,8475.88,0.07200000003831519
77,59,Sp_keV,4012.9779999998864,4013.04,0.062000000113584974
77,59,S2n_keV,18955.033999999985,18955.07,0.03600000001461012
77,59,S2p_keV,10699.695999999996,10699.72,0.024000000003070454
77,59,Qalpha_keV,-41.636000000173226,-41.71,0.07399999982677485
76,60,Sn_keV,11056.976999999955,11056.99,0.013000000044485205
76,60,Sp_keV,5552.351999999955,5552.4,0.048000000044339686
76,60,S2n_keV,19695.539999999804,19695.49,0.04999999980282155
76,60,S2p_keV,8944.31799999997,8944.34,0.02200000002994784
76,60,Qalpha_keV,846.775999999838,846.76,0.015999999837958967
75,61,Sn_keV,9224.97800000012,9224.89,0.08800000011979137
75,61,Sp_keV,2255.873000000138,2255.86,0.013000000137708412
75,61,S2n_keV,20584.378000000026,20584.38,0.001999999974941602
75,61,S2p_keV,7230.474000000162,7230.45,0.024000000162232027
75,61,Qalpha_keV,1608.023999999743,1608.07,0.046000000256981366
74,62,Sn_keV,12025.065999999875,12024.99,0.07599999987542105
74,62,Sp_keV,4073.025999999838,4072.94,0.0859999998378953
74,62,S2p_keV,5742.483999999706,5742.4,0.08399999970606586
74,62,Qalpha_keV,2190.003999999957,2190.0,0.003999999957159162
86,51,Sn_keV,3591.6709999998566,3591.65,0.020999999856485374
86,51,S2n_keV,6483.2299999997485,6483.14,0.08999999974821549
85,52,Sn_keV,2949.717999999877,2949.74,0.0220000001227163
85,52,Sp_keV,12083.341999999946,12083.4,0.05800000005365291
85,52,S2n_keV,7718.920999999857,7719.0,0.07900000014342368
85,52,S2p_keV,23249.861000000034,23249.92,0.05899999996472616
85,52,Qalpha_keV,-854.8429999998771,-854.93,0.08700000012288456
84,53,Sn_keV,4882.0739999997895,4882.09,0.01600000021062442
84,53,Sp_keV,9219.38599999994,9219.42,0.034000000059677404
84,53,S2n_keV,8709.818999999901,8709.93,0.11100000009901123
84,53,S2p_keV,21244.5689999999,21244.57,0.0010000000984291546
84,53,Qalpha_keV,141.41200000001118,141.34,0.07200000001117246
83,54,Sn_keV,4025.6140000000596,4025.56,0.054000000059659214
83,54,Sp_keV,10126.981999999844,10126.89,0.09199999984411988
83,54,S2n_keV,12109.277000000002,12109.26,0.017000000001644366
83,54,S2p_keV,19233.496999999974,19233.48,0.016999999974359525
83,54,Qalpha_keV,-1876.251000000164,-1876.25,0.0010000001639127731
82,55,Sn_keV,8278.253999999957,8278.23,0.02399999995759572
82,55,Sp_keV,7405.678000000073,7405.64,0.03800000007231574
82,55,S2n_keV,15106.616000000155,15106.64,0.023999999844818376
82,55,S2p_keV,17334.79099999997,17334.81,0.01900000003297464
82,55,Qalpha_keV,-3084.159000000218,-3084.17,0.010999999782143277
81,56,Sn_keV,6905.620000000112,6905.63,0.00999999988835043
81,56,Sp_keV,8671.443999999901,8671.51,0.06600000009893847
81,56,S2n_keV,16013.346000000136,16013.37,0.02399999986482726
81,56,S2p_keV,15882.530999999959,15882.63,0.09900000004017784
81,56,Qalpha_keV,-2502.7249999998603,-2502.8,0.07500000013988029
80,57,Sn_keV,9174.76000000001,9174.74,0.020000000009531504
80,57,Sp_keV,5542.743999999948,5542.74,0.0039999999480642145
80,57,S2n_keV,16639.96499999985,16640.03,0.06500000014784746
80,57,S2p_keV,14136.929999999935,14137.03,0.10000000006584742
80,57,Qalpha_keV,-1494.8260000001173,-1494.89,0.0639999998827534
79,58,Sn_keV,7481.4809999999125,7481.53,0.049000000087289663
79,58,Sp_keV,7170.313000000082,7170.3,0.013000000081774488
79,58,S2n_keV,17445.002999999793,17445.08,0.07700000020849984
79,58,S2p_keV,12646.023000000045,12646.03,0.006999999955951353
79,58,Qalpha_keV,-790.0549999999348,-790.13,0.07500000006518803
78,59,Sn_keV,9932.77099999995,9932.73,0.04099999995014514
78,59,Sp_keV,3982.2269999999553,3982.22,0.006999999955496605
78,59,S2n_keV,18408.57899999991,18408.61,0.031000000089989044
78,59,S2p_keV,11136.263999999966,11136.27,0.00600000003396417
78,59,Qalpha_keV,-132.34599999990314,-132.37,0.024000000096862095
77,60,Sn_keV,8456.609000000171,8456.6,0.009000000170999556
77,60,Sp_keV,5533.153000000166,5533.11,0.043000000166102836
77,60,S2n_keV,19513.586000000127,19513.59,0.003999999873485649
77,60,S2p_keV,9546.131000000052,9546.15,0.018999999947482138
77,60,Qalpha_keV,408.6759999997448,408.73,0.054000000255200575
76,61,Sn_keV,10963.658999999752,10963.66,0.0010000002475862857
76,61,Sp_keV,2162.554999999935,2162.53,0.02499999993460733
76,61,S2n_keV,20188.63699999987,20188.56,0.07699999987016781
76,61,S2p_keV,7714.90699999989,7714.93,0.023000000110187102
76,61,Qalpha_keV,1439.7870000000112,1439.82,0.032999999988760464
75,62,Sn_keV,9286.846000000136,9286.95,0.1039999998647545
75,62,Sp_keV,4134.893999999855,4135.0,0.10600000014528632
75,62,S2n_keV,21311.91200000001,21311.94,0.027999999987514457
75,62,S2p_keV,6390.766999999993,6390.86,0.09300000000712316
75,62,Qalpha_keV,1880.9609999998938,1880.93,0.030999999893765562
86,52,Sn_keV,4463.296000000089,4463.29,0.006000000089443347
86,52,Sp_keV,12954.967000000179,12955.04,0.07299999982205918
86,52,S2n_keV,7413.0139999999665,7413.03,0.016000000033272954
86,52,Qalpha_keV,-1688.8020000001416,-1688.88,0.07799999985854811
85,53,Sn_keV,3694.997999999905,3694.96,0.03799999990496872
85,53,Sp_keV,9964.665999999968,9964.64,0.02599999996891711
85,53,S2n_keV,8577.071999999695,8577.05,0.02199999969525379
85,53,S2p_keV,22048.007999999914,22048.04,0.03200000008655479
85,53,Qalpha_keV,-384.31199999991804,-384.27,0.0419999999180618
84,54,Sn_keV,5660.037999999942,5660.15,0.1120000000573782
84,54,Sp_keV,10904.945999999996,10904.95,0.004000000004452886
84,54,S2n_keV,9685.652000000002,9685.71,0.05799999999726424
84,54,S2p_keV,20124.331999999937,20124.37,0.0380000000623113
84,54,Qalpha_keV,138.87999999988824,138.85,0.029999999888246975
83,55,Sn_keV,4412.487999999896,4412.54,0.05200000010427175
83,55,Sp_keV,7792.551999999909,7792.62,0.06800000009116047
83,55,S2n_keV,12690.741999999853,12690.77,0.028000000147585524
83,55,S2p_keV,17919.533999999752,17919.51,0.023999999753868906
83,55,Qalpha_keV,-1252.8819999999832,-1252.86,0.021999999983336238
82,56,Sn_keV,8611.800000000047,8611.72,0.08000000004722096
82,56,Sp_keV,9004.98999999999,9005.0,0.010000000009313226
82,56,S2n_keV,15517.420000000158,15517.35,0.07000000015796104
82,56,S2p_keV,16410.668000000063,16410.65,0.018000000061874744
82,56,Qalpha_keV,-2562.5180000001565,-2562.47,0.04800000015666228
81,57,Sn_keV,7452.312000000151,7452.31,0.0020000001504740794
81,57,Sp_keV,6089.435999999987,6089.41,0.025999999987107003
81,57,S2n_keV,16627.07200000016,16627.05,0.02200000016091508
81,57,S2p_keV,14760.879999999888,14760.92,0.04000000011183147
81,57,Qalpha_keV,-2055.6480000000447,-2055.66,0.011999999955150997
80,58,Sn_keV,9721.305000000168,9721.25,0.05500000016763806
80,58,Sp_keV,7716.85800000024,7716.8,0.058000000240099325
80,58,S2n_keV,17202.78600000008,17202.78,0.006000000081257895
80,58,S2p_keV,13259.602000000188,13259.54,0.062000000187254045
80,58,Qalpha_keV,-1043.5760000001173,-1043.6,0.023999999882562406
79,59,Sn_keV,8001.26099999994,8001.22,0.0409999999401407
79,59,Sp_keV,4502.006999999983,4501.9,0.10699999998359999
79,59,S2n_keV,17934.03199999989,17933.94,0.09199999989141361
79,59,S2p_keV,11672.320000000065,11672.2,0.12000000006446498
79,59,Qalpha_keV,-338.0679999999702,-338.0,0.06799999997019768
78,60,Sn_keV,10505.034999999916,10505.06,0.025000000083309715
78,60,Sp_keV,6105.417000000132,6105.44,0.022999999867352017
78,60,S2n_keV,18961.644000000088,18961.66,0.01599999991231016
78,60,S2p_keV,10087.644000000088,10087.66,0.01599999991231016
78,60,Qalpha_keV,389.69799999985844,389.66,0.03799999985841396
77,61,Sn_keV,8938.88500000001,8938.95,0.06499999999141437
77,61,Sp_keV,2644.8309999997728,2644.89,0.05900000022711538
77,61,S2n_keV,19902.54399999976,19902.62,0.07600000023739995
77,61,S2p_keV,8177.9839999999385,8178.0,0.01600000006146729
77,61,Qalpha_keV,1162.6419999999925,1162.59,0.051999999992631274
76,62,Sn_keV,11542.641999999993,11542.55,0.09199999999327702
76,62,Sp_keV,4713.877000000095,4713.89,0.012999999905332515
76,62,S2n_keV,20829.48800000013,20829.51,0.021999999869876774
76,62,S2p_keV,6876.43200000003,6876.42,0.012000000029729563
76,62,Qalpha_keV,1723.688000000082,1723.75,0.06199999991804361
75,63,Sp_keV,1012.1380000000354,1012.11,0.028000000035376615
75,63,S2p_keV,5147.03199999989,5147.11,0.07800000010956865
75,63,Qalpha_keV,2564.25,2564.17,0.07999999999992724
87,52,Sn_keV,2580.2669999999925,2580.19,0.07699999999249485
87,52,S2n_keV,7043.563000000082,7043.48,0.08300000008239294
87,52,Qalpha_keV,-1997.7640000001993,-1997.74,0.024000000199293936
86,53,Sn_keV,4550.425000000047,4550.45,0.024999999953251972
86,53,Sp_keV,10051.794999999925,10051.8,0.00500000007377821
86,53,S2n_keV,8245.422999999952,8245.41,0.012999999951716745
86,53,S2p_keV,23006.762000000104,23006.84,0.07799999989583739
86,53,Qalpha_keV,-1194.3319999999367,-1194.32,0.01199999993673373
85,54,Sn_keV,3743.7900000000373,3743.66,0.13000000003739842
85,54,Sp_keV,10953.738000000129,10953.65,0.08800000012888631
85,54,S2n_keV,9403.82799999998,9403.81,0.01799999998002022
85,54,S2p_keV,20918.404000000097,20918.29,0.11400000009598443
85,54,Qalpha_keV,-341.66500000003725,-341.63,0.03500000003725745
84,55,Sn_keV,5885.387000000104,5885.41,0.022999999895546352
84,55,Sp_keV,8017.901000000071,8017.88,0.021000000070671376
84,55,S2n_keV,10297.875,10297.95,0.0750000000007276
84,55,S2p_keV,18922.847000000067,18922.83,0.017000000065308996
84,55,Qalpha_keV,662.9939999999478,662.9,0.09399999994786867
83,56,Sn_keV,4723.405000000028,4723.43,0.02499999997235136
83,56,Sp_keV,9315.907000000123,9315.89,0.017000000123516656
83,56,S2n_keV,13335.205000000075,13335.15,0.055000000074869604
83,56,S2p_keV,17108.45900000003,17108.51,0.05099999996673432
83,56,Qalpha_keV,-922.0760000001173,-922.12,0.0439999998826579
82,57,Sn_keV,8778.104999999981,8778.01,0.09499999998115527
82,57,Sp_keV,6255.740999999922,6255.7,0.0409999999219508
82,57,S2n_keV,16230.417000000132,16230.32,0.09700000013253884
82,57,S2p_keV,15260.730999999912,15260.7,0.030999999911728082
82,57,Qalpha_keV,-2071.687000000151,-2071.69,0.0029999998491803126
81,58,Sn_keV,7452.710999999894,7452.78,0.06900000010591611
81,58,Sp_keV,7717.256999999983,7717.28,0.023000000016509148
81,58,S2n_keV,17174.01600000006,17174.03,0.013999999937368557
81,58,S2p_keV,13806.69299999997,13806.69,0.0029999999696883606
81,58,Qalpha_keV,-1524.37900000019,-1524.41,0.03099999981009205
80,59,Sn_keV,9760.654000000097,9760.71,0.05599999990226934
80,59,Sp_keV,4541.3559999999125,4541.37,0.014000000087435183
80,59,S2n_keV,17761.915000000037,17761.93,0.014999999963038135
80,59,S2p_keV,12258.214000000153,12258.17,0.04400000015266414
80,59,Qalpha_keV,-602.5190000000875,-602.54,0.020999999912419298
79,60,Sn_keV,8067.657000000123,8067.66,0.002999999876919901
79,60,Sp_keV,6171.813000000315,6171.88,0.06699999968532211
79,60,S2n_keV,18572.69200000004,18572.72,0.027999999962048605
79,60,S2p_keV,10673.820000000298,10673.78,0.04000000029736839
79,60,Qalpha_keV,176.8369999998249,176.79,0.046999999824919314
78,61,Sn_keV,10631.543999999994,10631.44,0.10399999999390275
78,61,Sp_keV,2771.339999999851,2771.27,0.06999999985100658
78,61,S2n_keV,19570.429000000004,19570.4,0.0290000000022701
78,61,S2p_keV,8876.756999999983,8876.71,0.04699999998410931
78,61,Qalpha_keV,1010.3240000000224,1010.34,0.01599999997768009
77,62,Sn_keV,8953.777999999933,8953.77,0.007999999932508217
77,62,Sp_keV,4728.770000000019,4728.71,0.06000000001859007
77,62,S2n_keV,20496.419999999925,20496.33,0.08999999992374796
77,62,S2p_keV,7373.600999999791,7373.59,0.010999999791238224
77,62,Qalpha_keV,1408.4729999999981,1408.47,0.00299999999811007
76,63,Sn_keV,11719.741999999853,11719.69,0.051999999852341716
76,63,Sp_keV,1189.2379999998957,1189.25,0.012000000104308128
76,63,S2p_keV,5903.114999999991,5903.14,0.025000000009640644
76,63,Qalpha_keV,2203.908000000054,2203.97,0.0619999999457832
88,52,Sn_keV,4222.8910000000615,4222.97,0.07899999993878737
88,52,S2n_keV,6803.158000000054,6803.16,0.0019999999458377715
87,53,Sn_keV,3208.1629999999423,3208.18,0.01700000005757829
87,53,Sp_keV,10679.690999999875,10679.79,0.09900000012567034
87,53,S2n_keV,7758.587999999989,7758.63,0.04200000001128501
87,53,Qalpha_keV,-1510.935999999987,-1511.01,0.07400000001302942
86,54,Sn_keV,5413.170000000158,5413.19,0.019999999841274985
86,54,Sp_keV,11816.48300000024,11816.39,0.0930000002408633
86,54,S2n_keV,9156.960000000196,9156.85,0.11000000019521394
86,54,S2p_keV,21868.278000000166,21868.19,0.08800000016708509
86,54,Qalpha_keV,-985.6320000002161,-985.56,0.07200000021612141
85,55,Sn_keV,4420.518999999855,4420.51,0.0089999998544954
85,55,Sp_keV,8694.629999999888,8694.73,0.10000000011132215
85,55,S2n_keV,10305.905999999959,10305.92,0.014000000041050953
85,55,S2p_keV,19648.368000000017,19648.38,0.011999999984254828
85,55,Qalpha_keV,70.22000000020489,70.23,0.009999999795113013
84,56,Sn_keV,6427.598999999929,6427.57,0.028999999929510523
84,56,Sp_keV,9858.118999999948,9858.06,0.05899999994835525
84,56,S2n_keV,11151.003999999957,11151.0,0.003999999957159162
84,56,S2p_keV,17876.02000000002,17875.94,0.08000000001993612
84,56,Qalpha_keV,733.9879999998957,734.01,0.022000000104299033
83,57,Sn_keV,5160.983000000007,5160.98,0.003000000007887138
83,57,Sp_keV,6693.318999999901,6693.25,0.06899999990127981
83,57,S2n_keV,13939.087999999989,13938.98,0.10799999998926069
83,57,S2p_keV,16009.226000000024,16009.14,0.08600000002479646
83,57,Qalpha_keV,-404.3079999999609,-404.25,0.05799999996088445
82,58,Sn_keV,9200.331000000006,9200.29,0.04100000000471482
82,58,Sp_keV,8139.483000000007,8139.56,0.0769999999929496
82,58,S2n_keV,16653.0419999999,16653.08,0.03800000010232907
82,58,S2p_keV,14395.22399999993,14395.26,0.036000000070998794
82,58,Qalpha_keV,-1616.9840000001714,-1616.96,0.024000000171326974
81,59,Sn_keV,7941.365999999922,7941.36,0.005999999922096322
81,59,Sp_keV,5030.01099999994,5029.95,0.060999999940577254
81,59,S2n_keV,17702.02000000002,17702.08,0.05999999998311978
81,59,S2p_keV,12747.267999999924,12747.22,0.047999999924286385
81,59,Qalpha_keV,-1078.6800000001676,-1078.62,0.0600000001677472
80,60,Sn_keV,10310.386999999871,10310.44,0.05300000012903183
80,60,Sp_keV,6721.546000000089,6721.61,0.06399999991026561
80,60,S2n_keV,18378.043999999994,18378.1,0.056000000004132744
80,60,S2p_keV,11262.902000000002,11262.98,0.0779999999977008
80,60,Qalpha_keV,-170.02800000016578,-170.1,0.0719999998342189
79,61,Sn_keV,8779.184000000125,8779.28,0.09599999987585761
79,61,Sp_keV,3482.866999999853,3482.9,0.033000000147239916
79,61,S2n_keV,19410.72800000012,19410.72,0.008000000118045136
79,61,S2p_keV,9654.680000000168,9654.78,0.09999999983301677
79,61,Qalpha_keV,706.9479999998584,706.94,0.007999999858384399
78,62,Sn_keV,11146.9580000001,11147.03,0.071999999900072
78,62,Sp_keV,5244.184000000125,5244.3,0.11599999987538467
78,62,S2n_keV,20100.736000000034,20100.81,0.07399999996778206
78,62,S2p_keV,8015.523999999976,8015.57,0.04600000002392335
78,62,Qalpha_keV,1318.4919999998529,1318.44,0.051999999852796464
77,63,Sn_keV,9659.178000000073,9659.21,0.031999999926483724
77,63,Sp_keV,1894.6380000000354,1894.69,0.05199999996466431
77,63,S2n_keV,21378.919999999925,21378.9,0.019999999924039003
77,63,S2p_keV,6623.408000000054,6623.39,0.01800000005368929
77,63,Qalpha_keV,1769.7080000001006,1769.65,0.05800000010049189
76,64,Sp_keV,3673.1980000000913,3673.2,0.0019999999085484887
76,64,S2p_keV,4862.435999999987,4862.45,0.014000000012856617
76,64,Qalpha_keV,2603.7359999998007,2603.7,0.03599999980087887
75,65,S2p_keV,3310.519999999786,3310.54,0.020000000214167812
87,54,Sn_keV,3282.1439999998547,3282.16,0.016000000145140802
87,54,Sp_keV,11890.464000000153,11890.38,0.08400000015353726
87,54,S2n_keV,8695.314000000013,8695.36,0.04599999998754356
87,54,S2p_keV,22570.155000000028,22570.17,0.014999999970314093
87,54,Qalpha_keV,-1318.0580000001937,-1317.99,0.068000000193706
86,55,Sn_keV,5498.132999999914,5498.13,0.0029999999142091838
86,55,Sp_keV,8779.592999999644,8779.67,0.07700000035583798
86,55,S2n_keV,9918.651999999769,9918.64,0.011999999769614078
86,55,S2p_keV,20596.075999999885,20596.06,0.01599999988320633
86,55,Qalpha_keV,-545.8389999999199,-545.81,0.028999999919960828
85,56,Sn_keV,4533.898999999976,4533.87,0.028999999975894752
85,56,Sp_keV,9971.499000000069,9971.42,0.07900000006884511
85,56,S2n_keV,10961.497999999905,10961.45,0.0479999999042775
85,56,S2p_keV,18666.128999999957,18666.15,0.02100000004429603
85,56,Qalpha_keV,225.7029999999795,225.7,0.002999999979522272
84,57,Sn_keV,6687.597999999998,6687.68,0.08200000000215368
84,57,Sp_keV,6953.31799999997,6953.35,0.03200000003016612
84,57,S2n_keV,11848.581000000006,11848.66,0.07899999999426655
84,57,S2p_keV,16811.436999999918,16811.41,0.026999999918189133
84,57,Qalpha_keV,1186.3479999999981,1186.3,0.04799999999818283
83,58,Sn_keV,5428.170000000158,5428.14,0.03000000015799742
83,58,Sp_keV,8406.670000000158,8406.73,0.059999999841238605
83,58,S2n_keV,14628.501000000164,14628.43,0.07100000016362173
83,58,S2p_keV,15099.98900000006,15099.97,0.01900000006025948
83,58,Qalpha_keV,-139.53400000021793,-139.46,0.07400000021792152
82,59,Sn_keV,9396.57799999998,9396.56,0.01799999998002022
82,59,Sp_keV,5226.257999999914,5226.21,0.04799999991428194
82,59,S2n_keV,17337.9439999999,17337.92,0.023999999903026037
82,59,S2p_keV,13365.740999999922,13365.78,0.03900000007888593
82,59,Qalpha_keV,-1300.4980000001378,-1300.43,0.06800000013777208
81,60,Sn_keV,8011.0,8010.95,0.0500000000001819
81,60,Sp_keV,6791.180000000168,6791.2,0.019999999832180038
81,60,S2n_keV,18321.38699999987,18321.39,0.0030000001279404387
81,60,S2p_keV,11821.191000000108,11821.15,0.04100000010839722
81,60,Qalpha_keV,-699.5470000002533,-699.52,0.02700000025333793
80,61,Sn_keV,10385.73999999999,10385.66,0.0799999999908323
80,61,Sp_keV,3558.219999999972,3558.12,0.09999999997216946
80,61,S2n_keV,19164.924000000115,19164.95,0.025999999885243597
80,61,S2p_keV,10279.766000000061,10279.73,0.03600000006190385
80,61,Qalpha_keV,253.97899999981746,254.0,0.021000000182539225
79,62,Sn_keV,8549.344999999972,8549.25,0.09499999997206032
79,62,Sp_keV,5014.344999999972,5014.26,0.08499999997184204
79,62,S2n_keV,19696.303000000073,19696.28,0.023000000073807314
79,62,S2p_keV,8497.211999999825,8497.16,0.051999999825056875
79,62,Qalpha_keV,1225.7560000000522,1225.78,0.02399999994781865
78,63,Sn_keV,11010.96399999992,11011.0,0.03600000008009374
78,63,Sp_keV,1758.6439999998547,1758.66,0.016000000145368176
78,63,S2n_keV,20670.141999999993,20670.21,0.06800000000657747
78,63,S2p_keV,7002.8279999999795,7002.95,0.1220000000203072
78,63,Qalpha_keV,1722.402999999933,1722.31,0.09299999993299934
77,64,Sn_keV,9513.22800000012,9513.27,0.04199999988122727
77,64,Sp_keV,3527.248000000138,3527.26,0.011999999862382538
77,64,S2p_keV,5421.886000000173,5421.95,0.0639999998265921
77,64,Qalpha_keV,2377.3539999998175,2377.39,0.036000000182411895
76,65,Sn_keV,12129.895000000251,12129.88,0.01500000025225745
76,65,Sp_keV,47.47500000009313,47.54,0.06499999990686689
76,65,S2p_keV,3720.6730000001844,3720.74,0.06699999981537985
89,53,S2n_keV,7316.838000000222,7316.73,0.10800000022209133
88,54,Sn_keV,5103.673999999883,5103.66,0.013999999882798875
88,54,S2n_keV,8385.817999999737,8385.82,0.0020000002623419277
88,54,S2p_keV,23450.93799999985,23450.86,0.07799999984854367
88,54,Qalpha_keV,-1958.435999999987,-1958.36,0.07599999998706153
87,55,Sn_keV,4112.027000000235,4112.0,0.02700000023469329
87,55,Sp_keV,9609.476000000024,9609.5,0.023999999975785613
87,55,S2n_keV,9610.160000000149,9610.13,0.030000000149811967
87,55,S2p_keV,21499.940000000177,21499.88,0.060000000175932655
87,55,Qalpha_keV,-962.8680000002496,-962.85,0.018000000249571713
86,56,Sn_keV,6181.168999999994,6181.27,0.10100000000602449
86,56,Sp_keV,10654.535000000149,10654.56,0.02499999985047907
86,56,S2n_keV,10715.06799999997,10715.14,0.07200000002922025
86,56,S2p_keV,19434.127999999793,19434.22,0.09200000020791776
86,56,Qalpha_keV,-295.42800000007264,-295.42,0.008000000072627245
85,57,Sn_keV,5160.592000000179,5160.53,0.06200000017906859
85,57,Sp_keV,7580.011000000173,7580.01,0.0010000001730077202
85,57,S2n_keV,11848.190000000177,11848.21,0.019999999822175596
85,57,S2p_keV,17551.510000000242,17551.43,0.08000000024185283
85,57,Qalpha_keV,438.243999999715,438.31,0.06600000028498698
84,58,Sn_keV,7168.025999999838,7168.05,0.024000000162232027
84,58,Sp_keV,8887.097999999998,8887.09,0.007999999997991836
84,58,S2n_keV,12596.195999999996,12596.19,0.005999999995765393
84,58,S2p_keV,15840.415999999968,15840.45,0.03400000003239256
84,58,Qalpha_keV,1304.2399999999907,1304.21,0.029999999990650394
83,59,Sn_keV,5843.15400000033,5843.15,0.004000000330051989
83,59,Sp_keV,5641.242000000086,5641.22,0.02200000008542702
83,59,S2n_keV,15239.73200000031,15239.71,0.02200000031007221
83,59,S2p_keV,14047.912000000244,14047.95,0.03799999975672108
83,59,Qalpha_keV,308.65999999968335,308.73,0.07000000031666787
82,60,Sn_keV,9827.797999999952,9827.8,0.002000000047701178
82,60,Sp_keV,7222.40000000014,7222.44,0.039999999859901436
82,60,S2n_keV,17838.79799999995,17838.75,0.047999999951571226
82,60,S2p_keV,12448.658000000054,12448.65,0.008000000054380507
82,60,Qalpha_keV,-806.0400000000373,-806.07,0.02999999996279712
81,61,Sn_keV,8690.46399999992,8690.46,0.0039999999207793735
81,61,Sp_keV,4237.683999999892,4237.62,0.06399999989207572
81,61,S2n_keV,19076.20399999991,19076.12,0.08399999991161167
81,61,S2p_keV,11028.86400000006,11028.82,0.04400000005989568
81,61,Qalpha_keV,-435.22400000016205,-435.24,0.015999999837958967
80,62,Sn_keV,11124.02099999995,11124.06,0.0390000000497821
80,62,Sp_keV,5752.625999999931,5752.66,0.03400000006877235
80,62,S2n_keV,19673.36599999992,19673.31,0.05599999992045923
80,62,S2p_keV,9310.845999999903,9310.77,0.0759999999027059
80,62,Qalpha_keV,606.7700000000186,606.79,0.01999999998133717
79,63,Sn_keV,9459.33200000017,9459.3,0.032000000170228304
79,63,Sp_keV,2668.631000000052,2668.71,0.07899999994788232
79,63,S2n_keV,20470.29600000009,20470.31,0.013999999911902705
79,63,S2p_keV,7682.976000000024,7682.97,0.006000000023959728
79,63,Qalpha_keV,1201.9559999997728,1201.96,0.004000000227279088
78,64,Sn_keV,11806.623999999836,11806.61,0.01399999983550515
78,64,Sp_keV,4322.908000000054,4322.87,0.03800000005412585
78,64,S2n_keV,21319.851999999955,21319.88,0.028000000045722118
78,64,S2p_keV,6081.551999999909,6081.52,0.03199999990829383
78,64,Qalpha_keV,2113.371999999974,2113.33,0.04199999997399573
77,65,Sn_keV,10090.018999999855,10090.0,0.01899999985471368
77,65,Sp_keV,624.2659999998286,624.26,0.005999999828645741
77,65,S2n_keV,22219.914000000106,22219.88,0.03400000010515214
77,65,S2p_keV,4151.5139999999665,4151.52,0.00600000003396417
77,65,Qalpha_keV,2765.226000000024,2765.24,0.013999999975567334
89,54,Sn_keV,3044.55700000003,3044.55,0.0070000000296204234
89,54,Sp_keV,12721.856999999844,12721.86,0.003000000157044269
89,54,S2n_keV,8148.2309999999125,8148.21,0.020999999912419298
89,54,Qalpha_keV,-2422.726000000024,-2422.72,0.006000000024414476
88,55,Sn_keV,5227.150999999838,5227.15,0.00099999983831367
88,55,Sp_keV,9732.95299999998,9733.0,0.0470000000204891
88,55,S2n_keV,9339.178000000073,9339.16,0.01800000007278868
88,55,Qalpha_keV,-1639.594000000041,-1639.55,0.04400000004102367
87,56,Sn_keV,4165.690000000177,4165.65,0.04000000017731509
87,56,Sp_keV,10708.198000000091,10708.2,0.0019999999094579834
87,56,S2n_keV,10346.859000000171,10346.92,0.060999999828709406
87,56,S2p_keV,20317.674000000115,20317.71,0.035999999883642886
87,56,Qalpha_keV,-717.3280000002123,-717.4,0.07199999978763572
86,57,Sn_keV,6218.867999999784,6218.93,0.062000000216357876
86,57,Sp_keV,7617.709999999963,7617.67,0.03999999996267434
86,57,S2n_keV,11379.459999999963,11379.46,3.637978807091713e-11
86,57,S2p_keV,18272.24500000011,18272.23,0.015000000112195266
86,57,Qalpha_keV,104.76300000003539,104.79,0.026999999964615995
85,58,Sn_keV,5144.868999999948,5144.8,0.06899999994766404
85,58,Sp_keV,8871.374999999767,8871.36,0.01499999976658728
85,58,S2n_keV,12312.894999999786,12312.85,0.04499999978543201
85,58,S2p_keV,16451.38599999994,16451.37,0.01599999994141399
85,58,Qalpha_keV,882.7760000000708,882.84,0.06399999992925132
84,59,Sn_keV,7351.045999999624,7351.1,0.05400000037661812
84,59,Sp_keV,5824.2619999998715,5824.27,0.008000000128959073
84,59,S2n_keV,13194.199999999953,13194.24,0.04000000004634785
84,59,S2p_keV,14711.35999999987,14711.36,1.3096723705530167e-10
84,59,Qalpha_keV,1735.719000000041,1735.64,0.07900000004087815
83,60,Sn_keV,6123.522999999812,6123.57,0.04700000018783612
83,60,Sp_keV,7502.768999999622,7502.86,0.09100000037778955
83,60,S2n_keV,15951.320999999763,15951.36,0.03900000023713801
83,60,S2p_keV,13144.010999999708,13144.08,0.06900000029236253
83,60,Qalpha_keV,523.1480000000447,523.15,0.001999999955273779
82,61,Sn_keV,9889.67200000002,9889.73,0.057999999979074346
82,61,Sp_keV,4299.557999999961,4299.56,0.002000000039515726
82,61,S2n_keV,18580.13599999994,18580.19,0.05400000005829497
82,61,S2p_keV,11521.9580000001,11521.99,0.03199999989919888
82,61,Qalpha_keV,-564.2420000000857,-564.26,0.017999999914309228
81,62,Sn_keV,8601.431000000099,8601.41,0.021000000098865712
81,62,Sp_keV,5663.59300000011,5663.61,0.016999999889776518
81,62,S2n_keV,19725.45200000005,19725.47,0.01799999995273538
81,62,S2p_keV,9901.277000000002,9901.24,0.037000000002080924
81,62,Qalpha_keV,72.99600000004284,73.03,0.0339999999571603
80,63,Sn_keV,10999.054999999702,10999.01,0.0449999997017585
80,63,Sp_keV,2543.6649999998044,2543.66,0.0049999998045677785
80,63,S2n_keV,20458.38699999987,20458.31,0.07699999987016781
80,63,S2p_keV,8296.290999999736,8296.32,0.029000000264204573
80,63,Qalpha_keV,834.4450000000652,834.39,0.05500000006520622
79,64,Sn_keV,9343.121999999974,9343.1,0.02199999997355917
79,64,Sp_keV,4206.697999999858,4206.66,0.03799999985858449
79,64,S2n_keV,21149.74599999981,21149.71,0.03599999981088331
79,64,S2p_keV,6875.328999999911,6875.37,0.04100000008929783
79,64,Qalpha_keV,1724.027999999933,1724.0,0.027999999932944775
78,65,Sn_keV,11931.037000000011,11930.99,0.04700000001139415
78,65,Sp_keV,748.6790000000037,748.64,0.03900000000373893
78,65,S2n_keV,22021.055999999866,22020.98,0.0759999998663261
78,65,S2p_keV,5071.587000000058,5071.5,0.087000000057742
78,65,Qalpha_keV,2553.930999999866,2553.94,0.00900000013416502
77,66,Sp_keV,2898.442000000039,2898.4,0.0420000000390246
77,66,S2p_keV,3522.7079999998678,3522.66,0.047999999867897714
90,54,Sn_keV,4740.741000000155,4740.74,0.0010000001548178261
90,54,S2n_keV,7785.298000000184,7785.29,0.00800000018443825
90,54,Qalpha_keV,-2940.5760000001173,-2940.49,0.08600000011756492
89,55,Sn_keV,3668.2010000001173,3668.16,0.041000000117492164
89,55,Sp_keV,10356.597000000067,10356.6,0.0029999999333085725
89,55,S2n_keV,8895.351999999955,8895.31,0.04199999995580583
89,55,S2p_keV,23078.45399999991,23078.46,0.006000000088533852
89,55,Qalpha_keV,-2099.632000000216,-2099.53,0.10200000021586675
88,56,Sn_keV,5901.377999999793,5901.33,0.04799999979331915
88,56,Sp_keV,11382.425000000047,11382.38,0.045000000047366484
88,56,S2n_keV,10067.06799999997,10066.98,0.08799999997063424
88,56,S2p_keV,21115.378000000026,21115.38,0.001999999974941602
88,56,Qalpha_keV,-1205.5359999998473,-1205.55,0.014000000152691428
87,57,Sn_keV,4749.61400000006,4749.54,0.07400000005964102
87,57,Sp_keV,8201.633999999845,8201.56,0.07399999984590977
87,57,S2n_keV,10968.481999999844,10968.47,0.011999999844192644
87,57,S2p_keV,18909.831999999937,18909.76,0.07199999993827078
87,57,Qalpha_keV,-224.3320000001695,-224.24,0.09200000016949161
86,58,Sn_keV,6896.7710000001825,6896.87,0.09899999981735164
86,58,Sp_keV,9549.278000000166,9549.31,0.031999999833715265
86,58,S2n_keV,12041.64000000013,12041.67,0.0299999998696876
86,58,S2p_keV,17166.98800000013,17166.98,0.008000000128959073
86,58,Qalpha_keV,413.60399999981746,413.54,0.06399999981744031
85,59,Sn_keV,5753.698000000324,5753.7,0.001999999675717845
85,59,Sp_keV,6433.091000000248,6433.17,0.07899999975234095
85,59,S2n_keV,13104.743999999948,13104.8,0.05600000005142647
85,59,S2p_keV,15304.466000000015,15304.54,0.07399999998597195
85,59,Qalpha_keV,1143.0039999997243,1142.91,0.09399999972424666
84,60,Sn_keV,7817.127000000328,7817.03,0.0970000003280802
84,60,Sp_keV,7968.850000000326,7968.79,0.06000000032599928
84,60,S2n_keV,13940.65000000014,13940.6,0.05000000013933459
84,60,S2p_keV,13793.112000000197,13793.06,0.0520000001979497
84,60,Qalpha_keV,1906.3519999997225,1906.41,0.05800000027761598
83,61,Sn_keV,6526.804000000004,6526.77,0.03400000000328873
83,61,Sp_keV,4702.839000000153,4702.76,0.07900000015251862
83,61,S2n_keV,16416.476000000024,16416.51,0.0339999999741849
83,61,S2p_keV,12205.607999999775,12205.62,0.012000000226180418
83,61,Qalpha_keV,850.3199999998324,850.33,0.01000000016767899
82,62,Sn_keV,10520.034999999916,10520.06,0.025000000083309715
82,62,Sp_keV,6293.956000000006,6293.94,0.016000000005988113
82,62,S2n_keV,19121.466000000015,19121.48,0.013999999984662281
82,62,S2p_keV,10593.513999999966,10593.5,0.013999999966472387
82,62,Qalpha_keV,-136.65200000000186,-136.59,0.062000000001859235
81,63,Sn_keV,9449.081000000238,9449.12,0.038999999762381776
81,63,Sp_keV,3391.314999999944,3391.37,0.055000000055770215
81,63,S2n_keV,20448.13599999994,20448.13,0.005999999939376721
81,63,S2p_keV,9054.908000000054,9054.98,0.07199999994554673
81,63,Qalpha_keV,164.54799999995157,164.56,0.012000000048431048
80,64,Sn_keV,11599.454000000143,11599.52,0.06599999985701288
80,64,Sp_keV,4807.0970000003,4807.17,0.07299999970018689
80,64,S2n_keV,20942.576000000117,20942.62,0.04399999988163472
80,64,S2p_keV,7350.762000000104,7350.84,0.07799999989583739
80,64,Qalpha_keV,1271.53199999989,1271.52,0.011999999890122126
79,65,Sn_keV,10020.29700000002,10020.32,0.022999999979219865
79,65,Sp_keV,1425.8540000000503,1425.85,0.0040000000503823685
79,65,S2n_keV,21951.33400000003,21951.3,0.03400000003239256
79,65,S2p_keV,5632.551999999909,5632.52,0.03199999990829383
79,65,Qalpha_keV,2192.811999999918,2192.84,0.028000000082101906
78,66,Sn_keV,12472.380000000121,12472.46,0.07999999987805495
78,66,Sp_keV,3439.785000000149,3439.87,0.08499999985087925
78,66,S2p_keV,4188.464000000153,4188.51,0.045999999847481376
78,66,Qalpha_keV,2787.343999999808,2787.27,0.07399999980816574
77,67,Sp_keV,-270.4680000001099,-270.46,0.008000000109916527
77,67,S2p_keV,2627.973999999929,2627.94,0.033999999929164915
77,67,Qalpha_keV,3447.771999999881,3447.84,0.06800000011935481
91,54,Sn_keV,2692.3189999999013,2692.35,0.031000000098629243
91,54,S2n_keV,7433.060000000056,7433.09,0.029999999944266165
90,55,Sn_keV,4856.583000000101,4856.62,0.03699999989930802
90,55,Sp_keV,10472.439000000013,10472.49,0.050999999986743205
90,55,S2n_keV,8524.784000000218,8524.78,0.004000000217274646
89,56,Sn_keV,3820.3340000002645,3820.41,0.07599999973535887
89,56,Sp_keV,11534.558000000194,11534.64,0.08199999980570283
89,56,S2n_keV,9721.712000000058,9721.75,0.037999999942258
89,56,S2p_keV,21891.15500000026,21891.24,0.08499999974083039
89,56,Qalpha_keV,-1743.726000000257,-1743.79,0.06399999974291859
88,57,Sn_keV,6056.983000000007,6056.98,0.003000000007887138
88,57,Sp_keV,8357.23900000006,8357.21,0.02900000006047776
88,57,S2n_keV,10806.597000000067,10806.52,0.07700000006661867
88,57,S2p_keV,19739.664000000106,19739.59,0.07400000010602525
88,57,Qalpha_keV,-783.1820000002626,-783.09,0.09200000026260113
87,58,Sn_keV,4706.578999999911,4706.49,0.08899999991081131
87,58,Sp_keV,9506.243000000017,9506.26,0.016999999983454472
87,58,S2n_keV,11603.350000000093,11603.36,0.00999999990744982
87,58,S2p_keV,17707.876999999862,17707.82,0.0569999998624553
87,58,Qalpha_keV,240.92399999988265,240.92,0.003999999882665861
86,59,Sn_keV,6946.798999999883,6946.73,0.06899999988308991
86,59,Sp_keV,6483.118999999948,6483.03,0.0889999999481006
86,59,S2n_keV,12700.497000000207,12700.43,0.06700000020646257
86,59,S2p_keV,16032.397000000114,16032.34,0.057000000113475835
86,59,Qalpha_keV,883.8029999998398,883.87,0.06700000016019203
85,60,Sn_keV,5755.201999999816,5755.3,0.09800000018458377
85,60,Sp_keV,7970.3539999998175,7970.39,0.03600000018286664
85,60,S2n_keV,13572.329000000143,13572.33,0.000999999856503564
85,60,S2p_keV,14403.445000000065,14403.56,0.1149999999342981
85,60,Qalpha_keV,1579.3200000000652,1579.25,0.07000000006519258
84,61,Sn_keV,7922.64000000013,7922.71,0.06999999986965122
84,61,Sp_keV,4808.351999999955,4808.44,0.0880000000443033
84,61,S2n_keV,14449.444000000134,14449.48,0.03599999986545299
84,61,S2p_keV,12777.202000000281,12777.23,0.027999999718304025
84,61,Qalpha_keV,2324.2579999996815,2324.18,0.07799999968165139
83,62,Sn_keV,6757.108000000007,6757.1,0.008000000007086783
83,62,Sp_keV,6524.260000000009,6524.27,0.009999999991123332
83,62,S2n_keV,17277.142999999924,17277.16,0.017000000076222932
83,62,S2p_keV,11227.099000000162,11227.03,0.06900000016139529
83,62,Qalpha_keV,1117.2399999999907,1117.26,0.02000000000930413
82,63,Sn_keV,10443.81799999997,10443.76,0.0579999999699794
82,63,Sp_keV,3315.097999999998,3315.07,0.027999999997973646
82,63,S2n_keV,19892.89900000021,19892.88,0.019000000207597623
82,63,S2p_keV,9609.054000000004,9609.01,0.04400000000350701
82,63,Qalpha_keV,106.46999999997206,106.46,0.009999999972066576
81,64,Sn_keV,9235.92200000002,9235.85,0.0720000000201253
81,64,Sp_keV,4593.938000000082,4593.91,0.028000000082101906
81,64,S2n_keV,20835.376000000164,20835.37,0.006000000164931407
81,64,S2p_keV,7985.253000000026,7985.28,0.02699999997366831
81,64,Qalpha_keV,584.9549999998417,584.91,0.044999999841706995
80,65,Sn_keV,12005.097000000067,12005.07,0.027000000067346264
80,65,Sp_keV,1831.496999999974,1831.4,0.09699999997383202
80,65,S2n_keV,22025.394000000088,22025.38,0.014000000086525688
80,65,S2p_keV,6638.594000000274,6638.57,0.024000000274099875
80,65,Qalpha_keV,1198.678999999771,1198.78,0.10100000022907807
79,66,Sn_keV,9743.943999999901,9743.83,0.11399999990135257
79,66,Sp_keV,3163.43200000003,3163.39,0.04200000002992965
79,66,S2n_keV,22216.324000000022,22216.29,0.03400000002147863
79,66,S2p_keV,4589.28600000008,4589.24,0.04600000008031202
79,66,Qalpha_keV,2556.628000000026,2556.71,0.08199999997395935
78,67,Sn_keV,12581.842000000179,12581.91,0.06799999982104055
78,67,Sp_keV,-161.00600000005215,-161.01,0.003999999947836841
78,67,S2p_keV,3278.779000000097,3278.86,0.08099999990326978
78,67,Qalpha_keV,2995.8249999999534,2995.82,0.004999999953270162
92,54,Sn_keV,4532.975000000093,4532.93,0.04500000009284122
92,54,S2n_keV,7225.293999999994,7225.28,0.013999999994666723
91,55,Sn_keV,3584.4869999999646,3584.46,0.026999999964573362
91,55,Sp_keV,11364.607000000076,11364.6,0.007000000076004653
91,55,S2n_keV,8441.070000000065,8441.08,0.00999999993473466
91,55,Qalpha_keV,-3223.8640000000596,-3223.88,0.015999999940504495
90,56,Sn_keV,5495.545999999857,5495.44,0.1059999998569765
90,56,Sp_keV,12173.52099999995,12173.47,0.05099999995036342
90,56,S2n_keV,9315.880000000121,9315.86,0.020000000120489858
90,56,S2p_keV,22645.959999999963,22645.95,0.009999999962019501
90,56,Qalpha_keV,-2135.598000000231,-2135.58,0.018000000231040758
89,57,Sn_keV,4282.7690000000875,4282.83,0.06099999991238292
89,57,Sp_keV,8819.673999999883,8819.63,0.04399999988345371
89,57,S2n_keV,10339.752000000095,10339.81,0.05799999990449578
89,57,S2p_keV,20354.232000000076,20354.27,0.037999999924068106
89,57,Qalpha_keV,-953.9240000001155,-953.92,0.0040000001155249265
88,58,Sn_keV,6639.344999999972,6639.44,0.0950000000275395
88,58,Sp_keV,10088.604999999981,10088.72,0.11500000001797162
88,58,S2n_keV,11345.923999999883,11345.93,0.006000000117637683
88,58,S2p_keV,18445.84400000004,18445.93,0.08599999995931285
88,58,Qalpha_keV,-217.252000000095,-217.25,0.0020000000949949026
87,59,Sn_keV,5126.189000000013,5126.22,0.030999999987216142
87,59,Sp_keV,6902.72900000005,6902.75,0.02099999994970858
87,59,S2n_keV,12072.987999999896,12072.95,0.037999999894964276
87,59,S2p_keV,16408.972000000067,16409.02,0.04799999993338133
87,59,Qalpha_keV,918.2060000000056,918.18,0.026000000005637958
86,60,Sn_keV,7565.316000000108,7565.23,0.08600000010846998
86,60,Sp_keV,8588.871000000043,8588.9,0.028999999956795364
86,60,S2n_keV,13320.517999999924,13320.53,0.012000000077023287
86,60,S2p_keV,15071.98999999999,15071.92,0.06999999999061401
86,60,Qalpha_keV,1182.029999999795,1182.06,0.030000000204836397
85,61,Sn_keV,6258.217999999877,6258.2,0.01799999987724732
85,61,Sp_keV,5311.368000000017,5311.34,0.028000000016618287
85,61,S2n_keV,14180.858000000007,14180.91,0.0519999999924039
85,61,S2p_keV,13281.721999999834,13281.73,0.00800000016533886
85,61,Qalpha_keV,1909.194000000134,1909.13,0.06400000013400131
84,62,Sn_keV,8416.236000000034,8416.29,0.0539999999673455
84,62,Sp_keV,7017.8559999999125,7017.85,0.00599999991209188
84,62,S2n_keV,15173.344000000041,15173.39,0.04599999995843973
84,62,S2p_keV,11826.207999999868,11826.29,0.08200000013312092
84,62,Qalpha_keV,2528.8019999999087,2528.76,0.04199999990851211
83,63,Sn_keV,7197.195999999996,7197.19,0.005999999996674887
83,63,Sp_keV,3755.185999999987,3755.16,0.025999999987107003
83,63,S2n_keV,17641.013999999966,17640.96,0.0539999999673455
83,63,S2p_keV,10279.445999999996,10279.43,0.01599999999598367
83,63,Qalpha_keV,1599.7379999998957,1599.72,0.017999999895664587
82,64,Sn_keV,11232.733999999939,11232.81,0.07600000006095797
82,64,Sp_keV,5382.85400000005,5382.96,0.10599999994974496
82,64,S2n_keV,20468.65599999996,20468.66,0.004000000040832674
82,64,S2p_keV,8697.952000000048,8698.02,0.06799999995200778
82,64,Qalpha_keV,476.24199999985285,476.16,0.08199999985282602
81,65,Sn_keV,9532.745000000112,9532.8,0.054999999887513695
81,65,Sp_keV,2128.320000000065,2128.34,0.01999999993495294
81,65,S2n_keV,21537.84200000018,21537.86,0.017999999821768142
81,65,S2p_keV,6722.258000000147,6722.25,0.008000000147148967
81,65,Qalpha_keV,1125.2659999998286,1125.28,0.014000000171336069
80,66,Sn_keV,12383.591999999946,12383.64,0.04800000005343463
80,66,Sp_keV,3541.9269999999087,3541.96,0.03300000009130599
80,66,S2n_keV,22127.535999999847,22127.47,0.06599999984609894
80,66,S2p_keV,5373.423999999883,5373.35,0.07399999988228956
80,66,Qalpha_keV,1979.6599999999162,1979.68,0.020000000083882696
79,67,Sn_keV,10189.52199999988,10189.43,0.09199999988049967
79,67,Sp_keV,284.57199999992736,284.59,0.01800000007261815
79,67,S2n_keV,22771.36400000006,22771.34,0.024000000059459126
79,67,S2p_keV,3448.003999999957,3447.98,0.02399999995714097
79,67,Qalpha_keV,2896.3219999999274,2896.38,0.0580000000727523
78,68,Sp_keV,2490.9419999998063,2490.88,0.061999999806175765
78,68,S2p_keV,2329.935999999754,2329.87,0.06599999975423998
92,55,Sn_keV,4520.574000000022,4520.57,0.00400000002264278
92,55,Sp_keV,11352.206000000006,11352.23,0.023999999993975507
92,55,S2n_keV,8105.060999999987,8105.03,0.030999999987216142
91,56,Sn_keV,3395.023999999976,3395.04,0.016000000024178007
91,56,Sp_keV,11984.05799999996,11984.05,0.007999999961612048
91,56,S2n_keV,8890.569999999832,8890.49,0.07999999983258022
91,56,S2p_keV,23348.665000000037,23348.64,0.02500000003783498
91,56,Qalpha_keV,-2486.065000000177,-2486.07,0.00499999982321242
90,57,Sn_keV,5702.90699999989,5702.88,0.026999999889994797
90,57,Sp_keV,9027.034999999916,9027.06,0.025000000083309715
90,57,S2n_keV,9985.675999999978,9985.71,0.03400000002147863
90,57,S2p_keV,21200.555999999866,21200.52,0.03599999986545299
90,57,Qalpha_keV,-1429.6800000001676,-1429.64,0.04000000016753802
89,58,Sn_keV,4450.249000000069,4450.13,0.11900000006880873
89,58,Sp_keV,10256.084999999963,10256.02,0.06499999996231054
89,58,S2n_keV,11089.594000000041,11089.57,0.02400000004126923
89,58,S2p_keV,19075.758999999845,19075.65,0.10899999984394526
89,58,Qalpha_keV,-501.81099999998696,-501.73,0.0809999999869433
88,59,Sn_keV,6834.628999999957,6834.6,0.028999999956795364
88,59,Sp_keV,7098.013000000035,7097.92,0.0930000000353175
88,59,S2n_keV,11960.81799999997,11960.82,0.002000000029511284
88,59,S2p_keV,17186.618000000017,17186.64,0.021999999982654117
88,59,Qalpha_keV,302.44499999983236,302.5,0.05500000016763806
87,60,Sn_keV,5292.208000000101,5292.2,0.008000000100764737
87,60,Sp_keV,8754.89000000013,8754.88,0.010000000131185516
87,60,S2n_keV,12857.524000000209,12857.43,0.09400000020832522
87,60,S2p_keV,15657.61900000018,15657.63,0.010999999818523065
87,60,Qalpha_keV,1034.6909999996424,1034.67,0.020999999642299372
86,61,Sn_keV,7659.052000000142,7659.05,0.0020000001413791324
86,61,Sp_keV,5405.10400000005,5405.15,0.04599999994934478
86,61,S2n_keV,13917.270000000019,13917.25,0.02000000001862645
86,61,S2p_keV,13993.975000000093,13994.05,0.07499999990614015
86,61,Qalpha_keV,1601.1879999996163,1601.18,0.007999999616231435
85,62,Sn_keV,6341.108000000007,6341.12,0.01199999999244028
85,62,Sp_keV,7100.746000000043,7100.77,0.02399999995759572
85,62,S2n_keV,14757.344000000041,14757.41,0.06599999995887629
85,62,S2p_keV,12412.11400000006,12412.11,0.004000000059022568
85,62,Qalpha_keV,2311.216999999713,2311.21,0.006999999713116267
84,63,Sn_keV,8498.30700000003,8498.3,0.007000000030529918
84,63,Sp_keV,3837.2569999999832,3837.16,0.09699999998338171
84,63,S2n_keV,15695.503000000026,15695.49,0.01300000002629531
84,63,S2p_keV,10855.112999999896,10855.02,0.09299999989525531
84,63,Qalpha_keV,2991.1029999998864,2991.16,0.057000000113475835
83,64,Sn_keV,7342.367000000086,7342.36,0.007000000086009095
83,64,Sp_keV,5528.02500000014,5528.13,0.10499999986041075
83,64,S2n_keV,18575.101000000024,18575.17,0.06899999997403938
83,64,S2p_keV,9283.211000000127,9283.29,0.07899999987421324
83,64,Qalpha_keV,1735.305999999866,1735.21,0.09599999986585317
82,65,Sn_keV,11050.410999999847,11050.42,0.009000000152809662
82,65,Sp_keV,1945.996999999974,1945.95,0.04699999997387749
82,65,S2n_keV,20583.15599999996,20583.21,0.05400000004010508
82,65,S2p_keV,7328.851000000024,7328.91,0.058999999975640094
82,65,Qalpha_keV,1073.9099999996834,1073.87,0.039999999683459464
81,66,Sn_keV,9712.397000000114,9712.44,0.04299999988688796
81,66,Sp_keV,3721.5789999999106,3721.6,0.021000000089316018
81,66,S2n_keV,22095.98900000006,22096.07,0.08099999994010432
81,66,S2p_keV,5849.898999999976,5849.94,0.04100000002381421
81,66,Qalpha_keV,1610.3849999997765,1610.35,0.03499999977657353
80,67,Sn_keV,12590.107000000076,12590.19,0.08299999992414087
80,67,Sp_keV,491.08700000005774,491.15,0.06299999994223526
80,67,S2n_keV,22779.628999999957,22779.62,0.008999999958177796
80,67,S2p_keV,4033.0139999999665,4033.1,0.08600000003343666
80,67,Qalpha_keV,2237.251999999862,2237.18,0.07199999986232797
79,68,Sn_keV,10357.073000000091,10357.11,0.036999999909312464
79,68,Sp_keV,2658.4930000000168,2658.56,0.06699999998318162
79,68,S2p_keV,2943.064999999944,2943.15,0.0850000000559703
79,68,Qalpha_keV,3136.2709999999497,3136.22,0.05099999994990867
78,69,Sp_keV,-1058.652999999933,-1058.64,0.01299999993284473
78,69,S2p_keV,1432.2889999998733,1432.24,0.048999999873331035
93,55,Sn_keV,3349.5519999999087,3349.59,0.03800000009141513
93,55,S2n_keV,7870.125999999931,7870.16,0.03400000006877235
92,56,Sn_keV,5400.987999999896,5401.02,0.032000000104744686
92,56,Sp_keV,12864.471999999834,12864.5,0.02800000016577542
92,56,S2n_keV,8796.011999999871,8796.07,0.05800000012823148
92,56,S2p_keV,24216.67799999984,24216.73,0.052000000159750925
92,56,Qalpha_keV,-3146.311999999918,-3146.36,0.048000000082083716
91,57,Sn_keV,4101.677000000142,4101.66,0.01700000014170655
91,57,Sp_keV,9733.688000000082,9733.68,0.008000000081665348
91,57,S2n_keV,9804.584000000032,9804.54,0.04400000003079185
91,57,S2p_keV,21717.746000000043,21717.72,0.026000000041676685
91,57,Qalpha_keV,-1863.1560000001919,-1863.14,0.016000000191752406
90,58,Sn_keV,6455.80700000003,6455.82,0.01299999996990664
90,58,Sp_keV,11008.985000000102,11008.96,0.025000000103318598
90,58,S2n_keV,10906.056000000099,10905.95,0.1060000000979926
90,58,S2p_keV,20036.02000000002,20036.02,1.8189894035458565e-11
90,58,Qalpha_keV,-1056.2400000002235,-1056.22,0.020000000223490133
89,59,Sn_keV,5162.687000000151,5162.67,0.017000000150801498
89,59,Sp_keV,7810.451000000117,7810.45,0.0010000001175285433
89,59,S2n_keV,11997.316000000108,11997.27,0.04600000010759686
89,59,S2p_keV,18066.53600000008,18066.47,0.06600000007892959
89,59,Qalpha_keV,-110.62800000025891,-110.62,0.008000000258903128
88,60,Sn_keV,7332.405999999726,7332.5,0.09400000027380884
88,60,Sp_keV,9252.6669999999,9252.77,0.1030000001010194
88,60,S2n_keV,12624.613999999827,12624.69,0.07600000017373532
88,60,S2p_keV,16350.679999999935,16350.68,6.548361852765083e-11
88,60,Qalpha_keV,599.0560000000987,599.04,0.016000000098756573
87,61,Sn_keV,5894.465999999782,5894.46,0.005999999782034138
87,61,Sp_keV,6007.361999999732,6007.41,0.04800000026807538
87,61,S2n_keV,13553.517999999924,13553.5,0.01799999992363155
87,61,S2p_keV,14762.251999999862,14762.29,0.038000000138708856
87,61,Qalpha_keV,1460.4200000001583,1460.43,0.009999999841738827
86,62,Sn_keV,8141.451999999816,8141.37,0.08199999981570727
86,62,Sp_keV,7583.145999999717,7583.1,0.04599999971651414
86,62,S2n_keV,14482.559999999823,14482.49,0.06999999982326699
86,62,S2p_keV,12988.249999999767,12988.26,0.010000000233048922
86,62,Qalpha_keV,1986.8920000002254,1986.87,0.022000000225489202
85,63,Sn_keV,6826.310999999987,6826.3,0.010999999986779585
85,63,Sp_keV,4322.459999999963,4322.34,0.11999999996260158
85,63,S2n_keV,15324.618000000017,15324.59,0.028000000016618287
85,63,S2p_keV,11423.206000000006,11423.11,0.09600000000500586
85,63,Qalpha_keV,2691.595999999903,2691.64,0.04400000009673022
84,64,Sn_keV,8984.072999999858,8984.06,0.012999999858948286
84,64,Sp_keV,6013.790999999968,6013.89,0.09900000003199239
84,64,S2n_keV,16326.439999999944,16326.42,0.019999999944047886
84,64,S2p_keV,9851.047999999952,9851.06,0.012000000047919457
84,64,Qalpha_keV,3271.2679999999236,3271.21,0.05799999992359517
83,65,Sn_keV,7860.154999999795,7860.09,0.06499999979496351
83,65,Sp_keV,2463.7849999996834,2463.68,0.10499999968351403
83,65,S2n_keV,18910.565999999642,18910.51,0.05599999964397284
83,65,S2p_keV,7991.809999999823,7991.8,0.009999999822866812
83,65,Qalpha_keV,2662.8360000001267,2662.9,0.06399999987343108
82,66,Sn_keV,11728.59899999993,11728.5,0.09899999992921948
82,66,Sp_keV,4399.766999999993,4399.68,0.08699999999225838
82,66,S2n_keV,21440.996000000043,21440.93,0.0660000000425498
82,66,S2p_keV,6345.7639999999665,6345.63,0.13399999996636325
82,66,Qalpha_keV,1481.2399999999907,1481.37,0.1300000000092041
81,67,Sn_keV,10305.45299999998,10305.38,0.07299999998031126
81,67,Sp_keV,1084.1429999999236,1084.09,0.0529999999237134
81,67,S2n_keV,22895.560000000056,22895.57,0.009999999943829607
81,67,S2p_keV,4805.721999999834,4805.69,0.03199999983462476
81,67,Qalpha_keV,1952.0959999999031,1952.11,0.014000000096757503
80,68,Sn_keV,12942.591000000015,12942.5,0.09100000001490116
80,68,Sp_keV,3010.9769999999553,3010.87,0.10699999995540566
80,68,S2n_keV,23299.664000000106,23299.61,0.0540000001055887
80,68,S2p_keV,3502.064000000013,3502.01,0.05400000001282024
80,68,Qalpha_keV,2666.060000000056,2666.18,0.11999999994395694
79,69,Sn_keV,10861.90100000007,10861.94,0.0389999999297288
79,69,Sp_keV,-553.8249999999534,-553.81,0.014999999953488441
79,69,S2p_keV,2104.6680000000633,2104.75,0.08199999993667006
79,69,Qalpha_keV,3419.6279999997932,3419.57,0.05799999979308268
92,57,Sn_keV,5582.490999999922,5582.5,0.009000000078231096
92,57,Sp_keV,9915.191000000108,9915.15,0.04100000010839722
92,57,S2n_keV,9684.168000000063,9684.16,0.008000000063475454
92,57,S2p_keV,22779.662999999942,22779.65,0.012999999940802809
92,57,Qalpha_keV,-2589.064000000013,-2589.02,0.044000000013056706
91,58,Sn_keV,4342.844999999739,4342.85,0.005000000261134119
91,58,Sp_keV,11250.1529999997,11250.15,0.002999999700477929
91,58,S2n_keV,10798.651999999769,10798.67,0.018000000231040758
91,58,S2p_keV,20983.840999999782,20983.83,0.010999999780324288
91,58,Qalpha_keV,-1578.7509999996983,-1578.65,0.10099999969816054
90,59,Sn_keV,6575.2269999997225,6575.32,0.09300000027724309
90,59,Sp_keV,7929.87099999981,7929.96,0.08900000019002619
90,59,S2n_keV,11737.913999999873,11737.99,0.07600000012644159
90,59,S2p_keV,18938.855999999912,18938.92,0.06400000008579809
90,59,Qalpha_keV,-628.8719999999739,-628.97,0.09800000002610432
89,60,Sn_keV,5038.809000000125,5038.79,0.019000000124833605
89,60,Sp_keV,9128.788999999873,9128.89,0.1010000001260778
89,60,S2n_keV,12371.214999999851,12371.28,0.06500000014966645
89,60,S2p_keV,16939.23999999999,16939.34,0.10000000000945874
89,60,Qalpha_keV,266.8259999998845,266.75,0.075999999884516
88,61,Sn_keV,7269.922000000253,7269.92,0.0020000002532469807
88,61,Sp_keV,5944.878000000259,5944.84,0.03800000025876216
88,61,S2n_keV,13164.388000000035,13164.38,0.008000000036190613
88,61,S2p_keV,15197.545000000158,15197.61,0.06499999984225724
88,61,Qalpha_keV,1137.2969999997877,1137.23,0.06699999978764026
87,62,Sn_keV,5870.302000000142,5870.35,0.04799999985880277
87,62,Sp_keV,7558.982000000076,7558.99,0.00799999992341327
87,62,S2n_keV,14011.753999999957,14011.72,0.033999999957814
87,62,S2p_keV,13566.343999999808,13566.41,0.06600000019170693
87,62,Qalpha_keV,1871.7919999998994,1871.82,0.028000000100519173
86,63,Sn_keV,8212.405999999959,8212.42,0.014000000041050953
86,63,Sp_keV,4393.414000000106,4393.39,0.024000000105843355
86,63,S2n_keV,15038.716999999946,15038.72,0.003000000053361873
86,63,S2p_keV,11976.559999999823,11976.49,0.06999999982326699
86,63,Qalpha_keV,2401.8300000000745,2401.93,0.09999999992533048
85,64,Sn_keV,6928.793999999994,6928.74,0.05399999999463034
85,64,Sp_keV,6116.273999999976,6116.34,0.0660000000243599
85,64,S2n_keV,15912.866999999853,15912.8,0.06699999985357863
85,64,S2p_keV,10438.733999999939,10438.68,0.05399999993824167
85,64,Qalpha_keV,3099.5819999999367,3099.57,0.011999999936506356
84,65,Sn_keV,9028.848000000231,9028.9,0.051999999768668204
84,65,Sp_keV,2508.560000000056,2508.51,0.050000000055661076
84,65,S2n_keV,16889.003000000026,16888.98,0.02300000002651359
84,65,S2p_keV,8522.351000000024,8522.4,0.048999999975421815
84,65,Qalpha_keV,4077.805999999866,4077.77,0.03599999986590774
83,66,Sn_keV,7917.469000000041,7917.51,0.040999999959240085
83,66,Sp_keV,4457.081000000238,4457.1,0.01899999976194522
83,66,S2n_keV,19646.06799999997,19646.0,0.06799999997019768
83,66,S2p_keV,6920.865999999922,6920.77,0.09599999992133235
83,66,Qalpha_keV,2799.69299999997,2799.71,0.017000000029838702
82,67,Sn_keV,11742.641999999993,11742.6,0.04199999999218562
82,67,Sp_keV,1098.185999999987,1098.19,0.004000000013093086
82,67,S2n_keV,22048.094999999972,22047.98,0.11499999997249688
82,67,S2p_keV,5497.9529999999795,5497.87,0.08299999997962004
82,67,Qalpha_keV,2214.5509999999776,2214.58,0.029000000022278982
81,68,Sn_keV,10333.878999999957,10333.94,0.061000000043350155
81,68,Sp_keV,3039.402999999933,3039.43,0.027000000066891516
81,68,S2n_keV,23276.469999999972,23276.44,0.029999999973369995
81,68,S2p_keV,4123.545999999857,4123.52,0.025999999856139766
81,68,Qalpha_keV,2076.125,2076.07,0.05499999999983629
92,58,Sn_keV,6248.179000000004,6248.25,0.07099999999627471
92,58,Sp_keV,11915.840999999782,11915.9,0.059000000217565685
92,58,S2n_keV,10591.023999999743,10591.1,0.07600000025740883
92,58,S2p_keV,21831.03199999989,21831.05,0.018000000109168468
92,58,Qalpha_keV,-2331.3839999998454,-2331.46,0.07600000015463593
91,59,Sn_keV,5332.353000000119,5332.35,0.0030000001188454917
91,59,Sp_keV,8919.37900000019,8919.46,0.08099999980913708
91,59,S2n_keV,11907.579999999842,11907.67,0.0900000001583976
91,59,S2p_keV,20169.53199999989,20169.6,0.06800000010844087
91,59,Qalpha_keV,-1678.4560000000056,-1678.48,0.023999999994430254
90,60,Sn_keV,7375.091000000015,7375.12,0.0289999999849897
90,60,Sp_keV,9928.653000000166,9928.69,0.0369999998347339
90,60,S2n_keV,12413.90000000014,12413.91,0.009999999860156095
90,60,S2p_keV,17858.523999999976,17858.64,0.11600000002363231
90,60,Qalpha_keV,-468.9200000001583,-468.93,0.009999999841681984
89,61,Sn_keV,5604.121999999974,5604.1,0.02199999997355917
89,61,Sp_keV,6510.191000000108,6510.16,0.031000000108178938
89,61,S2n_keV,12874.044000000227,12874.03,0.014000000226587872
89,61,S2p_keV,15638.979999999981,15639.05,0.07000000001789886
89,61,Qalpha_keV,659.3639999998268,659.35,0.013999999826751264
88,62,Sn_keV,7986.712000000058,7986.68,0.03200000005745096
88,62,Sp_keV,8275.77199999988,8275.76,0.011999999880572432
88,62,S2n_keV,13857.0140000002,13857.03,0.015999999801351805
88,62,S2p_keV,14220.65000000014,14220.6,0.05000000013933459
88,62,Qalpha_keV,1450.3959999999497,1450.37,0.02599999994981772
87,63,Sn_keV,6422.649999999907,6422.66,0.010000000092986738
87,63,Sp_keV,4945.7619999998715,4945.7,0.061999999871659384
87,63,S2n_keV,14635.055999999866,14635.08,0.02400000013403769
87,63,S2p_keV,12504.743999999948,12504.69,0.05399999994733662
87,63,Qalpha_keV,2237.3980000000447,2237.47,0.07199999995509643
86,64,Sn_keV,8708.232000000076,8708.17,0.06200000007629569
86,64,Sp_keV,6612.100000000093,6612.09,0.010000000092986738
86,64,S2n_keV,15637.02600000007,15636.92,0.10600000007070776
86,64,S2p_keV,11005.5140000002,11005.48,0.03400000019973959
86,64,Qalpha_keV,2807.585999999894,2807.69,0.10400000010622534
85,65,Sn_keV,7688.115999999922,7688.11,0.005999999922096322
85,65,Sp_keV,3267.8819999999832,3267.87,0.011999999983345333
85,65,S2n_keV,16716.964000000153,16717.0,0.0359999998472631
85,65,S2p_keV,9384.155999999959,9384.21,0.05400000004010508
85,65,Qalpha_keV,3586.8859999999404,3586.86,0.025999999940268026
84,66,Sn_keV,9681.382999999914,9681.34,0.042999999914172804
84,66,Sp_keV,5109.615999999922,5109.54,0.07599999992180528
84,66,S2n_keV,17598.851999999955,17598.85,0.001999999956751708
84,66,S2p_keV,7618.175999999978,7618.05,0.12599999997746636
84,66,Qalpha_keV,4351.043999999994,4351.19,0.14600000000518776
83,67,Sn_keV,8354.616000000155,8354.71,0.09399999984452734
83,67,Sp_keV,1535.3330000001006,1535.4,0.06699999989950811
83,67,S2n_keV,20097.258000000147,20097.31,0.051999999854160706
83,67,S2p_keV,5992.414000000339,5992.49,0.0759999996607803
83,67,Qalpha_keV,3392.679999999935,3392.66,0.01999999993495294
82,68,Sn_keV,12160.955000000075,12160.98,0.024999999925057637
82,68,Sp_keV,3457.716000000015,3457.81,0.09399999998504427
82,68,S2n_keV,22494.83400000003,22494.92,0.0859999999665888
82,68,S2p_keV,4555.902000000002,4556.0,0.09799999999813735
82,68,Qalpha_keV,2298.7619999998715,2298.73,0.031999999871459295
93,58,Sn_keV,4449.527000000235,4449.52,0.007000000234256731
93,58,S2n_keV,10697.706000000238,10697.77,0.06399999976201798
93,58,Qalpha_keV,-3385.8870000001043,-3385.94,0.05299999989574644
92,59,Sn_keV,6550.379999999888,6550.39,0.010000000112086127
92,59,Sp_keV,9221.580000000075,9221.59,0.009999999925639713
92,59,S2n_keV,11882.733000000007,11882.74,0.006999999992331141
92,59,S2p_keV,21137.420999999857,21137.5,0.07900000014342368
92,59,Qalpha_keV,-2525.9290000000037,-2526.0,0.07099999999627471
91,60,Sn_keV,5334.668000000063,5334.55,0.11800000006314804
91,60,Sp_keV,9930.96800000011,9930.89,0.07800000011047814
91,60,S2n_keV,12709.759000000078,12709.67,0.08900000007815834
91,60,S2p_keV,18850.3470000003,18850.34,0.00700000029974035
91,60,Qalpha_keV,-1353.3390000001527,-1353.35,0.010999999847172148
90,61,Sn_keV,7860.265999999829,7860.24,0.025999999828854925
90,61,Sp_keV,6995.365999999922,6995.28,0.08599999992202356
90,61,S2n_keV,13464.387999999803,13464.34,0.047999999802414095
90,61,S2p_keV,16924.019000000088,16923.96,0.05900000008841744
90,61,Qalpha_keV,-366.2730000000447,-366.29,0.01699999995531698
89,62,Sn_keV,5596.466999999946,5596.45,0.01699999994616519
89,62,Sp_keV,8268.116999999853,8268.11,0.006999999852268957
89,62,S2n_keV,13583.179000000004,13583.14,0.03900000000430737
89,62,S2p_keV,14778.30799999996,14778.26,0.04799999996066617
89,62,Qalpha_keV,1146.1370000001043,1146.12,0.017000000104417268
88,63,Sn_keV,7931.492000000086,7931.47,0.02200000008542702
88,63,Sp_keV,4890.541999999899,4890.48,0.06199999989985372
88,63,S2n_keV,14354.141999999993,14354.13,0.011999999993349775
88,63,S2p_keV,13166.31399999978,13166.24,0.07399999978042615
88,63,Qalpha_keV,1964.9580000001006,1965.04,0.08199999989938078
87,64,Sn_keV,6495.688000000082,6495.67,0.018000000081883627
87,64,Sp_keV,6685.138000000268,6685.1,0.038000000267857104
87,64,S2n_keV,15203.920000000158,15203.84,0.08000000015817932
87,64,S2p_keV,11630.90000000014,11630.8,0.10000000014042598
87,64,Qalpha_keV,2653.0059999998193,2653.14,0.13400000018054925
86,65,Sn_keV,8588.670000000158,8588.62,0.05000000015752448
86,65,Sp_keV,3148.320000000065,3148.32,6.502887117676437e-11
86,65,S2n_keV,16276.78600000008,16276.72,0.06600000008074858
86,65,S2p_keV,9760.420000000158,9760.41,0.010000000158470357
86,65,Qalpha_keV,3496.522999999812,3496.54,0.01700000018809078
85,66,Sn_keV,7513.876000000164,7514.0,0.12399999983608723
85,66,Sp_keV,4935.376000000164,4935.44,0.06399999983568705
85,66,S2n_keV,17195.25900000008,17195.34,0.08099999992191442
85,66,S2p_keV,8203.258000000147,8203.31,0.051999999852341716
85,66,Qalpha_keV,4179.534999999916,4179.54,0.005000000083782652
84,67,Sn_keV,9748.124999999767,9748.07,0.054999999767460395
84,67,Sp_keV,1602.0749999999534,1602.12,0.04500000004645699
84,67,S2n_keV,18102.74099999992,18102.78,0.03900000007706694
84,67,S2p_keV,6711.690999999875,6711.67,0.020999999875130015
84,67,Qalpha_keV,4694.966000000015,4695.01,0.04399999998531712
83,68,Sn_keV,8506.42200000002,8506.32,0.10200000002078013
83,68,Sp_keV,3609.521999999881,3609.42,0.10199999988071795
83,68,S2n_keV,20667.377000000095,20667.3,0.0770000000957225
83,68,S2p_keV,5144.854999999981,5144.82,0.03499999998166459
83,68,Qalpha_keV,3504.7369999999646,3504.84,0.10300000003553578
82,69,Sp_keV,235.3969999998808,235.41,0.013000000119205879
82,69,S2p_keV,3693.1129999998957,3693.22,0.10700000010410804
82,69,Qalpha_keV,2554.4520000000484,2554.46,0.007999999951607606
81,70,S2p_keV,2378.7100000001956,2378.63,0.0800000001954686
81,70,Qalpha_keV,2640.4799999997485,2640.58,0.10000000025138434
93,59,Sn_keV,5049.928000000073,5049.91,0.01800000007278868
93,59,Sp_keV,9821.980999999912,9821.98,0.0009999999128922354
93,59,S2n_keV,11600.30799999996,11600.3,0.007999999961612048
93,59,Qalpha_keV,-3474.179999999935,-3474.24,0.0600000000649743
92,60,Sn_keV,7277.683999999892,7277.75,0.06600000010803342
92,60,Sp_keV,10658.272000000114,10658.25,0.022000000113621354
92,60,S2n_keV,12612.351999999955,12612.3,0.05199999995602411
92,60,S2p_keV,19879.852000000188,19879.84,0.012000000187981641
92,60,Qalpha_keV,-2175.216000000015,-2175.28,0.06399999998529893
91,61,Sn_keV,5939.378000000026,5939.46,0.08199999997395935
91,61,Sp_keV,7600.0759999998845,7600.19,0.11400000011508382
91,61,S2n_keV,13799.643999999855,13799.7,0.05600000014601392
91,61,S2p_keV,17531.043999999994,17531.08,0.036000000007334165
91,61,Qalpha_keV,-1142.96399999992,-1143.09,0.1260000000800119
90,62,Sn_keV,8257.647000000114,8257.69,0.04299999988688796
90,62,Sp_keV,8665.498000000138,8665.55,0.05199999986143666
90,62,S2n_keV,13854.11400000006,13854.14,0.02599999993981328
90,62,S2p_keV,15660.86400000006,15660.83,0.034000000059677404
90,62,Qalpha_keV,220.89599999971688,220.92,0.024000000283109557
89,63,Sn_keV,6306.611999999965,6306.71,0.09800000003542664
89,63,Sp_keV,5600.686999999918,5600.74,0.05300000008173811
89,63,S2n_keV,14238.10400000005,14238.18,0.07599999994999962
89,63,S2p_keV,13868.80399999977,13868.85,0.04600000022946915
89,63,Qalpha_keV,1552.811999999918,1552.79,0.021999999918079993
88,64,Sn_keV,8589.605999999912,8589.65,0.044000000087180524
88,64,Sp_keV,7343.252000000095,7343.28,0.02799999990475044
88,64,S2n_keV,15085.293999999994,15085.32,0.026000000005296897
88,64,S2p_keV,12233.793999999994,12233.77,0.023999999993975507
88,64,Qalpha_keV,2204.8519999997225,2204.86,0.008000000277661456
87,65,Sn_keV,7164.629999999888,7164.66,0.03000000011161319
87,65,Sp_keV,3817.2619999998715,3817.31,0.048000000128467946
87,65,S2n_keV,15753.300000000047,15753.28,0.020000000045911293
87,65,S2p_keV,10502.40000000014,10502.41,0.009999999860156095
87,65,Qalpha_keV,3158.2039999999106,3158.17,0.03399999991052027
86,66,Sn_keV,9437.155999999726,9437.15,0.005999999726554961
86,66,Sp_keV,5783.861999999732,5783.97,0.10800000026847556
86,66,S2n_keV,16951.03199999989,16951.15,0.11800000011135126
86,66,S2p_keV,8932.181999999797,8932.28,0.09800000020368316
86,66,Qalpha_keV,3726.4520000000484,3726.46,0.007999999951607606
85,67,Sn_keV,8047.789000000106,8047.77,0.019000000105734216
85,67,Sp_keV,2135.9879999998957,2135.89,0.0979999998958192
85,67,S2n_keV,17795.913999999873,17795.84,0.07399999987319461
85,67,S2p_keV,7071.36400000006,7071.33,0.034000000059677404
85,67,Qalpha_keV,4507.331999999704,4507.33,0.001999999703912181
84,68,Sn_keV,10298.839999999851,10298.97,0.13000000014835678
84,68,Sp_keV,4160.236999999965,4160.32,0.08300000003509922
84,68,S2n_keV,18805.26199999987,18805.29,0.02800000012939563
84,68,S2p_keV,5762.311999999918,5762.45,0.1380000000817745
84,68,Qalpha_keV,4934.496000000043,4934.37,0.12600000004294998
83,69,Sn_keV,9064.241000000155,9064.17,0.07100000015452679
83,69,Sp_keV,793.2160000000149,793.26,0.043999999985089744
83,69,S2p_keV,4402.737999999896,4402.68,0.05799999989540083
83,69,Qalpha_keV,3795.6639999998733,3795.67,0.00600000012673263
82,70,Sn_keV,12849.57899999991,12849.69,0.11100000008991628
82,70,Sp_keV,2831.937000000151,2831.93,0.007000000151037966
82,70,S2p_keV,3067.3340000000317,3067.35,0.015999999968244083
82,70,Qalpha_keV,2733.491999999853,2733.39,0.10199999985297836
94,59,Sn_keV,5881.699999999953,5881.71,0.010000000046602509
94,59,S2n_keV,10931.628000000026,10931.62,0.008000000025276677
94,59,Qalpha_keV,-3773.3889999999665,-3773.46,0.07100000003356399
93,60,Sn_keV,5252.8940000000875,5252.84,0.0540000000873988
93,60,Sp_keV,10861.238000000129,10861.18,0.05800000012823148
93,60,S2n_keV,12530.57799999998,12530.59,0.012000000020634616
93,60,S2p_keV,20683.21900000004,20683.16,0.05900000004112371
93,60,Qalpha_keV,-3085.265000000363,-3085.27,0.004999999636766006
92,61,Sn_keV,7465.405999999959,7465.38,0.025999999958912667
92,61,Sp_keV,7787.797999999952,7787.81,0.012000000048828952
92,61,S2n_keV,13404.783999999985,13404.84,0.05600000001504668
92,61,S2p_keV,18446.070000000065,18446.06,0.010000000063882908
92,61,Qalpha_keV,-2033.1430000001565,-2033.14,0.003000000156362148
91,62,Sn_keV,5868.425999999978,5868.4,0.025999999978012056
91,62,Sp_keV,8594.54600000009,8594.49,0.056000000089625246
91,62,S2n_keV,14126.073000000091,14126.09,0.016999999908875907
91,62,S2p_keV,16194.621999999974,16194.68,0.05800000002636807
91,62,Qalpha_keV,-608.721000000136,-608.69,0.031000000135918526
90,63,Sn_keV,8550.324999999953,8550.27,0.054999999952997314
90,63,Sp_keV,5893.364999999758,5893.33,0.03499999975792889
90,63,S2n_keV,14856.936999999918,14856.99,0.05300000008173811
90,63,S2p_keV,14558.862999999896,14558.88,0.017000000103507773
90,63,Qalpha_keV,272.40900000021793,272.44,0.030999999782068244
89,64,Sn_keV,6246.998000000138,6246.96,0.03800000013779936
89,64,Sp_keV,7283.638000000268,7283.53,0.10800000026847556
89,64,S2n_keV,14836.60400000005,14836.61,0.005999999950290658
89,64,S2p_keV,12884.325000000186,12884.27,0.05500000018582796
89,64,Qalpha_keV,1828.1559999997262,1828.25,0.09400000027380884
88,65,Sn_keV,8667.88500000001,8667.97,0.08499999999003194
88,65,Sp_keV,3895.5409999999683,3895.62,0.07900000003155583
88,65,S2n_keV,15832.514999999898,15832.63,0.11500000010164513
88,65,S2p_keV,11238.793000000063,11238.91,0.11699999993652455
88,65,Qalpha_keV,2702.7249999998603,2702.62,0.10499999986041075
87,66,Sn_keV,7096.059000000125,7095.96,0.09900000012476085
87,66,Sp_keV,5715.290999999968,5715.26,0.030999999968116754
87,66,S2n_keV,16533.21499999985,16533.1,0.11499999985244358
87,66,S2p_keV,9532.55299999984,9532.57,0.017000000159896445
87,66,Qalpha_keV,3559.186999999918,3559.24,0.05300000008173811
86,67,Sn_keV,9484.550000000047,9484.57,0.019999999953142833
86,67,Sp_keV,2183.382000000216,2183.32,0.06200000021590313
86,67,S2n_keV,17532.339000000153,17532.34,0.000999999847408617
86,67,S2p_keV,7967.243999999948,7967.29,0.046000000052117684
86,67,Qalpha_keV,4051.6299999998882,4051.65,0.02000000011184966
85,68,Sn_keV,8049.691000000108,8049.56,0.13100000010763324
85,68,Sp_keV,4162.1389999999665,4162.12,0.018999999966581527
85,68,S2n_keV,18348.53099999996,18348.53,0.00099999996018596
85,68,S2p_keV,6298.126999999862,6298.01,0.11699999986194598
85,68,Qalpha_keV,4802.273999999976,4802.31,0.036000000024614565
84,69,Sn_keV,10289.956999999937,10290.04,0.08300000006420305
84,69,Sp_keV,784.3330000001006,784.33,0.003000000100541911
84,69,S2n_keV,19354.19800000009,19354.22,0.02199999990989454
84,69,S2p_keV,4944.570000000065,4944.66,0.0899999999346619
84,69,Qalpha_keV,5248.348999999929,5248.22,0.12899999992896483
82,71,Sp_keV,-608.5370000000112,-608.57,0.03299999998887415
82,71,S2p_keV,2223.4000000001397,2223.37,0.030000000139807526
95,59,Sn_keV,4697.334000000032,4697.26,0.07400000003144669
95,59,S2n_keV,10579.033999999985,10578.97,0.06399999998575367
94,60,Sn_keV,6425.4199999999255,6425.45,0.030000000074323907
94,60,Sp_keV,11404.9580000001,11404.91,0.04800000010072836
94,60,S2n_keV,11678.314000000013,11678.28,0.03400000001238368
94,60,Qalpha_keV,-3262.506000000285,-3262.47,0.0360000002851848
93,61,Sn_keV,5915.153999999864,5915.05,0.103999999863845
93,61,Sp_keV,8450.057999999728,8450.03,0.027999999727398972
93,61,S2n_keV,13380.559999999823,13380.43,0.12999999982275767
93,61,S2p_keV,19311.295999999857,19311.21,0.08599999985744944
93,61,Qalpha_keV,-2615.9439999999013,-2615.85,0.09399999990137076
92,62,Sn_keV,7966.729999999981,7966.79,0.06000000001859007
92,62,Sp_keV,9095.870000000112,9095.91,0.03999999988809577
92,62,S2n_keV,13835.155999999959,13835.19,0.03400000004148751
92,62,S2p_keV,16883.668000000063,16883.72,0.05199999993783422
92,62,Qalpha_keV,-1200.3600000001024,-1200.36,1.0254552762489766e-10
91,63,Sn_keV,6442.139000000199,6442.17,0.03099999980076973
91,63,Sp_keV,6467.0779999999795,6467.1,0.022000000020852895
91,63,S2n_keV,14992.464000000153,14992.45,0.014000000152009306
91,63,S2p_keV,15061.624000000069,15061.59,0.03400000006877235
91,63,Qalpha_keV,-565.6080000000075,-565.63,0.021999999992544872
90,64,Sn_keV,8894.625999999698,8894.73,0.10400000030131196
90,64,Sp_keV,7627.939000000013,7627.98,0.040999999986524926
90,64,S2n_keV,15141.623999999836,15141.68,0.05600000016420381
90,64,S2p_keV,13521.30399999977,13521.31,0.006000000228596036
90,64,Qalpha_keV,920.2420000000857,920.21,0.0320000000856453
89,65,Sn_keV,6914.063000000082,6914.06,0.003000000081556209
89,65,Sp_keV,4562.6059999999125,4562.73,0.12400000008710776
89,65,S2n_keV,15581.948000000091,15582.03,0.08199999990938522
89,65,S2p_keV,11846.24400000018,11846.26,0.0159999998195417
89,65,Qalpha_keV,2211.311999999685,2211.22,0.09199999968541306
88,66,Sn_keV,9322.42100000009,9322.41,0.011000000089552486
88,66,Sp_keV,6369.827000000048,6369.7,0.12700000004861067
88,66,S2n_keV,16418.480000000214,16418.36,0.12000000021362212
88,66,S2p_keV,10265.368000000017,10265.33,0.038000000016836566
88,66,Qalpha_keV,2944.997999999905,2945.01,0.012000000095213181
87,67,Sn_keV,7698.2599999997765,7698.34,0.08000000022366294
87,67,Sp_keV,2785.5829999998678,2785.7,0.1170000001320659
87,67,S2n_keV,17182.809999999823,17182.92,0.11000000017520506
87,67,S2p_keV,8500.873999999836,8500.97,0.09600000016325794
87,67,Qalpha_keV,4041.4860000000335,4041.42,0.06600000003345485
86,68,Sn_keV,10204.01099999994,10204.06,0.04900000005909533
86,68,Sp_keV,4881.59999999986,4881.61,0.010000000139370968
86,68,S2n_keV,18253.70200000005,18253.63,0.07200000004741014
86,68,S2p_keV,7064.982000000076,7064.92,0.06200000007629569
86,68,Qalpha_keV,4279.64599999995,4279.59,0.05599999994956306
85,69,Sn_keV,8509.186999999918,8509.18,0.006999999917752575
85,69,Sp_keV,1243.8289999999106,1243.95,0.12100000008945244
85,69,S2n_keV,18799.143999999855,18799.22,0.07600000014645047
85,69,S2p_keV,5405.967999999877,5406.07,0.10200000012264354
85,69,Qalpha_keV,5093.778000000166,5093.75,0.02800000016577542
84,70,Sp_keV,3231.9150000000373,3231.8,0.115000000037071
84,70,S2n_keV,19754.175999999978,19754.08,0.09599999997590203
84,70,S2p_keV,4016.248000000138,4016.13,0.1180000001377266
84,70,Qalpha_keV,5474.149999999907,5474.24,0.09000000009291398
96,59,Sn_keV,5292.047999999952,5292.17,0.12200000004850153
96,59,S2n_keV,9989.381999999983,9989.42,0.038000000016836566
95,60,Sn_keV,4670.654000000097,4670.62,0.03400000009696669
95,60,Sp_keV,11378.278000000166,11378.27,0.00800000016533886
95,60,S2n_keV,11096.074000000022,11096.07,0.00400000002264278
95,60,Qalpha_keV,-3483.633000000147,-3483.57,0.06300000014698526
94,61,Sn_keV,6519.776000000304,6519.9,0.12399999969602504
94,61,Sp_keV,8544.414000000106,8544.48,0.06599999989339267
94,61,S2n_keV,12434.930000000168,12434.95,0.019999999833089532
94,61,S2p_keV,19949.372000000207,19949.39,0.017999999792664312
94,61,Qalpha_keV,-2585.3400000003166,-2585.35,0.009999999683259375
93,62,Sn_keV,5806.969999999972,5806.96,0.009999999972023943
93,62,Sp_keV,8987.68600000022,8987.81,0.12399999977969856
93,62,S2n_keV,13773.699999999953,13773.75,0.05000000004656613
93,62,S2p_keV,17437.743999999948,17437.84,0.09600000005229958
93,62,Qalpha_keV,-1672.6620000000112,-1672.77,0.10799999998880594
92,63,Sn_keV,8151.371999999974,8151.29,0.08199999997395935
92,63,Sp_keV,6651.719999999972,6651.6,0.11999999997169652
92,63,S2n_keV,14593.511000000173,14593.46,0.051000000174099114
92,63,S2p_keV,15747.590000000084,15747.51,0.08000000008360075
92,63,Qalpha_keV,-856.7140000001527,-856.68,0.034000000152786924
91,64,Sn_keV,6435.317000000039,6435.23,0.0870000000395521
91,64,Sp_keV,7621.116999999853,7621.04,0.07699999985288741
91,64,S2n_keV,15329.942999999737,15329.96,0.01700000026175985
91,64,S2p_keV,14088.194999999832,14088.14,0.05499999983294401
91,64,Qalpha_keV,81.39199999999255,81.43,0.0380000000074574
90,65,Sn_keV,9165.101999999955,9165.1,0.0019999999549327185
90,65,Sp_keV,4833.0820000001695,4833.1,0.01799999983086309
90,65,S2n_keV,16079.165000000037,16079.16,0.005000000037398422
90,65,S2p_keV,12461.021000000183,12461.08,0.058999999817388016
90,65,Qalpha_keV,977.7019999998156,977.59,0.1119999998155663
89,66,Sn_keV,6832.537999999942,6832.61,0.07200000005741458
89,66,Sp_keV,6288.301999999909,6288.25,0.05199999990873039
89,66,S2n_keV,16154.959000000032,16155.02,0.06099999996877159
89,66,S2p_keV,10850.907999999821,10850.98,0.07200000017837738
89,66,Qalpha_keV,2608.1480000000447,2608.07,0.07800000004453977
88,67,Sn_keV,9471.281000000192,9471.15,0.13100000019221625
88,67,Sp_keV,2934.44299999997,2934.45,0.0070000000296204234
88,67,S2n_keV,17169.54099999997,17169.49,0.05099999996673432
88,67,S2p_keV,9304.270000000019,9304.15,0.12000000001899025
88,67,Qalpha_keV,3158.875,3158.88,0.005000000000109139
87,68,Sn_keV,7675.296000000089,7675.37,0.0739999999104839
87,68,Sp_keV,4858.636000000173,4858.63,0.0060000001731168595
87,68,S2n_keV,17879.30700000003,17879.43,0.12299999997048872
87,68,S2p_keV,7644.219000000041,7644.34,0.12099999995916733
87,68,Qalpha_keV,4118.226000000024,4118.22,0.006000000023959728
86,69,Sn_keV,10270.09300000011,10269.99,0.10300000011011434
86,69,Sp_keV,1309.91100000008,1309.88,0.031000000079984602
86,69,S2n_keV,18779.280000000028,18779.17,0.11000000002968591
86,69,S2p_keV,6191.51099999994,6191.49,0.020999999940613634
86,69,Qalpha_keV,4571.809999999823,4571.83,0.02000000017687853
85,70,Sn_keV,8641.804999999935,8641.88,0.07500000006439222
85,70,Sp_keV,3364.533000000054,3364.49,0.04300000005423499
85,70,S2p_keV,4608.361999999965,4608.45,0.08800000003520836
85,70,Qalpha_keV,5338.766999999993,5338.68,0.08699999999225838
84,71,Sp_keV,-93.06499999994412,-93.07,0.005000000055872533
84,71,S2n_keV,20269.648000000045,20269.58,0.06800000004295725
84,71,S2p_keV,3138.850000000093,3138.73,0.12000000009311407
84,71,Qalpha_keV,5802.611999999732,5802.71,0.09800000026825728
96,60,Sn_keV,6261.175999999745,6261.24,0.0640000002549641
96,60,Sp_keV,12347.405999999959,12347.34,0.06599999995887629
96,60,S2n_keV,10931.829999999842,10931.86,0.030000000158906914
95,61,Sn_keV,5295.09999999986,5295.03,0.06999999986055627
95,61,Sp_keV,9168.85999999987,9168.89,0.030000000129803084
95,61,S2n_keV,11814.876000000164,11814.93,0.053999999836378265
95,61,S2p_keV,20547.138000000035,20547.16,0.021999999964464223
95,61,Qalpha_keV,-2830.5120000001043,-2830.47,0.04200000010450822
94,62,Sn_keV,7243.861999999965,7243.85,0.011999999964245944
94,62,Sp_keV,9711.77199999988,9711.77,0.001999999880354153
94,62,S2n_keV,13050.831999999937,13050.81,0.021999999937179382
94,62,S2p_keV,18256.185999999987,18256.25,0.06400000001303852
94,62,Qalpha_keV,-1638.8400000000838,-1638.87,0.02999999991607183
93,63,Sn_keV,6339.207999999868,6339.31,0.10200000013264798
93,63,Sp_keV,7183.957999999868,7183.95,0.007999999867934093
93,63,S2n_keV,14490.579999999842,14490.6,0.020000000158688636
93,63,S2p_keV,16171.644000000088,16171.76,0.11599999991267396
93,63,Qalpha_keV,-1256.5439999999944,-1256.53,0.01399999999443935
92,64,Sn_keV,8536.323000000091,8536.35,0.026999999909094186
92,64,Sp_keV,8006.06799999997,8006.1,0.03200000003016612
92,64,S2n_keV,14971.64000000013,14971.58,0.06000000013045792
92,64,S2p_keV,14657.787999999942,14657.7,0.0879999999415304
92,64,Qalpha_keV,-197.2839999999851,-197.23,0.05399999998510907
91,65,Sn_keV,6912.010000000009,6911.95,0.060000000009495125
91,65,Sp_keV,5309.77500000014,5309.82,0.044999999860010576
91,65,S2n_keV,16077.111999999965,16077.04,0.07199999996373663
91,65,S2p_keV,12930.891999999993,12930.86,0.03199999999196734
91,65,Qalpha_keV,372.3039999997709,372.36,0.056000000229118996
90,66,Sn_keV,9444.674000000115,9444.69,0.015999999885025318
90,66,Sp_keV,6567.874000000069,6567.84,0.03400000006877235
90,66,S2n_keV,16277.212000000058,16277.29,0.07799999994313112
90,66,S2p_keV,11400.956000000238,11400.94,0.016000000237909262
90,66,Qalpha_keV,1753.0799999998417,1753.04,0.03999999984171154
89,67,Sn_keV,7510.397000000114,7510.5,0.10299999988637865
89,67,Sp_keV,3612.3020000001416,3612.34,0.03799999985858449
89,67,S2n_keV,16981.678000000305,16981.65,0.028000000304018613
89,67,S2p_keV,9900.60400000005,9900.59,0.0140000000501459
89,67,Qalpha_keV,2813.1079999997746,2813.04,0.06799999977465632
88,68,Sn_keV,10072.733999999939,10072.72,0.013999999939187546
88,68,Sp_keV,5460.08899999992,5460.2,0.11100000007991184
88,68,S2n_keV,17748.030000000028,17748.09,0.05999999997220584
88,68,S2p_keV,8394.53199999989,8394.65,0.11800000010953227
88,68,Qalpha_keV,3482.647999999812,3482.64,0.00799999981200017
87,69,Sn_keV,8274.483000000007,8274.46,0.023000000008323696
87,69,Sp_keV,1909.0979999999981,1908.98,0.11799999999811916
87,69,S2n_keV,18544.576000000117,18544.45,0.12600000011661905
87,69,S2p_keV,6767.734000000171,6767.61,0.12400000017169077
87,69,Qalpha_keV,4345.115999999922,4345.14,0.024000000078558514
86,70,Sn_keV,10827.175000000047,10827.08,0.09500000004663889
86,70,Sp_keV,3921.6149999999907,3921.58,0.034999999990759534
86,70,S2n_keV,19468.97999999998,19468.96,0.019999999982246663
86,70,S2p_keV,5231.526000000071,5231.46,0.06600000007074414
86,70,Qalpha_keV,4810.431999999797,4810.57,0.13800000020273728
85,71,Sn_keV,9271.037000000011,9271.15,0.11299999998846033
85,71,Sp_keV,536.1670000001322,536.21,0.042999999867788574
85,71,S2p_keV,3900.7000000001863,3900.7,1.864464138634503e-10
85,71,Qalpha_keV,5595.815999999875,5595.73,0.08599999987563933
84,72,Sp_keV,2606.092999999877,2606.16,0.06700000012278906
84,72,S2p_keV,2513.027999999933,2513.09,0.062000000067200745
84,72,Qalpha_keV,6028.456000000006,6028.49,0.033999999994193786
97,60,Sn_keV,4059.2670000002254,4059.22,0.04700000022558015
97,60,S2n_keV,10320.44299999997,10320.45,0.007000000030529918
96,61,Sn_keV,6204.628000000026,6204.72,0.09199999997417763
96,61,Sp_keV,9112.31200000015,9112.37,0.0579999998499261
96,61,S2n_keV,11499.727999999886,11499.75,0.022000000113621354
96,61,S2p_keV,21459.71800000011,21459.71,0.008000000110769179
96,61,Qalpha_keV,-3153.440000000177,-3153.48,0.0399999998230669
95,62,Sn_keV,5386.23900000006,5386.16,0.07900000005975016
95,62,Sp_keV,9802.91100000008,9802.9,0.01100000008045754
95,62,S2n_keV,12630.101000000024,12630.02,0.08100000002377783
95,62,S2p_keV,18971.77099999995,18971.79,0.019000000051164534
95,62,Qalpha_keV,-1772.1850000000559,-1772.2,0.01499999994416612
94,63,Sn_keV,7444.439000000013,7444.47,0.030999999987216142
94,63,Sp_keV,7384.534999999916,7384.56,0.02500000008421921
94,63,S2n_keV,13783.64699999988,13783.78,0.13300000011986413
94,63,S2p_keV,17096.306999999797,17096.33,0.02300000020477455
94,63,Qalpha_keV,-1235.5770000000484,-1235.62,0.04299999995146209
93,64,Sn_keV,6359.891999999993,6359.86,0.03199999999287684
93,64,Sp_keV,8026.752000000095,8026.64,0.11200000009466748
93,64,S2n_keV,14896.215000000084,14896.21,0.005000000084692147
93,64,S2p_keV,15210.709999999963,15210.59,0.11999999996260158
93,64,Qalpha_keV,-688.75,-688.69,0.05999999999994543
92,65,Sn_keV,8743.977999999886,8744.0,0.022000000113621354
92,65,Sp_keV,5517.429999999935,5517.47,0.04000000006544724
92,65,S2n_keV,15655.987999999896,15655.95,0.037999999894964276
92,65,S2p_keV,13523.497999999905,13523.56,0.062000000094485586
92,65,Qalpha_keV,178.65099999983795,178.63,0.02099999983795442
91,66,Sn_keV,6966.572999999858,6966.61,0.03700000014123361
91,66,Sp_keV,6622.436999999918,6622.51,0.07300000008217467
91,66,S2n_keV,16411.246999999974,16411.3,0.053000000025349436
91,66,S2p_keV,11932.212000000058,11932.32,0.10799999994196696
91,66,Qalpha_keV,1033.505000000121,1033.38,0.1250000001209628
90,67,Sn_keV,9423.601999999955,9423.55,0.05199999995602411
90,67,Sp_keV,3591.2299999999814,3591.21,0.01999999998133717
90,67,S2n_keV,16933.99900000007,16934.05,0.050999999930354534
90,67,S2p_keV,10159.10400000005,10159.05,0.054000000051019015
90,67,Qalpha_keV,2057.3909999998286,2057.46,0.06900000017139973
89,68,Sn_keV,7250.4529999999795,7250.35,0.1029999999791471
89,68,Sp_keV,5200.144999999786,5200.05,0.09499999978561391
89,68,S2n_keV,17323.186999999918,17323.07,0.11699999991833465
89,68,S2p_keV,8812.446999999927,8812.39,0.056999999927938916
89,68,Qalpha_keV,3328.253999999957,3328.25,0.003999999957159162
88,69,Sn_keV,9978.435000000056,9978.51,0.07499999994433892
88,69,Sp_keV,1814.7990000001155,1814.76,0.039000000115493094
88,69,S2n_keV,18252.918000000063,18252.97,0.05199999993783422
88,69,S2p_keV,7274.888000000035,7274.96,0.07199999996464612
88,69,Qalpha_keV,3851.2309999999125,3851.2,0.030999999912637577
87,70,Sn_keV,8238.290000000037,8238.38,0.08999999996194674
87,70,Sp_keV,3885.4220000000205,3885.5,0.0779999999795109
87,70,S2n_keV,19065.465000000084,19065.46,0.005000000084692147
87,70,S2p_keV,5794.520000000019,5794.48,0.04000000001906301
87,70,Qalpha_keV,4621.832999999868,4621.75,0.0829999998677522
86,71,Sn_keV,10778.207999999868,10778.1,0.1079999998673884
86,71,Sp_keV,487.19999999995343,487.23,0.03000000004658432
86,71,S2n_keV,20049.24499999988,20049.26,0.015000000119471224
86,71,S2p_keV,4408.814999999944,4408.82,0.005000000055588316
86,71,Qalpha_keV,5107.564999999944,5107.67,0.10500000005595211
84,73,Sp_keV,-934.6399999998976,-934.6,0.03999999989753178
84,73,S2p_keV,1671.4529999999795,1671.56,0.10700000002043453
84,73,Qalpha_keV,6354.558999999892,6354.52,0.038999999891530024
97,61,Sn_keV,4863.523999999976,4863.48,0.04399999997622217
97,61,Sp_keV,9916.568999999901,9916.64,0.07100000009813812
97,61,S2n_keV,11068.152000000002,11068.2,0.04799999999886495
97,61,Qalpha_keV,-3319.630000000121,-3319.71,0.07999999987896445
96,62,Sn_keV,6643.877000000095,6643.98,0.10299999990456854
96,62,Sp_keV,10242.160000000149,10242.17,0.009999999851061148
96,62,S2n_keV,12030.116000000155,12030.15,0.033999999845036655
96,62,S2p_keV,19354.4720000003,19354.54,0.06799999970098725
96,62,Qalpha_keV,-1990.6420000002254,-1990.74,0.09799999977462903
95,63,Sn_keV,5868.185000000056,5868.18,0.005000000055588316
95,63,Sp_keV,7866.4809999999125,7866.58,0.09900000008747156
95,63,S2n_keV,13312.624000000069,13312.65,0.02599999993071833
95,63,S2p_keV,17669.391999999993,17669.49,0.09800000000905129
95,63,Qalpha_keV,-1188.6080000002403,-1188.75,0.14199999975971878
94,64,Sn_keV,7937.270000000019,7937.39,0.11999999998170097
94,64,Sp_keV,8519.5830000001,8519.57,0.013000000100873876
94,64,S2n_keV,14297.162000000011,14297.25,0.08799999998882413
94,64,S2p_keV,15904.118000000017,15904.13,0.011999999982435838
94,64,Qalpha_keV,-659.2900000000373,-659.28,0.010000000037280188
93,65,Sn_keV,6778.50400000019,6778.48,0.024000000190426363
93,65,Sp_keV,5936.042000000132,5936.09,0.047999999867897714
93,65,S2n_keV,15522.482000000076,15522.48,0.0020000000768050086
93,65,S2p_keV,13962.794000000227,13962.73,0.06400000022767927
93,65,Qalpha_keV,-157.71400000015274,-157.67,0.04400000015274941
92,66,Sn_keV,9053.936999999918,9053.84,0.0969999999178981
92,66,Sp_keV,6932.39599999995,6932.35,0.04599999994934478
92,66,S2n_keV,16020.509999999776,16020.46,0.0499999997773557
92,66,S2p_keV,12449.825999999885,12449.82,0.005999999884807039
92,66,Qalpha_keV,874.1939999999013,874.26,0.0660000000987111
91,67,Sn_keV,7427.157999999821,7427.15,0.007999999821549864
91,67,Sp_keV,4051.814999999944,4051.74,0.07499999994433892
91,67,S2n_keV,16850.759999999776,16850.7,0.059999999775754986
91,67,S2p_keV,10674.251999999862,10674.25,0.001999999862164259
91,67,Qalpha_keV,1544.2960000000894,1544.37,0.0739999999104839
90,68,Sn_keV,9985.611000000034,9985.71,0.09899999996559927
90,68,Sp_keV,5762.153999999864,5762.21,0.056000000136009476
90,68,S2n_keV,17236.064000000013,17236.06,0.004000000011728844
90,68,S2p_keV,9353.383999999845,9353.41,0.026000000154454028
90,68,Qalpha_keV,2665.064000000013,2664.95,0.11400000001322041
89,69,Sn_keV,8038.398999999976,8038.34,0.058999999975640094
89,69,Sp_keV,2602.7450000001118,2602.75,0.004999999888241291
89,69,S2n_keV,18016.83400000003,18016.84,0.005999999968480552
89,69,S2p_keV,7802.889999999898,7802.8,0.08999999989737262
89,69,Qalpha_keV,3511.091999999713,3511.21,0.11800000028688373
88,70,Sn_keV,10656.043999999994,10656.03,0.013999999993757228
88,70,Sp_keV,4563.030999999959,4563.02,0.01099999995858525
88,70,S2n_keV,18894.33400000003,18894.41,0.07599999996818951
88,70,S2p_keV,6377.8300000000745,6377.78,0.050000000074760464
88,70,Qalpha_keV,4169.799999999814,4169.79,0.009999999813771865
87,71,Sn_keV,8826.804000000004,8826.91,0.10599999999612919
87,71,Sp_keV,1075.71399999992,1075.76,0.046000000080084646
87,71,S2n_keV,19605.01199999987,19605.01,0.0019999998730781954
87,71,S2p_keV,4961.13599999994,4961.26,0.12400000005982292
87,71,Qalpha_keV,4789.947999999858,4789.95,0.0020000001413791324
86,72,Sp_keV,2934.6680000000633,2934.77,0.10199999993665188
86,72,S2n_keV,20377.820000000065,20377.87,0.049999999933788786
86,72,S2p_keV,3421.8680000000168,3422.0,0.1319999999832362
86,72,Qalpha_keV,5404.811999999918,5404.7,0.11199999991822551
98,61,Sn_keV,5536.449000000022,5536.39,0.059000000022024324
98,61,S2n_keV,10399.972999999998,10399.87,0.102999999997337
98,61,Qalpha_keV,-3564.031000000192,-3563.93,0.10100000019201616
97,62,Sn_keV,5028.936999999918,5028.85,0.08699999991767982
97,62,Sp_keV,10407.573000000091,10407.54,0.0330000000903965
97,62,S2n_keV,11672.814000000013,11672.83,0.015999999986888724
97,62,S2p_keV,20324.141999999993,20324.17,0.02800000000570435
97,62,Qalpha_keV,-2348.9250000000466,-2348.97,0.04499999995323378
96,63,Sn_keV,6859.132999999914,6859.01,0.12299999991410004
96,63,Sp_keV,8081.736999999732,8081.61,0.12699999973210652
96,63,S2n_keV,12727.31799999997,12727.2,0.11799999996947008
96,63,S2p_keV,18323.89699999988,18323.78,0.11699999988195486
96,63,Qalpha_keV,-1527.964999999851,-1527.87,0.09499999985109753
95,64,Sn_keV,5943.219999999972,5943.21,0.009999999972023943
95,64,Sp_keV,8594.618000000017,8594.59,0.028000000016618287
95,64,S2n_keV,13880.48999999999,13880.59,0.10000000000945874
95,64,S2p_keV,16461.09899999993,16461.17,0.07100000006903429
95,64,Qalpha_keV,-795.5400000000373,-795.53,0.010000000037280188
94,65,Sn_keV,8133.021999999881,8133.02,0.001999999880354153
94,65,Sp_keV,6131.793999999994,6131.72,0.0739999999941574
94,65,S2n_keV,14911.52600000007,14911.5,0.026000000070780516
94,65,S2p_keV,14651.377000000095,14651.28,0.09700000009434007
94,65,Qalpha_keV,-139.3640000000596,-139.4,0.03599999994040104
93,66,Sn_keV,6831.309000000125,6831.42,0.11099999987527553
93,66,Sp_keV,6985.2009999998845,6985.29,0.08900000011544762
93,66,S2n_keV,15885.246000000043,15885.26,0.01399999995737744
93,66,S2p_keV,12921.243000000017,12921.38,0.13699999998243584
93,66,Qalpha_keV,478.2019999998156,478.07,0.13199999981560495
92,67,Sn_keV,9213.588000000222,9213.58,0.008000000221727532
92,67,Sp_keV,4211.466000000248,4211.47,0.003999999752522854
92,67,S2n_keV,16640.746000000043,16640.73,0.016000000043277396
92,67,S2p_keV,11143.862000000197,11143.83,0.032000000197513145
92,67,Qalpha_keV,1495.809999999823,1495.89,0.08000000017705133
91,68,Sn_keV,7327.645000000019,7327.67,0.024999999981446308
91,68,Sp_keV,5662.6410000000615,5662.73,0.08899999993809615
91,68,S2n_keV,17313.256000000052,17313.38,0.12399999994886457
91,68,S2p_keV,9714.456000000006,9714.47,0.013999999993757228
91,68,Qalpha_keV,2169.9569999999367,2169.89,0.0669999999367974
90,69,Sn_keV,9938.443999999901,9938.52,0.07600000009915675
90,69,Sp_keV,2555.5779999999795,2555.56,0.017999999979565473
90,69,S2n_keV,17976.842999999877,17976.86,0.017000000123516656
90,69,S2p_keV,8317.731999999844,8317.77,0.03800000015689875
90,69,Qalpha_keV,3043.9290000000037,3043.84,0.08900000000357977
89,70,Sn_keV,7899.851000000024,7899.85,0.001000000023850589
89,70,Sp_keV,4424.483000000007,4424.54,0.05699999999251304
89,70,S2n_keV,18555.89500000002,18555.88,0.015000000017607817
89,70,S2p_keV,7027.228000000119,7027.28,0.05199999988053605
89,70,Qalpha_keV,3945.244999999879,3945.3,0.055000000121253834
88,71,Sn_keV,10567.656000000192,10567.62,0.036000000191052095
88,71,Sp_keV,987.3260000001173,987.35,0.023999999882676093
88,71,S2n_keV,19394.460000000196,19394.53,0.0699999998032581
88,71,S2p_keV,5550.357000000076,5550.37,0.01299999992352241
88,71,Qalpha_keV,4492.3849999997765,4492.32,0.06499999977677362
87,72,Sn_keV,8821.591000000015,8821.56,0.031000000015410478
87,72,Sp_keV,2929.4550000000745,2929.43,0.025000000074669515
87,72,S2p_keV,4005.1689999999944,4005.19,0.021000000005642505
87,72,Qalpha_keV,5225.025999999838,5225.01,0.015999999837731593
86,73,Sp_keV,-369.24500000011176,-369.27,0.0249999998882231
86,73,S2n_keV,20943.21499999985,20943.19,0.02499999985229806
86,73,S2p_keV,2565.4229999999516,2565.5,0.07700000004842877
86,73,Qalpha_keV,5680.992000000086,5680.9,0.09200000008604547
98,62,Sn_keV,6098.2949999999255,6098.33,0.035000000074433046
98,62,Sp_keV,10969.418999999994,10969.48,0.06100000000515138
98,62,S2n_keV,11127.231999999844,11127.18,0.05199999984324677
98,62,Qalpha_keV,-2186.0440000002272,-2186.07,0.025999999772921
97,63,Sn_keV,5508.854999999981,5508.9,0.045000000018262654
97,63,Sp_keV,8561.654999999795,8561.66,0.005000000204745447
97,63,S2n_keV,12367.987999999896,12367.91,0.07799999989583739
97,63,S2p_keV,18969.227999999886,18969.2,0.02799999988565105
97,63,Qalpha_keV,-1741.719999999972,-1741.74,0.020000000027948772
96,64,Sn_keV,7451.449999999953,7451.46,0.010000000046602509
96,64,Sp_keV,9186.935000000056,9187.04,0.10499999994499376
96,64,S2n_keV,13394.669999999925,13394.67,7.457856554538012e-11
96,64,S2p_keV,17268.671999999788,17268.65,0.02199999978620326
96,64,Qalpha_keV,-1003.1280000000261,-1003.14,0.011999999973909325
95,65,Sn_keV,6375.195999999996,6375.21,0.01400000000376167
95,65,Sp_keV,6563.770000000019,6563.72,0.05000000001837179
95,65,S2n_keV,14508.217999999877,14508.23,0.012000000122498022
95,65,S2p_keV,15158.388000000035,15158.31,0.07800000003589957
95,65,Qalpha_keV,-175.35200000018813,-175.3,0.05200000018811579
94,66,Sn_keV,8576.617000000086,8576.48,0.13700000008611823
94,66,Sp_keV,7428.796000000089,7428.75,0.04600000008940697
94,66,S2n_keV,15407.92600000021,15407.9,0.0260000002108427
94,66,S2p_keV,13560.590000000084,13560.47,0.12000000008447387
94,66,Qalpha_keV,437.9079999998212,437.94,0.03200000017881166
93,67,Sn_keV,7123.9799999997485,7124.08,0.10000000025138434
93,67,Sp_keV,4504.1369999998715,4504.13,0.006999999871368345
93,67,S2n_keV,16337.56799999997,16337.65,0.08200000002943852
93,67,S2p_keV,11489.337999999756,11489.42,0.08200000024407927
93,67,Qalpha_keV,1283.8400000000838,1283.76,0.08000000008382813
92,68,Sn_keV,9575.40699999989,9575.38,0.02699999989090429
92,68,Sp_keV,6024.45999999973,6024.54,0.08000000027004717
92,68,S2n_keV,16903.05199999991,16903.05,0.0019999999094579834
92,68,S2p_keV,10235.925999999978,10236.01,0.08400000002257002
92,68,Qalpha_keV,2039.224000000162,2039.19,0.03400000016199556
91,69,Sn_keV,7802.994000000181,7802.95,0.04400000018085848
91,69,Sp_keV,3030.9270000001416,3030.84,0.08700000014141551
91,69,S2n_keV,17741.438000000082,17741.47,0.03199999991920777
91,69,S2p_keV,8693.568000000203,8693.57,0.0019999997966806404
91,69,Qalpha_keV,2751.3319999999367,2751.39,0.058000000063202606
90,70,Sn_keV,10397.434999999823,10397.46,0.025000000176078174
90,70,Sp_keV,4883.473999999929,4883.47,0.003999999928964826
90,70,S2n_keV,18297.285999999847,18297.31,0.024000000154046575
90,70,S2p_keV,7439.051999999909,7439.03,0.021999999908985046
90,70,Qalpha_keV,3620.5439999999944,3620.57,0.026000000005751644
89,71,Sn_keV,8632.679999999935,8632.65,0.029999999935171218
89,71,Sp_keV,1720.155000000028,1720.15,0.005000000027848728
89,71,S2n_keV,19200.336000000127,19200.27,0.06600000012622331
89,71,S2p_keV,6144.638000000035,6144.68,0.04199999996490078
89,71,Qalpha_keV,4134.187999999849,4134.13,0.057999999849016604
88,72,Sn_keV,11149.92100000009,11149.83,0.09100000008947973
88,72,Sp_keV,3511.719999999972,3511.64,0.07999999997218765
88,72,S2n_keV,19971.512000000104,19971.39,0.1220000001048902
88,72,S2p_keV,4499.046000000089,4498.99,0.056000000089625246
88,72,Qalpha_keV,4902.279999999795,4902.26,0.019999999794890755
87,73,Sn_keV,9501.237000000197,9501.2,0.03700000019671279
87,73,Sp_keV,310.4010000000708,310.37,0.031000000070775968
87,73,S2p_keV,3239.8560000001453,3239.79,0.0660000001453227
87,73,Qalpha_keV,5450.791999999899,5450.86,0.06800000010025542
86,74,Sp_keV,2221.717000000179,2221.62,0.09700000017892307
86,74,S2p_keV,1852.472000000067,1852.34,0.13200000006713708
86,74,Qalpha_keV,6065.367999999784,6065.45,0.08200000021588494
99,62,Sn_keV,4508.439999999944,4508.48,0.0400000000554428
99,62,S2n_keV,10606.73499999987,10606.82,0.08500000013009412
99,62,Qalpha_keV,-2635.216999999946,-2635.33,0.11300000005394395
98,63,Sn_keV,6382.420000000158,6382.38,0.0400000001582157
98,63,Sp_keV,8845.780000000028,8845.7,0.08000000002721208
98,63,S2n_keV,11891.27500000014,11891.27,0.005000000139261829
98,63,S2p_keV,19815.199000000022,19815.18,0.019000000022060703
98,63,Qalpha_keV,-1919.5120000001043,-1919.4,0.11200000010421718
97,64,Sn_keV,5635.506000000052,5635.4,0.10600000005251786
97,64,Sp_keV,9313.586000000127,9313.54,0.046000000125786755
97,64,S2n_keV,13086.956000000006,13086.86,0.09600000000500586
97,64,S2p_keV,17875.24099999992,17875.2,0.04099999992104131
97,64,Qalpha_keV,-1252.3950000000186,-1252.37,0.02500000001873559
96,65,Sn_keV,7696.554000000004,7696.61,0.05599999999594729
96,65,Sp_keV,6808.874000000069,6808.87,0.00400000006902701
96,65,S2n_keV,14071.75,14071.82,0.06999999999970896
96,65,S2p_keV,15995.809000000125,15995.9,0.09099999987483898
96,65,Qalpha_keV,-427.4670000001788,-427.44,0.027000000178816208
95,66,Sn_keV,6454.2619999998715,6454.39,0.12800000012884993
95,66,Sp_keV,7507.861999999965,7507.93,0.0680000000356813
95,66,S2n_keV,15030.878999999957,15030.87,0.008999999956358806
95,66,S2p_keV,14071.631999999983,14071.65,0.01800000001640001
95,66,Qalpha_keV,343.53799999994226,343.41,0.127999999942233
94,67,Sn_keV,8886.47399999993,8886.43,0.043999999928928446
94,67,Sp_keV,4813.993999999715,4814.08,0.08600000028491195
94,67,S2n_keV,16010.453999999678,16010.51,0.05600000032245589
94,67,S2p_keV,12242.789999999804,12242.84,0.05000000019572326
94,67,Qalpha_keV,1141.344000000041,1141.33,0.014000000041050953
93,68,Sn_keV,7207.456000000006,7207.38,0.0760000000054788
93,68,Sp_keV,6107.935999999987,6107.84,0.09599999998681596
93,68,S2n_keV,16782.862999999896,16782.77,0.09299999989525531
93,68,S2p_keV,10612.072999999858,10611.97,0.1029999998590938
93,68,Qalpha_keV,1798.341000000015,1798.42,0.0789999999851716
92,69,Sn_keV,9668.009999999776,9668.0,0.009999999776482582
92,69,Sp_keV,3123.530000000028,3123.45,0.08000000002812158
92,69,S2n_keV,17471.003999999957,17470.94,0.06399999995846883
92,69,S2p_keV,9147.989999999758,9147.99,2.419255906715989e-10
92,69,Qalpha_keV,2506.9240000001155,2506.95,0.025999999884334102
91,70,Sn_keV,7745.616000000155,7745.54,0.07600000015463593
91,70,Sp_keV,4826.095999999903,4826.07,0.02599999990343349
91,70,S2n_keV,18143.050999999978,18143.0,0.05099999997764826
91,70,S2p_keV,7857.023000000045,7856.91,0.113000000044849
91,70,Qalpha_keV,3125.3809999998193,3125.37,0.01099999981943256
90,71,Sn_keV,10363.660999999847,10363.72,0.059000000152082066
90,71,Sp_keV,1686.3810000000522,1686.41,0.02899999994792779
90,71,S2n_keV,18996.340999999782,18996.37,0.02900000021691085
90,71,S2p_keV,6569.854999999981,6569.89,0.03500000001895387
90,71,Qalpha_keV,3748.9620000000577,3748.91,0.05200000005788752
89,72,Sn_keV,8455.3609999998,8455.45,0.08900000020003063
89,72,Sp_keV,3334.400999999838,3334.43,0.02900000016188642
89,72,S2n_keV,19605.28199999989,19605.28,0.0019999998912680894
89,72,S2p_keV,5054.555999999866,5054.58,0.02400000013403769
89,72,Qalpha_keV,4685.209000000032,4685.2,0.009000000031846866
88,73,Sn_keV,10898.569999999832,10898.63,0.06000000016683771
88,73,Sp_keV,59.049999999813735,59.17,0.12000000018626622
88,73,S2n_keV,20399.80700000003,20399.83,0.022999999971943907
88,73,S2p_keV,3570.769999999786,3570.8,0.03000000021438609
88,73,Qalpha_keV,5330.429999999935,5330.33,0.09999999993488018
86,75,Sp_keV,-1197.2939999999944,-1197.28,0.01399999999443935
86,75,S2p_keV,1024.4230000001844,1024.34,0.08300000018448372
86,75,Qalpha_keV,6328.021999999881,6328.13,0.10800000011931843
99,63,Sn_keV,4974.428000000073,4974.41,0.01800000007278868
99,63,Sp_keV,9311.768000000156,9311.62,0.14800000015566184
99,63,S2n_keV,11356.848000000231,11356.78,0.06800000023031316
99,63,Qalpha_keV,-2030.4160000002012,-2030.32,0.09600000020122934
98,64,Sn_keV,6845.913999999873,6845.9,0.013999999873703928
98,64,Sp_keV,9777.079999999842,9777.06,0.01999999984218448
98,64,S2n_keV,12481.419999999925,12481.3,0.11999999992622179
98,64,S2p_keV,18622.85999999987,18622.76,0.09999999987121555
98,64,Qalpha_keV,-1454.431999999797,-1454.29,0.14199999979700806
97,65,Sn_keV,6285.229999999981,6285.14,0.08999999998104613
97,65,Sp_keV,7458.597999999998,7458.61,0.012000000001535227
97,65,S2n_keV,13981.783999999985,13981.75,0.03399999998509884
97,65,S2p_keV,16772.184000000125,16772.15,0.034000000123342033
97,65,Qalpha_keV,-844.5120000001043,-844.4,0.11200000010433087
96,66,Sn_keV,8197.115999999922,8196.99,0.12599999992198718
96,66,Sp_keV,8008.423999999883,8008.32,0.1039999998829444
96,66,S2n_keV,14651.377999999793,14651.38,0.0020000002059532562
96,66,S2p_keV,14817.297999999952,14817.18,0.11799999995128019
96,66,Qalpha_keV,83.69200000003912,83.81,0.11799999996088673
95,67,Sn_keV,6915.552000000142,6915.59,0.03799999985858449
95,67,Sp_keV,5275.283999999985,5275.28,0.003999999985353497
95,67,S2n_keV,15802.02600000007,15802.02,0.006000000070343958
95,67,S2p_keV,12783.14599999995,12783.22,0.07400000004963658
95,67,Qalpha_keV,1004.2960000000894,1004.22,0.07600000008937968
94,68,Sn_keV,9204.202000000048,9204.23,0.02799999995113467
94,68,Sp_keV,6425.664000000106,6425.65,0.014000000106534571
94,68,S2n_keV,16411.658000000054,16411.62,0.03800000005503534
94,68,S2p_keV,11239.657999999821,11239.73,0.07200000017837738
94,68,Qalpha_keV,1648.0759999998845,1648.03,0.045999999884543286
93,69,Sn_keV,7649.070000000065,7649.09,0.01999999993495294
93,69,Sp_keV,3565.1440000000875,3565.16,0.01599999991231016
93,69,S2n_keV,17317.07999999984,17317.09,0.010000000158470357
93,69,S2p_keV,9673.080000000075,9673.0,0.0800000000745058
93,69,Qalpha_keV,2285.0119999998715,2285.0,0.011999999871477485
92,70,Sn_keV,10058.716000000015,10058.69,0.026000000014391844
92,70,Sp_keV,5216.802000000142,5216.77,0.032000000141124474
92,70,S2n_keV,17804.33200000017,17804.24,0.0920000001679
92,70,S2p_keV,8340.33200000017,8340.22,0.11200000017015554
92,70,Qalpha_keV,3052.275999999838,3052.39,0.1140000001619228
91,71,Sn_keV,8340.81700000004,8340.73,0.0870000000395521
91,71,Sp_keV,2281.5819999999367,2281.6,0.018000000063238986
91,71,S2n_keV,18704.477999999886,18704.45,0.02799999988565105
91,71,S2p_keV,7107.67799999984,7107.67,0.007999999839739758
91,71,Qalpha_keV,3446.5439999999944,3446.52,0.023999999994430254
90,72,Sn_keV,10924.959000000032,10924.98,0.020999999967898475
90,72,Sp_keV,3895.6990000000224,3895.69,0.009000000022297172
90,72,S2n_keV,19380.319999999832,19380.43,0.1100000001679291
90,72,S2p_keV,5582.0800000000745,5582.1,0.019999999925857992
90,72,Qalpha_keV,4416.293999999994,4416.24,0.05399999999463034
89,73,Sn_keV,9150.262000000104,9150.16,0.10200000010445365
89,73,Sp_keV,753.9510000001173,753.88,0.07100000011735119
89,73,S2n_keV,20048.831999999937,20048.79,0.04199999993579695
89,73,S2p_keV,4088.3519999999553,4088.31,0.041999999955351086
89,73,Qalpha_keV,5006.971999999834,5007.08,0.10800000016570266
88,74,Sp_keV,2587.9660000002477,2587.84,0.12600000024758629
88,74,S2n_keV,20766.0560000001,20766.05,0.006000000099447789
88,74,S2p_keV,2647.0160000000615,2647.0,0.01600000006146729
88,74,Qalpha_keV,5677.13199999975,5677.27,0.138000000250031
100,63,Sn_keV,6015.436999999918,6015.59,0.1530000000821019
100,63,S2n_keV,10989.86499999999,10990.0,0.13500000000931323
100,63,Qalpha_keV,-2509.404000000097,-2509.52,0.11599999990312426
99,64,Sn_keV,5105.550999999978,5105.59,0.03900000002249726
99,64,Sp_keV,9908.202999999747,9908.24,0.03700000025310146
99,64,S2n_keV,11951.464999999851,11951.49,0.025000000148793333
99,64,S2p_keV,19219.970999999903,19219.87,0.10099999990416109
99,64,Qalpha_keV,-1531.0459999998566,-1531.03,0.01599999985660361
98,65,Sn_keV,6991.331000000006,6991.44,0.10899999999401189
98,65,Sp_keV,7604.01500000013,7604.15,0.13499999986925104
98,65,S2n_keV,13276.560999999987,13276.58,0.019000000012965756
98,65,S2p_keV,17381.094999999972,17381.21,0.11500000002706656
98,65,Qalpha_keV,-976.7100000001956,-976.82,0.10999999980447228
97,66,Sn_keV,6270.913000000175,6271.01,0.09699999982512963
97,66,Sp_keV,7994.107000000076,7994.18,0.07299999992392259
97,66,S2n_keV,14468.029000000097,14468.0,0.029000000096857548
97,66,S2p_keV,15452.705000000075,15452.79,0.08499999992636731
97,66,Qalpha_keV,-244.0010000001639,-244.0,0.0010000001639127731
96,67,Sn_keV,8407.90000000014,8407.82,0.08000000013998942
96,67,Sp_keV,5486.068000000203,5486.11,0.04199999979664426
96,67,S2n_keV,15323.452000000281,15323.4,0.052000000281623215
96,67,S2p_keV,13494.492000000086,13494.43,0.06200000008539064
96,67,Qalpha_keV,729.4179999998305,729.42,0.0020000001694597813
95,68,Sn_keV,6904.624000000069,6904.68,0.05599999993137317
95,68,Sp_keV,6414.7360000000335,6414.74,0.003999999966254109
95,68,S2n_keV,16108.826000000117,16108.92,0.09399999988272612
95,68,S2p_keV,11690.020000000019,11690.03,0.009999999982028385
95,68,Qalpha_keV,1574.7609999999404,1574.77,0.009000000059586455
94,69,Sn_keV,9322.476000000024,9322.41,0.0660000000243599
94,69,Sp_keV,3683.4180000000633,3683.34,0.07800000006318442
94,69,S2n_keV,16971.54600000009,16971.5,0.04600000008940697
94,69,S2p_keV,10109.08200000017,10108.98,0.10200000016993727
94,69,Qalpha_keV,2176.124000000069,2176.17,0.04599999993115489
93,70,Sn_keV,7543.965000000084,7544.06,0.09499999991658115
93,70,Sp_keV,5111.69700000016,5111.74,0.04299999983959424
93,70,S2n_keV,17602.6810000001,17602.76,0.0789999998996791
93,70,S2p_keV,8676.841000000248,8676.9,0.0589999997519044
93,70,Qalpha_keV,2835.9559999997728,2836.0,0.04400000022724271
92,71,Sn_keV,10030.934000000125,10030.97,0.03599999987454794
92,71,Sp_keV,2253.8000000000466,2253.88,0.07999999995354301
92,71,S2n_keV,18371.751000000164,18371.7,0.05100000016318518
92,71,S2p_keV,7470.602000000188,7470.64,0.03799999981220026
92,71,Qalpha_keV,3354.053999999771,3354.07,0.016000000229269062
91,72,Sn_keV,8166.32200000016,8166.23,0.09200000016062404
91,72,Sp_keV,3721.2040000001434,3721.19,0.014000000143369107
91,72,S2n_keV,19091.281000000192,19091.21,0.07100000019272557
91,72,S2p_keV,6002.78600000008,6002.79,0.003999999919869879
91,72,Qalpha_keV,4149.822999999858,4149.87,0.04700000014145189
90,73,Sn_keV,10825.638000000035,10825.72,0.0819999999639549
90,73,Sp_keV,654.6300000001211,654.62,0.010000000121067387
90,73,S2n_keV,19975.90000000014,19975.88,0.020000000138679752
90,73,S2p_keV,4550.329000000143,4550.31,0.0190000001430235
90,73,Qalpha_keV,4748.989999999991,4748.98,0.009999999991123332
89,74,Sn_keV,8979.252999999793,8979.34,0.08700000020689913
89,74,Sp_keV,2416.9569999999367,2417.02,0.06300000006331175
89,74,S2p_keV,3170.908000000054,3170.89,0.01800000005414404
89,74,Qalpha_keV,5519.469999999972,5519.49,0.0200000000277214
88,75,Sp_keV,-703.9250000002794,-703.92,0.0050000002794377
88,75,S2n_keV,21259.424999999814,21259.42,0.004999999815481715
88,75,S2p_keV,1884.0409999999683,1883.92,0.12099999996826227
88,75,Qalpha_keV,6011.811999999918,6011.91,0.09800000008181087
99,65,Sn_keV,5553.273000000045,5553.21,0.0630000000446671
99,65,Sp_keV,8051.737000000197,8051.77,0.03299999980299617
99,65,S2n_keV,12544.60400000005,12544.64,0.035999999949126504
99,65,S2p_keV,17959.939999999944,17960.01,0.07000000005427864
99,65,Qalpha_keV,-1021.1280000002589,-1021.13,0.001999999741087777
98,66,Sn_keV,7658.132999999914,7658.12,0.012999999914427462
98,66,Sp_keV,8660.908999999985,8660.86,0.04899999998451676
98,66,S2n_keV,13929.04600000009,13929.12,0.07399999991139339
98,66,S2p_keV,16264.924000000115,16265.01,0.08599999988473428
98,66,Qalpha_keV,-450.6840000001248,-450.65,0.03400000012481996
97,67,Sn_keV,6674.729999999981,6674.78,0.05000000001837179
97,67,Sp_keV,5889.885000000009,5889.88,0.005000000009204086
97,67,S2n_keV,15082.630000000121,15082.6,0.030000000120708137
97,67,S2p_keV,13883.992000000086,13884.06,0.067999999913809
97,67,Qalpha_keV,429.8839999998454,429.85,0.033999999845377715
96,68,Sn_keV,8846.325999999885,8846.33,0.00400000011541124
96,68,Sp_keV,6853.161999999778,6853.25,0.08800000022165477
96,68,S2n_keV,15750.949999999953,15751.01,0.06000000004678441
96,68,S2p_keV,12339.229999999981,12339.36,0.13000000001920853
96,68,Qalpha_keV,1305.0520000001416,1304.92,0.13200000014148827
95,69,Sn_keV,7247.408000000054,7247.46,0.05199999994601967
95,69,Sp_keV,4026.2020000000484,4026.12,0.08200000004853791
95,69,S2n_keV,16569.88400000008,16569.88,0.004000000077212462
95,69,S2p_keV,10440.938000000082,10440.86,0.07800000008137431
95,69,Qalpha_keV,2052.6959999997634,2052.78,0.08400000023675602
94,70,Sn_keV,9789.650999999838,9789.64,0.010999999838531949
94,70,Sp_keV,5578.871999999974,5578.97,0.09800000002633169
94,70,S2n_keV,17333.61599999992,17333.71,0.09400000007735798
94,70,S2p_keV,9262.290000000037,9262.31,0.01999999996223778
94,70,Qalpha_keV,2621.711999999825,2621.74,0.028000000174870365
93,71,Sn_keV,7922.363999999827,7922.28,0.08399999982702866
93,71,Sp_keV,2632.1989999997895,2632.09,0.10899999978937558
93,71,S2n_keV,17953.29799999995,17953.25,0.047999999951571226
93,71,S2p_keV,7743.89599999995,7743.83,0.06599999994978134
93,71,Qalpha_keV,3234.684000000125,3234.74,0.055999999874984496
92,72,Sn_keV,10625.569999999832,10625.57,1.673470251262188e-10
92,72,Sp_keV,4315.839999999851,4315.79,0.04999999985102477
92,72,S2n_keV,18791.891999999993,18791.8,0.09199999999327702
92,72,S2p_keV,6569.639999999898,6569.66,0.020000000102299964
92,72,Qalpha_keV,3921.687999999849,3921.76,0.07200000015109254
91,73,Sn_keV,8819.438000000082,8819.41,0.028000000082101906
91,73,Sp_keV,1307.7460000000428,1307.8,0.05399999995711369
91,73,S2n_keV,19645.076000000117,19645.13,0.05399999988367199
91,73,S2p_keV,5028.950000000186,5028.99,0.039999999813517206
91,73,Qalpha_keV,4562.2319999998435,4562.22,0.011999999843283149
90,74,Sn_keV,11390.867000000086,11390.84,0.027000000085536158
90,74,Sp_keV,2982.185999999987,2982.14,0.04599999998708881
90,74,S2n_keV,20370.11999999988,20370.18,0.06000000012136297
90,74,S2p_keV,3636.816000000108,3636.76,0.05600000010781514
90,74,Qalpha_keV,5278.523999999976,5278.48,0.04399999997622217
89,75,Sn_keV,9586.829000000143,9586.85,0.02099999985694012
89,75,Sp_keV,-96.34899999992922,-96.41,0.061000000070777105
89,75,S2p_keV,2320.6080000000075,2320.61,0.0019999999926767487
89,75,Qalpha_keV,5926.219999999972,5926.26,0.040000000028157956
88,76,Sp_keV,1754.0250000001397,1754.17,0.14499999986037437
88,76,S2p_keV,1050.0999999998603,1050.25,0.1500000001396984
88,76,Qalpha_keV,6479.503999999957,6479.35,0.15399999995679536
99,66,Sn_keV,5716.046000000089,5715.96,0.08600000008937059
99,66,Sp_keV,8823.68200000003,8823.61,0.07200000002922025
99,66,S2n_keV,13374.179000000004,13374.07,0.10900000000401633
99,66,S2p_keV,16875.419000000227,16875.38,0.039000000226224074
99,66,Qalpha_keV,-531.224000000162,-531.21,0.014000000162013748
98,67,Sn_keV,7988.863999999827,7988.82,0.04399999982706504
98,67,Sp_keV,6220.615999999922,6220.58,0.03599999992184166
98,67,S2n_keV,14663.593999999808,14663.6,0.006000000192216248
98,67,S2p_keV,14881.524999999907,14881.44,0.08499999990635843
98,67,Qalpha_keV,137.57400000002235,137.63,0.05599999997764371
97,68,Sn_keV,6650.152000000002,6650.13,0.022000000001753506
97,68,Sp_keV,6828.583999999799,6828.6,0.016000000201529474
97,68,S2n_keV,15496.477999999886,15496.46,0.01799999988725176
97,68,S2p_keV,12718.468999999808,12718.48,0.011000000191415893
97,68,Qalpha_keV,1109.1620000000112,1109.18,0.017999999988887794
96,69,Sn_keV,9096.42100000009,9096.4,0.021000000089770765
96,69,Sp_keV,4276.297000000253,4276.19,0.10700000025371992
96,69,S2n_keV,16343.829000000143,16343.87,0.04099999985737668
96,69,S2p_keV,11129.459000000032,11129.44,0.01900000003115565
96,69,Qalpha_keV,1842.7489999996033,1842.81,0.06100000039668885
95,70,Sn_keV,7349.127000000095,7349.12,0.007000000095104042
95,70,Sp_keV,5680.591000000015,5680.63,0.03899999998520798
95,70,S2n_keV,17138.777999999933,17138.77,0.007999999932508217
95,70,S2p_keV,9706.793000000063,9706.75,0.043000000063329935
95,70,Qalpha_keV,2480.0409999997355,2480.0,0.04099999973550439
94,71,Sn_keV,9871.069000000134,9871.19,0.12099999986639887
94,71,Sp_keV,2713.6170000000857,2713.64,0.022999999914190994
94,71,S2n_keV,17793.43299999996,17793.47,0.0370000000402797
94,71,S2p_keV,8292.48900000006,8292.61,0.12099999994097743
94,71,Qalpha_keV,3031.624999999767,3031.55,0.07499999976698746
93,72,Sn_keV,7888.548000000184,7888.6,0.05199999981596193
93,72,Sp_keV,4282.024000000209,4282.11,0.08599999979105633
93,72,S2n_keV,18514.118000000017,18514.17,0.051999999981489964
93,72,S2p_keV,6914.222999999998,6914.2,0.022999999998319254
93,72,Qalpha_keV,3778.7559999998193,3778.71,0.04599999981928704
92,73,Sn_keV,10636.071999999695,10636.12,0.04800000030627416
92,73,Sp_keV,1318.247999999905,1318.35,0.10200000009490395
92,73,S2n_keV,19455.509999999776,19455.53,0.020000000222353265
92,73,S2p_keV,5634.087999999756,5634.13,0.042000000244115654
92,73,Qalpha_keV,4289.820999999996,4289.83,0.00900000000365253
91,74,Sn_keV,8704.628999999957,8704.63,0.001000000042040483
91,74,Sp_keV,2867.376999999862,2867.37,0.006999999862273398
91,74,S2n_keV,20095.496000000043,20095.48,0.016000000043277396
91,74,S2p_keV,4175.122999999905,4175.16,0.03700000009484938
91,74,Qalpha_keV,5029.255999999819,5029.29,0.0340000001806402
90,75,Sn_keV,11191.919999999925,11192.02,0.10000000007494236
90,75,Sp_keV,-295.2960000000894,-295.23,0.06600000008938878
90,75,S2n_keV,20778.74900000007,20778.87,0.1209999999300635
90,75,S2p_keV,2686.8899999998976,2686.91,0.020000000102299964
90,75,Qalpha_keV,5632.869999999879,5632.88,0.010000000121181074
101,65,S2n_keV,11949.403999999864,11949.46,0.05600000013509998
101,65,Qalpha_keV,-1613.683999999892,-1613.81,0.12600000010797885
100,66,Sn_keV,7043.487999999896,7043.5,0.012000000104308128
100,66,S2n_keV,12759.533999999985,12759.46,0.07399999998597195
100,66,Qalpha_keV,-728.7980000001844,-728.81,0.01199999981554356
99,67,Sn_keV,6243.60400000005,6243.64,0.035999999950036
99,67,Sp_keV,6748.173999999883,6748.27,0.0960000001177832
99,67,S2n_keV,14232.467999999877,14232.46,0.007999999877938535
99,67,S2p_keV,15571.855999999912,15571.88,0.024000000086743967
99,67,Qalpha_keV,179.19999999995343,179.14,0.059999999953447514
98,68,Sn_keV,8476.576000000117,8476.49,0.08600000011756492
98,68,Sp_keV,7316.296000000089,7316.27,0.02600000008897041
98,68,S2n_keV,15126.72800000012,15126.62,0.10800000011840893
98,68,S2p_keV,13536.912000000011,13536.85,0.06200000001081207
98,68,Qalpha_keV,829.7019999998156,829.68,0.021999999815648152
97,69,Sn_keV,7030.439000000013,7030.41,0.029000000013184035
97,69,Sp_keV,4656.5840000002645,4656.47,0.11400000026424095
97,69,S2n_keV,16126.860000000102,16126.81,0.0500000001029548
97,69,S2p_keV,11485.168000000063,11485.08,0.0880000000634027
97,69,Qalpha_keV,1727.8619999997318,1727.99,0.12800000026823
96,70,Sn_keV,9371.253000000026,9371.21,0.04300000002695015
96,70,Sp_keV,5955.422999999952,5955.44,0.017000000048028596
96,70,S2n_keV,16720.38000000012,16720.33,0.050000000119325705
96,70,S2p_keV,10231.720000000205,10231.63,0.09000000020569132
96,70,Qalpha_keV,2312.989999999758,2313.02,0.03000000024212568
95,71,Sn_keV,7650.125,7650.06,0.06499999999959982
95,71,Sp_keV,3014.6149999999907,3014.57,0.044999999990523065
95,71,S2n_keV,17521.194000000134,17521.25,0.05599999986588955
95,71,S2p_keV,8695.206000000006,8695.2,0.00600000000486034
95,71,Qalpha_keV,3030.5699999998324,3030.59,0.020000000167783583
94,72,Sn_keV,10294.82799999998,10294.79,0.03799999997863779
94,72,Sp_keV,4705.783000000054,4705.71,0.07300000005398033
94,72,S2n_keV,18183.376000000164,18183.39,0.01399999983550515
94,72,S2p_keV,7419.40000000014,7419.35,0.05000000013933459
94,72,Qalpha_keV,3542.6439999998547,3542.6,0.04399999985480463
93,73,Sn_keV,8321.606000000145,8321.49,0.1160000001455046
93,73,Sp_keV,1751.305999999866,1751.24,0.06599999986588045
93,73,S2n_keV,18957.67799999984,18957.61,0.06799999983923044
93,73,S2p_keV,6033.3300000000745,6033.35,0.019999999925857992
93,73,Qalpha_keV,4309.03199999989,4309.06,0.02800000011029624
92,74,Sn_keV,11098.349000000162,11098.28,0.06900000016139529
92,74,Sp_keV,3329.6540000003297,3329.53,0.1240000003294881
92,74,S2n_keV,19802.97800000012,19802.91,0.06800000011935481
92,74,S2p_keV,4647.902000000235,4647.88,0.02200000023458415
92,74,Qalpha_keV,4855.865999999689,4855.99,0.12400000031084346
91,75,Sn_keV,9321.222000000067,9321.23,0.007999999932508217
91,75,Sp_keV,321.2970000000205,321.36,0.06299999997952455
91,75,S2n_keV,20513.141999999993,20513.25,0.10800000000745058
91,75,S2p_keV,3188.6739999998827,3188.73,0.056000000117364834
91,75,Qalpha_keV,5461.909999999916,5461.8,0.10999999991599907
90,76,Sp_keV,2082.128000000026,2082.09,0.03800000002593151
90,76,S2n_keV,21106.851999999955,21106.79,0.0619999999544234
90,76,S2p_keV,1786.8319999999367,1786.86,0.02800000006322989
90,76,Qalpha_keV,6138.708000000101,6138.62,0.08800000010069198
101,66,Sn_keV,5418.847000000067,5418.87,0.022999999932835635
101,66,Sp_keV,9336.613000000129,9336.53,0.08300000012786768
101,66,S2n_keV,12462.334999999963,12462.37,0.03500000003805326
101,66,Qalpha_keV,-1042.0940000002738,-1042.09,0.0040000002738906915
100,67,Sn_keV,7281.790000000037,7281.76,0.030000000037034624
100,67,Sp_keV,6986.476000000024,6986.53,0.053999999975530955
100,67,S2n_keV,13525.394000000088,13525.4,0.00599999991209188
100,67,Qalpha_keV,-111.25900000007823,-111.19,0.06900000007823337
99,68,Sn_keV,6436.385000000009,6436.46,0.07499999999072315
99,68,Sp_keV,7509.077000000048,7509.09,0.012999999951716745
99,68,S2n_keV,14912.961000000127,14912.95,0.011000000125932274
99,68,S2p_keV,14257.250999999931,14257.36,0.10900000006949995
99,68,Qalpha_keV,664.2299999999814,664.23,1.864464138634503e-11
98,69,Sn_keV,8727.324999999953,8727.47,0.1450000000459113
98,69,Sp_keV,4907.333000000101,4907.46,0.12699999989945354
98,69,S2n_keV,15757.763999999966,15757.88,0.11600000003272726
98,69,S2p_keV,12223.62900000019,12223.72,0.09099999980935536
98,69,Qalpha_keV,1408.436999999918,1408.34,0.09699999991812547
97,70,Sn_keV,7066.881000000052,7066.94,0.05899999994744576
97,70,Sp_keV,5991.864999999991,5991.97,0.10500000000956788
97,70,S2n_keV,16438.13400000008,16438.15,0.015999999923224095
97,70,S2p_keV,10648.449000000255,10648.44,0.009000000254673068
97,70,Qalpha_keV,2150.7329999997746,2150.76,0.027000000225598342
96,71,Sn_keV,9551.456999999937,9551.46,0.00300000006245682
96,71,Sp_keV,3194.8189999999013,3194.82,0.001000000098883902
96,71,S2n_keV,17201.581999999937,17201.52,0.06199999993623351
96,71,S2p_keV,9150.241999999853,9150.26,0.018000000147367246
96,71,Qalpha_keV,2801.58899999992,2801.54,0.04899999991994264
95,72,Sn_keV,7680.020000000019,7680.09,0.06999999998151907
95,72,Sp_keV,4735.678000000073,4735.75,0.07199999992735684
95,72,S2n_keV,17974.847999999998,17974.88,0.03200000000288128
95,72,S2p_keV,7750.293000000063,7750.32,0.026999999936379027
95,72,Qalpha_keV,3406.58899999992,3406.58,0.008999999919979018
94,73,Sn_keV,10324.601000000024,10324.6,0.001000000023850589
94,73,Sp_keV,1781.0789999999106,1781.05,0.028999999910638508
94,73,S2n_keV,18646.20700000017,18646.09,0.11700000016935519
94,73,S2p_keV,6486.861999999965,6486.76,0.10199999996439146
94,73,Qalpha_keV,4015.3649999999907,4015.43,0.06500000000914952
93,74,Sn_keV,8282.345999999903,8282.44,0.09400000009736686
93,74,Sp_keV,3290.3940000000875,3290.48,0.08599999991247387
93,74,S2n_keV,19380.695000000065,19380.72,0.024999999935971573
93,74,S2p_keV,5041.699999999953,5041.72,0.020000000046820787
93,74,Qalpha_keV,4739.841999999946,4739.78,0.06199999994623795
91,76,Sn_keV,9136.736999999965,9136.67,0.06699999996453698
91,76,Sp_keV,1897.6429999999236,1897.53,0.11299999992365883
91,76,S2p_keV,2218.939999999944,2218.9,0.039999999944029696
91,76,Qalpha_keV,5981.223999999929,5981.28,0.05600000007052586
90,77,Sp_keV,-1070.1359999999404,-1070.11,0.0259999999404954
90,77,S2p_keV,1011.9920000000857,1011.98,0.012000000085663487
90,77,Qalpha_keV,6504.918999999762,6504.81,0.10899999976118124
102,66,Sn_keV,6700.218999999808,6700.26,0.04100000019207073
102,66,S2n_keV,12119.065999999875,12119.13,0.06400000012399687
101,67,Sn_keV,5850.958000000101,5850.99,0.03199999989919888
101,67,Sp_keV,7418.587000000058,7418.64,0.05299999994258542
101,67,S2n_keV,13132.748000000138,13132.75,0.001999999862164259
101,67,S2p_keV,16755.200000000186,16755.17,0.030000000188010745
101,67,Qalpha_keV,-408.9440000001341,-408.97,0.025999999865916834
100,68,Sn_keV,7771.382999999914,7771.31,0.07299999991391815
100,68,Sp_keV,7998.6699999999255,7998.64,0.029999999925166776
100,68,S2n_keV,14207.767999999924,14207.77,0.0020000000768050086
100,68,S2p_keV,14985.14599999995,14985.17,0.02400000005036418
100,68,Qalpha_keV,550.9799999999814,551.03,0.05000000001859917
99,69,Sn_keV,6840.746999999974,6840.61,0.13699999997425039
99,69,Sp_keV,5311.695000000065,5311.6,0.09500000006482878
99,69,S2n_keV,15568.071999999927,15568.08,0.008000000072570401
99,69,S2p_keV,12820.772000000114,12820.69,0.08200000011311204
99,69,Qalpha_keV,1242.4199999999255,1242.5,0.0800000000745058
98,70,Sn_keV,9061.958999999799,9061.86,0.09899999979825225
98,70,Sp_keV,6326.498999999836,6326.36,0.13899999983641464
98,70,S2n_keV,16128.839999999851,16128.8,0.039999999851715984
98,70,S2p_keV,11233.831999999937,11233.81,0.021999999937179382
98,70,Qalpha_keV,1935.0999999998603,1935.23,0.13000000013971658
97,71,Sn_keV,7637.48499999987,7637.58,0.0950000001303124
97,71,Sp_keV,3765.4229999997187,3765.46,0.0370000002812958
97,71,S2n_keV,17188.941999999806,17189.04,0.09800000019458821
97,71,S2p_keV,9757.28799999971,9757.43,0.14200000029086368
97,71,Qalpha_keV,2411.5120000001043,2411.42,0.09200000010423537
96,72,Sn_keV,9964.175999999978,9964.11,0.06599999997706618
96,72,Sp_keV,5148.397000000114,5148.4,0.002999999886014848
96,72,S2n_keV,17644.195999999996,17644.2,0.004000000004452886
96,72,S2p_keV,8343.216000000015,8343.22,0.003999999984444003
96,72,Qalpha_keV,3232.06399999978,3232.11,0.04600000021991946
95,73,Sn_keV,8114.117000000086,8114.17,0.05299999991439108
95,73,Sp_keV,2215.1759999999776,2215.12,0.0559999999777574
95,73,S2n_keV,18438.71800000011,18438.77,0.051999999890540494
95,73,S2p_keV,6950.85400000005,6950.87,0.01599999994959944
95,73,Qalpha_keV,3823.611999999732,3823.55,0.0619999997315972
94,74,Sn_keV,10864.827999999747,10864.89,0.062000000252737664
94,74,Sp_keV,3830.62099999981,3830.76,0.13900000019020808
94,74,S2n_keV,19147.17399999965,19147.33,0.15600000035192352
94,74,S2p_keV,5611.699999999721,5611.81,0.11000000027979695
94,74,Qalpha_keV,4500.584000000032,4500.46,0.12400000003162859
93,75,Sp_keV,984.5799999998417,984.57,0.00999999984162514
93,75,S2n_keV,20043.977999999886,20043.93,0.04799999988608761
93,75,S2p_keV,4274.973999999929,4275.05,0.07600000007096241
93,75,Qalpha_keV,5063.008000000147,5063.0,0.008000000147148967
92,76,Sn_keV,11556.030999999959,11556.05,0.019000000040250598
92,76,S2n_keV,20692.767999999924,20692.73,0.037999999924068106
92,76,S2p_keV,2676.621999999741,2676.67,0.048000000258980435
92,76,Qalpha_keV,5816.060000000056,5816.08,0.019999999944047886
91,77,Sn_keV,9710.415999999968,9710.44,0.024000000032174285
91,77,Sp_keV,-496.45699999993667,-496.34,0.11699999993669508
91,77,S2p_keV,1401.185999999987,1401.19,0.004000000013093086
91,77,Qalpha_keV,6381.331999999937,6381.22,0.1119999999364154
90,78,Sp_keV,1269.4239999998827,1269.33,0.09399999988272612
90,78,S2p_keV,199.28799999994226,199.22,0.06799999994225914
90,78,Qalpha_keV,6989.520000000019,6989.65,0.12999999998100975
103,66,Sn_keV,5108.901000000304,5108.93,0.02899999969667988
103,66,S2n_keV,11809.120000000112,11809.18,0.05999999988853233
102,67,Sn_keV,6808.246999999974,6808.2,0.04699999997410487
102,67,Sp_keV,7526.6150000002235,7526.58,0.03500000022359018
102,67,S2n_keV,12659.205000000075,12659.18,0.025000000074214768
101,68,Sn_keV,6003.239999999991,6003.25,0.010000000009313226
101,68,Sp_keV,8150.951999999816,8150.9,0.05199999981596193
101,68,S2n_keV,13774.622999999905,13774.56,0.06299999990551441
101,68,S2p_keV,15569.538999999873,15569.54,0.001000000127532985
101,68,Qalpha_keV,263.7860000000801,263.74,0.046000000080084646
100,69,Sn_keV,8033.499000000069,8033.61,0.11099999993075471
100,69,Sp_keV,5573.81100000022,5573.9,0.08899999977984407
100,69,S2n_keV,14874.246000000043,14874.22,0.026000000043495675
100,69,S2p_keV,13572.481000000145,13572.54,0.05899999985558679
100,69,Qalpha_keV,1197.7849999996834,1197.72,0.06499999968332304
99,70,Sn_keV,6866.873000000138,6866.98,0.1069999998617277
99,70,Sp_keV,6352.625,6352.72,0.09500000000025466
99,70,S2n_keV,15928.831999999937,15928.83,0.0019999999367428245
99,70,S2p_keV,11664.320000000065,11664.33,0.00999999993473466
99,70,Qalpha_keV,1718.3789999997243,1718.38,0.0010000002757806215
98,71,Sn_keV,9088.116000000155,9088.03,0.08600000015394471
98,71,Sp_keV,3791.5800000000745,3791.63,0.04999999992560333
98,71,S2n_keV,16725.601000000024,16725.61,0.00899999997636769
98,71,S2p_keV,10118.07899999991,10117.99,0.08899999991081131
98,71,Qalpha_keV,2419.817000000039,2419.79,0.027000000039151928
97,72,Sn_keV,7427.5779999999795,7427.65,0.0720000000201253
97,72,Sp_keV,4938.4900000002235,4938.47,0.02000000022326276
97,72,S2n_keV,17391.753999999957,17391.77,0.016000000043277396
97,72,S2p_keV,8703.912999999942,8703.93,0.017000000058033038
97,72,Qalpha_keV,3153.6129999998957,3153.58,0.03299999989576463
96,73,Sn_keV,9967.82899999991,9967.84,0.011000000089552486
96,73,Sp_keV,2218.8289999999106,2218.85,0.021000000089316018
96,73,S2n_keV,18081.945999999996,18082.0,0.05400000000372529
96,73,S2p_keV,7367.226000000024,7367.25,0.023999999975785613
96,73,Qalpha_keV,3726.8519999999553,3726.9,0.04800000004479443
95,74,Sn_keV,8096.345000000205,8096.18,0.16500000020459993
95,74,Sp_keV,3812.848999999929,3812.78,0.0689999999290194
95,74,S2n_keV,18961.17299999995,18961.07,0.10299999995186226
95,74,S2p_keV,6028.024999999907,6027.9,0.12499999990723154
95,74,Qalpha_keV,4292.787000000011,4292.87,0.08299999998871499
94,75,Sn_keV,10685.595000000205,10685.6,0.0049999997954728315
94,75,Sp_keV,805.3470000002999,805.28,0.06700000029991315
94,75,S2p_keV,4635.96800000011,4636.05,0.08199999989028584
94,75,Qalpha_keV,5013.484999999637,5013.52,0.03500000036365236
93,76,Sn_keV,8807.309000000125,8807.36,0.05099999987578485
93,76,Sp_keV,2217.005000000121,2217.02,0.014999999878909875
93,76,S2n_keV,20363.340000000084,20363.41,0.06999999991603545
93,76,S2p_keV,3201.5849999999627,3201.59,0.005000000037398422
93,76,Qalpha_keV,5713.379999999888,5713.35,0.029999999887877493
92,77,Sn_keV,11432.300999999978,11432.29,0.010999999976775143
92,77,Sp_keV,-620.186999999918,-620.1,0.08699999991802088
92,77,S2n_keV,21142.716999999946,21142.73,0.013000000053580152
92,77,Qalpha_keV,6140.9509999998845,6140.94,0.010999999884916178
103,67,Sn_keV,5512.831000000006,5512.82,0.011000000005878974
103,67,Sp_keV,7930.5449999999255,7930.48,0.06499999992593075
103,67,S2n_keV,12321.07799999998,12321.02,0.057999999979074346
103,67,Qalpha_keV,-780.6180000002496,-780.53,0.08800000024962173
102,68,Sn_keV,7257.666000000201,7257.77,0.10399999979927088
102,68,Sp_keV,8600.371000000043,8600.48,0.1089999999567226
102,68,S2n_keV,13260.906000000192,13261.02,0.11399999980858411
102,68,S2p_keV,16126.986000000266,16127.06,0.07399999973313243
102,68,Qalpha_keV,49.60799999977462,49.47,0.13799999977462107
101,69,Sn_keV,6591.954999999842,6591.97,0.015000000158579496
101,69,Sp_keV,6162.526000000071,6162.62,0.09399999992911034
101,69,S2n_keV,14625.45399999991,14625.58,0.1260000000893342
101,69,S2p_keV,14313.477999999886,14313.53,0.05200000011427619
101,69,Qalpha_keV,849.433999999892,849.38,0.05399999989197113
100,70,Sn_keV,8458.978999999817,8458.95,0.02899999981673318
100,70,Sp_keV,6778.1049999997485,6778.06,0.04499999974814273
100,70,S2n_keV,15325.851999999955,15325.92,0.06800000004477624
100,70,S2p_keV,12351.915999999968,12351.96,0.04400000003079185
100,70,Qalpha_keV,1735.9760000000242,1735.92,0.05600000002414163
99,71,Sn_keV,7294.301999999909,7294.25,0.05199999990873039
99,71,Sp_keV,4219.008999999845,4218.9,0.10899999984576425
99,71,S2n_keV,16382.418000000063,16382.28,0.1380000000626751
99,71,S2p_keV,10571.633999999845,10571.63,0.003999999846200808
99,71,Qalpha_keV,2155.9540000001434,2155.95,0.004000000143605575
98,72,Sn_keV,9608.267999999924,9608.28,0.012000000077023287
98,72,Sp_keV,5458.641999999993,5458.72,0.07800000000770524
98,72,S2n_keV,17035.845999999903,17035.94,0.09400000009554788
98,72,S2p_keV,9250.222000000067,9250.36,0.13799999993352685
98,72,Qalpha_keV,2916.597999999998,2916.5,0.09799999999813735
97,73,Sn_keV,7918.587000000058,7918.55,0.0370000000575601
97,73,Sp_keV,2709.837999999989,2709.75,0.08799999998882413
97,73,S2n_keV,17886.41599999997,17886.39,0.02599999996891711
97,73,S2p_keV,7648.328000000212,7648.22,0.10800000021208689
97,73,Qalpha_keV,3458.3899999998976,3458.4,0.010000000102536433
96,74,Sn_keV,10444.06700000004,10444.07,0.0029999999605934136
96,74,Sp_keV,4289.087000000058,4289.01,0.07700000005752372
96,74,S2n_keV,18540.412000000244,18540.25,0.16200000024400651
96,74,S2p_keV,6507.915999999968,6507.86,0.05599999996866245
96,74,Qalpha_keV,4143.547999999952,4143.6,0.05200000004879257
95,75,Sn_keV,8579.884999999776,8579.91,0.0250000002233719
95,75,Sp_keV,1288.8869999998715,1289.01,0.12300000012851342
95,75,S2n_keV,19265.47999999998,19265.5,0.02000000001862645
95,75,S2p_keV,5101.735999999801,5101.79,0.05400000019926665
95,75,Qalpha_keV,4755.206000000006,4755.11,0.09600000000591535
94,76,Sn_keV,11274.935000000056,11274.84,0.09500000005573384
94,76,Sp_keV,2806.344999999972,2806.26,0.08499999997184204
94,76,S2n_keV,20082.24400000018,20082.2,0.044000000179948984
94,76,S2p_keV,3611.692000000272,3611.54,0.15200000027198257
94,76,Qalpha_keV,5536.793999999994,5536.79,0.003999999994448444
92,78,Sp_keV,1515.7209999999031,1515.7,0.020999999903096978
92,78,S2n_keV,21389.013999999966,21389.11,0.09600000003410969
92,78,S2p_keV,895.5339999999851,895.6,0.0660000000149239
92,78,Qalpha_keV,6707.358000000007,6707.33,0.02800000000752334
104,67,Sn_keV,6351.650999999838,6351.61,0.04099999983827729
104,67,S2n_keV,11864.481999999844,11864.44,0.04199999984302849
103,68,Sn_keV,5681.708999999799,5681.61,0.09899999979916174
103,68,Sp_keV,8769.248999999836,8769.27,0.02100000016434933
103,68,S2n_keV,12939.375,12939.38,0.004999999999199645
103,68,S2p_keV,16699.79399999976,16699.75,0.04399999976158142
103,68,Qalpha_keV,-213.25399999995716,-213.27,0.01600000004285107
102,69,Sn_keV,7486.499000000069,7486.49,0.00900000006913615
102,69,Sp_keV,6391.3589999999385,6391.34,0.01899999993838719
102,69,S2n_keV,14078.45399999991,14078.46,0.006000000088533852
102,69,S2p_keV,14991.729999999981,14991.82,0.09000000001833541
102,69,Qalpha_keV,644.7249999998603,644.66,0.06499999986033345
101,70,Sn_keV,6614.639000000199,6614.62,0.01900000019941217
101,70,Sp_keV,6800.789000000106,6800.7,0.08900000010635267
101,70,S2n_keV,15073.618000000017,15073.56,0.05800000001727312
101,70,S2p_keV,12963.315000000177,12963.33,0.014999999822975951
101,70,Qalpha_keV,1557.7219999998342,1557.77,0.04800000016575723
100,71,Sn_keV,8594.160000000149,8594.26,0.09999999985120667
100,71,Sp_keV,4354.190000000177,4354.22,0.02999999982330337
100,71,S2n_keV,15888.462000000058,15888.51,0.04799999994247628
100,71,S2p_keV,11132.294999999925,11132.28,0.014999999924839358
100,71,Qalpha_keV,2289.118999999948,2289.16,0.041000000052008545
99,72,Sn_keV,7248.878000000026,7248.81,0.06800000002567685
99,72,Sp_keV,5413.21800000011,5413.28,0.06199999988984928
99,72,S2n_keV,16857.14599999995,16857.09,0.05599999994956306
99,72,S2p_keV,9632.226999999955,9632.19,0.0369999999547872
99,72,Qalpha_keV,2734.601000000024,2734.64,0.038999999975658284
98,73,Sn_keV,9653.940999999875,9653.93,0.010999999874911737
98,73,Sp_keV,2755.5109999999404,2755.39,0.12099999994052268
98,73,S2n_keV,17572.527999999933,17572.48,0.04799999993338133
98,73,S2p_keV,8214.152999999933,8214.11,0.0429999999323627
98,73,Qalpha_keV,3355.905999999959,3355.94,0.03400000004103276
97,74,Sn_keV,7866.844999999972,7866.94,0.0950000000275395
97,74,Sp_keV,4237.344999999972,4237.4,0.05500000002757588
97,74,S2n_keV,18310.91200000001,18311.01,0.09799999998722342
97,74,S2p_keV,6947.182999999961,6947.14,0.042999999960557034
97,74,Qalpha_keV,3956.722999999998,3956.75,0.027000000001862645
96,75,Sn_keV,10403.81200000015,10403.84,0.027999999849271262
96,75,Sp_keV,1248.6319999999832,1248.78,0.14800000001673652
96,75,S2n_keV,18983.696999999927,18983.75,0.05300000007264316
96,75,S2p_keV,5537.719000000041,5537.79,0.07099999995898543
96,75,Qalpha_keV,4675.994999999879,4675.86,0.13499999987925548
95,76,Sn_keV,8447.980999999912,8448.09,0.10900000008768984
95,76,Sp_keV,2674.441000000108,2674.44,0.001000000107978849
95,76,S2n_keV,19722.91599999997,19722.93,0.014000000031956006
95,76,S2p_keV,3963.3279999999795,3963.45,0.1220000000203072
95,76,Qalpha_keV,5371.158999999985,5371.14,0.01899999998477142
94,77,Sp_keV,-220.69300000020303,-220.55,0.14300000020301695
94,77,S2n_keV,20481.737999999896,20481.75,0.012000000104308128
94,77,S2p_keV,2585.651999999769,2585.71,0.05800000023100438
93,78,Sn_keV,9236.80100000021,9236.71,0.09100000021135202
93,78,S2p_keV,1325.0260000000708,1324.95,0.07600000007073504
93,78,Qalpha_keV,6607.293999999762,6607.3,0.006000000238600478
92,79,Sp_keV,-1447.9629999999888,-1447.93,0.032999999988760464
92,79,S2p_keV,67.75799999991432,67.78,0.022000000085682814
92,79,Qalpha_keV,7085.185000000056,7085.15,0.03500000005624315
104,68,Sn_keV,6835.956999999937,6835.99,0.033000000063111656
104,68,Sp_keV,9253.554999999935,9253.64,0.0850000000646105
104,68,S2n_keV,12517.665999999736,12517.61,0.05599999973492231
104,68,Qalpha_keV,-348.9920000000857,-349.0,0.007999999914318323
103,69,Sn_keV,6234.83899999992,6234.74,0.09899999992012454
103,69,Sp_keV,6944.48900000006,6944.47,0.019000000059349986
103,69,S2n_keV,13721.337999999989,13721.23,0.10799999998926069
103,69,S2p_keV,15713.737999999896,15713.74,0.0020000001040898496
103,69,Qalpha_keV,260.844000000041,260.91,0.06599999995904682
102,70,Sn_keV,8019.456999999937,8019.47,0.013000000063584594
102,70,Sp_keV,7333.746999999974,7333.68,0.06699999997363193
102,70,S2n_keV,14634.096000000136,14634.08,0.016000000136045855
102,70,S2p_keV,13725.105999999912,13725.03,0.07599999991180084
102,70,Qalpha_keV,1309.6479999998119,1309.61,0.037999999811972884
101,71,Sn_keV,6979.569999999832,6979.47,0.09999999983210728
101,71,Sp_keV,4719.12099999981,4719.08,0.040999999810082954
101,71,S2n_keV,15573.729999999981,15573.74,0.010000000018408173
101,71,S2p_keV,11519.909999999916,11519.78,0.12999999991552613
101,71,Qalpha_keV,2150.2960000000894,2150.3,0.003999999910774932
100,72,Sn_keV,9042.168000000063,9042.2,0.03199999993739766
100,72,Sp_keV,5861.226000000024,5861.22,0.006000000023959728
100,72,S2n_keV,16291.04600000009,16291.01,0.03600000008918869
100,72,S2p_keV,10215.416000000201,10215.44,0.02399999979934364
100,72,Qalpha_keV,2754.3919999997597,2754.3,0.09199999975953688
99,73,Sn_keV,7680.999000000069,7681.02,0.020999999931518687
99,73,Sp_keV,3187.6319999999832,3187.6,0.03199999998332714
99,73,S2n_keV,17334.939999999944,17334.95,0.01000000005660695
99,73,S2p_keV,8600.850000000093,8600.88,0.029999999906067387
99,73,Qalpha_keV,3312.3919999997597,3312.5,0.10800000024028122
98,74,Sn_keV,10082.435000000056,10082.41,0.025000000056024874
98,74,Sp_keV,4665.839000000153,4665.88,0.04099999984737224
98,74,S2n_keV,17949.280000000028,17949.35,0.06999999997060513
98,74,S2p_keV,7421.350000000093,7421.27,0.0800000000926957
98,74,Qalpha_keV,3838.46399999992,3838.45,0.013999999920088158
97,75,Sn_keV,8347.467999999877,8347.35,0.11799999987670162
97,75,Sp_keV,1729.2549999998882,1729.19,0.06499999988818672
97,75,S2n_keV,18751.280000000028,18751.19,0.09000000002924935
97,75,S2p_keV,5966.59999999986,5966.59,0.009999999860156095
97,75,Qalpha_keV,4442.6440000000875,4442.68,0.035999999912746716
96,76,Sn_keV,11011.783000000054,11011.72,0.06300000005467155
96,76,Sp_keV,3282.412000000011,3282.32,0.09200000001101216
96,76,S2n_keV,19459.763999999966,19459.81,0.046000000034837285
96,76,S2p_keV,4531.043999999994,4531.1,0.05600000000595173
96,76,Qalpha_keV,5224.203999999678,5224.31,0.10600000032263779
95,77,Sn_keV,9033.829000000143,9033.75,0.07900000014342368
95,77,Sp_keV,365.15500000002794,365.11,0.045000000027926035
95,77,S2p_keV,3039.596000000136,3039.56,0.036000000136027666
95,77,Qalpha_keV,5990.583999999799,5990.6,0.016000000201529474
94,78,Sn_keV,11698.832999999868,11698.86,0.027000000132829882
94,78,Sp_keV,1969.6170000000857,1969.52,0.09700000008569987
94,78,S2n_keV,20935.63400000008,20935.57,0.06400000007852213
94,78,S2p_keV,1748.9239999998827,1748.97,0.04600000011737393
94,78,Qalpha_keV,6464.491999999853,6464.49,0.001999999853069312
93,79,Sn_keV,9872.48900000006,9872.37,0.11900000005880429
93,79,Sp_keV,-812.2750000001397,-812.27,0.005000000139716576
93,79,Qalpha_keV,6923.111999999965,6923.22,0.10800000003564492
92,80,Sp_keV,830.7930000000633,830.76,0.03300000006333903
92,80,S2p_keV,-617.1699999999255,-617.17,7.44648787076585e-11
92,80,Qalpha_keV,7523.815999999875,7523.72,0.09599999987494812
104,69,Sn_keV,6950.8010000002105,6950.87,0.06899999978941196
104,69,Sp_keV,7059.333000000333,7059.35,0.016999999666950316
104,69,S2n_keV,13185.64000000013,13185.61,0.030000000129803084
104,69,S2p_keV,16312.888000000268,16312.99,0.10199999973156082
104,69,Qalpha_keV,118.28999999980442,118.23,0.05999999980441828
103,70,Sn_keV,6367.432999999961,6367.37,0.06299999996099359
103,70,Sp_keV,7466.341000000015,7466.31,0.031000000014500984
103,70,S2n_keV,14386.889999999898,14386.84,0.049999999897409
103,70,S2p_keV,14410.830000000075,14410.78,0.05000000007385097
103,70,Qalpha_keV,945.4549999998417,945.5,0.04500000015832484
102,71,Sn_keV,8215.780000000028,8215.77,0.01000000002750312
102,71,Sp_keV,4915.443999999901,4915.38,0.06399999990117067
102,71,S2n_keV,15195.34999999986,15195.24,0.10999999986051989
102,71,S2p_keV,12249.190999999875,12249.06,0.1309999998757121
102,71,Qalpha_keV,1968.0150000001304,1968.14,0.12499999986971488
101,72,Sn_keV,7080.971999999834,7080.88,0.09199999983411544
101,72,Sp_keV,5962.628000000026,5962.62,0.008000000026186171
101,72,S2n_keV,16123.139999999898,16123.07,0.06999999989784556
101,72,S2p_keV,10681.748999999836,10681.7,0.04899999983535963
101,72,Qalpha_keV,2540.2930000000633,2540.4,0.10699999993676101
100,73,Sn_keV,9137.81200000015,9137.88,0.06799999984832539
100,73,Sp_keV,3283.276000000071,3283.28,0.003999999929419573
100,73,S2n_keV,16818.81100000022,16818.9,0.08899999978166306
100,73,S2p_keV,9144.502000000095,9144.5,0.0020000000949949026
100,73,Qalpha_keV,3262.6959999997634,3262.65,0.04599999976335312
99,74,Sn_keV,7701.508999999845,7701.51,0.0010000001548178261
99,74,Sp_keV,4686.348999999929,4686.38,0.031000000070889655
99,74,S2n_keV,17783.9439999999,17783.93,0.013999999900988769
99,74,S2p_keV,7873.9809999999125,7873.98,0.0009999999128922354
99,74,Qalpha_keV,3564.533000000054,3564.59,0.05699999994612881
98,75,Sn_keV,10098.81799999997,10098.87,0.05200000003060268
98,75,Sp_keV,1745.6379999998026,1745.65,0.012000000197531335
98,75,S2n_keV,18446.285999999847,18446.22,0.06599999984609894
98,75,S2p_keV,6411.476999999955,6411.53,0.053000000044448825
98,75,Qalpha_keV,4311.655000000028,4311.65,0.005000000028303475
97,76,Sn_keV,8265.844999999972,8265.86,0.015000000028521754
97,76,Sp_keV,3200.789000000106,3200.83,0.04099999989375647
97,76,S2n_keV,19277.628000000026,19277.58,0.0480000000243308
97,76,S2p_keV,4930.043999999994,4930.02,0.023999999993975507
97,76,Qalpha_keV,5054.703999999911,5054.63,0.0739999999104839
96,77,Sn_keV,10960.18200000003,10960.25,0.06799999997019768
96,77,Sp_keV,313.5540000000037,313.65,0.09599999999625197
96,77,S2n_keV,19994.011000000173,19994.0,0.011000000173225999
96,77,S2p_keV,3595.966000000015,3595.97,0.00399999998489875
96,77,Qalpha_keV,5715.996999999974,5715.94,0.056999999974323146
95,78,Sn_keV,8916.981999999844,8916.99,0.008000000156243914
95,78,Sp_keV,1852.7699999997858,1852.75,0.019999999785795808
95,78,S2n_keV,20615.81499999971,20615.84,0.025000000288855517
95,78,S2p_keV,2217.9249999998137,2217.86,0.06499999981360816
95,78,Qalpha_keV,6354.819000000134,6354.87,0.05099999986578041
94,79,Sn_keV,11518.996000000043,11519.11,0.11399999995774124
94,79,Sp_keV,-992.1119999999646,-992.01,0.10199999996461884
94,79,S2n_keV,21391.485000000102,21391.48,0.005000000102882041
94,79,S2p_keV,977.5050000001211,977.5,0.005000000121071935
94,79,Qalpha_keV,6836.416999999899,6836.4,0.01699999989978096
105,69,Sn_keV,5682.382999999914,5682.42,0.037000000085754436
105,69,S2n_keV,12633.184000000125,12633.29,0.10599999987607589
105,69,Qalpha_keV,-51.26200000010431,-51.37,0.10799999989568931
104,70,Sn_keV,7464.513000000035,7464.63,0.11699999996471888
104,70,Sp_keV,7980.05299999984,7980.08,0.027000000160114723
104,70,S2n_keV,13831.945999999996,13832.0,0.05400000000372529
104,70,S2p_keV,15039.386000000173,15039.42,0.03399999982684676
104,70,Qalpha_keV,738.6080000000075,738.63,0.021999999992544872
103,71,Sn_keV,6760.816000000108,6760.87,0.05399999989185744
103,71,Sp_keV,5308.827000000048,5308.88,0.052999999951680365
103,71,S2n_keV,14976.596000000136,14976.64,0.04399999986344483
103,71,S2p_keV,12775.168000000063,12775.19,0.021999999937179382
103,71,Qalpha_keV,1799.153999999864,1799.24,0.08600000013598219
102,72,Sn_keV,8506.06200000015,8506.19,0.12799999984963506
102,72,Sp_keV,6252.910000000149,6253.04,0.129999999850952
102,72,S2n_keV,15587.033999999985,15587.07,0.03600000001461012
102,72,S2p_keV,11168.35400000005,11168.42,0.06599999994978134
102,72,Qalpha_keV,2493.20999999973,2493.15,0.059999999729825504
101,73,Sn_keV,7415.5759999998845,7415.55,0.025999999884334102
101,73,Sp_keV,3617.880000000121,3617.95,0.06999999987874617
101,73,S2n_keV,16553.388000000035,16553.42,0.03199999996286351
101,73,S2p_keV,9580.508000000147,9580.57,0.061999999852559995
101,73,Qalpha_keV,3141.4219999997877,3141.35,0.0719999997877494
100,74,Sn_keV,9570.935000000056,9571.02,0.0849999999445572
100,74,Sp_keV,5119.471999999834,5119.52,0.048000000166211976
100,74,S2n_keV,17272.4439999999,17272.54,0.09600000009959331
100,74,S2p_keV,8402.747999999905,8402.8,0.05200000009426731
100,74,Qalpha_keV,3601.8659999999218,3601.85,0.015999999921859853
99,75,Sn_keV,8190.618000000017,8190.55,0.06800000001658191
99,75,Sp_keV,2234.746999999974,2234.68,0.06699999997408668
99,75,S2n_keV,18289.435999999987,18289.42,0.015999999988707714
99,75,S2p_keV,6921.095999999903,6921.06,0.035999999902742275
99,75,Qalpha_keV,4039.624000000069,4039.65,0.02599999993117308
98,76,Sn_keV,10628.15699999989,10628.23,0.0730000001094595
98,76,Sp_keV,3730.128000000026,3730.19,0.06199999997397754
98,76,S2n_keV,18894.001999999862,18894.09,0.08800000013798126
98,76,S2p_keV,5475.765999999829,5475.84,0.07400000017150887
98,76,Qalpha_keV,4870.61400000006,4870.47,0.14400000005935
97,77,Sn_keV,8671.843999999808,8671.75,0.09399999980814755
97,77,Sp_keV,719.5529999998398,719.54,0.012999999839848897
97,77,S2n_keV,19632.025999999838,19632.0,0.025999999837949872
97,77,S2p_keV,3920.341999999946,3920.37,0.02800000005390757
97,77,Qalpha_keV,5624.037999999942,5624.1,0.0620000000581058
96,78,Sn_keV,11446.526000000304,11446.61,0.08399999969697092
96,78,Sp_keV,2339.1140000000596,2339.11,0.0040000000594773155
96,78,S2n_keV,20363.508000000147,20363.6,0.09199999985139584
96,78,S2p_keV,2652.6680000000633,2652.76,0.09199999993688834
96,78,Qalpha_keV,6183.227999999886,6183.09,0.13799999988623313
94,80,Sp_keV,1119.0719999999274,1118.92,0.15199999992728408
94,80,S2n_keV,21679.763999999966,21679.64,0.12399999996705446
94,80,S2p_keV,126.95999999996275,126.9,0.05999999996274141
94,80,Qalpha_keV,7233.065999999875,7233.19,0.12400000012439705
106,69,Sn_keV,6517.347999999998,6517.36,0.012000000001535227
106,69,S2n_keV,12199.730999999912,12199.78,0.04900000008819916
106,69,Qalpha_keV,-216.9590000002645,-217.11,0.15099999973551803
105,70,Sn_keV,5822.3279999999795,5822.36,0.03200000002016168
105,70,Sp_keV,8119.997999999905,8120.01,0.012000000095213181
105,70,S2n_keV,13286.841000000015,13286.99,0.14899999998488056
105,70,Qalpha_keV,597.9889999998268,597.89,0.09899999982678764
104,71,Sn_keV,7666.689000000013,7666.73,0.040999999986524926
104,71,Sp_keV,5511.003000000026,5510.98,0.02300000002651359
104,71,S2n_keV,14427.505000000121,14427.6,0.09499999987929186
104,71,S2p_keV,13491.055999999866,13491.05,0.005999999866617145
104,71,Qalpha_keV,1618.96399999992,1619.0,0.03600000008009374
103,72,Sn_keV,6708.619999999879,6708.5,0.11999999987892807
103,72,Sp_keV,6200.71399999992,6200.68,0.03399999991961522
103,72,S2n_keV,15214.68200000003,15214.69,0.007999999970706995
103,72,S2p_keV,11509.540999999968,11509.55,0.009000000030937372
103,72,Qalpha_keV,2399.2290000000503,2399.27,0.04099999994969039
102,73,Sn_keV,8739.226999999955,8739.2,0.02699999995456892
102,73,Sp_keV,3851.0449999999255,3850.96,0.08499999992545781
102,73,S2n_keV,16154.80299999984,16154.74,0.0629999998400308
102,73,S2p_keV,10103.955000000075,10104.0,0.044999999925494194
102,73,Qalpha_keV,2996.3549999999814,2996.42,0.06500000001869921
101,74,Sn_keV,7477.056000000099,7477.02,0.036000000098283635
101,74,Sp_keV,5180.952000000048,5181.0,0.047999999951571226
101,74,S2n_keV,17047.991000000155,17048.05,0.05899999984467286
101,74,S2p_keV,8798.83200000017,8798.95,0.11799999983122689
101,74,Qalpha_keV,3373.687999999849,3373.63,0.057999999849016604
100,75,Sn_keV,9686.444000000134,9686.53,0.08599999986654439
100,75,Sp_keV,2350.256000000052,2350.19,0.0660000000520995
100,75,S2n_keV,17877.06200000015,17877.08,0.017999999850871973
100,75,S2p_keV,7469.727999999886,7469.71,0.017999999886342266
100,75,Qalpha_keV,4007.12099999981,4007.05,0.0709999998098283
99,76,Sn_keV,8181.533999999985,8181.41,0.12399999998524436
99,76,Sp_keV,3721.0439999999944,3721.06,0.016000000005533366
99,76,S2n_keV,18809.690999999875,18809.64,0.05099999987578485
99,76,S2p_keV,5955.790999999968,5955.74,0.05099999996855331
99,76,Qalpha_keV,4555.925000000047,4555.99,0.06499999995321559
98,77,Sn_keV,10596.988000000129,10597.02,0.03199999987191404
98,77,Sp_keV,688.3840000000782,688.33,0.05400000007819017
98,77,S2n_keV,19268.831999999937,19268.77,0.06199999993623351
98,77,S2p_keV,4418.512000000104,4418.52,0.007999999896128429
98,77,Qalpha_keV,5430.861999999965,5430.92,0.05800000003546302
97,78,Sn_keV,8453.067999999737,8453.05,0.01799999973809463
97,78,Sp_keV,2120.337999999989,2120.41,0.07200000001103035
97,78,S2n_keV,19899.59400000004,19899.66,0.06599999995887629
97,78,S2p_keV,2839.8909999998286,2839.95,0.059000000171181455
97,78,Qalpha_keV,6178.1410000000615,6178.13,0.01100000006135815
96,79,Sp_keV,-613.8570000000764,-614.0,0.14299999992363155
96,79,S2n_keV,20741.763000000035,20741.62,0.1430000000364089
96,79,S2p_keV,1725.2569999999832,1725.12,0.13699999998334533
96,79,Qalpha_keV,6576.39199999976,6576.54,0.14800000024024484
95,80,Sn_keV,9397.616000000155,9397.77,0.153999999845837
95,80,S2p_keV,607.5940000002738,607.68,0.08599999972614114
95,80,Qalpha_keV,7072.250999999931,7072.13,0.12099999993097299
107,69,Sn_keV,5129.435999999987,5129.43,0.005999999986670446
107,69,S2n_keV,11646.783999999985,11646.78,0.003999999984444003
106,70,Sn_keV,6864.449999999953,6864.43,0.019999999953142833
106,70,Sp_keV,8467.09999999986,8467.08,0.019999999860374373
106,70,S2n_keV,12686.777999999933,12686.78,0.0020000000677100616
106,70,Qalpha_keV,569.49599999981,569.45,0.04599999980996472
105,71,Sn_keV,6288.030999999959,6287.98,0.050999999959458364
105,71,Sp_keV,5976.706000000006,5976.6,0.10600000000522414
105,71,S2n_keV,13954.719999999972,13954.72,2.7284841053187847e-11
105,71,S2p_keV,14096.70399999991,14096.61,0.09399999991001096
105,71,Qalpha_keV,1565.7719999998808,1565.75,0.02199999988079071
104,72,Sn_keV,8165.846000000136,8165.92,0.07399999986409966
104,72,Sp_keV,6699.871000000043,6699.86,0.011000000043168257
104,72,S2n_keV,14874.466000000015,14874.42,0.0460000000148284
104,72,S2p_keV,12210.874000000069,12210.84,0.03400000006877235
104,72,Qalpha_keV,2252.839999999851,2252.82,0.01999999985082468
103,73,Sn_keV,7028.0449999999255,7028.04,0.004999999925530574
103,73,Sp_keV,4170.469999999972,4170.5,0.030000000027939677
103,73,S2n_keV,15767.27199999988,15767.24,0.03199999988100899
103,73,S2p_keV,10371.183999999892,10371.18,0.003999999891675543
103,73,Qalpha_keV,2947.8799999998882,2947.85,0.02999999988833224
102,74,Sn_keV,9080.111999999965,9080.13,0.018000000034589902
102,74,Sp_keV,5521.837000000058,5521.93,0.09299999994254904
102,74,S2n_keV,16557.168000000063,16557.15,0.018000000061874744
102,74,S2p_keV,9372.881999999983,9372.88,0.001999999984036549
102,74,Qalpha_keV,3335.743999999948,3335.71,0.033999999947809556
101,75,Sn_keV,7845.9199999999255,7845.9,0.019999999925857992
101,75,Sp_keV,2719.119999999879,2719.06,0.059999999878982635
101,75,S2n_keV,17532.36400000006,17532.42,0.055999999938649125
101,75,S2p_keV,7900.071999999927,7900.06,0.011999999926956662
101,75,Qalpha_keV,3842.1999999999534,3842.18,0.01999999995359758
100,76,Sn_keV,10064.10400000005,10064.08,0.02400000005036418
100,76,Sp_keV,4098.703999999911,4098.6,0.10399999991022923
100,76,S2n_keV,18245.638000000035,18245.49,0.14800000003378955
100,76,S2p_keV,6448.959999999963,6448.79,0.16999999996278348
100,76,Qalpha_keV,4574.256000000052,4574.33,0.07399999994777318
99,77,Sn_keV,8536.374000000069,8536.32,0.05400000006920891
99,77,Sp_keV,1043.224000000162,1043.23,0.005999999837968062
99,77,S2n_keV,19133.362000000197,19133.34,0.022000000197294867
99,77,S2p_keV,4764.2680000001565,4764.29,0.021999999843501428
99,77,Qalpha_keV,5241.955999999773,5241.95,0.005999999772939191
98,78,Sn_keV,11304.992000000086,11304.87,0.12200000008488132
98,78,Sp_keV,2828.341999999946,2828.26,0.08199999994576501
98,78,S2n_keV,19758.059999999823,19757.92,0.13999999982479494
98,78,S2p_keV,3516.726000000024,3516.59,0.13600000002406887
98,78,Qalpha_keV,5884.93200000003,5884.98,0.04799999996976112
97,79,Sn_keV,9052.300999999978,9052.44,0.13900000002286106
97,79,Sp_keV,-14.623999999836087,-14.6,0.023999999836087582
97,79,S2p_keV,2105.7140000001527,2105.81,0.09599999984720853
97,79,Qalpha_keV,6557.9199999999255,6557.85,0.0699999999251304
96,80,Sn_keV,11871.824000000022,11871.7,0.12400000002162415
96,80,Sp_keV,1646.749000000069,1646.77,0.02099999993106394
96,80,S2n_keV,21269.440000000177,21269.47,0.029999999824212864
96,80,S2p_keV,1032.8919999999925,1032.77,0.12199999999256761
96,80,Qalpha_keV,6899.2599999997765,6899.28,0.02000000022326276
95,81,Sp_keV,-1265.1680000000633,-1265.2,0.03199999993671554
95,81,Qalpha_keV,7525.143999999855,7525.06,0.0839999998543135
107,70,Sn_keV,5566.428000000073,5566.4,0.02800000007300696
107,70,Sp_keV,8904.091999999946,8904.05,0.041999999946710886
107,70,S2n_keV,12430.878000000026,12430.83,0.04800000002614979
106,71,Sn_keV,7072.787000000011,7072.9,0.11299999998846033
106,71,Sp_keV,6185.043000000063,6185.08,0.036999999936597305
106,71,S2n_keV,13360.81799999997,13360.88,0.06200000002900197
106,71,S2p_keV,14652.142999999924,14652.16,0.017000000076222932
106,71,Qalpha_keV,1443.78600000008,1443.72,0.06600000008006646
105,72,Sn_keV,6375.976999999955,6375.92,0.05699999995522376
105,72,Sp_keV,6787.817000000039,6787.79,0.027000000039151928
105,72,S2n_keV,14541.823000000091,14541.83,0.006999999908657628
105,72,S2p_keV,12764.523000000045,12764.4,0.12300000004506728
105,72,Qalpha_keV,2244.2959999998566,2244.27,0.025999999856594513
104,73,Sn_keV,8422.93700000015,8422.98,0.042999999848689185
104,73,Sp_keV,4427.560999999987,4427.57,0.009000000012747478
104,73,S2n_keV,15450.982000000076,15451.03,0.047999999924286385
104,73,S2p_keV,11127.43200000003,11127.43,0.002000000029511284
104,73,Qalpha_keV,2740.7229999997653,2740.63,0.09299999976519757
103,74,Sn_keV,7131.483000000007,7131.44,0.04300000000785076
103,74,Sp_keV,5625.27500000014,5625.32,0.044999999860010576
103,74,S2n_keV,16211.594999999972,16211.56,0.03499999997256964
103,74,S2p_keV,9795.745000000112,9795.83,0.08499999988816853
103,74,Qalpha_keV,3285.2329999997746,3285.14,0.09299999977474727
102,75,Sn_keV,9277.574000000022,9277.6,0.025999999978012056
102,75,Sp_keV,2916.5819999999367,2916.54,0.041999999936706445
102,75,S2n_keV,17123.493999999948,17123.5,0.006000000052154064
102,75,S2p_keV,8438.418999999994,8438.46,0.04100000000471482
102,75,Qalpha_keV,3702.438000000082,3702.45,0.011999999917861714
101,76,Sn_keV,7922.587999999989,7922.62,0.03200000001106673
101,76,Sp_keV,4175.371999999974,4175.33,0.04199999997399573
101,76,S2n_keV,17986.69200000004,17986.7,0.007999999961612048
101,76,S2p_keV,6894.491999999853,6894.39,0.10199999985252362
101,76,Qalpha_keV,4353.176999999909,4353.22,0.04300000009152427
100,77,Sn_keV,10259.239999999758,10259.29,0.050000000243016984
100,77,Sp_keV,1238.3599999998696,1238.45,0.09000000013043064
100,77,S2n_keV,18795.613999999827,18795.61,0.0039999998261919245
100,77,S2p_keV,5337.06399999978,5337.05,0.013999999780025973
100,77,Qalpha_keV,5081.533999999985,5081.53,0.003999999985353497
99,78,Sn_keV,8507.960999999894,8508.02,0.05900000010660733
99,78,Sp_keV,2799.928999999771,2799.96,0.031000000229141733
99,78,S2n_keV,19812.95299999998,19812.89,0.06299999998009298
99,78,S2p_keV,3843.152999999933,3843.2,0.047000000066873326
99,78,Qalpha_keV,5642.816000000108,5642.82,0.003999999891675543
98,79,Sn_keV,11219.889999999898,11219.76,0.12999999989733624
98,79,Sp_keV,-99.72600000002421,-99.71,0.01600000002422064
98,79,S2n_keV,20272.190999999875,20272.2,0.00900000012552482
98,79,S2p_keV,2728.6159999999218,2728.55,0.065999999921587
98,79,Qalpha_keV,6298.212000000058,6298.34,0.12799999994240352
97,80,Sn_keV,9080.539999999804,9080.63,0.09000000019477739
97,80,Sp_keV,1674.9879999998957,1674.96,0.027999999895655492
97,80,S2n_keV,20952.363999999827,20952.34,0.023999999826628482
97,80,S2p_keV,1660.3640000000596,1660.36,0.004000000059704689
97,80,Qalpha_keV,6735.701999999816,6735.64,0.06199999981527071
96,81,Sn_keV,11977.374000000069,11977.26,0.11400000006869959
96,81,Sp_keV,-1159.6180000000168,-1159.65,0.03199999998332714
96,81,S2p_keV,487.13100000005215,487.12,0.011000000052149517
96,81,Qalpha_keV,7066.765999999829,7066.92,0.1540000001714361
108,70,Sn_keV,6780.46800000011,6780.4,0.06800000011025986
108,70,S2n_keV,12346.896000000183,12346.8,0.09600000018326682
107,71,Sn_keV,6025.326999999816,6025.3,0.02699999981541623
107,71,Sp_keV,6643.941999999806,6643.97,0.028000000193969754
107,71,S2n_keV,13098.113999999827,13098.2,0.0860000001739536
107,71,S2p_keV,15548.033999999752,15548.03,0.003999999751613359
107,71,Qalpha_keV,1100.8420000001788,1100.85,0.007999999821095116
106,72,Sn_keV,7625.895000000019,7625.95,0.05499999998119165
106,72,Sp_keV,7340.925000000047,7340.85,0.07500000004620233
106,72,S2n_keV,14001.871999999974,14001.87,0.0019999999731226126
106,72,S2p_keV,13525.96800000011,13525.92,0.048000000109823304
106,72,Qalpha_keV,2082.9139999998733,2082.95,0.03600000012647797
104,74,Sn_keV,8779.04299999983,8778.97,0.07299999983115413
104,74,Sp_keV,5981.380999999819,5981.31,0.07099999981892324
104,74,S2n_keV,15910.525999999838,15910.41,0.11599999983809539
104,74,S2p_keV,10408.941999999806,10408.88,0.06199999980708526
104,74,Qalpha_keV,3012.252000000095,3012.37,0.11799999990489596
103,75,Sn_keV,7455.652000000002,7455.6,0.05200000000149885
103,75,Sp_keV,3240.750999999931,3240.7,0.05099999993126403
103,75,S2n_keV,16733.226000000024,16733.2,0.02600000002348679
103,75,S2p_keV,8866.02600000007,8866.02,0.006000000070343958
103,75,Qalpha_keV,3662.3619999999646,3662.4,0.03800000003548121
102,76,Sn_keV,9666.066000000108,9666.04,0.026000000107160304
102,76,Sp_keV,4563.86400000006,4563.77,0.09400000005916809
102,76,S2n_keV,17588.654000000097,17588.66,0.005999999902996933
102,76,S2p_keV,7480.445999999996,7480.3,0.1459999999960928
102,76,Qalpha_keV,4258.045999999857,4258.21,0.16400000014346006
101,77,Sn_keV,8275.85800000024,8275.78,0.07800000023962639
101,77,Sp_keV,1591.630000000121,1591.61,0.02000000012117198
101,77,S2n_keV,18535.097999999998,18535.07,0.027999999998428393
101,77,S2p_keV,5767.002000000095,5766.94,0.06200000009539508
101,77,Qalpha_keV,4996.293999999762,4996.3,0.006000000238600478
100,78,Sn_keV,10698.125000000233,10698.14,0.01499999976658728
100,78,Sp_keV,3238.814000000246,3238.81,0.004000000245923729
100,78,S2n_keV,19206.086000000127,19206.17,0.0839999998715939
100,78,S2p_keV,4477.1740000001155,4477.26,0.08599999988473428
100,78,Qalpha_keV,5572.847999999765,5572.91,0.06200000023454777
99,79,Sn_keV,8852.406000000192,8852.39,0.016000000192434527
99,79,Sp_keV,244.7190000002738,244.66,0.05900000027381225
99,79,S2n_keV,20072.29600000009,20072.15,0.14600000008795178
99,79,S2p_keV,3044.6480000000447,3044.62,0.028000000044812623
99,79,Qalpha_keV,6117.649999999674,6117.7,0.050000000325781
98,80,Sn_keV,11605.006000000052,11604.99,0.016000000052372343
98,80,Sp_keV,2060.1040000000503,2060.19,0.08599999994976315
98,80,S2n_keV,20685.545999999857,20685.62,0.07400000014240504
98,80,S2p_keV,1960.378000000026,1960.48,0.10199999997394116
98,80,Qalpha_keV,6577.222000000067,6577.27,0.04799999993338133
96,82,Sp_keV,395.4519999998156,395.53,0.07800000018437458
96,82,S2p_keV,-764.1660000002012,-764.12,0.04600000020116113
96,82,Qalpha_keV,7790.38599999994,7790.31,0.07599999993999518
108,71,Sn_keV,6792.466000000248,6792.45,0.016000000247913704
108,71,Sp_keV,6655.939999999944,6656.03,0.0900000000556247
108,71,S2n_keV,12817.793000000063,12817.75,0.043000000063329935
108,71,Qalpha_keV,825.7239999999292,825.75,0.026000000070780516
107,72,Sn_keV,6099.071999999927,6098.99,0.08199999992757512
107,72,Sp_keV,7414.670000000158,7414.54,0.13000000015836122
107,72,S2n_keV,13724.966999999946,13724.95,0.016999999945255695
107,72,S2p_keV,14058.611999999965,14058.52,0.09199999996417318
107,72,Qalpha_keV,1806.1699999999255,1806.32,0.15000000007444214
106,73,Sp_keV,5211.053000000073,5211.07,0.0169999999270658
106,73,S2n_keV,14785.36400000006,14785.37,0.0059999999411957106
106,73,S2p_keV,12551.97800000012,12551.91,0.06800000011935481
106,73,Qalpha_keV,2382.863999999827,2382.86,0.003999999826646672
105,74,Sn_keV,6959.388000000035,6959.36,0.028000000035717676
105,74,S2n_keV,15738.430999999866,15738.33,0.10099999986596231
105,74,S2p_keV,10992.352999999886,10992.32,0.032999999886669684
105,74,Qalpha_keV,2761.4839999999385,2761.51,0.02600000006168557
104,75,Sn_keV,9002.705000000075,9002.69,0.015000000073996489
104,75,Sp_keV,3464.413000000175,3464.42,0.0069999998249841155
104,75,S2n_keV,16458.357000000076,16458.29,0.06700000007549534
104,75,S2p_keV,9445.793999999994,9445.72,0.0739999999950669
104,75,Qalpha_keV,3398.8839999998454,3398.91,0.026000000154454028
103,76,Sn_keV,7546.583000000101,7546.65,0.06699999989905336
103,76,Sp_keV,4654.795000000158,4654.82,0.024999999841384124
103,76,S2n_keV,17212.64900000021,17212.68,0.03099999979167478
103,76,S2p_keV,7895.546000000089,7895.51,0.03600000008918869
103,76,Qalpha_keV,4188.518999999855,4188.58,0.06100000014521356
102,77,Sn_keV,9898.746999999974,9898.74,0.006999999974141247
102,77,Sp_keV,1824.310999999987,1824.31,0.0009999999870160536
102,77,S2n_keV,18174.605000000214,18174.52,0.08500000021376763
102,77,S2p_keV,6388.175000000047,6388.08,0.09500000004663889
102,77,Qalpha_keV,4783.990999999922,4784.08,0.08900000007815834
101,78,Sn_keV,8341.967999999877,8341.98,0.012000000122498022
101,78,Sp_keV,3304.9239999998827,3305.01,0.08600000011756492
101,78,S2n_keV,19040.09300000011,19040.12,0.026999999889085302
101,78,S2p_keV,4896.554000000004,4896.62,0.06599999999616557
101,78,Qalpha_keV,5412.413999999873,5412.34,0.07399999987319461
100,79,Sn_keV,10733.750999999931,10733.78,0.029000000069572707
100,79,Sp_keV,280.34499999997206,280.29,0.05499999997203986
100,79,S2n_keV,19586.157000000123,19586.17,0.01299999987531919
100,79,S2p_keV,3519.159000000218,3519.1,0.05900000021802043
100,79,Qalpha_keV,5980.8869999998715,5980.95,0.06300000012834062
99,80,Sn_keV,8679.15699999989,8679.06,0.09699999989061325
99,80,Sp_keV,1886.8549999997485,1886.86,0.005000000251357051
99,80,S2n_keV,20284.162999999942,20284.05,0.1129999999429856
99,80,S2p_keV,2131.5740000000224,2131.51,0.06400000002213346
99,80,Qalpha_keV,6351.132999999914,6351.26,0.12700000008589996
98,81,Sp_keV,-746.9830000000075,-746.96,0.0230000000074142
98,81,S2n_keV,21098.180999999866,21098.31,0.12900000013542012
98,81,S2p_keV,1313.1210000000428,1313.23,0.10899999995717735
98,81,Qalpha_keV,6710.347999999998,6710.23,0.11799999999857391
97,82,Sn_keV,9589.693000000203,9589.77,0.07699999979740824
97,82,S2p_keV,-255.01299999980256,-254.98,0.032999999802569846
97,82,Qalpha_keV,7598.308999999892,7598.3,0.008999999891784682
109,71,Sn_keV,5689.3239999997895,5689.19,0.13399999978992128
109,71,S2n_keV,12481.790000000037,12481.65,0.1400000000376167
109,71,Qalpha_keV,265.83600000012666,265.98,0.14399999987335832
108,72,Sn_keV,7387.680000000168,7387.76,0.07999999983258022
108,72,Sp_keV,8009.884000000078,8009.85,0.0340000000778673
108,72,S2n_keV,13486.752000000095,13486.75,0.0020000000949949026
108,72,S2p_keV,14665.824000000022,14665.88,0.0559999999768479
108,72,Qalpha_keV,1282.9399999997113,1282.98,0.04000000028872819
107,73,Sn_keV,6647.778999999864,6647.74,0.03899999986424518
107,73,Sp_keV,5759.760000000009,5759.81,0.04999999999108695
107,73,S2p_keV,13174.430000000168,13174.35,0.08000000016727427
107,73,Qalpha_keV,2023.1159999999218,2023.11,0.005999999921868948
106,74,Sn_keV,8412.454000000143,8412.47,0.015999999855921487
106,74,Sp_keV,6567.8589999999385,6567.76,0.09899999993831443
106,74,S2n_keV,15371.842000000179,15371.82,0.022000000179104973
106,74,S2p_keV,11778.912000000011,11778.83,0.08200000001124863
106,74,Qalpha_keV,2514.875999999931,2514.96,0.08400000006895425
105,75,Sn_keV,7323.7289999998175,7323.85,0.12100000018290302
105,75,Sp_keV,3828.753999999957,3828.91,0.15600000004269532
105,75,S2n_keV,16326.433999999892,16326.54,0.10600000010890653
105,75,Qalpha_keV,3103.1999999999534,3103.1,0.09999999995352482
104,76,Sn_keV,9413.898999999976,9413.97,0.07100000002355955
104,76,Sp_keV,5065.98900000006,5066.1,0.11099999994075915
104,76,S2n_keV,16960.482000000076,16960.62,0.13799999992261291
104,76,S2p_keV,8530.402000000235,8530.51,0.10799999976552499
104,76,Qalpha_keV,3854.7319999998435,3854.74,0.008000000156243914
103,77,Sn_keV,7969.470999999903,7969.53,0.05900000009660289
103,77,Sp_keV,2247.1989999997895,2247.2,0.001000000210297003
103,77,S2n_keV,17868.217999999877,17868.28,0.06200000012177043
103,77,S2p_keV,6901.993999999948,6902.01,0.016000000052372343
103,77,Qalpha_keV,4660.439999999944,4660.44,5.547917680814862e-11
102,78,Sn_keV,10238.974000000162,10238.9,0.07400000016241393
102,78,Sp_keV,3645.151000000071,3645.17,0.018999999929292244
102,78,S2n_keV,18580.94200000004,18580.88,0.062000000038096914
102,78,S2p_keV,5469.462000000058,5469.49,0.02799999994203972
102,78,Qalpha_keV,5237.543999999762,5237.51,0.03399999976136314
101,79,Sn_keV,8676.89699999988,8677.03,0.13300000011986413
101,79,Sp_keV,615.2739999999758,615.33,0.056000000024255314
101,79,S2n_keV,19410.647999999812,19410.8,0.15200000018739956
101,79,S2p_keV,3920.1979999998584,3920.35,0.15200000014147008
101,79,Qalpha_keV,5840.36400000006,5840.24,0.12400000005982292
100,80,Sn_keV,11397.673000000184,11397.68,0.0069999998158891685
100,80,Sp_keV,2550.777000000002,2550.76,0.017000000001644366
100,80,S2n_keV,20076.830000000075,20076.74,0.0900000000729051
100,80,S2p_keV,2831.121999999974,2831.05,0.07199999997374107
100,80,Qalpha_keV,6258.451999999816,6258.45,0.001999999815780029
99,81,Sn_keV,9053.253000000026,9053.27,0.016999999974359525
99,81,Sp_keV,-372.8869999998715,-372.75,0.13699999987147748
99,81,S2p_keV,1513.967999999877,1514.11,0.14200000012283454
99,81,Qalpha_keV,6709.39599999995,6709.4,0.004000000049927621
98,82,Sn_keV,12051.528999999864,12051.43,0.09899999986373587
98,82,Sp_keV,938.4930000000168,938.43,0.06300000001681383
98,82,S2n_keV,21641.222000000067,21641.2,0.02200000006632763
98,82,S2p_keV,191.5100000000093,191.47,0.04000000000931436
98,82,Qalpha_keV,7418.60400000005,7418.58,0.02400000005036418
110,71,Sn_keV,6189.789000000106,6189.93,0.14099999989412026
110,71,S2n_keV,11879.112999999896,11879.13,0.017000000103507773
109,72,Sn_keV,5694.7949999999255,5694.8,0.005000000074687705
109,72,Sp_keV,8015.355000000214,8015.45,0.09499999978561391
109,72,S2n_keV,13082.475000000093,13082.56,0.08499999990635843
109,72,Qalpha_keV,1154.5729999998584,1154.58,0.007000000141488272
108,73,Sn_keV,7576.658000000054,7576.75,0.09199999994598329
108,73,Sp_keV,5948.737999999896,5948.81,0.0720000001047083
108,73,S2n_keV,14224.436999999918,14224.49,0.05300000008173811
108,73,S2p_keV,13958.621999999974,13958.65,0.028000000025713234
108,73,Qalpha_keV,1519.244999999879,1519.26,0.01500000012106284
107,74,Sn_keV,6686.055999999866,6686.21,0.15400000013414683
107,74,Sp_keV,6606.13599999994,6606.23,0.09400000005916809
107,74,S2n_keV,15098.51000000001,15098.67,0.15999999999075953
107,74,S2p_keV,12365.89599999995,12366.04,0.14400000005116453
107,74,Qalpha_keV,2204.7970000000205,2204.67,0.12700000002041634
106,75,Sn_keV,8754.942000000272,8754.94,0.0020000002714368748
106,75,Sp_keV,4171.242000000086,4171.38,0.13799999991442746
106,75,S2n_keV,16078.67100000009,16078.79,0.11899999991146615
106,75,S2p_keV,10739.101000000024,10739.15,0.048999999975421815
106,75,Qalpha_keV,2771.1949999998324,2771.15,0.04499999983227099
105,76,Sn_keV,7259.466000000015,7259.33,0.13600000001497392
105,76,Sp_keV,5001.726000000257,5001.58,0.1460000002571178
105,76,S2n_keV,16673.36499999999,16673.3,0.06499999999141437
105,76,S2p_keV,8830.480000000214,8830.49,0.009999999785577529
105,76,Qalpha_keV,3726.748999999836,3726.85,0.10100000016382182
104,77,Sn_keV,9565.41100000008,9565.42,0.008999999919979018
104,77,Sp_keV,2398.710999999894,2398.65,0.06099999989373828
104,77,S2n_keV,17534.881999999983,17534.96,0.07800000001589069
104,77,S2p_keV,7464.699999999953,7464.75,0.05000000004656613
104,77,Qalpha_keV,4372.602999999886,4372.62,0.017000000113512215
103,78,Sn_keV,8010.126999999862,8010.18,0.05300000013812678
103,78,Sp_keV,3685.80700000003,3685.82,0.012999999970361387
103,78,S2n_keV,18249.101000000024,18249.08,0.021000000022468157
103,78,S2p_keV,5933.005999999819,5933.02,0.014000000181113137
103,78,Qalpha_keV,5150.004999999888,5149.96,0.04499999988820491
102,79,Sn_keV,10348.215000000084,10348.21,0.005000000084692147
102,79,Sp_keV,724.5149999998976,724.65,0.13500000010242275
102,79,S2n_keV,19025.111999999965,19025.24,0.12800000003699097
102,79,S2p_keV,4369.665999999968,4369.82,0.15400000003137393
102,79,Qalpha_keV,5751.388999999734,5751.32,0.06899999973393278
101,80,Sn_keV,8481.91799999983,8482.07,0.15200000016920967
101,80,Sp_keV,2355.7979999999516,2355.8,0.002000000048610673
101,80,S2n_keV,19879.591000000015,19879.75,0.15899999998509884
101,80,S2p_keV,2971.0719999999274,2971.14,0.06800000007251583
101,80,Qalpha_keV,6284.494999999879,6284.4,0.09499999987929186
100,81,Sn_keV,11607.918000000063,11607.78,0.1380000000626751
100,81,Sp_keV,-162.64199999999255,-162.65,0.008000000007456265
100,81,S2n_keV,20661.17100000009,20661.05,0.12100000009013456
100,81,S2p_keV,2388.1350000000093,2388.11,0.025000000009185896
100,81,Qalpha_keV,6321.367999999784,6321.38,0.012000000216175977
99,82,Sn_keV,9258.887000000104,9258.95,0.06299999989641947
99,82,Sp_keV,1144.127000000095,1144.1,0.027000000095085852
99,82,S2n_keV,21310.41599999997,21310.38,0.0359999999673164
99,82,S2p_keV,771.2400000002235,771.35,0.10999999977650532
99,82,Qalpha_keV,7240.25699999975,7240.26,0.0030000002498127287
110,72,Sn_keV,6717.98499999987,6718.0,0.01500000013038516
110,72,Sp_keV,8543.550999999978,8543.52,0.0309999999772117
110,72,S2n_keV,12412.779999999795,12412.8,0.02000000020416337
110,72,Qalpha_keV,1217.0560000000987,1216.98,0.076000000098702
109,73,Sn_keV,6063.095999999903,6062.94,0.15599999990354263
109,73,Sp_keV,6317.038999999873,6316.94,0.09899999987374031
109,73,S2n_keV,13639.753999999957,13639.69,0.06399999995664984
109,73,S2p_keV,14332.394000000088,14332.4,0.00599999991209188
109,73,Qalpha_keV,1481.4759999997914,1481.62,0.14400000020850712
108,74,Sn_keV,8065.739999999991,8065.58,0.15999999999075953
108,74,Sp_keV,7095.217999999877,7095.06,0.15799999987666524
108,74,S2n_keV,14751.795999999857,14751.78,0.015999999855921487
108,74,S2p_keV,13043.955999999773,13043.86,0.09599999977217522
108,74,Qalpha_keV,1764.9520000000484,1765.05,0.09799999995152575
107,75,Sn_keV,6998.065999999875,6998.05,0.015999999875020876
107,75,Sp_keV,4483.252000000095,4483.23,0.02200000009543146
107,75,S2n_keV,15753.008000000147,15752.99,0.018000000147367246
107,75,S2p_keV,11089.388000000035,11089.46,0.07199999996373663
106,76,Sn_keV,9130.389999999898,9130.43,0.04000000010273652
106,76,Sp_keV,5377.173999999883,5377.07,0.1039999998829444
106,76,S2n_keV,16389.855999999912,16389.76,0.09599999991405639
106,76,S2p_keV,9548.415999999968,9548.45,0.03400000003239256
106,76,Qalpha_keV,3375.401999999769,3375.39,0.01199999976915933
105,77,Sn_keV,7651.357000000076,7651.36,0.002999999923304131
105,77,Sp_keV,2790.6019999999553,2790.69,0.08800000004475805
105,77,S2n_keV,17216.768000000156,17216.79,0.021999999844410922
105,77,S2p_keV,7792.328000000212,7792.26,0.06800000021212327
105,77,Qalpha_keV,4176.897999999812,4176.86,0.03799999981220026
104,78,Sn_keV,9865.117000000086,9865.15,0.032999999913954525
104,78,Sp_keV,3985.5130000000354,3985.55,0.03699999996479164
104,78,S2n_keV,17875.243999999948,17875.34,0.09600000005229958
104,78,S2p_keV,6384.223999999929,6384.2,0.023999999929401383
104,78,Qalpha_keV,4950.953999999911,4950.84,0.11399999991044751
103,79,Sn_keV,8500.996999999974,8500.9,0.09699999997428677
103,79,Sp_keV,1215.3850000000093,1215.36,0.02500000000941327
103,79,S2n_keV,18849.212000000058,18849.11,0.10200000005715992
103,79,S2p_keV,4901.192000000039,4901.18,0.01200000003882451
103,79,Qalpha_keV,5526.25,5526.2,0.0500000000001819
102,80,Sn_keV,10987.003999999957,10986.91,0.09399999995730468
102,80,Sp_keV,2994.586999999825,2994.5,0.08699999982491136
102,80,S2n_keV,19468.921999999788,19468.98,0.05800000021190499
102,80,S2p_keV,3719.1019999997225,3719.15,0.04800000027762508
102,80,Qalpha_keV,5995.616000000155,5995.63,0.013999999845509592
101,81,Sn_keV,8580.523999999976,8580.68,0.15600000002450543
101,81,Sp_keV,-64.03599999984726,-64.05,0.01400000015273406
101,81,S2n_keV,20188.44200000004,20188.45,0.007999999961612048
101,81,S2p_keV,2291.7620000001043,2291.76,0.0020000001040898496
101,81,Qalpha_keV,6593.25,6593.1,0.1499999999996362
100,82,Sn_keV,11779.420999999857,11779.45,0.029000000144151272
100,82,Sp_keV,1315.6299999998882,1315.78,0.15000000011173142
100,82,S2n_keV,21038.30799999996,21038.4,0.09200000004057074
100,82,S2p_keV,1152.9879999998957,1153.13,0.14200000010441727
100,82,Qalpha_keV,7065.841999999946,7065.79,0.05199999994601967
112,71,S2n_keV,11061.446999999927,11061.33,0.1169999999274296
111,72,Sn_keV,5305.535000000149,5305.47,0.06500000014875695
111,72,S2n_keV,12023.520000000019,12023.47,0.05000000001928129
110,73,Sn_keV,6934.0449999999255,6934.18,0.13500000007479684
110,73,Sp_keV,6533.098999999929,6533.12,0.021000000070671376
110,73,S2n_keV,12997.140999999829,12997.12,0.02099999982783629
110,73,S2p_keV,15076.649999999907,15076.64,0.00999999990744982
110,73,Qalpha_keV,1339.8970000001136,1339.89,0.00700000011352131
109,74,Sn_keV,6190.69700000016,6190.81,0.1129999998402127
109,74,Sp_keV,7222.819000000134,7222.93,0.11099999986618059
109,74,S2n_keV,14256.43700000015,14256.39,0.047000000151456334
109,74,S2p_keV,13539.858000000007,13539.88,0.021999999991749064
109,74,Qalpha_keV,1673.3269999998156,1673.23,0.09699999981557994
108,75,Sn_keV,8434.905999999959,8434.81,0.09599999995953112
108,75,Sp_keV,4852.418000000063,4852.47,0.05199999993692472
108,75,S2n_keV,15432.971999999834,15432.87,0.10199999983342423
108,75,S2p_keV,11947.63599999994,11947.52,0.1159999999399588
108,75,Qalpha_keV,2123.5870000000577,2123.65,0.06299999994234895
107,76,Sn_keV,7126.334000000032,7126.29,0.04400000003170135
107,76,Sp_keV,5505.442000000039,5505.3,0.14200000003893365
107,76,S2n_keV,16256.72399999993,16256.71,0.0139999999300926
107,76,S2p_keV,9988.694000000134,9988.53,0.16400000013345561
107,76,Qalpha_keV,3208.4559999997728,3208.46,0.004000000227279088
106,77,Sn_keV,9222.90100000007,9222.95,0.04899999992994708
106,77,Sp_keV,2883.1130000001285,2883.21,0.09699999987151386
106,77,S2n_keV,16874.258000000147,16874.31,0.051999999854160706
106,77,S2p_keV,8260.287000000011,8260.27,0.017000000010739313
106,77,Qalpha_keV,3956.7019999998156,3956.6,0.10199999981568908
105,78,Sn_keV,7675.440999999875,7675.45,0.009000000124615326
105,78,Sp_keV,4009.596999999834,4009.64,0.04300000016564809
105,78,S2n_keV,17540.55799999996,17540.61,0.052000000039697625
105,78,S2p_keV,6800.1989999997895,6800.32,0.12100000021018786
105,78,Qalpha_keV,4822.096000000136,4822.04,0.056000000136009476
104,79,Sn_keV,9959.701000000117,9959.68,0.021000000117055606
104,79,Sp_keV,1309.969000000041,1309.89,0.07900000004087815
104,79,S2n_keV,18460.69800000009,18460.58,0.11800000008952338
104,79,S2p_keV,5295.482000000076,5295.44,0.04200000007676863
104,79,Qalpha_keV,5465.295999999857,5465.26,0.035999999856358045
103,80,Sn_keV,8299.099000000162,8299.13,0.030999999837149517
103,80,Sp_keV,2792.689000000013,2792.73,0.040999999986979674
103,80,S2n_keV,19286.10300000012,19286.04,0.06300000011833617
103,80,S2p_keV,4008.0740000000224,4008.1,0.02599999997755731
103,80,Qalpha_keV,6038.48499999987,6038.48,0.004999999870051397
102,81,Sn_keV,11350.476999999955,11350.47,0.006999999955951353
102,81,Sp_keV,299.4370000001509,299.52,0.08299999984910755
102,81,S2n_keV,19931.00099999993,19931.15,0.14900000007037306
102,81,S2p_keV,3294.023999999976,3294.02,0.003999999975803803
102,81,Qalpha_keV,5976.523999999976,5976.4,0.12399999997614941
101,82,Sn_keV,8817.002000000095,8816.86,0.14200000009441283
101,82,Sp_keV,1552.1080000000075,1551.96,0.1480000000074142
101,82,S2n_keV,20596.42299999995,20596.31,0.11299999995026155
101,82,S2p_keV,1488.0720000001602,1487.91,0.16200000016010563
101,82,Qalpha_keV,6927.996999999741,6928.0,0.0030000002589076757
112,72,Sn_keV,6286.6369999998715,6286.76,0.1230000001287408
112,72,Sp_keV,9074.27600000007,9074.42,0.14399999992929224
112,72,S2n_keV,11592.17200000002,11592.23,0.057999999979074346
111,73,Sn_keV,5616.777000000235,5616.76,0.01700000023447501
111,73,Sp_keV,6844.341000000015,6844.42,0.0789999999851716
111,73,S2n_keV,12550.82200000016,12550.94,0.11799999984032183
111,73,Qalpha_keV,1412.4439999996684,1412.32,0.12399999966851283
110,74,Sn_keV,7411.618999999948,7411.66,0.041000000052008545
110,74,Sp_keV,7700.3930000001565,7700.42,0.026999999843610567
110,74,S2n_keV,13602.316000000108,13602.48,0.16399999989153002
110,74,S2p_keV,14233.492000000086,14233.54,0.04799999991519144
110,74,Qalpha_keV,1649.3880000000354,1649.32,0.06800000003545392
109,75,Sn_keV,6484.858000000007,6484.82,0.03800000000774162
109,75,Sp_keV,5146.578999999911,5146.48,0.09899999991102959
109,75,S2n_keV,14919.763999999966,14919.64,0.12399999996705446
109,75,S2p_keV,12369.398000000045,12369.41,0.011999999955150997
109,75,Qalpha_keV,2286.5079999999143,2286.56,0.05200000008562711
108,76,Sn_keV,8663.785999999847,8663.92,0.13400000015280966
108,76,Sp_keV,5734.321999999927,5734.4,0.07800000007227936
108,76,S2n_keV,15790.119999999879,15790.2,0.08000000012179953
108,76,S2p_keV,10586.73999999999,10586.87,0.13000000001011358
108,76,Qalpha_keV,2957.124000000069,2957.01,0.11400000006869959
107,77,Sn_keV,7478.822999999858,7478.86,0.03700000014123361
107,77,Sp_keV,3235.6019999999553,3235.78,0.17800000004490357
107,77,S2n_keV,16701.72399999993,16701.81,0.08600000007209019
107,77,S2p_keV,8741.043999999994,8741.08,0.036000000005515176
107,77,Qalpha_keV,3801.6079999997746,3801.59,0.017999999774474418
106,78,Sn_keV,9637.91100000008,9637.8,0.11100000008082134
106,78,Sp_keV,4424.6069999998435,4424.49,0.11699999984375609
106,78,S2n_keV,17313.351999999955,17313.25,0.10199999995529652
106,78,S2p_keV,7307.719999999972,7307.7,0.01999999997224222
106,78,Qalpha_keV,4598.084000000032,4598.2,0.11599999996815313
105,79,Sn_keV,8200.862999999896,8200.9,0.03700000010394433
105,79,Sp_keV,1835.3910000000615,1835.33,0.06100000006154005
105,79,S2n_keV,18160.564000000013,18160.58,0.015999999988707714
105,79,S2p_keV,5844.987999999896,5844.97,0.017999999895437213
105,79,Qalpha_keV,5233.903999999864,5233.9,0.003999999864390702
104,80,Sn_keV,10615.523000000045,10615.46,0.0630000000455766
104,80,Sp_keV,3448.5109999999404,3448.52,0.009000000059586455
104,80,S2n_keV,18914.622000000207,18914.6,0.022000000208208803
104,80,S2p_keV,4758.479999999981,4758.41,0.06999999998151907
104,80,Qalpha_keV,5661.935999999987,5661.92,0.015999999986888724
103,81,Sn_keV,8357.368999999948,8357.27,0.09899999994740938
103,81,Sp_keV,357.70699999993667,357.66,0.046999999936645054
103,81,S2n_keV,19707.845999999903,19707.75,0.09599999990314245
103,81,S2p_keV,3150.3959999999497,3150.39,0.00599999994983591
103,81,Qalpha_keV,6296.051999999909,6296.15,0.09800000009090581
102,82,Sn_keV,11551.610000000102,11551.75,0.13999999989755452
102,82,Sp_keV,1753.2410000001546,1753.23,0.011000000154581357
102,82,S2n_keV,20368.612000000197,20368.6,0.012000000198895577
102,82,S2p_keV,2052.6780000003055,2052.75,0.0719999996945262
102,82,Qalpha_keV,6774.059999999823,6773.93,0.12999999982275767
101,83,Sp_keV,-1469.7020000000484,-1469.55,0.15200000004847425
101,83,S2p_keV,82.40599999995902,82.41,0.004000000040974783
101,83,Qalpha_keV,8024.811999999918,8024.8,0.011999999917861714
113,72,Sn_keV,4889.5779999999795,4889.56,0.017999999979110726
113,72,S2n_keV,11176.214999999851,11176.32,0.10500000014872057
112,73,Sn_keV,6626.243999999948,6626.21,0.033999999947809556
112,73,Sp_keV,7183.948000000091,7183.86,0.08800000009159703
112,73,S2n_keV,12243.021000000183,12242.97,0.05100000018319406
112,73,S2p_keV,16258.224000000162,16258.28,0.05599999983860471
112,73,Qalpha_keV,975.9889999998268,976.05,0.061000000173180524
111,74,Sn_keV,5753.822999999858,5753.71,0.11299999985840259
111,74,Sp_keV,7837.43899999978,7837.36,0.07899999978053529
111,74,S2n_keV,13165.441999999806,13165.37,0.07199999980548455
111,74,S2p_keV,14681.779999999795,14681.78,2.0554580260068178e-10
111,74,Qalpha_keV,1590.3600000001024,1590.42,0.059999999897627276
110,75,Sn_keV,7669.212999999989,7669.21,0.0029999999887877493
110,75,Sp_keV,5404.172999999952,5404.03,0.14299999995182588
110,75,S2n_keV,14154.070999999996,14154.04,0.030999999995401595
110,75,S2p_keV,13104.566000000108,13104.44,0.1260000001075241
110,75,Qalpha_keV,2193.9529999999795,2194.1,0.14700000002039815
109,76,Sn_keV,6624.509000000078,6624.52,0.010999999922205461
109,76,Sp_keV,5873.972999999998,5874.09,0.11700000000200816
109,76,S2n_keV,15288.294999999925,15288.43,0.13500000007479684
109,76,S2p_keV,11020.551999999909,11020.57,0.018000000090978574
109,76,Qalpha_keV,3018.6709999998566,3018.7,0.029000000143241778
108,77,Sn_keV,8796.138000000035,8796.02,0.1180000000349537
108,77,Sp_keV,3367.9540000001434,3367.88,0.07400000014331454
108,77,S2n_keV,16274.960999999894,16274.88,0.08099999989462958
108,77,S2p_keV,9102.27600000007,9102.28,0.0039999999298743205
108,77,Qalpha_keV,3760.412000000011,3760.51,0.09799999998904241
107,78,Sn_keV,7420.529000000097,7420.63,0.10099999990325159
107,78,Sp_keV,4366.313000000082,4366.26,0.05300000008173811
107,78,S2n_keV,17058.440000000177,17058.43,0.010000000176660251
107,78,S2p_keV,7601.915000000037,7602.04,0.12499999996271072
107,78,Qalpha_keV,4437.02099999995,4436.91,0.1109999999498541
106,79,Sn_keV,9619.398999999976,9619.42,0.021000000024287147
106,79,Sp_keV,1816.8789999999572,1816.95,0.07100000004288631
106,79,S2n_keV,17820.26199999987,17820.32,0.05800000012823148
106,79,S2p_keV,6241.485999999801,6241.44,0.04599999980109715
106,79,Qalpha_keV,5179.915999999968,5179.91,0.005999999968480552
105,80,Sn_keV,7898.2309999999125,7898.19,0.040999999912855856
105,80,Sp_keV,3145.878999999957,3145.81,0.06899999995721373
105,80,S2n_keV,18513.753999999957,18513.65,0.10399999995570397
105,80,S2p_keV,4981.270000000019,4981.15,0.12000000001899025
105,80,Qalpha_keV,5773.831999999937,5773.91,0.07800000006318442
104,81,Sn_keV,10956.032000000123,10955.97,0.062000000123589416
104,81,Sp_keV,698.2160000000149,698.16,0.056000000014932994
104,81,S2n_keV,19313.40100000007,19313.24,0.1610000000691798
104,81,S2p_keV,4146.726999999955,4146.68,0.04699999995500548
104,81,Qalpha_keV,5688.23499999987,5688.4,0.16500000013002136
103,82,Sn_keV,8561.019999999786,8561.0,0.019999999785795808
103,82,Sp_keV,1956.8919999999925,1956.96,0.06800000000748696
103,82,S2n_keV,20112.62999999989,20112.75,0.12000000011175871
103,82,S2p_keV,2314.598999999929,2314.62,0.021000000070671376
103,82,Qalpha_keV,6694.957999999868,6695.0,0.042000000132247806
114,72,Sn_keV,6175.722000000067,6175.73,0.007999999932508217
114,72,S2n_keV,11065.300000000047,11065.29,0.010000000045693014
113,73,Sn_keV,5284.721999999834,5284.68,0.04199999983393354
113,73,Sp_keV,7579.091999999946,7578.98,0.11199999994641985
113,73,S2n_keV,11910.965999999782,11910.88,0.08599999978287087
112,74,Sn_keV,7192.189000000013,7192.18,0.009000000012747478
112,74,Sp_keV,8403.383999999845,8403.33,0.05399999984547321
112,74,S2n_keV,12946.011999999871,12945.88,0.13199999987227784
112,74,S2p_keV,15587.331999999937,15587.19,0.14199999993616075
112,74,Qalpha_keV,1116.155999999959,1116.24,0.08400000004098729
111,75,Sn_keV,6179.2029999999795,6179.35,0.1470000000208529
111,75,Sp_keV,5829.553000000073,5829.67,0.1169999999274296
111,75,S2n_keV,13848.415999999968,13848.56,0.14400000003115565
111,75,S2p_keV,13666.991999999853,13667.03,0.0380000001478038
111,75,Qalpha_keV,2077.845999999903,2077.69,0.15599999990308788
110,76,Sn_keV,8263.858999999939,8263.85,0.008999999938168912
110,76,Sp_keV,6468.618999999948,6468.74,0.12100000005193579
110,76,S2n_keV,14888.368000000017,14888.37,0.001999999984036549
110,76,S2p_keV,11872.7919999999,11872.76,0.03199999989919888
110,76,Qalpha_keV,2820.5519999999087,2820.42,0.13199999990865763
109,77,Sn_keV,6910.590000000084,6910.53,0.06000000008407369
109,77,Sp_keV,3654.035000000149,3653.9,0.13500000014892066
109,77,S2n_keV,15706.72800000012,15706.55,0.17800000011993689
109,77,S2p_keV,9528.008000000147,9527.99,0.018000000147367246
109,77,Qalpha_keV,3847.8879999998026,3848.03,0.14200000019764047
108,78,Sn_keV,9247.728999999817,9247.65,0.07899999981782457
108,78,Sp_keV,4817.903999999864,4817.89,0.013999999863699486
108,78,S2n_keV,16668.257999999914,16668.28,0.022000000084517524
108,78,S2p_keV,8185.858000000007,8185.77,0.08800000000701402
108,78,Qalpha_keV,4319.68200000003,4319.68,0.002000000029511284
107,79,Sn_keV,7919.344999999972,7919.36,0.01500000002761226
107,79,Sp_keV,2315.6949999998324,2315.68,0.014999999832525646
107,79,S2n_keV,17538.743999999948,17538.78,0.03600000005098991
107,79,S2p_keV,6682.007999999914,6681.94,0.0679999999147185
107,79,Qalpha_keV,4911.928000000073,4911.91,0.01800000007278868
106,80,Sn_keV,10434.599000000162,10434.63,0.030999999837149517
106,80,Sp_keV,3961.0790000001434,3961.02,0.059000000143441866
106,80,S2n_keV,18332.830000000075,18332.82,0.010000000074796844
106,80,S2p_keV,5777.958000000101,5777.97,0.01199999989967182
106,80,Qalpha_keV,5204.34999999986,5204.44,0.09000000013929821
105,81,Sn_keV,8199.949999999953,8200.06,0.11000000004605681
105,81,Sp_keV,999.9350000000559,1000.03,0.09499999994409336
105,81,S2n_keV,19155.982000000076,19156.03,0.047999999922467396
105,81,S2p_keV,4145.814000000013,4145.84,0.025999999987107003
105,81,Qalpha_keV,5989.28199999989,5989.24,0.041999999890322215
104,82,Sn_keV,11212.121999999974,11212.01,0.11199999997370469
104,82,Sp_keV,2212.9819999998435,2213.0,0.018000000156462193
104,82,S2n_keV,19773.14199999976,19773.01,0.1319999997613195
104,82,S2p_keV,2911.1979999998584,2911.16,0.03799999985858449
104,82,Qalpha_keV,6469.839999999851,6469.9,0.060000000148647814
103,83,Sp_keV,-1125.8159999998752,-1125.85,0.034000000124706276
103,83,S2n_keV,20456.51600000006,20456.45,0.0660000000607397
103,83,S2p_keV,831.0760000001173,831.11,0.033999999882667
103,83,Qalpha_keV,7756.737999999896,7756.8,0.06200000010449003
102,84,S2p_keV,-565.7720000001136,-565.86,0.08799999988639229
102,84,Qalpha_keV,8492.819999999832,8492.92,0.10000000016771082
114,73,Sn_keV,6361.590000000084,6361.72,0.12999999991643563
114,73,Sp_keV,7764.959999999963,7764.96,3.728928277269006e-11
114,73,S2n_keV,11646.311999999918,11646.39,0.07800000008137431
114,73,Qalpha_keV,391.1239999998361,390.99,0.13399999983607813
113,74,Sn_keV,5466.732000000076,5466.79,0.05799999992359517
113,74,Sp_keV,8585.394000000088,8585.45,0.055999999913183274
113,74,S2n_keV,12658.92100000009,12658.97,0.0489999999099382
113,74,S2p_keV,16164.486000000034,16164.42,0.06600000003345485
113,74,Qalpha_keV,954.9590000000317,954.91,0.0490000000316968
112,75,Sn_keV,7359.326000000117,7359.21,0.11600000011731026
112,75,Sp_keV,5996.690000000177,5996.71,0.01999999982308509
112,75,S2n_keV,13538.529000000097,13538.56,0.030999999902633135
112,75,S2p_keV,14400.074000000022,14400.04,0.03400000002147863
112,75,Qalpha_keV,1652.5649999997113,1652.65,0.08500000028880095
111,76,Sn_keV,6289.933000000194,6289.95,0.016999999806103006
111,76,Sp_keV,6579.349000000162,6579.33,0.019000000162122888
111,76,S2n_keV,14553.792000000132,14553.8,0.007999999867024599
111,76,S2p_keV,12408.902000000235,12409.01,0.10799999976552499
111,76,Qalpha_keV,2721.315999999875,2721.29,0.025999999875239155
110,77,Sn_keV,8445.75599999982,8445.92,0.16400000018074934
110,77,Sp_keV,3835.93200000003,3835.96,0.027999999970234057
110,77,S2n_keV,15356.345999999903,15356.45,0.10400000009758514
110,77,S2p_keV,10304.550999999978,10304.7,0.14900000002307934
110,77,Qalpha_keV,3837.0379999999423,3836.92,0.11799999994218524
109,78,Sn_keV,6891.942000000039,6891.89,0.05200000003878813
109,78,Sp_keV,4799.255999999819,4799.25,0.0059999998193234205
109,78,S2n_keV,16139.670999999857,16139.54,0.1309999998557032
109,78,S2p_keV,8453.290999999968,8453.15,0.14099999996869883
109,78,Qalpha_keV,4554.074000000022,4554.08,0.005999999977575499
108,79,Sn_keV,9384.408999999985,9384.3,0.10899999998582643
108,79,Sp_keV,2452.375,2452.33,0.04500000000007276
108,79,S2n_keV,17303.753999999957,17303.66,0.09399999995730468
108,79,S2p_keV,7270.278999999864,7270.23,0.04899999986446346
108,79,Qalpha_keV,4750.420000000158,4750.56,0.13999999984207534
107,80,Sn_keV,7650.020999999717,7650.14,0.11900000028344948
107,80,Sp_keV,3691.7549999998882,3691.8,0.04500000011194061
107,80,S2n_keV,18084.61999999988,18084.76,0.14000000011947122
107,80,S2p_keV,6007.449999999721,6007.48,0.030000000278960215
107,80,Qalpha_keV,5229.770000000019,5229.75,0.02000000001862645
106,81,Sn_keV,10627.762000000104,10627.8,0.037999999894964276
106,81,Sp_keV,1193.0979999999981,1193.2,0.10200000000190812
106,81,S2n_keV,18827.712000000058,18827.85,0.1379999999408028
106,81,S2p_keV,5154.177000000142,5154.22,0.04299999985869363
106,81,Qalpha_keV,5321.220999999903,5321.12,0.10099999990325159
105,82,Sn_keV,8376.258000000147,8376.32,0.061999999852559995
105,82,Sp_keV,2389.2900000000373,2389.26,0.030000000037034624
105,82,S2n_keV,19588.38000000012,19588.33,0.050000000119325705
105,82,S2p_keV,3389.225000000093,3389.3,0.07499999990704964
105,82,Qalpha_keV,6392.680999999866,6392.71,0.02900000013414683
104,83,Sn_keV,11328.2919999999,11328.28,0.011999999898762326
104,83,Sp_keV,-1009.6459999999497,-1009.57,0.07599999994965856
104,83,S2p_keV,1203.3359999998938,1203.43,0.09400000010623444
104,83,Qalpha_keV,7778.922999999952,7778.99,0.0670000000482105
103,84,Sn_keV,9330.751999999862,9330.87,0.1180000001386361
103,84,Sp_keV,1329.775999999838,1329.86,0.08400000016195008
103,84,S2p_keV,203.95999999996275,204.01,0.05000000003724381
103,84,Qalpha_keV,7979.070000000065,7978.9,0.17000000006555638
115,73,Sn_keV,4783.216000000015,4783.14,0.07600000001457374
115,73,S2n_keV,11144.806000000099,11144.86,0.053999999901861884
114,74,Sn_keV,6834.908000000054,6834.91,0.0019999999458377715
114,74,Sp_keV,9058.712000000058,9058.64,0.07200000005832408
114,74,S2n_keV,12301.64000000013,12301.71,0.06999999986874172
114,74,S2p_keV,16823.67200000002,16823.61,0.06200000001990702
114,74,Qalpha_keV,406.6879999998491,406.77,0.08200000015085607
113,75,Sn_keV,5871.60999999987,5871.65,0.04000000013002136
113,75,Sp_keV,6401.56799999997,6401.56,0.0079999999697975
113,75,S2n_keV,13230.935999999987,13230.86,0.07599999998637941
113,75,S2p_keV,14986.962000000058,14987.01,0.04799999994247628
113,75,Qalpha_keV,1397.7320000000764,1397.77,0.03799999992361336
112,76,Sn_keV,7989.582999999868,7989.58,0.002999999867824954
112,76,Sp_keV,7209.6059999999125,7209.7,0.09400000008736242
112,76,S2n_keV,14279.516000000061,14279.53,0.013999999939187546
112,76,S2p_keV,13206.29600000009,13206.41,0.11399999991044751
112,76,Qalpha_keV,2143.3519999999553,2143.37,0.018000000044594344
111,77,Sn_keV,6873.464000000153,6873.33,0.13400000015280966
111,77,Sp_keV,4419.462999999989,4419.34,0.12299999998867861
111,77,S2n_keV,15319.219999999972,15319.25,0.030000000027939677
111,77,S2p_keV,10998.81200000015,10998.68,0.13200000015058322
111,77,Qalpha_keV,3448.431999999797,3448.42,0.01199999979689892
110,78,Sn_keV,9215.243999999948,9215.27,0.02600000005259062
110,78,Sp_keV,5568.743999999948,5568.6,0.14399999994748214
110,78,S2n_keV,16107.185999999987,16107.17,0.015999999986888724
110,78,S2p_keV,9404.675999999978,9404.57,0.1059999999779393
110,78,Qalpha_keV,4002.6159999999218,4002.72,0.10400000007803101
109,79,Sn_keV,7320.151000000071,7320.31,0.15899999992961966
109,79,Sp_keV,2880.5840000000317,2880.75,0.16599999996833503
109,79,S2n_keV,16704.560000000056,16704.62,0.05999999994310201
109,79,S2p_keV,7679.839999999851,7680.01,0.1700000001492299
109,79,Qalpha_keV,4909.091999999946,4909.1,0.008000000054380507
108,80,Sn_keV,10164.981000000145,10164.89,0.0910000001458684
108,80,Sp_keV,4472.327000000048,4472.38,0.052999999951680365
108,80,S2n_keV,17815.001999999862,17815.02,0.0180000001382723
108,80,S2p_keV,6924.702000000048,6924.72,0.017999999951825885
108,80,Qalpha_keV,4702.699999999953,4702.67,0.02999999995336111
107,81,Sn_keV,7964.691999999806,7964.63,0.061999999806175765
107,81,Sp_keV,1507.7690000000875,1507.69,0.07900000008748975
107,81,S2n_keV,18592.45399999991,18592.42,0.03399999991233926
107,81,S2p_keV,5199.523999999976,5199.49,0.03399999997600389
107,81,Qalpha_keV,5557.391999999993,5557.39,0.0019999999922220013
106,82,Sn_keV,10899.30799999996,10899.41,0.10200000003897003
106,82,Sp_keV,2660.835999999894,2660.87,0.034000000106061634
106,82,S2n_keV,19275.566000000108,19275.73,0.16399999989153002
106,82,S2p_keV,3853.933999999892,3854.08,0.14600000010796066
106,82,Qalpha_keV,6108.89599999995,6108.77,0.12599999994927202
105,83,Sn_keV,8872.67200000002,8872.63,0.04200000002128945
105,83,Sp_keV,-513.2320000000764,-513.27,0.03799999992361336
105,83,S2n_keV,20200.96399999992,20200.91,0.05399999992005178
105,83,S2p_keV,1876.0579999999609,1875.99,0.06799999996087536
105,83,Qalpha_keV,7263.619999999879,7263.64,0.020000000121399353
104,84,Sn_keV,11448.57200000016,11448.43,0.14200000015989644
104,84,Sp_keV,1450.0560000000987,1450.01,0.04600000009872929
104,84,S2n_keV,20779.324000000022,20779.31,0.01400000002104207
104,84,S2p_keV,440.410000000149,440.43,0.01999999985099521
104,84,Qalpha_keV,8082.108000000007,8082.21,0.1019999999925858
115,74,Sn_keV,5018.961999999825,5018.98,0.018000000174652087
115,74,Sp_keV,9294.457999999868,9294.48,0.022000000131811248
115,74,S2n_keV,11853.869999999879,11853.89,0.020000000120489858
115,74,Qalpha_keV,277.3040000000037,277.35,0.04599999999629745
114,75,Sn_keV,7033.097999999998,7033.16,0.062000000001717126
114,75,Sp_keV,6599.757999999914,6599.81,0.052000000086081855
114,75,S2n_keV,12904.707999999868,12904.81,0.10200000013173849
114,75,S2p_keV,15658.469999999972,15658.46,0.009999999972933438
114,75,Qalpha_keV,990.8780000000261,990.81,0.0680000000261316
113,76,Sn_keV,5920.579000000143,5920.51,0.0690000001432054
113,76,Sp_keV,7258.575000000186,7258.56,0.015000000185864337
113,76,S2n_keV,13910.162000000011,13910.09,0.07200000001103035
113,76,S2p_keV,13660.143000000156,13660.12,0.023000000155661837
113,76,Qalpha_keV,1976.5959999996703,1976.57,0.025999999670375473
112,77,Sn_keV,8176.581999999937,8176.64,0.05800000006365735
112,77,Sp_keV,4606.462000000058,4606.4,0.0620000000581058
112,77,S2n_keV,15050.04600000009,15049.97,0.0760000000900618
112,77,S2p_keV,11816.06799999997,11816.1,0.03200000003016612
112,77,Qalpha_keV,2941.062999999849,2940.99,0.07299999984934402
111,78,Sn_keV,6727.76099999994,6727.74,0.020999999940613634
111,78,Sp_keV,5423.0409999997355,5423.01,0.03099999973528611
111,78,S2n_keV,15943.004999999888,15943.01,0.005000000111976988
111,78,S2p_keV,9842.503999999724,9842.36,0.14399999972374644
111,78,Qalpha_keV,3899.3640000000596,3899.5,0.13599999994039536
110,79,Sn_keV,9376.543000000063,9376.44,0.10300000006282062
110,79,Sp_keV,3041.883000000147,3041.92,0.03699999985292379
110,79,S2n_keV,16696.694000000134,16696.75,0.05599999986588955
110,79,S2p_keV,8610.627000000095,8610.52,0.10700000009455835
110,79,Qalpha_keV,4328.686999999918,4328.68,0.006999999917752575
109,80,Sn_keV,7486.3259999998845,7486.3,0.025999999884334102
109,80,Sp_keV,4638.501999999862,4638.37,0.1319999998622734
109,80,S2n_keV,17651.30700000003,17651.19,0.117000000031112
109,80,S2p_keV,7519.085999999894,7519.13,0.04400000010627991
109,80,Qalpha_keV,4636.903000000166,4636.99,0.0869999998340063
108,81,Sn_keV,10337.080000000075,10337.1,0.019999999925857992
108,81,Sp_keV,1679.8680000000168,1679.9,0.03199999998332714
108,81,S2n_keV,18301.77199999988,18301.72,0.05199999987962656
108,81,S2p_keV,6152.195000000065,6152.28,0.08499999993455276
108,81,Qalpha_keV,4839.710999999894,4839.71,0.0009999998937928467
107,82,Sn_keV,8134.611999999965,8134.49,0.12199999996482802
107,82,Sp_keV,2830.756000000052,2830.73,0.026000000052135874
107,82,S2n_keV,19033.919999999925,19033.89,0.02999999992607627
107,82,S2p_keV,4338.52500000014,4338.43,0.09500000013940735
107,82,Qalpha_keV,5872.514999999898,5872.47,0.04499999989729986
106,83,Sn_keV,10951.43200000003,10951.46,0.027999999969324563
106,83,Sp_keV,-461.10800000000745,-461.22,0.1119999999925767
106,83,S2n_keV,19824.10400000005,19824.08,0.02400000004854519
106,83,S2p_keV,2199.7279999998864,2199.66,0.06799999988652417
106,83,Qalpha_keV,7268.219999999972,7268.15,0.06999999997242412
105,84,Sn_keV,8948.80700000003,8948.92,0.11299999997027044
105,84,Sp_keV,1526.191000000108,1526.3,0.1089999998919211
105,84,S2n_keV,20397.37900000019,20397.35,0.029000000191444997
105,84,S2p_keV,1012.9590000000317,1013.03,0.07099999996830775
105,84,Qalpha_keV,7694.320999999763,7694.3,0.020999999763262167
116,74,Sn_keV,6834.734000000171,6834.68,0.054000000171072315
116,74,S2n_keV,11853.695999999996,11853.65,0.04599999999663851
116,74,Qalpha_keV,-381.7080000001006,-381.6,0.1080000001005601
115,75,Sn_keV,5725.708000000101,5725.59,0.11800000010043732
115,75,Sp_keV,7306.50400000019,7306.43,0.07400000018969877
115,75,S2n_keV,12758.806000000099,12758.75,0.05600000009872019
115,75,S2p_keV,16600.962000000058,16600.9,0.06200000005628681
115,75,Qalpha_keV,549.8919999997597,549.9,0.008000000240258487
114,76,Sn_keV,7792.2009999998845,7792.3,0.0990000001156659
114,76,Sp_keV,8017.678000000073,8017.69,0.011999999926956662
114,76,S2n_keV,13712.780000000028,13712.81,0.029999999971551006
114,76,S2p_keV,14617.435999999987,14617.51,0.0740000000132568
114,76,Qalpha_keV,1376.5839999997988,1376.45,0.13399999979878885
113,77,Sn_keV,6370.31799999997,6370.23,0.08799999997063424
113,77,Sp_keV,5056.2009999998845,5056.13,0.07099999988440686
113,77,S2n_keV,14546.899999999907,14546.87,0.029999999906067387
113,77,S2p_keV,12314.77600000007,12314.69,0.0860000000702712
113,77,Qalpha_keV,2749.9479999998584,2750.11,0.16200000014168836
112,78,Sn_keV,8911.059000000125,8911.13,0.07099999987440242
112,78,Sp_keV,6157.517999999924,6157.5,0.01799999992363155
112,78,S2n_keV,15638.820000000065,15638.87,0.049999999935607775
112,78,S2p_keV,10763.979999999981,10763.91,0.06999999998151907
112,78,Qalpha_keV,3252.1639999998733,3252.23,0.06600000012667806
111,79,Sn_keV,7372.506999999983,7372.6,0.0930000000171276
111,79,Sp_keV,3686.62900000019,3686.78,0.15099999981021028
111,79,S2n_keV,16749.050000000047,16749.04,0.010000000045693014
111,79,S2p_keV,9109.669999999925,9109.8,0.1300000000737782
111,79,Qalpha_keV,3866.7700000000186,3866.62,0.1500000000187356
110,80,Sn_keV,9815.158000000054,9815.25,0.09199999994598329
110,80,Sp_keV,5077.116999999853,5077.19,0.07300000014674879
110,80,S2n_keV,17301.48399999994,17301.55,0.0660000000607397
110,80,S2p_keV,8119.0,8119.1,0.1000000000003638
110,80,Qalpha_keV,4069.473999999929,4069.39,0.08399999992934681
108,82,Sn_keV,10609.59999999986,10609.64,0.04000000013911631
108,82,Sp_keV,3103.275999999838,3103.28,0.004000000162250217
108,82,S2n_keV,18744.211999999825,18744.13,0.08199999982389272
108,82,S2p_keV,4783.143999999855,4783.18,0.03600000014557736
108,82,Qalpha_keV,5697.514000000199,5697.46,0.05400000019926665
107,83,Sn_keV,8605.409999999916,8605.46,0.05000000008294592
107,83,Sp_keV,9.68999999994412,9.75,0.060000000055879354
107,83,S2n_keV,19556.841999999946,19556.92,0.07800000005227048
107,83,S2p_keV,2840.4459999999963,2840.49,0.04400000000350701
107,83,Qalpha_keV,6862.760000000009,6862.75,0.010000000009313226
106,84,Sn_keV,11213.26099999994,11213.12,0.140999999939595
106,84,Sp_keV,1788.0200000000186,1787.95,0.07000000001858098
106,84,S2n_keV,20162.06799999997,20162.03,0.03799999997136183
106,84,S2p_keV,1326.9120000000112,1326.74,0.17200000001116678
106,84,Qalpha_keV,7693.181999999797,7693.19,0.008000000202628144
117,74,Sn_keV,4866.5449999999255,4866.6,0.055000000074869604
117,74,S2n_keV,11701.279000000097,11701.27,0.00900000009642099
116,75,Sn_keV,6788.3869999998715,6788.38,0.006999999871368345
116,75,Sp_keV,7260.15699999989,7260.13,0.026999999889994797
116,75,S2n_keV,12514.094999999972,12513.97,0.12499999997271516
116,75,Qalpha_keV,123.09499999997206,123.23,0.13500000002794366
115,76,Sn_keV,5758.7360000000335,5758.74,0.003999999966254109
115,76,Sp_keV,8050.706000000006,8050.84,0.13399999999455758
115,76,S2n_keV,13550.936999999918,13551.03,0.09300000008261122
115,76,S2p_keV,15357.210000000196,15357.26,0.04999999980464054
115,76,Qalpha_keV,1084.5799999998417,1084.51,0.06999999984168426
114,77,Sn_keV,8026.403999999864,8026.53,0.12600000013571844
114,77,Sp_keV,5290.403999999864,5290.37,0.033999999864136043
114,77,S2n_keV,14396.721999999834,14396.77,0.048000000166211976
114,77,S2p_keV,13308.081999999937,13308.06,0.021999999937179382
114,77,Qalpha_keV,2082.8700000001118,2082.79,0.08000000011179509
113,78,Sn_keV,6447.433000000194,6447.53,0.09699999980603025
113,78,Sp_keV,6234.633000000147,6234.8,0.16699999985303293
113,78,S2n_keV,15358.492000000319,15358.66,0.16799999968134216
113,78,S2p_keV,11290.834000000032,11290.93,0.09599999996862607
113,78,Qalpha_keV,3094.6639999998733,3094.64,0.02399999987346746
112,79,Sn_keV,8999.199999999953,8999.22,0.020000000045911293
112,79,Sp_keV,3774.7700000000186,3774.87,0.09999999998126441
112,79,S2n_keV,16371.706999999937,16371.82,0.1130000000630389
112,79,S2p_keV,9932.287999999942,9932.38,0.09200000005694164
112,79,Qalpha_keV,3313.3259999998845,3313.32,0.005999999884352292
111,80,Sn_keV,7294.095000000205,7294.06,0.03500000020449079
111,80,Sp_keV,4998.7050000000745,4998.64,0.06500000007417839
111,80,S2n_keV,17109.25300000026,17109.31,0.056999999742402
111,80,S2p_keV,8685.334000000264,8685.42,0.08599999973557715
111,80,Qalpha_keV,3667.3209999997634,3667.23,0.09099999976342588
110,81,Sp_keV,2201.653000000166,2201.65,0.003000000165684469
110,81,S2n_keV,17823.269000000088,17823.3,0.030999999911728082
110,81,S2p_keV,7278.770000000019,7278.84,0.06999999998151907
110,81,Qalpha_keV,4320.195999999763,4320.07,0.1259999997637351
109,82,Sn_keV,7890.597000000067,7890.61,0.012999999932617357
109,82,S2n_keV,18500.196999999927,18500.25,0.05300000007264316
109,82,S2p_keV,5187.415000000037,5187.48,0.06499999996231054
109,82,Qalpha_keV,5456.937999999849,5456.99,0.05200000015065598
108,83,Sn_keV,10712.222999999998,10712.11,0.11299999999755528
108,83,Sp_keV,112.31300000008196,112.22,0.09300000008195752
108,83,S2n_keV,19317.632999999914,19317.56,0.07299999991300865
108,83,S2p_keV,3215.58899999992,3215.5,0.08899999991990626
108,83,Qalpha_keV,6778.2990000001155,6778.44,0.14099999988411582
107,84,Sn_keV,8576.29700000002,8576.29,0.007000000019615982
107,84,Sp_keV,1758.907000000123,1758.78,0.12700000012296186
107,84,S2n_keV,19789.55799999996,19789.4,0.15799999995942926
107,84,S2p_keV,1768.597000000067,1768.54,0.057000000067091605
107,84,Qalpha_keV,7493.142999999924,7493.23,0.0870000000759319
106,85,Sp_keV,-1138.7269999999553,-1138.57,0.15699999995536018
106,85,S2p_keV,649.2930000000633,649.38,0.08699999993666552
106,85,Qalpha_keV,7822.262999999803,7822.19,0.07299999980295979
117,75,Sn_keV,5307.999000000069,5308.09,0.09099999993122765
117,75,Sp_keV,7701.6110000000335,7701.62,0.008999999966363248
117,75,S2n_keV,12096.38599999994,12096.47,0.08400000005894981
117,75,Qalpha_keV,-401.68800000008196,-401.71,0.02199999991802315
116,76,Sn_keV,7558.5119999998715,7558.4,0.11199999987184128
116,76,Sp_keV,8820.831000000006,8820.86,0.02899999999499414
116,76,S2n_keV,13317.247999999905,13317.14,0.10799999990558717
116,76,S2p_keV,16080.987999999896,16080.99,0.0020000001040898496
116,76,Qalpha_keV,360.9760000000242,361.02,0.04399999997576742
115,77,Sn_keV,6198.2360000000335,6198.13,0.10600000003341847
115,77,Sp_keV,5729.903999999864,5729.76,0.14399999986380863
115,77,S2n_keV,14224.639999999898,14224.66,0.020000000102299964
115,77,S2p_keV,13780.60999999987,13780.59,0.01999999986946932
115,77,Qalpha_keV,1756.2439999999478,1756.32,0.0760000000520904
114,78,Sn_keV,8662.199000000022,8662.04,0.15900000002147863
114,78,Sp_keV,6870.4280000003055,6870.31,0.11800000030507363
114,78,S2n_keV,15109.632000000216,15109.57,0.062000000216357876
114,78,S2p_keV,12160.83200000017,12160.67,0.16200000016942795
114,78,Qalpha_keV,2422.0479999997187,2422.18,0.1320000002810957
113,79,Sn_keV,7036.1740000001155,7036.01,0.16400000011526572
113,79,Sp_keV,4363.51099999994,4363.35,0.16099999994003156
113,79,S2n_keV,16035.374000000069,16035.23,0.14400000006935443
113,79,S2p_keV,10598.144000000088,10598.15,0.00599999991209188
113,79,Qalpha_keV,3150.6159999999218,3150.63,0.014000000078340236
112,80,Sn_keV,9489.533000000054,9489.48,0.05300000005445327
112,80,Sp_keV,5489.038000000175,5488.9,0.13800000017545244
112,80,S2n_keV,16783.62800000026,16783.53,0.09800000026007183
112,80,S2p_keV,9263.808000000194,9263.77,0.03800000019327854
112,80,Qalpha_keV,3393.0319999996573,3393.02,0.011999999657291482
111,81,Sn_keV,7660.758999999845,7660.71,0.04899999984536407
111,81,Sp_keV,2568.3169999998063,2568.31,0.006999999806339474
111,81,S2p_keV,7567.021999999881,7566.95,0.07199999988097261
111,81,Qalpha_keV,3979.587999999989,3979.67,0.08200000001124863
110,82,Sn_keV,10400.939000000013,10400.98,0.040999999986524926
110,82,Sp_keV,3571.5429999998305,3571.56,0.01700000016944614
110,82,S2n_keV,18291.53600000008,18291.58,0.04399999992165249
110,82,S2p_keV,5773.195999999996,5773.21,0.01400000000376167
110,82,Qalpha_keV,5220.979999999981,5220.9,0.07999999998173735
109,83,Sn_keV,8367.063000000082,8367.06,0.0030000000824657036
109,83,Sp_keV,588.7790000000969,588.68,0.09900000009690757
109,83,S2n_keV,19079.28600000008,19079.17,0.11600000008183997
109,83,Qalpha_keV,6375.92799999984,6376.0,0.07200000016018748
108,84,Sn_keV,11073.082999999868,11073.09,0.007000000132393325
108,84,Sp_keV,2119.7669999999925,2119.77,0.0030000000074323907
108,84,S2n_keV,19649.37999999989,19649.38,1.127773430198431e-10
108,84,S2p_keV,2232.0800000000745,2231.99,0.09000000007472408
108,84,Qalpha_keV,7319.368000000017,7319.55,0.1819999999834181
107,85,Sn_keV,8999.30700000003,8999.27,0.037000000029365765
107,85,Sp_keV,-715.716999999946,-715.59,0.12699999994595146
107,85,S2p_keV,1043.190000000177,1043.2,0.009999999823094186
107,85,Qalpha_keV,7695.627999999793,7695.55,0.07799999979306449
118,75,Sn_keV,6717.811999999918,6717.86,0.04800000008162897
118,75,S2n_keV,12025.810999999987,12025.94,0.12900000001354783
117,76,Sn_keV,5583.319000000134,5583.42,0.10099999986596231
117,76,Sp_keV,9096.15100000007,9096.19,0.0389999999297288
117,76,S2n_keV,13141.831000000006,13141.82,0.011000000005878974
117,76,S2p_keV,16797.762000000104,16797.81,0.047999999897001544
117,76,Qalpha_keV,-203.38100000028498,-203.42,0.03899999971500279
116,77,Sn_keV,7771.872000000207,7771.99,0.11799999979302811
116,77,Sp_keV,5943.264000000199,5943.34,0.07599999980084249
116,77,S2n_keV,13970.10800000024,13970.12,0.011999999760519131
116,77,S2p_keV,14764.095000000205,14764.21,0.11499999979423592
116,77,Qalpha_keV,1017.4699999997392,1017.48,0.01000000026078851
115,78,Sn_keV,6260.708999999799,6260.83,0.12100000020109292
115,78,Sp_keV,6932.901000000071,6933.02,0.11899999992965604
115,78,S2n_keV,14922.907999999821,14922.87,0.03799999982038571
115,78,S2p_keV,12662.804999999935,12662.77,0.03499999993437086
115,78,Qalpha_keV,2081.9180000000633,2081.86,0.058000000063202606
114,79,Sn_keV,8701.38599999994,8701.41,0.024000000059459126
114,79,Sp_keV,4402.697999999858,4402.73,0.032000000141124474
114,79,S2n_keV,15737.560000000056,15737.43,0.13000000005558832
114,79,S2p_keV,11273.126000000164,11273.03,0.09600000016325794
114,79,Qalpha_keV,2625.811999999918,2625.86,0.048000000082083716
113,80,Sn_keV,7123.079999999842,7123.1,0.020000000158688636
113,80,Sp_keV,5575.943999999901,5575.99,0.046000000098501914
113,80,S2n_keV,16612.612999999896,16612.58,0.03299999989394564
113,80,S2p_keV,9939.454999999842,9939.34,0.11499999984152964
113,80,Qalpha_keV,2997.712999999756,2997.66,0.052999999756139005
112,81,Sn_keV,9676.320000000065,9676.28,0.040000000064537744
112,81,Sp_keV,2755.1039999998175,2755.11,0.006000000182666554
112,81,S2n_keV,17337.07899999991,17337.0,0.07899999991059303
112,81,S2p_keV,8244.141999999993,8244.02,0.12199999999211286
112,81,Qalpha_keV,3679.810999999987,3679.83,0.019000000012965756
111,82,Sn_keV,7700.511000000173,7700.37,0.14100000017333514
111,82,Sp_keV,3611.2950000001583,3611.21,0.08500000015828846
111,82,S2n_keV,18101.450000000186,18101.35,0.1000000001877197
111,82,S2p_keV,6179.611999999965,6179.52,0.09199999996417318
111,82,Qalpha_keV,5006.794999999693,5006.83,0.03500000030726369
110,83,Sn_keV,10408.533999999985,10408.66,0.12600000001475564
110,83,Sp_keV,596.3740000000689,596.37,0.004000000068913323
110,83,S2n_keV,18775.597000000067,18775.73,0.13299999993250822
110,83,S2p_keV,4167.916999999899,4167.92,0.0030000001006555976
110,83,Qalpha_keV,6304.473999999929,6304.43,0.043999999928928446
109,84,Sn_keV,8360.304000000004,8360.31,0.005999999995765393
109,84,Sp_keV,2113.0079999999143,2113.01,0.0020000000858999556
109,84,S2n_keV,19433.38699999987,19433.4,0.013000000129977707
109,84,S2p_keV,2701.787000000011,2701.69,0.0970000000111213
109,84,Qalpha_keV,7093.675999999978,7093.72,0.0440000000226064
108,85,Sn_keV,11074.822999999858,11074.72,0.1029999998590938
108,85,Sp_keV,-713.9769999999553,-713.95,0.02699999995525104
108,85,S2n_keV,20074.12999999989,20074.0,0.1299999998882413
108,85,S2p_keV,1405.7900000000373,1405.81,0.019999999962692527
108,85,Qalpha_keV,7572.236999999965,7572.28,0.0430000000351356
107,86,Sp_keV,1181.8359999998938,1181.84,0.004000000106088919
107,86,S2p_keV,466.11899999994785,466.26,0.14100000005214497
107,86,Qalpha_keV,8039.983000000007,8040.0,0.01699999999254942
118,76,Sn_keV,7112.554999999935,7112.46,0.09499999993477104
118,76,Sp_keV,9490.894000000088,9490.8,0.09400000008827192
118,76,S2n_keV,12695.874000000069,12695.88,0.005999999930281774
118,76,Qalpha_keV,-481.20200000004843,-481.21,0.007999999951550762
117,77,Sn_keV,6066.819999999832,6066.79,0.029999999832398316
117,77,Sp_keV,6426.764999999898,6426.72,0.04499999989729986
117,77,S2n_keV,13838.69200000004,13838.78,0.08799999996153929
117,77,S2p_keV,15522.915999999968,15522.91,0.005999999968480552
117,77,Qalpha_keV,676.3580000000075,676.28,0.07800000000747787
116,78,Sn_keV,8352.254999999888,8352.19,0.06499999988773197
116,78,Sp_keV,7513.283999999752,7513.22,0.06399999975201354
116,78,S2n_keV,14612.963999999687,14613.02,0.05600000031336094
116,78,S2p_keV,13456.547999999952,13456.56,0.012000000047919457
116,78,Qalpha_keV,1521.8640000000596,1521.96,0.09599999994043174
115,79,Sn_keV,6878.510000000009,6878.54,0.029999999990650394
115,79,Sp_keV,5020.499000000069,5020.43,0.06900000006862683
115,79,S2n_keV,15579.89599999995,15579.96,0.0640000000494183
115,79,S2p_keV,11953.40000000014,11953.45,0.04999999986102921
115,79,Qalpha_keV,2117.619999999879,2117.55,0.06999999987874617
114,80,Sn_keV,9192.449999999953,9192.41,0.03999999995357939
114,80,Sp_keV,6067.007999999914,6066.99,0.017999999914536602
114,80,S2n_keV,16315.529999999795,16315.51,0.019999999794890755
114,80,S2p_keV,10469.705999999773,10469.71,0.004000000226369593
114,80,Qalpha_keV,2716.3219999999274,2716.38,0.0580000000727523
113,81,Sn_keV,7531.4880000001285,7531.6,0.11199999987184128
113,81,Sp_keV,3163.5120000001043,3163.61,0.0979999998958192
113,81,S2n_keV,17207.808000000194,17207.88,0.07199999980730354
113,81,S2p_keV,8739.456000000006,8739.6,0.14399999999477586
113,81,Qalpha_keV,3520.8299999998417,3520.83,1.5825207810848951e-10
112,82,Sn_keV,10084.142999999924,10084.26,0.11700000007658673
112,82,Sp_keV,4019.1180000000168,4019.19,0.07199999998329076
112,82,S2n_keV,17784.654000000097,17784.63,0.024000000095838914
112,82,S2p_keV,6774.221999999834,6774.3,0.07800000016595732
112,82,Qalpha_keV,4737.809999999823,4737.82,0.010000000176660251
110,84,Sn_keV,10716.33200000017,10716.37,0.03799999983129965
110,84,Sp_keV,2420.8060000000987,2420.71,0.09600000009868381
110,84,S2n_keV,19076.636000000173,19076.68,0.04399999982706504
110,84,S2p_keV,3017.1800000001676,3017.08,0.10000000016771082
110,84,Qalpha_keV,6986.943999999668,6987.0,0.05600000033155084
109,85,Sn_keV,8715.152999999933,8715.24,0.08700000006683695
109,85,Sp_keV,-359.1280000000261,-359.02,0.10800000002609522
109,85,S2n_keV,19789.97599999979,19789.96,0.015999999792256858
109,85,S2p_keV,1753.8799999998882,1753.99,0.1100000001117678
109,85,Qalpha_keV,7462.493999999948,7462.5,0.006000000052154064
108,86,Sn_keV,11390.758000000147,11390.78,0.02199999985350587
108,86,Sp_keV,1497.7710000001825,1497.9,0.12899999981755172
108,86,S2p_keV,783.7940000002272,783.95,0.15599999977280277
108,86,Qalpha_keV,7862.485999999801,7862.34,0.14599999980055145
119,76,Sn_keV,5145.67799999984,5145.72,0.04200000016044214
119,76,S2n_keV,12258.232999999775,12258.18,0.0529999997743289
119,76,Qalpha_keV,-760.3349999999627,-760.34,0.005000000037284735
118,77,Sn_keV,7231.958000000101,7231.86,0.09800000010091026
118,77,Sp_keV,6546.168000000063,6546.11,0.05800000006365735
118,77,S2n_keV,13298.777999999933,13298.65,0.12799999993330857
118,77,S2p_keV,16037.06200000015,16036.91,0.15200000015101978
118,77,Qalpha_keV,232.78699999977835,232.8,0.013000000221666141
117,78,Sn_keV,6105.098999999929,6105.06,0.03899999992881931
117,78,Sp_keV,7551.562999999849,7551.48,0.0829999998495623
117,78,S2n_keV,14457.353999999817,14457.25,0.10399999981746078
117,78,S2p_keV,13978.327999999747,13978.2,0.12799999974595266
117,78,Qalpha_keV,1175.501000000164,1175.64,0.13899999983618727
116,79,Sn_keV,8427.534999999916,8427.64,0.10500000008323696
116,79,Sp_keV,5095.779000000097,5095.88,0.10099999990325159
116,79,S2n_keV,15306.044999999925,15306.18,0.13500000007479684
116,79,S2p_keV,12609.06299999985,12609.1,0.037000000151238055
116,79,Qalpha_keV,1716.4889999998268,1716.44,0.04899999982671943
115,80,Sn_keV,6886.94700000016,6886.99,0.04299999983959424
115,80,Sp_keV,6075.445000000065,6075.43,0.015000000064901542
115,80,S2n_keV,16079.397000000114,16079.4,0.002999999886014848
115,80,S2p_keV,11095.944000000134,11095.87,0.0740000001333101
115,80,Qalpha_keV,2276.807999999961,2276.92,0.11200000003918831
114,81,Sn_keV,9288.884999999776,9288.91,0.0250000002233719
114,81,Sp_keV,3259.9469999999274,3260.11,0.1630000000727705
114,81,S2n_keV,16820.372999999905,16820.51,0.1370000000933942
114,81,S2p_keV,9326.954999999842,9327.1,0.14500000015868864
114,81,Qalpha_keV,3231.1450000000186,3231.13,0.015000000018517312
113,82,Sn_keV,7577.010000000009,7577.0,0.010000000009313226
113,82,Sp_keV,4064.6399999998976,4064.6,0.039999999897645466
113,82,S2n_keV,17661.152999999933,17661.26,0.10700000006545451
113,82,S2p_keV,7228.152000000002,7228.21,0.057999999998173735
113,82,Qalpha_keV,4454.895000000019,4454.88,0.015000000018517312
112,83,Sp_keV,1107.1049999999814,1107.08,0.024999999981446308
112,83,S2n_keV,18295.38500000001,18295.35,0.03500000001076842
112,83,S2p_keV,5126.222999999998,5126.27,0.0470000000022992
112,83,Qalpha_keV,5832.358000000007,5832.39,0.03199999999287684
111,84,Sn_keV,8127.618999999948,8127.74,0.12100000005193579
111,84,S2n_keV,18843.951000000117,18844.1,0.14899999988119816
111,84,S2p_keV,3444.2879999999423,3444.45,0.1620000000575601
111,84,Qalpha_keV,6749.921999999788,6749.86,0.06199999978798587
110,85,Sn_keV,10835.628999999957,10835.61,0.018999999956577085
110,85,Sp_keV,-239.83100000023842,-239.78,0.05100000023841744
110,85,S2n_keV,19550.78199999989,19550.85,0.06800000010844087
110,85,S2p_keV,2180.9749999998603,2180.94,0.034999999860247044
110,85,Qalpha_keV,7339.087999999989,7338.99,0.09799999998904241
109,86,Sn_keV,8744.685999999754,8744.52,0.16599999975369428
109,86,Sp_keV,1527.3040000000037,1527.18,0.12400000000366163
109,86,S2n_keV,20135.4439999999,20135.3,0.1439999999020074
109,86,S2p_keV,1168.1759999999776,1168.16,0.015999999977566404
109,86,Qalpha_keV,7694.097000000067,7694.1,0.0029999999333085725
120,76,Sn_keV,6838.568000000203,6838.52,0.048000000202591764
120,76,S2n_keV,11984.246000000043,11984.24,0.006000000043059117
119,77,Sn_keV,5814.789999999804,5814.88,0.09000000019568688
119,77,Sp_keV,7215.280000000028,7215.28,2.8194335754960775e-11
119,77,S2n_keV,13046.747999999905,13046.74,0.007999999905223376
119,77,Qalpha_keV,-274.00399999995716,-273.99,0.013999999957150067
118,78,Sn_keV,7921.861000000266,7921.93,0.06899999973393278
118,78,Sp_keV,8241.466000000015,8241.55,0.08399999998437124
118,78,S2n_keV,14026.960000000196,14026.99,0.02999999980420398
118,78,S2p_keV,14787.634000000078,14787.67,0.03599999992184166
118,78,Qalpha_keV,812.151999999769,812.11,0.04199999976901836
117,79,Sn_keV,6641.901000000071,6641.77,0.13100000007034396
117,79,Sp_keV,5632.581000000238,5632.6,0.01899999976194522
117,79,S2n_keV,15069.435999999987,15069.41,0.025999999987107003
117,79,S2p_keV,13184.144000000088,13184.08,0.06400000008761708
117,79,Qalpha_keV,1272.8239999997895,1272.8,0.023999999789566573
116,80,Sn_keV,8898.342999999877,8898.47,0.12700000012227974
116,80,Sp_keV,6546.253000000026,6546.26,0.006999999974141247
116,80,S2n_keV,15785.290000000037,15785.46,0.16999999996187398
116,80,S2p_keV,11642.032000000123,11642.14,0.10799999987648334
116,80,Qalpha_keV,2040.6640000001062,2040.49,0.17400000010616168
115,81,Sn_keV,7412.878999999957,7412.82,0.0589999999574502
115,81,Sp_keV,3785.8789999997243,3785.94,0.06100000027572605
115,81,S2n_keV,16701.763999999734,16701.73,0.0339999997340783
115,81,S2p_keV,9861.32399999979,9861.38,0.056000000209678547
115,81,Qalpha_keV,2854.440000000177,2854.33,0.11000000017702405
114,82,Sn_keV,9718.879999999888,9718.84,0.03999999988809577
114,82,Sp_keV,4494.635000000009,4494.52,0.11500000000887667
114,82,S2n_keV,17295.889999999898,17295.84,0.049999999897409
114,82,S2p_keV,7754.581999999937,7754.64,0.05800000006365735
114,82,Qalpha_keV,4225.548000000184,4225.51,0.03800000018418359
113,83,Sn_keV,8054.784999999916,8054.8,0.01500000008400093
113,83,Sp_keV,1584.8799999998882,1584.89,0.010000000111858753
113,83,S2p_keV,5649.519999999786,5649.48,0.039999999786232365
113,83,Qalpha_keV,5438.331999999937,5438.3,0.031999999936488166
112,84,Sn_keV,10492.888999999966,10492.86,0.02899999996589031
112,84,Sp_keV,2745.9290000000037,2745.96,0.03099999999631109
112,84,S2n_keV,18620.507999999914,18620.59,0.0820000000858272
112,84,S2p_keV,3853.033999999985,3853.04,0.006000000014864781
112,84,Qalpha_keV,6657.971999999834,6657.98,0.00800000016533886
111,85,Sn_keV,8508.20700000017,8508.12,0.08700000016870035
111,85,Sp_keV,140.75699999998324,140.6,0.15699999998324188
111,85,S2n_keV,19343.836000000127,19343.73,0.10600000012709643
111,85,Qalpha_keV,7197.943999999901,7197.94,0.003999999901679985
110,86,Sn_keV,11150.376000000164,11150.53,0.15399999983674206
110,86,Sp_keV,1842.0510000002105,1842.1,0.04899999978943015
110,86,S2n_keV,19895.061999999918,19895.06,0.001999999916733941
110,86,S2p_keV,1602.219999999972,1602.33,0.11000000002786692
110,86,Qalpha_keV,7616.803999999771,7616.66,0.14399999977104017
120,77,Sn_keV,6899.216000000015,6899.22,0.003999999985353497
120,77,Sp_keV,7275.92799999984,7275.97,0.04200000016044214
120,77,S2n_keV,12714.00599999982,12714.1,0.09400000018104038
120,77,Qalpha_keV,-455.408000000054,-455.35,0.05800000005399397
119,78,Sn_keV,5846.4179999998305,5846.35,0.0679999998301355
119,78,Sp_keV,8273.094000000041,8273.02,0.07400000004054164
119,78,S2n_keV,13768.279000000097,13768.29,0.010999999904015567
119,78,S2p_keV,15488.374000000069,15488.3,0.07400000006964547
119,78,Qalpha_keV,549.0530000000726,549.17,0.11699999992731591
118,79,Sn_keV,8072.2639999999665,8072.36,0.0960000000332002
118,79,Sp_keV,5782.9839999999385,5783.03,0.04600000006121263
118,79,S2n_keV,14714.165000000037,14714.13,0.03500000003805326
118,79,S2p_keV,14024.449999999953,14024.58,0.13000000004649337
118,79,Qalpha_keV,972.4320000000298,972.43,0.0020000000298523446
117,80,Sn_keV,6785.760000000009,6785.59,0.1700000000091677
117,80,Sp_keV,6690.111999999965,6690.08,0.0319999999646825
117,80,S2n_keV,15684.102999999886,15684.05,0.05299999988710624
117,80,S2p_keV,12322.693000000203,12322.68,0.013000000202737283
117,80,Qalpha_keV,1515.6129999998957,1515.74,0.12700000010431722
116,81,Sn_keV,8914.659000000218,8914.6,0.059000000217565685
116,81,Sp_keV,3802.195000000065,3802.08,0.11500000006526534
116,81,S2n_keV,16327.538000000175,16327.42,0.11800000017501588
116,81,S2p_keV,10348.448000000091,10348.34,0.1080000000911241
116,81,Qalpha_keV,2641.1669999998994,2641.14,0.02699999989954449
115,82,Sn_keV,7459.306000000099,7459.39,0.08399999990160723
115,82,Sp_keV,4541.062000000151,4541.09,0.027999999849271262
115,82,S2n_keV,17178.185999999987,17178.23,0.04400000001260196
115,82,S2p_keV,8326.940999999875,8327.03,0.08900000012545206
115,82,Qalpha_keV,3889.3219999999274,3889.22,0.10199999992755693
114,83,Sn_keV,9749.300999999978,9749.32,0.019000000022060703
114,83,Sp_keV,1615.3009999999776,1615.36,0.0590000000222517
114,83,S2n_keV,17804.085999999894,17804.12,0.03400000010515214
114,83,S2p_keV,6109.935999999987,6109.89,0.045999999986634066
114,83,Qalpha_keV,5365.351000000024,5365.26,0.09100000002399611
113,84,Sn_keV,7946.851000000024,7946.85,0.001000000023850589
113,84,Sp_keV,2637.9950000001118,2638.01,0.01499999988845957
113,84,S2n_keV,18439.73999999999,18439.71,0.02999999999155989
113,84,S2p_keV,4222.875,4222.89,0.015000000000327418
113,84,Qalpha_keV,6411.631999999983,6411.51,0.12199999998301791
112,85,Sn_keV,10502.905000000028,10502.92,0.014999999972133082
112,85,Sp_keV,150.7730000000447,150.67,0.10300000004471599
112,85,S2n_keV,19011.112000000197,19011.04,0.07200000019656727
112,85,S2p_keV,2896.7020000000484,2896.63,0.07200000004831963
112,85,Qalpha_keV,7103.572999999858,7103.69,0.11700000014116085
111,86,Sn_keV,8566.267999999924,8566.29,0.022000000077241566
111,86,Sp_keV,1900.1119999999646,1900.28,0.16800000003536297
111,86,S2n_keV,19716.644000000088,19716.83,0.1859999999142019
111,86,S2p_keV,2040.8689999999478,2040.88,0.011000000052263204
111,86,Qalpha_keV,7410.839999999851,7410.68,0.15999999985069735
120,78,Sn_keV,7555.027999999933,7555.05,0.022000000067237124
120,78,Sp_keV,8928.905999999959,8928.86,0.04599999995843973
120,78,S2n_keV,13401.445999999763,13401.41,0.035999999763589585
120,78,S2p_keV,16204.833999999799,16204.84,0.006000000201311195
120,78,Qalpha_keV,106.5800000000745,106.59,0.009999999925497605
119,79,Sn_keV,6512.434000000125,6512.34,0.0940000001246517
119,79,Sp_keV,6449.000000000233,6449.01,0.009999999767387635
119,79,S2n_keV,14584.698000000091,14584.7,0.0019999999094579834
119,79,S2p_keV,14722.094000000274,14722.04,0.05400000027293572
119,79,Qalpha_keV,526.8179999997374,526.88,0.06200000026262842
118,80,Sn_keV,8485.022000000114,8485.13,0.10799999988557829
118,80,Sp_keV,7102.870000000112,7102.84,0.03000000011161319
118,80,S2n_keV,15270.782000000123,15270.72,0.062000000123589416
118,80,S2p_keV,12885.85400000005,12885.87,0.015999999950508936
118,80,Qalpha_keV,1382.8459999996703,1382.8,0.04599999967035728
117,81,Sn_keV,7226.238999999827,7226.29,0.05100000017318962
117,81,Sp_keV,4242.673999999883,4242.78,0.10600000011709199
117,81,S2n_keV,16140.898000000045,16140.89,0.00800000004528556
117,81,S2p_keV,10932.785999999847,10932.86,0.07400000015331898
117,81,Qalpha_keV,2293.438000000082,2293.39,0.048000000082083716
116,82,Sn_keV,9372.732000000076,9372.7,0.032000000075640855
116,82,Sp_keV,4999.135000000009,4999.18,0.04499999999097781
116,82,S2n_keV,16832.038000000175,16832.09,0.051999999825056875
116,82,S2p_keV,8801.330000000075,8801.27,0.06000000007406925
116,82,Qalpha_keV,3709.0399999998044,3708.94,0.09999999980436769
115,83,Sn_keV,7753.721000000136,7753.77,0.04899999986446346
115,83,Sp_keV,1909.716000000015,1909.75,0.03399999998509884
115,83,S2n_keV,17503.022000000114,17503.09,0.06799999988652417
115,83,S2p_keV,6450.778000000166,6450.84,0.0619999998343701
115,83,Qalpha_keV,5143.118000000017,5143.09,0.028000000016618287
114,84,Sn_keV,10186.287000000011,10186.17,0.11700000001110311
114,84,Sp_keV,3074.9810000001453,3074.86,0.12100000014515899
114,84,S2n_keV,18133.138000000035,18133.02,0.1180000000349537
114,84,S2p_keV,4690.282000000123,4690.23,0.05200000012337114
114,84,Qalpha_keV,6309.487999999896,6309.59,0.10200000010445365
112,86,Sn_keV,10777.82799999998,10777.74,0.08799999997972918
112,86,Sp_keV,2175.034999999916,2175.1,0.06500000008372808
112,86,S2n_keV,19344.095999999903,19344.03,0.0659999999043066
112,86,S2p_keV,2325.807999999961,2325.76,0.04799999996066617
112,86,Qalpha_keV,7349.344000000041,7349.3,0.044000000040796294
122,77,S2n_keV,12277.01000000001,12277.04,0.02999999999155989
121,78,Sn_keV,5556.009000000311,5556.0,0.00900000031106174
121,78,S2n_keV,13111.037000000244,13111.05,0.01299999975526589
121,78,Qalpha_keV,-303.75100000039674,-303.69,0.06100000039674569
120,79,Sn_keV,7584.2029999999795,7584.27,0.06700000002092565
120,79,Sp_keV,6478.175000000279,6478.23,0.05499999972016667
120,79,S2n_keV,14096.637000000104,14096.61,0.027000000103726052
120,79,S2p_keV,15407.081000000238,15407.09,0.00899999976172694
120,79,Qalpha_keV,174.57299999985844,174.47,0.1029999998584401
119,80,Sn_keV,6662.829999999842,6662.86,0.03000000015799742
119,80,Sp_keV,7253.265999999829,7253.37,0.10400000017125421
119,80,S2n_keV,15147.851999999955,15147.99,0.1380000000444852
119,80,S2p_keV,13702.266000000061,13702.38,0.11399999993773235
119,80,Qalpha_keV,825.1149999997579,825.0,0.11499999975785613
118,81,Sn_keV,8635.981000000145,8635.86,0.12100000014470425
118,81,Sp_keV,4393.632999999914,4393.52,0.11299999991388177
118,81,S2n_keV,15862.219999999972,15862.15,0.06999999997242412
118,81,S2p_keV,11496.503000000026,11496.36,0.14300000002549496
118,81,Qalpha_keV,2084.991999999853,2085.17,0.17800000014722173
117,82,Sn_keV,7253.025999999838,7252.9,0.12599999983831367
117,82,Sp_keV,5025.9220000000205,5025.8,0.1220000000203072
117,82,S2n_keV,16625.757999999914,16625.6,0.15799999991577351
117,82,S2p_keV,9268.595999999903,9268.58,0.015999999903215212
117,82,Qalpha_keV,3342.9610000001267,3343.03,0.06899999987354022
116,83,Sn_keV,9499.456000000006,9499.29,0.16600000000471482
116,83,Sp_keV,2036.4399999999441,2036.34,0.0999999999442025
116,83,S2n_keV,17253.17700000014,17253.06,0.11700000014025136
116,83,S2p_keV,7035.574999999953,7035.52,0.054999999952997314
116,83,Qalpha_keV,4932.546999999788,4932.72,0.1730000002125962
115,84,Sn_keV,7812.385000000009,7812.38,0.005000000009204086
115,84,Sp_keV,3133.6450000000186,3133.47,0.17500000001882654
115,84,S2n_keV,17998.67200000002,17998.55,0.12200000002121669
115,84,S2p_keV,5043.3610000000335,5043.22,0.14100000003327295
115,84,Qalpha_keV,6074.112999999896,6074.22,0.10700000010456279
114,85,Sp_keV,639.4299999999348,639.48,0.05000000006521077
114,85,S2n_keV,18621.794999999925,18621.84,0.045000000074651325
114,85,S2p_keV,3714.41100000008,3714.34,0.07100000007994822
114,85,Qalpha_keV,6777.162999999942,6777.2,0.0370000000575601
113,86,Sn_keV,8340.893000000156,8340.8,0.09300000015718979
113,86,S2n_keV,19118.721000000136,19118.54,0.18100000013509998
113,86,S2p_keV,2719.850000000093,2719.71,0.14000000009309588
113,86,Qalpha_keV,7136.069999999832,7136.24,0.17000000016741978
112,87,Sp_keV,-702.6619999997783,-702.72,0.05800000022168206
112,87,S2p_keV,1472.3730000001378,1472.37,0.0030000001379448804
112,87,Qalpha_keV,7812.174999999581,7812.25,0.07500000041909516
122,78,Sn_keV,7281.708999999799,7281.8,0.09100000020134758
122,78,Sp_keV,9489.61400000006,9489.62,0.0059999999411957106
122,78,S2n_keV,12837.71800000011,12837.8,0.08199999988937634
122,78,Qalpha_keV,-746.8919999999925,-746.97,0.07800000000747787
121,79,Sn_keV,6216.5429999998305,6216.55,0.0070000001696826075
121,79,Sp_keV,7138.708999999799,7138.78,0.07100000020091102
121,79,S2n_keV,13800.74599999981,13800.82,0.07400000018969877
121,79,Qalpha_keV,-227.18000000016764,-227.2,0.019999999832350568
120,80,Sn_keV,8028.479999999981,8028.52,0.04000000001906301
120,80,Sp_keV,7697.5429999998305,7697.61,0.06700000016917329
120,80,S2n_keV,14691.309999999823,14691.38,0.07000000017615093
120,80,S2p_keV,14175.71800000011,14175.84,0.12199999989024946
120,80,Qalpha_keV,718.4960000000428,718.41,0.08600000004287267
119,81,Sn_keV,7059.476999999955,7059.47,0.006999999955041858
119,81,Sp_keV,4790.280000000028,4790.13,0.15000000002783054
119,81,S2n_keV,15695.4580000001,15695.34,0.11800000010043732
119,81,S2p_keV,12043.545999999857,12043.5,0.045999999856576324
119,81,Qalpha_keV,1667.4159999999683,1667.46,0.04400000003170135
118,82,Sn_keV,9090.136000000173,9090.17,0.03399999982684676
118,82,Sp_keV,5480.077000000048,5480.11,0.03299999995124381
118,82,S2n_keV,16343.162000000011,16343.08,0.08200000001124863
118,82,S2p_keV,9873.709999999963,9873.63,0.07999999996354745
118,82,Qalpha_keV,3151.1679999998305,3151.32,0.15200000016966442
117,83,Sn_keV,7644.522000000114,7644.54,0.017999999886342266
117,83,Sp_keV,2427.93600000022,2427.97,0.033999999780007784
117,83,S2n_keV,17143.97800000012,17143.82,0.15800000011950033
117,83,S2p_keV,7453.85800000024,7453.77,0.08800000023984467
117,83,Qalpha_keV,4700.903999999631,4701.0,0.09600000036880374
116,84,Sn_keV,9811.532999999821,9811.65,0.11700000017845014
116,84,Sp_keV,3445.721999999834,3445.83,0.10800000016570266
116,84,S2n_keV,17623.91799999983,17624.03,0.11200000016833656
116,84,S2p_keV,5482.161999999778,5482.17,0.008000000221727532
116,84,Qalpha_keV,5981.459999999963,5981.41,0.049999999962892616
115,85,Sn_keV,8235.888000000035,8235.85,0.03800000003502646
115,85,Sp_keV,1062.9329999999609,1062.96,0.027000000039151928
115,85,S2p_keV,4196.5779999999795,4196.43,0.14799999997921987
115,85,Qalpha_keV,6596.059999999823,6596.14,0.08000000017727871
114,86,Sn_keV,10585.754999999888,10585.82,0.06500000011146767
114,86,Sp_keV,2479.8880000000354,2479.87,0.018000000035499397
114,86,S2n_keV,18926.648000000045,18926.61,0.03800000004412141
114,86,S2p_keV,3119.31799999997,3119.36,0.04200000002992965
114,86,Qalpha_keV,7043.203999999911,7043.28,0.07600000008915231
113,87,Sn_keV,8697.70999999973,8697.83,0.12000000027001079
113,87,Sp_keV,-345.8450000002049,-345.69,0.15500000020489324
113,87,Qalpha_keV,7622.6720000000205,7622.54,0.13200000002052548
123,78,Sn_keV,5211.434000000125,5211.35,0.08400000012443343
123,78,S2n_keV,12493.142999999924,12493.15,0.007000000076004653
122,79,Sn_keV,7231.975000000093,7232.02,0.0449999999073043
122,79,Sp_keV,7088.975000000093,7089.0,0.024999999906867743
122,79,S2n_keV,13448.517999999924,13448.57,0.05200000007607741
122,79,S2p_keV,16578.589000000153,16578.62,0.030999999846244464
122,79,Qalpha_keV,-559.9390000002459,-560.0,0.06099999975413084
121,80,Sn_keV,6230.560999999987,6230.45,0.11099999998714338
121,80,Sp_keV,7711.560999999987,7711.51,0.050999999986743205
121,80,S2n_keV,14259.040999999968,14258.97,0.07099999996898987
121,80,S2p_keV,14850.269999999786,14850.3,0.030000000213476596
121,80,Qalpha_keV,334.3529999998864,334.31,0.04299999988637637
120,81,Sn_keV,8202.662000000011,8202.7,0.037999999989551725
120,81,Sp_keV,4964.462000000058,4964.31,0.15200000005734182
120,81,S2n_keV,15262.138999999966,15262.17,0.031000000033600372
120,81,S2p_keV,12662.004999999888,12661.92,0.08499999988816853
120,81,Qalpha_keV,1537.0179999999236,1537.13,0.11200000007647759
119,82,Sn_keV,7080.219999999739,7080.18,0.03999999973893864
119,82,Sp_keV,5500.819999999832,5500.82,1.673470251262188e-10
119,82,S2n_keV,16170.355999999912,16170.36,0.004000000088126399
119,82,S2p_keV,10291.09999999986,10290.95,0.14999999985957402
119,82,Qalpha_keV,2856.7080000001006,2856.72,0.011999999899217073
118,83,Sn_keV,9115.19899999979,9115.3,0.1010000002097513
118,83,Sp_keV,2452.998999999836,2453.1,0.10100000016382182
118,83,S2n_keV,16759.720999999903,16759.84,0.11900000009700307
118,83,S2p_keV,7933.0759999998845,7933.21,0.13400000011552038
118,83,Qalpha_keV,4500.36400000006,4500.3,0.06400000005942275
117,84,Sn_keV,7641.980000000214,7641.88,0.10000000021409505
117,84,Sp_keV,3443.179999999935,3443.18,6.502887117676437e-11
117,84,S2n_keV,17453.513000000035,17453.53,0.01699999996344559
117,84,S2p_keV,5871.116000000155,5871.15,0.033999999845036655
117,84,Qalpha_keV,5798.785999999847,5798.91,0.12400000015259138
116,85,Sn_keV,9872.551999999909,9872.7,0.1480000000919972
116,85,Sp_keV,1123.9520000000484,1124.01,0.05799999995156213
116,85,S2n_keV,18108.439999999944,18108.56,0.12000000005718903
116,85,S2p_keV,4569.673999999883,4569.84,0.16600000011749216
116,85,Qalpha_keV,6472.808999999892,6472.76,0.0489999998917483
115,86,Sn_keV,8129.44299999997,8129.46,0.017000000029838702
115,86,Sp_keV,2373.44299999997,2373.48,0.03700000002982051
115,86,S2n_keV,18715.19799999986,18715.28,0.08200000014039688
115,86,S2p_keV,3436.375999999931,3436.44,0.06400000006897244
115,86,Qalpha_keV,6860.611999999965,6860.67,0.05800000003546302
114,87,Sn_keV,10604.570999999996,10604.43,0.14099999999598367
114,87,Sp_keV,-327.02900000009686,-327.08,0.050999999903126536
114,87,S2n_keV,19302.280999999726,19302.26,0.020999999727791874
114,87,S2p_keV,2152.8589999999385,2152.8,0.05899999993835081
114,87,Qalpha_keV,7521.006000000052,7521.02,0.013999999948282493
124,78,Sn_keV,7022.4860000000335,7022.56,0.07399999996687256
124,78,S2n_keV,12233.920000000158,12233.91,0.010000000158470357
123,79,Sn_keV,6023.44299999997,6023.41,0.0329999999703432
123,79,Sp_keV,7900.9839999999385,7901.07,0.08600000006117625
123,79,S2n_keV,13255.418000000063,13255.43,0.011999999936961103
122,80,Sn_keV,7754.1410000000615,7754.09,0.05100000006132177
122,80,Sp_keV,8233.726999999955,8233.58,0.14699999995536928
122,80,S2n_keV,13984.702000000048,13984.54,0.16200000004755566
122,80,S2p_keV,15322.702000000048,15322.58,0.12200000004850153
122,80,Qalpha_keV,135.23999999975786,135.28,0.040000000242145006
121,81,Sn_keV,6878.837999999989,6878.79,0.04799999998886051
121,81,Sp_keV,5612.73900000006,5612.65,0.08900000005996844
121,81,S2n_keV,15081.5,15081.49,0.010000000000218279
121,81,S2p_keV,13324.300000000047,13324.16,0.14000000004671165
121,81,Qalpha_keV,1170.6140000000596,1170.67,0.055999999940468115
120,82,Sn_keV,8752.076000000117,8752.14,0.06399999988207128
120,82,Sp_keV,6050.2339999999385,6050.26,0.02600000006168557
120,82,S2n_keV,15832.295999999857,15832.32,0.024000000143132638
120,82,S2p_keV,11014.695999999996,11014.57,0.12599999999656575
120,82,Qalpha_keV,2589.654000000097,2589.71,0.05599999990317883
119,83,Sn_keV,7397.471000000136,7397.43,0.04100000013568206
119,83,Sp_keV,2770.250000000233,2770.35,0.0999999997670784
119,83,S2n_keV,16512.669999999925,16512.73,0.06000000007406925
119,83,S2p_keV,8271.070000000065,8271.17,0.09999999993488018
119,83,Qalpha_keV,4329.13199999975,4329.16,0.02800000024944893
118,84,Sn_keV,9470.456000000006,9470.56,0.10399999999390275
118,84,Sp_keV,3798.437000000151,3798.44,0.0029999998491803126
118,84,S2n_keV,17112.43600000022,17112.44,0.0039999997788982
118,84,S2p_keV,6251.435999999987,6251.54,0.10400000001300214
118,84,Qalpha_keV,5701.061999999918,5701.05,0.011999999917861714
117,85,Sn_keV,7872.932000000263,7872.76,0.1720000002624147
117,85,Sp_keV,1354.9040000000969,1354.89,0.014000000096757503
117,85,S2n_keV,17745.48400000017,17745.47,0.0140000001701992
117,85,S2p_keV,4798.084000000032,4798.07,0.014000000031956006
117,85,Qalpha_keV,6353.597999999765,6353.77,0.17200000023512985
116,86,Sn_keV,10273.157000000123,10273.12,0.037000000122134225
116,86,Sp_keV,2774.0480000001844,2773.9,0.14800000018431092
116,86,S2n_keV,18402.600000000093,18402.58,0.020000000091386028
116,86,S2p_keV,3898.000000000233,3897.91,0.09000000023297616
116,86,Qalpha_keV,6773.741999999853,6773.72,0.021999999852596375
114,88,Sp_keV,1799.4030000001658,1799.54,0.1369999998341882
114,88,S2p_keV,1472.374000000069,1472.46,0.08599999993111851
114,88,Qalpha_keV,7896.637999999803,7896.59,0.047999999802414095
124,79,Sn_keV,6861.773999999976,6861.82,0.04600000002392335
124,79,Sp_keV,7740.271999999881,7740.33,0.05800000011913653
124,79,S2n_keV,12885.216999999946,12885.24,0.02300000005379843
124,79,Qalpha_keV,-1168.1460000001825,-1168.2,0.05399999981750625
123,80,Sn_keV,5994.537999999942,5994.61,0.07200000005741458
123,80,Sp_keV,8204.821999999927,8204.78,0.041999999926702
123,80,S2n_keV,13748.679000000004,13748.7,0.020999999997002305
123,80,S2p_keV,16105.805999999866,16105.85,0.04400000013447425
123,80,Qalpha_keV,-303.28899999987334,-303.33,0.041000000126643954
122,81,Sn_keV,7845.65000000014,7845.75,0.09999999986030161
122,81,Sp_keV,5704.248000000138,5704.32,0.07199999986187322
122,81,S2n_keV,14724.488000000129,14724.55,0.06199999987074989
122,81,S2p_keV,13937.975000000093,13937.9,0.07500000009349606
122,81,Qalpha_keV,909.1669999998994,909.19,0.023000000100637408
121,82,Sn_keV,6917.086000000127,6917.1,0.013999999873703928
121,82,Sp_keV,6088.482000000076,6088.57,0.08799999992334051
121,82,S2n_keV,15669.162000000244,15669.24,0.0779999997557752
121,82,S2p_keV,11701.221000000136,11701.22,0.001000000136627932
121,82,Qalpha_keV,2335.397999999812,2335.47,0.07200000018792707
120,83,Sn_keV,8854.74599999981,8854.78,0.03400000019064464
120,83,Sp_keV,2872.9199999999255,2872.99,0.07000000007428753
120,83,S2n_keV,16252.216999999946,16252.21,0.006999999946856406
120,83,S2p_keV,8923.153999999864,8923.24,0.08600000013575482
120,83,Qalpha_keV,4110.367000000086,4110.24,0.12700000008589996
119,84,Sn_keV,7457.949999999953,7457.95,4.638422979041934e-11
119,84,Sp_keV,3858.9159999999683,3858.96,0.04400000003170135
119,84,S2n_keV,16928.40599999996,16928.51,0.10400000003937748
119,84,S2p_keV,6629.166000000201,6629.3,0.13399999979901622
119,84,Qalpha_keV,5496.137999999803,5496.0,0.13799999980255961
118,85,Sn_keV,9643.059999999823,9643.04,0.019999999822175596
118,85,Sp_keV,1527.5079999999143,1527.37,0.13799999991442746
118,85,S2n_keV,17515.992000000086,17515.8,0.19200000008640927
118,85,S2p_keV,5325.945000000065,5325.81,0.1350000000647924
118,85,Qalpha_keV,6209.993999999948,6210.02,0.02600000005259062
117,86,Sn_keV,7956.262999999803,7956.31,0.047000000197840563
117,86,Sp_keV,2857.3789999997243,2857.44,0.06100000027572605
117,86,S2n_keV,18229.419999999925,18229.43,0.010000000074796844
117,86,S2p_keV,4212.282999999821,4212.34,0.057000000178959453
117,86,Qalpha_keV,6629.86400000006,6629.79,0.07400000005964102
116,87,Sp_keV,138.3269999998156,138.4,0.07300000018440755
116,87,S2n_keV,18867.956000000006,18868.06,0.10399999999572174
116,87,S2p_keV,2912.375,2912.3,0.0749999999998181
116,87,Qalpha_keV,7274.844999999972,7274.8,0.044999999971878424
115,88,Sn_keV,8495.659999999916,8495.58,0.07999999991625373
115,88,S2p_keV,1838.591000000015,1838.58,0.01100000001497392
115,88,Qalpha_keV,7741.871000000043,7741.8,0.07100000004265894
124,80,Sn_keV,7492.739999999991,7492.73,0.009999999991123332
124,80,Sp_keV,8835.787999999942,8835.68,0.10799999994196696
124,80,S2n_keV,13487.277999999933,13487.34,0.062000000067200745
124,80,S2p_keV,16576.059999999823,16576.01,0.04999999982464942
124,80,Qalpha_keV,-514.3200000000652,-514.26,0.060000000065201675
123,81,Sn_keV,6656.133999999845,6656.09,0.04399999984525493
123,81,Sp_keV,6365.844000000041,6365.8,0.044000000040796294
123,81,S2n_keV,14501.783999999985,14501.85,0.06600000001526496
123,81,S2p_keV,14570.665999999968,14570.58,0.08599999996840779
123,81,Qalpha_keV,469.5759999998845,469.65,0.07400000011546126
122,82,Sn_keV,8394.737999999896,8394.68,0.05799999989540083
122,82,Sp_keV,6637.569999999832,6637.49,0.07999999983258022
122,82,S2n_keV,15311.824000000022,15311.78,0.044000000021696906
122,82,S2p_keV,12341.81799999997,12341.81,0.007999999970706995
122,82,Qalpha_keV,1969.1399999998976,1969.31,0.1700000001023909
121,83,Sn_keV,7192.636000000173,7192.65,0.013999999826410203
121,83,Sp_keV,3148.469999999972,3148.54,0.0700000000279033
121,83,S2n_keV,16047.381999999983,16047.43,0.048000000017054845
121,83,S2p_keV,9236.952000000048,9237.11,0.1579999999521533
121,83,Qalpha_keV,3977.2079999998678,3977.06,0.14799999986780676
120,84,Sn_keV,9101.334000000032,9101.36,0.02599999996891711
120,84,Sp_keV,4105.50400000019,4105.53,0.025999999809755536
120,84,S2n_keV,16559.283999999985,16559.31,0.026000000016210834
120,84,S2p_keV,6978.4240000001155,6978.52,0.09599999988495256
120,84,Qalpha_keV,5484.939999999944,5484.82,0.11999999994441168
119,85,Sn_keV,7784.064000000013,7784.22,0.15599999998721614
119,85,Sp_keV,1853.621999999974,1853.64,0.018000000026177077
119,85,S2n_keV,17427.123999999836,17427.26,0.13600000016231206
119,85,S2p_keV,5712.537999999942,5712.6,0.0620000000581058
119,85,Qalpha_keV,6070.452000000048,6070.33,0.12200000004850153
118,86,Sn_keV,9895.084999999963,9895.01,0.07499999996252882
118,86,Sp_keV,3109.403999999864,3109.42,0.016000000136045855
118,86,S2n_keV,17851.347999999765,17851.32,0.02799999976559775
118,86,S2p_keV,4636.911999999778,4636.79,0.12199999977838161
118,86,Qalpha_keV,6546.311999999918,6546.43,0.11800000008224742
117,87,Sn_keV,8340.241000000155,8340.21,0.031000000155472662
117,87,Sp_keV,522.3050000001676,522.3,0.005000000167683538
117,87,S2p_keV,3379.683999999892,3379.75,0.06600000010803342
117,87,Qalpha_keV,7170.491999999853,7170.44,0.05199999985325121
116,88,Sn_keV,10690.929999999935,10691.06,0.13000000006468326
116,88,Sp_keV,2118.037000000011,2118.12,0.08299999998871499
116,88,S2n_keV,19186.58999999985,19186.64,0.050000000148429535
116,88,S2p_keV,2256.363999999827,2256.52,0.1560000001732078
116,88,Qalpha_keV,7636.695999999996,7636.56,0.13599999999587453
125,80,Sn_keV,5668.675000000047,5668.59,0.08500000004642061
125,80,S2n_keV,13161.415000000037,13161.31,0.10500000003776222
125,80,Qalpha_keV,-971.560999999987,-971.5,0.060999999986961484
124,81,Sn_keV,7546.0759999998845,7546.05,0.025999999884334102
124,81,Sp_keV,6419.179999999935,6419.12,0.05999999993491656
124,81,S2n_keV,14202.20999999973,14202.14,0.06999999973049853
124,81,S2p_keV,15254.967999999877,15254.81,0.15799999987757474
124,81,Qalpha_keV,155.47500000009313,155.62,0.1449999999068723
123,82,Sn_keV,6731.520000000019,6731.66,0.13999999998122803
123,82,Sp_keV,6712.956000000006,6713.07,0.11399999999412103
123,82,S2n_keV,15126.257999999914,15126.35,0.09200000008604547
123,82,S2p_keV,13078.800000000047,13078.87,0.06999999995423423
123,82,Qalpha_keV,1468.180999999866,1468.09,0.0909999998659714
122,83,Sn_keV,8489.918000000063,8489.9,0.018000000063693733
122,83,Sp_keV,3243.6500000001397,3243.76,0.10999999986051989
122,83,S2n_keV,15682.554000000237,15682.56,0.005999999762934749
122,83,S2p_keV,9881.219999999972,9881.25,0.030000000027939677
122,83,Qalpha_keV,3689.9519999998156,3689.86,0.0919999998154708
121,84,Sn_keV,7239.864999999991,7239.72,0.14499999999043212
121,84,Sp_keV,4152.733000000007,4152.6,0.13300000000708678
121,84,S2n_keV,16341.199000000022,16341.08,0.1190000000224245
121,84,S2p_keV,7301.2029999999795,7301.14,0.06299999997918349
121,84,Qalpha_keV,5325.294999999693,5325.28,0.014999999692918209
120,85,Sn_keV,9166.186999999918,9166.14,0.04699999991862569
120,85,Sp_keV,1918.4749999998603,1918.42,0.054999999860228854
120,85,S2n_keV,16950.25099999993,16950.36,0.10900000006949995
120,85,S2p_keV,6023.97900000005,6023.96,0.01900000005025504
120,85,Qalpha_keV,6019.46399999992,6019.49,0.026000000079875463
119,86,Sn_keV,7802.162000000244,7802.19,0.027999999755593308
119,86,Sp_keV,3127.502000000095,3127.39,0.11200000009512223
119,86,S2n_keV,17697.247000000207,17697.21,0.037000000207626726
119,86,S2p_keV,4981.124000000069,4981.03,0.09400000006917253
119,86,Qalpha_keV,6386.129999999888,6386.12,0.00999999988835043
118,87,Sn_keV,9988.461999999825,9988.52,0.0580000001755252
118,87,Sp_keV,615.6820000000298,615.81,0.1279999999701431
118,87,S2n_keV,18328.70299999998,18328.73,0.02700000002005254
118,87,S2p_keV,3725.085999999894,3725.23,0.14400000010618896
118,87,Qalpha_keV,7054.581999999937,7054.63,0.048000000063439074
117,88,Sn_keV,8279.625999999931,8279.62,0.005999999930281774
117,88,Sp_keV,2057.4219999997877,2057.53,0.10800000021254164
117,88,S2n_keV,18970.555999999866,18970.68,0.12400000013440149
117,88,S2p_keV,2579.7269999999553,2579.83,0.10300000004463072
117,88,Qalpha_keV,7486.513000000035,7486.4,0.11300000003575406
126,80,Sn_keV,6728.959000000032,6729.05,0.09099999996851693
126,80,S2n_keV,12397.634000000078,12397.64,0.005999999921186827
126,80,Qalpha_keV,-678.0339999999851,-677.99,0.043999999985089744
125,81,Sn_keV,6503.75400000019,6503.81,0.05599999981041037
125,81,Sp_keV,7254.259000000078,7254.35,0.0909999999221327
125,81,S2n_keV,14049.830000000075,14049.86,0.02999999992607627
125,81,Qalpha_keV,-324.83600000012666,-324.78,0.056000000126687155
124,82,Sn_keV,8086.714000000153,8086.66,0.05400000015288242
124,82,Sp_keV,7253.594000000274,7253.68,0.0859999997264822
124,82,S2n_keV,14818.234000000171,14818.33,0.09599999982856389
124,82,S2p_keV,13672.774000000209,13672.81,0.035999999790874426
124,82,Qalpha_keV,1135.6079999997746,1135.52,0.08799999977463813
123,83,Sn_keV,7034.961999999825,7034.92,0.041999999824838596
123,83,Sp_keV,3547.091999999946,3547.01,0.08199999994576501
123,83,S2n_keV,15524.879999999888,15524.82,0.05999999988853233
123,83,S2p_keV,10260.047999999952,10260.08,0.032000000048356014
123,83,Qalpha_keV,3533.8279999999795,3533.74,0.08799999997972918
122,84,Sn_keV,8750.38500000001,8750.47,0.08499999999003194
122,84,Sp_keV,4413.199999999953,4413.17,0.02999999995336111
122,84,S2n_keV,15990.25,15990.19,0.05999999999949068
122,84,S2p_keV,7656.850000000093,7656.93,0.07999999990715878
122,84,Qalpha_keV,5326.985999999801,5326.95,0.03599999980087887
121,85,Sn_keV,7530.039000000106,7530.05,0.010999999894011125
121,85,Sp_keV,2208.648999999976,2208.75,0.10100000002421439
121,85,S2n_keV,16696.226000000024,16696.19,0.03600000002552406
121,85,S2p_keV,6361.381999999983,6361.35,0.031999999982872396
121,85,Qalpha_keV,5886.89599999995,5886.87,0.02599999994981772
120,86,Sn_keV,9472.825999999885,9472.86,0.034000000116066076
120,86,Sp_keV,3434.1410000000615,3434.11,0.03100000006133996
120,86,S2n_keV,17274.98800000013,17275.05,0.06199999987074989
120,86,S2p_keV,5352.615999999922,5352.54,0.07599999992180528
120,86,Qalpha_keV,6383.760000000009,6383.82,0.059999999990395736
119,87,Sn_keV,8004.010000000009,8003.99,0.020000000009531504
119,87,Sp_keV,817.5299999997951,817.61,0.08000000020490461
119,87,S2n_keV,17992.471999999834,17992.51,0.03800000016417471
119,87,S2p_keV,3945.03199999989,3945.0,0.031999999890103936
119,87,Qalpha_keV,6923.50400000019,6923.4,0.1040000001903536
118,88,Sn_keV,10344.416000000201,10344.34,0.07600000020102016
118,88,Sp_keV,2413.376000000164,2413.35,0.026000000164003723
118,88,S2n_keV,18624.042000000132,18623.96,0.08200000013312092
118,88,S2p_keV,3029.0580000001937,3029.16,0.10199999980613939
118,88,Qalpha_keV,7415.253999999957,7415.18,0.07399999995686812
127,80,Sn_keV,3613.4560000000056,3613.56,0.1039999999943575
127,80,S2n_keV,10342.415000000037,10342.61,0.19499999996332917
126,81,Sn_keV,6851.8300000000745,6851.88,0.04999999992560333
126,81,Sp_keV,7377.130000000121,7377.17,0.039999999879000825
126,81,S2n_keV,13355.584000000264,13355.69,0.1059999997360137
126,81,Qalpha_keV,-314.8920000002254,-314.83,0.06200000022539598
125,82,Sn_keV,6737.893999999855,6737.78,0.11399999985496834
125,82,Sp_keV,7487.7339999999385,7487.65,0.08399999993889651
125,82,S2n_keV,14824.608000000007,14824.44,0.16800000000694126
125,82,S2p_keV,14741.993000000017,14742.0,0.006999999983236194
125,82,Qalpha_keV,392.25199999986216,392.35,0.09800000013785848
124,83,Sn_keV,8097.5820000001695,8097.67,0.08799999983057205
124,83,Sp_keV,3557.9599999999627,3558.02,0.06000000003723471
124,83,S2n_keV,15132.543999999994,15132.59,0.046000000005733455
124,83,S2p_keV,10811.554000000237,10811.71,0.15599999976257095
124,83,Qalpha_keV,3281.8959999999497,3281.82,0.07599999994954487
123,84,Sn_keV,7028.327000000048,7028.26,0.0670000000482105
123,84,Sp_keV,4406.565000000177,4406.51,0.05500000017673301
123,84,S2n_keV,15778.712000000058,15778.73,0.017999999941821443
123,84,S2p_keV,7953.657000000123,7953.52,0.13700000012249802
123,84,Qalpha_keV,5215.744999999879,5215.79,0.045000000121035555
122,85,Sn_keV,8869.300000000047,8869.24,0.06000000004678441
122,85,Sp_keV,2327.564000000013,2327.52,0.044000000013056706
122,85,S2n_keV,16399.339000000153,16399.29,0.04900000015186379
122,85,S2p_keV,6740.7639999999665,6740.69,0.07399999996687256
122,85,Qalpha_keV,5872.341999999713,5872.42,0.07800000028692011
121,86,Sn_keV,7590.649999999907,7590.63,0.019999999906758603
121,86,Sp_keV,3494.751999999862,3494.7,0.05199999986234616
121,86,S2n_keV,17063.47599999979,17063.5,0.024000000208616257
121,86,S2p_keV,5703.400999999838,5703.45,0.04900000016186823
121,86,Qalpha_keV,6251.060000000056,6251.13,0.06999999994422978
120,87,Sn_keV,9673.282000000123,9673.16,0.1220000001230801
120,87,Sp_keV,1017.9860000000335,1017.91,0.07600000003355945
120,87,S2n_keV,17677.292000000132,17677.16,0.13200000013239332
120,87,S2p_keV,4452.127000000095,4452.03,0.09700000009524956
120,87,Qalpha_keV,6893.28199999989,6893.27,0.011999999889667379
119,88,Sn_keV,8098.196999999927,8098.23,0.0330000000722066
119,88,Sp_keV,2507.563000000082,2507.59,0.026999999918189133
119,88,S2n_keV,18442.61300000013,18442.57,0.043000000128813554
119,88,S2p_keV,3325.092999999877,3325.2,0.10700000012275268
119,88,Qalpha_keV,7273.319999999832,7273.26,0.05999999983214366
118,89,Sp_keV,-291.3059999998659,-291.32,0.01400000013410363
118,89,S2p_keV,2122.070000000298,2122.03,0.040000000297823135
118,89,Qalpha_keV,7844.886999999639,7844.9,0.013000000360989361
128,80,Sn_keV,4849.457999999868,4849.28,0.17799999986800685
128,80,S2n_keV,8462.913999999873,8462.84,0.07399999987319461
127,81,Sn_keV,3787.0799999998417,3787.11,0.030000000158452167
127,81,Sp_keV,7550.753999999957,7550.72,0.0339999999569045
127,81,S2n_keV,10638.909999999916,10638.98,0.07000000008338247
126,82,Sn_keV,7367.751999999862,7367.87,0.1180000001377266
126,82,Sp_keV,8003.655999999726,8003.64,0.015999999725863745
126,82,S2n_keV,14105.645999999717,14105.65,0.004000000282758265
126,82,S2p_keV,15380.785999999847,15380.81,0.024000000152227585
126,82,Qalpha_keV,517.2399999999907,517.21,0.029999999990650394
125,83,Sn_keV,6887.093999999808,6886.92,0.1739999998080748
125,83,Sp_keV,3707.159999999916,3707.16,8.36735125631094e-11
125,83,S2n_keV,14984.675999999978,14984.59,0.08599999997750274
125,83,S2p_keV,11194.893999999855,11194.81,0.083999999855223
125,83,Qalpha_keV,3050.935999999987,3050.99,0.05400000001282024
124,84,Sn_keV,8395.150999999838,8395.17,0.019000000162122888
124,84,Sp_keV,4704.133999999845,4704.01,0.12399999984518217
124,84,S2n_keV,15423.477999999886,15423.43,0.04799999988608761
124,84,S2p_keV,8262.093999999808,8262.03,0.06399999980749271
124,84,Qalpha_keV,5215.331999999937,5215.3,0.031999999936488166
123,85,Sn_keV,7313.929999999935,7314.04,0.1100000000651562
123,85,Sp_keV,2613.1669999998994,2613.3,0.13300000010076474
123,85,S2n_keV,16183.229999999981,16183.28,0.05000000001928129
123,85,S2p_keV,7019.732000000076,7019.81,0.07799999992403173
123,85,Qalpha_keV,5751.047999999952,5751.03,0.017999999951825885
122,86,Sn_keV,9091.742000000086,9091.83,0.08799999991424556
122,86,Sp_keV,3717.1939999999013,3717.29,0.09600000009868381
122,86,S2n_keV,16682.391999999993,16682.47,0.07800000000861473
122,86,S2p_keV,6044.757999999914,6044.81,0.052000000086081855
122,86,Qalpha_keV,6260.652000000002,6260.66,0.007999999997991836
121,87,Sn_keV,7892.693999999901,7892.79,0.09600000009868381
121,87,Sp_keV,1320.030000000028,1320.07,0.03999999997199666
121,87,S2n_keV,17565.976000000024,17565.96,0.016000000025087502
121,87,S2p_keV,4814.78199999989,4814.77,0.011999999889667379
121,87,Qalpha_keV,6784.652000000002,6784.7,0.047999999997955456
120,88,Sn_keV,9895.22900000005,9895.22,0.009000000050946255
120,88,Sp_keV,2729.5100000000093,2729.64,0.12999999999055944
120,88,S2n_keV,17993.425999999978,17993.45,0.024000000023079338
120,88,S2p_keV,3747.496000000043,3747.55,0.05399999995734106
120,88,Qalpha_keV,7273.175999999745,7273.05,0.12599999974463572
119,89,Sn_keV,8458.18799999985,8458.28,0.0920000001515291
119,89,Sp_keV,68.68500000005588,68.73,0.044999999944124625
119,89,S2p_keV,2576.248000000138,2576.32,0.07199999986232797
119,89,Qalpha_keV,7726.939999999944,7726.83,0.1099999999441934
118,90,Sp_keV,1761.0039999997243,1761.07,0.06600000027560782
118,90,S2p_keV,1469.6979999998584,1469.75,0.05200000014156103
118,90,Qalpha_keV,8201.919999999925,8201.95,0.0300000000752334
128,81,Sn_keV,4959.84300000011,4959.8,0.043000000109714165
128,81,Sp_keV,7661.139000000199,7661.24,0.10099999980047869
128,81,S2n_keV,8746.922999999952,8746.91,0.012999999951716745
127,82,Sn_keV,3937.414000000106,3937.37,0.04400000010627991
127,82,Sp_keV,8153.989999999991,8153.9,0.08999999999105057
127,82,S2n_keV,11305.165999999968,11305.23,0.06400000003122841
127,82,S2p_keV,15704.743999999948,15704.62,0.12399999994704558
127,82,Qalpha_keV,2248.500999999931,2248.43,0.07099999993124584
126,83,Sn_keV,7459.6480000002775,7459.76,0.11199999972268415
126,83,Sp_keV,3799.0560000003316,3799.05,0.006000000331368938
126,83,S2n_keV,14346.742000000086,14346.67,0.07200000008560892
126,83,S2p_keV,11802.712000000058,11802.69,0.022000000057232683
126,83,Qalpha_keV,3137.363999999594,3137.28,0.08399999959374327
125,84,Sn_keV,6967.617000000086,6967.74,0.12299999991410004
125,84,Sp_keV,4784.657000000123,4784.83,0.17299999987699266
125,84,S2n_keV,15362.767999999924,15362.9,0.13200000007600465
125,84,S2p_keV,8491.81700000004,8491.99,0.17299999996066617
125,84,Qalpha_keV,4979.23499999987,4979.23,0.004999999870051397
124,85,Sn_keV,8484.119999999879,8484.05,0.06999999987965566
124,85,Sp_keV,2702.1359999999404,2702.18,0.044000000059440936
124,85,S2n_keV,15798.049999999814,15798.09,0.040000000186410034
124,85,S2p_keV,7406.269999999786,7406.19,0.07999999978619599
124,85,Qalpha_keV,5756.846000000136,5756.88,0.033999999864136043
123,86,Sn_keV,7344.915999999968,7344.92,0.004000000031737727
123,86,Sp_keV,3748.179999999935,3748.17,0.00999999993473466
123,86,S2n_keV,16436.658000000054,16436.75,0.09199999994598329
123,86,S2p_keV,6361.346999999834,6361.47,0.12300000016603008
123,86,Qalpha_keV,6155.601000000024,6155.47,0.13100000002395973
122,87,Sn_keV,9173.50400000019,9173.46,0.04400000019086292
122,87,Sp_keV,1401.7920000001322,1401.7,0.09200000013220233
122,87,S2n_keV,17066.19800000009,17066.25,0.05199999990873039
122,87,S2p_keV,5118.9860000000335,5118.99,0.003999999966254109
122,87,Qalpha_keV,6777.33499999973,6777.38,0.045000000270192686
121,88,Sn_keV,7932.300999999978,7932.21,0.09099999997761188
121,88,Sp_keV,2769.1170000000857,2769.06,0.05700000008573625
121,88,S2n_keV,17827.530000000028,17827.43,0.10000000002764864
121,88,S2p_keV,4089.1470000001136,4089.13,0.017000000113512215
121,88,Qalpha_keV,7143.037000000011,7143.03,0.007000000011430529
120,89,Sn_keV,9986.13500000001,9986.14,0.004999999990104698
120,89,Sp_keV,159.5910000000149,159.65,0.05899999998510452
120,89,S2n_keV,18444.32299999986,18444.42,0.0970000001398148
120,89,S2p_keV,2889.101000000024,2889.29,0.18899999997574923
120,89,Qalpha_keV,7729.26699999976,7729.21,0.056999999759682396
119,90,Sn_keV,8208.57799999998,8208.53,0.04799999997885607
119,90,Sp_keV,1511.3939999998547,1511.32,0.07399999985477734
119,90,S2p_keV,1580.0789999999106,1580.05,0.028999999910638508
119,90,Qalpha_keV,8272.967999999877,8273.04,0.0720000001238077
129,81,Sn_keV,3679.772999999812,3679.69,0.08299999981181827
129,81,S2n_keV,8639.615999999922,8639.49,0.12599999992198718
128,82,Sn_keV,5185.216000000015,5185.18,0.03600000001461012
128,82,Sp_keV,8379.362999999896,8379.28,0.08299999989503704
128,82,S2n_keV,9122.630000000121,9122.54,0.09000000012019882
128,82,S2p_keV,16040.502000000095,16040.52,0.017999999905441655
128,82,Qalpha_keV,3792.243999999948,3792.3,0.05600000005233596
127,83,Sn_keV,4604.743999999715,4604.63,0.11399999971490615
127,83,Sp_keV,4466.38599999994,4466.32,0.0659999999406864
127,83,S2n_keV,12064.391999999993,12064.39,0.001999999993131496
127,83,S2p_keV,12620.375999999931,12620.22,0.15599999993173697
127,83,Qalpha_keV,5036.374000000069,5036.46,0.08599999993111851
126,84,Sn_keV,7658.574999999953,7658.44,0.13499999995383405
126,84,Sp_keV,4983.583999999799,4983.52,0.06399999979839777
126,84,S2n_keV,14626.19200000004,14626.18,0.01200000003882451
126,84,S2p_keV,8782.64000000013,8782.56,0.08000000013089448
126,84,Qalpha_keV,5407.374000000069,5407.45,0.07599999993090023
125,85,Sn_keV,7160.626000000164,7160.61,0.01600000016424019
125,85,Sp_keV,2895.1450000000186,2895.06,0.08500000001868102
125,85,S2n_keV,15644.746000000043,15644.66,0.08600000004298636
125,85,S2p_keV,7679.802000000142,7679.89,0.08799999985876639
125,85,Qalpha_keV,5631.181999999797,5631.19,0.008000000202628144
124,86,Sn_keV,8746.986000000034,8747.03,0.043999999967127223
124,86,Sp_keV,4011.0460000000894,4011.14,0.0939999999104657
124,86,S2n_keV,16091.902000000002,16091.94,0.03799999999864667
124,86,S2p_keV,6713.18200000003,6713.32,0.13799999996990664
124,86,Qalpha_keV,6159.0,6158.91,0.09000000000014552
123,87,Sn_keV,7635.789999999804,7635.87,0.0800000001954686
123,87,Sp_keV,1692.6659999999683,1692.65,0.015999999968244083
123,87,S2n_keV,16809.293999999994,16809.33,0.036000000007334165
123,87,S2p_keV,5440.845999999903,5440.82,0.02599999990343349
123,87,Qalpha_keV,6671.584000000032,6671.57,0.014000000031956006
122,88,Sn_keV,9465.116999999853,9465.1,0.016999999852487235
122,88,Sp_keV,3060.7299999997485,3060.7,0.029999999748724804
122,88,S2n_keV,17397.41799999983,17397.31,0.10799999982918962
122,88,S2p_keV,4462.521999999881,4462.4,0.12199999988115451
122,88,Qalpha_keV,7150.746000000043,7150.8,0.05399999995734106
121,89,Sn_keV,8126.1369999998715,8126.01,0.1269999998712592
121,89,Sp_keV,353.42699999990873,353.44,0.013000000091267339
121,89,S2n_keV,18112.27199999988,18112.14,0.1319999998813728
121,89,S2p_keV,3122.5439999999944,3122.5,0.043999999994412065
121,89,Qalpha_keV,7607.139999999898,7607.2,0.060000000102263584
120,90,Sn_keV,10548.46800000011,10548.47,0.0019999998894491
120,90,Sp_keV,2073.7269999999553,2073.65,0.07699999995520557
120,90,S2n_keV,18757.04600000009,18757.0,0.04600000008940697
120,90,S2p_keV,2233.31799999997,2233.3,0.01799999997001578
120,90,Qalpha_keV,8068.915999999968,8068.91,0.005999999968480552
130,81,Sn_keV,4903.261000000173,4903.27,0.008999999827210559
130,81,S2n_keV,8583.033999999985,8582.96,0.07399999998597195
129,82,Sn_keV,3834.558999999892,3834.64,0.08100000010790609
129,82,Sp_keV,8534.148999999976,8534.22,0.07100000002355955
129,82,S2n_keV,9019.774999999907,9019.81,0.03500000009262294
129,82,Qalpha_keV,3571.1410000000615,3571.23,0.0889999999385509
128,83,Sn_keV,5137.859000000171,5138.01,0.15099999982885492
128,83,Sp_keV,4419.029000000097,4419.15,0.12099999990277865
128,83,S2n_keV,9742.602999999886,9742.64,0.03700000011303928
128,83,S2p_keV,12798.391999999993,12798.43,0.03800000000774162
128,83,Qalpha_keV,6750.344999999972,6750.33,0.014999999972133082
127,84,Sn_keV,4550.762000000104,4550.75,0.012000000104308128
127,84,Sp_keV,4929.602000000188,4929.63,0.02799999981198198
127,84,S2n_keV,12209.337000000058,12209.19,0.14700000005723268
127,84,S2p_keV,9395.988000000129,9395.95,0.03800000012779492
127,84,Qalpha_keV,7594.505999999819,7594.48,0.025999999819759978
126,85,Sn_keV,7746.461999999825,7746.49,0.028000000174870365
126,85,Sp_keV,2983.03199999989,2983.1,0.06800000010980511
126,85,S2n_keV,14907.087999999989,14907.1,0.012000000011539669
126,85,S2p_keV,7966.615999999689,7966.62,0.0040000003109526006
126,85,Qalpha_keV,5982.302000000142,5982.37,0.06799999985832983
125,86,Sn_keV,7221.898999999976,7221.79,0.10899999997582199
125,86,Sp_keV,4072.3189999999013,4072.32,0.001000000098883902
125,86,S2n_keV,15968.88500000001,15968.82,0.06500000000960426
125,86,S2p_keV,6967.46399999992,6967.38,0.08399999991979712
125,86,Qalpha_keV,5965.428000000073,5965.38,0.04800000007253402
124,87,Sn_keV,8878.628000000026,8878.63,0.0019999999731226126
124,87,Sp_keV,1824.3079999999609,1824.25,0.05799999996088445
124,87,S2n_keV,16514.41799999983,16514.49,0.07200000017110142
124,87,S2p_keV,5835.35400000005,5835.4,0.04599999994934478
124,87,Qalpha_keV,6662.256000000052,6662.17,0.0860000000520813
123,88,Sn_keV,7699.507000000216,7699.61,0.10299999978360574
123,88,Sp_keV,3124.44700000016,3124.44,0.007000000160132913
123,88,S2n_keV,17164.62400000007,17164.71,0.08599999993020901
123,88,S2p_keV,4817.1130000001285,4817.09,0.023000000128376996
123,88,Qalpha_keV,7041.888999999734,7041.82,0.06899999973393278
122,89,Sn_keV,9658.719000000041,9658.73,0.01099999995858525
122,89,Sp_keV,547.0290000000969,547.07,0.040999999903192474
122,89,S2n_keV,17784.855999999912,17784.73,0.12599999991289224
122,89,S2p_keV,3607.7589999998454,3607.77,0.011000000154581357
122,89,Qalpha_keV,7621.7029999999795,7621.64,0.06299999997918349
121,90,Sn_keV,8224.216000000015,8224.24,0.02399999998488056
121,90,Sp_keV,2171.8060000000987,2171.89,0.08399999990115248
121,90,S2n_keV,18772.684000000125,18772.71,0.02599999987432966
121,90,S2p_keV,2525.2330000000075,2525.33,0.09699999999247666
121,90,Qalpha_keV,7942.896999999881,7942.9,0.0030000001188454917
130,82,Sn_keV,5127.355000000214,5127.26,0.09500000021398591
130,82,Sp_keV,8758.243000000017,8758.21,0.03300000001763692
130,82,S2n_keV,8961.914000000106,8961.89,0.02400000010675285
130,82,Qalpha_keV,3293.243999999715,3293.25,0.006000000284984708
129,83,Sn_keV,4330.249000000069,4330.17,0.07900000006884511
129,83,Sp_keV,4914.719000000274,4914.68,0.0390000002735178
129,83,S2n_keV,9468.10800000024,9468.18,0.07199999976000981
129,83,S2p_keV,13448.86800000025,13448.91,0.04199999975026003
129,83,Qalpha_keV,6207.175999999745,6207.26,0.08400000025540066
128,84,Sn_keV,6008.089999999851,6008.23,0.14000000014857505
128,84,Sp_keV,5799.832999999868,5799.85,0.017000000132611603
128,84,S2n_keV,10558.851999999955,10558.98,0.12800000004426693
128,84,S2p_keV,10218.861999999965,10219.0,0.13800000003539026
128,84,Qalpha_keV,8954.16799999983,8954.12,0.047999999829698936
127,85,Sn_keV,5052.384000000078,5052.28,0.10400000007848575
127,85,Sp_keV,3484.653999999864,3484.63,0.023999999863917765
127,85,S2n_keV,12798.845999999903,12798.77,0.0759999999027059
127,85,S2p_keV,8414.256000000052,8414.26,0.0039999999480642145
127,85,Qalpha_keV,7817.0119999998715,7817.01,0.001999999871259206
126,86,Sn_keV,7975.623000000138,7975.55,0.07300000013765384
126,86,Sp_keV,4301.480000000214,4301.38,0.10000000021409505
126,86,S2n_keV,15197.522000000114,15197.34,0.18200000011347583
126,86,S2p_keV,7284.512000000104,7284.49,0.022000000104526407
126,86,Qalpha_keV,6384.955999999773,6384.99,0.03400000022702443
125,87,Sn_keV,7447.39000000013,7447.28,0.11000000013063982
125,87,Sp_keV,2049.7990000001155,2049.74,0.05900000011570228
125,87,S2n_keV,16326.018000000156,16325.91,0.10800000015660771
125,87,S2p_keV,6122.118000000017,6122.07,0.048000000017054845
125,87,Qalpha_keV,6528.795999999857,6528.93,0.13400000014371471
124,88,Sn_keV,9102.126999999862,9102.01,0.11699999986194598
124,88,Sp_keV,3347.9459999999963,3347.83,0.11599999999634747
124,88,S2n_keV,16801.63400000008,16801.62,0.01400000007924973
124,88,S2p_keV,5172.253999999957,5172.08,0.17399999995723192
124,88,Qalpha_keV,7031.503999999957,7031.64,0.13600000004316826
123,89,Sn_keV,7995.509000000078,7995.61,0.10099999992144149
123,89,Sp_keV,843.030999999959,843.07,0.039000000041028215
123,89,S2n_keV,17654.22800000012,17654.34,0.11199999988093623
123,89,S2p_keV,3967.478000000119,3967.51,0.03199999988100899
123,89,Qalpha_keV,7518.887999999803,7518.82,0.06799999980285065
122,90,Sn_keV,9880.10999999987,9880.16,0.05000000013023964
122,90,Sp_keV,2393.1969999999274,2393.32,0.12300000007280687
122,90,S2n_keV,18104.325999999885,18104.4,0.07400000011693919
122,90,S2p_keV,2940.226000000024,2940.39,0.16399999997565828
122,90,Qalpha_keV,7958.0160000000615,7957.96,0.05600000006143091
121,91,Sp_keV,-417.79000000003725,-417.77,0.020000000037271093
121,91,S2p_keV,1754.0160000000615,1754.12,0.10399999993842357
121,91,Qalpha_keV,8429.371999999974,8429.4,0.028000000025713234
132,81,S2n_keV,8280.689000000013,8280.82,0.13099999998667045
131,82,Sn_keV,3725.5749999997206,3725.72,0.14500000027919668
131,82,S2n_keV,8852.929999999935,8852.98,0.05000000006475602
130,83,Sn_keV,5184.473999999929,5184.58,0.10600000007070776
130,83,Sp_keV,4971.837999999989,4972.01,0.17200000001139415
130,83,S2n_keV,9514.722999999998,9514.75,0.027000000001862645
130,83,S2p_keV,13730.081000000006,13730.22,0.13899999999375723
130,83,Qalpha_keV,5982.5449999999255,5982.48,0.06499999992593075
129,84,Sn_keV,4355.381000000052,4355.36,0.021000000052481482
129,84,Sp_keV,5824.964999999851,5825.04,0.07500000014897523
129,84,S2n_keV,10363.470999999903,10363.59,0.11900000009700307
129,84,S2p_keV,10739.684000000125,10739.72,0.03599999987454794
129,84,Qalpha_keV,8536.200999999885,8536.13,0.07099999988531636
128,85,Sn_keV,6022.55700000003,6022.69,0.1329999999697975
128,85,Sp_keV,3499.121000000043,3499.09,0.03100000004269532
128,85,S2n_keV,11074.941000000108,11074.97,0.028999999891311745
128,85,S2p_keV,9298.95399999991,9298.94,0.013999999910083716
128,85,Qalpha_keV,9254.10300000012,9254.07,0.03300000011950033
127,86,Sn_keV,5109.930999999866,5109.96,0.02900000013414683
127,86,Sp_keV,4359.027000000002,4359.07,0.04299999999784632
127,86,S2n_keV,13085.554000000004,13085.51,0.04400000000350701
127,86,S2p_keV,7843.680999999866,7843.7,0.019000000133928552
127,86,Qalpha_keV,8242.641999999993,8242.77,0.12800000000788714
126,87,Sn_keV,8108.069999999832,8108.21,0.14000000016767444
126,87,Sp_keV,2182.24599999981,2182.41,0.16400000018984429
126,87,S2n_keV,15555.459999999963,15555.5,0.0400000000372529
126,87,S2p_keV,6483.726000000024,6483.79,0.06399999997574923
126,87,Qalpha_keV,6904.845999999903,6904.77,0.0759999999027059
125,88,Sn_keV,7514.698000000091,7514.71,0.011999999908766767
125,88,Sp_keV,3415.253999999957,3415.25,0.003999999957159162
125,88,S2n_keV,16616.824999999953,16616.72,0.10499999995226972
125,88,S2p_keV,5465.053000000073,5465.0,0.05300000007264316
125,88,Qalpha_keV,6861.721999999834,6861.84,0.11800000016592094
124,89,Sn_keV,9193.158999999985,9192.98,0.1789999999855354
124,89,Sp_keV,934.063000000082,934.03,0.03300000008198367
124,89,S2n_keV,17188.668000000063,17188.59,0.07800000006318442
124,89,S2p_keV,4282.009000000078,4281.86,0.14900000007855851
124,89,Qalpha_keV,7499.233000000007,7499.3,0.06699999999273132
123,90,Sn_keV,8051.252000000095,8051.17,0.08200000009492214
123,90,Sp_keV,2448.939999999944,2448.88,0.059999999944011506
123,90,S2n_keV,17931.361999999965,17931.33,0.03199999996286351
123,90,S2p_keV,3291.970999999903,3291.95,0.02099999990332435
123,90,Qalpha_keV,7839.064999999944,7839.0,0.06499999994412065
122,91,Sn_keV,10021.704000000143,10021.64,0.06400000014400575
122,91,Sp_keV,-276.19599999976344,-276.29,0.0940000002365764
122,91,S2p_keV,2117.001000000164,2117.03,0.028999999836287316
122,91,Qalpha_keV,8393.80299999984,8393.9,0.09700000015982368
132,82,Sn_keV,5050.4570000001695,5050.46,0.002999999830535671
132,82,Sp_keV,9253.585999999894,9253.57,0.015999999894120265
132,82,S2n_keV,8776.03199999989,8776.18,0.1480000001101871
131,83,Sn_keV,4040.8779999997932,4040.87,0.007999999793355528
131,83,Sp_keV,5287.1410000000615,5287.16,0.01899999993838719
131,83,S2n_keV,9225.351999999722,9225.45,0.09800000027826172
131,83,Qalpha_keV,5621.439999999944,5621.3,0.13999999994393875
130,84,Sn_keV,5887.922999999952,5887.84,0.08299999995142571
130,84,Sp_keV,6528.413999999873,6528.3,0.11399999987315823
130,84,S2n_keV,10243.304000000004,10243.2,0.1040000000029977
130,84,S2p_keV,11500.251999999862,11500.3,0.048000000137108145
130,84,Qalpha_keV,7833.493999999948,7833.46,0.033999999947809556
129,85,Sn_keV,4871.682999999961,4871.55,0.13299999996070255
129,85,Sp_keV,4015.4229999999516,4015.29,0.1329999999516076
129,85,S2n_keV,10894.23999999999,10894.24,9.094947017729282e-12
129,85,S2p_keV,9840.387999999803,9840.33,0.057999999802632374
129,85,Qalpha_keV,8987.163999999873,8987.15,0.013999999873703928
128,86,Sn_keV,6692.717000000179,6692.81,0.09299999982158624
128,86,Sp_keV,5029.187000000151,5029.19,0.0029999998487255652
128,86,S2n_keV,11802.648000000045,11802.77,0.12199999995573307
128,86,S2p_keV,8528.308000000194,8528.28,0.02800000019306026
128,86,Qalpha_keV,9208.499999999767,9208.4,0.09999999976753315
127,87,Sn_keV,5476.934000000125,5476.83,0.10400000012486998
127,87,Sp_keV,2549.249000000069,2549.28,0.03099999993128222
127,87,S2n_keV,13585.003999999957,13585.05,0.04600000004211324
127,87,S2p_keV,6908.276000000071,6908.35,0.07399999992958328
127,87,Qalpha_keV,8588.537999999942,8588.54,0.0020000000586151145
126,88,Sn_keV,8336.198000000091,8336.36,0.16199999990931246
126,88,Sp_keV,3643.382000000216,3643.4,0.017999999784024112
126,88,S2n_keV,15850.896000000183,15851.07,0.17399999981716974
126,88,S2p_keV,5825.628000000026,5825.8,0.17199999997410487
126,88,Qalpha_keV,7272.5099999997765,7272.51,2.2373569663614035e-10
125,89,Sn_keV,7782.929000000004,7783.05,0.12099999999645661
125,89,Sp_keV,1202.2939999999944,1202.37,0.0760000000054788
125,89,S2n_keV,16976.08799999999,16976.03,0.05799999998998828
125,89,S2p_keV,4617.547999999952,4617.63,0.08200000004853791
125,89,Qalpha_keV,7352.093999999808,7352.12,0.02600000019174331
124,90,Sn_keV,9476.962000000058,9477.0,0.037999999942258
124,90,Sp_keV,2732.7430000000168,2732.9,0.15699999998332714
124,90,S2n_keV,17528.214000000153,17528.17,0.04400000015448313
124,90,S2p_keV,3666.8060000000987,3666.94,0.13399999990133438
124,90,Qalpha_keV,7827.219999999739,7827.1,0.11999999973886588
123,91,Sn_keV,8249.095999999903,8249.01,0.08599999990292417
123,91,Sp_keV,-78.3519999999553,-78.46,0.10800000004469723
123,91,S2n_keV,18270.800000000047,18270.64,0.1600000000471482
123,91,S2p_keV,2370.587999999989,2370.42,0.16799999998875137
123,91,Qalpha_keV,8270.843999999808,8270.9,0.05600000019148865
132,83,Sn_keV,5222.945000000298,5222.91,0.03500000029816874
132,83,Sp_keV,5459.62900000019,5459.6,0.029000000189626007
132,83,S2n_keV,9263.823000000091,9263.78,0.043000000090614776
132,83,S2p_keV,14713.215000000084,14713.17,0.04500000008374627
132,83,Qalpha_keV,5301.755999999819,5301.66,0.09599999981946894
131,84,Sn_keV,4141.723999999929,4141.84,0.11600000007092603
131,84,Sp_keV,6629.260000000009,6629.27,0.009999999991123332
131,84,S2n_keV,10029.64699999988,10029.68,0.03300000011950033
131,84,S2p_keV,11916.40100000007,11916.43,0.028999999929510523
131,84,Qalpha_keV,7526.328999999911,7526.25,0.07899999991059303
130,85,Sn_keV,5946.714000000153,5946.78,0.06599999984700844
130,85,Sp_keV,4074.2140000001527,4074.23,0.015999999847281288
130,85,S2n_keV,10818.397000000114,10818.33,0.06700000011369411
130,85,S2p_keV,10602.628000000026,10602.53,0.0980000000254222
130,85,Qalpha_keV,8178.308999999892,8178.38,0.07100000010814256
129,86,Sn_keV,4920.179999999935,4920.13,0.04999999993469828
129,86,Sp_keV,5077.684000000125,5077.77,0.08599999987563933
129,86,S2n_keV,11612.897000000114,11612.95,0.05299999988710624
129,86,S2p_keV,9093.107000000076,9093.06,0.04700000007687777
129,86,Qalpha_keV,8839.081999999937,8839.02,0.06199999993623351
128,87,Sn_keV,6794.753000000026,6794.7,0.05300000002625893
128,87,Sp_keV,2651.284999999916,2651.17,0.11499999991610821
128,87,S2n_keV,12271.68700000015,12271.53,0.15700000015021942
128,87,S2p_keV,7680.472000000067,7680.36,0.11200000006738264
128,87,Qalpha_keV,9540.246999999741,9540.33,0.08300000025883492
127,88,Sn_keV,5630.344999999739,5630.16,0.1849999997393752
127,88,Sp_keV,3796.7929999998305,3796.72,0.07299999983069938
127,88,S2n_keV,13966.54299999983,13966.51,0.03299999983028101
127,88,S2p_keV,6346.041999999899,6346.0,0.04199999989941716
127,88,Qalpha_keV,8864.064000000013,8864.15,0.08599999998659769
126,89,Sn_keV,8484.888999999966,8484.88,0.008999999967272743
126,89,Sp_keV,1350.9849999998696,1350.9,0.08499999986952389
126,89,S2n_keV,16267.81799999997,16267.93,0.11200000003009336
126,89,S2p_keV,4994.367000000086,4994.29,0.07700000008571806
126,89,Qalpha_keV,7745.832999999868,7745.87,0.037000000132138666
125,90,Sn_keV,7862.084999999963,7862.09,0.005000000037398422
125,90,Sp_keV,2811.898999999976,2811.94,0.04100000002426896
125,90,S2n_keV,17339.04700000002,17339.09,0.04299999997965642
125,90,S2p_keV,4014.19299999997,4014.32,0.12700000002996603
125,90,Qalpha_keV,7664.641999999993,7664.62,0.02199999999265856
124,91,Sn_keV,9687.933999999892,9687.98,0.04600000010759686
124,91,Sp_keV,132.61999999987893,132.52,0.09999999987891783
124,91,S2n_keV,17937.029999999795,17936.98,0.04999999979554559
124,91,S2p_keV,2865.3629999998957,2865.42,0.05700000010438089
124,91,Qalpha_keV,8241.628999999957,8241.65,0.02100000004247704
133,83,Sn_keV,3845.9789999998175,3845.91,0.0689999998176063
133,83,S2n_keV,9068.924000000115,9068.81,0.11400000011599332
132,84,Sn_keV,5747.272000000114,5747.2,0.07200000011380325
132,84,Sp_keV,7153.586999999825,7153.57,0.016999999825202394
132,84,S2n_keV,9888.996000000043,9889.05,0.053999999956431566
132,84,S2p_keV,12613.216000000015,12613.17,0.0460000000148284
132,84,Qalpha_keV,6906.412000000011,6906.31,0.1020000000107757
131,85,Sn_keV,4558.957999999868,4558.93,0.027999999867461156
131,85,Sp_keV,4491.448000000091,4491.31,0.13800000009086943
131,85,S2n_keV,10505.67200000002,10505.71,0.03799999997863779
131,85,S2p_keV,11120.7080000001,11120.58,0.1280000001006556
131,85,Qalpha_keV,7949.600000000093,7949.63,0.029999999906976882
130,86,Sn_keV,6649.899999999907,6649.89,0.009999999906540324
130,86,Sp_keV,5780.869999999879,5780.87,1.2096279533579946e-10
130,86,S2n_keV,11570.079999999842,11570.02,0.059999999841238605
130,86,S2p_keV,9855.084000000032,9855.1,0.01599999996869883
130,86,Qalpha_keV,8197.27199999988,8197.36,0.08800000011979137
129,87,Sn_keV,5418.298999999883,5418.4,0.10100000011698285
129,87,Sp_keV,3149.403999999864,3149.43,0.026000000135809387
129,87,S2n_keV,12213.051999999909,12213.1,0.04800000009163341
129,87,S2p_keV,8227.087999999989,8227.2,0.11200000001190347
129,87,Qalpha_keV,9174.331999999937,9174.21,0.12199999993754318
128,88,Sn_keV,7314.01099999994,7314.01,0.0009999999401770765
128,88,Sp_keV,4316.050999999745,4316.03,0.020999999745072273
128,88,S2n_keV,12944.35599999968,12944.17,0.18599999967955227
128,88,S2p_keV,6967.335999999661,6967.2,0.13599999966118048
128,88,Qalpha_keV,9525.67600000021,9525.69,0.013999999790030415
127,89,Sn_keV,5957.715000000084,5957.78,0.06499999991592631
127,89,Sp_keV,1678.3550000002142,1678.52,0.16499999978577762
127,89,S2n_keV,14442.60400000005,14442.66,0.05599999994956306
127,89,S2p_keV,5475.148000000045,5475.24,0.09199999995507824
127,89,Qalpha_keV,9235.507999999914,9235.37,0.13799999991351797
126,90,Sn_keV,8694.40100000007,8694.27,0.13100000007034396
126,90,Sp_keV,3021.41100000008,3021.33,0.0810000000801665
126,90,S2n_keV,16556.486000000034,16556.36,0.12600000003294554
126,90,S2p_keV,4372.39599999995,4372.23,0.16599999995014514
126,90,Qalpha_keV,8072.367999999784,8072.36,0.00799999978426058
125,91,Sn_keV,8140.2660000000615,8140.26,0.006000000061249011
125,91,Sp_keV,410.80099999997765,410.69,0.11099999997765053
125,91,S2n_keV,17828.199999999953,17828.24,0.04000000004816684
125,91,S2p_keV,3222.6999999999534,3222.63,0.06999999995332473
125,91,Qalpha_keV,8096.871999999974,8097.0,0.12800000002607703
134,83,Sn_keV,5215.232000000076,5215.35,0.11799999992399535
134,83,S2n_keV,9061.210999999894,9061.25,0.039000000106170774
134,83,Qalpha_keV,4521.2339999999385,4521.24,0.006000000061249011
133,84,Sn_keV,3969.9920000000857,3969.97,0.022000000085881766
133,84,Sp_keV,7277.600000000093,7277.63,0.029999999906976882
133,84,S2n_keV,9717.2640000002,9717.18,0.08400000019901199
133,84,Qalpha_keV,6661.994999999646,6662.06,0.06500000035430276
132,85,Sn_keV,5932.801999999909,5932.92,0.11800000009134237
132,85,Sp_keV,4676.977999999886,4677.03,0.052000000113366696
132,85,S2n_keV,10491.759999999776,10491.84,0.08000000022366294
132,85,S2p_keV,11830.564999999711,11830.59,0.025000000288855517
132,85,Qalpha_keV,7201.272000000114,7201.29,0.017999999886342266
131,86,Sn_keV,4665.537000000011,4665.63,0.09299999998893327
131,86,Sp_keV,5887.449000000022,5887.57,0.12099999997735722
131,86,S2n_keV,11315.436999999918,11315.51,0.07300000008217467
131,86,S2p_keV,10378.897000000114,10378.89,0.007000000114203431
131,86,Qalpha_keV,7887.115999999922,7887.09,0.025999999921623385
130,87,Sn_keV,6727.756999999983,6727.71,0.046999999983199814
130,87,Sp_keV,3227.2609999999404,3227.26,0.0009999999401770765
130,87,S2n_keV,12146.055999999866,12146.11,0.05400000013469253
130,87,S2p_keV,9008.13099999982,9008.14,0.009000000180094503
130,87,Qalpha_keV,8469.131999999983,8469.19,0.05800000001727312
129,88,Sn_keV,5474.90400000033,5474.96,0.05599999967034819
129,88,Sp_keV,4372.656000000192,4372.59,0.06600000019170693
129,88,S2n_keV,12788.91500000027,12788.97,0.05499999972926162
129,88,S2p_keV,7522.060000000056,7522.03,0.030000000056134013
129,88,Qalpha_keV,9160.702999999747,9160.69,0.012999999746170943
128,89,Sn_keV,7512.0490000001155,7512.06,0.010999999884916178
128,89,Sp_keV,1876.3930000003893,1876.57,0.1769999996106435
128,89,S2n_keV,13469.7640000002,13469.84,0.07599999980084249
128,89,S2p_keV,6192.444000000134,6192.6,0.15599999986625335
128,89,Qalpha_keV,9831.528999999631,9831.53,0.0010000003694585757
127,90,Sn_keV,6151.753000000026,6151.79,0.03699999997388659
127,90,Sp_keV,3215.4490000000224,3215.34,0.10900000002220622
127,90,S2n_keV,14846.154000000097,14846.06,0.09400000009736686
127,90,S2p_keV,4893.804000000237,4893.87,0.06599999976333493
127,90,Qalpha_keV,9435.31299999985,9435.28,0.03299999984847091
126,91,Sn_keV,8801.165000000037,8801.19,0.024999999963256414
126,91,Sp_keV,517.5649999999441,517.61,0.045000000055893
126,91,S2n_keV,16941.4310000001,16941.45,0.018999999902007403
126,91,S2p_keV,3538.976000000024,3538.94,0.03600000002415982
126,91,Qalpha_keV,8488.865999999922,8488.79,0.07599999992089579
135,83,Sn_keV,3585.2700000000186,3585.24,0.03000000001884473
135,83,S2n_keV,8800.502000000095,8800.59,0.08799999990515062
134,84,Sn_keV,5597.757999999914,5597.84,0.0820000000858272
134,84,Sp_keV,7660.125999999931,7660.13,0.00400000006902701
134,84,S2n_keV,9567.75,9567.81,0.05999999999949068
134,84,Qalpha_keV,6114.693999999901,6114.68,0.013999999900988769
133,85,Sn_keV,4368.226000000257,4368.16,0.06600000025719055
133,85,Sp_keV,5075.212000000058,5075.21,0.00200000005770562
133,85,S2n_keV,10301.028000000166,10301.08,0.05199999983415182
133,85,S2p_keV,12352.81200000015,12352.85,0.03799999984948954
133,85,Qalpha_keV,6873.92399999965,6874.0,0.07600000035017729
132,86,Sn_keV,6512.483000000007,6512.4,0.08300000000781438
132,86,Sp_keV,6467.130000000121,6467.05,0.08000000012089004
132,86,S2n_keV,11178.020000000019,11178.03,0.009999999982028385
132,86,S2p_keV,11144.108000000007,11144.08,0.02800000000752334
132,86,Qalpha_keV,7262.555999999866,7262.53,0.025999999866144208
131,87,Sn_keV,5326.69299999997,5326.79,0.09700000002976594
131,87,Sp_keV,3888.4169999998994,3888.43,0.013000000100419129
131,87,S2n_keV,12054.449999999953,12054.5,0.05000000004656613
131,87,S2p_keV,9775.865999999922,9776.0,0.1340000000782311
131,87,Qalpha_keV,8014.121999999974,8013.95,0.17199999997410487
130,88,Sn_keV,7307.487999999896,7307.58,0.09200000010423537
130,88,Sp_keV,4952.387000000104,4952.46,0.07299999989572825
130,88,S2n_keV,12782.392000000225,12782.54,0.14799999977549305
130,88,S2p_keV,8179.648000000045,8179.72,0.07199999995555117
130,88,Qalpha_keV,8545.93200000003,8545.92,0.012000000029729563
129,89,Sn_keV,5931.02099999995,5930.96,0.0609999999496722
129,89,Sp_keV,2332.5100000000093,2332.57,0.05999999999085048
129,89,S2n_keV,13443.070000000065,13443.02,0.05000000006475602
129,89,S2p_keV,6705.166000000201,6705.16,0.006000000201311195
129,89,Qalpha_keV,9377.441999999806,9377.4,0.0419999998066487
128,90,Sn_keV,7922.488999999827,7922.62,0.13100000017311686
128,90,Sp_keV,3625.8889999997336,3625.91,0.021000000266212737
128,90,S2n_keV,14074.241999999853,14074.42,0.17800000014722173
128,90,S2p_keV,5502.282000000123,5502.48,0.19799999987662886
128,90,Qalpha_keV,9849.022000000114,9849.01,0.012000000113403075
127,91,Sn_keV,6456.853000000119,6456.84,0.01300000011906377
127,91,Sp_keV,822.6650000000373,822.65,0.01500000003727564
127,91,S2n_keV,15258.018000000156,15258.03,0.011999999844192644
127,91,S2p_keV,4038.1140000000596,4038.0,0.11400000005960464
127,91,Qalpha_keV,9814.941999999806,9815.0,0.058000000193715096
126,92,Sp_keV,2446.9610000001267,2446.96,0.0010000001266234904
126,92,S2p_keV,2964.526000000071,2964.57,0.04399999992938319
126,92,Qalpha_keV,8774.647999999812,8774.73,0.0820000001876906
135,84,Sn_keV,3748.784999999916,3748.76,0.02499999991596269
135,84,Sp_keV,7823.640999999829,7823.65,0.009000000170999556
135,84,S2n_keV,9346.54299999983,9346.6,0.057000000169864506
134,85,Sn_keV,5773.232999999775,5773.21,0.022999999774583557
134,85,Sp_keV,5250.686999999918,5250.58,0.10699999991811637
134,85,S2n_keV,10141.459000000032,10141.37,0.08900000003086461
134,85,S2p_keV,12910.81299999985,12910.71,0.10299999984999886
134,85,Qalpha_keV,6323.636000000173,6323.7,0.0639999998265921
133,86,Sn_keV,4458.348999999929,4458.26,0.0889999999290012
133,86,Sp_keV,6557.252999999793,6557.15,0.10299999979361019
133,86,S2n_keV,10970.831999999937,10970.66,0.17199999993681558
133,86,S2p_keV,11632.464999999851,11632.37,0.09499999985018803
133,86,Qalpha_keV,6945.930999999866,6946.11,0.17900000013378303
132,87,Sn_keV,6512.358000000007,6512.21,0.1480000000074142
132,87,Sp_keV,3888.2919999998994,3888.23,0.06199999989939897
132,87,S2n_keV,11839.050999999978,11839.0,0.05099999997764826
132,87,S2p_keV,10355.42200000002,10355.29,0.13200000001961598
132,87,Qalpha_keV,7448.478000000119,7448.53,0.05199999988053605
131,88,Sn_keV,5328.260000000009,5328.2,0.060000000009495125
131,88,Sp_keV,4953.954000000143,4953.87,0.08400000014353282
131,88,S2n_keV,12635.747999999905,12635.79,0.04200000009586802
131,88,S2p_keV,8842.371000000043,8842.3,0.07100000004356843
131,88,Qalpha_keV,8137.851999999955,8137.85,0.0019999999549327185
130,89,Sn_keV,7345.642999999691,7345.6,0.04299999969043711
130,89,Sp_keV,2370.6649999998044,2370.59,0.07499999980427674
130,89,S2n_keV,13276.66399999964,13276.56,0.1039999996410188
130,89,S2p_keV,7323.051999999909,7323.05,0.0019999999085484887
130,89,Qalpha_keV,8826.552000000142,8826.5,0.05200000014156103
129,90,Sn_keV,5965.223999999929,5965.07,0.15399999992951052
129,90,Sp_keV,3660.091999999713,3660.02,0.07199999971317084
129,90,S2n_keV,13887.712999999756,13887.69,0.02299999975548417
129,90,S2p_keV,5992.6019999997225,5992.59,0.011999999722320354
129,90,Qalpha_keV,9514.142999999924,9514.1,0.04299999992326775
128,91,Sn_keV,8215.29299999983,8215.28,0.012999999829844455
128,91,Sp_keV,1115.469000000041,1115.31,0.15900000004103276
128,91,S2n_keV,14672.14599999995,14672.12,0.025999999948908226
128,91,S2p_keV,4741.357999999775,4741.22,0.13799999977436528
128,91,Qalpha_keV,10084.537999999942,10084.6,0.0620000000581058
127,92,Sn_keV,6696.748999999836,6696.75,0.0010000001639127731
127,92,Sp_keV,2686.8569999998435,2686.88,0.023000000156571332
127,92,S2p_keV,3509.521999999881,3509.53,0.008000000119409378
127,92,Qalpha_keV,9939.983999999939,9940.07,0.08600000006117625
136,84,Sn_keV,5489.353000000119,5489.22,0.13300000011895463
136,84,S2n_keV,9238.138000000035,9237.98,0.15800000003582682
135,85,Sn_keV,4092.8310000002384,4092.76,0.0710000002382003
135,85,Sp_keV,5594.73300000024,5594.58,0.15300000024035398
135,85,S2n_keV,9866.064000000013,9865.97,0.09400000001369335
135,85,S2p_keV,13418.374000000069,13418.23,0.14400000006935443
135,85,Qalpha_keV,6076.783999999752,6076.84,0.056000000247877324
134,86,Sn_keV,6288.491000000155,6288.65,0.15899999984503665
134,86,Sp_keV,7072.511000000173,7072.6,0.0889999998271378
134,86,S2n_keV,10746.840000000084,10746.91,0.06999999991603545
134,86,S2p_keV,12323.198000000091,12323.18,0.018000000090978574
134,86,Qalpha_keV,6404.711999999825,6404.66,0.051999999825056875
133,87,Sn_keV,5206.568000000203,5206.72,0.15199999979722634
133,87,Sp_keV,4636.511000000173,4636.69,0.17899999982637382
133,87,S2n_keV,11718.92600000021,11718.92,0.006000000210406142
133,87,S2p_keV,11193.763999999966,11193.84,0.07600000003367313
133,87,Qalpha_keV,6800.867999999784,6800.74,0.12799999978415144
132,88,Sn_keV,7195.292000000132,7195.35,0.05799999986811599
132,88,Sp_keV,5636.888000000268,5637.02,0.13199999973221566
132,88,S2n_keV,12523.552000000142,12523.56,0.007999999857929652
132,88,S2p_keV,9525.180000000168,9525.25,0.06999999983236194
132,88,Qalpha_keV,7592.45999999973,7592.38,0.07999999972980731
131,89,Sn_keV,5896.987000000197,5897.09,0.10299999980270513
131,89,Sp_keV,2939.3919999999925,2939.48,0.08800000000746877
131,89,S2n_keV,13242.629999999888,13242.69,0.060000000112268026
131,89,S2p_keV,7893.346000000136,7893.35,0.003999999864390702
131,89,Qalpha_keV,8347.863999999827,8347.8,0.0639999998275016
130,90,Sn_keV,7875.118000000017,7875.08,0.038000000016836566
130,90,Sp_keV,4189.567000000039,4189.5,0.06700000003911555
130,90,S2n_keV,13840.341999999946,13840.15,0.1919999999463471
130,90,S2p_keV,6560.2319999998435,6560.09,0.1419999998433923
130,90,Qalpha_keV,8953.035999999847,8953.03,0.005999999846608262
137,84,Sn_keV,3561.0209999999497,3561.02,0.0009999999497267709
137,84,S2n_keV,9050.374000000069,9050.24,0.13400000006913615
136,85,Sn_keV,5664.314999999944,5664.34,0.025000000056024874
136,85,Sp_keV,5769.695000000065,5769.7,0.004999999934625521
136,85,S2n_keV,9757.146000000183,9757.1,0.04600000018217543
136,85,Qalpha_keV,5627.7009999998845,5627.85,0.1490000001158478
135,86,Sn_keV,4212.186999999918,4212.19,0.003000000081556209
135,86,Sp_keV,7191.866999999853,7192.02,0.15300000014758552
135,86,S2n_keV,10500.678000000073,10500.84,0.16199999992750236
135,86,S2p_keV,12786.600000000093,12786.61,0.00999999990744982
135,86,Qalpha_keV,6162.516999999993,6162.45,0.06699999999273132
134,87,Sn_keV,6275.889999999898,6275.9,0.010000000102081685
134,87,Sp_keV,4623.909999999916,4623.94,0.030000000083418854
134,87,S2n_keV,11482.4580000001,11482.62,0.16199999990021752
134,87,S2p_keV,11696.42100000009,11696.54,0.11899999991146615
134,87,Qalpha_keV,6457.779999999795,6457.76,0.019999999794890755
133,88,Sn_keV,5377.712999999756,5377.62,0.09299999975610262
133,88,Sp_keV,5808.032999999821,5807.92,0.1129999998211133
133,88,S2n_keV,12573.004999999888,12572.97,0.03499999988889613
133,88,S2p_keV,10444.543999999994,10444.61,0.06600000000617001
133,88,Qalpha_keV,6880.283999999985,6880.39,0.10600000001522858
132,89,Sn_keV,7291.897000000114,7291.91,0.012999999886233127
132,89,Sp_keV,3035.996999999974,3036.04,0.04300000002604065
132,89,S2n_keV,13188.884000000311,13189.01,0.12599999968915654
132,89,S2p_keV,8672.885000000242,8673.06,0.1749999997573468
132,89,Qalpha_keV,7783.723999999696,7783.6,0.12399999969602504
131,90,Sn_keV,5802.110000000102,5802.27,0.15999999989799107
131,90,Sp_keV,4094.689999999944,4094.67,0.019999999944047886
131,90,S2n_keV,13677.22800000012,13677.35,0.12199999988115451
131,90,S2p_keV,7034.081999999937,7034.15,0.06800000006296614
131,90,Qalpha_keV,8625.830000000075,8625.72,0.11000000007516064
130,91,Sp_keV,1581.8940000000875,1581.9,0.0059999999125466275
130,91,S2n_keV,14306.766999999993,14306.74,0.026999999992767698
130,91,S2p_keV,5771.461000000127,5771.4,0.06100000012702367
130,91,Qalpha_keV,9247.535000000149,9247.7,0.16499999985171598
138,84,Sn_keV,5358.809000000125,5358.81,0.0009999998756029527
138,84,S2n_keV,8919.830000000075,8919.83,7.457856554538012e-11
137,85,Sn_keV,3900.93899999978,3901.02,0.08100000021977394
137,85,Sp_keV,6109.612999999896,6109.7,0.08700000010412623
137,85,S2n_keV,9565.253999999724,9565.36,0.10600000027625356
137,85,Qalpha_keV,5312.032000000123,5312.07,0.03799999987677438
136,86,Sn_keV,6170.030999999959,6169.98,0.050999999959458364
136,86,Sp_keV,7697.582999999868,7697.67,0.08700000013232057
136,86,S2n_keV,10382.217999999877,10382.17,0.04799999987699266
136,86,S2p_keV,13467.277999999933,13467.37,0.09200000006785558
136,86,Qalpha_keV,5590.243999999948,5590.31,0.06600000005255424
135,87,Sn_keV,5000.17799999984,5000.15,0.027999999840176315
135,87,Sp_keV,5411.900999999838,5411.9,0.00099999983831367
135,87,S2n_keV,11276.067999999737,11276.05,0.01799999973809463
135,87,S2p_keV,12603.76799999969,12603.93,0.16200000030949013
135,87,Qalpha_keV,5825.828000000212,5825.76,0.06800000021212327
134,88,Sn_keV,6713.898999999976,6713.98,0.08100000002377783
134,88,Sp_keV,6246.041999999899,6245.99,0.05199999989963544
134,88,S2n_keV,12091.611999999732,12091.59,0.02199999973163358
134,88,S2p_keV,10869.951999999816,10869.93,0.021999999815307092
134,88,Qalpha_keV,6678.868000000017,6678.82,0.048000000017054845
133,89,Sn_keV,5973.145000000019,5973.03,0.11500000001888111
133,89,Sp_keV,3631.4290000002366,3631.46,0.030999999763480446
133,89,S2n_keV,13265.042000000132,13264.94,0.10200000013173849
133,89,S2p_keV,9439.462000000058,9439.37,0.09200000005694164
133,89,Qalpha_keV,7137.271999999648,7137.36,0.08800000035171252
132,90,Sn_keV,7806.384000000078,7806.35,0.0340000000778673
132,90,Sp_keV,4609.176999999909,4609.12,0.05699999990883953
132,90,S2n_keV,13608.49400000018,13608.62,0.12599999982012378
132,90,S2p_keV,7645.173999999883,7645.16,0.013999999882798875
132,90,Qalpha_keV,8126.933999999892,8126.95,0.01600000010785152
138,85,Sn_keV,5596.351000000257,5596.34,0.011000000256899511
138,85,Sp_keV,6347.155000000028,6347.23,0.07499999997162377
138,85,S2n_keV,9497.290000000037,9497.36,0.06999999996332917
137,86,Sn_keV,4055.5750000001863,4055.61,0.034999999813862814
137,86,Sp_keV,7852.219000000274,7852.26,0.04099999972640944
137,86,S2n_keV,10225.606000000145,10225.59,0.016000000145140802
137,86,S2p_keV,13961.83200000017,13961.96,0.12799999982962618
137,86,Qalpha_keV,5283.453999999678,5283.46,0.006000000322273991
136,87,Sn_keV,6037.083000000101,6037.1,0.01699999989978096
136,87,Sp_keV,5278.9529999999795,5279.02,0.06700000002092565
136,87,S2n_keV,11037.26099999994,11037.26,0.0009999999401770765
136,87,S2p_keV,12976.535999999847,12976.69,0.15400000015324622
136,87,Qalpha_keV,5561.977999999886,5561.87,0.10799999988648779
135,88,Sn_keV,5158.054000000004,5158.09,0.03599999999642023
135,88,Sp_keV,6403.918000000063,6403.92,0.0019999999367428245
135,88,S2n_keV,11871.95299999998,11872.06,0.10700000001997978
135,88,S2p_keV,11815.818999999901,11815.83,0.011000000098647433
135,88,Qalpha_keV,5979.162999999942,5978.99,0.17299999994247628
134,89,Sn_keV,6866.397999999812,6866.37,0.02799999981198198
134,89,Sp_keV,3783.9280000000726,3783.85,0.07800000007273411
134,89,S2n_keV,12839.54299999983,12839.4,0.1429999998308631
134,89,S2p_keV,10029.969999999972,10029.84,0.1299999999719148
134,89,Qalpha_keV,6783.2319999998435,6783.2,0.031999999843719706
133,90,Sn_keV,5888.642999999924,5888.52,0.12299999992319499
133,90,Sp_keV,4524.674999999814,4524.6,0.07499999981337169
133,90,S2n_keV,13695.027000000002,13694.87,0.1570000000010623
133,90,S2p_keV,8156.10400000005,8156.06,0.04400000004989124
133,90,Qalpha_keV,7566.550999999978,7566.63,0.07900000002246088
132,91,Sp_keV,2171.2330000000075,2171.26,0.026999999992767698
132,91,S2n_keV,14197.8330000001,14197.98,0.1469999998989806
132,91,S2p_keV,6780.409999999916,6780.37,0.03999999991629011
132,91,Qalpha_keV,8326.365999999689,8326.28,0.08599999968828342
131,92,S2p_keV,5677.507999999914,5677.41,0.09799999991446384
131,92,Qalpha_keV,8940.923999999883,8940.9,0.023999999883017153
139,85,Sn_keV,3788.374999999767,3788.31,0.06499999976722393
139,85,S2n_keV,9384.726000000024,9384.65,0.07600000002457818
138,86,Sn_keV,6016.090999999782,6015.96,0.13099999978203414
138,86,Sp_keV,8271.958999999799,8271.88,0.07899999979963468
138,86,S2n_keV,10071.665999999968,10071.57,0.09599999996862607
138,86,S2p_keV,14619.113999999827,14619.11,0.0039999998261919245
138,86,Qalpha_keV,4756.716000000015,4756.72,0.003999999985353497
137,87,Sn_keV,4660.328999999911,4660.2,0.12899999991077493
137,87,Sp_keV,5883.706999999704,5883.61,0.09699999970416684
137,87,S2n_keV,10697.412000000011,10697.3,0.11200000001190347
137,87,S2p_keV,13735.925999999978,13735.87,0.0559999999768479
137,87,Qalpha_keV,4994.480000000214,4994.43,0.050000000213913154
136,88,Sn_keV,6478.838000000222,6478.8,0.038000000221472874
136,88,Sp_keV,6845.673000000184,6845.62,0.05300000018451101
136,88,S2n_keV,11636.892000000225,11636.88,0.012000000226180418
136,88,S2p_keV,12124.626000000164,12124.64,0.01399999983550515
136,88,Qalpha_keV,5788.815999999875,5788.85,0.03400000012516102
135,89,Sn_keV,5662.915999999968,5663.02,0.10400000003210152
135,89,Sp_keV,4288.790000000037,4288.78,0.010000000037507562
135,89,S2n_keV,12529.31399999978,12529.39,0.07600000021921005
135,89,S2p_keV,10692.7080000001,10692.71,0.001999999898544047
135,89,Qalpha_keV,6326.884000000078,6326.9,0.015999999921405106
134,90,Sn_keV,7463.4550000000745,7463.49,0.034999999925275915
134,90,Sp_keV,5121.732000000076,5121.72,0.012000000076113793
134,90,S2n_keV,13352.097999999998,13352.01,0.08799999999791908
134,90,S2p_keV,8905.660000000149,8905.57,0.09000000014930265
134,90,Qalpha_keV,7298.388000000035,7298.49,0.10199999996439146
133,91,Sn_keV,6529.7289999998175,6529.69,0.03899999981786095
133,91,Sp_keV,2812.3189999999013,2812.43,0.11100000009855648
133,91,S2p_keV,7336.993999999715,7337.04,0.04600000028494833
133,91,Qalpha_keV,7693.624000000069,7693.68,0.05599999993137317
132,92,Sn_keV,8196.04600000009,8196.16,0.11399999991044751
132,92,Sp_keV,3895.936999999918,3895.96,0.023000000081992766
132,92,S2p_keV,6067.1699999999255,6067.21,0.040000000074542186
132,92,Qalpha_keV,8619.99599999981,8619.82,0.17599999981030123
139,86,Sn_keV,3982.101000000024,3982.27,0.16899999997576742
139,86,Sp_keV,8465.685000000056,8465.84,0.15499999994426616
139,86,S2n_keV,9998.191999999806,9998.23,0.03800000019327854
139,86,Qalpha_keV,4335.63599999994,4335.47,0.1659999999401407
138,87,Sn_keV,6045.660000000149,6045.61,0.05000000014933903
138,87,Sp_keV,5913.276000000071,5913.27,0.006000000070343958
138,87,S2n_keV,10705.98900000006,10705.81,0.17900000006011396
138,87,S2p_keV,14185.23499999987,14185.15,0.08499999986997864
138,87,Qalpha_keV,4613.135000000009,4613.16,0.024999999990541255
137,88,Sn_keV,4904.315999999875,4904.34,0.024000000124942744
137,88,Sp_keV,7089.660000000149,7089.76,0.09999999985120667
137,88,S2n_keV,11383.154000000097,11383.14,0.014000000097439624
137,88,S2p_keV,12973.366999999853,12973.38,0.013000000146348611
137,88,Qalpha_keV,5096.686999999918,5096.69,0.003000000081556209
136,89,Sn_keV,6667.764000000199,6667.72,0.04400000019904837
136,89,Sp_keV,4477.716000000015,4477.7,0.01600000001508306
136,89,S2n_keV,12330.680000000168,12330.74,0.05999999983214366
136,89,S2p_keV,11323.3890000002,11323.33,0.05900000019937579
136,89,Qalpha_keV,5935.0099999997765,5935.08,0.07000000022344466
135,90,Sn_keV,5754.772999999812,5754.71,0.06299999981183646
135,90,Sp_keV,5213.58899999992,5213.42,0.1689999999198335
135,90,S2n_keV,13218.227999999886,13218.2,0.02799999988565105
135,90,S2p_keV,9502.378999999957,9502.2,0.17899999995643157
135,90,Qalpha_keV,6921.3279999999795,6921.4,0.0720000000201253
134,91,Sn_keV,7593.184000000125,7593.09,0.0940000001246517
134,91,Sp_keV,2942.0479999999516,2942.04,0.007999999951607606
134,91,S2n_keV,14122.912999999942,14122.79,0.12299999994138489
134,91,S2p_keV,8063.780000000028,8063.76,0.0200000000277214
134,91,Qalpha_keV,7392.337000000058,7392.5,0.162999999942258
133,92,Sn_keV,6407.601000000024,6407.49,0.11100000002443267
133,92,Sp_keV,3773.809000000125,3773.76,0.049000000124578946
133,92,S2n_keV,14603.647000000114,14603.65,0.002999999886014848
133,92,S2p_keV,6586.128000000026,6586.19,0.06199999997352279
133,92,Qalpha_keV,8014.504999999888,8014.6,0.0950000001121225
132,93,Sp_keV,1415.3009999999776,1415.22,0.08099999997762097
132,93,S2p_keV,5311.237999999896,5311.18,0.05799999989540083
132,93,Qalpha_keV,8786.58899999992,8786.5,0.08899999991990626
140,86,Sn_keV,5858.334999999963,5858.27,0.06499999996231054
140,86,S2n_keV,9840.435999999987,9840.54,0.10400000001391163
140,86,Qalpha_keV,3836.1100000001024,3836.01,0.1000000001022272
139,87,Sn_keV,4351.361999999965,4351.57,0.20800000003509922
139,87,Sp_keV,6282.537000000011,6282.56,0.022999999989224307
139,87,S2n_keV,10397.022000000114,10397.18,0.15799999988666968
139,87,S2p_keV,14748.222000000067,14748.4,0.17799999993258098
139,87,Qalpha_keV,4162.711999999825,4162.61,0.10199999982523877
138,88,Sn_keV,6396.10400000005,6396.05,0.05400000005010952
138,88,Sp_keV,7440.10400000005,7440.2,0.09599999994952668
138,88,S2n_keV,11300.419999999925,11300.39,0.02999999992607627
138,88,S2p_keV,13353.380000000121,13353.47,0.08999999987827323
138,88,Qalpha_keV,4870.613999999827,4870.62,0.0060000001731168595
137,89,Sn_keV,5399.3559999999125,5399.42,0.06400000008761708
137,89,Sp_keV,4972.756000000052,4972.79,0.033999999947809556
137,89,S2n_keV,12067.120000000112,12067.14,0.019999999887659214
137,89,S2p_keV,12062.416000000201,12062.55,0.13399999979810673
137,89,Qalpha_keV,5535.831999999704,5535.81,0.021999999703439244
136,90,Sn_keV,7184.395000000019,7184.52,0.1249999999818101
136,90,Sp_keV,5730.219999999739,5730.21,0.0099999997391933
136,90,S2n_keV,12939.16799999983,12939.23,0.06200000016906415
136,90,S2p_keV,10207.935999999754,10207.92,0.01599999975405808
136,90,Qalpha_keV,6450.831999999937,6450.86,0.028000000063002517
135,91,Sn_keV,6378.634000000078,6378.72,0.08599999992202356
135,91,Sp_keV,3565.909000000218,3566.05,0.14099999978225242
135,91,S2n_keV,13971.818000000203,13971.82,0.0019999997966806404
135,91,S2p_keV,8779.498000000138,8779.47,0.028000000138490577
135,91,Qalpha_keV,6986.847999999998,6986.81,0.03799999999773718
134,92,Sn_keV,8119.939000000013,8119.99,0.050999999986743205
134,92,Sp_keV,4300.564000000013,4300.65,0.08599999998659769
134,92,S2n_keV,14527.540000000037,14527.48,0.06000000003768946
134,92,S2p_keV,7242.611999999965,7242.69,0.07800000003499008
134,92,Qalpha_keV,7700.949999999953,7700.96,0.010000000046602509
141,86,Sn_keV,3932.690000000177,3932.68,0.010000000177114998
141,86,S2n_keV,9791.02500000014,9790.94,0.08500000013918907
140,87,Sn_keV,5926.26500000013,5926.09,0.17500000013023964
140,87,Sp_keV,6350.467000000179,6350.38,0.0870000001787048
140,87,S2n_keV,10277.627000000095,10277.65,0.0229999999046413
140,87,Qalpha_keV,3832.7979999999516,3832.86,0.0620000000485561
139,88,Sn_keV,4561.3610000000335,4561.43,0.06899999996676343
139,88,Sp_keV,7650.103000000119,7650.06,0.04300000011880911
139,88,S2n_keV,10957.465000000084,10957.48,0.01499999991574441
139,88,S2p_keV,13932.64000000013,13932.62,0.020000000129584805
139,88,Qalpha_keV,4364.8279999999795,4364.8,0.027999999979329004
138,89,Sn_keV,6530.871000000043,6530.72,0.15100000004258618
138,89,Sp_keV,5107.523000000045,5107.46,0.0630000000446671
138,89,S2n_keV,11930.226999999955,11930.14,0.08699999995587859
138,89,S2p_keV,12547.627000000095,12547.66,0.03299999990485958
138,89,Qalpha_keV,5042.043999999762,5042.19,0.1460000002380184
137,90,Sn_keV,5462.257000000216,5462.35,0.09299999978429696
137,90,Sp_keV,5793.121000000043,5793.14,0.01899999995748658
137,90,S2n_keV,12646.652000000235,12646.86,0.2079999997658888
137,90,S2p_keV,10765.877000000095,10765.92,0.04299999990507786
137,90,Qalpha_keV,6146.628999999724,6146.6,0.02899999972396472
136,91,Sn_keV,7272.915000000037,7272.78,0.13500000003750756
136,91,Sp_keV,3654.4290000002366,3654.31,0.1190000002366105
136,91,S2n_keV,13651.549000000115,13651.5,0.049000000115484
136,91,S2p_keV,9384.648999999976,9384.52,0.12899999997534906
136,91,Qalpha_keV,6580.330999999773,6580.4,0.06900000022687891
135,92,Sn_keV,6378.19299999997,6378.17,0.022999999970124918
135,92,Sp_keV,4300.122999999905,4300.09,0.03299999990485958
135,92,S2n_keV,14498.131999999983,14498.15,0.01800000001640001
135,92,S2p_keV,7866.032000000123,7866.15,0.11799999987670162
135,92,Qalpha_keV,7211.399999999907,7211.31,0.08999999990646756
134,93,Sp_keV,2055.886000000173,2055.81,0.07600000017328057
134,93,S2n_keV,15168.125000000233,15168.07,0.05500000023312168
134,93,S2p_keV,6356.450000000186,6356.46,0.009999999813771865
134,93,Qalpha_keV,7816.296999999788,7816.41,0.11300000021219603
142,86,Sn_keV,5713.709999999963,5713.69,0.019999999963147275
142,86,S2n_keV,9646.40000000014,9646.36,0.04000000013911631
141,87,Sn_keV,4388.053000000073,4388.03,0.02300000007289782
141,87,Sp_keV,6805.8300000000745,6805.73,0.10000000007494236
141,87,S2n_keV,10314.318000000203,10314.11,0.20800000020244624
141,87,Qalpha_keV,3233.119999999646,3233.14,0.02000000035377525
140,88,Sn_keV,6308.566999999806,6308.58,0.013000000193642336
140,88,Sp_keV,8032.404999999795,8032.56,0.15500000020529114
140,88,S2n_keV,10869.92799999984,10870.01,0.08200000016040576
140,88,S2p_keV,14382.871999999974,14382.94,0.06800000002658635
140,88,Qalpha_keV,4072.3519999999553,4072.18,0.17199999995546023
139,89,Sn_keV,5025.965000000084,5026.02,0.054999999916617526
139,89,Sp_keV,5572.127000000095,5572.04,0.08700000009503128
139,89,S2n_keV,11556.836000000127,11556.74,0.09600000012687815
139,89,S2p_keV,13222.230000000214,13222.11,0.12000000021362212
139,89,Qalpha_keV,4676.407999999588,4676.37,0.03799999958846456
138,90,Sn_keV,7105.494999999879,7105.32,0.1749999998792191
138,90,Sp_keV,6367.744999999879,6367.73,0.014999999879364623
138,90,S2n_keV,12567.752000000095,12567.66,0.09200000009514042
138,90,S2p_keV,11475.267999999924,11475.19,0.07799999992312223
138,90,Qalpha_keV,5519.972000000067,5520.08,0.10799999993287202
137,91,Sn_keV,5978.73499999987,5978.88,0.1450000001304943
137,91,Sp_keV,4170.90699999989,4170.84,0.06699999988995842
137,91,S2n_keV,13251.649999999907,13251.66,0.010000000092986738
137,91,S2p_keV,9964.027999999933,9963.98,0.04799999993338133
137,91,Qalpha_keV,6264.5119999998715,6264.54,0.028000000128486136
136,92,Sn_keV,7871.263000000035,7871.31,0.04699999996500992
136,92,Sp_keV,4898.470999999903,4898.63,0.1590000000969667
136,92,S2n_keV,14249.456000000006,14249.47,0.013999999993757228
136,92,S2p_keV,8552.90000000014,8552.94,0.03999999986081093
136,92,Qalpha_keV,6803.591999999946,6803.5,0.09199999994598329
135,93,Sn_keV,7037.577999999747,7037.6,0.022000000253683538
135,93,Sp_keV,2715.2709999999497,2715.25,0.02099999994970858
135,93,S2p_keV,7015.393999999855,7015.34,0.05399999985456816
135,93,Qalpha_keV,7308.447999999858,7308.5,0.05200000014156103
134,94,Sp_keV,3772.162000000011,3772.24,0.07799999998860585
134,94,S2p_keV,5828.048000000184,5828.05,0.001999999815780029
134,94,Qalpha_keV,7940.0719999996945,7940.12,0.048000000305364665
143,86,Sn_keV,3952.378000000026,3952.38,0.0019999999740321073
143,86,S2n_keV,9666.087999999989,9666.07,0.017999999989115167
142,87,Sn_keV,5766.038999999873,5766.03,0.008999999873594788
142,87,Sp_keV,6858.158999999985,6858.08,0.0789999999851716
142,87,S2n_keV,10154.091999999946,10154.06,0.03199999994649261
141,88,Sn_keV,4465.043999999994,4465.01,0.033999999994193786
141,88,Sp_keV,8109.395999999717,8109.54,0.14400000028308568
141,88,S2n_keV,10773.6109999998,10773.58,0.03099999980076973
141,88,S2p_keV,14915.225999999791,14915.27,0.044000000209052814
141,88,Qalpha_keV,3589.408999999985,3589.45,0.04100000001471926
140,89,Sn_keV,6269.539999999804,6269.49,0.04999999980464054
140,89,Sp_keV,5533.100000000093,5532.96,0.14000000009309588
140,89,S2n_keV,11295.504999999888,11295.51,0.005000000111976988
140,89,S2p_keV,13565.504999999888,13565.51,0.005000000111976988
140,89,Qalpha_keV,4452.527999999933,4452.49,0.03799999993316305
139,90,Sn_keV,5256.833000000101,5256.86,0.026999999899089744
139,90,Sp_keV,6598.612999999896,6598.58,0.03299999989576463
139,90,S2n_keV,12362.32799999998,12362.18,0.14799999997921987
139,90,S2p_keV,12170.73999999999,12170.62,0.11999999998988642
139,90,Qalpha_keV,5167.454999999842,5167.56,0.10500000015872502
138,91,Sn_keV,7097.4880000001285,7097.38,0.10800000012841338
138,91,Sp_keV,4162.90000000014,4162.91,0.009999999860156095
138,91,S2n_keV,13076.222999999998,13076.26,0.037000000002080924
138,91,S2p_keV,10530.645000000019,10530.64,0.005000000019208528
138,91,Qalpha_keV,5834.787999999942,5834.87,0.08200000005763286
137,92,Sn_keV,6082.860000000102,6082.77,0.09000000010200893
137,92,Sp_keV,5002.596000000136,5002.52,0.07600000013553654
137,92,S2n_keV,13954.123000000138,13954.08,0.0430000001379085
137,92,S2p_keV,9173.503000000026,9173.36,0.14300000002549496
137,92,Qalpha_keV,6475.504999999655,6475.43,0.07499999965511961
136,93,Sn_keV,7887.437000000151,7887.56,0.12299999984952592
136,93,Sp_keV,2731.445000000065,2731.5,0.05499999993480742
136,93,S2n_keV,14925.014999999898,14925.16,0.14500000010229996
136,93,S2p_keV,7629.915999999968,7630.12,0.20400000003155583
136,93,Qalpha_keV,7014.194999999832,7014.03,0.1649999998326166
135,94,Sn_keV,6756.968999999808,6756.86,0.10899999980847497
135,94,Sp_keV,3491.5530000000726,3491.5,0.05300000007264316
135,94,S2p_keV,6206.824000000022,6206.75,0.07400000002235174
135,94,Qalpha_keV,7590.703999999911,7590.75,0.04600000008940697
143,87,Sn_keV,4235.01099999994,4235.1,0.08900000005996844
143,87,Sp_keV,7140.791999999899,7140.8,0.008000000100764737
143,87,S2n_keV,10001.049999999814,10001.13,0.08000000018546416
142,88,Sn_keV,6103.6440000000875,6103.52,0.12400000008710776
142,88,Sp_keV,8447.000999999931,8447.02,0.019000000069354428
142,88,S2n_keV,10568.688000000082,10568.52,0.16800000008151983
142,88,S2p_keV,15305.159999999916,15305.1,0.05999999991581717
142,88,Qalpha_keV,3344.0999999998603,3344.2,0.10000000013951649
141,89,Sn_keV,4931.168000000063,4931.14,0.028000000063002517
141,89,Sp_keV,5999.224000000162,5999.1,0.12400000016168633
141,89,S2n_keV,11200.707999999868,11200.64,0.06799999986833427
141,89,S2p_keV,14108.619999999879,14108.63,0.01000000012027158
141,89,Qalpha_keV,3872.721999999834,3872.92,0.19800000016584818
140,90,Sn_keV,6793.764999999898,6793.85,0.08500000010280928
140,90,Sp_keV,7122.837999999989,7122.94,0.1020000000107757
140,90,S2n_keV,12050.597999999998,12050.71,0.11200000000098953
140,90,S2p_keV,12655.938000000082,12655.89,0.04800000008253846
140,90,Qalpha_keV,4769.793999999994,4769.76,0.033999999994193786
139,91,Sn_keV,5794.928000000073,5794.92,0.008000000072570401
139,91,Sp_keV,4700.995000000112,4700.97,0.02500000011150405
139,91,S2n_keV,12892.416000000201,12892.3,0.11600000020189327
139,91,S2p_keV,11299.608000000007,11299.55,0.058000000008178176
139,91,Qalpha_keV,5439.215999999782,5439.38,0.16400000021803862
138,92,Sn_keV,7667.179999999702,7667.22,0.04000000029827788
138,92,Sp_keV,5572.287999999709,5572.36,0.07200000029024523
138,92,S2n_keV,13750.039999999804,13749.99,0.04999999980464054
138,92,S2p_keV,9735.18799999985,9735.27,0.08200000015131081
138,92,Qalpha_keV,5992.719999999972,5992.73,0.01000000002750312
137,93,Sn_keV,6614.784999999916,6614.66,0.12499999991632649
137,93,Sp_keV,3263.369999999879,3263.38,0.010000000121181074
137,93,S2n_keV,14502.222000000067,14502.22,0.0020000000677100616
137,93,S2p_keV,8265.966000000015,8265.9,0.06600000001526496
137,93,Qalpha_keV,6778.043999999994,6778.1,0.05600000000595173
136,94,Sn_keV,8530.809000000125,8530.85,0.04099999987556657
136,94,Sp_keV,4134.925000000047,4134.8,0.12500000004638423
136,94,S2n_keV,15287.777999999933,15287.72,0.05799999993359961
136,94,S2p_keV,6866.370000000112,6866.3,0.07000000011157681
136,94,Qalpha_keV,7179.833999999799,7179.89,0.056000000201493094
144,87,Sn_keV,5517.439999999944,5517.49,0.050000000055661076
144,87,S2n_keV,9752.450999999885,9752.59,0.13900000011562952
143,88,Sn_keV,4371.0510000002105,4371.14,0.08899999978984852
143,88,Sp_keV,8583.041000000201,8583.06,0.018999999798325007
143,88,S2n_keV,10474.695000000298,10474.66,0.03500000029816874
143,88,S2p_keV,15723.8330000001,15723.86,0.02699999989999924
143,88,Qalpha_keV,2905.738999999827,2905.74,0.0010000001730077202
142,89,Sn_keV,6146.756000000052,6146.85,0.09399999994820973
142,89,Sp_keV,6042.336000000127,6042.43,0.09399999987363117
142,89,S2n_keV,11077.924000000115,11077.99,0.06599999988429772
142,89,S2p_keV,14489.337000000058,14489.45,0.1129999999429856
142,89,Qalpha_keV,3652.2309999999125,3652.15,0.08099999991236473
141,90,Sn_keV,5118.171000000089,5118.02,0.1510000000889704
141,90,Sp_keV,7309.841000000015,7309.81,0.031000000014500984
141,90,S2n_keV,11911.935999999987,11911.87,0.06599999998616113
141,90,S2p_keV,13309.065000000177,13308.91,0.1550000001770968
141,90,Qalpha_keV,4212.9839999999385,4213.17,0.18600000006154005
140,91,Sn_keV,6820.088999999687,6820.14,0.0510000003132518
140,91,Sp_keV,4727.318999999901,4727.26,0.05899999990106153
140,91,S2n_keV,12615.01699999976,12615.06,0.04300000023977191
140,91,S2p_keV,11850.15699999989,11850.19,0.03300000011040538
140,91,Qalpha_keV,5149.998000000138,5149.96,0.03800000013779936
139,92,Sn_keV,5878.720000000205,5878.8,0.07999999979529093
139,92,Sp_keV,5656.079999999842,5656.23,0.15000000015788828
139,92,S2n_keV,13545.899999999907,13546.02,0.12000000009356881
139,92,S2p_keV,10357.074999999953,10357.2,0.12500000004729372
139,92,Qalpha_keV,5576.256999999983,5576.28,0.023000000016509148
138,93,Sn_keV,7682.393999999855,7682.48,0.08600000014484976
138,93,Sp_keV,3278.5840000000317,3278.64,0.0559999999682077
138,93,S2n_keV,14297.17899999977,14297.14,0.03899999977147672
138,93,S2p_keV,8850.871999999741,8851.0,0.12800000025890768
138,93,Qalpha_keV,6368.565000000177,6368.4,0.1650000001773151
137,94,Sn_keV,6719.429999999935,6719.51,0.08000000006541086
137,94,Sp_keV,4239.570000000065,4239.65,0.07999999993444362
137,94,S2n_keV,15250.23900000006,15250.36,0.12099999994097743
137,94,S2p_keV,7502.939999999944,7503.03,0.0900000000556247
137,94,Qalpha_keV,6838.596999999834,6838.55,0.04699999983404268
144,88,Sn_keV,5790.816999999806,5790.85,0.03300000019407889
144,88,Sp_keV,8856.418000000063,8856.42,0.0019999999367428245
144,88,S2n_keV,10161.868000000017,10161.99,0.12199999998301791
144,88,Qalpha_keV,2828.6319999999832,2828.57,0.061999999983072485
143,89,Sn_keV,4679.811999999918,4679.75,0.06199999991804361
143,89,Sp_keV,6351.096999999834,6351.04,0.05699999983426096
143,89,S2n_keV,10826.56799999997,10826.6,0.03200000003016612
143,89,S2p_keV,14934.138000000035,14934.1,0.03800000003502646
143,89,Qalpha_keV,3360.472000000067,3360.43,0.042000000067218934
142,90,Sn_keV,6439.926999999909,6440.15,0.22300000009090581
142,90,Sp_keV,7603.0119999998715,7603.11,0.0980000001281951
142,90,S2n_keV,11558.097999999998,11558.17,0.0720000000019354
142,90,S2p_keV,13645.347999999998,13645.54,0.19200000000273576
142,90,Qalpha_keV,4081.623999999836,4081.6,0.023999999836178176
141,91,Sn_keV,5549.211000000127,5549.3,0.08899999987352203
141,91,Sp_keV,5158.3589999999385,5158.54,0.1810000000614309
141,91,S2n_keV,12369.299999999814,12369.44,0.14000000018677383
141,91,S2p_keV,12468.199999999953,12468.35,0.15000000004692993
141,91,Qalpha_keV,4626.752000000095,4626.67,0.08200000009492214
140,92,Sn_keV,7267.931999999797,7267.96,0.0280000002030647
140,92,Sp_keV,6103.922999999952,6104.06,0.13700000004882895
140,92,S2n_keV,13146.652000000002,13146.76,0.10799999999835563
140,92,S2p_keV,10831.241999999853,10831.32,0.07800000014685793
140,92,Qalpha_keV,5413.820000000065,5413.63,0.19000000006508344
138,94,Sn_keV,7993.915999999968,7993.94,0.02400000003126479
138,94,Sp_keV,4551.092000000179,4551.11,0.017999999820858648
138,94,S2n_keV,14713.345999999903,14713.44,0.09400000009736686
138,94,S2p_keV,7829.6760000002105,7829.75,0.0739999997895211
138,94,Qalpha_keV,6715.943999999901,6715.92,0.023999999901207048
145,88,Sn_keV,4245.973999999929,4245.92,0.053999999929146725
145,88,S2n_keV,10036.790999999736,10036.77,0.02099999973506783
145,88,Qalpha_keV,2535.03600000008,2535.03,0.006000000079893653
144,89,Sn_keV,5917.601000000024,5917.7,0.09899999997560371
144,89,Sp_keV,6477.881000000052,6477.89,0.008999999948173354
144,89,S2n_keV,10597.412999999942,10597.45,0.037000000058469595
144,89,S2p_keV,15334.299000000115,15334.31,0.010999999884006684
144,89,Qalpha_keV,3208.909999999916,3208.76,0.1499999999159627
143,90,Sn_keV,4786.404000000097,4786.39,0.01400000009653013
143,90,Sp_keV,7709.60400000005,7709.75,0.14599999994970858
143,90,S2n_keV,11226.331000000006,11226.54,0.20899999999528518
143,90,S2p_keV,14060.700999999885,14060.78,0.07900000011613884
143,90,Qalpha_keV,3760.2639999997336,3760.22,0.04399999973384183
142,91,Sn_keV,6529.311999999918,6529.24,0.07199999991826189
142,91,Sp_keV,5247.743999999948,5247.64,0.10399999994751852
142,91,S2n_keV,12078.523000000045,12078.55,0.02699999995456892
142,91,S2p_keV,12850.75599999982,12850.74,0.0159999998195417
142,91,Qalpha_keV,4366.979999999981,4366.92,0.05999999998130079
141,92,Sn_keV,5762.104000000283,5761.93,0.17400000028283102
141,92,Sp_keV,6316.816000000108,6316.69,0.1260000001084336
141,92,S2n_keV,13030.03600000008,13029.89,0.14600000008067582
141,92,S2p_keV,11475.175000000047,11475.23,0.054999999952997314
141,92,Qalpha_keV,4908.548999999883,4908.56,0.011000000117746822
140,93,Sp_keV,3950.063000000315,3949.85,0.21300000031487798
140,93,S2n_keV,13818.131000000285,13817.98,0.15100000028542127
140,93,S2p_keV,10053.986000000266,10053.91,0.07600000026650378
140,93,Qalpha_keV,5626.65699999989,5626.69,0.033000000109495886
139,94,Sn_keV,6382.499000000069,6382.39,0.10900000006859045
139,94,S2n_keV,14376.415000000037,14376.33,0.08500000003732566
139,94,S2p_keV,8333.455000000075,8333.34,0.11500000007436029
139,94,Qalpha_keV,6416.304999999935,6416.3,0.004999999934625521
137,96,S2p_keV,5571.810999999754,5571.8,0.010999999753948941
137,96,Qalpha_keV,7473.610000000102,7473.5,0.11000000010244548
146,88,Sn_keV,5500.440000000177,5500.39,0.05000000017662387
146,88,S2n_keV,9746.414000000106,9746.32,0.09400000010646181
145,89,Sn_keV,4538.216999999946,4538.16,0.05699999994612881
145,89,Sp_keV,6770.124000000069,6770.13,0.005999999931191269
145,89,S2n_keV,10455.81799999997,10455.86,0.0420000000303844
145,89,Qalpha_keV,2905.7039999999106,2905.7,0.003999999910774932
144,90,Sn_keV,6190.693999999901,6190.51,0.18399999990106153
144,90,Sp_keV,7982.696999999927,7982.55,0.14699999992717494
144,90,S2n_keV,10977.097999999998,10976.9,0.19799999999850115
144,90,S2p_keV,14460.57799999998,14460.45,0.1279999999787833
144,90,Qalpha_keV,3673.21399999992,3673.23,0.01600000008011193
143,91,Sn_keV,5221.1059999999125,5221.0,0.10599999991245568
143,91,Sp_keV,5682.445999999763,5682.25,0.19599999976344407
143,91,S2n_keV,11750.41799999983,11750.25,0.1679999998304993
143,91,S2p_keV,13392.049999999814,13392.0,0.049999999813735485
143,91,Qalpha_keV,4077.0420000001322,4077.06,0.017999999867697625
142,92,Sn_keV,6844.621999999974,6844.74,0.11800000002585875
142,92,Sp_keV,6632.126000000164,6632.19,0.06399999983568705
142,92,S2n_keV,12606.726000000257,12606.67,0.05600000025697227
142,92,S2p_keV,11879.870000000112,11879.83,0.04000000011183147
142,92,Qalpha_keV,4857.691999999806,4857.67,0.021999999806212145
141,93,Sn_keV,6064.644999999786,6064.63,0.014999999785686668
141,93,Sp_keV,4252.6039999998175,4252.55,0.053999999817278876
141,93,S2p_keV,10569.419999999925,10569.24,0.17999999992571247
141,93,Qalpha_keV,5356.940000000177,5356.98,0.03999999982261215
140,94,Sn_keV,7773.568999999901,7773.54,0.028999999901316187
140,94,Sp_keV,4889.028999999864,4889.07,0.04100000013568206
140,94,S2n_keV,14156.06799999997,14155.94,0.12799999996968836
140,94,S2p_keV,8839.092000000179,8838.92,0.17200000017874117
140,94,Qalpha_keV,6309.9159999997355,6309.97,0.05400000026475027
138,96,Sn_keV,8639.255000000121,8639.31,0.05499999987841875
138,96,S2p_keV,6217.149999999907,6217.17,0.020000000093205017
138,96,Qalpha_keV,7365.164000000106,7365.04,0.12400000010620715
146,89,Sn_keV,5555.253999999957,5555.35,0.09600000004320464
146,89,Sp_keV,6824.937999999849,6825.09,0.15200000015101978
146,89,S2n_keV,10093.470999999903,10093.51,0.039000000097075826
146,89,Qalpha_keV,2867.8899999998976,2867.83,0.059999999897627276
145,90,Sn_keV,4667.809000000125,4668.02,0.21099999987563933
145,90,Sp_keV,8112.289000000106,8112.41,0.12099999989368371
145,90,S2n_keV,10858.503000000026,10858.53,0.026999999974577804
145,90,S2p_keV,14882.413000000175,14882.54,0.12699999982578447
145,90,Qalpha_keV,3376.4560000000056,3376.35,0.10600000000567888
144,91,Sn_keV,6122.637000000104,6122.78,0.1429999998954372
144,91,Sp_keV,5614.3889999999665,5614.52,0.13100000003396417
144,91,S2n_keV,11343.743000000017,11343.78,0.03699999998389103
144,91,S2p_keV,13597.085999999894,13597.08,0.005999999893901986
144,91,Qalpha_keV,4101.16100000008,4101.13,0.031000000079984602
143,92,Sn_keV,5297.471999999834,5297.49,0.01800000016555714
143,92,Sp_keV,6708.492000000086,6708.68,0.18799999991460936
143,92,S2n_keV,12142.093999999808,12142.23,0.1360000001914159
143,92,S2p_keV,12390.93799999985,12390.93,0.007999999848834705
143,92,Qalpha_keV,4678.3910000000615,4678.19,0.20100000006186747
142,93,Sn_keV,6983.094999999972,6983.12,0.025000000027830538
142,93,Sp_keV,4391.076999999816,4390.92,0.15699999981552537
142,93,S2n_keV,13047.739999999758,13047.75,0.01000000024214387
142,93,S2p_keV,11023.20299999998,11023.11,0.09299999997892883
142,93,Qalpha_keV,5193.933999999892,5194.0,0.06600000010803342
141,94,Sn_keV,6237.350999999791,6237.37,0.019000000208507117
141,94,Sp_keV,5061.73499999987,5061.82,0.08500000013009412
141,94,S2n_keV,14010.919999999693,14010.92,3.0740920919924974e-10
141,94,S2p_keV,9314.338999999687,9314.37,0.03100000031372474
141,94,Qalpha_keV,5951.285000000149,5951.4,0.11499999985062459
140,95,Sp_keV,3012.4459999999963,3012.61,0.16400000000385262
140,95,S2p_keV,7901.47499999986,7901.68,0.20500000013998942
140,95,Qalpha_keV,6576.053999999771,6576.0,0.05399999977089465
147,89,Sn_keV,4207.6720000000205,4207.48,0.19200000002092565
147,89,S2n_keV,9762.925999999978,9762.83,0.09599999997772102
146,90,Sn_keV,5833.972999999765,5833.87,0.10299999976541585
146,90,Sp_keV,8391.007999999914,8390.93,0.07799999991402728
146,90,S2n_keV,10501.78199999989,10501.89,0.10800000010931399
146,90,S2p_keV,15215.945999999763,15216.01,0.06400000023677421
146,90,Qalpha_keV,3333.3000000000466,3333.33,0.02999999995336111
145,91,Sn_keV,5026.397000000114,5026.26,0.13700000011340308
145,91,Sp_keV,5972.976999999955,5972.77,0.20699999995485996
145,91,S2n_keV,11149.034000000218,11149.05,0.015999999781342922
145,91,S2p_keV,14085.266000000061,14085.18,0.08600000006117625
145,91,Qalpha_keV,3754.5759999998845,3754.62,0.04400000011537486
144,92,Sn_keV,6545.425999999978,6545.46,0.03400000002238812
144,92,Sp_keV,7131.280999999959,7131.35,0.06900000004134199
144,92,S2n_keV,11842.897999999812,11842.95,0.052000000188854756
144,92,S2p_keV,12745.669999999925,12745.88,0.21000000007370545
144,92,Qalpha_keV,4572.891999999993,4572.89,0.0019999999922220013
143,93,Sn_keV,5736.573000000091,5736.75,0.1769999999087304
143,93,Sp_keV,4830.178000000073,4830.19,0.011999999926956662
143,93,S2n_keV,12719.668000000063,12719.87,0.20199999993747042
143,93,S2p_keV,11538.670000000158,11538.86,0.18999999984225724
143,93,Qalpha_keV,5006.571999999927,5006.55,0.02199999992717494
142,94,Sn_keV,7352.313000000082,7352.29,0.023000000081992766
142,94,Sp_keV,5430.9529999999795,5430.99,0.03700000002027082
142,94,S2n_keV,13589.663999999873,13589.67,0.00600000012673263
142,94,S2p_keV,9822.029999999795,9821.92,0.10999999979503627
142,94,Qalpha_keV,5866.903999999864,5867.07,0.16600000013568206
140,96,Sp_keV,4060.314000000013,4060.2,0.11400000001322041
140,96,S2n_keV,15011.678000000073,15011.58,0.09800000007271592
140,96,S2p_keV,7072.760000000009,7072.81,0.04999999999108695
140,96,Qalpha_keV,7066.831999999937,7066.91,0.07800000006318442
147,90,Sn_keV,4371.543000000296,4371.42,0.12300000029608782
147,90,Sp_keV,8554.87900000019,8554.87,0.00900000018918945
147,90,S2n_keV,10205.516000000061,10205.29,0.22600000006059418
147,90,Qalpha_keV,3207.7309999996796,3207.83,0.0990000003203022
146,91,Sn_keV,5877.555999999866,5877.65,0.09400000013374665
146,91,Sp_keV,6016.560000000056,6016.55,0.010000000055697456
146,91,S2n_keV,10903.95299999998,10903.91,0.04299999997965642
146,91,S2p_keV,14407.56799999997,14407.48,0.08799999997063424
146,91,Qalpha_keV,3794.621000000043,3794.67,0.04899999995723192
145,92,Sn_keV,5125.942000000039,5125.78,0.1620000000393702
145,92,Sp_keV,7230.8259999998845,7230.87,0.04400000011537486
145,92,S2n_keV,11671.368000000017,11671.23,0.13800000001720036
145,92,S2p_keV,13203.80299999984,13203.63,0.17299999984061287
145,92,Qalpha_keV,4233.35400000005,4233.5,0.14599999994970858
144,93,Sn_keV,6577.408999999985,6577.29,0.11899999998513522
144,93,Sp_keV,4862.16100000008,4862.02,0.14100000007965718
144,93,S2n_keV,12313.982000000076,12314.04,0.057999999924504664
144,93,S2p_keV,11993.44200000004,11993.37,0.07200000003831519
144,93,Qalpha_keV,4958.47499999986,4958.5,0.025000000139698386
143,94,Sn_keV,5880.756000000285,5880.7,0.05600000028516661
143,94,Sp_keV,5575.136000000173,5574.94,0.19600000017362618
143,94,S2n_keV,13233.069000000367,13233.0,0.0690000003669411
143,94,S2p_keV,10405.314000000246,10405.13,0.18400000024666952
143,94,Qalpha_keV,5748.251999999862,5748.3,0.04800000013801764
141,96,Sn_keV,6678.850000000093,6678.9,0.049999999906503945
141,96,S2p_keV,7514.259000000311,7514.34,0.08099999968908378
141,96,Qalpha_keV,6770.4809999999125,6770.4,0.08099999991281948
139,98,Qalpha_keV,8219.918999999762,8220.0,0.08100000023841858
147,91,Sn_keV,4704.86400000006,4704.9,0.03599999994003156
147,91,Sp_keV,6349.880999999819,6350.02,0.13900000018111314
147,91,S2n_keV,10582.419999999925,10582.55,0.1300000000737782
147,91,S2p_keV,14904.76000000001,14904.9,0.13999999999032298
147,91,Qalpha_keV,3627.973999999929,3627.93,0.04399999992938319
146,92,Sn_keV,6154.282000000123,6154.26,0.0220000001227163
146,92,Sp_keV,7507.552000000142,7507.48,0.07200000014199759
146,92,S2n_keV,11280.224000000162,11280.04,0.184000000161177
146,92,S2p_keV,13524.112000000197,13524.03,0.08200000019678555
146,92,Qalpha_keV,4269.765999999829,4269.75,0.015999999828636646
145,93,Sn_keV,5488.196999999927,5488.32,0.12300000007235212
145,93,Sp_keV,5224.415999999968,5224.56,0.14400000003206515
145,93,S2n_keV,12065.605999999912,12065.61,0.004000000088126399
145,93,S2p_keV,12455.241999999853,12455.43,0.18800000014744
145,93,Qalpha_keV,4691.383999999845,4691.19,0.19399999984580063
144,94,Sn_keV,6999.789999999804,6999.84,0.05000000019572326
144,94,Sp_keV,5997.516999999993,5997.49,0.026999999992767698
144,94,S2n_keV,12880.54600000009,12880.54,0.006000000088533852
144,94,S2p_keV,10859.678000000073,10859.51,0.16800000007242488
144,94,Qalpha_keV,5593.084000000032,5593.2,0.11599999996815313
143,95,Sp_keV,3959.1019999999553,3959.15,0.04800000004479443
143,95,S2p_keV,9534.238000000129,9534.09,0.148000000128377
143,95,Qalpha_keV,6041.753999999724,6041.7,0.05399999972451042
142,96,Sn_keV,7873.871999999974,7873.72,0.1519999999736683
142,96,S2n_keV,14552.722000000067,14552.63,0.09200000006785558
142,96,S2p_keV,8035.818000000203,8035.77,0.048000000202591764
142,96,Qalpha_keV,6670.17799999984,6670.22,0.04200000016044214
147,92,Sn_keV,4806.3239999997895,4806.38,0.05600000021058804
147,92,Sp_keV,7609.0119999998715,7608.96,0.051999999871441105
147,92,S2n_keV,10960.605999999912,10960.64,0.034000000086962245
147,92,S2p_keV,13958.89299999969,13958.99,0.09700000030898082
147,92,Qalpha_keV,4131.251000000164,4131.38,0.12899999983619637
146,93,Sn_keV,6215.385000000009,6215.19,0.1950000000097134
146,93,Sp_keV,5285.518999999855,5285.5,0.01899999985471368
146,93,S2n_keV,11703.581999999937,11703.51,0.07199999993645179
146,93,S2p_keV,12793.070999999996,12792.97,0.10099999999692955
146,93,Qalpha_keV,4598.63599999994,4598.77,0.1340000000600412
145,94,Sn_keV,5646.076000000117,5646.19,0.11399999988225318
145,94,Sp_keV,6155.3960000001825,6155.36,0.03600000018286664
145,94,S2n_keV,12645.865999999922,12646.03,0.16400000007888593
145,94,S2p_keV,11379.81200000015,11379.92,0.1079999998491985
145,94,Qalpha_keV,5244.4799999997485,5244.5,0.020000000251457095
144,95,Sn_keV,7102.432999999728,7102.42,0.012999999727981049
144,95,Sp_keV,4061.744999999879,4061.73,0.014999999878909875
144,95,S2p_keV,10059.261999999871,10059.22,0.04199999987213232
144,95,Qalpha_keV,5922.415999999968,5922.4,0.01599999996869883
143,96,Sn_keV,6367.814999999944,6367.9,0.08500000005551556
143,96,Sp_keV,4563.774999999907,4563.82,0.04500000009284122
143,96,S2n_keV,14241.686999999918,14241.62,0.06699999991724326
143,96,S2p_keV,8522.876999999862,8522.96,0.08300000013696263
143,96,Qalpha_keV,6539.713999999687,6539.7,0.013999999687257514
148,92,Sn_keV,5928.956000000006,5928.99,0.033999999994193786
148,92,S2n_keV,10735.279999999795,10735.37,0.09000000020569132
148,92,Qalpha_keV,4036.2679999999236,4036.26,0.00799999992341327
147,93,Sn_keV,5066.001000000164,5066.14,0.13899999983641464
147,93,Sp_keV,5545.196000000229,5545.26,0.06399999977111293
147,93,S2n_keV,11281.386000000173,11281.34,0.04600000017308048
147,93,S2p_keV,13154.2080000001,13154.22,0.011999999898762326
147,93,Qalpha_keV,4559.03199999989,4558.89,0.14199999988977652
146,94,Sn_keV,6534.309999999823,6534.2,0.10999999982323061
146,94,Sp_keV,6474.320999999996,6474.37,0.04900000000361615
146,94,S2n_keV,12180.38599999994,12180.4,0.014000000059240847
146,94,S2p_keV,11759.839999999851,11759.87,0.030000000149811967
146,94,Qalpha_keV,5255.595999999903,5255.76,0.16400000009707583
145,95,Sn_keV,5951.441000000108,5951.53,0.08899999989171192
145,95,Sp_keV,4367.10999999987,4367.07,0.03999999986990588
145,95,S2n_keV,13053.873999999836,13053.95,0.07600000016464037
145,95,S2p_keV,10522.506000000052,10522.43,0.07600000005186303
145,95,Qalpha_keV,5707.547999999952,5707.62,0.07200000004831963
144,96,Sn_keV,7494.098999999929,7494.2,0.10100000007059862
144,96,Sp_keV,4955.441000000108,4955.6,0.15899999989233038
144,96,S2n_keV,13861.913999999873,13862.09,0.1760000001268054
144,96,S2p_keV,9017.185999999987,9017.32,0.13400000001274748
144,96,Qalpha_keV,6397.92799999984,6397.8,0.12799999983963062
142,98,S2p_keV,6031.913999999873,6032.13,0.216000000126769
142,98,Qalpha_keV,7711.023999999976,7710.9,0.12399999997614941
148,93,Sn_keV,6127.061999999918,6127.09,0.028000000082101906
148,93,Sp_keV,5743.302000000142,5743.36,0.05799999985811155
148,93,S2n_keV,11193.063000000082,11193.24,0.17699999991782533
148,93,Qalpha_keV,4309.525999999838,4309.45,0.07599999983813177
147,94,Sn_keV,5241.470999999903,5241.52,0.049000000097294105
147,94,Sp_keV,6649.7909999997355,6649.75,0.04099999973550439
147,94,S2n_keV,11775.780999999726,11775.73,0.05099999972662772
147,94,S2p_keV,12194.986999999965,12195.01,0.023000000035608537
147,94,Qalpha_keV,5140.067000000039,5140.01,0.05700000003889727
146,95,Sn_keV,6647.1110000000335,6647.09,0.021000000033382094
146,95,Sp_keV,4479.91100000008,4479.96,0.04899999991994264
146,95,S2n_keV,12598.552000000142,12598.63,0.07799999985763861
146,95,S2p_keV,10954.232000000076,10954.33,0.09799999992355879
146,95,Qalpha_keV,5637.845999999903,5637.82,0.02599999990343349
145,96,Sn_keV,6093.481000000145,6093.3,0.18100000014510442
145,96,Sp_keV,5097.481000000145,5097.36,0.12100000014561374
145,96,S2n_keV,13587.580000000075,13587.5,0.0800000000745058
145,96,S2p_keV,9464.591000000015,9464.43,0.16100000001461012
145,96,Qalpha_keV,6185.2029999999795,6185.2,0.0029999999796928023
149,93,Sn_keV,4914.689999999944,4914.72,0.030000000056134013
149,93,S2n_keV,11041.751999999862,11041.82,0.0680000001375447
149,93,Qalpha_keV,4099.699999999953,4099.62,0.07999999995354301
148,94,Sn_keV,6309.81100000022,6309.72,0.09100000021953747
148,94,Sp_keV,6832.540000000037,6832.38,0.16000000003714376
148,94,S2n_keV,11551.282000000123,11551.24,0.04200000012315286
148,94,S2p_keV,12575.842000000179,12575.74,0.10200000017903221
148,94,Qalpha_keV,4984.537999999942,4984.55,0.012000000057923899
147,95,Sn_keV,5537.574999999953,5537.64,0.06500000004689355
147,95,Sp_keV,4776.01500000013,4776.08,0.06499999986954208
147,95,S2n_keV,12184.685999999987,12184.73,0.04400000001260196
147,95,S2p_keV,11425.805999999866,11425.82,0.014000000133819412
147,95,Qalpha_keV,5588.467999999877,5588.5,0.03200000012293458
146,96,Sn_keV,6969.351000000024,6969.48,0.12899999997534906
146,96,Sp_keV,5419.721000000136,5419.75,0.028999999864026904
146,96,S2n_keV,13062.83200000017,13062.78,0.05200000016884587
146,96,S2p_keV,9899.632000000216,9899.71,0.07799999978306005
146,96,Qalpha_keV,6215.64199999976,6215.56,0.0819999997593186
144,98,S2n_keV,14746.758000000147,14746.75,0.008000000147148967
144,98,S2p_keV,6916.758000000147,6916.78,0.021999999852596375
144,98,Qalpha_keV,7516.987999999896,7516.78,0.20799999989594653
149,94,Sn_keV,5033.804000000004,5033.91,0.10599999999612919
149,94,Sp_keV,6951.654000000097,6951.57,0.08400000009714859
149,94,S2n_keV,11343.615000000224,11343.64,0.024999999775900505
149,94,Qalpha_keV,4757.057999999728,4757.02,0.03799999972761725
148,95,Sn_keV,6364.938000000082,6364.88,0.05800000008184725
148,95,Sp_keV,4831.141999999993,4831.23,0.08800000000701402
148,95,S2n_keV,11902.513000000035,11902.52,0.0069999999650463
148,95,S2p_keV,11663.68200000003,11663.61,0.07200000002922025
148,95,Qalpha_keV,5438.914999999804,5438.81,0.10499999980402208
147,96,Sn_keV,5693.041999999899,5692.95,0.09199999989959906
147,96,Sp_keV,5575.188000000082,5575.06,0.1280000000815562
147,96,S2n_keV,12662.392999999924,12662.43,0.03700000007665949
147,96,S2p_keV,10351.203000000212,10351.13,0.0730000002131419
147,96,Qalpha_keV,6168.675999999978,6168.8,0.12400000002253364
146,97,Sp_keV,3403.0099999997765,3403.01,2.2373569663614035e-10
146,97,S2p_keV,8822.730999999912,8822.76,0.0290000000877626
146,97,Qalpha_keV,6874.376999999862,6874.27,0.1069999998617277
150,94,Sn_keV,6020.397999999812,6020.48,0.0820000001876906
150,94,S2n_keV,11054.201999999816,11054.39,0.1880000001838198
150,94,Qalpha_keV,4665.615999999922,4665.53,0.08599999992202356
149,95,Sn_keV,5366.375999999931,5366.49,0.11400000006869959
149,95,Sp_keV,5163.71399999992,5163.81,0.09600000008049392
149,95,S2n_keV,11731.314000000013,11731.37,0.05599999998776184
149,95,S2p_keV,12115.368000000017,12115.37,0.001999999984036549
149,95,Qalpha_keV,5138.540000000037,5138.47,0.07000000003699824
148,96,Sn_keV,6801.262000000104,6801.26,0.0020000001040898496
148,96,Sp_keV,6011.512000000104,6011.44,0.0720000001047083
148,96,S2n_keV,12494.304000000004,12494.21,0.0940000000045984
148,96,S2p_keV,10842.654000000097,10842.67,0.015999999903215212
148,96,Qalpha_keV,5901.723999999696,5901.74,0.01600000030339288
147,97,Sn_keV,6047.15000000014,6047.0,0.1500000001396984
147,97,Sp_keV,3757.1180000000168,3757.07,0.0480000000166001
147,97,S2p_keV,9332.306000000099,9332.13,0.17600000009952055
147,97,Qalpha_keV,6778.6679999998305,6778.8,0.1320000001696826
146,98,Sp_keV,4500.922000000253,4501.0,0.07799999974668026
146,98,S2n_keV,14050.006000000052,14050.01,0.0039999999480642145
146,98,S2p_keV,7903.93200000003,7904.01,0.07799999997041596
146,98,Qalpha_keV,7328.895999999717,7328.87,0.025999999716987077
151,94,Sn_keV,4698.7360000000335,4698.57,0.16600000003381865
151,94,S2n_keV,10719.133999999845,10719.05,0.08399999984612805
150,95,Sn_keV,6050.320000000065,6050.18,0.14000000006490154
150,95,Sp_keV,5193.636000000173,5193.51,0.12600000017300772
150,95,S2n_keV,11416.695999999996,11416.67,0.02599999999620195
150,95,Qalpha_keV,5215.28199999989,5215.38,0.0980000001100052
149,96,Sn_keV,5520.08899999992,5520.26,0.17100000008031202
149,96,Sp_keV,6165.225000000093,6165.21,0.015000000093095878
149,96,S2n_keV,12321.351000000024,12321.53,0.17899999997644045
149,96,S2p_keV,11328.939000000013,11329.02,0.08099999998739804
149,96,Qalpha_keV,5623.10599999968,5623.0,0.10599999967962503
148,97,Sn_keV,6971.243000000017,6971.37,0.12699999998312705
148,97,Sp_keV,3927.098999999929,3927.17,0.07100000007085328
148,97,S2n_keV,13018.393000000156,13018.38,0.013000000157262548
148,97,S2p_keV,9938.611000000034,9938.62,0.008999999967272743
148,97,Qalpha_keV,6454.535999999847,6454.52,0.01599999984682654
147,98,Sn_keV,6163.755999999819,6163.73,0.025999999819759978
147,98,Sp_keV,4617.527999999933,4617.73,0.20200000006661867
147,98,S2p_keV,8374.64599999995,8374.79,0.14400000005116453
147,98,Qalpha_keV,7258.621000000043,7258.44,0.18100000004324102
152,94,Sn_keV,5854.743999999948,5854.92,0.17600000005222682
152,94,S2n_keV,10553.479999999981,10553.49,0.010000000018408173
150,96,Sn_keV,6457.719000000041,6457.61,0.10900000004130561
150,96,Sp_keV,6572.624000000069,6572.65,0.02599999993071833
150,96,S2n_keV,11977.80799999996,11977.87,0.062000000039915903
150,96,S2p_keV,11766.260000000242,11766.15,0.11000000024250767
150,96,Qalpha_keV,5475.197999999858,5475.11,0.08799999985876639
149,97,Sn_keV,5918.381000000052,5918.35,0.031000000051790266
149,97,Sp_keV,4325.3910000000615,4325.26,0.131000000061249
149,97,S2n_keV,12889.624000000069,12889.72,0.0959999999304273
149,97,S2p_keV,10490.616000000155,10490.48,0.1360000001550361
149,97,Qalpha_keV,6073.7299999997485,6073.81,0.08000000025185727
148,98,Sn_keV,7366.324000000022,7366.31,0.014000000021951564
148,98,Sp_keV,5012.6089999999385,5012.67,0.06100000006154005
148,98,S2n_keV,13530.079999999842,13530.04,0.03999999984080205
148,98,S2p_keV,8939.707999999868,8939.84,0.13200000013239332
148,98,Qalpha_keV,6861.648000000045,6861.61,0.0380000000450309
146,100,S2p_keV,5868.901999999769,5868.78,0.12199999976928666
146,100,Qalpha_keV,8376.752000000095,8376.87,0.11799999990580545
151,96,Sn_keV,5155.5779999999795,5155.47,0.10799999997925624
151,96,S2n_keV,11613.29700000002,11613.08,0.21700000002056186
151,96,S2p_keV,12223.102000000188,12223.06,0.04200000018863648
151,96,Qalpha_keV,5353.423999999883,5353.56,0.13600000011774682
150,97,Sn_keV,6549.128999999957,6549.09,0.03899999995701364
150,97,Sp_keV,4416.800999999978,4416.75,0.05099999997764826
150,97,S2n_keV,12467.51000000001,12467.44,0.07000000000880391
150,97,S2p_keV,10989.425000000047,10989.39,0.035000000047148205
150,97,Qalpha_keV,5889.538999999873,5889.6,0.06100000012702367
149,98,Sn_keV,6059.351000000024,6059.35,0.001000000023850589
149,98,Sp_keV,5153.578999999911,5153.67,0.09100000008947973
149,98,S2n_keV,13425.675000000047,13425.67,0.005000000046493369
149,98,S2p_keV,9478.969999999972,9478.93,0.039999999971769284
149,98,Qalpha_keV,6495.33899999992,6495.2,0.13899999992008816
148,99,Sp_keV,2802.408999999985,2802.44,0.03100000001495573
148,99,S2p_keV,7815.017999999924,7815.11,0.09200000007604103
148,99,Qalpha_keV,7462.248999999836,7462.17,0.07899999983601447
152,96,Sn_keV,6212.0779999999795,6212.31,0.23200000002088927
152,96,S2n_keV,11367.655999999959,11367.78,0.12400000004163303
152,96,S2p_keV,12580.43600000022,12580.44,0.003999999780717189
152,96,Qalpha_keV,5161.743999999715,5161.73,0.01399999971545185
150,98,Sn_keV,6935.284999999916,6935.26,0.02499999991596269
150,98,Sp_keV,5539.73499999987,5539.84,0.10500000013053068
150,98,S2n_keV,12994.63599999994,12994.62,0.015999999939595
150,98,S2p_keV,9956.535999999847,9956.59,0.05400000015288242
150,98,Qalpha_keV,6361.316000000108,6361.2,0.11600000010821532
148,100,Sp_keV,3968.9150000000373,3968.71,0.20500000003721652
148,100,S2n_keV,14432.502000000095,14432.42,0.08200000009492214
148,100,S2p_keV,6771.324000000022,6771.15,0.17400000002271554
148,100,Qalpha_keV,7994.256000000052,7994.46,0.20399999994788232
153,96,Sn_keV,4713.402999999933,4713.37,0.032999999933053914
153,96,S2n_keV,10925.480999999912,10925.68,0.19900000008783536
153,96,Qalpha_keV,5147.076999999816,5146.93,0.1469999998153071
152,97,Sp_keV,4831.926999999909,4831.86,0.0669999999090578
152,97,S2n_keV,11782.78199999989,11782.89,0.10800000010931399
152,97,Qalpha_keV,5523.4529999999795,5523.38,0.07299999997940176
151,98,Sn_keV,5585.438000000082,5585.31,0.1280000000815562
151,98,S2n_keV,12520.722999999998,12520.58,0.14299999999821011
151,98,S2p_keV,10386.39599999995,10386.43,0.03400000005058246
151,98,Qalpha_keV,6295.966999999946,6296.15,0.1830000000536529
149,100,Sn_keV,6449.523000000045,6449.51,0.013000000044485205
149,100,S2p_keV,7161.496000000043,7161.3,0.19600000004265894
149,100,Qalpha_keV,7708.488999999827,7708.69,0.20100000017282582
154,96,Sn_keV,5832.5470000000205,5832.43,0.11700000002019806
154,96,S2n_keV,10545.949999999953,10545.8,0.14999999995416147
154,96,Qalpha_keV,5169.273999999743,5169.42,0.1460000002571178
153,97,Sn_keV,4970.523000000045,4970.35,0.17300000004433969
153,97,Sp_keV,5089.0470000000205,5088.85,0.1970000000201253
152,98,Sn_keV,6625.131999999983,6625.32,0.18800000001647277
152,98,Sp_keV,5967.523000000045,5967.58,0.05699999995522376
152,98,S2n_keV,12210.570000000065,12210.63,0.059999999934007064
152,98,S2p_keV,10799.449999999953,10799.45,4.729372449219227e-11
152,98,Qalpha_keV,6128.554000000004,6128.44,0.11400000000412547
150,100,Sn_keV,7518.3589999999385,7518.49,0.131000000061249
150,100,S2n_keV,13967.881999999983,13968.0,0.1180000000167638
150,100,S2p_keV,7744.570000000065,7744.53,0.04000000006544724
150,100,Qalpha_keV,7556.453999999911,7556.51,0.056000000089625246
155,96,Sn_keV,4412.216999999946,4412.29,0.07300000005398033
155,96,S2n_keV,10244.763999999966,10244.72,0.043999999967127223
154,97,Sn_keV,5793.507999999914,5793.53,0.02200000008542702
154,97,Sp_keV,5050.007999999914,5049.94,0.0679999999147185
154,97,S2n_keV,10764.030999999959,10763.88,0.15099999995982216
153,98,Sn_keV,5106.994999999879,5106.95,0.044999999879109964
153,98,Sp_keV,6103.994999999879,6104.18,0.18500000012136297
153,98,S2n_keV,11732.126999999862,11732.27,0.1430000001382723
153,98,S2p_keV,11193.0419999999,11193.02,0.021999999898980604
153,98,Qalpha_keV,6177.137000000104,6176.96,0.17700000010427175
152,99,Sp_keV,3947.375,3947.38,0.005000000000109139
152,99,S2p_keV,9914.898000000045,9914.97,0.07199999995464168
152,99,Qalpha_keV,6597.979999999981,6597.8,0.17999999998119165
151,100,Sn_keV,6190.770000000019,6190.76,0.010000000018408173
151,100,S2n_keV,13709.128999999957,13709.25,0.12100000004284084
151,100,S2p_keV,8349.902000000002,8349.98,0.0779999999977008
151,100,Qalpha_keV,7425.034999999916,7425.1,0.06500000008418283
150,101,Sp_keV,2395.649999999907,2395.51,0.13999999990664946
150,101,Qalpha_keV,7963.212999999989,7963.44,0.2270000000107757
154,98,Sn_keV,6172.443000000203,6172.4,0.04300000020339212
154,98,Sp_keV,6482.930000000168,6483.05,0.11999999983254384
154,98,S2n_keV,11279.438000000082,11279.35,0.08800000008159259
154,98,S2p_keV,11532.938000000082,11532.99,0.051999999917825335
154,98,Qalpha_keV,6216.771999999881,6216.87,0.09800000011910015
153,99,Sn_keV,5289.854999999981,5289.62,0.2349999999814827
153,99,Sp_keV,4130.235000000102,4130.05,0.18500000010226358
153,99,S2p_keV,10234.229999999981,10234.23,1.8189894035458565e-11
152,100,Sn_keV,7207.791999999899,7207.66,0.13199999989956268
152,100,Sp_keV,4985.186999999918,4984.94,0.2469999999184438
152,100,S2n_keV,13398.561999999918,13398.43,0.13199999991775258
152,100,S2p_keV,8932.561999999918,8932.33,0.23199999991811637
152,100,Qalpha_keV,7152.527999999933,7152.7,0.17200000006687333
150,102,Sp_keV,3383.440000000177,3383.65,0.20999999982313966
150,102,S2p_keV,5779.090000000084,5779.17,0.07999999991625373
150,102,Qalpha_keV,8548.68799999985,8548.5,0.18799999984912574
155,98,Sn_keV,4804.290000000037,4804.29,3.728928277269006e-11
155,98,S2n_keV,10976.73300000024,10976.69,0.04300000023977191
155,98,S2p_keV,11925.011000000173,11924.99,0.021000000173444278
155,98,Qalpha_keV,6125.8849999997765,6125.95,0.06500000022333552
154,99,Sn_keV,6351.883000000147,6351.92,0.03699999985292379
154,99,Sp_keV,4309.675000000047,4309.57,0.10500000004685717
154,99,S2n_keV,11641.738000000129,11641.53,0.20800000012786768
154,99,S2p_keV,10792.605000000214,10792.62,0.014999999786596163
154,99,Qalpha_keV,6739.023999999743,6739.16,0.1360000002568995
153,100,Sn_keV,5539.809000000125,5539.97,0.16099999987545743
153,100,Sp_keV,5235.1410000000615,5235.3,0.1589999999387146
153,100,S2n_keV,12747.601000000024,12747.64,0.038999999975203536
153,100,S2p_keV,9365.376000000164,9365.35,0.026000000163548975
153,100,Qalpha_keV,7198.15699999989,7198.04,0.11699999989014032
151,102,Sn_keV,6583.557999999961,6583.54,0.01799999996092083
151,102,S2p_keV,6171.878000000026,6171.94,0.06199999997352279
151,102,Qalpha_keV,8414.652999999933,8414.46,0.1929999999338179
156,98,Sn_keV,6031.663999999873,6031.57,0.09399999987363117
156,98,S2n_keV,10835.95399999991,10835.85,0.10399999991022923
156,98,Qalpha_keV,5926.767999999924,5926.81,0.04200000007676863
155,99,Sn_keV,5093.718999999808,5093.81,0.09100000019225263
155,99,Sp_keV,4599.1039999998175,4599.1,0.0039999998170969775
155,99,S2n_keV,11445.601999999955,11445.73,0.12800000004426693
155,99,Qalpha_keV,6615.8279999999795,6615.7,0.1279999999796928
154,100,Sn_keV,6516.023000000045,6515.88,0.14300000004459434
154,100,Sp_keV,5399.280999999959,5399.27,0.01099999995858525
154,100,S2n_keV,12055.83200000017,12055.86,0.027999999831081368
154,100,S2p_keV,9708.956000000006,9708.84,0.11600000000544242
154,100,Qalpha_keV,7307.265999999829,7307.48,0.2140000001709268
152,102,Sn_keV,7706.692000000039,7706.58,0.11200000003918831
152,102,S2n_keV,14290.25,14290.12,0.12999999999919964
152,102,S2p_keV,6670.778000000166,6670.86,0.08199999983389716
152,102,Qalpha_keV,8226.319999999832,8226.37,0.05000000016843842
156,99,Sn_keV,5972.997999999905,5972.89,0.10799999990467768
156,99,Sp_keV,4540.437999999849,4540.42,0.017999999849052983
156,99,S2n_keV,11066.716999999713,11066.7,0.01699999971242505
156,99,Qalpha_keV,6436.337999999989,6436.34,0.00200000001132139
155,100,Sn_keV,5174.52099999995,5174.71,0.1890000000503278
155,100,Sp_keV,5480.083000000101,5480.16,0.07699999989927164
155,100,S2n_keV,11690.543999999994,11690.59,0.046000000005733455
155,100,S2p_keV,10079.186999999918,10079.25,0.06300000008195639
155,100,Qalpha_keV,7239.739999999758,7239.72,0.019999999757601472
154,101,Sp_keV,3348.976000000024,3348.98,0.003999999975803803
154,101,S2p_keV,8748.256999999983,8748.25,0.006999999983236194
154,101,Qalpha_keV,7905.664999999804,7905.88,0.21500000019568688
153,102,Sn_keV,5988.699999999721,5988.74,0.040000000279178494
153,102,S2n_keV,13695.39199999976,13695.32,0.07199999976000981
153,102,S2p_keV,7119.668999999762,7119.62,0.04899999976169056
153,102,Qalpha_keV,8428.39000000013,8428.4,0.009999999869251042
152,103,Sp_keV,2066.2900000000373,2066.32,0.029999999962910806
152,103,Qalpha_keV,8555.679999999702,8555.56,0.1199999997024861
156,100,Sn_keV,6385.003000000026,6384.91,0.09300000002622255
156,100,Sp_keV,5892.088000000222,5892.19,0.10199999977794505
156,100,S2n_keV,11559.523999999976,11559.62,0.09600000002501474
156,100,S2p_keV,10432.52600000007,10432.6,0.07399999992958328
156,100,Qalpha_keV,7027.179999999935,7027.21,0.03000000006522896
154,102,Sn_keV,7054.694000000134,7054.62,0.07400000013421959
154,102,Sp_keV,4309.363999999827,4309.38,0.016000000173335138
154,102,S2n_keV,13043.393999999855,13043.36,0.0339999998541316
154,102,S2p_keV,7658.339999999851,7658.36,0.020000000148684194
154,102,Qalpha_keV,8581.487999999896,8581.44,0.047999999895182555
153,103,Sn_keV,6272.079999999842,6272.02,0.059999999841238605
153,103,Sp_keV,2349.6700000001583,2349.61,0.06000000015819751
152,104,Sp_keV,3013.4559999997728,3013.59,0.13400000022738823
152,104,S2p_keV,5079.74599999981,5079.91,0.16400000018984429
152,104,Qalpha_keV,8925.664000000106,8925.63,0.03400000010697113
157,100,Sn_keV,4967.918999999994,4967.94,0.021000000005187758
157,100,S2n_keV,11352.92200000002,11352.86,0.06200000001990702
157,100,Qalpha_keV,6863.550999999978,6863.55,0.0009999999774663593
156,101,Sp_keV,3779.2939999999944,3779.18,0.11399999999457577
156,101,S2n_keV,11989.841999999946,11989.81,0.03199999994649261
156,101,S2p_keV,9671.382000000216,9671.36,0.02200000021548476
156,101,Qalpha_keV,7557.560999999987,7557.6,0.039000000013402314
155,102,Sn_keV,5644.781000000192,5644.81,0.028999999808547727
155,102,S2n_keV,12699.475000000326,12699.44,0.035000000325453584
155,102,S2p_keV,8128.600000000093,8128.47,0.1300000000928776
155,102,Qalpha_keV,8476.515999999829,8476.6,0.08400000017172715
153,104,Sn_keV,6426.564000000013,6426.39,0.1740000000127111
153,104,Sp_keV,3167.939999999944,3167.96,0.020000000055915734
153,104,S2p_keV,5517.610000000102,5517.56,0.050000000102045306
153,104,Qalpha_keV,9082.658000000054,9082.78,0.12199999994663813
157,101,Sn_keV,5379.88199999975,5380.13,0.2480000002497036
157,101,Sp_keV,4191.25699999975,4191.36,0.10300000024926703
157,101,Qalpha_keV,7271.398000000045,7271.28,0.11800000004495814
154,104,Sn_keV,7596.614000000292,7596.67,0.05599999970763747
154,104,S2n_keV,14023.178000000305,14023.06,0.11800000030598312
154,104,S2p_keV,6059.530000000261,6059.61,0.07999999973890226
154,104,Qalpha_keV,9192.7359999998,9192.69,0.04599999980018765
154,105,Sp_keV,1640.243999999715,1640.22,0.023999999714988007
154,105,Qalpha_keV,9618.782000000123,9618.8,0.017999999876337824
154,106,Sp_keV,2731.842000000179,2731.88,0.037999999821295205
154,106,S2p_keV,4372.085999999894,4372.1,0.014000000106534571
154,106,Qalpha_keV,9900.395999999717,9900.51,0.11400000028334034
157,104,Qalpha_keV,8646.332999999868,8646.42,0.08700000013232057
155,106,Sn_keV,6613.3259999998845,6613.2,0.1259999998846979
155,106,Qalpha_keV,9713.633999999845,9713.7,0.06600000015532714
156,106,Sn_keV,7710.49599999981,7710.63,0.13400000019009894
156,106,S2n_keV,14323.821999999695,14323.82,0.001999999694817234
156,106,Qalpha_keV,9599.752000000328,9599.74,0.012000000328043825
156,108,S2p_keV,3381.0500000000466,3381.16,0.10999999995328835
156,108,Qalpha_keV,10590.788000000175,10590.68,0.1080000001747976
157,108,Sn_keV,6733.658000000287,6733.63,0.028000000286738214
157,108,Qalpha_keV,10470.455999999773,10470.25,0.2059999997727573
158,108,Sn_keV,7835.423999999883,7835.26,0.16399999988243508
158,108,S2n_keV,14569.08200000017,14568.89,0.19200000017008279
158,108,Qalpha_keV,10345.5279999997,10345.61,0.08200000030046795
159,110,Qalpha_keV,11509.440000000177,11509.43,0.010000000176660251
160,110,Sn_keV,8227.820000000065,8227.78,0.040000000064537744
160,110,Qalpha_keV,11117.043999999994,11116.91,0.13399999999455758
