method,observable,n,mae,rmse,bias,median_ae,p95_ae,regime
B_semf,Sn,98,0.5098245584692145,0.6652512126782856,-0.027777324817873483,0.36714854893682514,1.33870203223638,R0_random
B_semf,S2n,76,0.8396887760943108,1.1278997409516722,-0.00796357006220467,0.7283671096276407,2.206184653501282,R0_random
B_semf,Sp,86,0.6552234611909231,0.8883850431065142,0.056776461237506,0.5158413794102898,1.6783125638914385,R0_random
B_semf,S2p,82,1.0656110771911567,1.3961162797470967,0.02116588548604621,0.800667225454049,2.779852820992199,R0_random
B_semf,Qalpha,0,,,,,,R0_random
B_semf,delta2n,11,0.3811834690944057,0.48888478839396465,0.3084572382511588,0.2098548711001058,0.9302107102724335,R0_random
B_semf,delta2p,12,0.4952088646436342,0.5923226984575131,0.49090195756484906,0.49533854545535405,1.0101272218096824,R0_random
B_hgb_data,Sn,98,2.7429881956031705,3.624837749280164,0.15421168890477985,2.397143647103519,7.46312940621922,R0_random
B_hgb_data,S2n,76,2.471170657539868,3.251386859947119,-0.45060037371917466,1.9469589871267203,6.177761154804159,R0_random
B_hgb_data,Sp,86,2.53304384688479,3.2956140269813416,0.25407349064897267,2.0024651408665477,7.02766884162304,R0_random
B_hgb_data,S2p,82,2.60566426767989,3.240067932340144,0.1267299349498584,2.417645016775893,6.318257905044431,R0_random
B_hgb_data,Qalpha,0,,,,,,R0_random
B_hgb_data,delta2n,11,4.700227547303071,5.820766140125067,1.0078135672392612,4.282831731798979,10.734079288943008,R0_random
B_hgb_data,delta2p,12,3.7416337705774367,4.317754799830411,-1.9302988075965573,3.7437117430429225,6.6491416776160115,R0_random
B_hgb_soft,Sn,98,1.1719166809074126,1.4906794331774216,0.045018280671184484,0.9214327826681483,3.1247236547708206,R0_random
B_hgb_soft,S2n,76,1.189164906133142,1.5306050879148059,-0.18501829152498767,0.9962587393374633,2.918849959049453,R0_random
B_hgb_soft,Sp,86,1.0978720600702325,1.4142291642648483,0.1356952730020892,0.8736652702892798,2.928066373484384,R0_random
B_hgb_soft,S2p,82,1.1264958655867319,1.487982624467867,0.06339150527157171,0.8786620417005224,2.9986869171228374,R0_random
B_hgb_soft,Qalpha,0,,,,,,R0_random
B_hgb_soft,delta2n,11,1.8000830472372333,2.23680413861524,0.588199769846346,1.6509977001329617,4.091073435223095,R0_random
B_hgb_soft,delta2p,12,1.4578583620890886,1.6866315332767823,-0.47757834849972863,1.518218878515654,2.6224834148534395,R0_random
B_hgb_residual,Sn,98,0.32242507854951064,0.5018174539169301,0.0003413365788348728,0.1947502288932128,1.095667857506089,R0_random
B_hgb_residual,S2n,76,0.4065234154176687,0.605943988316664,-0.08997717516851815,0.2515773556165186,1.134609779233216,R0_random
B_hgb_residual,Sp,86,0.3494175519524523,0.6215620311775599,0.0994691732815038,0.19142700427210002,1.092084698812016,R0_random
B_hgb_residual,S2p,82,0.33667428813060846,0.4563395752849893,0.029487561091467388,0.27074786042271626,0.9282667579428961,R0_random
B_hgb_residual,Qalpha,0,,,,,,R0_random
B_hgb_residual,delta2n,11,0.4588037014786359,0.6692933070507886,-0.018399466473012313,0.2505702026662675,1.2909439866097472,R0_random
B_hgb_residual,delta2p,12,0.4016004189893181,0.5655977389871771,-0.1706594554511772,0.25963099548096125,1.2380387283985554,R0_random
B_hgb_adaptive,Sn,98,1.3378468607941576,1.7611172742741428,0.10159479766775745,1.0297284665580264,3.451394715608966,R0_random
B_hgb_adaptive,S2n,76,1.2857518786282345,1.6490980461631266,-0.21167167070033868,1.0224391743145134,2.915777473951266,R0_random
B_hgb_adaptive,Sp,86,1.254877787397075,1.6153609560161146,0.11611263267535503,1.0221865989178696,3.0496413371953253,R0_random
B_hgb_adaptive,S2p,82,1.2409295592925156,1.602427011939485,0.012492869960283662,0.9641125535832771,3.4483366167299674,R0_random
B_hgb_adaptive,Qalpha,0,,,,,,R0_random
B_hgb_adaptive,delta2n,11,2.0914073010805434,2.583785135412268,0.6293098743841767,1.8383617131937626,4.746008562983022,R0_random
B_hgb_adaptive,delta2p,12,1.7911887460785938,2.094738423984894,-0.6664724591569874,1.8650585220443645,3.2400008538919223,R0_random
B_mlp_data,Sn,98,1.3278783895590618,1.6665704830411328,-0.011620613377565243,1.111644768727274,3.1171983868539392,R0_random
B_mlp_data,S2n,76,1.5734401800329327,2.0675927369063696,0.174646255949906,1.2390409997741472,4.128989217708778,R0_random
B_mlp_data,Sp,86,1.60942296596077,1.99122252340515,-0.2487332414122691,1.485273364873251,3.441507369122803,R0_random
B_mlp_data,S2p,82,1.727465896749877,2.3638718738803273,0.19294942125375977,1.0943002236158463,5.1164556092492095,R0_random
B_mlp_data,Qalpha,0,,,,,,R0_random
B_mlp_data,delta2n,11,0.5823185087694598,1.0910652044243505,0.3429475416950538,0.3348964211437533,2.0364023780499565,R0_random
B_mlp_data,delta2p,12,1.1377485059375279,1.2875457995651138,-0.11629885523757366,1.0026557138714907,2.236456025390134,R0_random
B_mlp_soft,Sn,98,0.6385858551497491,0.8111021457923956,-0.021314640241750362,0.5514814844856346,1.6959210561869318,R0_random
B_mlp_soft,S2n,76,1.016444251128699,1.2916926800363762,0.06508036034264446,0.9016135247863417,2.4549815139002362,R0_random
B_mlp_soft,Sp,86,0.7616231299004605,0.9634700348051168,-0.0654274198224042,0.6623758892078513,1.7477882523592818,R0_random
B_mlp_soft,S2p,82,1.0126020626788395,1.3442194239146932,0.0898792997931419,0.8119523394385624,2.70768334802167,R0_random
B_mlp_soft,Qalpha,0,,,,,,R0_random
B_mlp_soft,delta2n,11,0.3828431132593602,0.6770199276823561,0.3222533596286532,0.3008172571657042,1.2706307359950983,R0_random
B_mlp_soft,delta2p,12,0.5009024391622082,0.6932907028380993,0.24802163244381367,0.3570797936057488,1.335963681677185,R0_random
B_mlp_residual,Sn,98,0.2752234908973974,0.4202215241047293,0.024213162364143167,0.152408927171507,0.9060369443932956,R0_random
B_mlp_residual,S2n,76,0.36169793125692556,0.5327196870698886,-0.11595659481758584,0.19421385164753246,1.2784392005445824,R0_random
B_mlp_residual,Sp,86,0.30027061289617035,0.5012472104196026,0.025674414134588954,0.1813181695339381,0.8413301302431933,R0_random
B_mlp_residual,S2p,82,0.314163721677666,0.4610443525193415,0.005932379211219471,0.18182453582619473,1.0864674477870058,R0_random
B_mlp_residual,Qalpha,0,,,,,,R0_random
B_mlp_residual,delta2n,11,0.2535174505053755,0.31312395667679815,0.02198954813854667,0.21267803355203796,0.5639511125320524,R0_random
B_mlp_residual,delta2p,12,0.2746429586486651,0.33010904411724684,0.12933683283670425,0.2315127030711892,0.6375682429403183,R0_random
B_mlp_adaptive,Sn,98,0.6759171761926407,0.8606910119634251,0.004438226024783675,0.5661239772646809,1.8107764084083242,R0_random
B_mlp_adaptive,S2n,76,1.0594301275128444,1.3452290002977532,0.11128359245771018,0.8629044762980129,2.7257146266756536,R0_random
B_mlp_adaptive,Sp,86,0.8348174816334752,1.0475976978903152,-0.12743770865799833,0.7576345095236547,1.8846094817787211,R0_random
B_mlp_adaptive,S2p,82,1.0433494208866747,1.4081394544233303,0.04152682681799655,0.8767605308045177,2.9616492768505167,R0_random
B_mlp_adaptive,Qalpha,0,,,,,,R0_random
B_mlp_adaptive,delta2n,11,0.3799531526669982,0.708749628909618,0.2978096077736645,0.1499930642153231,1.34026786737968,R0_random
B_mlp_adaptive,delta2p,12,0.5952019888420542,0.7730786464935386,0.17076692322669373,0.5625948647499399,1.4696794322617899,R0_random
B_ridge_data,Sn,98,0.6219425891841491,0.9235928123654215,-0.03672148886131707,0.48136198663183905,1.4495041287219899,R0_random
B_ridge_data,S2n,76,0.7547222358909716,1.0079605738775472,0.021523179843865734,0.6163764285071238,1.9999457932482017,R0_random
B_ridge_data,Sp,86,0.5261049705453327,0.7334195969380485,0.14305838897403564,0.3926142907360486,1.2448551790199929,R0_random
B_ridge_data,S2p,82,0.7457869040042374,1.0642619153193145,0.13968924821593956,0.6154657335986258,1.7997820744054027,R0_random
B_ridge_data,Qalpha,0,,,,,,R0_random
B_ridge_data,delta2n,11,0.3750973543433531,0.4788251341003044,0.3277349914538919,0.3419197474311204,0.9288623200372257,R0_random
B_ridge_data,delta2p,12,0.22852141110832727,0.28675408727923996,0.18555349213106828,0.18012022551687323,0.5188067096395229,R0_random
B_ridge_soft,Sn,98,0.6219425891841491,0.9235928123654215,-0.03672148886131707,0.48136198663183905,1.4495041287219899,R0_random
B_ridge_soft,S2n,76,0.7547222358909716,1.0079605738775472,0.021523179843865734,0.6163764285071238,1.9999457932482017,R0_random
B_ridge_soft,Sp,86,0.5261049705453327,0.7334195969380485,0.14305838897403564,0.3926142907360486,1.2448551790199929,R0_random
B_ridge_soft,S2p,82,0.7457869040042374,1.0642619153193145,0.13968924821593956,0.6154657335986258,1.7997820744054027,R0_random
B_ridge_soft,Qalpha,0,,,,,,R0_random
B_ridge_soft,delta2n,11,0.3750973543433531,0.4788251341003044,0.3277349914538919,0.3419197474311204,0.9288623200372257,R0_random
B_ridge_soft,delta2p,12,0.22852141110832727,0.28675408727923996,0.18555349213106828,0.18012022551687323,0.5188067096395229,R0_random
B_ridge_residual,Sn,98,0.44676402965987827,0.589448006771713,-0.03612775815687851,0.31889102119134805,1.1896905538938984,R0_random
B_ridge_residual,S2n,76,0.7666712011594126,1.0198401673423116,-0.013697617888290381,0.6013088349536702,2.039402711164236,R0_random
B_ridge_residual,Sp,86,0.45986204035468176,0.667253053115857,0.10891632373625056,0.2898361726112171,1.3613960689301052,R0_random
B_ridge_residual,S2p,82,0.7166104107496252,0.8915176066886442,0.11644281601424973,0.6460555531834871,1.678175978003455,R0_random
B_ridge_residual,Qalpha,0,,,,,,R0_random
B_ridge_residual,delta2n,11,0.43081175367160024,0.5995662277496192,0.09211978710375103,0.3754857613457716,1.172473026779386,R0_random
B_ridge_residual,delta2p,12,0.2508664332168564,0.32079765809575017,0.21737582192423588,0.18186650976360852,0.6100905700693317,R0_random
B_ridge_adaptive,Sn,98,0.4943521571592259,0.7372794201344944,0.003967212125490148,0.3489913976994501,1.2599402222946365,R0_random
B_ridge_adaptive,S2n,76,0.7262047499702717,0.9634183252140145,0.01561020630721207,0.5089390842537966,1.9465310814444052,R0_random
B_ridge_adaptive,Sp,86,0.4869783747063284,0.687480554280017,0.10055303560275031,0.3704096776696133,1.280747194115797,R0_random
B_ridge_adaptive,S2p,82,0.857766152944472,1.1346848072986413,0.09272479617316226,0.8020246062972092,1.9646417767058428,R0_random
B_ridge_adaptive,Qalpha,0,,,,,,R0_random
B_ridge_adaptive,delta2n,11,0.37548618498445047,0.4459744196706444,0.3354664405897138,0.35096547152124913,0.7834355600165566,R0_random
B_ridge_adaptive,delta2p,12,0.3006427780688057,0.38367614091488045,0.2956144543195383,0.31051768604959307,0.6670067077049509,R0_random
B_bwn,Sn,98,0.25531107134854436,0.3457687374746367,-0.027245453735835784,0.2011135903169361,0.6327530933894676,R0_random
B_bwn,S2n,76,0.39556584909881787,0.5719862246485143,-0.018374382904289933,0.27782984995150173,1.2528725531386442,R0_random
B_bwn,Sp,86,0.27026982899503815,0.41297362231926754,0.019736474797059072,0.1773961061786622,0.8191873633635254,R0_random
B_bwn,S2p,82,0.3170543538017841,0.44274516145688475,0.08609649042266199,0.24751397966218747,0.8502359534267898,R0_random
B_bwn,Qalpha,0,,,,,,R0_random
B_bwn,delta2n,11,0.2992646964998368,0.3767663599315689,0.10575859366979433,0.2171237592426678,0.7173708068321503,R0_random
B_bwn,delta2p,12,0.2721369123360849,0.34052386912269256,-0.11775248880436114,0.2351308822807141,0.6229502549065612,R0_random
B_semf,Sn,18,1.0560095205143005,1.2624775891030469,-0.2974187499949797,0.9277568170529094,2.1263929147473446,R1_Ca
B_semf,S2n,17,1.9599261122291844,2.247769735916335,-0.7105185297082945,1.8555136341058187,3.8086918842220028,R1_Ca
B_semf,Sp,0,,,,,,R1_Ca
B_semf,S2p,0,,,,,,R1_Ca
B_semf,Qalpha,0,,,,,,R1_Ca
B_semf,delta2n,15,2.003486022627529,2.3153821104311727,0.3743337348268066,2.2148774552889563,3.5859461035192726,R1_Ca
B_semf,delta2p,0,,,,,,R1_Ca
B_hgb_data,Sn,18,2.345649709079377,2.7894396908922987,-0.49330784798315286,1.9412884200229712,4.52990536487458,R1_Ca
B_hgb_data,S2n,17,2.004052643592806,2.579025917273386,-0.6348478766110341,1.26576076300546,4.329931934069348,R1_Ca
B_hgb_data,Sp,0,,,,,,R1_Ca
B_hgb_data,S2p,0,,,,,,R1_Ca
B_hgb_data,Qalpha,0,,,,,,R1_Ca
B_hgb_data,delta2n,15,2.9217842095927797,3.816490365465537,-0.6891059502800355,3.037463911807208,6.812982906087882,R1_Ca
B_hgb_data,delta2p,0,,,,,,R1_Ca
B_hgb_soft,Sn,18,1.1565923223790486,1.3692993720423048,-0.3757743891902471,1.025372653698554,2.1817238581982026,R1_Ca
B_hgb_soft,S2n,17,1.373871483955193,1.7498776846598803,-0.6802502684693884,0.844779606806128,3.040715840618486,R1_Ca
B_hgb_soft,Sp,0,,,,,,R1_Ca
B_hgb_soft,S2p,0,,,,,,R1_Ca
B_hgb_soft,Qalpha,0,,,,,,R1_Ca
B_hgb_soft,delta2n,15,2.077947142641536,2.5830631372155164,-0.051042139215936304,1.8146107869186494,4.272685328693415,R1_Ca
B_hgb_soft,delta2p,0,,,,,,R1_Ca
B_hgb_residual,Sn,18,0.37235404611192596,0.531091408882529,0.04162983344626999,0.24707269073414295,0.9180166587997111,R1_Ca
B_hgb_residual,S2n,17,0.5081596943767596,0.6384445374959328,-0.005734902016135546,0.3385882819021049,1.046756135297903,R1_Ca
B_hgb_residual,Sp,0,,,,,,R1_Ca
B_hgb_residual,S2p,0,,,,,,R1_Ca
B_hgb_residual,Qalpha,0,,,,,,R1_Ca
B_hgb_residual,delta2n,15,0.8438088158629019,1.036256774585287,-0.04641577445142199,0.7143465663252755,1.6927544788182718,R1_Ca
B_hgb_residual,delta2p,0,,,,,,R1_Ca
B_hgb_adaptive,Sn,18,1.3860974828216936,1.6713326867706202,-0.3798703185854511,1.3914905752485538,2.780968117503977,R1_Ca
B_hgb_adaptive,S2n,17,1.5177092233634037,1.8248910103270102,-0.6150412668600458,1.1706241907262438,3.435836624988053,R1_Ca
B_hgb_adaptive,Sp,0,,,,,,R1_Ca
B_hgb_adaptive,S2p,0,,,,,,R1_Ca
B_hgb_adaptive,Qalpha,0,,,,,,R1_Ca
B_hgb_adaptive,delta2n,15,2.332671767252854,2.9028786888590523,-0.2623452543505929,1.9008078126457804,5.218093052639131,R1_Ca
B_hgb_adaptive,delta2p,0,,,,,,R1_Ca
B_mlp_data,Sn,18,1.4171757605660358,1.7161916721565367,-0.01036729661569148,1.2356540811977368,2.9312312252328,R1_Ca
B_mlp_data,S2n,17,2.30503697738821,2.7046503374404702,-0.18749368860992424,2.3460568187542776,4.544273180357413,R1_Ca
B_mlp_data,Sp,0,,,,,,R1_Ca
B_mlp_data,S2p,0,,,,,,R1_Ca
B_mlp_data,Qalpha,0,,,,,,R1_Ca
B_mlp_data,delta2n,15,2.876209642992152,3.425946406478738,-0.7928439396744921,2.323165145599262,6.155719841914548,R1_Ca
B_mlp_data,delta2p,0,,,,,,R1_Ca
B_mlp_soft,Sn,18,1.017271512123459,1.250163929588442,-0.18259816864326378,0.9026219961982349,2.16025457334739,R1_Ca
B_mlp_soft,S2n,17,1.7387371248646626,2.1526958825061646,-0.5013085932689458,1.3444194433769212,3.75392190795211,R1_Ca
B_mlp_soft,Sp,0,,,,,,R1_Ca
B_mlp_soft,S2p,0,,,,,,R1_Ca
B_mlp_soft,Qalpha,0,,,,,,R1_Ca
B_mlp_soft,delta2n,15,2.197543861773158,2.5653601077666948,-0.09253733497371665,2.3741556950920994,4.0583853126813825,R1_Ca
B_mlp_soft,delta2p,0,,,,,,R1_Ca
B_mlp_residual,Sn,18,0.834067740376595,0.9827637999305753,-0.10664596941653157,0.7289588789749075,1.7014174824388701,R1_Ca
B_mlp_residual,S2n,17,1.2454265812095353,1.5902211063044944,-0.316122137867868,0.976305007297924,2.7479000134569893,R1_Ca
B_mlp_residual,Sp,0,,,,,,R1_Ca
B_mlp_residual,S2p,0,,,,,,R1_Ca
B_mlp_residual,Qalpha,0,,,,,,R1_Ca
B_mlp_residual,delta2n,15,1.597738014468098,1.924594410467975,-0.00823600522370498,1.4457879306352766,3.4294105501817342,R1_Ca
B_mlp_residual,delta2p,0,,,,,,R1_Ca
B_mlp_adaptive,Sn,18,1.0031413857378924,1.2507962749781913,-0.14216450741422035,0.9370983626156715,2.176611529563772,R1_Ca
B_mlp_adaptive,S2n,17,1.7043912968447263,2.1281183310600307,-0.4280681498169288,1.2842441710191679,3.6676361051419115,R1_Ca
B_mlp_adaptive,Sp,0,,,,,,R1_Ca
B_mlp_adaptive,S2p,0,,,,,,R1_Ca
B_mlp_adaptive,Qalpha,0,,,,,,R1_Ca
B_mlp_adaptive,delta2n,15,2.1961034519276494,2.558292142410555,-0.1701556801694513,2.2499897645145097,3.957731931957044,R1_Ca
B_mlp_adaptive,delta2p,0,,,,,,R1_Ca
B_ridge_data,Sn,18,0.9496657771206477,1.120258457635083,0.0004985676178850756,1.0213328306296319,1.8690210737532367,R1_Ca
B_ridge_data,S2n,17,1.4338866872391336,1.7878662282176994,-0.1408811600185499,1.5468751896800654,3.1631301630135225,R1_Ca
B_ridge_data,Sp,0,,,,,,R1_Ca
B_ridge_data,S2p,0,,,,,,R1_Ca
B_ridge_data,Qalpha,0,,,,,,R1_Ca
B_ridge_data,delta2n,15,2.0314307436403243,2.332500434620707,-0.06742747384934471,1.858574463307889,3.9701767889239474,R1_Ca
B_ridge_data,delta2p,0,,,,,,R1_Ca
B_ridge_soft,Sn,18,0.9496657771206477,1.120258457635083,0.0004985676178850756,1.0213328306296319,1.8690210737532367,R1_Ca
B_ridge_soft,S2n,17,1.4338866872391336,1.7878662282176994,-0.1408811600185499,1.5468751896800654,3.1631301630135225,R1_Ca
B_ridge_soft,Sp,0,,,,,,R1_Ca
B_ridge_soft,S2p,0,,,,,,R1_Ca
B_ridge_soft,Qalpha,0,,,,,,R1_Ca
B_ridge_soft,delta2n,15,2.0314307436403243,2.332500434620707,-0.06742747384934471,1.858574463307889,3.9701767889239474,R1_Ca
B_ridge_soft,delta2p,0,,,,,,R1_Ca
B_ridge_residual,Sn,18,0.9205214249779267,1.0921172091935063,-0.03963448763551961,0.9397350961671123,1.8223613541080539,R1_Ca
B_ridge_residual,S2n,17,1.4429486744604907,1.7795456228389865,-0.2317334391236025,1.2757090411603258,3.0611491541667415,R1_Ca
B_ridge_residual,Sp,0,,,,,,R1_Ca
B_ridge_residual,S2p,0,,,,,,R1_Ca
B_ridge_residual,Qalpha,0,,,,,,R1_Ca
B_ridge_residual,delta2n,15,1.9669519778596964,2.3007700170076584,0.011309455478381854,1.7549744596200867,3.9487589968895294,R1_Ca
B_ridge_residual,delta2p,0,,,,,,R1_Ca
B_ridge_adaptive,Sn,18,0.9661837930979718,1.1292491741401314,-0.06465579014563458,0.8808136517372702,1.8460558633461401,R1_Ca
B_ridge_adaptive,S2n,17,1.4446467651244126,1.838219776758113,-0.2767754143573531,1.3083263192926324,3.335911106768776,R1_Ca
B_ridge_adaptive,Sp,0,,,,,,R1_Ca
B_ridge_adaptive,S2p,0,,,,,,R1_Ca
B_ridge_adaptive,Qalpha,0,,,,,,R1_Ca
B_ridge_adaptive,delta2n,15,2.014161508419424,2.3227103244127623,0.04045637426007716,2.0139614185317214,3.8748416350729764,R1_Ca
B_ridge_adaptive,delta2p,0,,,,,,R1_Ca
B_bwn,Sn,18,0.7586542426375174,0.9576799238126912,0.0373620960535498,0.6055266902052665,1.6231388847102144,R1_Ca
B_bwn,S2n,17,1.1618090056213244,1.4621855366284449,0.018318745870718592,1.0678036735034198,2.4677766244459005,R1_Ca
B_bwn,Sp,0,,,,,,R1_Ca
B_bwn,S2p,0,,,,,,R1_Ca
B_bwn,Qalpha,0,,,,,,R1_Ca
B_bwn,delta2n,15,1.7071439340362076,2.175343400724961,-0.026502528639897112,1.1014603709727453,4.372484844391982,R1_Ca
B_bwn,delta2p,0,,,,,,R1_Ca
B_semf,Sn,31,0.846508702990135,1.0094151696731166,-0.13981367684590945,0.8789697106458334,1.7119000926539911,R1_Sn
B_semf,S2n,30,1.5673220558655012,1.8445430613216598,-0.36113207853528595,1.5415923027964027,3.1331943343678055,R1_Sn
B_semf,Sp,0,,,,,,R1_Sn
B_semf,S2p,0,,,,,,R1_Sn
B_semf,Qalpha,0,,,,,,R1_Sn
B_semf,delta2n,28,0.8133522918591203,1.3716009939327907,0.021834022848545537,0.4855912210118163,2.7610735441930943,R1_Sn
B_semf,delta2p,0,,,,,,R1_Sn
B_hgb_data,Sn,31,1.301846703257506,1.7381149368888684,-0.13056623538381934,1.176838746944668,3.600131822040396,R1_Sn
B_hgb_data,S2n,30,1.6690398401246018,2.0813965348062196,-0.20486088918499187,1.3727543422868962,4.232860156167248,R1_Sn
B_hgb_data,Sp,0,,,,,,R1_Sn
B_hgb_data,S2p,0,,,,,,R1_Sn
B_hgb_data,Qalpha,0,,,,,,R1_Sn
B_hgb_data,delta2n,28,2.9187364873211834,3.517773387650246,-0.25831602576950885,2.814158648050011,6.213365272403911,R1_Sn
B_hgb_data,delta2p,0,,,,,,R1_Sn
B_hgb_soft,Sn,31,0.7721398670016221,0.9430890380907733,-0.13611470026107267,0.7087670704733,1.5539539212368254,R1_Sn
B_hgb_soft,S2n,30,1.1914615967566344,1.4703423426436906,-0.29862360279516525,1.0184546545496573,2.8440710836782923,R1_Sn
B_hgb_soft,Sp,0,,,,,,R1_Sn
B_hgb_soft,S2p,0,,,,,,R1_Sn
B_hgb_soft,Qalpha,0,,,,,,R1_Sn
B_hgb_soft,delta2n,28,1.442060917181282,1.8584044914969107,-0.09022599659867378,1.060810479476686,3.1103559546737296,R1_Sn
B_hgb_soft,delta2p,0,,,,,,R1_Sn
B_hgb_residual,Sn,31,0.2605825403329031,0.3711373784316517,-0.02495055835688911,0.16905296842401185,0.6283894289009595,R1_Sn
B_hgb_residual,S2n,30,0.2999951118929137,0.503413675279967,-0.07523785841054102,0.15159098793935755,1.26401977199822,R1_Sn
B_hgb_residual,Sp,0,,,,,,R1_Sn
B_hgb_residual,S2p,0,,,,,,R1_Sn
B_hgb_residual,Qalpha,0,,,,,,R1_Sn
B_hgb_residual,delta2n,28,0.5612237142324099,0.8307800364089385,-0.04087298408814734,0.3885316637043843,1.8563546977510779,R1_Sn
B_hgb_residual,delta2p,0,,,,,,R1_Sn
B_hgb_adaptive,Sn,31,0.880757883741408,1.1144181091073389,-0.06150470750025115,0.745011628310067,1.96165078775266,R1_Sn
B_hgb_adaptive,S2n,30,1.1209314356018847,1.4193054552159812,-0.1430473453460839,0.9510379948351328,2.812801145931937,R1_Sn
B_hgb_adaptive,Sp,0,,,,,,R1_Sn
B_hgb_adaptive,S2p,0,,,,,,R1_Sn
B_hgb_adaptive,Qalpha,0,,,,,,R1_Sn
B_hgb_adaptive,delta2n,28,1.792782170477072,2.21959389664442,-0.11539852372757357,1.591671452602668,3.992544306991601,R1_Sn
B_hgb_adaptive,delta2p,0,,,,,,R1_Sn
B_mlp_data,Sn,31,0.783497582081696,1.1042078814671288,0.057841089423336156,0.5980183100421073,2.5073216972535874,R1_Sn
B_mlp_data,S2n,30,1.3559411044542837,1.8950007881535775,0.08212175986976339,1.0651604009704556,4.249006769861445,R1_Sn
B_mlp_data,Sp,0,,,,,,R1_Sn
B_mlp_data,S2p,0,,,,,,R1_Sn
B_mlp_data,Qalpha,0,,,,,,R1_Sn
B_mlp_data,delta2n,28,1.0314551362679407,1.702274305911528,-0.5231491261921073,0.4688140342802285,3.471516204958242,R1_Sn
B_mlp_data,delta2p,0,,,,,,R1_Sn
B_mlp_soft,Sn,31,0.7318501542952163,0.8821673721407098,-0.06075177033820974,0.6877620054433464,1.4522743190277652,R1_Sn
B_mlp_soft,S2n,30,1.3323696414820536,1.5915051749215328,-0.18383054317326544,1.034304243851068,3.022494109196949,R1_Sn
B_mlp_soft,Sp,0,,,,,,R1_Sn
B_mlp_soft,S2p,0,,,,,,R1_Sn
B_mlp_soft,Qalpha,0,,,,,,R1_Sn
B_mlp_soft,delta2n,28,0.6997488739917108,1.4401186469455958,-0.19615923676771882,0.24590930933641175,3.045250608499099,R1_Sn
B_mlp_soft,delta2p,0,,,,,,R1_Sn
B_mlp_residual,Sn,31,0.24183984695629268,0.33269132622188824,-0.016390783943965318,0.17212796610624537,0.6878289023883895,R1_Sn
B_mlp_residual,S2n,30,0.2658651952088159,0.3806578869688849,-0.03486790529534194,0.2017427512721497,0.8670460389806844,R1_Sn
B_mlp_residual,Sp,0,,,,,,R1_Sn
B_mlp_residual,S2p,0,,,,,,R1_Sn
B_mlp_residual,Qalpha,0,,,,,,R1_Sn
B_mlp_residual,delta2n,28,0.27930992733572324,0.5205186406625214,-0.035574840369905915,0.13797379111747432,0.7874898493194222,R1_Sn
B_mlp_residual,delta2p,0,,,,,,R1_Sn
B_mlp_adaptive,Sn,31,0.7401030825038348,0.9161151253489456,0.004802752634044473,0.6527090561885416,1.9672532500429725,R1_Sn
B_mlp_adaptive,S2n,30,1.3427266730607774,1.6239780100000902,-0.0755814379987972,1.0234144505155314,3.1642164407636693,R1_Sn
B_mlp_adaptive,Sp,0,,,,,,R1_Sn
B_mlp_adaptive,S2p,0,,,,,,R1_Sn
B_mlp_adaptive,Qalpha,0,,,,,,R1_Sn
B_mlp_adaptive,delta2n,28,0.701042696958597,1.4731847840073835,-0.22833932165944962,0.23605141733844448,3.169567813535831,R1_Sn
B_mlp_adaptive,delta2p,0,,,,,,R1_Sn
B_ridge_data,Sn,31,0.5723986516694815,0.7776598411646705,-0.11486023163428355,0.36208953380537423,1.5944821950664618,R1_Sn
B_ridge_data,S2n,30,0.9943599315283981,1.3360674873918674,-0.29066461887304057,0.6948763612958828,2.6472236305983072,R1_Sn
B_ridge_data,Sp,0,,,,,,R1_Sn
B_ridge_data,S2p,0,,,,,,R1_Sn
B_ridge_data,Qalpha,0,,,,,,R1_Sn
B_ridge_data,delta2n,28,0.6545707862836464,1.318563909793796,-0.1466766210217705,0.3383220485483207,2.6979267629322967,R1_Sn
B_ridge_data,delta2p,0,,,,,,R1_Sn
B_ridge_soft,Sn,31,0.5723986516694815,0.7776598411646705,-0.11486023163428355,0.36208953380537423,1.5944821950664618,R1_Sn
B_ridge_soft,S2n,30,0.9943599315283981,1.3360674873918674,-0.29066461887304057,0.6948763612958828,2.6472236305983072,R1_Sn
B_ridge_soft,Sp,0,,,,,,R1_Sn
B_ridge_soft,S2p,0,,,,,,R1_Sn
B_ridge_soft,Qalpha,0,,,,,,R1_Sn
B_ridge_soft,delta2n,28,0.6545707862836464,1.318563909793796,-0.1466766210217705,0.3383220485483207,2.6979267629322967,R1_Sn
B_ridge_soft,delta2p,0,,,,,,R1_Sn
B_ridge_residual,Sn,31,0.5626479996738586,0.7438182761700132,-0.08662461045814633,0.3985721701433249,1.4292299717147898,R1_Sn
B_ridge_residual,S2n,30,1.0078455291544135,1.334554603681322,-0.22521298236173,0.8279516271789475,2.69520878079229,R1_Sn
B_ridge_residual,Sp,0,,,,,,R1_Sn
B_ridge_residual,S2p,0,,,,,,R1_Sn
B_ridge_residual,Qalpha,0,,,,,,R1_Sn
B_ridge_residual,delta2n,28,0.6684965544724345,1.3133172226810386,-0.12802660464953824,0.3461652044879884,2.696902335297067,R1_Sn
B_ridge_residual,delta2p,0,,,,,,R1_Sn
B_ridge_adaptive,Sn,31,0.6329400629909896,0.8119717585855895,-0.1173727190881077,0.5576114533701002,1.5725543567554041,R1_Sn
B_ridge_adaptive,S2n,30,1.147035167657278,1.444096194657719,-0.2950340401822852,0.995484835557761,2.717083593156928,R1_Sn
B_ridge_adaptive,Sp,0,,,,,,R1_Sn
B_ridge_adaptive,S2p,0,,,,,,R1_Sn
B_ridge_adaptive,Qalpha,0,,,,,,R1_Sn
B_ridge_adaptive,delta2n,28,0.695042429378751,1.326586463169671,-0.10119265006328046,0.3802740076848181,2.70891538571227,R1_Sn
B_ridge_adaptive,delta2p,0,,,,,,R1_Sn
B_bwn,Sn,31,0.29783594226705645,0.39842613846040037,-0.05975022368736591,0.2192256185117003,0.6979504685141364,R1_Sn
B_bwn,S2n,30,0.3862266333728333,0.5431836310822048,-0.10711116343555507,0.29557796887831955,1.203672488957669,R1_Sn
B_bwn,Sp,0,,,,,,R1_Sn
B_bwn,S2p,0,,,,,,R1_Sn
B_bwn,Qalpha,0,,,,,,R1_Sn
B_bwn,delta2n,28,0.4607475958555491,0.774163636526531,-0.0871905399083427,0.2814279291441153,1.3682080177279425,R1_Sn
B_bwn,delta2p,0,,,,,,R1_Sn
B_semf,Sn,21,0.682506775201202,0.8044496229098056,-0.04292102051622188,0.6191467090781089,1.259257783948783,R1_Ni
B_semf,S2n,20,1.226750710522245,1.4676976477413577,-0.02557409745375878,1.0436656260142172,2.5661005148836953,R1_Ni
B_semf,Sp,0,,,,,,R1_Ni
B_semf,S2p,0,,,,,,R1_Ni
B_semf,Qalpha,0,,,,,,R1_Ni
B_semf,delta2n,18,1.1611188584937002,1.5692404838960168,0.11839973632618239,0.8664830478044223,2.887572418215213,R1_Ni
B_semf,delta2p,0,,,,,,R1_Ni
B_hgb_data,Sn,21,1.4925466451876122,1.8400275040487832,-0.21905448608591932,1.317705687770001,3.351531234339859,R1_Ni
B_hgb_data,S2n,20,1.5807137176374824,2.138902967823045,-0.5269964648373247,1.019405734476976,4.673537047394336,R1_Ni
B_hgb_data,Sp,0,,,,,,R1_Ni
B_hgb_data,S2p,0,,,,,,R1_Ni
B_hgb_data,Qalpha,0,,,,,,R1_Ni
B_hgb_data,delta2n,18,2.4224409559930677,2.854397155237424,-0.4286701405479916,1.8500724785602927,4.894290307563251,R1_Ni
B_hgb_data,delta2p,0,,,,,,R1_Ni
B_hgb_soft,Sn,21,0.6612053986496724,0.8208748472210482,-0.11337440674409868,0.5441170463990375,1.6199499304175902,R1_Ni
B_hgb_soft,S2n,20,0.9669894792901005,1.1818421895594928,-0.2261430444071834,0.7876426412065598,2.218497433489893,R1_Ni
B_hgb_soft,Sp,0,,,,,,R1_Ni
B_hgb_soft,S2p,0,,,,,,R1_Ni
B_hgb_soft,Qalpha,0,,,,,,R1_Ni
B_hgb_soft,delta2n,18,1.2172768944748844,1.444585584748973,-0.10042821442347834,1.0704472355241137,2.80100526849975,R1_Ni
B_hgb_soft,delta2p,0,,,,,,R1_Ni
B_hgb_residual,Sn,21,0.28190408844552567,0.38053803022688965,0.0480132773544196,0.2502976974500939,0.6937569975222004,R1_Ni
B_hgb_residual,S2n,20,0.39466184056958864,0.5553643205992267,0.04528270452358072,0.25931272466846167,0.96055987796068,R1_Ni
B_hgb_residual,Sp,0,,,,,,R1_Ni
B_hgb_residual,S2p,0,,,,,,R1_Ni
B_hgb_residual,Qalpha,0,,,,,,R1_Ni
B_hgb_residual,delta2n,18,0.6514321247011152,0.8202152120709348,-0.13979877492646312,0.6087361588815554,1.4863295107424783,R1_Ni
B_hgb_residual,delta2p,0,,,,,,R1_Ni
B_hgb_adaptive,Sn,21,0.8598754499208591,1.0674269011764586,-0.122521977077968,0.6623320421486483,1.9338632694004332,R1_Ni
B_hgb_adaptive,S2n,20,1.0580457004389587,1.3203008932230165,-0.28093346490981047,0.8997256154212607,2.846816726034422,R1_Ni
B_hgb_adaptive,Sp,0,,,,,,R1_Ni
B_hgb_adaptive,S2p,0,,,,,,R1_Ni
B_hgb_adaptive,Qalpha,0,,,,,,R1_Ni
B_hgb_adaptive,delta2n,18,1.480480322379132,1.7084512327648265,-0.19251354934877124,1.441283671255519,2.7759862707854537,R1_Ni
B_hgb_adaptive,delta2p,0,,,,,,R1_Ni
B_mlp_data,Sn,21,1.449125440832136,2.061352699167503,-0.4543433859219265,0.7387115767495516,4.261093588537619,R1_Ni
B_mlp_data,S2n,20,2.516379644610595,3.644393331110969,-0.7508857931031117,1.737335483519331,8.392005433232663,R1_Ni
B_mlp_data,Sp,0,,,,,,R1_Ni
B_mlp_data,S2p,0,,,,,,R1_Ni
B_mlp_data,Qalpha,0,,,,,,R1_Ni
B_mlp_data,delta2n,18,2.185772729286321,2.975507658862701,-1.0553691196675585,1.5174960895462846,5.993066016126161,R1_Ni
B_mlp_data,delta2p,0,,,,,,R1_Ni
B_mlp_soft,Sn,21,0.9057927424653966,1.1353742361629382,-0.2074899666785032,0.9153699687803964,2.27845491544565,R1_Ni
B_mlp_soft,S2n,20,1.5626237507029317,2.0320615415274905,-0.31569877571350274,1.296618297732266,4.195153338365489,R1_Ni
B_mlp_soft,Sp,0,,,,,,R1_Ni
B_mlp_soft,S2p,0,,,,,,R1_Ni
B_mlp_soft,Qalpha,0,,,,,,R1_Ni
B_mlp_soft,delta2n,18,1.3422020038154112,1.999981440311303,-0.3511078060713102,0.8318238930625057,4.129769857379474,R1_Ni
B_mlp_soft,delta2p,0,,,,,,R1_Ni
B_mlp_residual,Sn,21,0.51333448297491,0.6389269368660624,0.03291000036755133,0.4254747048828449,1.1790411944326706,R1_Ni
B_mlp_residual,S2n,20,0.8557682830365081,1.0877129898806295,0.12473738297307477,0.6331949716451959,2.010519308037997,R1_Ni
B_mlp_residual,Sp,0,,,,,,R1_Ni
B_mlp_residual,S2p,0,,,,,,R1_Ni
B_mlp_residual,Qalpha,0,,,,,,R1_Ni
B_mlp_residual,delta2n,18,0.8651438365350069,1.3555032231833277,-0.28913471851353734,0.6713408854789975,2.224060300352146,R1_Ni
B_mlp_residual,delta2p,0,,,,,,R1_Ni
B_mlp_adaptive,Sn,21,0.9161680063720122,1.196173320008228,-0.211156195366576,0.878241115489061,2.445855156223047,R1_Ni
B_mlp_adaptive,S2n,20,1.5741054452353325,2.120623185491105,-0.31712561213989543,1.3808879277635242,4.524979804274833,R1_Ni
B_mlp_adaptive,Sp,0,,,,,,R1_Ni
B_mlp_adaptive,S2p,0,,,,,,R1_Ni
B_mlp_adaptive,Qalpha,0,,,,,,R1_Ni
B_mlp_adaptive,delta2n,18,1.3776208974615196,2.0391043316181072,-0.4591104414908911,0.7870584512412506,4.076714192677368,R1_Ni
B_mlp_adaptive,delta2p,0,,,,,,R1_Ni
B_ridge_data,Sn,21,0.6234646592333477,0.8642496807352691,0.009289729195218331,0.31808295040707435,1.8700108623865503,R1_Ni
B_ridge_data,S2n,20,1.037507944092539,1.3926467142117018,0.032577925538782894,0.7773881885628384,3.2350510905922962,R1_Ni
B_ridge_data,Sp,0,,,,,,R1_Ni
B_ridge_data,S2p,0,,,,,,R1_Ni
B_ridge_data,Qalpha,0,,,,,,R1_Ni
B_ridge_data,delta2n,18,0.9901164920535229,1.5744595457393624,-0.26832736188995593,0.5098181701979456,3.2647233330606267,R1_Ni
B_ridge_data,delta2p,0,,,,,,R1_Ni
B_ridge_soft,Sn,21,0.6234646592333477,0.8642496807352691,0.009289729195218331,0.31808295040707435,1.8700108623865503,R1_Ni
B_ridge_soft,S2n,20,1.037507944092539,1.3926467142117018,0.032577925538782894,0.7773881885628384,3.2350510905922962,R1_Ni
B_ridge_soft,Sp,0,,,,,,R1_Ni
B_ridge_soft,S2p,0,,,,,,R1_Ni
B_ridge_soft,Qalpha,0,,,,,,R1_Ni
B_ridge_soft,delta2n,18,0.9901164920535229,1.5744595457393624,-0.26832736188995593,0.5098181701979456,3.2647233330606267,R1_Ni
B_ridge_soft,delta2p,0,,,,,,R1_Ni
B_ridge_residual,Sn,21,0.4557015606802923,0.6313975643661852,0.013287148479459379,0.30145805588574603,1.3850391689359185,R1_Ni
B_ridge_residual,S2n,20,0.8374041490932456,1.1305793121841732,0.058993722315901206,0.5629138583994973,2.2033887958698704,R1_Ni
B_ridge_residual,Sp,0,,,,,,R1_Ni
B_ridge_residual,S2p,0,,,,,,R1_Ni
B_ridge_residual,Qalpha,0,,,,,,R1_Ni
B_ridge_residual,delta2n,18,0.9505153902815222,1.47394115460575,-0.15481593796855955,0.5120450623882675,2.8753235002330935,R1_Ni
B_ridge_residual,delta2p,0,,,,,,R1_Ni
B_ridge_adaptive,Sn,21,0.5361507884613004,0.7405288849822103,-0.0045848010784246595,0.35408458779988905,1.6400888187457667,R1_Ni
B_ridge_adaptive,S2n,20,1.0036204350964937,1.3078389098413996,0.022557097552285653,0.7723468121427004,2.783486066325517,R1_Ni
B_ridge_adaptive,Sp,0,,,,,,R1_Ni
B_ridge_adaptive,S2p,0,,,,,,R1_Ni
B_ridge_adaptive,Qalpha,0,,,,,,R1_Ni
B_ridge_adaptive,delta2n,18,1.0260879147368043,1.5551724624950762,-0.16525690837681534,0.5978139730376313,3.1344134350017923,R1_Ni
B_ridge_adaptive,delta2p,0,,,,,,R1_Ni
B_semf,Sn,37,0.709100571766268,0.8102054451398757,0.08730804987398359,0.7129417749004006,1.370798405760888,R1_Pb
B_semf,S2n,36,1.1782026015661762,1.401265867851954,0.12013216884076883,1.1122886640707748,2.6611507152969693,R1_Pb
B_semf,Sp,0,,,,,,R1_Pb
B_semf,S2p,0,,,,,,R1_Pb
B_semf,Qalpha,0,,,,,,R1_Pb
B_semf,delta2n,34,0.480205948188728,0.9839739359386646,-0.05979256554667914,0.2535134593300654,2.1432967323312115,R1_Pb
B_semf,delta2p,0,,,,,,R1_Pb
B_hgb_data,Sn,37,1.3079808841152585,1.656422587617961,-0.08874718141171527,1.1095675302151449,3.226096818846598,R1_Pb
B_hgb_data,S2n,36,1.6043537997851633,2.0002015301085865,-0.2024845503579387,1.3782755568796574,4.0130175612574135,R1_Pb
B_hgb_data,Sp,0,,,,,,R1_Pb
B_hgb_data,S2p,0,,,,,,R1_Pb
B_hgb_data,Qalpha,0,,,,,,R1_Pb
B_hgb_data,delta2n,34,2.1876709283745535,2.769695807643248,-0.41275381231846897,1.4956595878479675,5.715884967040084,R1_Pb
B_hgb_data,delta2p,0,,,,,,R1_Pb
B_hgb_soft,Sn,37,0.6402968055482492,0.8377463388513996,0.016885957359695444,0.44688377890179254,1.6065572474803957,R1_Pb
B_hgb_soft,S2n,36,0.8811981441937999,1.191080352849458,-0.008914518838720496,0.6611820931287866,2.6573806197868635,R1_Pb
B_hgb_soft,Sp,0,,,,,,R1_Pb
B_hgb_soft,S2p,0,,,,,,R1_Pb
B_hgb_soft,Qalpha,0,,,,,,R1_Pb
B_hgb_soft,delta2n,34,0.928802564104083,1.1903029658188484,-0.20097706425539238,0.6377578672994559,2.4559600906804455,R1_Pb
B_hgb_soft,delta2p,0,,,,,,R1_Pb
B_hgb_residual,Sn,37,0.24292561004635038,0.31076475445121027,0.0013799770046495502,0.17730042982270788,0.62859025632988,R1_Pb
B_hgb_residual,S2n,36,0.2618872424629267,0.372636234281323,-0.004560316723617082,0.1840539702031947,0.8752945515308284,R1_Pb
B_hgb_residual,Sp,0,,,,,,R1_Pb
B_hgb_residual,S2p,0,,,,,,R1_Pb
B_hgb_residual,Qalpha,0,,,,,,R1_Pb
B_hgb_residual,delta2n,34,0.3931263359356161,0.5717644194767807,0.029932468012067576,0.2149151997637091,1.218389311480109,R1_Pb
B_hgb_residual,delta2p,0,,,,,,R1_Pb
B_hgb_adaptive,Sn,37,0.7612428694451471,1.0083951679750844,0.04835480161727286,0.6398705870408321,1.8694612268107444,R1_Pb
B_hgb_adaptive,S2n,36,0.8503689264903692,1.2575816831064646,0.03628323390986073,0.656180308754756,3.131455640001093,R1_Pb
B_hgb_adaptive,Sp,0,,,,,,R1_Pb
B_hgb_adaptive,S2p,0,,,,,,R1_Pb
B_hgb_adaptive,Qalpha,0,,,,,,R1_Pb
B_hgb_adaptive,delta2n,34,1.2093207010203273,1.5944046188213576,-0.24460621187333398,0.9699337644873367,3.5774837746365846,R1_Pb
B_hgb_adaptive,delta2p,0,,,,,,R1_Pb
B_mlp_data,Sn,37,1.112327270564996,1.645801333455598,-0.26286083534502747,0.7889883971765812,2.993502240429961,R1_Pb
B_mlp_data,S2n,36,1.7973786337219748,2.3947046768278497,-0.44365863464274624,1.679567892773548,3.855084490639001,R1_Pb
B_mlp_data,Sp,0,,,,,,R1_Pb
B_mlp_data,S2p,0,,,,,,R1_Pb
B_mlp_data,Qalpha,0,,,,,,R1_Pb
B_mlp_data,delta2n,34,0.8221020292915201,1.3739601840825035,-0.5310459135111735,0.37093037405657014,3.435021220259284,R1_Pb
B_mlp_data,delta2p,0,,,,,,R1_Pb
B_mlp_soft,Sn,37,0.7565875895496029,0.9141464774995506,-0.05275950421362206,0.6705858300852015,1.853994474871797,R1_Pb
B_mlp_soft,S2n,36,1.1700695062047797,1.5158114537562497,-0.10538415255263721,0.6849118952544586,3.018724437839296,R1_Pb
B_mlp_soft,Sp,0,,,,,,R1_Pb
B_mlp_soft,S2p,0,,,,,,R1_Pb
B_mlp_soft,Qalpha,0,,,,,,R1_Pb
B_mlp_soft,delta2n,34,0.4750985404539011,1.0557143171300922,-0.24829390473247687,0.1642675580078503,2.3199318763234915,R1_Pb
B_mlp_soft,delta2p,0,,,,,,R1_Pb
B_mlp_residual,Sn,37,0.21444454817651604,0.2716218155910028,-0.023868361348051523,0.15615578916799677,0.5181727069013503,R1_Pb
B_mlp_residual,S2n,36,0.19642298417886017,0.3384031360266878,-0.05841643366460403,0.08858085934718929,0.8997815084937884,R1_Pb
B_mlp_residual,Sp,0,,,,,,R1_Pb
B_mlp_residual,S2p,0,,,,,,R1_Pb
B_mlp_residual,Qalpha,0,,,,,,R1_Pb
B_mlp_residual,delta2n,34,0.26836940696271355,0.4729281653315711,0.0014747486814030708,0.11079897432045982,1.005875237136331,R1_Pb
B_mlp_residual,delta2p,0,,,,,,R1_Pb
B_mlp_adaptive,Sn,37,0.7765094072170984,0.9941856649446468,-0.041975482625226455,0.7018555980948804,2.083220815709956,R1_Pb
B_mlp_adaptive,S2n,36,1.208923334608907,1.5970833418813966,-0.07178312195121508,0.6373001176569915,3.177706338939913,R1_Pb
B_mlp_adaptive,Sp,0,,,,,,R1_Pb
B_mlp_adaptive,S2p,0,,,,,,R1_Pb
B_mlp_adaptive,Qalpha,0,,,,,,R1_Pb
B_mlp_adaptive,delta2n,34,0.49904906611370464,1.0860143658561572,-0.27616857414753826,0.1188491920480601,2.3790954849920896,R1_Pb
B_mlp_adaptive,delta2p,0,,,,,,R1_Pb
B_ridge_data,Sn,37,0.4951465658625939,0.6563561976428359,-0.05636406855393722,0.3689389593678243,1.4765476607350134,R1_Pb
B_ridge_data,S2n,36,0.9342059583387368,1.19325658782971,-0.10879499171018854,0.8424394856941717,2.311293908292498,R1_Pb
B_ridge_data,Sp,0,,,,,,R1_Pb
B_ridge_data,S2p,0,,,,,,R1_Pb
B_ridge_data,Qalpha,0,,,,,,R1_Pb
B_ridge_data,delta2n,34,0.43775462202470006,0.9504801734781636,-0.0776282894766061,0.16609847407619327,1.9970674355185767,R1_Pb
B_ridge_data,delta2p,0,,,,,,R1_Pb
B_ridge_soft,Sn,37,0.4951465658625939,0.6563561976428359,-0.05636406855393722,0.3689389593678243,1.4765476607350134,R1_Pb
B_ridge_soft,S2n,36,0.9342059583387368,1.19325658782971,-0.10879499171018854,0.8424394856941717,2.311293908292498,R1_Pb
B_ridge_soft,Sp,0,,,,,,R1_Pb
B_ridge_soft,S2p,0,,,,,,R1_Pb
B_ridge_soft,Qalpha,0,,,,,,R1_Pb
B_ridge_soft,delta2n,34,0.43775462202470006,0.9504801734781636,-0.0776282894766061,0.16609847407619327,1.9970674355185767,R1_Pb
B_ridge_soft,delta2p,0,,,,,,R1_Pb
B_ridge_residual,Sn,37,0.5076928676604082,0.6264281281124887,-0.08347123139717927,0.4884547841465974,1.2209987793044548,R1_Pb
B_ridge_residual,S2n,36,0.9230027449021286,1.1705914860468551,-0.17227682976415004,0.8487148437078531,2.138609328478992,R1_Pb
B_ridge_residual,Sp,0,,,,,,R1_Pb
B_ridge_residual,S2p,0,,,,,,R1_Pb
B_ridge_residual,Qalpha,0,,,,,,R1_Pb
B_ridge_residual,delta2n,34,0.4376885591696678,0.9459233016775205,-0.0687327236572561,0.16348883942384873,1.9864297144262966,R1_Pb
B_ridge_residual,delta2p,0,,,,,,R1_Pb
B_ridge_adaptive,Sn,37,0.5012157096127733,0.6587117493076865,-0.016248237309797776,0.42286853073483144,1.3953829237973872,R1_Pb
B_ridge_adaptive,S2n,36,0.9981384200465363,1.2378763644436999,-0.04244758192402287,0.8939353399589436,2.3928949778285187,R1_Pb
B_ridge_adaptive,Sp,0,,,,,,R1_Pb
B_ridge_adaptive,S2p,0,,,,,,R1_Pb
B_ridge_adaptive,Qalpha,0,,,,,,R1_Pb
B_ridge_adaptive,delta2n,34,0.44816804635752305,0.9565501899840531,-0.07040218932812582,0.17995500988047297,2.0329973944019657,R1_Pb
B_ridge_adaptive,delta2p,0,,,,,,R1_Pb
B_semf,Sn,390,0.6174613166541871,0.8181791566040463,-0.21040341569267174,0.4731303712363797,1.686563079462106,R2_neutron_rich
B_semf,S2n,307,1.0886057645003246,1.4390247752601864,-0.3975576916557077,0.8650680589726107,3.103282316841512,R2_neutron_rich
B_semf,Sp,330,0.8070599431265362,1.1261416038314074,0.5132532812509317,0.5623645588761974,2.2335844396628186,R2_neutron_rich
B_semf,S2p,219,1.5272436636609066,2.045906693458935,0.9896211472286903,0.9979924207402746,4.2186283089129,R2_neutron_rich
B_semf,Qalpha,0,,,,,,R2_neutron_rich
B_semf,delta2n,143,0.47279730588134655,1.0470129759914188,-0.1784680417113818,0.1870231533819151,2.364371729180767,R2_neutron_rich
B_semf,delta2p,58,0.629030486546032,1.417765393728763,-0.15688368323417073,0.23769836027895508,3.3528327732804515,R2_neutron_rich
B_hgb_data,Sn,390,3.083426419452877,3.812548400144815,2.694724993458223,2.751994062038193,6.992065479205694,R2_neutron_rich
B_hgb_data,S2n,307,5.80160786430947,6.849247622671648,5.561625149796125,5.078046429513506,12.894773456804682,R2_neutron_rich
B_hgb_data,Sp,330,4.403513700804082,5.117697371789638,-4.335997144977263,4.258747639464332,8.699807115890541,R2_neutron_rich
B_hgb_data,S2p,219,8.684652097040779,9.566727393018683,-8.620529738218417,8.247612586333616,14.957246357607458,R2_neutron_rich
B_hgb_data,Qalpha,0,,,,,,R2_neutron_rich
B_hgb_data,delta2n,143,3.3044006174157454,4.3400218681388685,-1.5702662803613079,2.3859096288613273,9.147339835823095,R2_neutron_rich
B_hgb_data,delta2p,58,4.8368874523606635,5.754290149664831,-3.0997283542227705,4.495877208655486,11.989820738059985,R2_neutron_rich
B_hgb_soft,Sn,390,1.152645762046972,1.4672760205636557,0.9516479479676844,0.9902016521198789,2.9512424056985895,R2_neutron_rich
B_hgb_soft,S2n,307,2.118457522810717,2.548437216978277,1.9861154449250262,1.8535184298211789,5.020892857929175,R2_neutron_rich
B_hgb_soft,Sp,330,1.5288277756447946,1.795989725424654,-1.4264468892403475,1.4670310783054674,3.1485101672920908,R2_neutron_rich
B_hgb_soft,S2p,219,2.9625385103677435,3.3032760713107185,-2.854439206950147,2.847978084909073,5.684382368982779,R2_neutron_rich
B_hgb_soft,Qalpha,0,,,,,,R2_neutron_rich
B_hgb_soft,delta2n,143,1.411436276170902,1.864491118261835,-0.7351873371713356,0.9629712879357157,3.985611258616018,R2_neutron_rich
B_hgb_soft,delta2p,58,2.0975397427897033,2.6001947106835375,-1.3340215516295904,1.6883813052152163,4.919741430287297,R2_neutron_rich
B_hgb_residual,Sn,390,0.5135389607084163,0.7236512954894856,-0.12748184359870027,0.34416609981107626,1.5633072730757283,R2_neutron_rich
B_hgb_residual,S2n,307,0.8385322535180098,1.1797698918129351,-0.26965071200209134,0.5752278415975525,2.8103778250419453,R2_neutron_rich
B_hgb_residual,Sp,330,0.7435509422493037,1.0606306532411203,0.26518460979467273,0.4954504154436563,2.0088197720908285,R2_neutron_rich
B_hgb_residual,S2p,219,1.2397090574107519,1.7244784091586802,0.5561394029256808,0.8023553159059702,3.7255545311534943,R2_neutron_rich
B_hgb_residual,Qalpha,0,,,,,,R2_neutron_rich
B_hgb_residual,delta2n,143,0.7212686876173378,1.1110225512088627,-0.03284658332630376,0.3856507197594965,2.3610040029879547,R2_neutron_rich
B_hgb_residual,delta2p,58,1.0315345580272703,1.5964660130828838,0.11417355162610883,0.6227031153986218,3.1284466595943323,R2_neutron_rich
B_hgb_adaptive,Sn,390,1.6960918839515566,2.1318307717201153,1.5148677612332746,1.437651223532157,4.0682554721583974,R2_neutron_rich
B_hgb_adaptive,S2n,307,3.236450641202593,3.915060401335223,3.1468727683827917,2.8880378747599025,7.458646315011445,R2_neutron_rich
B_hgb_adaptive,Sp,330,2.5002190431658895,3.060414113639471,-2.4482778875428624,2.3056825906621725,5.596748564958671,R2_neutron_rich
B_hgb_adaptive,S2p,219,4.893868729382986,5.594735562979585,-4.857819684566027,4.615298876114139,9.749917420160932,R2_neutron_rich
B_hgb_adaptive,Qalpha,0,,,,,,R2_neutron_rich
B_hgb_adaptive,delta2n,143,1.910558030633893,2.5044137707280014,-1.0270468704561664,1.4089945925863958,4.984439090198863,R2_neutron_rich
B_hgb_adaptive,delta2p,58,2.8988429718171402,3.4668881911902045,-2.2031283345602017,2.605921667630355,6.030101123735312,R2_neutron_rich
B_mlp_data,Sn,390,2.187583251768295,2.6369167626787187,2.0711541704299012,1.9814449364301936,4.7847645275033575,R2_neutron_rich
B_mlp_data,S2n,307,4.158809644607571,4.48330538976169,4.14961873998261,4.089280983191088,7.035618328037071,R2_neutron_rich
B_mlp_data,Sp,330,3.306861266520069,3.9978878723353093,-3.0859874626263366,2.920123828333317,7.484084315850294,R2_neutron_rich
B_mlp_data,S2p,219,6.46481733408728,6.848800653675917,-6.394846205811327,6.385740424507276,9.841027935201646,R2_neutron_rich
B_mlp_data,Qalpha,0,,,,,,R2_neutron_rich
B_mlp_data,delta2n,143,0.9515422319931213,1.4732977308532647,-0.9478555707203654,0.6355485259582565,3.6844293750036634,R2_neutron_rich
B_mlp_data,delta2p,58,2.7207415121871423,3.1701024375378775,-2.7207415121871423,2.413403567719456,6.576498584348393,R2_neutron_rich
B_mlp_soft,Sn,390,0.9357569525400923,1.1487746437158748,0.7022196187563563,0.8235806180477994,2.232027882660689,R2_neutron_rich
B_mlp_soft,S2n,307,1.5939047288581172,1.9188213620059185,1.4213128809996212,1.4362695876729958,3.696546338642656,R2_neutron_rich
B_mlp_soft,Sp,330,1.2745929997793266,1.5571991678687838,-0.9264430162999723,1.1643088347471178,2.949483037020508,R2_neutron_rich
B_mlp_soft,S2p,219,2.290225146991022,2.617642247940529,-1.9641657939873138,2.269274929373978,4.174975944515835,R2_neutron_rich
B_mlp_soft,Qalpha,0,,,,,,R2_neutron_rich
B_mlp_soft,delta2n,143,0.557778666153017,1.1528291218429798,-0.48622305331497034,0.22518342801890867,2.7355370959789758,R2_neutron_rich
B_mlp_soft,delta2p,58,1.196525186905376,1.8563016669709134,-1.182426814815348,0.8471817738914069,4.526516176375808,R2_neutron_rich
B_mlp_residual,Sn,390,0.42030980655948286,0.587874854036239,0.0824059241921714,0.2773052264259377,1.2441180516576458,R2_neutron_rich
B_mlp_residual,S2n,307,0.4337828462347221,0.5899158149577843,0.1490861186472912,0.3262670343347054,1.1745371320853906,R2_neutron_rich
B_mlp_residual,Sp,330,0.5441692204363092,0.8027933058060666,-0.14847799221259603,0.32691749740234854,1.5361728427347032,R2_neutron_rich
B_mlp_residual,S2p,219,0.6772216795207803,0.9849606483165744,-0.20727889742830652,0.37626218333093675,2.1465186878489364,R2_neutron_rich
B_mlp_residual,Qalpha,0,,,,,,R2_neutron_rich
B_mlp_residual,delta2n,143,0.34707355811471075,0.6222752283995708,-0.10720286837811058,0.18701387050009544,1.4636736442809388,R2_neutron_rich
B_mlp_residual,delta2p,58,0.43975073328184755,0.9780647764334902,-0.26057124415037913,0.13609740604294984,2.1459669954486897,R2_neutron_rich
B_mlp_adaptive,Sn,390,1.1722235920142305,1.445062108353834,1.0171763002074197,1.0230550353319927,2.853313766207075,R2_neutron_rich
B_mlp_adaptive,S2n,307,2.108857764946805,2.4771841465482938,2.052624786701043,1.9890516238594955,4.442914318358043,R2_neutron_rich
B_mlp_adaptive,Sp,330,1.677717391569333,2.040531890043906,-1.438941467695112,1.5155396326365462,3.8174450884311057,R2_neutron_rich
B_mlp_adaptive,S2p,219,3.1751488203975504,3.516663277636658,-2.993755129877042,3.271305103935674,5.4634940196988735,R2_neutron_rich
B_mlp_adaptive,Qalpha,0,,,,,,R2_neutron_rich
B_mlp_adaptive,delta2n,143,0.6777092085138541,1.265445943979992,-0.6506210343459864,0.34083677297235226,3.1696841141076924,R2_neutron_rich
B_mlp_adaptive,delta2p,58,1.6940412864575978,2.1996834858310677,-1.6940412864575978,1.3467592826873442,5.014705206143194,R2_neutron_rich
B_ridge_data,Sn,390,0.770134013063823,1.0177303411895648,0.280768031629435,0.6286062373835648,2.039524043749725,R2_neutron_rich
B_ridge_data,S2n,307,1.1437883516436005,1.4717417212191761,0.5032914418298989,0.9546891759946448,2.6620400765209298,R2_neutron_rich
B_ridge_data,Sp,330,1.0453212302685604,1.4197289711614467,-0.4074368853534023,0.8541396500853295,2.6393951343305333,R2_neutron_rich
B_ridge_data,S2p,219,1.3995913601082872,1.895167383511548,-0.7132572794490147,1.1570519411623081,4.23795276635949,R2_neutron_rich
B_ridge_data,Qalpha,0,,,,,,R2_neutron_rich
B_ridge_data,delta2n,143,0.5756866773582408,1.1037052187415448,-0.126651122672045,0.2617329743291066,2.891130991507159,R2_neutron_rich
B_ridge_data,delta2p,58,0.7290906564132068,1.5502548118835293,-0.3310604447617156,0.25607130525304456,3.4667270208263483,R2_neutron_rich
B_ridge_soft,Sn,390,0.770134013063823,1.0177303411895648,0.280768031629435,0.6286062373835648,2.039524043749725,R2_neutron_rich
B_ridge_soft,S2n,307,1.1437883516436005,1.4717417212191761,0.5032914418298989,0.9546891759946448,2.6620400765209298,R2_neutron_rich
B_ridge_soft,Sp,330,1.0453212302685604,1.4197289711614467,-0.4074368853534023,0.8541396500853295,2.6393951343305333,R2_neutron_rich
B_ridge_soft,S2p,219,1.3995913601082872,1.895167383511548,-0.7132572794490147,1.1570519411623081,4.23795276635949,R2_neutron_rich
B_ridge_soft,Qalpha,0,,,,,,R2_neutron_rich
B_ridge_soft,delta2n,143,0.5756866773582408,1.1037052187415448,-0.126651122672045,0.2617329743291066,2.891130991507159,R2_neutron_rich
B_ridge_soft,delta2p,58,0.7290906564132068,1.5502548118835293,-0.3310604447617156,0.25607130525304456,3.4667270208263483,R2_neutron_rich
B_ridge_residual,Sn,390,0.5830173477277728,0.7308424588777535,0.1261142382971287,0.48430059255235847,1.4223265893860224,R2_neutron_rich
B_ridge_residual,S2n,307,1.0229262416282496,1.2496344083421906,0.24747369352401483,0.9116928798397339,2.34048304207206,R2_neutron_rich
B_ridge_residual,Sp,330,0.8766813934380527,1.1464861090444471,-0.16210216011173142,0.6858796035670593,2.051286376026633,R2_neutron_rich
B_ridge_residual,S2p,219,1.2419041369338863,1.4705908927240057,-0.2635659423122511,1.0859776689034106,2.593538280134748,R2_neutron_rich
B_ridge_residual,Qalpha,0,,,,,,R2_neutron_rich
B_ridge_residual,delta2n,143,0.5692649582922243,1.0467175899008527,-0.033845212056593695,0.2909236333359786,2.3332577560089143,R2_neutron_rich
B_ridge_residual,delta2p,58,0.7147407713817376,1.462970532046816,-0.14195855735421062,0.3168823005073591,3.3461146284577667,R2_neutron_rich
B_ridge_adaptive,Sn,390,0.602423633391119,0.7822477459467786,0.12127147758348346,0.46185311742544854,1.6230219771071097,R2_neutron_rich
B_ridge_adaptive,S2n,307,0.832235448119231,1.1121242519527137,0.19393087549384483,0.6549941258906529,2.452461790910911,R2_neutron_rich
B_ridge_adaptive,Sp,330,0.7566023014432983,0.9877411519295042,-0.08750374538635369,0.6030085356809423,1.9297424807506673,R2_neutron_rich
B_ridge_adaptive,S2p,219,0.8987937698149207,1.2166406850739924,-0.11158792949712379,0.6318189358864856,2.4109866141162852,R2_neutron_rich
B_ridge_adaptive,Qalpha,0,,,,,,R2_neutron_rich
B_ridge_adaptive,delta2n,143,0.5432637824884586,1.0872370961333135,-0.15264263522749946,0.23053108313297344,2.599238930496121,R2_neutron_rich
B_ridge_adaptive,delta2p,58,0.6712766436024851,1.4070317941020054,-0.318528250687896,0.25173661464452834,3.2580764580299593,R2_neutron_rich
B_bwn,Sn,390,0.22823790306434663,0.3068026884853039,-0.027970422116387374,0.17228708447169083,0.6411933714567899,R2_neutron_rich
B_bwn,S2n,307,0.33953684802659906,0.46633409152051863,-0.06215982331913231,0.2561725008170015,0.972727225866242,R2_neutron_rich
B_bwn,Sp,330,0.2824533463464477,0.373348437013482,0.01956793410967686,0.23430347934692008,0.742908430452727,R2_neutron_rich
B_bwn,S2p,219,0.4430237772556857,0.568089464707327,0.08576734071535563,0.38989203181472476,0.9940673570057923,R2_neutron_rich
B_bwn,Qalpha,0,,,,,,R2_neutron_rich
B_bwn,delta2n,143,0.28373006881665996,0.48428443419498374,-0.016040962174480176,0.17107087805118226,0.7740001730333802,R2_neutron_rich
B_bwn,delta2p,58,0.4167605231122985,0.7818259229330339,-0.029927807997027905,0.20016070767849214,1.1639378334671389,R2_neutron_rich
B_semf,Sn,383,0.6253565385543213,0.7989860453966676,0.4575264683733704,0.4688700174758651,1.4933523313235582,R3_proton_rich
B_semf,S2n,296,1.1036454728873901,1.387370489814314,0.9113805535128497,0.9494040129060295,2.650913046039335,R3_proton_rich
B_semf,Sp,342,0.7696924489221759,0.9322061816996674,-0.628435193189422,0.6926266967999481,1.6975235055614117,R3_proton_rich
B_semf,S2p,226,1.456589188485755,1.713383019618564,-1.4102227032396362,1.4656673255732358,3.122914777314918,R3_proton_rich
B_semf,Qalpha,0,,,,,,R3_proton_rich
B_semf,delta2n,134,0.5500608275339687,0.7635116792563007,0.20906189694841767,0.4219536379804367,1.5997113589781888,R3_proton_rich
B_semf,delta2p,54,0.6118454614210102,0.7299653617428897,0.38652222154904287,0.49271341903170196,1.3904268356276988,R3_proton_rich
B_hgb_data,Sn,383,3.867700503433566,4.735614709396423,-3.7645431208946465,3.5857198378721478,8.508140009675389,R3_proton_rich
B_hgb_data,S2n,296,7.339340477330379,8.620600206757345,-7.287247480321437,6.922333932478523,16.120035210180376,R3_proton_rich
B_hgb_data,Sp,342,4.97276105305946,5.721403067394993,4.911488308096828,4.595872005465424,9.40894952746822,R3_proton_rich
B_hgb_data,S2p,226,10.12795798108371,10.966963987749455,10.12795798108371,9.468522218786688,17.14951751446128,R3_proton_rich
B_hgb_data,Qalpha,0,,,,,,R3_proton_rich
B_hgb_data,delta2n,134,2.9957427685444458,3.7921334496482126,-1.684079374427474,2.4328016662971095,7.1513481550956755,R3_proton_rich
B_hgb_data,delta2p,54,3.0868408323465584,3.8542841134199888,-2.101305714541139,2.7438657339573638,7.317649742273925,R3_proton_rich
B_hgb_soft,Sn,383,1.331453935806136,1.7195343306520698,-1.2313013673338364,1.0792916987788885,3.4751121094667603,R3_proton_rich
B_hgb_soft,S2n,296,2.4224677148764813,3.028331753766421,-2.3680706600208645,2.081174581113146,6.134044989629032,R3_proton_rich
B_hgb_soft,Sp,342,1.6212866072781271,1.9982184420151174,1.587534207325081,1.3747258467071788,3.663054055434486,R3_proton_rich
B_hgb_soft,S2p,226,3.205049570489705,3.668964057697871,3.205049570489705,2.694138785062705,6.552797978371487,R3_proton_rich
B_hgb_soft,Qalpha,0,,,,,,R3_proton_rich
B_hgb_soft,delta2n,134,1.2206308903436363,1.6541532592586325,-0.5481946116019474,0.9286990507114865,3.0366652216953858,R3_proton_rich
B_hgb_soft,delta2p,54,1.1724393981571255,1.4821478928213387,-0.6086089528870483,0.9248490707052497,2.7111317604897516,R3_proton_rich
B_hgb_residual,Sn,383,0.4701754826662909,0.6251913925746758,0.2861573168084237,0.38743944651218953,1.2413860801997314,R3_proton_rich
B_hgb_residual,S2n,296,0.7189295207081328,0.9509114360270199,0.5921354009571573,0.590373321382998,1.9708602485981217,R3_proton_rich
B_hgb_residual,Sp,342,0.5556691842443844,0.7150352859258505,-0.3694958229778818,0.4300899418101949,1.5377529447096945,R3_proton_rich
B_hgb_residual,S2p,226,0.9483739004994113,1.1948814988040426,-0.8488174369902507,0.8657506951524283,2.5051723436126565,R3_proton_rich
B_hgb_residual,Qalpha,0,,,,,,R3_proton_rich
B_hgb_residual,delta2n,134,0.3985849638009189,0.5760251588281559,0.1030081228910415,0.26911425434445846,1.3685043536094947,R3_proton_rich
B_hgb_residual,delta2p,54,0.5300612071922067,0.7131688053840834,0.16837788585670482,0.3266633092808888,1.3708831132504742,R3_proton_rich
B_hgb_adaptive,Sn,383,1.3684299605693782,2.1403905683871924,-1.2178335043159818,0.9160943947238138,4.5862502086759855,R3_proton_rich
B_hgb_adaptive,S2n,296,2.312245313994063,3.5731967965572577,-2.190781178908584,1.6459240411587643,7.887984168743863,R3_proton_rich
B_hgb_adaptive,Sp,342,1.6232335904741946,2.271380433749469,1.4879670029893004,1.26051866299224,4.58211317323183,R3_proton_rich
B_hgb_adaptive,S2p,226,2.9834668306028913,4.106286890026049,2.947715809842311,2.2650529380495072,8.236416857627887,R3_proton_rich
B_hgb_adaptive,Qalpha,0,,,,,,R3_proton_rich
B_hgb_adaptive,delta2n,134,1.245070092502618,1.7441107477607534,-0.2666726629470622,0.9170093589327166,3.175080251708594,R3_proton_rich
B_hgb_adaptive,delta2p,54,1.0546462113814064,1.4036051052256244,-0.17444989124025925,0.7620690064013615,2.841870399820362,R3_proton_rich
B_mlp_data,Sn,383,4.308788035506272,5.716968276438074,-2.572159891075281,3.511881548024121,10.860839848724856,R3_proton_rich
B_mlp_data,S2n,296,5.826250889778048,6.345084742295643,-5.381059748124989,5.746943835031402,9.737976338795988,R3_proton_rich
B_mlp_data,Sp,342,5.680400838256794,7.2024562581140605,4.025925676905517,5.18063952089193,13.803864117112159,R3_proton_rich
B_mlp_data,S2p,226,8.874080246252806,9.572739896314822,8.293393335398378,8.844622982973533,15.31323045159229,R3_proton_rich
B_mlp_data,Qalpha,0,,,,,,R3_proton_rich
B_mlp_data,delta2n,134,1.565091872397907,1.8384581347702476,-1.5299241821013263,1.292398124302622,3.010550712198676,R3_proton_rich
B_mlp_data,delta2p,54,3.507437907416753,3.7547337323962693,-3.507437907416753,3.088499905117658,6.016344588574195,R3_proton_rich
B_mlp_soft,Sn,383,1.623386370899031,2.2551649047184266,-0.7543480754060911,1.0723586879643108,4.390197968788412,R3_proton_rich
B_mlp_soft,S2n,296,1.923999378536763,2.213173766788312,-1.6055955671422888,1.7958846132213466,3.800767105373467,R3_proton_rich
B_mlp_soft,Sp,342,2.0855422473284477,2.746041331753516,1.2333091548485566,1.8871150468996802,5.613295000196872,R3_proton_rich
B_mlp_soft,S2p,226,2.7803326847253333,3.11844035053097,2.4712237122155694,2.5813944523300165,5.407950260655554,R3_proton_rich
B_mlp_soft,Qalpha,0,,,,,,R3_proton_rich
B_mlp_soft,delta2n,134,0.5884701250148887,0.9055686172176647,-0.48653253467149743,0.3506279734098712,2.116112790776614,R3_proton_rich
B_mlp_soft,delta2p,54,1.1710618300373186,1.3826377419758382,-1.1710618300373186,0.9569488099215278,2.6127367363593335,R3_proton_rich
B_mlp_residual,Sn,383,0.9047715433988841,1.4671749676158625,-0.41510596709838826,0.4609000971504429,3.2115409226439815,R3_proton_rich
B_mlp_residual,S2n,296,1.0174307229079977,1.7712835911742193,-0.6066288031210968,0.4434696935441025,4.385264798338241,R3_proton_rich
B_mlp_residual,Sp,342,0.9711876126435429,1.4636917767392632,0.41056962306390465,0.55126038316007,3.583895420830768,R3_proton_rich
B_mlp_residual,S2p,226,1.33236555888843,2.0380263643002685,0.7673725161067864,0.7609734919356583,4.933259308253383,R3_proton_rich
B_mlp_residual,Qalpha,0,,,,,,R3_proton_rich
B_mlp_residual,delta2n,134,0.42784955457016033,0.7307949962434355,0.05793408453544784,0.25643152665873004,1.231851853823192,R3_proton_rich
B_mlp_residual,delta2p,54,0.5490361493609242,0.6938614428509652,0.3550032538328828,0.4489824247012848,1.386203614877603,R3_proton_rich
B_mlp_adaptive,Sn,383,1.5555256874605574,2.3225477325656354,-0.5527848734218078,1.079501436809096,4.514605374891377,R3_proton_rich
B_mlp_adaptive,S2n,296,1.6260085632918895,2.004648782620936,-1.20128496148174,1.4785007961769452,3.0662603466312532,R3_proton_rich
B_mlp_adaptive,Sp,342,1.9629652969094054,2.758225133315589,0.9479203493775916,1.5412377935663244,5.304649418030107,R3_proton_rich
B_mlp_adaptive,S2p,226,2.293929266000194,2.6930492245783997,1.887573693063902,1.9641221942571576,4.654067372580073,R3_proton_rich
B_mlp_adaptive,Qalpha,0,,,,,,R3_proton_rich
B_mlp_adaptive,delta2n,134,0.5393993994616,0.8436024461270206,-0.24633243426428092,0.30559863605878945,1.6984164880414743,R3_proton_rich
B_mlp_adaptive,delta2p,54,0.8145285665563693,1.027420800647858,-0.7449395781812471,0.6432544130326505,1.94372409418791,R3_proton_rich
B_ridge_data,Sn,383,1.539629964750352,2.608121454323208,-0.6630130306937609,0.7831414771032996,6.010697359113585,R3_proton_rich
B_ridge_data,S2n,296,1.225009838528999,2.129066198500413,-1.0672008932321737,0.5843152708210368,4.659965109206766,R3_proton_rich
B_ridge_data,Sp,342,1.3950633887602342,2.1448153386013127,0.7529347104451329,0.7527723741483214,4.153969004488433,R3_proton_rich
B_ridge_data,S2p,226,1.600415076915688,2.467935805780791,1.391782232953311,0.8963579676878339,5.428991379527922,R3_proton_rich
B_ridge_data,Qalpha,0,,,,,,R3_proton_rich
B_ridge_data,delta2n,134,0.41896124033294346,0.9162018355639137,-0.31689994626569273,0.12521605174237038,2.219347629864806,R3_proton_rich
B_ridge_data,delta2p,54,0.5432088559773989,0.9211441013258216,-0.49700432326860283,0.23419863481990433,2.303260006496583,R3_proton_rich
B_ridge_soft,Sn,383,1.539629964750352,2.608121454323208,-0.6630130306937609,0.7831414771032996,6.010697359113585,R3_proton_rich
B_ridge_soft,S2n,296,1.225009838528999,2.129066198500413,-1.0672008932321737,0.5843152708210368,4.659965109206766,R3_proton_rich
B_ridge_soft,Sp,342,1.3950633887602342,2.1448153386013127,0.7529347104451329,0.7527723741483214,4.153969004488433,R3_proton_rich
B_ridge_soft,S2p,226,1.600415076915688,2.467935805780791,1.391782232953311,0.8963579676878339,5.428991379527922,R3_proton_rich
B_ridge_soft,Qalpha,0,,,,,,R3_proton_rich
B_ridge_soft,delta2n,134,0.41896124033294346,0.9162018355639137,-0.31689994626569273,0.12521605174237038,2.219347629864806,R3_proton_rich
B_ridge_soft,delta2p,54,0.5432088559773989,0.9211441013258216,-0.49700432326860283,0.23419863481990433,2.303260006496583,R3_proton_rich
B_ridge_residual,Sn,383,0.8399972180633885,1.6559243825071654,-0.2516098506351807,0.44083866774667513,3.1306231319398297,R3_proton_rich
B_ridge_residual,S2n,296,1.0660662862514985,1.7251475397541987,-0.2168970720915597,0.7910319679834572,3.363101859075016,R3_proton_rich
B_ridge_residual,Sp,342,0.7273118758082056,1.2462231843962854,0.13067278425024262,0.48659187609530363,2.1200729412429626,R3_proton_rich
B_ridge_residual,S2p,226,1.2098566657120327,1.8296964303229621,0.17920926032439954,1.0064898775518145,3.9714326676324276,R3_proton_rich
B_ridge_residual,Qalpha,0,,,,,,R3_proton_rich
B_ridge_residual,delta2n,134,0.4519147506363239,0.7591048648224107,0.03995671723664736,0.2694098753447065,1.693493812537383,R3_proton_rich
B_ridge_residual,delta2p,54,0.46336247460587077,0.6380338096262638,0.15958004887078842,0.31672566444973427,1.455332249597847,R3_proton_rich
B_ridge_adaptive,Sn,383,0.941503644554561,1.5422702015240295,-0.12315847634975273,0.5384111296914398,3.345243719838329,R3_proton_rich
B_ridge_adaptive,S2n,296,0.8706097900448484,1.3309894979901686,-0.07875684096655158,0.5651996108748563,2.7032600992484817,R3_proton_rich
B_ridge_adaptive,Sp,342,0.8601201509983839,1.2988429230968248,0.06858227245873556,0.5543245207519192,2.5753703239064407,R3_proton_rich
B_ridge_adaptive,S2p,226,1.0675985994479416,1.4287365615623215,-0.011526355049899212,0.8555663960087259,3.146201963600511,R3_proton_rich
B_ridge_adaptive,Qalpha,0,,,,,,R3_proton_rich
B_ridge_adaptive,delta2n,134,0.4276629337826722,0.7872629912325162,-0.02345257511424084,0.20569445585994117,1.6442069247085782,R3_proton_rich
B_ridge_adaptive,delta2p,54,0.4096138208585092,0.6093240288014633,-0.06751731985860206,0.2797436557074775,1.3684533794264757,R3_proton_rich
B_bwn,Sn,383,0.3180418509554188,0.4206214869634622,0.2059127756964333,0.26128042623440706,0.8461985434524022,R3_proton_rich
B_bwn,S2n,296,0.4771459942215484,0.6082202760409611,0.4144793697117143,0.40287620268907176,1.129266024294182,R3_proton_rich
B_bwn,Sp,342,0.3960411365929496,0.5203536672115284,-0.2536921394771453,0.3059698895360725,1.0369799463012779,R3_proton_rich
B_bwn,S2p,226,0.671427606279191,0.8034004521327961,-0.5634424966913745,0.5857226341702244,1.4606868054752908,R3_proton_rich
B_bwn,Qalpha,0,,,,,,R3_proton_rich
B_bwn,delta2n,134,0.299530946207057,0.3755187191277809,0.16142224478021439,0.25205929844582897,0.7553394918945571,R3_proton_rich
B_bwn,delta2p,54,0.3772878550205142,0.5187914555354767,0.09239474889238126,0.2756103357021118,0.9713773333114533,R3_proton_rich
B_semf,Sn,438,0.7851113882404975,0.9791778242213545,-0.11654558555387068,0.6853637526635339,1.9335491380254202,R4_magic_pm1
B_semf,S2n,360,1.3890818093437194,1.685485097995294,-0.26773743501726455,1.211489470110564,3.172075726983363,R4_magic_pm1
B_semf,Sp,403,0.8286743468929539,1.0649415502394124,0.25737959438086266,0.6930862396229713,2.039985724886787,R4_magic_pm1
B_semf,S2p,294,1.4206163886928134,1.8317039488479068,0.5452052464509695,1.1378324916307747,3.6098198604060823,R4_magic_pm1
B_semf,Qalpha,0,,,,,,R4_magic_pm1
B_semf,delta2n,275,0.8355334401631594,1.2898264052832318,0.11955838520889488,0.46385439471430345,2.9075496804257854,R4_magic_pm1
B_semf,delta2p,187,1.2224856904484955,1.6696956268325862,0.43338673287606533,0.8162099734654475,3.8789444141642413,R4_magic_pm1
B_hgb_data,Sn,438,2.6764859222450976,3.639080399034687,0.331645241326703,2.0843471123955624,8.019017401784577,R4_magic_pm1
B_hgb_data,S2n,360,2.705505409529063,3.627853346741449,0.30273046418824284,2.0579207301344127,7.484048358131649,R4_magic_pm1
B_hgb_data,Sp,403,2.353510927951231,3.2327728839915104,0.1479364592330993,1.726502403674317,6.574735465795106,R4_magic_pm1
B_hgb_data,S2p,294,2.3589194813938903,3.3332720757911725,0.0888816540227773,1.692579056747718,6.913612813996186,R4_magic_pm1
B_hgb_data,Qalpha,0,,,,,,R4_magic_pm1
B_hgb_data,delta2n,275,3.958317147056045,5.180897607863331,-0.4278333405346594,3.2199270831802096,11.036958871889727,R4_magic_pm1
B_hgb_data,delta2p,187,3.5994493071295715,4.972627474682999,-0.8259640100668829,2.573325743183659,9.579587615052953,R4_magic_pm1
B_hgb_soft,Sn,438,1.1858334897806933,1.6156107541531581,0.06273074519835879,0.8412050887764622,3.4972871652858912,R4_magic_pm1
B_hgb_soft,S2n,360,1.3386801787779203,1.8106162785856055,-0.03955027533506189,1.0337005041878058,3.946942471151147,R4_magic_pm1
B_hgb_soft,Sp,403,1.0402484393428413,1.3793115405880298,0.21360234032175562,0.8130718420632093,2.802934846598845,R4_magic_pm1
B_hgb_soft,S2p,294,1.1570583679418944,1.5364299634739789,0.362675809479688,0.9026557741289025,2.917936635391146,R4_magic_pm1
B_hgb_soft,Qalpha,0,,,,,,R4_magic_pm1
B_hgb_soft,delta2n,275,1.7440425101693657,2.413357158545915,-0.09939830508852207,1.2535591581453218,5.220065738920587,R4_magic_pm1
B_hgb_soft,delta2p,187,1.6783981930528646,2.368023040696673,-0.07035356430111475,1.218495442115227,4.365033723372202,R4_magic_pm1
B_hgb_residual,Sn,438,0.4677049630075922,0.6565497572194872,-0.010809805784789335,0.33344886363897785,1.4075560699453231,R4_magic_pm1
B_hgb_residual,S2n,360,0.6028419039124722,0.921569082379304,-0.034063899519157954,0.31883345286109943,2.1993309443458746,R4_magic_pm1
B_hgb_residual,Sp,403,0.49093915592173787,0.6870692700281947,0.004568452335358089,0.33544812311993155,1.4089430544437505,R4_magic_pm1
B_hgb_residual,S2p,294,0.6487983465814172,0.9840170183865101,0.013668162581230372,0.39476289479529214,2.3014173658878314,R4_magic_pm1
B_hgb_residual,Qalpha,0,,,,,,R4_magic_pm1
B_hgb_residual,delta2n,275,0.8673304700339078,1.2773396805888546,0.018645477616328416,0.49851364276287313,2.50581021272908,R4_magic_pm1
B_hgb_residual,delta2p,187,1.0491956334925345,1.5412868996442965,0.02711208929315824,0.7255093575053024,3.5417328446977976,R4_magic_pm1
B_hgb_adaptive,Sn,438,1.489752668343014,2.0855091871282103,0.19662104715916914,1.0511814972164757,4.370647961102736,R4_magic_pm1
B_hgb_adaptive,S2n,360,1.527232301622859,2.178014490206954,0.17370259294799772,1.0671621825009652,4.899129856326352,R4_magic_pm1
B_hgb_adaptive,Sp,403,1.2612692697873606,1.749650751455636,0.07695632080033712,0.882375278645668,3.7327989463849454,R4_magic_pm1
B_hgb_adaptive,S2p,294,1.3180129747261777,1.8701657308146262,0.08892085082561424,0.9632045957663848,3.7680975139863158,R4_magic_pm1
B_hgb_adaptive,Qalpha,0,,,,,,R4_magic_pm1
B_hgb_adaptive,delta2n,275,2.1735153797924833,3.030983010540338,-0.17596437908303084,1.519709885482598,6.7785470546233295,R4_magic_pm1
B_hgb_adaptive,delta2p,187,2.022237445362072,2.9819188377161288,-0.30879637911338975,1.3917737760565387,5.733608023955223,R4_magic_pm1
B_mlp_data,Sn,438,1.49162338445751,1.9947400080598707,-0.16336089034131795,1.1184782081643334,3.834741579830617,R4_magic_pm1
B_mlp_data,S2n,360,1.5714956898402774,2.2054305127187748,-0.28348265306693166,1.0704527268336506,4.7272415316522505,R4_magic_pm1
B_mlp_data,Sp,403,1.5143746172937795,2.115879007344803,0.15282132849850638,1.0752005480128446,4.834496907182579,R4_magic_pm1
B_mlp_data,S2p,294,1.7776944297779043,2.4208929865266873,0.3620194992347645,1.3996445063509384,5.132206159585245,R4_magic_pm1
B_mlp_data,Qalpha,0,,,,,,R4_magic_pm1
B_mlp_data,delta2n,275,1.208214001973603,1.9139539385642113,-0.49987833289295025,0.48862018992781486,4.32322506482704,R4_magic_pm1
B_mlp_data,delta2p,187,2.070732109409306,2.809183690885536,-0.7444289947674537,1.5795683770497817,6.1106265722069555,R4_magic_pm1
B_mlp_soft,Sn,438,0.8599121654875903,1.1050125967491726,-0.13527170746884784,0.7167609279496787,2.172987420125027,R4_magic_pm1
B_mlp_soft,S2n,360,1.2731794845610895,1.6028207038010298,-0.2740355222371291,1.0458145306859024,3.1507028927085234,R4_magic_pm1
B_mlp_soft,Sp,403,0.8171988702493914,1.1104916018879258,0.21555628802791568,0.6313656059580808,2.4727159543253547,R4_magic_pm1
B_mlp_soft,S2p,294,1.247670805893644,1.6112998393562696,0.4719309475644816,1.0088571895703353,3.4550155177183086,R4_magic_pm1
B_mlp_soft,Qalpha,0,,,,,,R4_magic_pm1
B_mlp_soft,delta2n,275,0.8164603880159081,1.4185054511540494,-0.12821630203184523,0.3006728133535148,3.3661464098380067,R4_magic_pm1
B_mlp_soft,delta2p,187,1.209780047334893,1.842584186922051,-0.03773955818134851,0.7061064096845939,4.196691398411166,R4_magic_pm1
B_mlp_residual,Sn,438,0.40508798666773127,0.6026304460844962,-0.007927415007956028,0.25417007242759837,1.3504538217327449,R4_magic_pm1
B_mlp_residual,S2n,360,0.6020273827141449,0.898284557056923,-0.051705073575999926,0.36649515684587186,1.9959921691550793,R4_magic_pm1
B_mlp_residual,Sp,403,0.4665992553098144,0.7241846096816699,-0.03222998817177525,0.2825562523350982,1.4708419480437722,R4_magic_pm1
B_mlp_residual,S2p,294,0.6691738557475284,0.9755578450401856,-0.006434170221846789,0.38126711058447427,2.230598342559864,R4_magic_pm1
B_mlp_residual,Qalpha,0,,,,,,R4_magic_pm1
B_mlp_residual,delta2n,275,0.6350550442380993,1.0487890558511206,-0.02458936400782146,0.25907523019913015,2.526981388413966,R4_magic_pm1
B_mlp_residual,delta2p,187,1.0348980929190987,1.5108775899236058,-0.13879586090619897,0.7238634265247583,3.1493558399684876,R4_magic_pm1
B_mlp_adaptive,Sn,438,0.8947793288613509,1.179181975383167,-0.09732057058135123,0.7212994211719774,2.427459274179543,R4_magic_pm1
B_mlp_adaptive,S2n,360,1.2532437226168776,1.60679787010699,-0.19865728334053787,0.9747119079435151,3.3092241560166826,R4_magic_pm1
B_mlp_adaptive,Sp,403,0.868688313498582,1.1988706336125639,0.14884392938107097,0.6550016095044384,2.6235421394435035,R4_magic_pm1
B_mlp_adaptive,S2p,294,1.2298943571759837,1.6168523045834833,0.3615949926397407,0.9581864450376543,3.261041736444856,R4_magic_pm1
B_mlp_adaptive,Qalpha,0,,,,,,R4_magic_pm1
B_mlp_adaptive,delta2n,275,0.8215687050408125,1.433431664423316,-0.16268963636093675,0.300652192569828,3.4726940662878407,R4_magic_pm1
B_mlp_adaptive,delta2p,187,1.2475833968636094,1.8876553332825032,-0.12847566635547367,0.742158208789192,4.645006181097883,R4_magic_pm1
B_ridge_data,Sn,438,0.673796182701107,0.8473927563874003,-0.0662359222335002,0.5656173369565067,1.7470275991132491,R4_magic_pm1
B_ridge_data,S2n,360,1.0137656370490349,1.3030702827312524,-0.1709885969105907,0.8145527454024659,2.72965491264207,R4_magic_pm1
B_ridge_data,Sp,403,0.6657449745271755,0.85382628561095,0.08061517633818034,0.5798063045783692,1.6029023097800859,R4_magic_pm1
B_ridge_data,S2p,294,0.9651911412117159,1.2881570093845767,0.20249503034468366,0.7107465443930607,2.7025357508356707,R4_magic_pm1
B_ridge_data,Qalpha,0,,,,,,R4_magic_pm1
B_ridge_data,delta2n,275,0.7576487850795832,1.3025504441493418,-0.09685098238638809,0.33208036253404316,3.106179933878753,R4_magic_pm1
B_ridge_data,delta2p,187,1.0981644705087488,1.677048498865789,-0.27309933423638233,0.5452086717348266,4.06197380151364,R4_magic_pm1
B_ridge_soft,Sn,438,0.673796182701107,0.8473927563874003,-0.0662359222335002,0.5656173369565067,1.7470275991132491,R4_magic_pm1
B_ridge_soft,S2n,360,1.0137656370490349,1.3030702827312524,-0.1709885969105907,0.8145527454024659,2.72965491264207,R4_magic_pm1
B_ridge_soft,Sp,403,0.6657449745271755,0.85382628561095,0.08061517633818034,0.5798063045783692,1.6029023097800859,R4_magic_pm1
B_ridge_soft,S2p,294,0.9651911412117159,1.2881570093845767,0.20249503034468366,0.7107465443930607,2.7025357508356707,R4_magic_pm1
B_ridge_soft,Qalpha,0,,,,,,R4_magic_pm1
B_ridge_soft,delta2n,275,0.7576487850795832,1.3025504441493418,-0.09685098238638809,0.33208036253404316,3.106179933878753,R4_magic_pm1
B_ridge_soft,delta2p,187,1.0981644705087488,1.677048498865789,-0.27309933423638233,0.5452086717348266,4.06197380151364,R4_magic_pm1
B_ridge_residual,Sn,438,0.5645519173015531,0.7166301579265427,-0.06892826673568878,0.48590931133264803,1.445933795782983,R4_magic_pm1
B_ridge_residual,S2n,360,0.9879878126454774,1.2383720420872535,-0.1991533213411709,0.8596578947116882,2.4412142072685135,R4_magic_pm1
B_ridge_residual,Sp,403,0.5598354743429366,0.7395523255416565,0.11477834087544717,0.46427443980860517,1.4889731475638361,R4_magic_pm1
B_ridge_residual,S2p,294,0.9013586118283125,1.1952650488977818,0.27898599532734336,0.6351930400651611,2.571692962291115,R4_magic_pm1
B_ridge_residual,Qalpha,0,,,,,,R4_magic_pm1
B_ridge_residual,delta2n,275,0.7293144207119576,1.2298629422636091,-0.04469261362789274,0.34231516532781825,2.9304110988069736,R4_magic_pm1
B_ridge_residual,delta2p,187,0.9966130328535424,1.5033781326529574,-0.13781477059543573,0.5364955004401963,3.3620137426862007,R4_magic_pm1
B_ridge_adaptive,Sn,438,0.6420897161331731,0.7942102344285036,-0.07094625724027499,0.543841218203795,1.6848013044575192,R4_magic_pm1
B_ridge_adaptive,S2n,360,1.0674721383613177,1.3376328198012768,-0.182759752876329,0.925509271977262,2.5878932237674706,R4_magic_pm1
B_ridge_adaptive,Sp,403,0.592245965386336,0.7614367160775563,0.11543060843113177,0.4929469196933951,1.5487531260612624,R4_magic_pm1
B_ridge_adaptive,S2p,294,0.9772928611301778,1.2536142533317427,0.2748861121534869,0.8224003528371782,2.5214003941633782,R4_magic_pm1
B_ridge_adaptive,Qalpha,0,,,,,,R4_magic_pm1
B_ridge_adaptive,delta2n,275,0.7754554729496123,1.2859124169786493,-0.03146331607000713,0.3756790469651605,2.9928653252381086,R4_magic_pm1
B_ridge_adaptive,delta2p,187,1.040649091292894,1.5376129566583445,-0.038939356191723555,0.5580926354730309,3.313797515890871,R4_magic_pm1
B_bwn,Sn,438,0.42777808720752125,0.5691835906860173,-0.0038911047968697176,0.3494053913616426,1.211715095107143,R4_magic_pm1
B_bwn,S2n,360,0.5114401676022315,0.7107421832498234,-0.005437943207163995,0.38680318521136314,1.547487296741943,R4_magic_pm1
B_bwn,Sp,403,0.5106475848428096,0.6487934432935617,0.05002881531994467,0.4099265899760667,1.3159398974425185,R4_magic_pm1
B_bwn,S2p,294,0.485352918861528,0.675684386725391,0.04522454710611022,0.3498845289271344,1.3880809974876838,R4_magic_pm1
B_bwn,Qalpha,0,,,,,,R4_magic_pm1
B_bwn,delta2n,275,0.53558802365237,0.9057067901502923,0.008941985277011885,0.28731909348266527,1.674536375128197,R4_magic_pm1
B_bwn,delta2p,187,0.5879060023380218,0.863419805864978,-0.07695496753111447,0.3279638048936704,1.8682794210525793,R4_magic_pm1
B_semf,Sn,0,,,,,,R6_N50
B_semf,S2n,0,,,,,,R6_N50
B_semf,Sp,18,0.8566801941836388,1.0486349293244972,-0.1496446717669705,0.7790179551484471,1.7716164434297181,R6_N50
B_semf,S2p,17,1.5562768682798378,1.9168468264896894,-0.3028931130123537,1.4925410384234965,3.198036040212173,R6_N50
B_semf,Qalpha,0,,,,,,R6_N50
B_semf,delta2n,0,,,,,,R6_N50
B_semf,delta2p,15,0.918946449001578,0.9623933754593557,0.8167052214896405,0.9565633609179258,1.272405135291717,R6_N50
B_hgb_data,Sn,0,,,,,,R6_N50
B_hgb_data,S2n,0,,,,,,R6_N50
B_hgb_data,Sp,18,1.889541680489818,2.150802184071543,0.09628564248309128,2.277970578357497,3.068533626741042,R6_N50
B_hgb_data,S2p,17,1.9075795892162646,2.5358253350139073,0.09504180448296291,1.5168863113220823,4.819718700376255,R6_N50
B_hgb_data,Qalpha,0,,,,,,R6_N50
B_hgb_data,delta2n,0,,,,,,R6_N50
B_hgb_data,delta2p,15,3.1306663909648025,3.96081359239604,-0.5758963026879503,3.127150460127041,7.158355889757679,R6_N50
B_hgb_soft,Sn,0,,,,,,R6_N50
B_hgb_soft,S2n,0,,,,,,R6_N50
B_hgb_soft,Sp,18,0.8133149583527042,0.9119858569344664,-0.05127254606694325,0.8297559457651573,1.4657135547661366,R6_N50
B_hgb_soft,S2p,17,0.9253501937197437,1.2741056481925488,-0.1437191460142244,0.5843144232710529,2.632127213889134,R6_N50
B_hgb_soft,Qalpha,0,,,,,,R6_N50
B_hgb_soft,delta2n,0,,,,,,R6_N50
B_hgb_soft,delta2p,15,1.3954810505649295,1.7114645724142326,0.25966461181861483,0.9834513101619677,3.1146188132399057,R6_N50
B_hgb_residual,Sn,0,,,,,,R6_N50
B_hgb_residual,S2n,0,,,,,,R6_N50
B_hgb_residual,Sp,18,0.4053894234077815,0.5053215653018068,-0.08160384846878009,0.32653305714552516,0.8658210330597731,R6_N50
B_hgb_residual,S2p,17,0.4253541998739499,0.5740731133862773,-0.1375084365346779,0.42318793962056134,0.839872734564232,R6_N50
B_hgb_residual,Qalpha,0,,,,,,R6_N50
B_hgb_residual,delta2n,0,,,,,,R6_N50
B_hgb_residual,delta2p,15,0.563006990523968,0.7513741639791789,0.10979096558884673,0.5720207215581468,1.2946446314421554,R6_N50
B_hgb_adaptive,Sn,0,,,,,,R6_N50
B_hgb_adaptive,S2n,0,,,,,,R6_N50
B_hgb_adaptive,Sp,18,1.0062210092288524,1.0909046960297168,-0.1295528020761291,1.128306474271767,1.6226438298231411,R6_N50
B_hgb_adaptive,S2p,17,0.9885191135827306,1.3111475052038366,-0.2683938646073129,0.7128959839403706,2.7026860051768375,R6_N50
B_hgb_adaptive,Qalpha,0,,,,,,R6_N50
B_hgb_adaptive,delta2n,0,,,,,,R6_N50
B_hgb_adaptive,delta2p,15,1.6683288614214538,2.040760595079856,0.02528298463353167,1.5005970673133788,3.75444266481686,R6_N50
B_mlp_data,Sn,0,,,,,,R6_N50
B_mlp_data,S2n,0,,,,,,R6_N50
B_mlp_data,Sp,18,1.105045238310816,1.4626885521623434,0.09175474129330041,0.7177741264296174,3.101893051680348,R6_N50
B_mlp_data,S2p,17,1.1197049573760363,1.4778226202441958,0.24358983271227932,0.6642087267726993,3.0057597214017497,R6_N50
B_mlp_data,Qalpha,0,,,,,,R6_N50
B_mlp_data,delta2n,0,,,,,,R6_N50
B_mlp_data,delta2p,15,1.1486609895010815,1.4240809058556132,-0.3117472593369181,0.9681619863825972,2.497498859703603,R6_N50
B_mlp_soft,Sn,0,,,,,,R6_N50
B_mlp_soft,S2n,0,,,,,,R6_N50
B_mlp_soft,Sp,18,0.5125714501143648,0.6627652149129427,-0.05308490654286086,0.47140949256476006,1.3303121693020785,R6_N50
B_mlp_soft,S2p,17,0.869181479204104,1.0552015512091037,-0.0842999347225005,0.8665709978477025,1.6013450714377986,R6_N50
B_mlp_soft,Qalpha,0,,,,,,R6_N50
B_mlp_soft,delta2n,0,,,,,,R6_N50
B_mlp_soft,delta2p,15,0.5946110470874904,0.7641605246049992,0.36532422915903073,0.45191738643734425,1.4534831617679627,R6_N50
B_mlp_residual,Sn,0,,,,,,R6_N50
B_mlp_residual,S2n,0,,,,,,R6_N50
B_mlp_residual,Sp,18,0.2929651547507761,0.38435794171991666,-0.05712805193509338,0.2205051468318402,0.722818843227543,R6_N50
B_mlp_residual,S2p,17,0.4423264569113398,0.5385643058007928,-0.1464911825294233,0.3303241875757976,1.1637392047407276,R6_N50
B_mlp_residual,Qalpha,0,,,,,,R6_N50
B_mlp_residual,delta2n,0,,,,,,R6_N50
B_mlp_residual,delta2p,15,0.5213091499558156,0.6869690107465699,0.055428687452141884,0.43563185397613324,1.2458087839447665,R6_N50
B_mlp_adaptive,Sn,0,,,,,,R6_N50
B_mlp_adaptive,S2n,0,,,,,,R6_N50
B_mlp_adaptive,Sp,18,0.6075275223710214,0.7656714662339571,-0.13161131585989475,0.4996119730102464,1.3953955714139736,R6_N50
B_mlp_adaptive,S2p,17,0.8178507961777354,1.0239830342727891,-0.17965415684530478,0.8221986863958364,1.6522560843199234,R6_N50
B_mlp_adaptive,Qalpha,0,,,,,,R6_N50
B_mlp_adaptive,delta2n,0,,,,,,R6_N50
B_mlp_adaptive,delta2p,15,0.6187837145328634,0.8110251704248826,0.31702649646971776,0.47304749834700033,1.4919718115693739,R6_N50
B_ridge_data,Sn,0,,,,,,R6_N50
B_ridge_data,S2n,0,,,,,,R6_N50
B_ridge_data,Sp,18,0.4027225294618309,0.5001292144210999,-0.14230254276462675,0.3993093705707338,0.8382468043035656,R6_N50
B_ridge_data,S2p,17,0.40944297431666227,0.4966927188064872,-0.2573961257216511,0.3403662797986726,0.8341450071663755,R6_N50
B_ridge_data,Qalpha,0,,,,,,R6_N50
B_ridge_data,delta2n,0,,,,,,R6_N50
B_ridge_data,delta2p,15,0.41768229610124,0.5254011778304465,0.13655785195077594,0.4302499246109619,0.9538564156265006,R6_N50
B_ridge_soft,Sn,0,,,,,,R6_N50
B_ridge_soft,S2n,0,,,,,,R6_N50
B_ridge_soft,Sp,18,0.4027225294618309,0.5001292144210999,-0.14230254276462675,0.3993093705707338,0.8382468043035656,R6_N50
B_ridge_soft,S2p,17,0.40944297431666227,0.4966927188064872,-0.2573961257216511,0.3403662797986726,0.8341450071663755,R6_N50
B_ridge_soft,Qalpha,0,,,,,,R6_N50
B_ridge_soft,delta2n,0,,,,,,R6_N50
B_ridge_soft,delta2p,15,0.41768229610124,0.5254011778304465,0.13655785195077594,0.4302499246109619,0.9538564156265006,R6_N50
B_ridge_residual,Sn,0,,,,,,R6_N50
B_ridge_residual,S2n,0,,,,,,R6_N50
B_ridge_residual,Sp,18,0.33325722722233625,0.43307577764715754,-0.17747125069020817,0.28536372851471015,0.7847647277455903,R6_N50
B_ridge_residual,S2p,17,0.5003950423399133,0.6494857405884188,-0.3159108262547079,0.4214084767385202,1.3012933098429356,R6_N50
B_ridge_residual,Qalpha,0,,,,,,R6_N50
B_ridge_residual,delta2n,0,,,,,,R6_N50
B_ridge_residual,delta2p,15,0.48815881625141627,0.5764959499828518,0.21724302475596838,0.48403784888489554,0.9910580637186737,R6_N50
B_ridge_adaptive,Sn,0,,,,,,R6_N50
B_ridge_adaptive,S2n,0,,,,,,R6_N50
B_ridge_adaptive,Sp,18,0.40321181046317,0.49153236888847984,-0.16198840278205276,0.3027671565616288,0.9202529623262421,R6_N50
B_ridge_adaptive,S2p,17,0.7289327695412754,0.8875759347762674,-0.3001210662203461,0.5656066279417473,1.5666628717210414,R6_N50
B_ridge_adaptive,Qalpha,0,,,,,,R6_N50
B_ridge_adaptive,delta2n,0,,,,,,R6_N50
B_ridge_adaptive,delta2p,15,0.49498107446246803,0.535480219758171,0.34061265348331443,0.4681686664392828,0.8139053954017069,R6_N50
B_semf,Sn,0,,,,,,R6_N82
B_semf,S2n,0,,,,,,R6_N82
B_semf,Sp,21,0.8772323801477645,1.051600993532912,0.35518331220402743,0.831271392144572,1.9251733466032874,R6_N82
B_semf,S2p,20,1.4638023733195609,1.8712099284897754,0.8077483693170393,1.1075401917829595,3.576401306466153,R6_N82
B_semf,Qalpha,0,,,,,,R6_N82
B_semf,delta2n,0,,,,,,R6_N82
B_semf,delta2p,18,1.064196538286789,1.7819974945017651,0.010126019030887315,0.6992908033756748,3.572497818843005,R6_N82
B_hgb_data,Sn,0,,,,,,R6_N82
B_hgb_data,S2n,0,,,,,,R6_N82
B_hgb_data,Sp,21,1.2739665279982004,1.488210403695498,0.14554956406368547,1.2507122510348836,2.422705466277421,R6_N82
B_hgb_data,S2p,20,1.6287135567857263,1.9240190090147518,0.3203269855578014,1.1375949283572027,3.3999223735100714,R6_N82
B_hgb_data,Qalpha,0,,,,,,R6_N82
B_hgb_data,delta2n,0,,,,,,R6_N82
B_hgb_data,delta2p,18,2.7900027914201675,3.200239190417921,-0.4365265953230543,2.730413579672927,4.811093936927725,R6_N82
B_hgb_soft,Sn,0,,,,,,R6_N82
B_hgb_soft,S2n,0,,,,,,R6_N82
B_hgb_soft,Sp,21,0.7690378930447618,0.9625399019876705,0.27132981294789715,0.7133478361693051,1.7329735291400539,R6_N82
B_hgb_soft,S2p,20,1.1119471291722676,1.4741598722816478,0.61277981581336,0.731767172220998,2.62852058532933,R6_N82
B_hgb_soft,Qalpha,0,,,,,,R6_N82
B_hgb_soft,delta2n,0,,,,,,R6_N82
B_hgb_soft,delta2p,18,1.408014276346661,1.9572477819799619,-0.1685350267107045,1.2822199300468355,2.924718306437711,R6_N82
B_hgb_residual,Sn,0,,,,,,R6_N82
B_hgb_residual,S2n,0,,,,,,R6_N82
B_hgb_residual,Sp,21,0.2577267471132516,0.4107562417452668,0.009604629054354604,0.1269421271642841,0.8253966738259351,R6_N82
B_hgb_residual,S2p,20,0.35825937986506917,0.5050149356766688,0.07786102314108803,0.24684035352026967,0.7418379757862801,R6_N82
B_hgb_residual,Qalpha,0,,,,,,R6_N82
B_hgb_residual,delta2n,0,,,,,,R6_N82
B_hgb_residual,delta2p,18,0.43670443382297386,0.6962438199027753,-0.07261955223543737,0.20804233167712027,1.283566727791718,R6_N82
B_hgb_adaptive,Sn,0,,,,,,R6_N82
B_hgb_adaptive,S2n,0,,,,,,R6_N82
B_hgb_adaptive,Sp,21,0.8076402338334403,1.0028583054666702,0.14107180256988136,0.5003240342045956,2.0021736486376085,R6_N82
B_hgb_adaptive,S2p,20,1.021843776273613,1.317861772707025,0.3464122971228335,0.7917931744383395,2.6397413496597673,R6_N82
B_hgb_adaptive,Qalpha,0,,,,,,R6_N82
B_hgb_adaptive,delta2n,0,,,,,,R6_N82
B_hgb_adaptive,delta2p,18,1.695351875147152,2.155545157966151,-0.1966729349948461,1.5269460628485376,3.673663094834372,R6_N82
B_mlp_data,Sn,0,,,,,,R6_N82
B_mlp_data,S2n,0,,,,,,R6_N82
B_mlp_data,Sp,21,1.530988525959336,2.144722032089173,-0.1475206415934519,1.020996918388846,2.9702851453450876,R6_N82
B_mlp_data,S2p,20,1.6228430028648517,2.5876221773882175,-0.3346959083702131,1.0516151619019638,5.576468450132441,R6_N82
B_mlp_data,Qalpha,0,,,,,,R6_N82
B_mlp_data,delta2n,0,,,,,,R6_N82
B_mlp_data,delta2p,18,1.564254227227189,2.3764934963754745,-0.938833922591938,0.9993429113812908,4.4755188125748475,R6_N82
B_mlp_soft,Sn,0,,,,,,R6_N82
B_mlp_soft,S2n,0,,,,,,R6_N82
B_mlp_soft,Sp,21,0.8665023578974645,1.1857956999174049,0.15410173068504004,0.7266126526969856,1.8670625185015979,R6_N82
B_mlp_soft,S2p,20,1.1968360761177792,1.6586458562688695,0.3507706582421406,1.211304314237168,2.1971387089091103,R6_N82
B_mlp_soft,Qalpha,0,,,,,,R6_N82
B_mlp_soft,delta2n,0,,,,,,R6_N82
B_mlp_soft,delta2p,18,0.8845599087860465,1.9154082323423276,-0.36945795761823774,0.18650857717511826,3.9337062163358327,R6_N82
B_mlp_residual,Sn,0,,,,,,R6_N82
B_mlp_residual,S2n,0,,,,,,R6_N82
B_mlp_residual,Sp,21,0.4868148948199914,0.5416014767541097,-0.018990473608320308,0.4707383860950358,1.01204560129122,R6_N82
B_mlp_residual,S2p,20,0.30039287574277296,0.5280463529505599,0.0012476255328920161,0.13112758637214483,1.5251211855230964,R6_N82
B_mlp_residual,Qalpha,0,,,,,,R6_N82
B_mlp_residual,delta2n,0,,,,,,R6_N82
B_mlp_residual,delta2p,18,0.45698424103588625,0.8519193723239109,-0.09748762706182232,0.22584316881011546,1.6273426817095218,R6_N82
B_mlp_adaptive,Sn,0,,,,,,R6_N82
B_mlp_adaptive,S2n,0,,,,,,R6_N82
B_mlp_adaptive,Sp,21,0.9289745320288494,1.327123021482744,0.04313702712814423,0.7593860749232135,1.7004057846475007,R6_N82
B_mlp_adaptive,S2p,20,1.1894135466012585,1.8202003403199862,0.13572654548952415,0.8620926279652394,3.029597085100104,R6_N82
B_mlp_adaptive,Qalpha,0,,,,,,R6_N82
B_mlp_adaptive,delta2n,0,,,,,,R6_N82
B_mlp_adaptive,delta2p,18,0.9737792479086491,2.020194882516618,-0.4910811971725606,0.3185350558775326,4.183229818158788,R6_N82
B_ridge_data,Sn,0,,,,,,R6_N82
B_ridge_data,S2n,0,,,,,,R6_N82
B_ridge_data,Sp,21,0.6278067351008109,0.9048300680692787,0.23615183191293995,0.35311444463263797,1.6560283476637778,R6_N82
B_ridge_data,S2p,20,1.056982345608344,1.5038552782849999,0.6197870909976928,0.5408294859294074,2.734281086002637,R6_N82
B_ridge_data,Qalpha,0,,,,,,R6_N82
B_ridge_data,delta2n,0,,,,,,R6_N82
B_ridge_data,delta2p,18,0.8707498904935973,1.759401522794783,-0.2568711870450089,0.4153468148127786,3.5918434266783783,R6_N82
B_ridge_soft,Sn,0,,,,,,R6_N82
B_ridge_soft,S2n,0,,,,,,R6_N82
B_ridge_soft,Sp,21,0.6278067351008109,0.9048300680692787,0.23615183191293995,0.35311444463263797,1.6560283476637778,R6_N82
B_ridge_soft,S2p,20,1.056982345608344,1.5038552782849999,0.6197870909976928,0.5408294859294074,2.734281086002637,R6_N82
B_ridge_soft,Qalpha,0,,,,,,R6_N82
B_ridge_soft,delta2n,0,,,,,,R6_N82
B_ridge_soft,delta2p,18,0.8707498904935973,1.759401522794783,-0.2568711870450089,0.4153468148127786,3.5918434266783783,R6_N82
B_ridge_residual,Sn,0,,,,,,R6_N82
B_ridge_residual,S2n,0,,,,,,R6_N82
B_ridge_residual,Sp,21,0.6048046280980954,0.8940197055056452,0.19454472912701976,0.3951326282328864,1.7808127928033173,R6_N82
B_ridge_residual,S2p,20,1.0118439988684826,1.461534134550991,0.5548560940262292,0.5806663127208367,2.604698980344791,R6_N82
B_ridge_residual,Qalpha,0,,,,,,R6_N82
B_ridge_residual,delta2n,0,,,,,,R6_N82
B_ridge_residual,delta2p,18,0.8607872628174013,1.748687096266423,-0.26435978829922785,0.3980055365705084,3.5867575921511223,R6_N82
B_ridge_adaptive,Sn,0,,,,,,R6_N82
B_ridge_adaptive,S2n,0,,,,,,R6_N82
B_ridge_adaptive,Sp,21,0.731394063623622,0.9248703623919063,0.24039158047009682,0.578279308398578,1.7362915647274804,R6_N82
B_ridge_adaptive,S2p,20,1.1571802749543394,1.5716897648688601,0.6208020000673059,0.728361826012133,2.8980536903588705,R6_N82
B_ridge_adaptive,Qalpha,0,,,,,,R6_N82
B_ridge_adaptive,delta2n,0,,,,,,R6_N82
B_ridge_adaptive,delta2p,18,0.902963104011557,1.71508251224808,-0.14509514203713378,0.49313441138463077,3.534619800299272,R6_N82
B_semf,Sn,0,,,,,,R6_N126
B_semf,S2n,0,,,,,,R6_N126
B_semf,Sp,13,0.8251786726405569,0.9003274199987779,0.5040700474368385,0.8485486102701998,1.2790404484110238,R6_N126
B_semf,S2p,12,1.4725816647746228,1.6287453918695658,1.1439649952348532,1.507325662838639,2.4785447901986117,R6_N126
B_semf,Qalpha,0,,,,,,R6_N126
B_semf,delta2n,0,,,,,,R6_N126
B_semf,delta2p,10,1.0264681552672983,1.609885908593974,-0.24647083535567163,0.5027141041974801,3.319423346173286,R6_N126
B_hgb_data,Sn,0,,,,,,R6_N126
B_hgb_data,S2n,0,,,,,,R6_N126
B_hgb_data,Sp,13,1.2157397220349384,1.4795636490233697,0.10660627765869671,0.7671422289101884,2.76975595300928,R6_N126
B_hgb_data,S2p,12,1.2219930361590627,1.5218629602834575,0.15074891270688795,1.0462396817681565,2.8259279081159767,R6_N126
B_hgb_data,Qalpha,0,,,,,,R6_N126
B_hgb_data,delta2n,0,,,,,,R6_N126
B_hgb_data,delta2p,10,2.148690792294951,2.5924599175465186,0.19450064563777686,2.193576336423803,4.2599548940808845,R6_N126
B_hgb_soft,Sn,0,,,,,,R6_N126
B_hgb_soft,S2n,0,,,,,,R6_N126
B_hgb_soft,Sp,13,0.7866193625854626,0.9023891656531547,0.34508453952559226,0.6631074090921629,1.4906023218198243,R6_N126
B_hgb_soft,S2p,12,1.0592062002866858,1.1904134699023428,0.7466785622236595,0.9625083805204895,1.8269766045098776,R6_N126
B_hgb_soft,Qalpha,0,,,,,,R6_N126
B_hgb_soft,delta2n,0,,,,,,R6_N126
B_hgb_soft,delta2p,10,1.0815257772475206,1.3592879724107687,-0.07008224295825585,0.8788102693279143,2.672364331710161,R6_N126
B_hgb_residual,Sn,0,,,,,,R6_N126
B_hgb_residual,S2n,0,,,,,,R6_N126
B_hgb_residual,Sp,13,0.35119391625866786,0.44624079267302125,0.012071053430662896,0.3240169129687729,0.7715662452169904,R6_N126
B_hgb_residual,S2p,12,0.5854994732713029,0.6833630990667401,0.051358908367528024,0.5755773345791795,1.14722399993725,R6_N126
B_hgb_residual,Qalpha,0,,,,,,R6_N126
B_hgb_residual,delta2n,0,,,,,,R6_N126
B_hgb_residual,delta2p,10,0.9026679057677484,1.1124074054974122,0.1212033170083032,0.7422145005839411,2.0508019968428237,R6_N126
B_hgb_adaptive,Sn,0,,,,,,R6_N126
B_hgb_adaptive,S2n,0,,,,,,R6_N126
B_hgb_adaptive,Sp,13,0.8742294433961189,1.050304774458345,0.23550183482787082,0.709360052583861,1.7734386345696291,R6_N126
B_hgb_adaptive,S2p,12,0.9596218001483597,1.154494553755186,0.4734932944944224,0.9372315281187866,2.100702432047944,R6_N126
B_hgb_adaptive,Qalpha,0,,,,,,R6_N126
B_hgb_adaptive,delta2n,0,,,,,,R6_N126
B_hgb_adaptive,delta2p,10,1.477896598724692,1.6877940605397255,0.01861199269278586,1.6756419751847034,2.588409907117624,R6_N126
B_mlp_data,Sn,0,,,,,,R6_N126
B_mlp_data,S2n,0,,,,,,R6_N126
B_mlp_data,Sp,13,1.6202395750163026,1.837625906214524,0.2554694970858691,1.774325610723281,2.852523056703785,R6_N126
B_mlp_data,S2p,12,1.6246277040527275,2.036698923942878,0.5255094711080801,1.1415623563975714,3.9768702048759215,R6_N126
B_mlp_data,Qalpha,0,,,,,,R6_N126
B_mlp_data,delta2n,0,,,,,,R6_N126
B_mlp_data,delta2p,10,1.3547525207593707,2.0995168647166387,-1.11237050830739,0.8900977472478644,4.223418856146892,R6_N126
B_mlp_soft,Sn,0,,,,,,R6_N126
B_mlp_soft,S2n,0,,,,,,R6_N126
B_mlp_soft,Sp,13,0.8859619590341656,1.0656733921309631,0.40462982729646824,0.8623057494478417,1.705843367193256,R6_N126
B_mlp_soft,S2p,12,1.475120409392294,1.6067512563496915,0.8965827855841818,1.4845811128249125,2.4660664576509923,R6_N126
B_mlp_soft,Qalpha,0,,,,,,R6_N126
B_mlp_soft,delta2n,0,,,,,,R6_N126
B_mlp_soft,delta2p,10,0.9022787839842522,1.7400643184871145,-0.5928307045363226,0.2490909128906651,3.681021550162378,R6_N126
B_mlp_residual,Sn,0,,,,,,R6_N126
B_mlp_residual,S2n,0,,,,,,R6_N126
B_mlp_residual,Sp,13,0.24865570290916578,0.3219557634053448,0.0499242436694483,0.1863658564477646,0.5700318577408777,R6_N126
B_mlp_residual,S2p,12,0.3358191198815348,0.4919524605075876,0.14082588245556357,0.17368639918345252,1.0406560704182195,R6_N126
B_mlp_residual,Qalpha,0,,,,,,R6_N126
B_mlp_residual,delta2n,0,,,,,,R6_N126
B_mlp_residual,delta2p,10,0.49549740041215956,0.7752890273014545,-0.06398495183025261,0.2422312428849409,1.57160969454104,R6_N126
B_mlp_adaptive,Sn,0,,,,,,R6_N126
B_mlp_adaptive,S2n,0,,,,,,R6_N126
B_mlp_adaptive,Sp,13,1.0199583080522923,1.2158080203287402,0.3453281240534544,1.0567135808628336,1.9911700493336866,R6_N126
B_mlp_adaptive,S2p,12,1.5097228352854206,1.666338668292022,0.7715920030056509,1.336866197674908,2.663418971963437,R6_N126
B_mlp_adaptive,Qalpha,0,,,,,,R6_N126
B_mlp_adaptive,delta2n,0,,,,,,R6_N126
B_mlp_adaptive,delta2p,10,0.9630418429370821,1.822891534412317,-0.7253707201946327,0.2742716283187292,3.855632120185245,R6_N126
B_ridge_data,Sn,0,,,,,,R6_N126
B_ridge_data,S2n,0,,,,,,R6_N126
B_ridge_data,Sp,13,0.8504933638197983,0.9264020167190237,0.5392517921190679,0.8042387712264372,1.4087246694126403,R6_N126
B_ridge_data,S2p,12,1.6023503867680045,1.7194564833204027,1.2651720174255463,1.6202512540486396,2.5241112115898545,R6_N126
B_ridge_data,Qalpha,0,,,,,,R6_N126
B_ridge_data,delta2n,0,,,,,,R6_N126
B_ridge_data,delta2p,10,0.9780085488270516,1.6036069734845653,-0.2934730697790428,0.42943239787530274,3.3206629693409324,R6_N126
B_ridge_soft,Sn,0,,,,,,R6_N126
B_ridge_soft,S2n,0,,,,,,R6_N126
B_ridge_soft,Sp,13,0.8504933638197983,0.9264020167190237,0.5392517921190679,0.8042387712264372,1.4087246694126403,R6_N126
B_ridge_soft,S2p,12,1.6023503867680045,1.7194564833204027,1.2651720174255463,1.6202512540486396,2.5241112115898545,R6_N126
B_ridge_soft,Qalpha,0,,,,,,R6_N126
B_ridge_soft,delta2n,0,,,,,,R6_N126
B_ridge_soft,delta2p,10,0.9780085488270516,1.6036069734845653,-0.2934730697790428,0.42943239787530274,3.3206629693409324,R6_N126
B_ridge_residual,Sn,0,,,,,,R6_N126
B_ridge_residual,S2n,0,,,,,,R6_N126
B_ridge_residual,Sp,13,0.8482144736763775,0.924564929744206,0.5766709638547372,0.8627869814413316,1.3453074520438801,R6_N126
B_ridge_residual,S2p,12,1.5579013128676706,1.692349477392236,1.270878239883397,1.5809835972153223,2.596496188737774,R6_N126
B_ridge_residual,Qalpha,0,,,,,,R6_N126
B_ridge_residual,delta2n,0,,,,,,R6_N126
B_ridge_residual,delta2p,10,0.9985407145301906,1.5717033750443763,-0.2391450285716928,0.49332928738306236,3.2307542181509206,R6_N126
B_ridge_adaptive,Sn,0,,,,,,R6_N126
B_ridge_adaptive,S2n,0,,,,,,R6_N126
B_ridge_adaptive,Sp,13,0.8111662815900288,0.8948443904860871,0.5065408072456159,0.7729429825501484,1.364270029405088,R6_N126
B_ridge_adaptive,S2p,12,1.514964718199849,1.6514892975982736,1.1849537876600682,1.540300898077703,2.476784760822716,R6_N126
B_ridge_adaptive,Qalpha,0,,,,,,R6_N126
B_ridge_adaptive,delta2n,0,,,,,,R6_N126
B_ridge_adaptive,delta2p,10,0.9953022725142091,1.5868694989883272,-0.25715532824133336,0.4601972562990113,3.270163018187199,R6_N126
B_semf,Sn,88,0.7162358743623993,1.1702150929370805,-0.11678378772398207,0.48625543828092077,1.6489225423861373,R7_light_random
B_semf,S2n,109,1.1493374990425231,1.811899997557695,0.3585221037719732,0.8339196359801235,2.575455377130825,R7_light_random
B_semf,Sp,102,0.7042330397163009,1.1881971780075948,0.40378205382582766,0.4527907302077665,2.672830258209604,R7_light_random
B_semf,S2p,96,1.193042400749154,2.0187197753727975,0.4255017874351474,0.8784145925604889,2.847415713268134,R7_light_random
B_semf,Qalpha,101,3.617757187794029,4.052753909972189,-3.617757187794029,3.214772647562768,6.64976692082746,R7_light_random
B_semf,delta2n,23,0.558090896809188,0.8247924120584995,-0.10586216529708344,0.3071033286528291,2.163252944426505,R7_light_random
B_semf,delta2p,15,1.2006712207741534,1.9599571447524464,0.13540221134973743,0.5174736968292564,4.170478166877766,R7_light_random
B_hgb_data,Sn,88,3.4219866333638107,5.50184370868594,0.3796722439309981,2.873632956829283,8.45397359070592,R7_light_random
B_hgb_data,S2n,109,3.640428388535018,5.6024167869614985,-0.36658357580329465,3.0306530955022026,7.049207959386138,R7_light_random
B_hgb_data,Sp,102,3.4069747744185372,4.705194979458605,0.532987272573216,2.5286330468655365,8.903372165264054,R7_light_random
B_hgb_data,S2p,96,2.9076445499021664,3.779047161210476,-0.09351136773848949,2.437178712949162,7.416530815994253,R7_light_random
B_hgb_data,Qalpha,101,18.593347997699595,18.916543405865905,18.593347997699595,18.433649960255252,24.27919920179761,R7_light_random
B_hgb_data,delta2n,23,4.981631606872421,5.8555106106731145,-1.4022290684747303,5.113544013732735,10.299077941922391,R7_light_random
B_hgb_data,delta2p,15,6.143943340959916,7.92283572538411,-0.2814266043076145,5.011354566285036,14.104578983826496,R7_light_random
B_hgb_soft,Sn,88,1.4223186768053344,2.220048508139061,0.08179862493801839,1.117237468828364,3.290619087773418,R7_light_random
B_hgb_soft,S2n,109,1.515810278890766,1.9389346500199525,0.06847983194187486,1.1854024354993271,3.514840821128176,R7_light_random
B_hgb_soft,Sp,102,1.4183801674241878,1.9358064237097012,0.45546414132478075,1.2481468339082653,3.540905532032874,R7_light_random
B_hgb_soft,S2p,96,1.285009674397927,1.8365083763446943,0.2178965253656894,0.9745530471987536,3.3467845146538977,R7_light_random
B_hgb_soft,Qalpha,101,5.358668229852359,5.607301926462537,5.266684886403382,5.363122022019297,7.877831582269437,R7_light_random
B_hgb_soft,delta2n,23,2.0353735983396364,2.3950121566799036,-0.6244089265681473,1.9319225064772354,4.008833744797533,R7_light_random
B_hgb_soft,delta2p,15,2.7256379964287114,3.6326144023385942,-0.031329314913161474,1.8261256949022027,8.123506903962726,R7_light_random
B_hgb_residual,Sn,88,0.5329934303369175,1.2592195859180444,-0.16649948309233167,0.2931215136402443,1.02385392911681,R7_light_random
B_hgb_residual,S2n,109,0.5241452594352544,1.428846887352667,0.1913696001133709,0.21697240624075675,1.1543071818770838,R7_light_random
B_hgb_residual,Sp,102,0.45890187052142933,1.0763955045891929,0.0368011326711633,0.2157869281687681,1.200630019692667,R7_light_random
B_hgb_residual,S2p,96,0.501190319110822,0.983254720886729,-0.10187372694689752,0.28496632662177035,1.495580470135252,R7_light_random
B_hgb_residual,Qalpha,101,1.9279422712180958,2.046151427128189,-1.7058422160072533,1.8625070324091553,3.0523703194976406,R7_light_random
B_hgb_residual,delta2n,23,0.7033036099742801,1.6298731018903125,0.2792709812621921,0.3846849400195538,1.0070136910282825,R7_light_random
B_hgb_residual,delta2p,15,1.2025967432840077,2.079524746645462,-0.3552840924175456,0.5500680013706187,4.890992172384153,R7_light_random
B_hgb_adaptive,Sn,88,1.5598853893434068,2.6083471414275183,0.2387744282724505,1.159011582495907,3.9180474299236367,R7_light_random
B_hgb_adaptive,S2n,109,1.7058365043818435,2.5150702335965134,0.021042798461782662,1.2300099528104056,3.87099181830271,R7_light_random
B_hgb_adaptive,Sp,102,1.6417665547866693,2.3061342871913837,0.385073696878766,1.3030903527508144,4.218725801604594,R7_light_random
B_hgb_adaptive,S2p,96,1.3197018270846514,1.9264702776705018,0.04663780240719332,0.9625250655298601,3.2363781798110836,R7_light_random
B_hgb_adaptive,Qalpha,101,4.816340121082343,5.061094017275687,4.656024454095324,4.825812763960585,7.477849545790605,R7_light_random
B_hgb_adaptive,delta2n,23,2.2287062486041327,2.664990522401187,-0.5974954519111361,1.9704062612386224,4.455542985557082,R7_light_random
B_hgb_adaptive,delta2p,15,3.100139101330494,4.105008948422817,-0.16826857563449665,2.3415671223813206,9.097087787474026,R7_light_random
B_mlp_data,Sn,88,1.2764957459285613,1.7119588806760089,0.286946837997073,1.007788622581188,3.185455214411274,R7_light_random
B_mlp_data,S2n,109,1.5049843665032268,2.3575657938538415,0.38327576285864745,1.0107087569942905,5.27988947162309,R7_light_random
B_mlp_data,Sp,102,1.359320272620075,1.9863074946747254,-0.2216805140088005,0.7917829175977431,4.6498781826036,R7_light_random
B_mlp_data,S2p,96,2.140429532827805,3.264126690578136,-0.4070381455774991,1.4191285947634924,7.298856076139721,R7_light_random
B_mlp_data,Qalpha,101,5.528945614901617,5.763482031253552,5.528945614901617,5.521988287103568,8.175777168358763,R7_light_random
B_mlp_data,delta2n,23,1.088928439858586,1.4865191300932001,-0.4418800408003618,0.7248908832957568,3.254351117149376,R7_light_random
B_mlp_data,delta2p,15,2.739270107644332,4.652563002676531,0.026101123679677585,1.5459479213310487,8.895768967865935,R7_light_random
B_mlp_soft,Sn,88,0.6458037037892026,0.8881570994127949,0.044708462564453294,0.4805718295017982,1.9546102256806372,R7_light_random
B_mlp_soft,S2n,109,1.064065494205138,1.4787222521214083,0.36842356740665017,0.8322503850779412,2.9660383713471217,R7_light_random
B_mlp_soft,Sp,102,0.675162083666836,0.910166309426826,0.15359702669198563,0.46632422072212876,1.948580960880101,R7_light_random
B_mlp_soft,S2p,96,1.145157802588049,1.9177778269446624,0.09248581423009943,0.7756000468932598,2.753441096041243,R7_light_random
B_mlp_soft,Qalpha,101,1.1737435590452299,1.5961616575034312,0.040923933284221455,0.8505153799037544,2.8581066021550896,R7_light_random
B_mlp_soft,delta2n,23,0.6988176479536314,0.9989263823992497,-0.2402693154984148,0.4149138182369825,2.0932770165854104,R7_light_random
B_mlp_soft,delta2p,15,1.6152082391410147,2.7474984395223894,0.09168177628170611,0.6675232994174962,6.480744655891498,R7_light_random
B_mlp_residual,Sn,88,0.32397789578963765,0.5000037738299266,0.01811724857092901,0.1886826838607476,0.9677520193797815,R7_light_random
B_mlp_residual,S2n,109,0.4210514072481824,0.730735187763333,0.06065360100491298,0.19217667785108006,1.4827505470633355,R7_light_random
B_mlp_residual,Sp,102,0.3083846077605652,0.5302562651374326,0.03891445944040444,0.18824141163679542,0.970080366792767,R7_light_random
B_mlp_residual,S2p,96,0.4914904352411356,0.8035324778932251,-0.08183215086372748,0.2316179453599716,1.6811437817212322,R7_light_random
B_mlp_residual,Qalpha,101,4.437215695803434,4.514629457979058,-4.437215695803434,4.340447557135803,5.916337879390824,R7_light_random
B_mlp_residual,delta2n,23,0.4943033233926768,0.9673383509042552,0.08519580392871942,0.16707962239070184,1.909877172022696,R7_light_random
B_mlp_residual,delta2p,15,1.4220928691909611,2.23840748501652,-0.3389941728906649,0.4621723625004961,4.3158603096966255,R7_light_random
B_mlp_adaptive,Sn,88,0.685826809179726,0.9668984545882576,0.1448170910072025,0.5269504238412992,1.921852993507686,R7_light_random
B_mlp_adaptive,S2n,109,1.0600697055962693,1.5132551702039911,0.3752997173420715,0.7848113832042145,3.1818948523344934,R7_light_random
B_mlp_adaptive,Sp,102,0.7441669351538746,1.0498374741333865,-0.011593985178370925,0.5162538798121545,2.4867571469523426,R7_light_random
B_mlp_adaptive,S2p,96,1.2426054110518063,2.0165176202482225,-0.08220771410613585,0.8540558986196629,3.0527298396420335,R7_light_random
B_mlp_adaptive,Qalpha,101,1.196573782095117,1.5611135091200805,0.3677720707781378,0.9477271208097591,2.844717681122802,R7_light_random
B_mlp_adaptive,delta2n,23,0.7486680147338067,1.0755572099647475,-0.25748562186715385,0.4267889479842779,2.3832562756981877,R7_light_random
B_mlp_adaptive,delta2p,15,1.7222118963097917,2.9135943186435562,0.0626983397169056,0.7250946532121816,6.5993370631507915,R7_light_random
B_ridge_data,Sn,88,0.6434646437930013,0.9025045404277182,-0.04770083439225769,0.4368333556743096,1.7378503611070497,R7_light_random
B_ridge_data,S2n,109,0.8747356706379723,1.2029071049754052,0.13314809898927016,0.727598529468878,2.1872375431823454,R7_light_random
B_ridge_data,Sp,102,0.5889343767543763,0.7766596338036938,0.025534893780918878,0.4830211266069,1.5535520403091823,R7_light_random
B_ridge_data,S2p,96,0.9547337999595009,1.3223484668146535,0.2230041215400941,0.7176484554374838,2.6485253957286545,R7_light_random
B_ridge_data,Qalpha,101,15.502520081760688,15.589070677625923,-15.502520081760688,15.114301258425257,18.444560915601073,R7_light_random
B_ridge_data,delta2n,23,0.5242738781875679,0.8278274616791875,-0.11185224950333822,0.20419342176023747,2.086466580982228,R7_light_random
B_ridge_data,delta2p,15,1.1991996746241076,1.9022906559357002,0.011425690074264593,0.5011111106410908,3.75401339575956,R7_light_random
B_ridge_soft,Sn,88,0.6434646437930013,0.9025045404277182,-0.04770083439225769,0.4368333556743096,1.7378503611070497,R7_light_random
B_ridge_soft,S2n,109,0.8747356706379723,1.2029071049754052,0.13314809898927016,0.727598529468878,2.1872375431823454,R7_light_random
B_ridge_soft,Sp,102,0.5889343767543763,0.7766596338036938,0.025534893780918878,0.4830211266069,1.5535520403091823,R7_light_random
B_ridge_soft,S2p,96,0.9547337999595009,1.3223484668146535,0.2230041215400941,0.7176484554374838,2.6485253957286545,R7_light_random
B_ridge_soft,Qalpha,101,15.502520081760688,15.589070677625923,-15.502520081760688,15.114301258425257,18.444560915601073,R7_light_random
B_ridge_soft,delta2n,23,0.5242738781875679,0.8278274616791875,-0.11185224950333822,0.20419342176023747,2.086466580982228,R7_light_random
B_ridge_soft,delta2p,15,1.1991996746241076,1.9022906559357002,0.011425690074264593,0.5011111106410908,3.75401339575956,R7_light_random
B_ridge_residual,Sn,88,0.5688923272574644,0.7903152393085853,-0.02417917146635983,0.4544918768200432,1.5924706049766106,R7_light_random
B_ridge_residual,S2n,109,0.8147587282042883,1.0484721446097967,0.11999086318476203,0.7526388916077167,2.079791129502666,R7_light_random
B_ridge_residual,Sp,102,0.47195125105884655,0.6101564942480663,0.07917159544748205,0.35779720596212883,1.056870950994578,R7_light_random
B_ridge_residual,S2p,96,0.8752911477264198,1.0939672649382426,0.13210283812869342,0.7226740091183501,2.2994419887489244,R7_light_random
B_ridge_residual,Qalpha,101,4.877620996355901,5.119102872074771,-4.877620996355901,4.535999169726665,7.578687500936667,R7_light_random
B_ridge_residual,delta2n,23,0.4923925946800292,0.7759671168595274,-0.15996386332069418,0.25225476341024944,2.0479363780747906,R7_light_random
B_ridge_residual,delta2p,15,1.0774560624348444,1.838508242263538,-0.5187187689053616,0.4018093098952704,3.5422033040466054,R7_light_random
B_ridge_adaptive,Sn,88,0.6091622070400899,0.9310836436213847,-0.040340283264579474,0.4238256606561208,1.5862422465929997,R7_light_random
B_ridge_adaptive,S2n,109,0.9011911684274414,1.3291345922804476,0.243949783345266,0.7102956405798295,2.1668147329147813,R7_light_random
B_ridge_adaptive,Sp,102,0.4778193369532586,0.6100419577506628,0.14797643794155288,0.38572764263540193,1.135580594949738,R7_light_random
B_ridge_adaptive,S2p,96,0.912689707042512,1.3382099986026286,0.2814999184607643,0.7509983451707853,2.4131744489145888,R7_light_random
B_ridge_adaptive,Qalpha,101,11.02807845589489,11.151220559072518,-11.02807845589489,10.633100815322223,13.974046247754359,R7_light_random
B_ridge_adaptive,delta2n,23,0.5270242727666274,0.8099890416831,-0.1140058069146588,0.28212020961029793,2.087035777534615,R7_light_random
B_ridge_adaptive,delta2p,15,1.2085918867052043,1.8691815728004182,0.044113573881188965,0.5559989559471887,3.7695418598415786,R7_light_random
B_semf,Sn,729,0.7840813172074593,0.9322702780175756,-0.10201089841669558,0.7236542092788341,1.6813575032898826,R4_magic_pm2
B_semf,S2n,654,1.3759210575047953,1.655580472590526,-0.2389370020846129,1.2614564951008447,3.011317822720224,R4_magic_pm2
B_semf,Sp,685,0.8192868083639665,1.033717220418738,0.2560801483348104,0.7201024706953376,1.8527295009330824,R4_magic_pm2
B_semf,S2p,572,1.4205906292197694,1.8119722667621274,0.5038621948641944,1.1722679923029773,3.4487281105471013,R4_magic_pm2
B_semf,Qalpha,0,,,,,,R4_magic_pm2
B_semf,delta2n,508,0.93802277347581,1.4187233005840993,-0.11076235064676128,0.46498950253948124,3.2199238154082868,R4_magic_pm2
B_semf,delta2p,368,1.278032274513858,1.6623411598366717,0.08759961172633168,0.8878928054490416,3.3436931260970244,R4_magic_pm2
B_hgb_data,Sn,729,4.737581513230652,8.165499845154711,0.6154836889620618,2.486648842912473,18.104613706714165,R4_magic_pm2
B_hgb_data,S2n,654,7.242833277317928,11.017528658471505,1.6100203690998893,4.165457480158807,23.940027177895445,R4_magic_pm2
B_hgb_data,Sp,685,3.9672285418647255,7.023014632720837,-0.22154332895893827,2.1493716071811377,12.967522551677092,R4_magic_pm2
B_hgb_data,S2p,572,6.074858707440394,9.90391737519865,-0.20010748074207704,3.093374635762686,22.59823677394015,R4_magic_pm2
B_hgb_data,Qalpha,0,,,,,,R4_magic_pm2
B_hgb_data,delta2n,508,10.447475959910419,16.582054642004064,-2.2142947634670604,5.057892418388633,41.70904404102077,R4_magic_pm2
B_hgb_data,delta2p,368,8.966399593067818,15.56521116203304,-2.8978908520439735,3.844769366082062,41.61580774498082,R4_magic_pm2
B_hgb_soft,Sn,729,2.0174786349713854,3.372469150532023,0.18498693653480844,1.1643352264036366,7.618514056631389,R4_magic_pm2
B_hgb_soft,S2n,654,3.114546151771696,4.587996082113521,0.5006459463891889,1.7888615192618431,10.259981720859171,R4_magic_pm2
B_hgb_soft,Sp,685,1.645772691562871,2.905811588952528,0.06503075741731368,0.9043370484750994,4.915996464218402,R4_magic_pm2
B_hgb_soft,S2p,572,2.5607141017937045,4.067746532533793,0.22227432462168759,1.3324995629639886,8.465073206119621,R4_magic_pm2
B_hgb_soft,Qalpha,0,,,,,,R4_magic_pm2
B_hgb_soft,delta2n,508,4.4218598177241155,6.978611140901424,-0.9521753157748832,2.119380376683921,17.318758712102618,R4_magic_pm2
B_hgb_soft,delta2p,368,3.8662590371591103,6.479706490088718,-1.1065965737817915,1.8733144920431641,17.33582928935296,R4_magic_pm2
B_hgb_residual,Sn,729,0.5240421964643639,0.6932709978684136,-0.02405765492855299,0.40417484097770284,1.345174964340777,R4_magic_pm2
B_hgb_residual,S2n,654,0.7833507793952742,1.1171512958393346,-0.07984715793888685,0.4694343437498105,2.3457469614769595,R4_magic_pm2
B_hgb_residual,Sp,685,0.587275702846352,0.7750356667917112,0.08819837152215095,0.4694706365546608,1.5354951049024745,R4_magic_pm2
B_hgb_residual,S2p,572,0.8828496849381522,1.2012288606168557,0.17371210357099068,0.6414972714014766,2.484026350396464,R4_magic_pm2
B_hgb_residual,Qalpha,0,,,,,,R4_magic_pm2
B_hgb_residual,delta2n,508,0.9723921507949786,1.4435652186838035,-0.1926322221538746,0.5939659140348112,3.2780342430273657,R4_magic_pm2
B_hgb_residual,delta2p,368,1.2747568579118298,1.7263128181274452,-0.2628440574145216,0.907487411666466,3.6092939232673187,R4_magic_pm2
B_hgb_adaptive,Sn,729,2.1764866441474267,3.7260871959336948,0.31227948678713746,1.2150557746657,8.60555266316036,R4_magic_pm2
B_hgb_adaptive,S2n,654,3.3749813180030754,5.128796321906811,0.7549322457823212,1.957021146233501,11.248747863818444,R4_magic_pm2
B_hgb_adaptive,Sp,685,1.8117465378628048,3.227119249960158,-0.11367639013747381,0.9563369839293046,5.917922563043431,R4_magic_pm2
B_hgb_adaptive,S2p,572,2.756268109949376,4.433655115575471,-0.09204024310878968,1.4113294466637853,10.542238603853054,R4_magic_pm2
B_hgb_adaptive,Qalpha,0,,,,,,R4_magic_pm2
B_hgb_adaptive,delta2n,508,4.782393815757777,7.590594882847777,-1.0649803684291919,2.2912990310932173,16.99142537056906,R4_magic_pm2
B_hgb_adaptive,delta2p,368,3.9519618268530237,6.63861377903184,-1.3658521152683045,1.8311283274470043,16.91295556308309,R4_magic_pm2
B_mlp_data,Sn,729,1.6668508994350857,2.1919948513525687,-0.20844085861858153,1.293158514474726,4.732983888517811,R4_magic_pm2
B_mlp_data,S2n,654,1.8808132392536354,2.53016497820101,-0.383642210926894,1.4130408549928006,5.254906441916882,R4_magic_pm2
B_mlp_data,Sp,685,2.076098085866652,2.6786616324441153,0.3151158689645298,1.6640370750055808,5.458774468956697,R4_magic_pm2
B_mlp_data,S2p,572,2.1976622872048344,2.9597081357206134,0.5840052175831536,1.6238656159958964,6.265243418261818,R4_magic_pm2
B_mlp_data,Qalpha,0,,,,,,R4_magic_pm2
B_mlp_data,delta2n,508,1.5868412619909498,2.341707322196622,-0.7893020511797766,0.8039020153923957,5.204780363482979,R4_magic_pm2
B_mlp_data,delta2p,368,2.515258212277412,3.2620491577659254,-1.1774414080842306,1.9418861474615028,6.47119795092884,R4_magic_pm2
B_mlp_soft,Sn,729,0.8844362457395849,1.0968654568763083,-0.1445828824974493,0.7746476599409107,2.162029197674201,R4_magic_pm2
B_mlp_soft,S2n,654,1.3399112849371833,1.6318042952084209,-0.2968190856215239,1.165908498854776,3.063955748636835,R4_magic_pm2
B_mlp_soft,Sp,685,1.0117146673252997,1.2857294247963174,0.2796944365866988,0.8113313174778796,2.49980230616643,R4_magic_pm2
B_mlp_soft,S2p,572,1.3810629942823418,1.7415331595525334,0.5359194039517788,1.2217814282720383,3.309799600095681,R4_magic_pm2
B_mlp_soft,Qalpha,0,,,,,,R4_magic_pm2
B_mlp_soft,delta2n,508,0.9789764954663256,1.6062212743523356,-0.38217823085996516,0.33822680367214275,3.751725338841706,R4_magic_pm2
B_mlp_soft,delta2p,368,1.3821797718407167,2.0090238454005225,-0.41841679619789135,0.7701782914250828,4.32755830495931,R4_magic_pm2
B_mlp_residual,Sn,729,0.5236197626744267,0.6809688405777125,-0.010398684413551035,0.41090647479018116,1.4207068375058043,R4_magic_pm2
B_mlp_residual,S2n,654,0.7706054879648552,1.0353953462890442,-0.04187330035620789,0.5853960688708639,2.081894924862155,R4_magic_pm2
B_mlp_residual,Sp,685,0.5631292076451458,0.7566116152028532,0.036636873982670785,0.4012431222831765,1.5777003081203465,R4_magic_pm2
B_mlp_residual,S2p,572,0.8035904198700164,1.067404064968612,0.07478892531131218,0.6122688400370748,2.1418417362342765,R4_magic_pm2
B_mlp_residual,Qalpha,0,,,,,,R4_magic_pm2
B_mlp_residual,delta2n,508,0.7985457473609275,1.2711431904307748,-0.24354838369328813,0.38854883365632986,3.109998095157901,R4_magic_pm2
B_mlp_residual,delta2p,368,1.1154133843938565,1.5261273947705682,-0.3522973543892607,0.8087964581155802,3.3264789313392327,R4_magic_pm2
B_mlp_adaptive,Sn,729,0.9049337097053317,1.1294428426275926,-0.12980568744672855,0.7838162852007713,2.222134775800396,R4_magic_pm2
B_mlp_adaptive,S2n,654,1.3349444992827442,1.6361381678845774,-0.2690774125780595,1.1479699694219505,3.2128998836574794,R4_magic_pm2
B_mlp_adaptive,Sp,685,1.0234897602938298,1.3069876962335247,0.259886425105562,0.8123605527509881,2.5881669418525233,R4_magic_pm2
B_mlp_adaptive,S2p,572,1.3785979668746593,1.7471472394061047,0.49894234676607546,1.2255375368420118,3.2947400474616835,R4_magic_pm2
B_mlp_adaptive,Qalpha,0,,,,,,R4_magic_pm2
B_mlp_adaptive,delta2n,508,0.9811874544339579,1.6153821290846655,-0.3941770639971513,0.3336387818244759,3.7843749449840036,R4_magic_pm2
B_mlp_adaptive,delta2p,368,1.3986628472388525,2.0272974076703996,-0.4446404720578566,0.7609336631196584,4.248545046111271,R4_magic_pm2
B_ridge_data,Sn,729,0.7199954223665789,0.9211042185790058,-0.05748824165378598,0.626593799269699,1.784874211338547,R4_magic_pm2
B_ridge_data,S2n,654,1.1322021761387016,1.4308786441779053,-0.14553328728948953,1.0100163476448643,2.54590000657621,R4_magic_pm2
B_ridge_data,Sp,685,0.7332386313787888,0.9398226232725496,0.131674058970998,0.6444583128991894,1.6901930016619522,R4_magic_pm2
B_ridge_data,S2p,572,1.1047240391477176,1.4529787919543027,0.24441129970959757,0.8756810919900317,2.671847405655568,R4_magic_pm2
B_ridge_data,Qalpha,0,,,,,,R4_magic_pm2
B_ridge_data,delta2n,508,0.902855439716846,1.4948117147854272,-0.37804343517710853,0.34519856272623883,3.636983355571979,R4_magic_pm2
B_ridge_data,delta2p,368,1.2970843791647222,1.9034208141101514,-0.5985196825938897,0.6800783306603932,4.224285333456529,R4_magic_pm2
B_ridge_soft,Sn,729,0.7199954223665789,0.9211042185790058,-0.05748824165378598,0.626593799269699,1.784874211338547,R4_magic_pm2
B_ridge_soft,S2n,654,1.1322021761387016,1.4308786441779053,-0.14553328728948953,1.0100163476448643,2.54590000657621,R4_magic_pm2
B_ridge_soft,Sp,685,0.7332386313787888,0.9398226232725496,0.131674058970998,0.6444583128991894,1.6901930016619522,R4_magic_pm2
B_ridge_soft,S2p,572,1.1047240391477176,1.4529787919543027,0.24441129970959757,0.8756810919900317,2.671847405655568,R4_magic_pm2
B_ridge_soft,Qalpha,0,,,,,,R4_magic_pm2
B_ridge_soft,delta2n,508,0.902855439716846,1.4948117147854272,-0.37804343517710853,0.34519856272623883,3.636983355571979,R4_magic_pm2
B_ridge_soft,delta2p,368,1.2970843791647222,1.9034208141101514,-0.5985196825938897,0.6800783306603932,4.224285333456529,R4_magic_pm2
B_ridge_residual,Sn,729,0.6403300894061372,0.7712290769676455,-0.07184502168105131,0.6172507375213172,1.3799398627915709,R4_magic_pm2
B_ridge_residual,S2n,654,1.068294670756011,1.290850035997924,-0.1828631721065495,0.9923464572403304,2.4279329108082153,R4_magic_pm2
B_ridge_residual,Sp,685,0.6388679224893856,0.7963109701568187,0.16414231123304257,0.5557351340007699,1.5217651814137745,R4_magic_pm2
B_ridge_residual,S2p,572,1.0173386949471594,1.2793788518541351,0.3318826177078221,0.9429734461103294,2.4929318485141687,R4_magic_pm2
B_ridge_residual,Qalpha,0,,,,,,R4_magic_pm2
B_ridge_residual,delta2n,508,0.8549818358895613,1.4008920130161264,-0.2892457633018449,0.3517515229855803,3.3831936463169874,R4_magic_pm2
B_ridge_residual,delta2p,368,1.1372749951464325,1.6024176201928861,-0.4388474697687547,0.6270029037507925,3.398382533837501,R4_magic_pm2
B_ridge_adaptive,Sn,729,0.6805628433350991,0.8294900750016073,-0.057878634549638534,0.6223039134572446,1.5426694402994372,R4_magic_pm2
B_ridge_adaptive,S2n,654,1.1376424805133667,1.390453504537768,-0.15315490535432813,1.0370814098893675,2.5984157924132436,R4_magic_pm2
B_ridge_adaptive,Sp,685,0.6654018435679389,0.8164842931173341,0.15076461704514493,0.605129760764612,1.4620991775676202,R4_magic_pm2
B_ridge_adaptive,S2p,572,1.1067986053664811,1.3706537520869704,0.294462561456261,1.0601208649113687,2.646144914331364,R4_magic_pm2
B_ridge_adaptive,Qalpha,0,,,,,,R4_magic_pm2
B_ridge_adaptive,delta2n,508,0.8956069445806674,1.4440376476364973,-0.291208308647145,0.3766528508382976,3.4425106507540644,R4_magic_pm2
B_ridge_adaptive,delta2p,368,1.2203579559091424,1.7143093755920744,-0.3807383595279753,0.6586403443648976,3.5051240415395455,R4_magic_pm2
B_semf,Sn,97,0.5444968859220097,0.6879170543743961,0.07426262437332458,0.37888590371017017,1.2031797841872272,R0_random_broad
B_semf,S2n,84,0.875761084029273,1.2537803458487367,-0.03285771983918889,0.6652309627357909,2.5247292243715695,R0_random_broad
B_semf,Sp,103,0.5847250587066343,0.7262296946714679,0.10107203244583232,0.4990390018799644,1.3803932154080825,R0_random_broad
B_semf,S2p,88,1.0575052014236768,1.92551802885038,0.4380602965234107,0.7261198091997585,2.2219741476627344,R0_random_broad
B_semf,Qalpha,0,,,,,,R0_random_broad
B_semf,delta2n,13,0.4993981390921013,0.6566025008829572,0.26788072893390774,0.32574394068660695,1.3091015243155875,R0_random_broad
B_semf,delta2p,15,0.34575334685812703,0.49230434561368036,0.24776924680534573,0.22844041796088277,1.0309932089576301,R0_random_broad
B_hgb_data,Sn,97,2.8618076822143363,3.8786448783174943,0.157361359508958,2.3358252025097954,5.901439702692841,R0_random_broad
B_hgb_data,S2n,84,2.4014246242065433,3.2336348427772665,-0.4118563170931639,1.7676050549800948,6.644320360318189,R0_random_broad
B_hgb_data,Sp,103,2.630780349472769,3.545283971914453,0.6634349706672446,2.1942606803938816,6.333959373997758,R0_random_broad
B_hgb_data,S2p,88,2.7218140263812485,4.410657745575799,-0.6544259925081325,1.9514968638081314,5.63738072652494,R0_random_broad
B_hgb_data,Qalpha,0,,,,,,R0_random_broad
B_hgb_data,delta2n,13,3.408376501129667,4.913142548433674,1.0298126009728146,1.4323790982996343,9.31426695644363,R0_random_broad
B_hgb_data,delta2p,15,3.7943059538724926,4.83406007236253,-1.8462624750506733,3.400894270190065,9.26530230105975,R0_random_broad
B_hgb_soft,Sn,97,1.1917358741792956,1.610484821855627,0.10750211842757566,1.0782486457105733,2.4046983380001166,R0_random_broad
B_hgb_soft,S2n,84,1.0764227729714801,1.3509016769920532,-0.18445715874076352,0.8701292552449331,2.4693228793894426,R0_random_broad
B_hgb_soft,Sp,103,1.1090950442730905,1.4683954853765964,0.3260172077343813,0.8725402480608864,2.6085413760613676,R0_random_broad
B_hgb_soft,S2p,88,1.1181561292945923,1.479760650214821,0.0010657809107909538,0.9156984652649953,2.5329292895069777,R0_random_broad
B_hgb_soft,Qalpha,0,,,,,,R0_random_broad
B_hgb_soft,delta2n,13,1.5819850621330103,2.1252850702654555,0.5726534777495107,0.7822328771470666,3.9216678442472563,R0_random_broad
B_hgb_soft,delta2p,15,1.4135148217709002,1.8738451469311777,-0.5898434419369778,1.0067223435546566,3.764569479246597,R0_random_broad
B_hgb_residual,Sn,97,0.27282653180256605,0.394639774851755,0.012111854083407756,0.16966215895536152,0.9241698967686712,R0_random_broad
B_hgb_residual,S2n,84,0.4032353255437136,0.9430058949475542,-0.1652849477459404,0.2501137909494844,1.0324736640926968,R0_random_broad
B_hgb_residual,Sp,103,0.2694062876671863,0.4037838787206504,0.0372186290296963,0.19105370545207734,0.6657412240277831,R0_random_broad
B_hgb_residual,S2p,88,0.4632710850041965,1.5191483888030262,0.2366221097070448,0.2455669637496385,0.8607459212150813,R0_random_broad
B_hgb_residual,Qalpha,0,,,,,,R0_random_broad
B_hgb_residual,delta2n,13,0.4687330490376273,0.5696308607050913,0.07942523724762815,0.44643811498758623,0.9511161393111471,R0_random_broad
B_hgb_residual,delta2p,15,0.43735092354262406,0.6102802360756987,-0.10029450356571108,0.29192948751347103,1.220124735470585,R0_random_broad
B_hgb_adaptive,Sn,97,1.3491893449811514,1.851333026524021,0.1419666935639444,1.1242310245568206,2.837397711676908,R0_random_broad
B_hgb_adaptive,S2n,84,1.193870572271304,1.5775050510703195,-0.12289481169494076,0.8674427124396971,3.3448284384742157,R0_random_broad
B_hgb_adaptive,Sp,103,1.2238788006275971,1.659033479756475,0.35925735943333376,0.9782248091426027,2.8062049704602483,R0_random_broad
B_hgb_adaptive,S2p,88,1.3331231700194373,2.242809769506712,-0.22062603178654203,1.0120229359316681,2.8384924384479993,R0_random_broad
B_hgb_adaptive,Qalpha,0,,,,,,R0_random_broad
B_hgb_adaptive,delta2n,13,1.7021400106925388,2.3340388947456376,0.6982557813145587,0.778095543098857,4.459662182735289,R0_random_broad
B_hgb_adaptive,delta2p,15,1.6154027667032702,2.0714443559172415,-0.679358622437788,1.1336891068522164,4.099618937989885,R0_random_broad
B_mlp_data,Sn,97,1.3077091467200956,1.9160403846051197,0.19878789618921835,0.9923983910700827,3.430142610008121,R0_random_broad
B_mlp_data,S2n,84,1.3873551351925795,1.857682511501755,-0.10247689048135589,0.9656747418742384,4.197571963963187,R0_random_broad
B_mlp_data,Sp,103,1.550770073086178,2.0316715866651256,0.009608187057163348,1.2666991798528215,4.295270560683706,R0_random_broad
B_mlp_data,S2p,88,1.8604187943377517,2.4991425750176175,-0.023600239709455906,1.2964133568178795,5.429762820496813,R0_random_broad
B_mlp_data,Qalpha,0,,,,,,R0_random_broad
B_mlp_data,delta2n,13,0.6389237683730559,1.031077001288653,-0.2750366676964929,0.3763887337890992,2.1984514183774513,R0_random_broad
B_mlp_data,delta2p,15,1.362796698616656,1.6196550749111958,-0.9309575912893479,1.3938609754779918,2.640374128570306,R0_random_broad
B_mlp_soft,Sn,97,0.6958034632365271,0.9351650311327011,0.12407273309966743,0.5338903824890622,1.9224992915046377,R0_random_broad
B_mlp_soft,S2n,84,0.8459113502595533,1.0570518381736624,-0.06070538809604845,0.7254426139460293,2.176868857482594,R0_random_broad
B_mlp_soft,Sp,103,0.6786908136415614,0.8825860557018733,0.06448649429036683,0.5502343772673157,1.588539282446492,R0_random_broad
B_mlp_soft,S2p,88,0.9574222805949814,1.3007032424000133,0.25339608203026615,0.7154525357439638,2.2645023129927946,R0_random_broad
B_mlp_soft,Qalpha,0,,,,,,R0_random_broad
B_mlp_soft,delta2n,13,0.4477192103693054,0.7157237380886232,0.05071377028171425,0.15698153495964107,1.491036642168341,R0_random_broad
B_mlp_soft,delta2p,15,0.6421301467382818,0.7348867249822066,-0.2237214884324961,0.8132344640923748,1.1144092699923704,R0_random_broad
B_mlp_residual,Sn,97,0.2704478472684837,0.47720957370629574,-0.009805546912373396,0.1907242046115698,0.7418130544949009,R0_random_broad
B_mlp_residual,S2n,84,0.2633343967383798,0.4398614113060512,-0.027592073708641168,0.16044901504375275,0.973003709151384,R0_random_broad
B_mlp_residual,Sp,103,0.23489694559647253,0.3444925302095687,0.005471309085638347,0.16259806560083234,0.7077145303462019,R0_random_broad
B_mlp_residual,S2p,88,0.36301624731094795,0.6759760750240412,-0.03972247628828382,0.18256854296271285,0.963534574195124,R0_random_broad
B_mlp_residual,Qalpha,0,,,,,,R0_random_broad
B_mlp_residual,delta2n,13,0.3848154624337387,0.5595843374425546,0.12797569318362234,0.25694702528517155,1.227316033507941,R0_random_broad
B_mlp_residual,delta2p,15,0.24498134224495516,0.3185103987476707,0.011602579063082884,0.1834499636190685,0.6059857030825124,R0_random_broad
B_mlp_adaptive,Sn,97,0.7690396165640744,1.1141123156653,0.1804477817154841,0.5640723333201549,1.8255387526219198,R0_random_broad
B_mlp_adaptive,S2n,84,0.8726170420272252,1.0951784933411195,0.012623914697866686,0.7586650152030074,2.118709918809787,R0_random_broad
B_mlp_adaptive,Sp,103,0.7708302515141269,0.9861390261211596,0.00867960399488103,0.6364211564934976,1.9165358140997226,R0_random_broad
B_mlp_adaptive,S2p,88,0.9519794141925346,1.2066416025376967,0.08587647742307135,0.7514417559740423,2.2813815460775118,R0_random_broad
B_mlp_adaptive,Qalpha,0,,,,,,R0_random_broad
B_mlp_adaptive,delta2n,13,0.4370215237228457,0.691926237442011,0.055764369276210764,0.1778108989467455,1.4286556968081177,R0_random_broad
B_mlp_adaptive,delta2p,15,0.7707465879721819,0.904534843688854,-0.37516232253947995,0.8018878858339349,1.4837094050983521,R0_random_broad
B_ridge_data,Sn,97,0.5844922768329784,0.9496647140000378,0.07888613828845717,0.41142630312606343,1.3611295535548806,R0_random_broad
B_ridge_data,S2n,84,0.731800466353822,0.9656845008584977,-0.05148961443448436,0.5200074981894431,1.9189268217201456,R0_random_broad
B_ridge_data,Sp,103,0.6482856939766678,1.0197149465181532,0.1420488956187526,0.45432945633820054,2.114477742770324,R0_random_broad
B_ridge_data,S2p,88,0.8215994845558864,1.1026971127867837,0.2741375176051109,0.6383776316732224,2.414849996440516,R0_random_broad
B_ridge_data,Qalpha,0,,,,,,R0_random_broad
B_ridge_data,delta2n,13,0.45759803553380607,0.6727377939063426,0.11248914169198088,0.23751638126213948,1.4900909370891662,R0_random_broad
B_ridge_data,delta2p,15,0.2684107557961018,0.35984724293868964,0.08266260667229137,0.18484581884968065,0.6571424308628817,R0_random_broad
B_ridge_soft,Sn,97,0.5844922768329784,0.9496647140000378,0.07888613828845717,0.41142630312606343,1.3611295535548806,R0_random_broad
B_ridge_soft,S2n,84,0.731800466353822,0.9656845008584977,-0.05148961443448436,0.5200074981894431,1.9189268217201456,R0_random_broad
B_ridge_soft,Sp,103,0.6482856939766678,1.0197149465181532,0.1420488956187526,0.45432945633820054,2.114477742770324,R0_random_broad
B_ridge_soft,S2p,88,0.8215994845558864,1.1026971127867837,0.2741375176051109,0.6383776316732224,2.414849996440516,R0_random_broad
B_ridge_soft,Qalpha,0,,,,,,R0_random_broad
B_ridge_soft,delta2n,13,0.45759803553380607,0.6727377939063426,0.11248914169198088,0.23751638126213948,1.4900909370891662,R0_random_broad
B_ridge_soft,delta2p,15,0.2684107557961018,0.35984724293868964,0.08266260667229137,0.18484581884968065,0.6571424308628817,R0_random_broad
B_ridge_residual,Sn,97,0.49945400520871447,0.8922258516206846,0.09485111074935237,0.31809537041158364,1.0876478677980457,R0_random_broad
B_ridge_residual,S2n,84,0.7033488567339996,0.9159182021830345,-0.059255127069134245,0.5184215643288326,1.8766263319148595,R0_random_broad
B_ridge_residual,Sp,103,0.4603797576133428,0.5836116254298628,0.1184514775276749,0.34065351308299796,1.089449554922646,R0_random_broad
B_ridge_residual,S2p,88,0.7232955072661565,0.9025852804478115,0.14437702673265917,0.579393566669296,1.8396000658691944,R0_random_broad
B_ridge_residual,Qalpha,0,,,,,,R0_random_broad
B_ridge_residual,delta2n,13,0.42038840070970834,0.595286605922583,0.16109204842977165,0.16286409049052963,1.2953634884034273,R0_random_broad
B_ridge_residual,delta2p,15,0.2751956127987114,0.3794124050712706,0.08366954579777636,0.17110778123560522,0.6969055473853241,R0_random_broad
B_ridge_adaptive,Sn,97,0.5137574578857133,0.8282749621893297,0.11573685810243087,0.39956088008102597,1.2218986325855894,R0_random_broad
B_ridge_adaptive,S2n,84,0.6588025827263356,0.8972221788188808,-0.0005109072379819882,0.520597454440292,1.7741874455093403,R0_random_broad
B_ridge_adaptive,Sp,103,0.5239660237775717,0.73727842221743,0.11366825039987098,0.39247419349771917,1.2023891375955937,R0_random_broad
B_ridge_adaptive,S2p,88,0.7162462730325145,0.9806793170792276,0.25945910664034083,0.5574548273929167,1.858054915188881,R0_random_broad
B_ridge_adaptive,Qalpha,0,,,,,,R0_random_broad
B_ridge_adaptive,delta2n,13,0.4625366740850198,0.654348087989098,0.19294188766218667,0.29538849161144753,1.4339474241736752,R0_random_broad
B_ridge_adaptive,delta2p,15,0.27324974361942317,0.4031879249074624,0.1598187382938401,0.1781038095130043,0.7311524430786782,R0_random_broad
B_semf,Sn,20,1.0299219997953486,1.2189757848136413,-0.2837722712472129,0.8433770011051251,2.1809916239181093,R1_Ca_broad
B_semf,S2n,19,1.6972690900860095,2.0561995414721577,-0.6649898247220712,1.6959045807965367,3.6680775995112405,R1_Ca_broad
B_semf,Sp,0,,,,,,R1_Ca_broad
B_semf,S2p,0,,,,,,R1_Ca_broad
B_semf,Qalpha,0,,,,,,R1_Ca_broad
B_semf,delta2n,17,1.9110610927179503,2.2197458247310777,0.13457575069818137,1.85416579925527,3.4278209514092954,R1_Ca_broad
B_semf,delta2p,0,,,,,,R1_Ca_broad
B_hgb_data,Sn,20,2.7347358410506986,3.312266202762839,0.1527809165272771,2.458133029329929,5.351029899092711,R1_Ca_broad
B_hgb_data,S2n,19,2.6498009529208666,3.368040569901421,0.2958752628908045,2.243427806012562,5.488453167915989,R1_Ca_broad
B_hgb_data,Sp,0,,,,,,R1_Ca_broad
B_hgb_data,S2p,0,,,,,,R1_Ca_broad
B_hgb_data,Qalpha,0,,,,,,R1_Ca_broad
B_hgb_data,delta2n,17,4.064449447933187,5.400917662124657,-0.030547572554272553,3.6329505919410963,10.575886899283793,R1_Ca_broad
B_hgb_data,delta2p,0,,,,,,R1_Ca_broad
B_hgb_soft,Sn,20,1.2180712617299805,1.5885745525157784,-0.10915099613741575,0.9744220453455341,2.5511934847919813,R1_Ca_broad
B_hgb_soft,S2n,19,1.6015874198447448,1.9563839355365693,-0.2806437896769191,1.4334684673299307,3.4339480122594845,R1_Ca_broad
B_hgb_soft,Sp,0,,,,,,R1_Ca_broad
B_hgb_soft,S2p,0,,,,,,R1_Ca_broad
B_hgb_soft,Qalpha,0,,,,,,R1_Ca_broad
B_hgb_soft,delta2n,17,2.30592235882909,3.110992731745148,0.06852642139719979,1.535670430267885,6.704197460408738,R1_Ca_broad
B_hgb_soft,delta2p,0,,,,,,R1_Ca_broad
B_hgb_residual,Sn,20,0.46693628407389554,0.5876646580044115,-0.04520637866508252,0.37502760281549286,1.0455347182776593,R1_Ca_broad
B_hgb_residual,S2n,19,0.577624199078439,0.6835125290311848,-0.06003910131164802,0.6201321163158013,1.107318150424282,R1_Ca_broad
B_hgb_residual,Sp,0,,,,,,R1_Ca_broad
B_hgb_residual,S2p,0,,,,,,R1_Ca_broad
B_hgb_residual,Qalpha,0,,,,,,R1_Ca_broad
B_hgb_residual,delta2n,17,1.0534751162543263,1.2172521452602918,-0.02974797665164969,0.9781125529252677,1.9202677108354236,R1_Ca_broad
B_hgb_residual,delta2p,0,,,,,,R1_Ca_broad
B_hgb_adaptive,Sn,20,1.5730237757120165,2.027151982532288,0.00034857366848655146,1.1914112015052751,3.1962120231772033,R1_Ca_broad
B_hgb_adaptive,S2n,19,1.791135107515201,2.2478434150517823,-0.06333571821288256,1.9312482212184818,3.4493667039303735,R1_Ca_broad
B_hgb_adaptive,Sp,0,,,,,,R1_Ca_broad
B_hgb_adaptive,S2p,0,,,,,,R1_Ca_broad
B_hgb_adaptive,Qalpha,0,,,,,,R1_Ca_broad
B_hgb_adaptive,delta2n,17,2.755227258032816,3.6548275057587745,-0.008243197883359699,1.7360974899532948,7.392399969642247,R1_Ca_broad
B_hgb_adaptive,delta2p,0,,,,,,R1_Ca_broad
B_mlp_data,Sn,20,1.6305055174336331,2.279281248269103,0.2384348698335458,1.1745024324757765,4.694590513184567,R1_Ca_broad
B_mlp_data,S2n,19,2.582450685471946,3.0464153678212544,0.08349201390365124,2.466280086895779,5.971073169952505,R1_Ca_broad
B_mlp_data,Sp,0,,,,,,R1_Ca_broad
B_mlp_data,S2p,0,,,,,,R1_Ca_broad
B_mlp_data,Qalpha,0,,,,,,R1_Ca_broad
B_mlp_data,delta2n,17,2.7722356380218884,3.324854308408723,-0.9753695069908772,2.371254134840285,5.615808058520667,R1_Ca_broad
B_mlp_data,delta2p,0,,,,,,R1_Ca_broad
B_mlp_soft,Sn,20,1.1293230192224684,1.386243836888104,-0.07488941481491054,1.0040829820793817,2.367091658558798,R1_Ca_broad
B_mlp_soft,S2n,19,1.8352926323632615,2.154123331844772,-0.36559708927178225,1.5848817085947076,3.8744295562978195,R1_Ca_broad
B_mlp_soft,Sp,0,,,,,,R1_Ca_broad
B_mlp_soft,S2p,0,,,,,,R1_Ca_broad
B_mlp_soft,Qalpha,0,,,,,,R1_Ca_broad
B_mlp_soft,delta2n,17,2.0203998466826314,2.4409797486190317,-0.3094023523774434,2.122798544436648,4.150453955984641,R1_Ca_broad
B_mlp_soft,delta2p,0,,,,,,R1_Ca_broad
B_mlp_residual,Sn,20,0.7923700537736892,0.9589472485503465,-0.051054335853669384,0.8306010722311896,1.8272867033401383,R1_Ca_broad
B_mlp_residual,S2n,19,1.379078061810934,1.6505295457471996,-0.1814922053268333,1.161837270471949,2.946078056059393,R1_Ca_broad
B_mlp_residual,Sp,0,,,,,,R1_Ca_broad
B_mlp_residual,S2p,0,,,,,,R1_Ca_broad
B_mlp_residual,Qalpha,0,,,,,,R1_Ca_broad
B_mlp_residual,delta2n,17,1.5564988624917746,1.8490349685776872,-0.11156409463726771,1.716837355361747,2.960015195287451,R1_Ca_broad
B_mlp_residual,delta2p,0,,,,,,R1_Ca_broad
B_mlp_adaptive,Sn,20,1.2203063623619754,1.568812557221911,0.0208632638425172,1.0608139672604864,2.430072451429619,R1_Ca_broad
B_mlp_adaptive,S2n,19,2.007722253466215,2.3187944632324657,-0.22949881761939506,1.7469354467889957,4.054380231364336,R1_Ca_broad
B_mlp_adaptive,Sp,0,,,,,,R1_Ca_broad
B_mlp_adaptive,S2p,0,,,,,,R1_Ca_broad
B_mlp_adaptive,Qalpha,0,,,,,,R1_Ca_broad
B_mlp_adaptive,delta2n,17,2.1230252382040495,2.5641645502558665,-0.47236357388421496,2.0059185420025756,4.23728852306242,R1_Ca_broad
B_mlp_adaptive,delta2p,0,,,,,,R1_Ca_broad
B_ridge_data,Sn,20,0.9010579918794803,1.0686140691394068,0.009944535243278096,0.916812930158045,1.7584384047631347,R1_Ca_broad
B_ridge_data,S2n,19,1.4115541537182228,1.7343124233336882,-0.06287011817151349,1.4472287507695114,3.055576105194051,R1_Ca_broad
B_ridge_data,Sp,0,,,,,,R1_Ca_broad
B_ridge_data,S2p,0,,,,,,R1_Ca_broad
B_ridge_data,Qalpha,0,,,,,,R1_Ca_broad
B_ridge_data,delta2n,17,1.869772621859785,2.1792290732762134,-0.12834108334165836,1.833157291595228,3.842567041375173,R1_Ca_broad
B_ridge_data,delta2p,0,,,,,,R1_Ca_broad
B_ridge_soft,Sn,20,0.9010579918794803,1.0686140691394068,0.009944535243278096,0.916812930158045,1.7584384047631347,R1_Ca_broad
B_ridge_soft,S2n,19,1.4115541537182228,1.7343124233336882,-0.06287011817151349,1.4472287507695114,3.055576105194051,R1_Ca_broad
B_ridge_soft,Sp,0,,,,,,R1_Ca_broad
B_ridge_soft,S2p,0,,,,,,R1_Ca_broad
B_ridge_soft,Qalpha,0,,,,,,R1_Ca_broad
B_ridge_soft,delta2n,17,1.869772621859785,2.1792290732762134,-0.12834108334165836,1.833157291595228,3.842567041375173,R1_Ca_broad
B_ridge_soft,delta2p,0,,,,,,R1_Ca_broad
B_ridge_residual,Sn,20,0.8860689942459089,1.0587744491381543,-0.008159717191409755,0.9354171714634276,1.8235061953818472,R1_Ca_broad
B_ridge_residual,S2n,19,1.4467335517826427,1.7671015077029402,-0.11658968309765334,1.344197100456995,2.9836513184632265,R1_Ca_broad
B_ridge_residual,Sp,0,,,,,,R1_Ca_broad
B_ridge_residual,S2p,0,,,,,,R1_Ca_broad
B_ridge_residual,Qalpha,0,,,,,,R1_Ca_broad
B_ridge_residual,delta2n,17,1.8924928115066195,2.2032717118612357,-0.14244647723347392,1.8092369555822074,3.8394722486426756,R1_Ca_broad
B_ridge_residual,delta2p,0,,,,,,R1_Ca_broad
B_ridge_adaptive,Sn,20,0.8967701988694131,1.0795486965046641,-0.04731347829559525,0.911370179180409,1.7920516693975685,R1_Ca_broad
B_ridge_adaptive,S2n,19,1.4315468209566629,1.7621583036136241,-0.19450031215643848,1.4357925369008058,3.190459635143883,R1_Ca_broad
B_ridge_adaptive,Sp,0,,,,,,R1_Ca_broad
B_ridge_adaptive,S2p,0,,,,,,R1_Ca_broad
B_ridge_adaptive,Qalpha,0,,,,,,R1_Ca_broad
B_ridge_adaptive,delta2n,17,1.8777969287402945,2.1942791998430713,-0.06969391943035215,1.9351415935363434,3.8078701681216556,R1_Ca_broad
B_ridge_adaptive,delta2p,0,,,,,,R1_Ca_broad
B_semf,Sn,33,0.8746673832406486,1.0484861509278052,-0.01682742602765481,0.871693501130494,1.7343481328130563,R1_Sn_broad
B_semf,S2n,32,1.6394416367885434,1.9411312112729389,-0.11878072309621146,1.66091623607349,3.2674100254833545,R1_Sn_broad
B_semf,Sp,0,,,,,,R1_Sn_broad
B_semf,S2p,0,,,,,,R1_Sn_broad
B_semf,Qalpha,0,,,,,,R1_Sn_broad
B_semf,delta2n,30,0.7921304911746158,1.3348927389988523,0.04972924473281258,0.4706867050583128,2.6907719904993974,R1_Sn_broad
B_semf,delta2p,0,,,,,,R1_Sn_broad
B_hgb_data,Sn,33,2.1074007092136724,2.569286033583771,-0.19903260544634288,2.0339821910594083,4.603464189925944,R1_Sn_broad
B_hgb_data,S2n,32,2.6278179962174626,3.266732975004974,-0.0996230530484361,2.132882478330316,6.350637117791631,R1_Sn_broad
B_hgb_data,Sp,0,,,,,,R1_Sn_broad
B_hgb_data,S2p,0,,,,,,R1_Sn_broad
B_hgb_data,Qalpha,0,,,,,,R1_Sn_broad
B_hgb_data,delta2n,30,4.605127039613452,5.745298542206031,-0.23633716285711823,3.2850716167620817,10.45969954123982,R1_Sn_broad
B_hgb_data,delta2p,0,,,,,,R1_Sn_broad
B_hgb_soft,Sn,33,0.9807235777042561,1.2064755366075817,-0.08970949779512866,0.7107051542500358,2.2377739205282294,R1_Sn_broad
B_hgb_soft,S2n,32,1.5044887609744677,1.8491758349357732,-0.11111765507709492,1.146833729948412,3.4485560774352106,R1_Sn_broad
B_hgb_soft,Sp,0,,,,,,R1_Sn_broad
B_hgb_soft,S2p,0,,,,,,R1_Sn_broad
B_hgb_soft,Qalpha,0,,,,,,R1_Sn_broad
B_hgb_soft,delta2n,30,2.041070427504826,2.6494551436420184,-0.06469731830316429,1.7068005854315516,4.392601511984154,R1_Sn_broad
B_hgb_soft,delta2p,0,,,,,,R1_Sn_broad
B_hgb_residual,Sn,33,0.32249224273918614,0.5159957520279399,0.04067693705199169,0.1996765292243481,1.2689167493762397,R1_Sn_broad
B_hgb_residual,S2n,32,0.44341090130073724,0.7458097769153013,0.021422674163581235,0.18924347368476901,1.2973274074243022,R1_Sn_broad
B_hgb_residual,Sp,0,,,,,,R1_Sn_broad
B_hgb_residual,S2p,0,,,,,,R1_Sn_broad
B_hgb_residual,Qalpha,0,,,,,,R1_Sn_broad
B_hgb_residual,delta2n,30,0.6396923760887603,0.864950426429619,0.08401849690717426,0.47824698647326613,1.6341230332042067,R1_Sn_broad
B_hgb_residual,delta2p,0,,,,,,R1_Sn_broad
B_hgb_adaptive,Sn,33,1.120398452048693,1.4127581286262938,-0.06404299639283098,0.8087605433474891,2.607400058816938,R1_Sn_broad
B_hgb_adaptive,S2n,32,1.5396069947398772,1.9870179912331452,-0.01993712473579734,1.3803454168744906,3.6071705677364996,R1_Sn_broad
B_hgb_adaptive,Sp,0,,,,,,R1_Sn_broad
B_hgb_adaptive,S2p,0,,,,,,R1_Sn_broad
B_hgb_adaptive,Qalpha,0,,,,,,R1_Sn_broad
B_hgb_adaptive,delta2n,30,2.543041547662172,3.2300417962780963,-0.10691221137032396,1.9293529751246297,6.038625814864621,R1_Sn_broad
B_hgb_adaptive,delta2p,0,,,,,,R1_Sn_broad
B_mlp_data,Sn,33,1.571895442423776,1.9410507568831095,0.10364286482278699,1.3836004759342586,3.20806961767073,R1_Sn_broad
B_mlp_data,S2n,32,1.2707047146701278,1.9613883919044202,0.11870737086487892,0.9887834453239748,4.995261311160384,R1_Sn_broad
B_mlp_data,Sp,0,,,,,,R1_Sn_broad
B_mlp_data,S2p,0,,,,,,R1_Sn_broad
B_mlp_data,Qalpha,0,,,,,,R1_Sn_broad
B_mlp_data,delta2n,30,1.028248076474578,1.7014675660110314,-0.5629335387211806,0.5398031739121052,3.6172287336280275,R1_Sn_broad
B_mlp_data,delta2p,0,,,,,,R1_Sn_broad
B_mlp_soft,Sn,33,0.9054997552388758,1.0465895730943502,0.0313606903125226,0.8503497338826946,1.6766759758453642,R1_Sn_broad
B_mlp_soft,S2n,32,1.2951321547594716,1.5749093643903862,-0.023785485511773174,1.1455249977695416,2.9391937698026243,R1_Sn_broad
B_mlp_soft,Sp,0,,,,,,R1_Sn_broad
B_mlp_soft,S2p,0,,,,,,R1_Sn_broad
B_mlp_soft,Qalpha,0,,,,,,R1_Sn_broad
B_mlp_soft,delta2n,30,0.6857823631865699,1.4021894118128055,-0.19533586864877558,0.3088117036766107,3.0613546877508813,R1_Sn_broad
B_mlp_soft,delta2p,0,,,,,,R1_Sn_broad
B_mlp_residual,Sn,33,0.23765500071711318,0.34171797352104355,0.04860540038925427,0.1889332489449771,0.7024705991526841,R1_Sn_broad
B_mlp_residual,S2n,32,0.3392429851200234,0.5003391758875284,0.056021572065702685,0.21739943689493657,1.1699865259628381,R1_Sn_broad
B_mlp_residual,Sp,0,,,,,,R1_Sn_broad
B_mlp_residual,S2p,0,,,,,,R1_Sn_broad
B_mlp_residual,Qalpha,0,,,,,,R1_Sn_broad
B_mlp_residual,delta2n,30,0.33925252363767033,0.5553907284089448,-0.010923632881542744,0.2147476907125565,0.8972503050847642,R1_Sn_broad
B_mlp_residual,delta2p,0,,,,,,R1_Sn_broad
B_mlp_adaptive,Sn,33,0.9759184407855903,1.1436102163313335,0.08530680952136402,0.9541062433343086,1.8435884940590765,R1_Sn_broad
B_mlp_adaptive,S2n,32,1.233139814239962,1.5954785304811963,0.08364888105962365,1.0507783122974956,3.0955423790372927,R1_Sn_broad
B_mlp_adaptive,Sp,0,,,,,,R1_Sn_broad
B_mlp_adaptive,S2p,0,,,,,,R1_Sn_broad
B_mlp_adaptive,Qalpha,0,,,,,,R1_Sn_broad
B_mlp_adaptive,delta2n,30,0.698766887082085,1.453672509303205,-0.2789408835969956,0.26092308052210456,3.233798413722329,R1_Sn_broad
B_mlp_adaptive,delta2p,0,,,,,,R1_Sn_broad
B_ridge_data,Sn,33,0.5864713307294889,0.7807325402308786,-0.06740115840995203,0.4238324676036882,1.5131731611110808,R1_Sn_broad
B_ridge_data,S2n,32,1.0434335981434373,1.3555836402171224,-0.180658991559433,0.7518183816531518,2.640570088564948,R1_Sn_broad
B_ridge_data,Sp,0,,,,,,R1_Sn_broad
B_ridge_data,S2p,0,,,,,,R1_Sn_broad
B_ridge_data,Qalpha,0,,,,,,R1_Sn_broad
B_ridge_data,delta2n,30,0.6425216712294097,1.265000634477745,-0.09290822390991783,0.35478481817648344,2.5521759022313835,R1_Sn_broad
B_ridge_data,delta2p,0,,,,,,R1_Sn_broad
B_ridge_soft,Sn,33,0.5864713307294889,0.7807325402308786,-0.06740115840995203,0.4238324676036882,1.5131731611110808,R1_Sn_broad
B_ridge_soft,S2n,32,1.0434335981434373,1.3555836402171224,-0.180658991559433,0.7518183816531518,2.640570088564948,R1_Sn_broad
B_ridge_soft,Sp,0,,,,,,R1_Sn_broad
B_ridge_soft,S2p,0,,,,,,R1_Sn_broad
B_ridge_soft,Qalpha,0,,,,,,R1_Sn_broad
B_ridge_soft,delta2n,30,0.6425216712294097,1.265000634477745,-0.09290822390991783,0.35478481817648344,2.5521759022313835,R1_Sn_broad
B_ridge_soft,delta2p,0,,,,,,R1_Sn_broad
B_ridge_residual,Sn,33,0.574916733043713,0.7748282291652393,-0.03970344844105277,0.4065630884132361,1.5877148668352215,R1_Sn_broad
B_ridge_residual,S2n,32,1.0494451034303935,1.3604551072735638,-0.12639072553358233,0.810096451992365,2.6121830380088453,R1_Sn_broad
B_ridge_residual,Sp,0,,,,,,R1_Sn_broad
B_ridge_residual,S2p,0,,,,,,R1_Sn_broad
B_ridge_residual,Qalpha,0,,,,,,R1_Sn_broad
B_ridge_residual,delta2n,30,0.6530070232401424,1.2644036750920045,-0.08199861049093139,0.3614713542999084,2.5696010602199273,R1_Sn_broad
B_ridge_residual,delta2p,0,,,,,,R1_Sn_broad
B_ridge_adaptive,Sn,33,0.646247533718293,0.8196057213460949,-0.05356904626331594,0.5685350971391472,1.4773817919306564,R1_Sn_broad
B_ridge_adaptive,S2n,32,1.1863698553232105,1.4695467809312568,-0.15642894056992063,0.9963148980482401,2.7403250746457615,R1_Sn_broad
B_ridge_adaptive,Sp,0,,,,,,R1_Sn_broad
B_ridge_adaptive,S2p,0,,,,,,R1_Sn_broad
B_ridge_adaptive,Qalpha,0,,,,,,R1_Sn_broad
B_ridge_adaptive,delta2n,30,0.6707973526109716,1.2677914693857042,-0.058409626147943074,0.38097424836149685,2.5626178943145965,R1_Sn_broad
B_ridge_adaptive,delta2p,0,,,,,,R1_Sn_broad
B_semf,Sn,21,0.6694135679479755,0.7909827118182471,-0.0691315255205257,0.6198004137690987,1.2661353854608706,R1_Ni_broad
B_semf,S2n,20,1.2110967272965012,1.439175700519513,-0.06548389444717487,1.0003045780313187,2.450736313916471,R1_Ni_broad
B_semf,Sp,0,,,,,,R1_Ni_broad
B_semf,S2p,0,,,,,,R1_Ni_broad
B_semf,Qalpha,0,,,,,,R1_Ni_broad
B_semf,delta2n,18,1.1437017293226828,1.5709053723490192,0.08108154790676597,0.8326896335678953,2.935340572447827,R1_Ni_broad
B_semf,delta2p,0,,,,,,R1_Ni_broad
B_hgb_data,Sn,21,2.6984225574273393,3.3082383624058807,-0.42888168569513274,1.9390985335733149,6.649889611365779,R1_Ni_broad
B_hgb_data,S2n,20,2.3571642933474095,2.961438657679936,-0.32619930002104525,1.8837958016803213,4.990539923914397,R1_Ni_broad
B_hgb_data,Sp,0,,,,,,R1_Ni_broad
B_hgb_data,S2p,0,,,,,,R1_Ni_broad
B_hgb_data,Qalpha,0,,,,,,R1_Ni_broad
B_hgb_data,delta2n,18,3.7285083231487874,4.35807691816453,-0.7795377034271067,3.015894727502399,7.520615780398389,R1_Ni_broad
B_hgb_data,delta2p,0,,,,,,R1_Ni_broad
B_hgb_soft,Sn,21,1.2405785135917968,1.5001081511262309,-0.2130315895903707,0.9795607822937882,2.41869902099063,R1_Ni_broad
B_hgb_soft,S2n,20,1.2596779811146859,1.5779556949388012,-0.1697700566767253,1.3376033000459415,3.1282454278014145,R1_Ni_broad
B_hgb_soft,Sp,0,,,,,,R1_Ni_broad
B_hgb_soft,S2p,0,,,,,,R1_Ni_broad
B_hgb_soft,Qalpha,0,,,,,,R1_Ni_broad
B_hgb_soft,delta2n,18,1.691366534806289,2.121668778015237,-0.2631661526267963,1.3712091175898422,3.431480431351215,R1_Ni_broad
B_hgb_soft,delta2p,0,,,,,,R1_Ni_broad
B_hgb_residual,Sn,21,0.3231463022261778,0.3558677779871636,0.009041252987815693,0.33451043059744734,0.5116790670110731,R1_Ni_broad
B_hgb_residual,S2n,20,0.349115391291113,0.43469165192802106,-0.033563526019142385,0.27173637739662126,0.8440575176141408,R1_Ni_broad
B_hgb_residual,Sp,0,,,,,,R1_Ni_broad
B_hgb_residual,S2p,0,,,,,,R1_Ni_broad
B_hgb_residual,Qalpha,0,,,,,,R1_Ni_broad
B_hgb_residual,delta2n,18,0.5416884633016757,0.7160501739992946,-0.059749381951216186,0.4042792437715832,1.3148663782668328,R1_Ni_broad
B_hgb_residual,delta2p,0,,,,,,R1_Ni_broad
B_hgb_adaptive,Sn,21,1.5854100662143489,1.950292022324957,-0.260028837518026,1.0751746750767097,3.716976939254778,R1_Ni_broad
B_hgb_adaptive,S2n,20,1.4942311775332116,1.8179602779938895,-0.19464632769936258,1.3667175200123722,3.3334918223107515,R1_Ni_broad
B_hgb_adaptive,Sp,0,,,,,,R1_Ni_broad
B_hgb_adaptive,S2p,0,,,,,,R1_Ni_broad
B_hgb_adaptive,Qalpha,0,,,,,,R1_Ni_broad
B_hgb_adaptive,delta2n,18,2.1129892159010617,2.57780658641456,-0.4059269915523266,1.7521305695687772,4.3024673880494,R1_Ni_broad
B_hgb_adaptive,delta2p,0,,,,,,R1_Ni_broad
B_mlp_data,Sn,21,1.5187397665184925,2.0409924229292242,-0.5150005293982374,1.1528388128149345,3.8900677957001903,R1_Ni_broad
B_mlp_data,S2n,20,2.161231225710506,3.468296142887931,-0.9000464785907895,1.0973170828113439,8.928704188500717,R1_Ni_broad
B_mlp_data,Sp,0,,,,,,R1_Ni_broad
B_mlp_data,S2p,0,,,,,,R1_Ni_broad
B_mlp_data,Qalpha,0,,,,,,R1_Ni_broad
B_mlp_data,delta2n,18,1.6537970485832842,2.8123479069397943,-0.9450719240390286,0.5658704153123608,6.006590581744829,R1_Ni_broad
B_mlp_data,delta2p,0,,,,,,R1_Ni_broad
B_mlp_soft,Sn,21,0.9126986936624565,1.1356896836115917,-0.24747912707160713,0.7058137162784988,2.270190302874994,R1_Ni_broad
B_mlp_soft,S2n,20,1.5689455841688442,2.025288418277014,-0.3993089281046167,1.1354305369311533,4.154090523543485,R1_Ni_broad
B_mlp_soft,Sp,0,,,,,,R1_Ni_broad
B_mlp_soft,S2p,0,,,,,,R1_Ni_broad
B_mlp_soft,Qalpha,0,,,,,,R1_Ni_broad
B_mlp_soft,delta2n,18,1.1567864014546798,1.9683989808794906,-0.3293798408715563,0.5679402586015954,4.009970843895353,R1_Ni_broad
B_mlp_soft,delta2p,0,,,,,,R1_Ni_broad
B_mlp_residual,Sn,21,0.41787964390797905,0.563959262707679,0.053867085591034106,0.23898061380464242,1.1128896971609379,R1_Ni_broad
B_mlp_residual,S2n,20,0.7440004293040374,0.9583364480822677,0.14680776686255398,0.5609773989622795,1.6492203369110776,R1_Ni_broad
B_mlp_residual,Sp,0,,,,,,R1_Ni_broad
B_mlp_residual,S2p,0,,,,,,R1_Ni_broad
B_mlp_residual,Qalpha,0,,,,,,R1_Ni_broad
B_mlp_residual,delta2n,18,0.7830523110521155,1.2358568784565558,-0.197973999369187,0.4438014039337759,2.3844722515341688,R1_Ni_broad
B_mlp_residual,delta2p,0,,,,,,R1_Ni_broad
B_mlp_adaptive,Sn,21,0.9984370757876139,1.246391141486877,-0.2901074445355085,0.8072730361797085,2.4329184351094,R1_Ni_broad
B_mlp_adaptive,S2n,20,1.6078380943683925,2.175966316093533,-0.4694637545756308,1.1210220242645619,4.924661142568041,R1_Ni_broad
B_mlp_adaptive,Sp,0,,,,,,R1_Ni_broad
B_mlp_adaptive,S2p,0,,,,,,R1_Ni_broad
B_mlp_adaptive,Qalpha,0,,,,,,R1_Ni_broad
B_mlp_adaptive,delta2n,18,1.1895211451587562,2.0331984471567064,-0.4307447245375108,0.5504790859329773,4.077445567160437,R1_Ni_broad
B_mlp_adaptive,delta2p,0,,,,,,R1_Ni_broad
B_ridge_data,Sn,21,0.6504756160588272,0.892826198993973,-0.0415703079301092,0.37836118591644663,1.9834972012837966,R1_Ni_broad
B_ridge_data,S2n,20,1.066141570939743,1.410394882420093,-0.028536172623591937,0.757890860614225,3.293456417847241,R1_Ni_broad
B_ridge_data,Sp,0,,,,,,R1_Ni_broad
B_ridge_data,S2p,0,,,,,,R1_Ni_broad
B_ridge_data,Qalpha,0,,,,,,R1_Ni_broad
B_ridge_data,delta2n,18,1.0029473429269349,1.5821974451734115,-0.22895791254064887,0.6764334699446977,3.274927709787258,R1_Ni_broad
B_ridge_data,delta2p,0,,,,,,R1_Ni_broad
B_ridge_soft,Sn,21,0.6504756160588272,0.892826198993973,-0.0415703079301092,0.37836118591644663,1.9834972012837966,R1_Ni_broad
B_ridge_soft,S2n,20,1.066141570939743,1.410394882420093,-0.028536172623591937,0.757890860614225,3.293456417847241,R1_Ni_broad
B_ridge_soft,Sp,0,,,,,,R1_Ni_broad
B_ridge_soft,S2p,0,,,,,,R1_Ni_broad
B_ridge_soft,Qalpha,0,,,,,,R1_Ni_broad
B_ridge_soft,delta2n,18,1.0029473429269349,1.5821974451734115,-0.22895791254064887,0.6764334699446977,3.274927709787258,R1_Ni_broad
B_ridge_soft,delta2p,0,,,,,,R1_Ni_broad
B_ridge_residual,Sn,21,0.5051639056039573,0.6939826527843626,-0.05033269190419701,0.32693418579890476,1.480024810193413,R1_Ni_broad
B_ridge_residual,S2n,20,0.9298286516675234,1.2433843765923218,-0.04577107910202187,0.6538827490036283,2.541674624601246,R1_Ni_broad
B_ridge_residual,Sp,0,,,,,,R1_Ni_broad
B_ridge_residual,S2p,0,,,,,,R1_Ni_broad
B_ridge_residual,Qalpha,0,,,,,,R1_Ni_broad
B_ridge_residual,delta2n,18,0.9699543242270496,1.5160404662747795,-0.16678765107917254,0.6307449982288631,3.031014304589638,R1_Ni_broad
B_ridge_residual,delta2p,0,,,,,,R1_Ni_broad
B_ridge_adaptive,Sn,21,0.5675807515099629,0.7849733723059042,-0.04891657698929987,0.3440325761777103,1.7927262982189518,R1_Ni_broad
B_ridge_adaptive,S2n,20,1.0595416712763608,1.3614803973656218,-0.03728019610485376,0.8768591651396491,2.882741570874606,R1_Ni_broad
B_ridge_adaptive,Sp,0,,,,,,R1_Ni_broad
B_ridge_adaptive,S2p,0,,,,,,R1_Ni_broad
B_ridge_adaptive,Qalpha,0,,,,,,R1_Ni_broad
B_ridge_adaptive,delta2n,18,1.0271364121200355,1.57265033513786,-0.15781795902172904,0.6852813157842661,3.202929284828735,R1_Ni_broad
B_ridge_adaptive,delta2p,0,,,,,,R1_Ni_broad
B_semf,Sn,37,0.6844702791574393,0.7909290054120197,0.07189614038899791,0.6697729516804429,1.3926510597617376,R1_Pb_broad
B_semf,S2n,36,1.1685874375368839,1.403302726560605,0.09284732611533603,1.0726203344887608,2.7025375922520425,R1_Pb_broad
B_semf,Sp,0,,,,,,R1_Pb_broad
B_semf,S2p,0,,,,,,R1_Pb_broad
B_semf,Qalpha,0,,,,,,R1_Pb_broad
B_semf,delta2n,34,0.47199555302685947,0.9841265453503669,-0.0700107330714258,0.24235942236089159,2.1517281841258042,R1_Pb_broad
B_semf,delta2p,0,,,,,,R1_Pb_broad
B_hgb_data,Sn,37,1.5114385295187398,1.8955348413668158,-0.1419733041241646,1.277890729554656,3.726638130112586,R1_Pb_broad
B_hgb_data,S2n,36,1.7170877106902682,2.1064910662040623,-0.2113255595688391,1.3668235470353238,4.133482759966,R1_Pb_broad
B_hgb_data,Sp,0,,,,,,R1_Pb_broad
B_hgb_data,S2p,0,,,,,,R1_Pb_broad
B_hgb_data,Qalpha,0,,,,,,R1_Pb_broad
B_hgb_data,delta2n,34,2.8851469881274103,3.585207937986356,-0.022263661004371094,2.4924954077223447,7.064075213067666,R1_Pb_broad
B_hgb_data,delta2p,0,,,,,,R1_Pb_broad
B_hgb_soft,Sn,37,0.6757748745321498,0.8505789738442727,-0.01365163741627077,0.6028657966678566,1.6534193713297094,R1_Pb_broad
B_hgb_soft,S2n,36,0.8916826509707979,1.1644467053131478,-0.02882182815833782,0.583116146055545,2.543131082872719,R1_Pb_broad
B_hgb_soft,Sp,0,,,,,,R1_Pb_broad
B_hgb_soft,S2p,0,,,,,,R1_Pb_broad
B_hgb_soft,Qalpha,0,,,,,,R1_Pb_broad
B_hgb_soft,delta2n,34,1.2117573316325514,1.459836753490098,-0.050911904244605254,1.1319092994052653,2.6470110099708104,R1_Pb_broad
B_hgb_soft,delta2p,0,,,,,,R1_Pb_broad
B_hgb_residual,Sn,37,0.3576792384198868,0.4073736442286456,-0.03320507229328369,0.3106429936456152,0.7691100834645567,R1_Pb_broad
B_hgb_residual,S2n,36,0.2755583693472027,0.42518543909511447,-0.04976695100364421,0.14929240569369995,0.9936888085325677,R1_Pb_broad
B_hgb_residual,Sp,0,,,,,,R1_Pb_broad
B_hgb_residual,S2p,0,,,,,,R1_Pb_broad
B_hgb_residual,Qalpha,0,,,,,,R1_Pb_broad
B_hgb_residual,delta2n,34,0.38693086409858446,0.6133581128060032,0.040262276574126454,0.22532018127412812,1.587206440084468,R1_Pb_broad
B_hgb_residual,delta2p,0,,,,,,R1_Pb_broad
B_hgb_adaptive,Sn,37,0.8399955714215852,1.102514424775814,-0.02172815350685768,0.7509397411281498,2.2894428564766707,R1_Pb_broad
B_hgb_adaptive,S2n,36,0.9790368809675871,1.2944743164711827,-0.024846548701229192,0.7556345720864783,2.701091051496121,R1_Pb_broad
B_hgb_adaptive,Sp,0,,,,,,R1_Pb_broad
B_hgb_adaptive,S2p,0,,,,,,R1_Pb_broad
B_hgb_adaptive,Qalpha,0,,,,,,R1_Pb_broad
B_hgb_adaptive,delta2n,34,1.6669058928959175,2.098908662236383,-0.04721440212228224,1.429666906934699,4.348739415115972,R1_Pb_broad
B_hgb_adaptive,delta2p,0,,,,,,R1_Pb_broad
B_mlp_data,Sn,37,1.1543422135140264,1.350487741924428,-0.12859282697230984,1.0810642258350072,2.2711328646164017,R1_Pb_broad
B_mlp_data,S2n,36,1.4657346542294993,1.8026811577542992,-0.2931720936916615,1.3632040552332683,3.1406697709765012,R1_Pb_broad
B_mlp_data,Sp,0,,,,,,R1_Pb_broad
B_mlp_data,S2p,0,,,,,,R1_Pb_broad
B_mlp_data,Qalpha,0,,,,,,R1_Pb_broad
B_mlp_data,delta2n,34,0.691301385834643,1.1776916497382384,-0.33991374506162814,0.4439174917532682,2.6359984626190998,R1_Pb_broad
B_mlp_data,delta2p,0,,,,,,R1_Pb_broad
B_mlp_soft,Sn,37,0.7788524774356931,0.9067647882278879,-0.008299446555525178,0.7858631206038353,1.592271737491546,R1_Pb_broad
B_mlp_soft,S2n,36,1.0449780061651381,1.418331458628183,-0.06156044180746297,0.6655622159912582,2.8193309309270944,R1_Pb_broad
B_mlp_soft,Sp,0,,,,,,R1_Pb_broad
B_mlp_soft,S2p,0,,,,,,R1_Pb_broad
B_mlp_soft,Qalpha,0,,,,,,R1_Pb_broad
B_mlp_soft,delta2n,34,0.4517995758453908,1.0282318168598568,-0.17797193786750942,0.20069269348425678,2.345436295523095,R1_Pb_broad
B_mlp_soft,delta2p,0,,,,,,R1_Pb_broad
B_mlp_residual,Sn,37,0.19151568682110412,0.30304063030211775,-0.028993916561142436,0.12448501078392837,0.6149863839988466,R1_Pb_broad
B_mlp_residual,S2n,36,0.24734621571990878,0.4276394691707337,-0.047547857053586995,0.09796616268954494,0.9883175035062663,R1_Pb_broad
B_mlp_residual,Sp,0,,,,,,R1_Pb_broad
B_mlp_residual,S2p,0,,,,,,R1_Pb_broad
B_mlp_residual,Qalpha,0,,,,,,R1_Pb_broad
B_mlp_residual,delta2n,34,0.29470840753915983,0.5755398636445015,-0.008886642519969963,0.10872938270017585,1.3069454577784536,R1_Pb_broad
B_mlp_residual,delta2p,0,,,,,,R1_Pb_broad
B_mlp_adaptive,Sn,37,0.8066698063973085,0.9497792786754615,-0.007494749011799728,0.793888068722481,1.70353924569722,R1_Pb_broad
B_mlp_adaptive,S2n,36,1.0697483469109303,1.4423149842947294,-0.06150262788850745,0.6282774717473103,2.8820082878407334,R1_Pb_broad
B_mlp_adaptive,Sp,0,,,,,,R1_Pb_broad
B_mlp_adaptive,S2p,0,,,,,,R1_Pb_broad
B_mlp_adaptive,Qalpha,0,,,,,,R1_Pb_broad
B_mlp_adaptive,delta2n,34,0.4692728372790832,1.0430887388342196,-0.19422051141208052,0.18269982468655144,2.3989570227486956,R1_Pb_broad
B_mlp_adaptive,delta2p,0,,,,,,R1_Pb_broad
B_ridge_data,Sn,37,0.5472673482595198,0.6788562098357129,-0.06840837581208271,0.4321584364213322,1.4607138693384965,R1_Pb_broad
B_ridge_data,S2n,36,0.9327201946500357,1.19916417641517,-0.12520262416103378,0.8596953231177622,2.336913016813355,R1_Pb_broad
B_ridge_data,Sp,0,,,,,,R1_Pb_broad
B_ridge_data,S2p,0,,,,,,R1_Pb_broad
B_ridge_data,Qalpha,0,,,,,,R1_Pb_broad
B_ridge_data,delta2n,34,0.4327777309044704,0.9504144114533167,-0.08302086431775907,0.15883644748475945,2.0001768855121984,R1_Pb_broad
B_ridge_data,delta2p,0,,,,,,R1_Pb_broad
B_ridge_soft,Sn,37,0.5472673482595198,0.6788562098357129,-0.06840837581208271,0.4321584364213322,1.4607138693384965,R1_Pb_broad
B_ridge_soft,S2n,36,0.9327201946500357,1.19916417641517,-0.12520262416103378,0.8596953231177622,2.336913016813355,R1_Pb_broad
B_ridge_soft,Sp,0,,,,,,R1_Pb_broad
B_ridge_soft,S2p,0,,,,,,R1_Pb_broad
B_ridge_soft,Qalpha,0,,,,,,R1_Pb_broad
B_ridge_soft,delta2n,34,0.4327777309044704,0.9504144114533167,-0.08302086431775907,0.15883644748475945,2.0001768855121984,R1_Pb_broad
B_ridge_soft,delta2p,0,,,,,,R1_Pb_broad
B_ridge_residual,Sn,37,0.5009085840980039,0.6208860900878314,-0.09926093067446887,0.4958009155448053,1.2037360886660278,R1_Pb_broad
B_ridge_residual,S2n,36,0.9150300890495247,1.1639170221164952,-0.20407509438579532,0.853132501646428,2.146985591639634,R1_Pb_broad
B_ridge_residual,Sp,0,,,,,,R1_Pb_broad
B_ridge_residual,S2p,0,,,,,,R1_Pb_broad
B_ridge_residual,Qalpha,0,,,,,,R1_Pb_broad
B_ridge_residual,delta2n,34,0.4290784573402842,0.9436018343871874,-0.08030924612692428,0.15429270466097478,1.979787403731686,R1_Pb_broad
B_ridge_residual,delta2p,0,,,,,,R1_Pb_broad
B_ridge_adaptive,Sn,37,0.5041731242065514,0.6646420279580516,-0.029451737630171084,0.4397802957864769,1.4057617438346819,R1_Pb_broad
B_ridge_adaptive,S2n,36,0.9899210599641353,1.2392212948277788,-0.062329964276721564,0.910670872032938,2.413856397274685,R1_Pb_broad
B_ridge_adaptive,Sp,0,,,,,,R1_Pb_broad
B_ridge_adaptive,S2p,0,,,,,,R1_Pb_broad
B_ridge_adaptive,Qalpha,0,,,,,,R1_Pb_broad
B_ridge_adaptive,delta2n,34,0.44061740538423316,0.9542411360756655,-0.07772531409245055,0.17401075294105794,2.0328154341436147,R1_Pb_broad
B_ridge_adaptive,delta2p,0,,,,,,R1_Pb_broad
B_semf,Sn,421,0.683663137555199,0.9334978165404396,-0.2911291820849541,0.49530560443758986,1.8782566186200143,R2_neutron_rich_broad
B_semf,S2n,334,1.1583193933611449,1.5622017039839964,-0.5193690161742311,0.9163075819813002,3.4979806224852052,R2_neutron_rich_broad
B_semf,Sp,366,0.8843748822348932,1.3261590548443443,0.6137351005842051,0.5976653045279363,2.5718660133454563,R2_neutron_rich_broad
B_semf,S2p,246,1.594274465836843,2.2828382811370287,1.1072463575101086,0.9641562861706916,4.794434026685906,R2_neutron_rich_broad
B_semf,Qalpha,0,,,,,,R2_neutron_rich_broad
B_semf,delta2n,161,0.4824470379387291,1.0201991536108574,-0.12227076205866766,0.212249924366688,2.3815451868570108,R2_neutron_rich_broad
B_semf,delta2p,67,0.8742900154898358,1.781717583267374,0.009147245210927924,0.271815564465669,4.845805829807482,R2_neutron_rich_broad
B_hgb_data,Sn,421,3.5196374742439844,4.379001171658653,3.0697814875301708,2.9794345910734137,8.099819357019499,R2_neutron_rich_broad
B_hgb_data,S2n,334,6.388331947455353,7.670883492995657,6.267998679010993,5.931289318717745,14.392394845067113,R2_neutron_rich_broad
B_hgb_data,Sp,366,4.823987090134082,5.594402628595361,-4.6815465644723036,4.7533550714248065,9.95267104477432,R2_neutron_rich_broad
B_hgb_data,S2p,246,9.331406461933298,10.326675004631026,-9.313304500342412,8.82531530554354,16.095375915670246,R2_neutron_rich_broad
B_hgb_data,Qalpha,0,,,,,,R2_neutron_rich_broad
B_hgb_data,delta2n,161,3.4281570492171687,4.285130243569205,-1.4594517926273,3.1104030442252224,8.598157725948568,R2_neutron_rich_broad
B_hgb_data,delta2p,67,4.77618649457176,5.75928802444865,-3.2903515314412277,4.5389446868414325,10.281104221589233,R2_neutron_rich_broad
B_hgb_soft,Sn,421,1.3163782227514604,1.6524188207783874,1.053235085761092,1.081824171801827,3.1318654141048228,R2_neutron_rich_broad
B_hgb_soft,S2n,334,2.309076991168474,2.749134249125697,2.1955780618998517,2.1137453442177048,5.042666911794349,R2_neutron_rich_broad
B_hgb_soft,Sp,366,1.6204926788489458,1.908629603126774,-1.5043775654383935,1.556855111030842,3.4620847467731437,R2_neutron_rich_broad
B_hgb_soft,S2p,246,3.0961016600800266,3.4584215734896007,-3.0609739856308917,3.071519268066936,5.561272241959415,R2_neutron_rich_broad
B_hgb_soft,Qalpha,0,,,,,,R2_neutron_rich_broad
B_hgb_soft,delta2n,161,1.4695959313337164,1.863310057698175,-0.6571431742861196,1.2678528198318872,3.6148874399680153,R2_neutron_rich_broad
B_hgb_soft,delta2p,67,2.1269801151493857,2.6241960201918912,-1.3106522654499344,1.937708505522778,4.926259214202342,R2_neutron_rich_broad
B_hgb_residual,Sn,421,0.5764110524584122,0.8311680305205174,-0.22682373333332026,0.3706186184684839,1.8603017821583308,R2_neutron_rich_broad
B_hgb_residual,S2n,334,0.9446474690381765,1.3619733620883818,-0.41825787266595804,0.6123866988573354,3.1224628582273226,R2_neutron_rich_broad
B_hgb_residual,Sp,366,0.830314064400012,1.2691989322483128,0.4332894508037226,0.5201961226637195,2.6417522825801427,R2_neutron_rich_broad
B_hgb_residual,S2p,246,1.3953396360632084,2.1025848502768216,0.7747888355704413,0.8493957948342086,4.768593774975315,R2_neutron_rich_broad
B_hgb_residual,Qalpha,0,,,,,,R2_neutron_rich_broad
B_hgb_residual,delta2n,161,0.7790422097970546,1.1925172557074415,0.03603366157502939,0.5151932562509955,2.7250666407944664,R2_neutron_rich_broad
B_hgb_residual,delta2p,67,1.4844043533775129,2.3125476174448,0.5260222157837875,0.7360089836849966,5.623198584073473,R2_neutron_rich_broad
B_hgb_adaptive,Sn,421,1.9237976092008413,2.5138300710433903,1.6880258091280178,1.5021202100626851,4.899722089185161,R2_neutron_rich_broad
B_hgb_adaptive,S2n,334,3.486265116038241,4.36723360311598,3.4180365277224123,2.8985216911780753,8.594008407422024,R2_neutron_rich_broad
B_hgb_adaptive,Sp,366,2.6313472163723772,3.2098115032943024,-2.5566969435258633,2.379708769876828,5.993709397209301,R2_neutron_rich_broad
B_hgb_adaptive,S2p,246,5.01565191079664,5.840444705727638,-5.0102513617439595,4.436399519519114,10.305727035376144,R2_neutron_rich_broad
B_hgb_adaptive,Qalpha,0,,,,,,R2_neutron_rich_broad
B_hgb_adaptive,delta2n,161,1.843943192966952,2.315621581634612,-0.917332582730813,1.5922856207996574,4.458194041397974,R2_neutron_rich_broad
B_hgb_adaptive,delta2p,67,2.7309082071733344,3.3785644447038945,-2.2869220904711023,2.648480604004135,6.327052063454629,R2_neutron_rich_broad
B_mlp_data,Sn,421,2.4400253085327037,3.1217472664631196,2.325956763916025,2.2001678561764493,5.720934558052704,R2_neutron_rich_broad
B_mlp_data,S2n,334,4.648624674220927,5.035098917902807,4.6449821467266155,4.39533619038076,7.9295774268703125,R2_neutron_rich_broad
B_mlp_data,Sp,366,3.6421224776103998,4.321212483740541,-3.4556862268339525,3.4119521364582397,7.954230726593607,R2_neutron_rich_broad
B_mlp_data,S2p,246,7.073026368316724,7.411964835825018,-7.073026368316724,6.95121123283559,10.434772740244682,R2_neutron_rich_broad
B_mlp_data,Qalpha,0,,,,,,R2_neutron_rich_broad
B_mlp_data,delta2n,161,0.9185293619264119,1.3876456543650328,-0.9163031048985946,0.6309732192701176,3.3399034728347488,R2_neutron_rich_broad
B_mlp_data,delta2p,67,2.6519008441298095,3.1444466433944913,-2.6519008441298095,2.3066313156116394,7.243003377543093,R2_neutron_rich_broad
B_mlp_soft,Sn,421,1.029121704550461,1.3089751199110176,0.7557051963154366,0.8430569106882331,2.4621471171908524,R2_neutron_rich_broad
B_mlp_soft,S2n,334,1.6628080347976057,1.975163569157771,1.5463714489861102,1.5334953304652572,3.7479554909259014,R2_neutron_rich_broad
B_mlp_soft,Sp,366,1.307295602342291,1.5661703769884905,-1.014033430383059,1.1921933130304296,2.932596145920229,R2_neutron_rich_broad
B_mlp_soft,S2p,246,2.305355158151721,2.58719091148977,-2.164862732820629,2.280886307555761,4.070221105924077,R2_neutron_rich_broad
B_mlp_soft,Qalpha,0,,,,,,R2_neutron_rich_broad
B_mlp_soft,delta2n,161,0.5185461014282688,1.0965522095894207,-0.43988369919464493,0.23054817240949887,2.72592054991037,R2_neutron_rich_broad
B_mlp_soft,delta2p,67,1.2155289130198788,1.8772007237896997,-1.0552719905253853,0.8156122904667882,5.175659471372585,R2_neutron_rich_broad
B_mlp_residual,Sn,421,0.6019277162025394,0.9284525966766379,0.20846470493677086,0.4091109123454544,1.5985351002187258,R2_neutron_rich_broad
B_mlp_residual,S2n,334,0.5886734832731321,0.8107575421630371,0.4007802856597179,0.4092545514796484,1.5659709076557133,R2_neutron_rich_broad
B_mlp_residual,Sp,366,0.6862948883251685,0.9727593038561266,-0.2855495248005598,0.4347456405860157,2.0110064995060952,R2_neutron_rich_broad
B_mlp_residual,S2p,246,0.8932032965407902,1.1879481729308097,-0.6067673255276642,0.6942129481753057,2.3495954376135515,R2_neutron_rich_broad
B_mlp_residual,Qalpha,0,,,,,,R2_neutron_rich_broad
B_mlp_residual,delta2n,161,0.39671529450060633,0.7040314388804061,-0.10665214723060246,0.21741000295651247,1.5425893002784505,R2_neutron_rich_broad
B_mlp_residual,delta2p,67,0.6446987345830947,1.3598263541555062,-0.32511173998636705,0.1649280074445869,3.6491092261947884,R2_neutron_rich_broad
B_mlp_adaptive,Sn,421,1.474575970732631,1.9469752547922297,1.056685688657725,1.0601755810305349,3.89685496044558,R2_neutron_rich_broad
B_mlp_adaptive,S2n,334,2.1671706610977988,2.5209538257683826,2.1095131120521757,2.0221013480671104,4.412541264295009,R2_neutron_rich_broad
B_mlp_adaptive,Sp,366,1.6447389074824212,2.013066910328339,-1.4500745785866986,1.4165255876710034,3.9462159700146344,R2_neutron_rich_broad
B_mlp_adaptive,S2p,246,3.075226358080925,3.368560258214113,-3.0379572070091427,3.115673447862264,5.4038041909533945,R2_neutron_rich_broad
B_mlp_adaptive,Qalpha,0,,,,,,R2_neutron_rich_broad
B_mlp_adaptive,delta2n,161,0.6250679779803094,1.2099422386002165,-0.5863890293475917,0.3205119672645651,3.0053201344105673,R2_neutron_rich_broad
B_mlp_adaptive,delta2p,67,1.5600157382715825,2.077337385030124,-1.486179322959381,1.1770208931699813,5.271596782914361,R2_neutron_rich_broad
B_ridge_data,Sn,421,0.9883410901304216,1.4081948450447932,0.09237749975997962,0.6871143802933375,2.7190181043670236,R2_neutron_rich_broad
B_ridge_data,S2n,334,0.9708726311623344,1.325550780566057,0.12791963037146856,0.7921966119449735,2.4671431881962573,R2_neutron_rich_broad
B_ridge_data,Sp,366,0.9429526846186573,1.4003850558531525,-0.10937124463904863,0.73154772405843,2.4820244931133857,R2_neutron_rich_broad
B_ridge_data,S2p,246,1.1806801695588782,1.6586148968631818,-0.15709269709225895,0.9396711152377293,2.8665496098159338,R2_neutron_rich_broad
B_ridge_data,Qalpha,0,,,,,,R2_neutron_rich_broad
B_ridge_data,delta2n,161,0.5925748353506016,1.0090933337190175,0.07648567690445374,0.37125631487197097,2.038346181487441,R2_neutron_rich_broad
B_ridge_data,delta2p,67,0.8744014514699125,1.5575672853370475,0.053580096131058984,0.4278566308396421,4.336967432092174,R2_neutron_rich_broad
B_ridge_soft,Sn,421,0.9883410901304216,1.4081948450447932,0.09237749975997962,0.6871143802933375,2.7190181043670236,R2_neutron_rich_broad
B_ridge_soft,S2n,334,0.9708726311623344,1.325550780566057,0.12791963037146856,0.7921966119449735,2.4671431881962573,R2_neutron_rich_broad
B_ridge_soft,Sp,366,0.9429526846186573,1.4003850558531525,-0.10937124463904863,0.73154772405843,2.4820244931133857,R2_neutron_rich_broad
B_ridge_soft,S2p,246,1.1806801695588782,1.6586148968631818,-0.15709269709225895,0.9396711152377293,2.8665496098159338,R2_neutron_rich_broad
B_ridge_soft,Qalpha,0,,,,,,R2_neutron_rich_broad
B_ridge_soft,delta2n,161,0.5925748353506016,1.0090933337190175,0.07648567690445374,0.37125631487197097,2.038346181487441,R2_neutron_rich_broad
B_ridge_soft,delta2p,67,0.8744014514699125,1.5575672853370475,0.053580096131058984,0.4278566308396421,4.336967432092174,R2_neutron_rich_broad
B_ridge_residual,Sn,421,0.6531116079888764,0.8311754815733009,0.002366257353611823,0.569076900975233,1.4836237034277246,R2_neutron_rich_broad
B_ridge_residual,S2n,334,0.9100536323105116,1.1749183018134723,-0.00143742032414081,0.7553012855899226,2.285053178619285,R2_neutron_rich_broad
B_ridge_residual,Sp,366,0.7711162885510384,1.0263968079568386,0.041166404052241694,0.6305894458842545,2.0775752512161034,R2_neutron_rich_broad
B_ridge_residual,S2p,246,1.1282575211572459,1.3528143334156575,0.06862682877165524,1.0184134663436453,2.5675023666363614,R2_neutron_rich_broad
B_ridge_residual,Qalpha,0,,,,,,R2_neutron_rich_broad
B_ridge_residual,delta2n,161,0.6086686759961348,1.0116192718206185,0.09513090987660433,0.40057354230691544,2.1210103220332712,R2_neutron_rich_broad
B_ridge_residual,delta2p,67,0.9245489752285311,1.6002999459301424,0.1335338909282692,0.5519503409475419,4.221467507800442,R2_neutron_rich_broad
B_ridge_adaptive,Sn,421,0.8384252490969002,1.0976239644625558,-0.026552250004473397,0.6704413945233227,2.167693085376186,R2_neutron_rich_broad
B_ridge_adaptive,S2n,334,0.8484898871277908,1.1208900411956106,-0.07790324367211243,0.679195844231117,2.3510950012102847,R2_neutron_rich_broad
B_ridge_adaptive,Sp,366,0.7542404521495485,1.0311851148629192,0.12971818215275335,0.5456985488754071,1.9271522449593306,R2_neutron_rich_broad
B_ridge_adaptive,S2p,246,0.9044118162175377,1.244845005345067,0.2654437060940208,0.6358149718147388,2.581256773732491,R2_neutron_rich_broad
B_ridge_adaptive,Qalpha,0,,,,,,R2_neutron_rich_broad
B_ridge_adaptive,delta2n,161,0.5568942817815435,1.0268981893260656,-0.0003423000377466502,0.3119103301509085,2.223157676110077,R2_neutron_rich_broad
B_ridge_adaptive,delta2p,67,0.795729211482617,1.472857861742835,-0.037910857269783285,0.3938978533738009,4.009474858167531,R2_neutron_rich_broad
B_semf,Sn,398,0.6214061856847114,0.808508708776065,0.3783975193267567,0.4765551726013655,1.531899613340715,R3_proton_rich_broad
B_semf,S2n,319,1.0850414967466009,1.3890145825926952,0.7932661065950887,0.896832696586813,2.6145796866921605,R3_proton_rich_broad
B_semf,Sp,364,0.7651681884164575,0.9247726315955647,-0.570287541864669,0.6418054940330364,1.693165456593357,R3_proton_rich_broad
B_semf,S2p,255,1.4041458537336524,1.6804979521763082,-1.2738276405114004,1.3667523736417024,3.0646878591434628,R3_proton_rich_broad
B_semf,Qalpha,0,,,,,,R3_proton_rich_broad
B_semf,delta2n,147,0.589957259852449,0.8185644999604197,0.2293349952966649,0.4529734271743564,1.6031616620361142,R3_proton_rich_broad
B_semf,delta2p,77,0.8732829583188368,1.3631132781753013,0.43283515060488975,0.5690689827731603,3.124594199444278,R3_proton_rich_broad
B_hgb_data,Sn,398,4.279019403000855,5.410019818492647,-4.161513522440205,3.468971239930511,11.077580367608427,R3_proton_rich_broad
B_hgb_data,S2n,319,7.9762959153742665,9.750140764324316,-7.9283502887019655,6.793491192608599,18.06223737018876,R3_proton_rich_broad
B_hgb_data,Sp,364,5.088740777202343,5.8158310597106215,4.860061182469526,4.77458381718634,10.219458792361472,R3_proton_rich_broad
B_hgb_data,S2p,255,10.311767001719076,11.21637290883281,10.00168745543993,9.553631030864608,18.50380295184913,R3_proton_rich_broad
B_hgb_data,Qalpha,0,,,,,,R3_proton_rich_broad
B_hgb_data,delta2n,147,2.870852531015935,3.5632352895771264,-1.8017683864198843,2.46549271580443,6.737434000709377,R3_proton_rich_broad
B_hgb_data,delta2p,77,4.565805567970372,8.435490257745606,-3.886448637881302,2.90015025936475,9.766866767571555,R3_proton_rich_broad
B_hgb_soft,Sn,398,1.5124375975498139,2.040181302120419,-1.4375668973800309,1.1587764860748848,4.550610664107804,R3_proton_rich_broad
B_hgb_soft,S2n,319,2.7350511399784305,3.5884031022307736,-2.69538045152374,2.005167338395495,7.249623940990788,R3_proton_rich_broad
B_hgb_soft,Sp,364,1.7025182354534218,2.102413655135648,1.6018519478690145,1.4530586887650543,4.085968524894966,R3_proton_rich_broad
B_hgb_soft,S2p,255,3.34555148040301,3.850528891735496,3.236378397869143,2.767369688087797,7.328852229334938,R3_proton_rich_broad
B_hgb_soft,Qalpha,0,,,,,,R3_proton_rich_broad
B_hgb_soft,delta2n,147,1.2043388277657667,1.5354366683933791,-0.5831063573899551,0.928084970559155,3.275408134665431,R3_proton_rich_broad
B_hgb_soft,delta2p,77,1.7230101469735264,3.2409205850640124,-1.2948783647896003,1.0167395183248118,4.968399190524977,R3_proton_rich_broad
B_hgb_residual,Sn,398,0.4744999669590738,0.633822538688596,0.30496010897668047,0.3560346853703038,1.282244996774136,R3_proton_rich_broad
B_hgb_residual,S2n,319,0.8049091921407732,1.0673363179793751,0.6298135451684109,0.6409689086933668,2.1124361833300753,R3_proton_rich_broad
B_hgb_residual,Sp,364,0.5789443119066937,0.7247762640036852,-0.3774253351547234,0.49665287464443963,1.4334795684689594,R3_proton_rich_broad
B_hgb_residual,S2p,255,1.0264437038293786,1.3209206486719454,-0.8503899509517674,0.8928651376005519,2.742078392474059,R3_proton_rich_broad
B_hgb_residual,Qalpha,0,,,,,,R3_proton_rich_broad
B_hgb_residual,delta2n,147,0.5356419519634871,0.7337182119759869,0.15191351017641885,0.38533729181199305,1.6657642274412796,R3_proton_rich_broad
B_hgb_residual,delta2p,77,0.9012416353084169,1.3337752173028483,0.4125888961242206,0.7105532384005073,2.672404791956081,R3_proton_rich_broad
B_hgb_adaptive,Sn,398,1.9166893318921974,2.8617154098962096,-1.8283633792668692,1.2602363365730298,6.367893531020566,R3_proton_rich_broad
B_hgb_adaptive,S2n,319,3.4212645962152424,4.982811371636523,-3.3748499488200947,2.3578905658555414,10.515136045754346,R3_proton_rich_broad
B_hgb_adaptive,Sp,364,2.1564318650235843,2.789420293094937,2.020749936534378,1.656777065856545,5.854536106919976,R3_proton_rich_broad
B_hgb_adaptive,S2p,255,4.215731580631894,5.182602575581022,4.045143862845449,3.283573109431927,10.769034656355348,R3_proton_rich_broad
B_hgb_adaptive,Qalpha,0,,,,,,R3_proton_rich_broad
B_hgb_adaptive,delta2n,147,1.3904068580489186,1.8128929031436594,-0.6226112747481668,1.0888875109540095,3.7196040002992494,R3_proton_rich_broad
B_hgb_adaptive,delta2p,77,2.2190417936473,4.861126339061609,-1.7462140216955422,0.9732457211041492,5.355896098813028,R3_proton_rich_broad
B_mlp_data,Sn,398,4.499886424575961,5.8546704003538155,-3.3632541925440607,3.785307263803304,11.223993952938255,R3_proton_rich_broad
B_mlp_data,S2n,319,6.394047856213558,6.855134901547956,-6.373425695713305,6.462082954904872,10.16975751453691,R3_proton_rich_broad
B_mlp_data,Sp,364,5.0375245944252285,6.102653171550831,4.310811797264467,4.4719385057547925,11.676095811714465,R3_proton_rich_broad
B_mlp_data,S2p,255,9.262677463801118,9.954979523301635,9.117140846589859,9.382668404407355,15.271217610849908,R3_proton_rich_broad
B_mlp_data,Qalpha,0,,,,,,R3_proton_rich_broad
B_mlp_data,delta2n,147,1.469380184141077,1.8157239560485239,-1.4469460688691567,1.2502116749767538,3.8775242599578386,R3_proton_rich_broad
B_mlp_data,delta2p,77,3.224949132936371,3.485365893441781,-3.2201725825423195,2.930108136988565,6.134610550400214,R3_proton_rich_broad
B_mlp_soft,Sn,398,1.7208127670566555,2.26697286253431,-1.118263165421573,1.3516310640916345,4.747795422882964,R3_proton_rich_broad
B_mlp_soft,S2n,319,2.138134790130977,2.3705224904467666,-2.07341061432827,2.038108687266771,4.201579989020228,R3_proton_rich_broad
B_mlp_soft,Sp,364,1.775191919364303,2.206760360596313,1.3821521937869845,1.5128108193220555,4.324699073329901,R3_proton_rich_broad
B_mlp_soft,S2p,255,2.969761823624722,3.272525373336067,2.8825597543291055,2.815296351692723,5.579427720911756,R3_proton_rich_broad
B_mlp_soft,Qalpha,0,,,,,,R3_proton_rich_broad
B_mlp_soft,delta2n,147,0.5602267918404452,0.9000369575512656,-0.44117743036965484,0.37799339121352205,2.069108740371596,R3_proton_rich_broad
B_mlp_soft,delta2p,77,1.2042962682204303,1.5250254067606888,-1.0283679426539891,0.9046884454175483,3.120436284429755,R3_proton_rich_broad
B_mlp_residual,Sn,398,0.9409938611562249,1.5379096282623606,-0.5565986657622444,0.46565718853753424,3.8131390811801773,R3_proton_rich_broad
B_mlp_residual,S2n,319,1.4544885954207385,2.560283882727827,-0.9441039912897435,0.5746281316934301,5.723237611950179,R3_proton_rich_broad
B_mlp_residual,Sp,364,0.9785408855024086,1.6160026019088387,0.5641798464685273,0.44717348940673673,3.876852348319065,R3_proton_rich_broad
B_mlp_residual,S2p,255,1.8086722129903905,2.8881040932401665,1.1043539854017776,0.7952376837877182,6.730283056233412,R3_proton_rich_broad
B_mlp_residual,Qalpha,0,,,,,,R3_proton_rich_broad
B_mlp_residual,delta2n,147,0.47460131121104165,0.7580421440872772,0.07278491588881696,0.3186035309595354,1.275615188371819,R3_proton_rich_broad
B_mlp_residual,delta2p,77,0.9297433008006025,1.4497513303987402,0.33274354453635346,0.5692277406888024,2.1179851187587024,R3_proton_rich_broad
B_mlp_adaptive,Sn,398,1.7049004737364795,2.409962199967742,-1.014062232952884,1.2877326527381001,5.26511637873776,R3_proton_rich_broad
B_mlp_adaptive,S2n,319,1.8962319834368166,2.1710686500808065,-1.7970128567766335,1.708345341909535,3.8907300554437763,R3_proton_rich_broad
B_mlp_adaptive,Sp,364,1.6177146733584515,2.0135090171637953,1.208133241152621,1.3269706644726966,3.9213316808979126,R3_proton_rich_broad
B_mlp_adaptive,S2p,255,2.581713386512991,2.9122811862650213,2.4732057340218514,2.3992557669625967,5.101447056569861,R3_proton_rich_broad
B_mlp_adaptive,Qalpha,0,,,,,,R3_proton_rich_broad
B_mlp_adaptive,delta2n,147,0.5641520644354989,0.9285288158949991,-0.2674962869235467,0.3030607580092237,2.0491349701639585,R3_proton_rich_broad
B_mlp_adaptive,delta2p,77,1.0433438487959292,1.3627678772673348,-0.8159087965120742,0.8636606054047888,3.0978908138312025,R3_proton_rich_broad
B_ridge_data,Sn,398,1.3626417062963732,1.9492500546476492,-0.688704867977768,0.8493073437151111,4.448806658370835,R3_proton_rich_broad
B_ridge_data,S2n,319,1.4462385948204166,2.2823058595163714,-1.2121491440111598,0.7007423351215039,5.709839243705723,R3_proton_rich_broad
B_ridge_data,Sp,364,1.3338999175826975,1.897941943585759,0.7620977454447734,0.8997796544716721,4.211497581675679,R3_proton_rich_broad
B_ridge_data,S2p,255,1.7497604608941286,2.5507806614469435,1.5076166822667492,0.9010851619661935,5.684712914605296,R3_proton_rich_broad
B_ridge_data,Qalpha,0,,,,,,R3_proton_rich_broad
B_ridge_data,delta2n,147,0.4757500958343759,1.0021150207174265,-0.31034474239289134,0.14731992842882846,2.317438347455799,R3_proton_rich_broad
B_ridge_data,delta2p,77,0.7197987008557225,1.2276518041964288,-0.5868472500191771,0.2485319306177871,3.074508821704923,R3_proton_rich_broad
B_ridge_soft,Sn,398,1.3626417062963732,1.9492500546476492,-0.688704867977768,0.8493073437151111,4.448806658370835,R3_proton_rich_broad
B_ridge_soft,S2n,319,1.4462385948204166,2.2823058595163714,-1.2121491440111598,0.7007423351215039,5.709839243705723,R3_proton_rich_broad
B_ridge_soft,Sp,364,1.3338999175826975,1.897941943585759,0.7620977454447734,0.8997796544716721,4.211497581675679,R3_proton_rich_broad
B_ridge_soft,S2p,255,1.7497604608941286,2.5507806614469435,1.5076166822667492,0.9010851619661935,5.684712914605296,R3_proton_rich_broad
B_ridge_soft,Qalpha,0,,,,,,R3_proton_rich_broad
B_ridge_soft,delta2n,147,0.4757500958343759,1.0021150207174265,-0.31034474239289134,0.14731992842882846,2.317438347455799,R3_proton_rich_broad
B_ridge_soft,delta2p,77,0.7197987008557225,1.2276518041964288,-0.5868472500191771,0.2485319306177871,3.074508821704923,R3_proton_rich_broad
B_ridge_residual,Sn,398,1.065618766948634,1.9998797837314846,-0.6024495788401057,0.47938628490669544,4.04439852229037,R3_proton_rich_broad
B_ridge_residual,S2n,319,1.5746550478463166,2.8132375892059036,-0.8864260248722841,0.8252478624669948,5.745211112857424,R3_proton_rich_broad
B_ridge_residual,Sp,364,0.9485245863049002,1.642922983506799,0.5088186850383172,0.46959487187905324,3.7077730195912433,R3_proton_rich_broad
B_ridge_residual,S2p,255,1.761836543873657,3.0595092837655558,1.0081830367925195,1.006110329626381,6.8146952967521806,R3_proton_rich_broad
B_ridge_residual,Qalpha,0,,,,,,R3_proton_rich_broad
B_ridge_residual,delta2n,147,0.4931596144829869,0.9028353215013042,-0.07575427604440725,0.24639198746695,1.821327450223383,R3_proton_rich_broad
B_ridge_residual,delta2p,77,0.7991837528214912,1.525391395906646,-0.291326128687242,0.35406821870651584,2.6120586319216965,R3_proton_rich_broad
B_ridge_adaptive,Sn,398,0.8657507083620974,1.2380893162009676,-0.1984967710234304,0.5615112216638636,2.766141148118788,R3_proton_rich_broad
B_ridge_adaptive,S2n,319,1.0174541581029284,1.501623481182055,-0.2721321519760248,0.649312205617889,3.4776868113218846,R3_proton_rich_broad
B_ridge_adaptive,Sp,364,0.8257733335000024,1.1752501846131274,0.1418449946553486,0.5451752139228745,2.4573147043437378,R3_proton_rich_broad
B_ridge_adaptive,S2p,255,1.151332701768122,1.5677173923036771,0.19974261111929856,0.844368565184709,3.6086215348465522,R3_proton_rich_broad
B_ridge_adaptive,Qalpha,0,,,,,,R3_proton_rich_broad
B_ridge_adaptive,delta2n,147,0.485983724754471,0.8773536727790218,-0.03943857688724091,0.24583358967174718,1.7129543595221652,R3_proton_rich_broad
B_ridge_adaptive,delta2p,77,0.6300332491379396,0.9629998661085063,-0.10413787987874044,0.3678190120696172,2.3086287030442754,R3_proton_rich_broad
B_semf,Sn,458,0.7916431490935196,0.9989825911442288,-0.13643833287553325,0.6645438838091025,1.9892394414791272,R4_magic_pm1_broad
B_semf,S2n,375,1.36279121981611,1.665064254995145,-0.2888472320265108,1.2063529421975545,3.1856827409969073,R4_magic_pm1_broad
B_semf,Sp,421,0.8679751072042852,1.160674938493156,0.296986082770607,0.6941068144087694,2.173705717235407,R4_magic_pm1_broad
B_semf,S2p,310,1.5021144030076228,2.0457162177886525,0.5942416596803576,1.1213952226588049,3.73225429969836,R4_magic_pm1_broad
B_semf,Qalpha,0,,,,,,R4_magic_pm1_broad
B_semf,delta2n,288,0.8290528987712774,1.2837694782597462,0.08038730182038872,0.4557713829753993,2.9052268162186072,R4_magic_pm1_broad
B_semf,delta2p,200,1.2636352087739813,1.7897769532005248,0.50151698444937,0.805217193387449,4.298129532334707,R4_magic_pm1_broad
B_hgb_data,Sn,458,2.786640253309315,3.802763364266736,0.3079193030507835,2.052007554220836,8.13975368207112,R4_magic_pm1_broad
B_hgb_data,S2n,375,2.9736744217117375,4.011324223400308,0.3866575629821905,2.083759262425815,8.911513756852935,R4_magic_pm1_broad
B_hgb_data,Sp,421,2.7590828873542383,3.85808634072754,-0.028127097174938647,1.8881234228622361,8.970211401379288,R4_magic_pm1_broad
B_hgb_data,S2p,310,3.0694600152155553,4.409753946974109,-0.07970440997898408,2.1232905468987155,8.779861240439377,R4_magic_pm1_broad
B_hgb_data,Qalpha,0,,,,,,R4_magic_pm1_broad
B_hgb_data,delta2n,288,4.380921366260866,5.91782348985405,-0.3364498714830544,2.985544030643638,12.762273008086703,R4_magic_pm1_broad
B_hgb_data,delta2p,200,4.952695793353987,7.166810415650672,-0.779489835001906,3.1376202508546385,13.924012519290198,R4_magic_pm1_broad
B_hgb_soft,Sn,458,1.2455432914202946,1.690250478157863,0.041304721494990815,0.9640810190035154,3.4037262232814807,R4_magic_pm1_broad
B_hgb_soft,S2n,375,1.4981977522267607,1.9900649309970746,-0.01864531402303199,1.1008355730002108,4.349935811103251,R4_magic_pm1_broad
B_hgb_soft,Sp,421,1.179431493756058,1.5992996826686012,0.16694081079238837,0.8624223132479756,3.265108694675064,R4_magic_pm1_broad
B_hgb_soft,S2p,310,1.3796997954019903,1.8927515398229988,0.32466323181661955,0.9391512351331244,3.927851692616227,R4_magic_pm1_broad
B_hgb_soft,Qalpha,0,,,,,,R4_magic_pm1_broad
B_hgb_soft,delta2n,288,1.9753732860153224,2.7067553311274066,-0.08634756750099253,1.4982980280722131,5.640429899252716,R4_magic_pm1_broad
B_hgb_soft,delta2p,200,2.2000421501026297,3.0772105855724337,-0.010885743331139253,1.6345265024488924,6.379334417954603,R4_magic_pm1_broad
B_hgb_residual,Sn,458,0.4898237850228652,0.679254457597537,-0.021880352953805405,0.3505426119038475,1.4545630600550414,R4_magic_pm1_broad
B_hgb_residual,S2n,375,0.6127972805408387,0.9438017893000482,-0.06112892631376061,0.3216651862762774,2.372086193698107,R4_magic_pm1_broad
B_hgb_residual,Sp,421,0.5221090275709543,0.7832564337236776,0.04032135252006744,0.33980118707080464,1.4455551904220556,R4_magic_pm1_broad
B_hgb_residual,S2p,310,0.7033720248916489,1.1700173809419936,0.0749630223047838,0.3712613981833215,2.5518897555420526,R4_magic_pm1_broad
B_hgb_residual,Qalpha,0,,,,,,R4_magic_pm1_broad
B_hgb_residual,delta2n,288,0.8447521281047679,1.257319535726225,-0.004618523649865086,0.4725678942275522,2.716694160857844,R4_magic_pm1_broad
B_hgb_residual,delta2p,200,1.1429603237043446,1.902481889694468,0.13847433292151323,0.7586619295832975,3.6062694231886456,R4_magic_pm1_broad
B_hgb_adaptive,Sn,458,1.4403539111628973,1.9977358066418713,0.13552146431952505,1.0593882646379313,4.006601224418737,R4_magic_pm1_broad
B_hgb_adaptive,S2n,375,1.636423406384755,2.248356134822178,0.1459560281506971,1.06400391389775,4.96918613915895,R4_magic_pm1_broad
B_hgb_adaptive,Sp,421,1.3905421575654926,1.9428613520413414,0.02492459257660425,0.9412864656947022,4.3580142058444835,R4_magic_pm1_broad
B_hgb_adaptive,S2p,310,1.54404442506426,2.285825275337603,0.06373231531925408,0.9782634789296196,4.4923699924250995,R4_magic_pm1_broad
B_hgb_adaptive,Qalpha,0,,,,,,R4_magic_pm1_broad
B_hgb_adaptive,delta2n,288,2.2576080189902865,3.1351895808754247,-0.1284174154490984,1.6014805944931823,6.6751457270312775,R4_magic_pm1_broad
B_hgb_adaptive,delta2p,200,2.5733723276047233,3.8938165812074366,-0.24667558636728742,1.7020349752381208,7.098641150765557,R4_magic_pm1_broad
B_mlp_data,Sn,458,1.3368134493020145,1.7693262060253465,-0.15591726010583584,1.0381896854754586,3.5500975413498415,R4_magic_pm1_broad
B_mlp_data,S2n,375,1.8378725613404658,2.5288824920433295,-0.29403780845750194,1.3340457952203906,5.362440568139649,R4_magic_pm1_broad
B_mlp_data,Sp,421,1.4953100330947655,2.0143903678352646,0.12113010199098222,1.1237682108732088,3.93064026255297,R4_magic_pm1_broad
B_mlp_data,S2p,310,2.021280761393264,2.7950512258575206,0.3351121309309813,1.4789333021836342,5.825721356042073,R4_magic_pm1_broad
B_mlp_data,Qalpha,0,,,,,,R4_magic_pm1_broad
B_mlp_data,delta2n,288,1.4438835225149182,2.2296306693505445,-0.6555286911834747,0.6648668866494347,5.054690140591428,R4_magic_pm1_broad
B_mlp_data,delta2p,200,2.308616081709942,3.2459708705319974,-0.9921160577569336,1.5218545562800045,6.766677942327987,R4_magic_pm1_broad
B_mlp_soft,Sn,458,0.8137746661866985,1.0361199124067455,-0.1442299037676547,0.6656872846323836,2.0420758795101634,R4_magic_pm1_broad
B_mlp_soft,S2n,375,1.328333588718338,1.6681812357330887,-0.29092346259890745,1.1251736653787248,3.472044535551107,R4_magic_pm1_broad
B_mlp_soft,Sp,421,0.8287814928106544,1.0813566242497574,0.2266436904587591,0.6193220647624003,2.2370656256155144,R4_magic_pm1_broad
B_mlp_soft,S2p,310,1.3185385808314993,1.6564364028252963,0.49058984818060847,1.0791991089251667,3.4890012631310277,R4_magic_pm1_broad
B_mlp_soft,Qalpha,0,,,,,,R4_magic_pm1_broad
B_mlp_soft,delta2n,288,0.8677245976206892,1.5171984439022321,-0.21397909538115772,0.27852585688862064,3.450747661743986,R4_magic_pm1_broad
B_mlp_soft,delta2p,200,1.1690898806478534,1.8475015478895416,-0.0959362324331481,0.5892704498080548,4.5757948164767095,R4_magic_pm1_broad
B_mlp_residual,Sn,458,0.3975951986593312,0.5785198719544742,-0.018939566326538378,0.26053007463551126,1.2882854336819711,R4_magic_pm1_broad
B_mlp_residual,S2n,375,0.6535589832461566,0.9352178504183082,-0.061909440607341895,0.40155262522080193,2.1203753557674987,R4_magic_pm1_broad
B_mlp_residual,Sp,421,0.5133478016075864,0.7250637415962189,0.0285252898454021,0.3464299635277257,1.4791129651637789,R4_magic_pm1_broad
B_mlp_residual,S2p,310,0.6552325828952913,0.9046022398445136,0.056647076062174694,0.4681728980013986,2.011713226286174,R4_magic_pm1_broad
B_mlp_residual,Qalpha,0,,,,,,R4_magic_pm1_broad
B_mlp_residual,delta2n,288,0.6606185578118523,1.072687365546231,-0.02822929933954595,0.29022385399292716,2.5939405840954284,R4_magic_pm1_broad
B_mlp_residual,delta2p,200,0.9170680444962762,1.322617580748979,-0.00032143981299455506,0.5923144612553415,2.8035666901871346,R4_magic_pm1_broad
B_mlp_adaptive,Sn,458,0.8348369747367216,1.079098550672064,-0.1025462422912644,0.6588950630571162,2.1200766849886516,R4_magic_pm1_broad
B_mlp_adaptive,S2n,375,1.326791903112449,1.688205765415867,-0.2202819091328535,1.0969431899252413,3.4969260076763082,R4_magic_pm1_broad
B_mlp_adaptive,Sp,421,0.8526230309880016,1.1194883478665167,0.15918112443153248,0.6341955302509632,2.268930159341153,R4_magic_pm1_broad
B_mlp_adaptive,S2p,310,1.3014508717752056,1.6723766566096803,0.3684983988018389,1.036510709876552,3.463409439066701,R4_magic_pm1_broad
B_mlp_adaptive,Qalpha,0,,,,,,R4_magic_pm1_broad
B_mlp_adaptive,delta2n,288,0.8817700498273408,1.5368427254032224,-0.24277500269999486,0.3069650801266164,3.5187218383198515,R4_magic_pm1_broad
B_mlp_adaptive,delta2p,200,1.2553808594212645,1.9707406614289504,-0.22199715534312703,0.6138745303528594,4.73494402347801,R4_magic_pm1_broad
B_ridge_data,Sn,458,0.6717459061065816,0.8368265400344742,-0.10139076382461316,0.580042875391257,1.6604252961431674,R4_magic_pm1_broad
B_ridge_data,S2n,375,1.0254086552427695,1.2998882815703043,-0.21253468690181285,0.8434782331851238,2.717837741387075,R4_magic_pm1_broad
B_ridge_data,Sp,421,0.652156304903652,0.844942436557987,0.13181732742497257,0.5498328304565803,1.6714899005686163,R4_magic_pm1_broad
B_ridge_data,S2p,310,0.9256737042499539,1.2049428510793956,0.2662110126833807,0.7194858739346728,2.481514464297983,R4_magic_pm1_broad
B_ridge_data,Qalpha,0,,,,,,R4_magic_pm1_broad
B_ridge_data,delta2n,288,0.753266741004079,1.2721697030240402,-0.08026285514693517,0.34193668211943873,3.0106778720393144,R4_magic_pm1_broad
B_ridge_data,delta2p,200,0.9839096412431221,1.4893861645604656,-0.11400457616781438,0.5748431676344126,3.5005863371216304,R4_magic_pm1_broad
B_ridge_soft,Sn,458,0.6717459061065816,0.8368265400344742,-0.10139076382461316,0.580042875391257,1.6604252961431674,R4_magic_pm1_broad
B_ridge_soft,S2n,375,1.0254086552427695,1.2998882815703043,-0.21253468690181285,0.8434782331851238,2.717837741387075,R4_magic_pm1_broad
B_ridge_soft,Sp,421,0.652156304903652,0.844942436557987,0.13181732742497257,0.5498328304565803,1.6714899005686163,R4_magic_pm1_broad
B_ridge_soft,S2p,310,0.9256737042499539,1.2049428510793956,0.2662110126833807,0.7194858739346728,2.481514464297983,R4_magic_pm1_broad
B_ridge_soft,Qalpha,0,,,,,,R4_magic_pm1_broad
B_ridge_soft,delta2n,288,0.753266741004079,1.2721697030240402,-0.08026285514693517,0.34193668211943873,3.0106778720393144,R4_magic_pm1_broad
B_ridge_soft,delta2p,200,0.9839096412431221,1.4893861645604656,-0.11400457616781438,0.5748431676344126,3.5005863371216304,R4_magic_pm1_broad
B_ridge_residual,Sn,458,0.5715983489295502,0.7305287805590963,-0.09039275014761168,0.4777763595283204,1.4843232084585336,R4_magic_pm1_broad
B_ridge_residual,S2n,375,1.0053366181215542,1.2555524972881655,-0.21369331995502588,0.8812844103756561,2.513070536708341,R4_magic_pm1_broad
B_ridge_residual,Sp,421,0.5708567818379201,0.773678947890636,0.1572590021904951,0.43433686870821475,1.6963879628925156,R4_magic_pm1_broad
B_ridge_residual,S2p,310,0.9078809153016844,1.1944481445153547,0.301659062383328,0.6486968102944388,2.53619754138827,R4_magic_pm1_broad
B_ridge_residual,Qalpha,0,,,,,,R4_magic_pm1_broad
B_ridge_residual,delta2n,288,0.7388189208081332,1.228800204288676,-0.05144450913440796,0.35128021002736887,2.9452530556137986,R4_magic_pm1_broad
B_ridge_residual,delta2p,200,0.9900366436929033,1.4766174920523538,-0.05624009434652521,0.5572806025285217,3.018011276141324,R4_magic_pm1_broad
B_ridge_adaptive,Sn,458,0.6448994298196713,0.8020178763064889,-0.10143658319245033,0.5508259125666655,1.6798776352041271,R4_magic_pm1_broad
B_ridge_adaptive,S2n,375,1.0767354697734015,1.34550841825884,-0.22209619170743136,0.9345182170104636,2.690250975478887,R4_magic_pm1_broad
B_ridge_adaptive,Sp,421,0.6095952013099327,0.7972129441190602,0.15978829775639108,0.4628788295353843,1.7622661761739096,R4_magic_pm1_broad
B_ridge_adaptive,S2p,310,1.000751487810069,1.2761687214935127,0.32254814610134397,0.8477429908036811,2.562681213088735,R4_magic_pm1_broad
B_ridge_adaptive,Qalpha,0,,,,,,R4_magic_pm1_broad
B_ridge_adaptive,delta2n,288,0.7683383392341899,1.263053954761153,-0.03354641985680256,0.3706462213080499,2.9436412550584232,R4_magic_pm1_broad
B_ridge_adaptive,delta2p,200,0.9929781711614435,1.465618362713705,0.06059248186506395,0.5594578235547374,3.2292880618570274,R4_magic_pm1_broad
B_semf,Sn,0,,,,,,R6_N50_broad
B_semf,S2n,0,,,,,,R6_N50_broad
B_semf,Sp,19,0.8648291134271751,1.0589341608803382,-0.04802894295314194,0.6700312765208309,1.836635365687493,R6_N50_broad
B_semf,S2p,19,1.7195744531467558,2.123124161410597,-0.33179504537371196,1.6324180638242751,3.6605956714598946,R6_N50_broad
B_semf,Qalpha,0,,,,,,R6_N50_broad
B_semf,delta2n,0,,,,,,R6_N50_broad
B_semf,delta2p,17,0.9010541202300949,0.937447832879851,0.7985475471007047,0.9113788921048354,1.2691193900204096,R6_N50_broad
B_hgb_data,Sn,0,,,,,,R6_N50_broad
B_hgb_data,S2n,0,,,,,,R6_N50_broad
B_hgb_data,Sp,19,1.4837946087754972,1.7363663353649332,-0.10185515929173275,1.4028892228877794,2.696128146955809,R6_N50_broad
B_hgb_data,S2p,19,1.9981968338727076,2.3526060367806627,-0.14279541631555945,2.0874836112095636,3.5549169357181407,R6_N50_broad
B_hgb_data,Qalpha,0,,,,,,R6_N50_broad
B_hgb_data,delta2n,0,,,,,,R6_N50_broad
B_hgb_data,delta2p,17,3.054423827927849,3.5837165807754796,-0.2516181767931384,3.4697627192931577,5.811010454948268,R6_N50_broad
B_hgb_soft,Sn,0,,,,,,R6_N50_broad
B_hgb_soft,S2n,0,,,,,,R6_N50_broad
B_hgb_soft,Sp,19,0.6668013575488443,0.9033203219391392,-0.06955942948857946,0.5041474946856397,1.8144220390202563,R6_N50_broad
B_hgb_soft,S2p,19,0.9822697956414004,1.3005136663220227,-0.25619519375045813,0.7746136315053036,2.9351900357761105,R6_N50_broad
B_hgb_soft,Qalpha,0,,,,,,R6_N50_broad
B_hgb_soft,delta2n,0,,,,,,R6_N50_broad
B_hgb_soft,delta2p,17,1.2634256880185817,1.4986332306529515,0.3784812575431715,1.010780334070546,2.8056684007720376,R6_N50_broad
B_hgb_residual,Sn,0,,,,,,R6_N50_broad
B_hgb_residual,S2n,0,,,,,,R6_N50_broad
B_hgb_residual,Sp,19,0.32769987383187527,0.4215519259081097,0.04618521547295012,0.30563909916531884,0.7895490373208643,R6_N50_broad
B_hgb_residual,S2p,19,0.5807558941899419,0.8675107331989851,-0.0803615892997952,0.44120650352931534,1.751582077800649,R6_N50_broad
B_hgb_residual,Qalpha,0,,,,,,R6_N50_broad
B_hgb_residual,delta2n,0,,,,,,R6_N50_broad
B_hgb_residual,delta2p,17,0.7663062957649679,0.929122785756428,0.2949375425541067,0.6366575149388609,1.6753987506814834,R6_N50_broad
B_hgb_adaptive,Sn,0,,,,,,R6_N50_broad
B_hgb_adaptive,S2n,0,,,,,,R6_N50_broad
B_hgb_adaptive,Sp,19,0.8468480226070393,1.025224147925538,-0.14726524834018642,0.6740718993182782,1.7327540581827727,R6_N50_broad
B_hgb_adaptive,S2p,19,0.9762404059337745,1.3180428912749964,-0.3704503015041586,0.8209602609721287,3.048724107999703,R6_N50_broad
B_hgb_adaptive,Qalpha,0,,,,,,R6_N50_broad
B_hgb_adaptive,delta2n,0,,,,,,R6_N50_broad
B_hgb_adaptive,delta2p,17,1.6851311388787602,1.948421021063127,0.1375555672539857,1.7243832454103085,3.3667341560586004,R6_N50_broad
B_mlp_data,Sn,0,,,,,,R6_N50_broad
B_mlp_data,S2n,0,,,,,,R6_N50_broad
B_mlp_data,Sp,19,1.5786766581524034,1.6850499951388234,-0.06419780682947955,1.7731058425924857,2.311126783190218,R6_N50_broad
B_mlp_data,S2p,19,1.0035547319044829,1.3717885009421036,-0.004390551578987805,0.7507946271091441,2.9153017473657186,R6_N50_broad
B_mlp_data,Qalpha,0,,,,,,R6_N50_broad
B_mlp_data,delta2n,0,,,,,,R6_N50_broad
B_mlp_data,delta2p,17,1.308360074744381,1.4335682293645586,-0.4951116531340176,1.1424361349187393,2.1332347680768855,R6_N50_broad
B_mlp_soft,Sn,0,,,,,,R6_N50_broad
B_mlp_soft,S2n,0,,,,,,R6_N50_broad
B_mlp_soft,Sp,19,0.7459443416393313,0.9015383856687221,-0.05449648850367339,0.7712847759327133,1.494800528363941,R6_N50_broad
B_mlp_soft,S2p,19,0.9120534733793815,1.064274077894209,-0.20083324785581394,0.8714684165014432,1.950416808461875,R6_N50_broad
B_mlp_soft,Qalpha,0,,,,,,R6_N50_broad
B_mlp_soft,delta2n,0,,,,,,R6_N50_broad
B_mlp_soft,delta2p,17,0.5063696565257153,0.644649440311161,0.2810838670068212,0.32052342823294566,1.199825481381663,R6_N50_broad
B_mlp_residual,Sn,0,,,,,,R6_N50_broad
B_mlp_residual,S2n,0,,,,,,R6_N50_broad
B_mlp_residual,Sp,19,0.6732798844927498,0.7820550225100045,0.11087745679493596,0.583847989794549,1.2254609602533018,R6_N50_broad
B_mlp_residual,S2p,19,0.4793434904837927,0.6772846259588252,-0.010388458788378031,0.29241977684478115,1.5364401741943758,R6_N50_broad
B_mlp_residual,Qalpha,0,,,,,,R6_N50_broad
B_mlp_residual,delta2n,0,,,,,,R6_N50_broad
B_mlp_residual,delta2p,17,0.5487117086201231,0.7482113892924911,0.23064060583800816,0.3832869059552877,1.5762516491546419,R6_N50_broad
B_mlp_adaptive,Sn,0,,,,,,R6_N50_broad
B_mlp_adaptive,S2n,0,,,,,,R6_N50_broad
B_mlp_adaptive,Sp,19,0.8567436595164305,0.9715399084120309,-0.1303164898864081,0.9158125826522792,1.524878781795314,R6_N50_broad
B_mlp_adaptive,S2p,19,0.8440396866679677,0.9461219464015717,-0.3300674642383384,0.8454584121840298,1.5931226449993452,R6_N50_broad
B_mlp_adaptive,Qalpha,0,,,,,,R6_N50_broad
B_mlp_adaptive,delta2n,0,,,,,,R6_N50_broad
B_mlp_adaptive,delta2p,17,0.5568681050396783,0.7244289732562497,0.1266426720072385,0.33083505613183206,1.2650092812076306,R6_N50_broad
B_ridge_data,Sn,0,,,,,,R6_N50_broad
B_ridge_data,S2n,0,,,,,,R6_N50_broad
B_ridge_data,Sp,19,0.4909157184868455,0.6201248086002188,0.0038163478860245674,0.44776521131734626,1.0166767143692697,R6_N50_broad
B_ridge_data,S2p,19,0.5781127929131188,0.7347947941856268,-0.12736558134015827,0.5100624093253145,1.4282908980450646,R6_N50_broad
B_ridge_data,Qalpha,0,,,,,,R6_N50_broad
B_ridge_data,delta2n,0,,,,,,R6_N50_broad
B_ridge_data,delta2p,17,0.5190351870060113,0.6235066002527402,0.2690933587087945,0.4296599330622257,1.2290442370782102,R6_N50_broad
B_ridge_soft,Sn,0,,,,,,R6_N50_broad
B_ridge_soft,S2n,0,,,,,,R6_N50_broad
B_ridge_soft,Sp,19,0.4909157184868455,0.6201248086002188,0.0038163478860245674,0.44776521131734626,1.0166767143692697,R6_N50_broad
B_ridge_soft,S2p,19,0.5781127929131188,0.7347947941856268,-0.12736558134015827,0.5100624093253145,1.4282908980450646,R6_N50_broad
B_ridge_soft,Qalpha,0,,,,,,R6_N50_broad
B_ridge_soft,delta2n,0,,,,,,R6_N50_broad
B_ridge_soft,delta2p,17,0.5190351870060113,0.6235066002527402,0.2690933587087945,0.4296599330622257,1.2290442370782102,R6_N50_broad
B_ridge_residual,Sn,0,,,,,,R6_N50_broad
B_ridge_residual,S2n,0,,,,,,R6_N50_broad
B_ridge_residual,Sp,19,0.34893929798423823,0.5535576848810362,-0.012701557769111404,0.13705925236411076,1.1476154511652896,R6_N50_broad
B_ridge_residual,S2p,19,0.6328956775717619,0.7935199541131839,-0.19676510586002918,0.6039097356342609,1.6606465829801664,R6_N50_broad
B_ridge_residual,Qalpha,0,,,,,,R6_N50_broad
B_ridge_residual,delta2n,0,,,,,,R6_N50_broad
B_ridge_residual,delta2p,17,0.5395060011835339,0.6071956413725971,0.30287488184066713,0.49136631876649517,1.0289299128015725,R6_N50_broad
B_ridge_adaptive,Sn,0,,,,,,R6_N50_broad
B_ridge_adaptive,S2n,0,,,,,,R6_N50_broad
B_ridge_adaptive,Sp,19,0.47511210287397215,0.6092654103161704,-0.014056700300922162,0.36108299081661244,1.0082435068250772,R6_N50_broad
B_ridge_adaptive,S2p,19,0.8549073896359388,1.0374262633717395,-0.18170237686861487,0.709474873292379,1.868714623354105,R6_N50_broad
B_ridge_adaptive,Qalpha,0,,,,,,R6_N50_broad
B_ridge_adaptive,delta2n,0,,,,,,R6_N50_broad
B_ridge_adaptive,delta2p,17,0.5241727669242597,0.5711016174345986,0.3860412605067522,0.4394857417005369,0.9504639370720951,R6_N50_broad
B_semf,Sn,0,,,,,,R6_N82_broad
B_semf,S2n,0,,,,,,R6_N82_broad
B_semf,Sp,23,0.841940624103838,1.008944033293059,0.23033514479679387,0.7508440481669822,1.7748905707827813,R6_N82_broad
B_semf,S2p,22,1.414610718243921,1.7940789261091974,0.5572105477890132,1.1828431750409436,3.3795801194969495,R6_N82_broad
B_semf,Qalpha,0,,,,,,R6_N82_broad
B_semf,delta2n,0,,,,,,R6_N82_broad
B_semf,delta2p,20,1.0001971371302716,1.7061468421556278,0.042659739955888655,0.6658814975857013,3.2819804657983718,R6_N82_broad
B_hgb_data,Sn,0,,,,,,R6_N82_broad
B_hgb_data,S2n,0,,,,,,R6_N82_broad
B_hgb_data,Sp,23,1.7516786836089246,2.169695445257028,0.24109656457344303,1.3964263736227167,3.890979546693188,R6_N82_broad
B_hgb_data,S2p,22,2.093790567713117,2.950305786641558,0.5774558250419038,1.5678803608819862,6.83630129708391,R6_N82_broad
B_hgb_data,Qalpha,0,,,,,,R6_N82_broad
B_hgb_data,delta2n,0,,,,,,R6_N82_broad
B_hgb_data,delta2p,20,3.529728187703813,4.779945216328415,-0.6138076746650996,2.886434145303724,8.171563582449977,R6_N82_broad
B_hgb_soft,Sn,0,,,,,,R6_N82_broad
B_hgb_soft,S2n,0,,,,,,R6_N82_broad
B_hgb_soft,Sp,23,0.8600492975461234,1.2118349162065152,0.23463971270745748,0.5009952602824796,2.4858689716058957,R6_N82_broad
B_hgb_soft,S2p,22,1.1753711784902883,1.843644012388394,0.5653086586901798,0.5470324853109787,4.380432113596202,R6_N82_broad
B_hgb_soft,Qalpha,0,,,,,,R6_N82_broad
B_hgb_soft,delta2n,0,,,,,,R6_N82_broad
B_hgb_soft,delta2p,20,1.7590612167959079,2.7096240816041135,-0.21992722589250208,1.2144061446438172,3.9104214413259046,R6_N82_broad
B_hgb_residual,Sn,0,,,,,,R6_N82_broad
B_hgb_residual,S2n,0,,,,,,R6_N82_broad
B_hgb_residual,Sp,23,0.2583665746313015,0.310970390129946,0.0207769016602252,0.2287387840485735,0.5329967559019451,R6_N82_broad
B_hgb_residual,S2p,22,0.29307300365039946,0.3640451231074835,0.057780999288080566,0.25844847247481084,0.6445034820934892,R6_N82_broad
B_hgb_residual,Qalpha,0,,,,,,R6_N82_broad
B_hgb_residual,delta2n,0,,,,,,R6_N82_broad
B_hgb_residual,delta2p,20,0.5099206318541747,0.6515840806195738,0.016635491924375856,0.3315397652138472,1.4035714708356182,R6_N82_broad
B_hgb_adaptive,Sn,0,,,,,,R6_N82_broad
B_hgb_adaptive,S2n,0,,,,,,R6_N82_broad
B_hgb_adaptive,Sp,23,1.05438197682502,1.4840043556876936,0.1408246915225885,0.7078062951645734,3.042347761699784,R6_N82_broad
B_hgb_adaptive,S2p,22,1.2448301229415764,2.0801337195622183,0.3944972941000163,0.5566607291814307,5.493857973154716,R6_N82_broad
B_hgb_adaptive,Qalpha,0,,,,,,R6_N82_broad
B_hgb_adaptive,delta2n,0,,,,,,R6_N82_broad
B_hgb_adaptive,delta2p,20,2.214725564272885,3.3868950197849754,-0.30850542184641655,1.47768932796248,5.782295664862527,R6_N82_broad
B_mlp_data,Sn,0,,,,,,R6_N82_broad
B_mlp_data,S2n,0,,,,,,R6_N82_broad
B_mlp_data,Sp,23,1.1892577786347236,1.5874211612057354,-0.07958405861124804,1.0131285479258167,2.7910749525179646,R6_N82_broad
B_mlp_data,S2p,22,1.2996631455769665,2.0523771862014684,-0.13463008064196524,1.0102926564680956,3.6797458451551037,R6_N82_broad
B_mlp_data,Qalpha,0,,,,,,R6_N82_broad
B_mlp_data,delta2n,0,,,,,,R6_N82_broad
B_mlp_data,delta2p,20,1.181047753451469,1.8054461113311164,-0.6995534236008893,0.7798209169459369,3.234777756544704,R6_N82_broad
B_mlp_soft,Sn,0,,,,,,R6_N82_broad
B_mlp_soft,S2n,0,,,,,,R6_N82_broad
B_mlp_soft,Sp,23,0.7220508203846174,0.9667613035873897,0.10636746343358106,0.43291508428569614,1.8418152004414419,R6_N82_broad
B_mlp_soft,S2p,22,1.0595735156311072,1.4449613298995407,0.280474296416628,0.999876429898336,1.7576746445684193,R6_N82_broad
B_mlp_soft,Qalpha,0,,,,,,R6_N82_broad
B_mlp_soft,delta2n,0,,,,,,R6_N82_broad
B_mlp_soft,delta2p,20,0.748535399237096,1.6399978431126865,-0.2542255254668248,0.28576036517620196,3.26309938209695,R6_N82_broad
B_mlp_residual,Sn,0,,,,,,R6_N82_broad
B_mlp_residual,S2n,0,,,,,,R6_N82_broad
B_mlp_residual,Sp,23,0.2782131705314639,0.36738240352537443,-0.0004099023266482381,0.19838339627472124,0.7405171349469355,R6_N82_broad
B_mlp_residual,S2p,22,0.32128244192539446,0.5076711664865884,0.060819117107929414,0.19056650521486063,1.3027283628787698,R6_N82_broad
B_mlp_residual,Qalpha,0,,,,,,R6_N82_broad
B_mlp_residual,delta2n,0,,,,,,R6_N82_broad
B_mlp_residual,delta2p,20,0.4265717489307576,0.7489096823683034,-0.05918747116667191,0.20726169857573495,1.3362498748689755,R6_N82_broad
B_mlp_adaptive,Sn,0,,,,,,R6_N82_broad
B_mlp_adaptive,S2n,0,,,,,,R6_N82_broad
B_mlp_adaptive,Sp,23,0.7622430661085673,1.0712618291350626,0.005167818278274037,0.4636300645317988,2.08109110629241,R6_N82_broad
B_mlp_adaptive,S2p,22,1.02347544562165,1.5332527926386583,0.08153051735985173,0.6846725205058419,2.155525456415682,R6_N82_broad
B_mlp_adaptive,Qalpha,0,,,,,,R6_N82_broad
B_mlp_adaptive,delta2n,0,,,,,,R6_N82_broad
B_mlp_adaptive,delta2p,20,0.8180884813331432,1.6571302327638482,-0.3384880860983685,0.32215076486170346,3.346712030475319,R6_N82_broad
B_ridge_data,Sn,0,,,,,,R6_N82_broad
B_ridge_data,S2n,0,,,,,,R6_N82_broad
B_ridge_data,Sp,23,0.6054662614505125,0.8390903918852045,0.23245288648850557,0.36149927051451414,1.7337386327086497,R6_N82_broad
B_ridge_data,S2p,22,0.9618968268220814,1.3958356161597567,0.5869431171611784,0.39240573115432653,2.763343399657174,R6_N82_broad
B_ridge_data,Qalpha,0,,,,,,R6_N82_broad
B_ridge_data,delta2n,0,,,,,,R6_N82_broad
B_ridge_data,delta2p,20,0.8070631282099839,1.620905870267518,-0.1799126004942991,0.3703294548101894,3.127074280062791,R6_N82_broad
B_ridge_soft,Sn,0,,,,,,R6_N82_broad
B_ridge_soft,S2n,0,,,,,,R6_N82_broad
B_ridge_soft,Sp,23,0.6054662614505125,0.8390903918852045,0.23245288648850557,0.36149927051451414,1.7337386327086497,R6_N82_broad
B_ridge_soft,S2p,22,0.9618968268220814,1.3958356161597567,0.5869431171611784,0.39240573115432653,2.763343399657174,R6_N82_broad
B_ridge_soft,Qalpha,0,,,,,,R6_N82_broad
B_ridge_soft,delta2n,0,,,,,,R6_N82_broad
B_ridge_soft,delta2p,20,0.8070631282099839,1.620905870267518,-0.1799126004942991,0.3703294548101894,3.127074280062791,R6_N82_broad
B_ridge_residual,Sn,0,,,,,,R6_N82_broad
B_ridge_residual,S2n,0,,,,,,R6_N82_broad
B_ridge_residual,Sp,23,0.5662452133318489,0.8355945443665619,0.189109661429642,0.3393758284944397,1.850360853167421,R6_N82_broad
B_ridge_residual,S2p,22,0.9325802612892589,1.3671823017457378,0.5266247732975092,0.45158920118149126,2.673373088861547,R6_N82_broad
B_ridge_residual,Qalpha,0,,,,,,R6_N82_broad
B_ridge_residual,delta2n,0,,,,,,R6_N82_broad
B_ridge_residual,delta2p,20,0.8014084647013988,1.6310458949469013,-0.1999005818370506,0.3728742780996299,3.2073565950411558,R6_N82_broad
B_ridge_adaptive,Sn,0,,,,,,R6_N82_broad
B_ridge_adaptive,S2n,0,,,,,,R6_N82_broad
B_ridge_adaptive,Sp,23,0.680983312780496,0.8662098622833903,0.18741574666371533,0.48185689686033584,1.7824433640776296,R6_N82_broad
B_ridge_adaptive,S2p,22,1.0717657171469248,1.4631091615141398,0.5005299836290594,0.7480547645490105,2.8389609553588686,R6_N82_broad
B_ridge_adaptive,Qalpha,0,,,,,,R6_N82_broad
B_ridge_adaptive,delta2n,0,,,,,,R6_N82_broad
B_ridge_adaptive,delta2p,20,0.8290554428302357,1.5859632821576664,-0.09179903512988404,0.44932652327668166,3.1133278864005343,R6_N82_broad
B_semf,Sn,0,,,,,,R6_N126_broad
B_semf,S2n,0,,,,,,R6_N126_broad
B_semf,Sp,13,0.8343417724869456,0.9117747971442233,0.5271958796255638,0.8337000801409431,1.2926457193761052,R6_N126_broad
B_semf,S2p,12,1.5319064707026466,1.6716750038374728,1.199165086769483,1.5775634423962401,2.491921733961624,R6_N126_broad
B_semf,Qalpha,0,,,,,,R6_N126_broad
B_semf,delta2n,0,,,,,,R6_N126_broad
B_semf,delta2p,10,1.0098318725139734,1.615070882974078,-0.27499739038491955,0.47378822640882845,3.349165041644161,R6_N126_broad
B_hgb_data,Sn,0,,,,,,R6_N126_broad
B_hgb_data,S2n,0,,,,,,R6_N126_broad
B_hgb_data,Sp,13,0.8954986350762598,1.1198013926493737,0.16901931547489277,0.8406016943840768,1.9646215029030825,R6_N126_broad
B_hgb_data,S2p,12,1.1590702065883722,1.5679352695134068,0.4430597685326158,0.8583298033667006,3.015983526105548,R6_N126_broad
B_hgb_data,Qalpha,0,,,,,,R6_N126_broad
B_hgb_data,delta2n,0,,,,,,R6_N126_broad
B_hgb_data,delta2p,10,1.5244733861477697,1.9410504326380715,-0.786930190445014,1.1454162516372435,3.5708175452024515,R6_N126_broad
B_hgb_soft,Sn,0,,,,,,R6_N126_broad
B_hgb_soft,S2n,0,,,,,,R6_N126_broad
B_hgb_soft,Sp,13,0.7311376866126955,0.8187278864898009,0.3839252539653094,0.7052950933098145,1.3153488972322065,R6_N126_broad
B_hgb_soft,S2p,12,1.2454636863145463,1.3421904639990765,0.8967229594747437,1.1636232699318043,2.0543799220444385,R6_N126_broad
B_hgb_soft,Qalpha,0,,,,,,R6_N126_broad
B_hgb_soft,delta2n,0,,,,,,R6_N126_broad
B_hgb_soft,delta2p,10,0.8173174188209259,1.343069482187083,-0.47977051040891183,0.4724793769396456,2.7400466717287006,R6_N126_broad
B_hgb_residual,Sn,0,,,,,,R6_N126_broad
B_hgb_residual,S2n,0,,,,,,R6_N126_broad
B_hgb_residual,Sp,13,0.32177046751312094,0.40187780994220124,-0.005538000517512605,0.3256565143251464,0.7461765910654773,R6_N126_broad
B_hgb_residual,S2p,12,0.5536554952193455,0.6626131016736004,0.04072882007505996,0.4597903453609433,1.1753416872702582,R6_N126_broad
B_hgb_residual,Qalpha,0,,,,,,R6_N126_broad
B_hgb_residual,delta2n,0,,,,,,R6_N126_broad
B_hgb_residual,delta2p,10,0.8414636172810788,1.0898082851908952,0.07071335468594953,0.6017080865372009,2.0953251854359216,R6_N126_broad
B_hgb_adaptive,Sn,0,,,,,,R6_N126_broad
B_hgb_adaptive,S2n,0,,,,,,R6_N126_broad
B_hgb_adaptive,Sp,13,0.7099367945508605,0.8284623030188063,0.2762116303783142,0.6387569789567351,1.382812595266432,R6_N126_broad
B_hgb_adaptive,S2p,12,1.0409053438813582,1.248646507424747,0.6687677312093191,1.0410907280770516,2.2922554409808638,R6_N126_broad
B_hgb_adaptive,Qalpha,0,,,,,,R6_N126_broad
B_hgb_adaptive,delta2n,0,,,,,,R6_N126_broad
B_hgb_adaptive,delta2p,10,0.9504779696869946,1.3435469624520504,-0.5608398058355533,0.4504341665589209,2.7171370717810297,R6_N126_broad
B_mlp_data,Sn,0,,,,,,R6_N126_broad
B_mlp_data,S2n,0,,,,,,R6_N126_broad
B_mlp_data,Sp,13,0.951273815234257,1.2785147484458936,0.2869393465452084,0.6067324857806398,2.3972943362704875,R6_N126_broad
B_mlp_data,S2p,12,1.2914454305328416,1.6012026433543345,0.5420266753196378,1.5035281215056102,2.531189727868684,R6_N126_broad
B_mlp_data,Qalpha,0,,,,,,R6_N126_broad
B_mlp_data,delta2n,0,,,,,,R6_N126_broad
B_mlp_data,delta2p,10,1.533409969173158,2.1816504759936333,-0.5910165235198519,0.8307552458637701,4.126418045806881,R6_N126_broad
B_mlp_soft,Sn,0,,,,,,R6_N126_broad
B_mlp_soft,S2n,0,,,,,,R6_N126_broad
B_mlp_soft,Sp,13,0.816320321427506,0.9485658957171648,0.43109326639341816,0.6791895241226484,1.6195278004261127,R6_N126_broad
B_mlp_soft,S2p,12,1.349055687506412,1.554743888298911,0.9363097221895297,0.997543258276778,2.3758381883950506,R6_N126_broad
B_mlp_soft,Qalpha,0,,,,,,R6_N126_broad
B_mlp_soft,delta2n,0,,,,,,R6_N126_broad
B_mlp_soft,delta2p,10,1.0376778027616638,1.766630483686586,-0.40140504363885154,0.2404978888447431,3.660066243309129,R6_N126_broad
B_mlp_residual,Sn,0,,,,,,R6_N126_broad
B_mlp_residual,S2n,0,,,,,,R6_N126_broad
B_mlp_residual,Sp,13,0.2898358160910168,0.3844142397405352,0.015538922766066977,0.16297535975104438,0.7282170186491383,R6_N126_broad
B_mlp_residual,S2p,12,0.3743264549865444,0.5688911747718984,0.12185457513620197,0.14746238060752148,1.20946394037727,R6_N126_broad
B_mlp_residual,Qalpha,0,,,,,,R6_N126_broad
B_mlp_residual,delta2n,0,,,,,,R6_N126_broad
B_mlp_residual,delta2p,10,0.5146395944898359,0.905908718100309,-0.015347814087817824,0.19129147558612658,1.9544703553549072,R6_N126_broad
B_mlp_adaptive,Sn,0,,,,,,R6_N126_broad
B_mlp_adaptive,S2n,0,,,,,,R6_N126_broad
B_mlp_adaptive,Sp,13,0.7921802593957287,0.9821402233894757,0.3824608179857198,0.6613741937903796,1.754904592566572,R6_N126_broad
B_mlp_adaptive,S2p,12,1.3108932642350244,1.518666655363139,0.8173456208848128,1.0219709378510515,2.3832643941905416,R6_N126_broad
B_mlp_adaptive,Qalpha,0,,,,,,R6_N126_broad
B_mlp_adaptive,delta2n,0,,,,,,R6_N126_broad
B_mlp_adaptive,delta2p,10,1.0956248960404764,1.8316339667672796,-0.4548386891870223,0.21113462954383522,3.759494529560695,R6_N126_broad
B_ridge_data,Sn,0,,,,,,R6_N126_broad
B_ridge_data,S2n,0,,,,,,R6_N126_broad
B_ridge_data,Sp,13,0.8300167530821384,0.9312417259930957,0.511370322134903,0.7833149583746035,1.477969913321885,R6_N126_broad
B_ridge_data,S2p,12,1.5890041176582486,1.712881879839425,1.243886363120301,1.6092684163151034,2.5112018268404994,R6_N126_broad
B_ridge_data,Qalpha,0,,,,,,R6_N126_broad
B_ridge_data,delta2n,0,,,,,,R6_N126_broad
B_ridge_data,delta2p,10,0.9862126775566367,1.610344185603229,-0.2878004006500987,0.45315411599847266,3.3281805557089426,R6_N126_broad
B_ridge_soft,Sn,0,,,,,,R6_N126_broad
B_ridge_soft,S2n,0,,,,,,R6_N126_broad
B_ridge_soft,Sp,13,0.8300167530821384,0.9312417259930957,0.511370322134903,0.7833149583746035,1.477969913321885,R6_N126_broad
B_ridge_soft,S2p,12,1.5890041176582486,1.712881879839425,1.243886363120301,1.6092684163151034,2.5112018268404994,R6_N126_broad
B_ridge_soft,Qalpha,0,,,,,,R6_N126_broad
B_ridge_soft,delta2n,0,,,,,,R6_N126_broad
B_ridge_soft,delta2p,10,0.9862126775566367,1.610344185603229,-0.2878004006500987,0.45315411599847266,3.3281805557089426,R6_N126_broad
B_ridge_residual,Sn,0,,,,,,R6_N126_broad
B_ridge_residual,S2n,0,,,,,,R6_N126_broad
B_ridge_residual,Sp,13,0.8463719435594788,0.9246586029439684,0.5640994712604285,0.883936578596149,1.3512384616897635,R6_N126_broad
B_ridge_residual,S2p,12,1.5533046179685925,1.68933432920201,1.2610477476820279,1.5733857110875533,2.598094238505848,R6_N126_broad
B_ridge_residual,Qalpha,0,,,,,,R6_N126_broad
B_ridge_residual,delta2n,0,,,,,,R6_N126_broad
B_ridge_residual,delta2p,10,1.0039109893688192,1.5722607463086604,-0.23297300608157911,0.48658697864038913,3.228635859615096,R6_N126_broad
B_ridge_adaptive,Sn,0,,,,,,R6_N126_broad
B_ridge_adaptive,S2n,0,,,,,,R6_N126_broad
B_ridge_adaptive,Sp,13,0.8104886531706808,0.9014912346415245,0.5000819547106647,0.7702516471817944,1.4525197348221353,R6_N126_broad
B_ridge_adaptive,S2p,12,1.5335208482285718,1.6637632754832679,1.1972469248968878,1.560409802157551,2.466354653759845,R6_N126_broad
B_ridge_adaptive,Qalpha,0,,,,,,R6_N126_broad
B_ridge_adaptive,delta2n,0,,,,,,R6_N126_broad
B_ridge_adaptive,delta2p,10,0.9849139059848767,1.5863162076827555,-0.2689493978850351,0.44302355674449245,3.274324544566568,R6_N126_broad
B_semf,Sn,759,0.7847962687254195,0.9430260152063007,-0.12362805920700436,0.7122143550388955,1.7105663771726825,R4_magic_pm2_broad
B_semf,S2n,683,1.368368369705648,1.658546988794448,-0.25584381979757964,1.2381715039875871,3.006420582462397,R4_magic_pm2_broad
B_semf,Sp,719,0.8650333240913258,1.1672167930838162,0.308690859065282,0.7234965854788697,1.9656301114766166,R4_magic_pm2_broad
B_semf,S2p,604,1.517410086645161,2.0846502264880824,0.5871389760155961,1.2166545486261384,3.63233394963246,R4_magic_pm2_broad
B_semf,Qalpha,0,,,,,,R4_magic_pm2_broad
B_semf,delta2n,531,0.9286058335419562,1.4095329158967178,-0.13543828656851373,0.4570256626370792,3.2030336439365783,R4_magic_pm2_broad
B_semf,delta2p,395,1.340160321746603,1.8336238264945002,0.16019043881342088,0.8534348914988641,4.137816857911365,R4_magic_pm2_broad
B_hgb_data,Sn,759,4.499798681278888,7.811047692948758,0.3599304512601542,2.5319624639457743,15.644871387870422,R4_magic_pm2_broad
B_hgb_data,S2n,683,7.020972506622916,10.638939927183138,0.9832843903540275,4.191895116675596,22.708918665344466,R4_magic_pm2_broad
B_hgb_data,Sp,719,4.2814919615349245,7.796481442823701,0.04888949528937597,2.198405321515338,14.079734986138146,R4_magic_pm2_broad
B_hgb_data,S2p,604,6.386803248160548,10.512252187342336,0.5358917947960822,3.2142681190426856,23.29729795853836,R4_magic_pm2_broad
B_hgb_data,Qalpha,0,,,,,,R4_magic_pm2_broad
B_hgb_data,delta2n,531,9.85350270454947,15.820126055836008,-2.140745184232128,5.379468954238291,40.511352467689846,R4_magic_pm2_broad
B_hgb_data,delta2p,395,9.394937533609964,16.033843331421146,-2.9118281659444194,4.050010010114988,41.15547892694595,R4_magic_pm2_broad
B_hgb_soft,Sn,759,1.9149735993545638,3.219096666625377,0.06979534497986231,1.0802119624338502,6.358904367630482,R4_magic_pm2_broad
B_hgb_soft,S2n,683,3.0304000417683943,4.475982801992362,0.23980746426306515,1.866440625492487,9.768569147882005,R4_magic_pm2_broad
B_hgb_soft,Sp,719,1.7555124459027778,3.2225634132503576,0.20477031355491834,0.8952308772732067,5.691806591330039,R4_magic_pm2_broad
B_hgb_soft,S2p,604,2.713750914285268,4.415722744242767,0.5666401035277892,1.4978934444389154,9.297212809503797,R4_magic_pm2_broad
B_hgb_soft,Qalpha,0,,,,,,R4_magic_pm2_broad
B_hgb_soft,delta2n,531,4.141202933108367,6.653887736574419,-0.9375610456339615,2.1971105460536933,16.998634856540832,R4_magic_pm2_broad
B_hgb_soft,delta2p,395,4.039726805681963,6.643277810917258,-1.068617003089718,1.7775286715489074,16.909521393880798,R4_magic_pm2_broad
B_hgb_residual,Sn,759,0.5766080357280675,0.7607707796908073,-0.04574168163844556,0.4430243306543389,1.4905348744535105,R4_magic_pm2_broad
B_hgb_residual,S2n,683,0.8173521380221078,1.1772825495995314,-0.09003866148044808,0.4728803699913442,2.4818454042193707,R4_magic_pm2_broad
B_hgb_residual,Sp,719,0.6275484958602013,0.9401241048466904,0.13146753588606513,0.4304586540266655,1.6676142761205028,R4_magic_pm2_broad
B_hgb_residual,S2p,604,0.9237815976443745,1.4590878225258577,0.21383549312208627,0.5692441951424598,2.8998489013275406,R4_magic_pm2_broad
B_hgb_residual,Qalpha,0,,,,,,R4_magic_pm2_broad
B_hgb_residual,delta2n,531,1.0311975325313643,1.5307172000819678,-0.18693125976228972,0.5711989849596648,3.4419122997674094,R4_magic_pm2_broad
B_hgb_residual,delta2p,395,1.3955621568310697,2.212471545498755,-0.13577802906219125,0.8717342693746559,3.868254766884092,R4_magic_pm2_broad
B_hgb_adaptive,Sn,759,2.109445773385237,3.5856309675399207,0.14606086810585636,1.1833147064264722,6.70083200787781,R4_magic_pm2_broad
B_hgb_adaptive,S2n,683,3.304413345591954,4.94632946165969,0.38977757789660455,1.9310703864430252,11.008142461434499,R4_magic_pm2_broad
B_hgb_adaptive,Sp,719,1.9588122294401349,3.644862613662298,0.08231024041305995,0.9830980513889926,6.28900415549906,R4_magic_pm2_broad
B_hgb_adaptive,S2p,604,2.9259148424263164,4.8314681832346125,0.3796654914220089,1.538671109373695,10.858943469545784,R4_magic_pm2_broad
B_hgb_adaptive,Qalpha,0,,,,,,R4_magic_pm2_broad
B_hgb_adaptive,delta2n,531,4.553962467928769,7.410637158427632,-1.019175107871534,2.289375359705673,16.928953034707774,R4_magic_pm2_broad
B_hgb_adaptive,delta2p,395,4.272563569666616,7.091079138214741,-1.3173483258651177,1.9185819278920917,17.969130318282467,R4_magic_pm2_broad
B_mlp_data,Sn,759,1.8825993940926697,2.5498780253478204,-0.11192747374483716,1.4645579238324444,5.3971846339456215,R4_magic_pm2_broad
B_mlp_data,S2n,683,1.8571967511338925,2.4280279536855773,-0.1841887705584279,1.3938536594282596,4.983025537821934,R4_magic_pm2_broad
B_mlp_data,Sp,719,2.0197917757979145,2.6534842746852614,0.17432933159615044,1.5340350150240738,5.717507717156375,R4_magic_pm2_broad
B_mlp_data,S2p,604,2.2550637304995482,2.915531665669589,0.3712416909174867,1.788661698328383,5.951457460855301,R4_magic_pm2_broad
B_mlp_data,Qalpha,0,,,,,,R4_magic_pm2_broad
B_mlp_data,delta2n,531,1.5292919160125156,2.2575153458363646,-0.7936172384797646,0.8372722705364595,4.535351291502593,R4_magic_pm2_broad
B_mlp_data,delta2p,395,2.6698214054014264,3.5864301559815455,-1.3386998339075638,1.9754671988757764,7.454500688371683,R4_magic_pm2_broad
B_mlp_soft,Sn,759,0.9859671287531104,1.2369867621590083,-0.11894782502213694,0.8314876303418828,2.4784131837890184,R4_magic_pm2_broad
B_mlp_soft,S2n,683,1.3166669049003872,1.5879262921582646,-0.22718180010191946,1.114314743146167,3.131756008745492,R4_magic_pm2_broad
B_mlp_soft,Sp,719,1.0216350768831726,1.3176180129911121,0.2549462480776303,0.8212627557068117,2.7758240567495487,R4_magic_pm2_broad
B_mlp_soft,S2p,604,1.431484599455001,1.7770821512392676,0.500780061976351,1.3531821024554915,3.4946973430797943,R4_magic_pm2_broad
B_mlp_soft,Qalpha,0,,,,,,R4_magic_pm2_broad
B_mlp_soft,delta2n,531,0.9720406024386261,1.5690296939959014,-0.39870986733301794,0.34986315039759575,3.530451005644011,R4_magic_pm2_broad
B_mlp_soft,delta2p,395,1.4110637116460059,2.098364354528562,-0.4393656702749774,0.7855643491268438,4.850670452818484,R4_magic_pm2_broad
B_mlp_residual,Sn,759,0.5664813358730533,0.7350980175907663,-0.02902810869199048,0.46691220016055013,1.544964074689159,R4_magic_pm2_broad
B_mlp_residual,S2n,683,0.7851930101961975,1.0391421965706087,-0.05092938396481689,0.6557074031123307,1.9875908062696113,R4_magic_pm2_broad
B_mlp_residual,Sp,719,0.6251851626666364,0.8615199390283969,0.08986064188858867,0.4142932186307462,1.7528637035359855,R4_magic_pm2_broad
B_mlp_residual,S2p,604,0.8149613318227439,1.098428996249614,0.13631482483490648,0.6237547741161507,2.2098119604800734,R4_magic_pm2_broad
B_mlp_residual,Qalpha,0,,,,,,R4_magic_pm2_broad
B_mlp_residual,delta2n,531,0.7824903003487723,1.2467733367832734,-0.24218892374607398,0.3626550403561737,3.0364996928485652,R4_magic_pm2_broad
B_mlp_residual,delta2p,395,1.081031303219633,1.5389258697459305,-0.29205297870085295,0.7355083627862768,3.4774733088294094,R4_magic_pm2_broad
B_mlp_adaptive,Sn,759,0.9931081946318576,1.272242547573399,-0.06546719585892719,0.8347117319573272,2.4952817653860513,R4_magic_pm2_broad
B_mlp_adaptive,S2n,683,1.3001680611721322,1.596758076297998,-0.13359537093295074,1.1067356667313106,3.2637010704464036,R4_magic_pm2_broad
B_mlp_adaptive,Sp,719,1.0065437496686254,1.314882220484052,0.17604791699081362,0.7651494573212858,2.8248139035944533,R4_magic_pm2_broad
B_mlp_adaptive,S2p,604,1.369391084814768,1.726998657303513,0.36384530680808835,1.278423901503004,3.282059701642324,R4_magic_pm2_broad
B_mlp_adaptive,Qalpha,0,,,,,,R4_magic_pm2_broad
B_mlp_adaptive,delta2n,531,0.9672043901813796,1.5743877475495824,-0.4169448675819625,0.33021131645421065,3.5550679933199376,R4_magic_pm2_broad
B_mlp_adaptive,delta2p,395,1.436088963372106,2.136755038048203,-0.5354467637809319,0.8262762112053679,5.013598785028874,R4_magic_pm2_broad
B_ridge_data,Sn,759,0.712307991658376,0.8992316971516366,-0.07970155146089052,0.6406707913271816,1.704606498349142,R4_magic_pm2_broad
B_ridge_data,S2n,683,1.092883121440161,1.3377346887451398,-0.1660812500700759,0.9864279456201643,2.480445221122704,R4_magic_pm2_broad
B_ridge_data,Sp,719,0.7134951852674732,0.874949351140455,0.1667116114244319,0.6321863656821733,1.6836428554951008,R4_magic_pm2_broad
B_ridge_data,S2p,604,1.0462912782152263,1.322105439432956,0.293509479490964,0.8590264805214076,2.54600926636,R4_magic_pm2_broad
B_ridge_data,Qalpha,0,,,,,,R4_magic_pm2_broad
B_ridge_data,delta2n,531,0.8658226353292087,1.4235806381981848,-0.31967351281100925,0.3359141425953567,3.438337384880839,R4_magic_pm2_broad
B_ridge_data,delta2p,395,1.140580896367572,1.6215043486561354,-0.45495270681177696,0.6893473514701327,3.4688295790128656,R4_magic_pm2_broad
B_ridge_soft,Sn,759,0.712307991658376,0.8992316971516366,-0.07970155146089052,0.6406707913271816,1.704606498349142,R4_magic_pm2_broad
B_ridge_soft,S2n,683,1.092883121440161,1.3377346887451398,-0.1660812500700759,0.9864279456201643,2.480445221122704,R4_magic_pm2_broad
B_ridge_soft,Sp,719,0.7134951852674732,0.874949351140455,0.1667116114244319,0.6321863656821733,1.6836428554951008,R4_magic_pm2_broad
B_ridge_soft,S2p,604,1.0462912782152263,1.322105439432956,0.293509479490964,0.8590264805214076,2.54600926636,R4_magic_pm2_broad
B_ridge_soft,Qalpha,0,,,,,,R4_magic_pm2_broad
B_ridge_soft,delta2n,531,0.8658226353292087,1.4235806381981848,-0.31967351281100925,0.3359141425953567,3.438337384880839,R4_magic_pm2_broad
B_ridge_soft,delta2p,395,1.140580896367572,1.6215043486561354,-0.45495270681177696,0.6893473514701327,3.4688295790128656,R4_magic_pm2_broad
B_ridge_residual,Sn,759,0.646200073347046,0.7718442977551134,-0.0877968912551205,0.598727836209946,1.3842762799878074,R4_magic_pm2_broad
B_ridge_residual,S2n,683,1.0682942636162052,1.2899608291094433,-0.19180498319993766,0.9809410215583512,2.4340566444163017,R4_magic_pm2_broad
B_ridge_residual,Sp,719,0.632679241838249,0.7823528498900628,0.18637981521319985,0.5605674306129345,1.4784503728120517,R4_magic_pm2_broad
B_ridge_residual,S2p,604,1.021754378904589,1.2876824053413156,0.3535650783810867,0.9256180995170666,2.464982947922613,R4_magic_pm2_broad
B_ridge_residual,Qalpha,0,,,,,,R4_magic_pm2_broad
B_ridge_residual,delta2n,531,0.85702073744047,1.393486688189276,-0.2900438665832237,0.36008355393335023,3.3705192832867965,R4_magic_pm2_broad
B_ridge_residual,delta2p,395,1.111195030405095,1.5701717920231304,-0.3978494088788245,0.6417152031408477,3.3558176538432565,R4_magic_pm2_broad
B_ridge_adaptive,Sn,759,0.682407246317242,0.8389133529339358,-0.07667648094193291,0.6259271536475808,1.5050337014979254,R4_magic_pm2_broad
B_ridge_adaptive,S2n,683,1.1086423212595646,1.350783857550422,-0.1688511697518209,1.0328521742891326,2.5718441858515235,R4_magic_pm2_broad
B_ridge_adaptive,Sp,719,0.6734168301474521,0.8169355621337728,0.17114924168784934,0.6181688798046707,1.5083523527047193,R4_magic_pm2_broad
B_ridge_adaptive,S2p,604,1.0925189397506014,1.3527942286679298,0.31456431853342043,1.0216732596519194,2.5751313838556373,R4_magic_pm2_broad
B_ridge_adaptive,Qalpha,0,,,,,,R4_magic_pm2_broad
B_ridge_adaptive,delta2n,531,0.8673816378082578,1.3915744273259985,-0.26285666813861214,0.3784177566785729,3.3532660946058854,R4_magic_pm2_broad
B_ridge_adaptive,delta2p,395,1.1421081988426243,1.5911459711736722,-0.31466265802182425,0.6498237044405641,3.363222650979701,R4_magic_pm2_broad
